"id","n","NNE","TYPE"
1,"500",6.78322821309291,"IV"
2,"500",-42.9585450639813,"IV"
3,"500",8.40419170523492,"IV"
4,"500",14.7932245134225,"IV"
5,"500",13.5793945036023,"IV"
6,"500",13.274955820676,"IV"
7,"500",5.70642807753112,"IV"
8,"500",14.5469711647746,"IV"
9,"500",26.4053830658642,"IV"
10,"500",22.7580276248216,"IV"
11,"500",13.6662236345292,"IV"
12,"500",12.989994457095,"IV"
13,"500",9.34833443389098,"IV"
14,"500",6.82413978700457,"IV"
15,"500",58.6311111549889,"IV"
16,"500",-37.5437825380105,"IV"
17,"500",15.7636782580363,"IV"
18,"500",27.4562454775632,"IV"
19,"500",42.6940166633847,"IV"
20,"500",10.3557946361794,"IV"
21,"500",8.65661761251214,"IV"
22,"500",-20.0280149915561,"IV"
23,"500",15.9797040778076,"IV"
24,"500",20.2323773024456,"IV"
25,"500",8.60156718107887,"IV"
26,"500",13.7430104740636,"IV"
27,"500",7.68416361830695,"IV"
28,"500",42.718309473355,"IV"
29,"500",6.67636888702807,"IV"
30,"500",17.8689695358012,"IV"
31,"500",6.81136447474898,"IV"
32,"500",28.3342113321057,"IV"
33,"500",7.22137401350935,"IV"
34,"500",5.95426825126869,"IV"
35,"500",10.2484824890521,"IV"
36,"500",11.0632329850852,"IV"
37,"500",8.0191571638824,"IV"
38,"500",7.80283177002192,"IV"
39,"500",33.7479826658265,"IV"
40,"500",55.4210602677533,"IV"
41,"500",99.8386623982255,"IV"
42,"500",10.5696029693653,"IV"
43,"500",27.1173459386305,"IV"
44,"500",8.28649030535129,"IV"
45,"500",17.6382829983267,"IV"
46,"500",-626.79937444277,"IV"
47,"500",-28.4999795560236,"IV"
48,"500",7.94032004316431,"IV"
49,"500",8.51646333317094,"IV"
50,"500",8.40560567542228,"IV"
51,"500",19.3931432578366,"IV"
52,"500",9.19233604759529,"IV"
53,"500",10.2895221124712,"IV"
54,"500",19.8376482580656,"IV"
55,"500",5.64409745917957,"IV"
56,"500",15.6677450614935,"IV"
57,"500",7.49086478202285,"IV"
58,"500",8.42696933056662,"IV"
59,"500",22.2581058897202,"IV"
60,"500",6.80696372541289,"IV"
61,"500",16.4993010028875,"IV"
62,"500",9.0207959495504,"IV"
63,"500",6.48327231891155,"IV"
64,"500",16.9342422384938,"IV"
65,"500",9.2112403167675,"IV"
66,"500",16.2438463319754,"IV"
67,"500",5.9750386956469,"IV"
68,"500",22.1594425947171,"IV"
69,"500",6.50921655985429,"IV"
70,"500",13.4047233208996,"IV"
71,"500",46.2353505151384,"IV"
72,"500",13.4463577380313,"IV"
73,"500",5.5654960934758,"IV"
74,"500",62.7216151178826,"IV"
75,"500",22.8327305615456,"IV"
76,"500",18.408560262336,"IV"
77,"500",6.85324093195678,"IV"
78,"500",6.78764256837819,"IV"
79,"500",14.230329227047,"IV"
80,"500",18.4528485955268,"IV"
81,"500",40.0467805653086,"IV"
82,"500",7.79894012648831,"IV"
83,"500",21.8095524998151,"IV"
84,"500",15.0959775336534,"IV"
85,"500",6.91202860779814,"IV"
86,"500",14.7448586071458,"IV"
87,"500",-90.0464845285675,"IV"
88,"500",41.9086257896389,"IV"
89,"500",18.8297095431183,"IV"
90,"500",7.99503364413405,"IV"
91,"500",96.1405348737447,"IV"
92,"500",39.7250669007856,"IV"
93,"500",9.81737028590262,"IV"
94,"500",6.71439418765194,"IV"
95,"500",15.7012385803546,"IV"
96,"500",8.21092936497224,"IV"
97,"500",6.11502196744609,"IV"
98,"500",-102.611491828821,"IV"
99,"500",13.304745091443,"IV"
100,"500",62.6016401199747,"IV"
101,"500",8.34379638833493,"IV"
102,"500",9.08893828687206,"IV"
103,"500",29.8888794998183,"IV"
104,"500",7.90494821937461,"IV"
105,"500",10.0611392125322,"IV"
106,"500",7.62923836544047,"IV"
107,"500",11.6273592974064,"IV"
108,"500",23.1000021382147,"IV"
109,"500",-332.570854700779,"IV"
110,"500",19.5437961403018,"IV"
111,"500",69.6786182103671,"IV"
112,"500",12.7598154074349,"IV"
113,"500",19.9809508399773,"IV"
114,"500",11.9911748302459,"IV"
115,"500",15.0742183045755,"IV"
116,"500",-9.87118330354915,"IV"
117,"500",9.3076636528484,"IV"
118,"500",10.1548266620184,"IV"
119,"500",15.70869055534,"IV"
120,"500",-170.279556177097,"IV"
121,"500",9.75785800369423,"IV"
122,"500",22.5000006134534,"IV"
123,"500",18.0309101767519,"IV"
124,"500",11.8395002961878,"IV"
125,"500",8.77327098859264,"IV"
126,"500",7.60843231009199,"IV"
127,"500",6.06814455207596,"IV"
128,"500",7.60748262480623,"IV"
129,"500",5.3021555722085,"IV"
130,"500",11.9436775560076,"IV"
131,"500",8.56881285679034,"IV"
132,"500",34.1666728263475,"IV"
133,"500",18.9232510714927,"IV"
134,"500",8.51461988774603,"IV"
135,"500",9.32024383768459,"IV"
136,"500",15.0724516919474,"IV"
137,"500",17.3503266621602,"IV"
138,"500",5.97112978152457,"IV"
139,"500",-109.902703855616,"IV"
140,"500",7.64244272730224,"IV"
141,"500",8.91959576555765,"IV"
142,"500",-153.262298639865,"IV"
143,"500",7.99062715965384,"IV"
144,"500",11.5479116417367,"IV"
145,"500",10.015085442337,"IV"
146,"500",25.4403739372513,"IV"
147,"500",6.86771633303361,"IV"
148,"500",11.9490697650531,"IV"
149,"500",5.31913076543824,"IV"
150,"500",-94.5464730112481,"IV"
151,"500",7.34667578952004,"IV"
152,"500",25.2769878753823,"IV"
153,"500",22.3903384207664,"IV"
154,"500",21.4977972517995,"IV"
155,"500",7.78411118603631,"IV"
156,"500",-40.5000157773291,"IV"
157,"500",-10542.8647267539,"IV"
158,"500",8.52785232302218,"IV"
159,"500",11.9310092752526,"IV"
160,"500",14.7160794991218,"IV"
161,"500",9.41177999831631,"IV"
162,"500",11.5984218708849,"IV"
163,"500",9.69586560311023,"IV"
164,"500",9.42980292581408,"IV"
165,"500",12.5654696160011,"IV"
166,"500",11.2065104543086,"IV"
167,"500",11.9151096952448,"IV"
168,"500",15.7270308851017,"IV"
169,"500",8.61449418723121,"IV"
170,"500",29.8038499128909,"IV"
171,"500",175.217601916252,"IV"
172,"500",8.91307090048667,"IV"
173,"500",7.64598725640558,"IV"
174,"500",22.4769161815216,"IV"
175,"500",16.5498309296018,"IV"
176,"500",7.45420483918701,"IV"
177,"500",33.6575396512743,"IV"
178,"500",12.0993165672896,"IV"
179,"500",7.65949115093704,"IV"
180,"500",495.530863850861,"IV"
181,"500",11.7392389428432,"IV"
182,"500",6.26781640433688,"IV"
183,"500",11.1347826490745,"IV"
184,"500",7.64539279414516,"IV"
185,"500",10.5124643290752,"IV"
186,"500",22.9332067577302,"IV"
187,"500",70.7400226664029,"IV"
188,"500",7.7589141276311,"IV"
189,"500",-164.769377311371,"IV"
190,"500",-271.373899567644,"IV"
191,"500",12.8034859844327,"IV"
192,"500",-589.811520831386,"IV"
193,"500",8.85464331430451,"IV"
194,"500",5.81083321022348,"IV"
195,"500",9.36087279564831,"IV"
196,"500",7.5350318245346,"IV"
197,"500",16.9230772693446,"IV"
198,"500",18.4232488903152,"IV"
199,"500",11.3027707766919,"IV"
200,"500",7.63522202503273,"IV"
201,"500",12.1661722883795,"IV"
202,"500",15.3241583649382,"IV"
203,"500",22.9228014145397,"IV"
204,"500",14.0719103004464,"IV"
205,"500",9.87598074279149,"IV"
206,"500",6.14876171363537,"IV"
207,"500",6.07251721391978,"IV"
208,"500",10.9418894126481,"IV"
209,"500",15.170606703962,"IV"
210,"500",11.7338504909332,"IV"
211,"500",8.9977324189087,"IV"
212,"500",13.3060347983982,"IV"
213,"500",13.5748290210402,"IV"
214,"500",15.5871263779376,"IV"
215,"500",18.47226711486,"IV"
216,"500",8.73990734334484,"IV"
217,"500",17.7440136601108,"IV"
218,"500",6.65397721253213,"IV"
219,"500",10.4192172737769,"IV"
220,"500",6.95501022582919,"IV"
221,"500",13.0547801322458,"IV"
222,"500",12.1506441950025,"IV"
223,"500",8.80026230354245,"IV"
224,"500",6.31121997621239,"IV"
225,"500",13.0998212095441,"IV"
226,"500",7.78499629755125,"IV"
227,"500",-14.9648053946009,"IV"
228,"500",11.8267149026104,"IV"
229,"500",6.68899039690255,"IV"
230,"500",11.8769868415356,"IV"
231,"500",17.7241592246231,"IV"
232,"500",25.1049732901711,"IV"
233,"500",11.1385099175056,"IV"
234,"500",7.66798952238486,"IV"
235,"500",9.04832448211989,"IV"
236,"500",7.84794544065948,"IV"
237,"500",16.3711882335989,"IV"
238,"500",169.000100830842,"IV"
239,"500",8.91154793822159,"IV"
240,"500",10.5734404479415,"IV"
241,"500",14.0228876275836,"IV"
242,"500",126.001282231806,"IV"
243,"500",25.6214172059322,"IV"
244,"500",10.4291906981973,"IV"
245,"500",13.1992774697154,"IV"
246,"500",10.8296435829567,"IV"
247,"500",16.8831713896799,"IV"
248,"500",8.93177085925327,"IV"
249,"500",5.94960588911067,"IV"
250,"500",12.5629460117202,"IV"
251,"500",9.61774191701695,"IV"
252,"500",10.9521185301867,"IV"
253,"500",6.33605603058591,"IV"
254,"500",12.9757640188537,"IV"
255,"500",11.8379184066375,"IV"
256,"500",7.61179386807741,"IV"
257,"500",16.627109494273,"IV"
258,"500",13.5098307293034,"IV"
259,"500",20.3180922263377,"IV"
260,"500",11.3116582066305,"IV"
261,"500",11.3154775237995,"IV"
262,"500",15.3012674967835,"IV"
263,"500",10.9504950888864,"IV"
264,"500",7.07356191530941,"IV"
265,"500",18.7532331114163,"IV"
266,"500",494.760661404599,"IV"
267,"500",22.8560727940027,"IV"
268,"500",8.26898732258567,"IV"
269,"500",55.3104768971347,"IV"
270,"500",6.95972380802345,"IV"
271,"500",37.2956942572167,"IV"
272,"500",234.557125393397,"IV"
273,"500",-27.9747193107817,"IV"
274,"500",111.631613188464,"IV"
275,"500",23.2418970814103,"IV"
276,"500",19.8281230541656,"IV"
277,"500",9.29961465684929,"IV"
278,"500",17.863761572477,"IV"
279,"500",12.5817376810635,"IV"
280,"500",12.0511831185682,"IV"
281,"500",10.2916667309689,"IV"
282,"500",8.50096373885916,"IV"
283,"500",6.89655170218505,"IV"
284,"500",6.3057324481836,"IV"
285,"500",8.79039304503631,"IV"
286,"500",11.1256454483365,"IV"
287,"500",11.5329687766447,"IV"
288,"500",22.6248907149652,"IV"
289,"500",19.4173924998346,"IV"
290,"500",480.325391792125,"IV"
291,"500",-232.460379476037,"IV"
292,"500",10.5903240738061,"IV"
293,"500",13.5257877715545,"IV"
294,"500",12.8638745754259,"IV"
295,"500",189.951859590949,"IV"
296,"500",18.5387518731691,"IV"
297,"500",8.18696447448779,"IV"
298,"500",-149.370803751852,"IV"
299,"500",9.88741869972256,"IV"
300,"500",23.937168230455,"IV"
301,"500",24.6479959712293,"IV"
302,"500",24.672094419177,"IV"
303,"500",9.97897586416814,"IV"
304,"500",11.6904978263422,"IV"
305,"500",6.46341162892074,"IV"
306,"500",7.52660379562965,"IV"
307,"500",10.5584465307475,"IV"
308,"500",20.2637645282255,"IV"
309,"500",16.5154065988634,"IV"
310,"500",7.56990904490119,"IV"
311,"500",13.5017805112655,"IV"
312,"500",92.912092811972,"IV"
313,"500",12.2654205788575,"IV"
314,"500",6.41212237093458,"IV"
315,"500",9.41321903096066,"IV"
316,"500",-51.0207366416508,"IV"
317,"500",6.72222017828195,"IV"
318,"500",22.2076710674203,"IV"
319,"500",12.3912094691403,"IV"
320,"500",12.4061151002993,"IV"
321,"500",11.215205830601,"IV"
322,"500",-89.9867272520114,"IV"
323,"500",9.44308355705238,"IV"
324,"500",14.560761594318,"IV"
325,"500",42.034487008416,"IV"
326,"500",21.0498359628442,"IV"
327,"500",27.1100540337557,"IV"
328,"500",9.43343373078748,"IV"
329,"500",21.3130020906918,"IV"
330,"500",7.98326946799959,"IV"
331,"500",-30.0291820615974,"IV"
332,"500",14.5918420255785,"IV"
333,"500",8.89364840799804,"IV"
334,"500",9.71502065054703,"IV"
335,"500",8.45331985745903,"IV"
336,"500",9.83227852731638,"IV"
337,"500",7.40614614659638,"IV"
338,"500",11.0526316431522,"IV"
339,"500",7.91289508151619,"IV"
340,"500",-139.246163332379,"IV"
341,"500",-26.4900494816052,"IV"
342,"500",9.68012184784712,"IV"
343,"500",6.93607810486277,"IV"
344,"500",60.7379407088632,"IV"
345,"500",17.4638128064582,"IV"
346,"500",-30.6218193279455,"IV"
347,"500",7.80165287072026,"IV"
348,"500",9.27240143123799,"IV"
349,"500",13.2637245705111,"IV"
350,"500",7.60644960190768,"IV"
351,"500",10.3355648116741,"IV"
352,"500",6.91544728372904,"IV"
353,"500",13.5756211601017,"IV"
354,"500",10.8260868187322,"IV"
355,"500",14.3640505463022,"IV"
356,"500",14.5247814789065,"IV"
357,"500",16.1146702387721,"IV"
358,"500",10.6699132927211,"IV"
359,"500",15.0713317580243,"IV"
360,"500",9.99480289514878,"IV"
361,"500",12.1034483704819,"IV"
362,"500",55.2018646397887,"IV"
363,"500",184.0001060495,"IV"
364,"500",76.5488976506554,"IV"
365,"500",8.98414415711958,"IV"
366,"500",8.73096321014335,"IV"
367,"500",12.704375753972,"IV"
368,"500",12.854375964492,"IV"
369,"500",5.67846086099594,"IV"
370,"500",8.90439901970893,"IV"
371,"500",16.0959090650619,"IV"
372,"500",11.9379687257954,"IV"
373,"500",45.88581022643,"IV"
374,"500",-57.777765555836,"IV"
375,"500",11.4441342916048,"IV"
376,"500",8.29166664306054,"IV"
377,"500",7.64968385581598,"IV"
378,"500",8.91641790749211,"IV"
379,"500",7.36330527292707,"IV"
380,"500",11.657900951731,"IV"
381,"500",40.3366372604391,"IV"
382,"500",-12.7219232321166,"IV"
383,"500",5.64338670238437,"IV"
384,"500",9.50212954139525,"IV"
385,"500",9.87938414251619,"IV"
386,"500",9.55569173841607,"IV"
387,"500",18.8880352809601,"IV"
388,"500",5.52131894373526,"IV"
389,"500",8.56916324202095,"IV"
390,"500",43.3875088207909,"IV"
391,"500",18.3548786239049,"IV"
392,"500",7.4970651710178,"IV"
393,"500",56.9403222453425,"IV"
394,"500",35.4214333030931,"IV"
395,"500",15.2423452393734,"IV"
396,"500",10.5969924982129,"IV"
397,"500",10.9483518521869,"IV"
398,"500",14.782558971765,"IV"
399,"500",11.4168765914848,"IV"
400,"500",7.7400721675555,"IV"
401,"500",16.502918176436,"IV"
402,"500",192.476445299769,"IV"
403,"500",10.0690827995618,"IV"
404,"500",50.2500053569496,"IV"
405,"500",22.6117711630138,"IV"
406,"500",17.2728279645332,"IV"
407,"500",9.21898945769334,"IV"
408,"500",9.04615386814515,"IV"
409,"500",10.4118693097965,"IV"
410,"500",14.8772569299854,"IV"
411,"500",15.4626512670552,"IV"
412,"500",109.610956516222,"IV"
413,"500",16.7466283626829,"IV"
414,"500",5.91670605745386,"IV"
415,"500",-12.992945309336,"IV"
416,"500",8.65523341094108,"IV"
417,"500",-19.22862752293,"IV"
418,"500",15.9058971594671,"IV"
419,"500",11.2264290613081,"IV"
420,"500",12.1922796329623,"IV"
421,"500",18.6270933444582,"IV"
422,"500",7.91931538768779,"IV"
423,"500",6.34539985849441,"IV"
424,"500",11.4762993618096,"IV"
425,"500",-73.2528588873749,"IV"
426,"500",6.34229007764532,"IV"
427,"500",12.5660835366859,"IV"
428,"500",10.3591331732826,"IV"
429,"500",9.16182331454516,"IV"
430,"500",-54.0923915981646,"IV"
431,"500",31.8212771657004,"IV"
432,"500",26.0578271517659,"IV"
433,"500",12.2360832022481,"IV"
434,"500",8.61033686275222,"IV"
435,"500",8.73855991986145,"IV"
436,"500",15.9504648963134,"IV"
437,"500",9.35824203706338,"IV"
438,"500",8.96925034244074,"IV"
439,"500",12.607129977174,"IV"
440,"500",5.90497732297564,"IV"
441,"500",37.8940266684361,"IV"
442,"500",82.9304725901126,"IV"
443,"500",17.0872385734865,"IV"
444,"500",27.1754338921875,"IV"
445,"500",8.08642971846555,"IV"
446,"500",14.2504003534105,"IV"
447,"500",8.49141703417448,"IV"
448,"500",7.7181106070484,"IV"
449,"500",6.77616657411298,"IV"
450,"500",14.8323263162902,"IV"
451,"500",12.6814245755917,"IV"
452,"500",16.1070498752026,"IV"
453,"500",-18.9575723348002,"IV"
454,"500",18.2891986796424,"IV"
455,"500",21.4483628024822,"IV"
456,"500",7.09694662580404,"IV"
457,"500",13.9792189486059,"IV"
458,"500",269.078743073756,"IV"
459,"500",8.19999996139046,"IV"
460,"500",18.8081737677404,"IV"
461,"500",7.93270257455459,"IV"
462,"500",5.27543721026773,"IV"
463,"500",21.4926547938709,"IV"
464,"500",-75.6068233666877,"IV"
465,"500",19.440247618188,"IV"
466,"500",7.82653748863383,"IV"
467,"500",12.4408663593649,"IV"
468,"500",10.0747916640293,"IV"
469,"500",30.5391909331608,"IV"
470,"500",9.90000001980064,"IV"
471,"500",15.3164227462474,"IV"
472,"500",12.560357749722,"IV"
473,"500",44.0370145412818,"IV"
474,"500",8.2516371723809,"IV"
475,"500",7.65125923282673,"IV"
476,"500",8.84378946346032,"IV"
477,"500",19.980976626604,"IV"
478,"500",10.2058363593638,"IV"
479,"500",10.1237288028781,"IV"
480,"500",17.1173640751878,"IV"
481,"500",23.7165071218008,"IV"
482,"500",71.8892627336516,"IV"
483,"500",7.75381447489081,"IV"
484,"500",13.7117289807492,"IV"
485,"500",-27.950849893477,"IV"
486,"500",15.7774146279019,"IV"
487,"500",12.9541865120012,"IV"
488,"500",7.21486264187672,"IV"
489,"500",15.2139748760985,"IV"
490,"500",20.0023218863366,"IV"
491,"500",24.0733005478434,"IV"
492,"500",8.36911922942473,"IV"
493,"500",13.682054321131,"IV"
494,"500",6.56989475196323,"IV"
495,"500",18.301237639595,"IV"
496,"500",13.1813306710226,"IV"
497,"500",16.1096568572393,"IV"
498,"500",11.7128427584126,"IV"
499,"500",26.2083342118319,"IV"
500,"500",34.5815271624277,"IV"
501,"500",20.0192157764217,"IV"
502,"500",13.3584836431161,"IV"
503,"500",18.7297308323419,"IV"
504,"500",34.4033636152216,"IV"
505,"500",13.9721578896381,"IV"
506,"500",-51.1238963086592,"IV"
507,"500",8.46218288280336,"IV"
508,"500",11.445091902461,"IV"
509,"500",50.5684391736916,"IV"
510,"500",10.30215691684,"IV"
511,"500",9.45331418282649,"IV"
512,"500",8.19341123794012,"IV"
513,"500",11.8944537100975,"IV"
514,"500",-36.9927967145748,"IV"
515,"500",5.66086952171547,"IV"
516,"500",66.4719407658163,"IV"
517,"500",9.65892226984011,"IV"
518,"500",7.98917884967943,"IV"
519,"500",10.5472232000589,"IV"
520,"500",10.5000396750792,"IV"
521,"500",12.5817234777336,"IV"
522,"500",6.77207636808686,"IV"
523,"500",7.67760430545154,"IV"
524,"500",16.9925800616571,"IV"
525,"500",-116.495101172598,"IV"
526,"500",5.94029791137161,"IV"
527,"500",7.26842660585847,"IV"
528,"500",23.0843076392649,"IV"
529,"500",9.85134274428087,"IV"
530,"500",5.87593624922341,"IV"
531,"500",52.0481810588929,"IV"
532,"500",100.79573151943,"IV"
533,"500",5.61955657570874,"IV"
534,"500",7.64816266481173,"IV"
535,"500",34.1770101456007,"IV"
536,"500",10.1025011402534,"IV"
537,"500",10.9860367375033,"IV"
538,"500",9.53154457788922,"IV"
539,"500",16.3905824941744,"IV"
540,"500",9.09792576148054,"IV"
541,"500",10.0580639769194,"IV"
542,"500",9.89491675034134,"IV"
543,"500",1154.77237969423,"IV"
544,"500",10.0218134812779,"IV"
545,"500",10.6054452595027,"IV"
546,"500",12.6375483230694,"IV"
547,"500",8.865194616161,"IV"
548,"500",20.2674534568369,"IV"
549,"500",22.443652702945,"IV"
550,"500",17.6317911765379,"IV"
551,"500",97.1703077541709,"IV"
552,"500",8.47770369576098,"IV"
553,"500",9.94420576532097,"IV"
554,"500",9.76507829587628,"IV"
555,"500",9.59527323856695,"IV"
556,"500",5.96168360186783,"IV"
557,"500",8.82125704691913,"IV"
558,"500",10.8666027595502,"IV"
559,"500",10.6698740124337,"IV"
560,"500",16.2776749202009,"IV"
561,"500",11.0788308599497,"IV"
562,"500",56.6958421394733,"IV"
563,"500",10.3816829949603,"IV"
564,"500",9.06746442111357,"IV"
565,"500",10.6182114026282,"IV"
566,"500",14.244521532696,"IV"
567,"500",19.2163257550174,"IV"
568,"500",24.5617152764483,"IV"
569,"500",163.919113912181,"IV"
570,"500",8.33333332457669,"IV"
571,"500",14.7009647394126,"IV"
572,"500",26.3901449416796,"IV"
573,"500",15.5419414373474,"IV"
574,"500",5.6428887548856,"IV"
575,"500",6.1870850446234,"IV"
576,"500",-14.6838753111587,"IV"
577,"500",11.2002268663717,"IV"
578,"500",20.9044494640244,"IV"
579,"500",13.7011740667373,"IV"
580,"500",-40.9073540576228,"IV"
581,"500",21.5997729850655,"IV"
582,"500",7.21966720358982,"IV"
583,"500",-75.8702700487514,"IV"
584,"500",317.361831831251,"IV"
585,"500",-22.5171088811982,"IV"
586,"500",20.2730854121873,"IV"
587,"500",11.7952597955516,"IV"
588,"500",27.6825475067159,"IV"
589,"500",27.3818087136773,"IV"
590,"500",98.9041641737092,"IV"
591,"500",6.39857661597774,"IV"
592,"500",12.3707286048725,"IV"
593,"500",8.56227451761841,"IV"
594,"500",10.8002863058815,"IV"
595,"500",16.709504934116,"IV"
596,"500",15.2675703207156,"IV"
597,"500",31.1884555594037,"IV"
598,"500",4.72911546415408,"IV"
599,"500",11.330028276023,"IV"
600,"500",175.219116531893,"IV"
601,"500",14.6659697900036,"IV"
602,"500",19.5014919995356,"IV"
603,"500",30.1060609636129,"IV"
604,"500",14.2242186593288,"IV"
605,"500",-8180.57450301334,"IV"
606,"500",13.3681002186931,"IV"
607,"500",6.66655637408571,"IV"
608,"500",21.1070091347116,"IV"
609,"500",11.3336862183751,"IV"
610,"500",13.8420307421226,"IV"
611,"500",8.1081080797866,"IV"
612,"500",8.89590792467861,"IV"
613,"500",-88.2902551080137,"IV"
614,"500",12.824398404789,"IV"
615,"500",11.4071299407287,"IV"
616,"500",14.3471745914141,"IV"
617,"500",12.467187600115,"IV"
618,"500",9.97489975060457,"IV"
619,"500",10.401789824063,"IV"
620,"500",14.8564581698367,"IV"
621,"500",12.4078069583646,"IV"
622,"500",17.5017019289876,"IV"
623,"500",45.3750115625297,"IV"
624,"500",14.1965882810674,"IV"
625,"500",9.28066526910433,"IV"
626,"500",9.43819787868225,"IV"
627,"500",10.0840743968538,"IV"
628,"500",26.9914318240581,"IV"
629,"500",6.04001380736394,"IV"
630,"500",32.9572548302443,"IV"
631,"500",10.5413471733273,"IV"
632,"500",14.0381164602039,"IV"
633,"500",79.7296824243411,"IV"
634,"500",-98.3739149489528,"IV"
635,"500",7.30434780669617,"IV"
636,"500",7.24836414906403,"IV"
637,"500",13.5229882345103,"IV"
638,"500",16.585150677314,"IV"
639,"500",16.2567155115233,"IV"
640,"500",10.6208384906899,"IV"
641,"500",19.2053978852735,"IV"
642,"500",-50.0978498806195,"IV"
643,"500",55.0516178431332,"IV"
644,"500",17.8676129542908,"IV"
645,"500",23.4081677841206,"IV"
646,"500",292.604215890401,"IV"
647,"500",24.6250008862747,"IV"
648,"500",7.12254831742374,"IV"
649,"500",10.8026273069243,"IV"
650,"500",17.7254629008333,"IV"
651,"500",20.3281745454933,"IV"
652,"500",-9242.90166913678,"IV"
653,"500",8.13243051545477,"IV"
654,"500",18.4043299782777,"IV"
655,"500",17.6190483098173,"IV"
656,"500",9.47638929829087,"IV"
657,"500",18.1162711883787,"IV"
658,"500",10.687902646749,"IV"
659,"500",-373.89230929629,"IV"
660,"500",820.639299719661,"IV"
661,"500",14.9053379441036,"IV"
662,"500",18.6960089324436,"IV"
663,"500",17.1889817191295,"IV"
664,"500",8.38742805510066,"IV"
665,"500",11.3613445650068,"IV"
666,"500",12.6801435538518,"IV"
667,"500",12.3567307865898,"IV"
668,"500",-130.614088754326,"IV"
669,"500",27.5188007838562,"IV"
670,"500",178.192994073476,"IV"
671,"500",9.56613977406172,"IV"
672,"500",14.1320718320492,"IV"
673,"500",7.976460877655,"IV"
674,"500",6.59771807970138,"IV"
675,"500",39.1114213620689,"IV"
676,"500",-18.0620418369012,"IV"
677,"500",5.6785569216137,"IV"
678,"500",24.1620128052528,"IV"
679,"500",30.8024246487066,"IV"
680,"500",5.74250477307595,"IV"
681,"500",12.219248929207,"IV"
682,"500",-20.9033482333796,"IV"
683,"500",6.42582831858656,"IV"
684,"500",20.500001506262,"IV"
685,"500",15.7838915541462,"IV"
686,"500",7.07952869463642,"IV"
687,"500",22.406655387138,"IV"
688,"500",101.620594458474,"IV"
689,"500",6.98021530759438,"IV"
690,"500",158.886233995983,"IV"
691,"500",10.5042527514147,"IV"
692,"500",12.479299628438,"IV"
693,"500",8.04627082503782,"IV"
694,"500",12.619495367795,"IV"
695,"500",10.0695355682346,"IV"
696,"500",8.52833145104228,"IV"
697,"500",-12.3303160488256,"IV"
698,"500",7.97306157996135,"IV"
699,"500",-17.6587227443659,"IV"
700,"500",11.2900569964223,"IV"
701,"500",12.4995847114551,"IV"
702,"500",12.225766918846,"IV"
703,"500",11.4796795962202,"IV"
704,"500",80.1279494765713,"IV"
705,"500",7.99964765532502,"IV"
706,"500",17.8996582805205,"IV"
707,"500",14.3262595193498,"IV"
708,"500",8.94259288860384,"IV"
709,"500",30.7285748728342,"IV"
710,"500",7.73735799025067,"IV"
711,"500",12.5660263079443,"IV"
712,"500",11.2885508325578,"IV"
713,"500",17.6376061838106,"IV"
714,"500",28.9971445850029,"IV"
715,"500",18.7488704395397,"IV"
716,"500",7.8660044048507,"IV"
717,"500",21.363637096254,"IV"
718,"500",24.1990413009184,"IV"
719,"500",20.5351829760065,"IV"
720,"500",15.326110476336,"IV"
721,"500",12.5758522469261,"IV"
722,"500",18.6839556077512,"IV"
723,"500",16.1255986530525,"IV"
724,"500",6.97977838399119,"IV"
725,"500",46.544508098686,"IV"
726,"500",87.962804409111,"IV"
727,"500",15.8470803054574,"IV"
728,"500",5.42537121810859,"IV"
729,"500",6.51424866970565,"IV"
730,"500",6.93505152222264,"IV"
731,"500",17.0143511873187,"IV"
732,"500",8.39283356182103,"IV"
733,"500",22.9290375890561,"IV"
734,"500",11.0424355238331,"IV"
735,"500",11.6567914963027,"IV"
736,"500",6.72947256813339,"IV"
737,"500",25.3622139133371,"IV"
738,"500",15.4720396843856,"IV"
739,"500",11.9397650631468,"IV"
740,"500",9.70431760731329,"IV"
741,"500",12.4717081410792,"IV"
742,"500",10.8967254488445,"IV"
743,"500",9.96871843246277,"IV"
744,"500",-23.5690360904714,"IV"
745,"500",40.7010998503247,"IV"
746,"500",14.0768360326427,"IV"
747,"500",14.7254257687583,"IV"
748,"500",26.3206299456465,"IV"
749,"500",7.14413309847263,"IV"
750,"500",13.9874765684697,"IV"
751,"500",13.276494769185,"IV"
752,"500",7.5790401329566,"IV"
753,"500",95.2526881285282,"IV"
754,"500",11.1283219687068,"IV"
755,"500",6.7714395164731,"IV"
756,"500",26.4741542788193,"IV"
757,"500",11.4846987790518,"IV"
758,"500",6.63710515853643,"IV"
759,"500",32.2489607058051,"IV"
760,"500",10.2364734944063,"IV"
761,"500",24.9937602226152,"IV"
762,"500",33.1340857854897,"IV"
763,"500",10.8293780481905,"IV"
764,"500",9.89677926274011,"IV"
765,"500",5.2216850881542,"IV"
766,"500",6.99668071018561,"IV"
767,"500",15.2307694459636,"IV"
768,"500",12.895063640643,"IV"
769,"500",25.4794393172212,"IV"
770,"500",8.65748697312324,"IV"
771,"500",20.0636271823963,"IV"
772,"500",9.68716979079253,"IV"
773,"500",9.87619051118031,"IV"
774,"500",6.55758679845605,"IV"
775,"500",15.2873369418846,"IV"
776,"500",12.8974096360723,"IV"
777,"500",11.109129521003,"IV"
778,"500",9.92052991421526,"IV"
779,"500",11.9841247758364,"IV"
780,"500",8.92728821241824,"IV"
781,"500",20.256923555068,"IV"
782,"500",10.2591104412636,"IV"
783,"500",7.79261502387188,"IV"
784,"500",7.13835477946379,"IV"
785,"500",24.3838353253943,"IV"
786,"500",7.89212917733741,"IV"
787,"500",22.7299776071565,"IV"
788,"500",18.8621403968571,"IV"
789,"500",9.18588237205813,"IV"
790,"500",23.6526029828474,"IV"
791,"500",11.0892858687278,"IV"
792,"500",8.53333334592939,"IV"
793,"500",198.014863781351,"IV"
794,"500",5.28679426517992,"IV"
795,"500",17.7335063666587,"IV"
796,"500",5.65985328688224,"IV"
797,"500",9.3770918675624,"IV"
798,"500",8.54215187651885,"IV"
799,"500",12.7380000465437,"IV"
800,"500",39.0441480731692,"IV"
801,"500",13.6442757446276,"IV"
802,"500",35.2259593505652,"IV"
803,"500",43.9667787114233,"IV"
804,"500",21.5288201427716,"IV"
805,"500",17.975564871917,"IV"
806,"500",15.1427616488497,"IV"
807,"500",9.6819461935651,"IV"
808,"500",7.28332992327618,"IV"
809,"500",115.558107288159,"IV"
810,"500",12.7584260591654,"IV"
811,"500",7.75646505748403,"IV"
812,"500",88.1414740249931,"IV"
813,"500",14.0554554413569,"IV"
814,"500",5.99283063924115,"IV"
815,"500",26.4080405669905,"IV"
816,"500",20.4528294793989,"IV"
817,"500",-28.6354384704938,"IV"
818,"500",-25.0340775089739,"IV"
819,"500",21.2005063821722,"IV"
820,"500",21.5877214812599,"IV"
821,"500",15.9742206439333,"IV"
822,"500",12.1851495979943,"IV"
823,"500",9.65175868382916,"IV"
824,"500",28.4886859897507,"IV"
825,"500",15.3954730321867,"IV"
826,"500",9.27672034995576,"IV"
827,"500",16.1542630042188,"IV"
828,"500",8.66499739643314,"IV"
829,"500",22.55555673446,"IV"
830,"500",14.5416428749568,"IV"
831,"500",12.4513500843528,"IV"
832,"500",8.87441865158442,"IV"
833,"500",12.0655543007518,"IV"
834,"500",8.44306152271594,"IV"
835,"500",11.4569206114033,"IV"
836,"500",12.3110614745304,"IV"
837,"500",16.6307695574001,"IV"
838,"500",9.06324324453701,"IV"
839,"500",7.59099677112065,"IV"
840,"500",18.0909095897658,"IV"
841,"500",11.0209728248092,"IV"
842,"500",17.6398904861663,"IV"
843,"500",5.94230765684592,"IV"
844,"500",4.91738664512646,"IV"
845,"500",13.4393535611398,"IV"
846,"500",-78.3963559361533,"IV"
847,"500",27.2975959372657,"IV"
848,"500",21.3157905219967,"IV"
849,"500",23.7541806911287,"IV"
850,"500",40.0990779075302,"IV"
851,"500",8.55348145784403,"IV"
852,"500",27.6384451091632,"IV"
853,"500",7.90540538328196,"IV"
854,"500",10.7601418831351,"IV"
855,"500",9.76557145031721,"IV"
856,"500",6.48099888150628,"IV"
857,"500",20.7629281549679,"IV"
858,"500",807.649150608412,"IV"
859,"500",6.99479233611563,"IV"
860,"500",21.7350135234015,"IV"
861,"500",13.4401710352215,"IV"
862,"500",13.4204027052728,"IV"
863,"500",7.60699905685353,"IV"
864,"500",11.4169455278017,"IV"
865,"500",17.3465757370356,"IV"
866,"500",16.3248002962305,"IV"
867,"500",16.1443343032254,"IV"
868,"500",68.8791594938482,"IV"
869,"500",16.9326492419156,"IV"
870,"500",41.8778202136285,"IV"
871,"500",36.5999240877682,"IV"
872,"500",12.1596582138633,"IV"
873,"500",-74.6215759779332,"IV"
874,"500",10.7452733464995,"IV"
875,"500",17.1335928564851,"IV"
876,"500",10.1106778417026,"IV"
877,"500",8.69058986920176,"IV"
878,"500",216.994235443359,"IV"
879,"500",-82.8875165367053,"IV"
880,"500",90.8394813184169,"IV"
881,"500",7.74371254953562,"IV"
882,"500",6.81624506950562,"IV"
883,"500",44.7066516116588,"IV"
884,"500",11.903883704815,"IV"
885,"500",4.70690482933639,"IV"
886,"500",50.9420659214721,"IV"
887,"500",8.25955407097554,"IV"
888,"500",47.1512680544871,"IV"
889,"500",11.8119953219987,"IV"
890,"500",10.8353612438283,"IV"
891,"500",34.164239480819,"IV"
892,"500",66.9470349285412,"IV"
893,"500",8.27913524972153,"IV"
894,"500",7.33791231362803,"IV"
895,"500",13.4570279430494,"IV"
896,"500",72.0941035960358,"IV"
897,"500",-72.4838465657766,"IV"
898,"500",21.0157715181716,"IV"
899,"500",41.4141258558021,"IV"
900,"500",7.10823526478257,"IV"
901,"500",-22.1758019743317,"IV"
902,"500",10.9133405105606,"IV"
903,"500",8.92316457900157,"IV"
904,"500",17.5773773842595,"IV"
905,"500",6.85688958419381,"IV"
906,"500",13.9836898011503,"IV"
907,"500",6.24399416019609,"IV"
908,"500",124.225781645626,"IV"
909,"500",6.96202088905115,"IV"
910,"500",6.56088555874565,"IV"
911,"500",10.9379212151783,"IV"
912,"500",18.1096329418555,"IV"
913,"500",9.98305322633374,"IV"
914,"500",29.2093658023752,"IV"
915,"500",5.9662693212443,"IV"
916,"500",15.4278171478584,"IV"
917,"500",7.49091046589389,"IV"
918,"500",7.17590328069977,"IV"
919,"500",7.62631074757127,"IV"
920,"500",11.7422058377583,"IV"
921,"500",7.75885386199157,"IV"
922,"500",11.0451064426828,"IV"
923,"500",14.1434120998336,"IV"
924,"500",29.2745550459644,"IV"
925,"500",6.8961365886467,"IV"
926,"500",23.5531432010537,"IV"
927,"500",8.64189915950084,"IV"
928,"500",13.1768227846311,"IV"
929,"500",-55.1073515435946,"IV"
930,"500",8.37138850108998,"IV"
931,"500",49.2946740613688,"IV"
932,"500",9.48254961343985,"IV"
933,"500",13.9507633283997,"IV"
934,"500",15.9767998168403,"IV"
935,"500",13.465526932572,"IV"
936,"500",14.5781970655641,"IV"
937,"500",8.42035357989557,"IV"
938,"500",35.0312544167894,"IV"
939,"500",8.32588811759035,"IV"
940,"500",13.5552517103858,"IV"
941,"500",21.5559725519325,"IV"
942,"500",7.42307188216646,"IV"
943,"500",6.48238526915563,"IV"
944,"500",7.42319444069983,"IV"
945,"500",11.3413397958403,"IV"
946,"500",30.9000037956579,"IV"
947,"500",11.5826094369375,"IV"
948,"500",-62.04543814163,"IV"
949,"500",6.51020911647175,"IV"
950,"500",21.3118818810816,"IV"
951,"500",13.8931002708462,"IV"
952,"500",11.9442380866211,"IV"
953,"500",16.8215698161437,"IV"
954,"500",6.75837816741653,"IV"
955,"500",19.429153289541,"IV"
956,"500",6.75754709380507,"IV"
957,"500",-91.3233075773254,"IV"
958,"500",-107.019718856876,"IV"
959,"500",7.10506258884638,"IV"
960,"500",7.00191403776262,"IV"
961,"500",42.5675722564583,"IV"
962,"500",7.26764626026923,"IV"
963,"500",-856.923993547819,"IV"
964,"500",16.1205769390332,"IV"
965,"500",16.3782350567838,"IV"
966,"500",6.6193831091684,"IV"
967,"500",11.730112290524,"IV"
968,"500",6.40096278828533,"IV"
969,"500",5.1267758563909,"IV"
970,"500",14.3907966413767,"IV"
971,"500",46.5428664792042,"IV"
972,"500",9.7389719373791,"IV"
973,"500",11.1379059440288,"IV"
974,"500",13.1522182900021,"IV"
975,"500",21.6349120225943,"IV"
976,"500",15.8748434914452,"IV"
977,"500",11.4074772930278,"IV"
978,"500",10.1402805766075,"IV"
979,"500",5.65661857436806,"IV"
980,"500",34.4423098070881,"IV"
981,"500",9.03394028083615,"IV"
982,"500",15.9718315913137,"IV"
983,"500",16.924820206174,"IV"
984,"500",7.9897394932706,"IV"
985,"500",14.5864706827328,"IV"
986,"500",9.10474166406738,"IV"
987,"500",15.0056284964513,"IV"
988,"500",32.0511940819944,"IV"
989,"500",9.62490152554634,"IV"
990,"500",-27.7683701622394,"IV"
991,"500",6.3830181404042,"IV"
992,"500",12.0387051829984,"IV"
993,"500",12.4765544967092,"IV"
994,"500",8.55320430152206,"IV"
995,"500",40.8813595547082,"IV"
996,"500",13.2843269454135,"IV"
997,"500",7.92408448769831,"IV"
998,"500",7.50858350813115,"IV"
999,"500",12.2372757090663,"IV"
1000,"500",-22.3986165798872,"IV"
1,"1000",12.7943480016982,"IV"
2,"1000",14.6394370235293,"IV"
3,"1000",7.02384890452506,"IV"
4,"1000",11.4036811870842,"IV"
5,"1000",23.273524925395,"IV"
6,"1000",11.9601372416626,"IV"
7,"1000",40.3732959517873,"IV"
8,"1000",9.65973598184479,"IV"
9,"1000",11.3389812169316,"IV"
10,"1000",44.4787678537145,"IV"
11,"1000",9.98622872971131,"IV"
12,"1000",11.9910836368865,"IV"
13,"1000",7.94829816970678,"IV"
14,"1000",22.8397642933302,"IV"
15,"1000",10.4242844343071,"IV"
16,"1000",13.0083699997167,"IV"
17,"1000",12.1966695367398,"IV"
18,"1000",17.9456445518856,"IV"
19,"1000",8.68402824567345,"IV"
20,"1000",12.1135145113314,"IV"
21,"1000",9.27397544659259,"IV"
22,"1000",25.9727489298053,"IV"
23,"1000",13.1001061130561,"IV"
24,"1000",10.5024350132939,"IV"
25,"1000",7.72919816175044,"IV"
26,"1000",19.6780141299118,"IV"
27,"1000",8.31879672785138,"IV"
28,"1000",13.1048082763328,"IV"
29,"1000",17.8655489137287,"IV"
30,"1000",44.6624889067725,"IV"
31,"1000",7.01470222739269,"IV"
32,"1000",18.1690011443901,"IV"
33,"1000",15.41561722775,"IV"
34,"1000",14.98344012298,"IV"
35,"1000",17.5532808008167,"IV"
36,"1000",12.8798365599398,"IV"
37,"1000",11.5381959137766,"IV"
38,"1000",10.6677762217246,"IV"
39,"1000",-164.902435102948,"IV"
40,"1000",16.5098336602732,"IV"
41,"1000",17.8005865881003,"IV"
42,"1000",9.41957010680489,"IV"
43,"1000",18.3152544979278,"IV"
44,"1000",13.5040238559615,"IV"
45,"1000",7.83730455450538,"IV"
46,"1000",116.317505319305,"IV"
47,"1000",10.2654202118318,"IV"
48,"1000",11.2374640270022,"IV"
49,"1000",11.9853313285286,"IV"
50,"1000",8.86921588213647,"IV"
51,"1000",24.3054428722007,"IV"
52,"1000",10.1292097553537,"IV"
53,"1000",11.161799157174,"IV"
54,"1000",34.1862895632501,"IV"
55,"1000",12.0806441277864,"IV"
56,"1000",42.6548548101326,"IV"
57,"1000",12.2852389568844,"IV"
58,"1000",11.0392773801363,"IV"
59,"1000",11.9269411534994,"IV"
60,"1000",14.4306108657548,"IV"
61,"1000",14.1519440828709,"IV"
62,"1000",18.2427559288356,"IV"
63,"1000",10.408445531329,"IV"
64,"1000",9.85099657047506,"IV"
65,"1000",9.78232622347899,"IV"
66,"1000",71.140425663992,"IV"
67,"1000",7.80590125090308,"IV"
68,"1000",12.542032909034,"IV"
69,"1000",21.3215796737861,"IV"
70,"1000",30.7627144154729,"IV"
71,"1000",10.5065434119987,"IV"
72,"1000",21.6798171579045,"IV"
73,"1000",26.2253680014839,"IV"
74,"1000",15.4256724389582,"IV"
75,"1000",9.18129040733361,"IV"
76,"1000",12.6586387550214,"IV"
77,"1000",12.5398405322162,"IV"
78,"1000",13.1873537774549,"IV"
79,"1000",8.89607828807987,"IV"
80,"1000",14.8182741397087,"IV"
81,"1000",16.1421692679783,"IV"
82,"1000",7.26773169747826,"IV"
83,"1000",8.81486280404083,"IV"
84,"1000",17.2159980565514,"IV"
85,"1000",49.8389072760844,"IV"
86,"1000",11.5551291446569,"IV"
87,"1000",61.3243515687349,"IV"
88,"1000",9.99366683091368,"IV"
89,"1000",12.9334128490506,"IV"
90,"1000",16.2208311818123,"IV"
91,"1000",16.3779587158072,"IV"
92,"1000",19.8319997948075,"IV"
93,"1000",16.9820334909443,"IV"
94,"1000",11.6567231262137,"IV"
95,"1000",44.4355100401656,"IV"
96,"1000",12.397120400194,"IV"
97,"1000",10.4584511356033,"IV"
98,"1000",12.7611043972019,"IV"
99,"1000",5.94193176497624,"IV"
100,"1000",48.2037428473206,"IV"
101,"1000",10.8348837799047,"IV"
102,"1000",9.37694114815019,"IV"
103,"1000",49.2559633255774,"IV"
104,"1000",11.9806161630777,"IV"
105,"1000",15.024297872395,"IV"
106,"1000",9.48076386982311,"IV"
107,"1000",12.6442264112401,"IV"
108,"1000",12.8443054966551,"IV"
109,"1000",10.463298078336,"IV"
110,"1000",9.56581043507,"IV"
111,"1000",12.7756828932776,"IV"
112,"1000",26.2614005480641,"IV"
113,"1000",17.2532265520522,"IV"
114,"1000",11.1384888938212,"IV"
115,"1000",5.92045008304167,"IV"
116,"1000",8.98550522921302,"IV"
117,"1000",741.9035150308,"IV"
118,"1000",55.7786532890524,"IV"
119,"1000",12.5988759008435,"IV"
120,"1000",8.93202852666312,"IV"
121,"1000",9.56915251551147,"IV"
122,"1000",14.3732985744426,"IV"
123,"1000",40.0600491464319,"IV"
124,"1000",6.62882579451378,"IV"
125,"1000",19.8738155996021,"IV"
126,"1000",10.533007589462,"IV"
127,"1000",14.5221533090124,"IV"
128,"1000",8.42596962180342,"IV"
129,"1000",9.05065797995265,"IV"
130,"1000",26.3789112812275,"IV"
131,"1000",12.9683678947256,"IV"
132,"1000",7.678916769537,"IV"
133,"1000",15.4504458174964,"IV"
134,"1000",10.2026668121143,"IV"
135,"1000",12.0061530669841,"IV"
136,"1000",8.77196379800604,"IV"
137,"1000",16.1476255259094,"IV"
138,"1000",22.6500931075855,"IV"
139,"1000",15.417085002655,"IV"
140,"1000",24.8338102022762,"IV"
141,"1000",19.3397833494489,"IV"
142,"1000",10.5577646427868,"IV"
143,"1000",16.2828655930986,"IV"
144,"1000",12.7855143147545,"IV"
145,"1000",26.0582440142034,"IV"
146,"1000",10.9068341024136,"IV"
147,"1000",7.80439169555617,"IV"
148,"1000",18.2586927485937,"IV"
149,"1000",11.4280988521052,"IV"
150,"1000",11.8227398364236,"IV"
151,"1000",7.75543487219045,"IV"
152,"1000",10.6572866654871,"IV"
153,"1000",124.279841064794,"IV"
154,"1000",14.0567695313323,"IV"
155,"1000",15.3624791620204,"IV"
156,"1000",18.048189541165,"IV"
157,"1000",9.1494242277901,"IV"
158,"1000",13.7402350328204,"IV"
159,"1000",14.0839297158593,"IV"
160,"1000",8.06593615960733,"IV"
161,"1000",33.7608127804531,"IV"
162,"1000",21.4283543096865,"IV"
163,"1000",8.20703153982064,"IV"
164,"1000",5.37300739691547,"IV"
165,"1000",9.73810617162519,"IV"
166,"1000",15.1917583529693,"IV"
167,"1000",16.5887037224045,"IV"
168,"1000",16.4368922139406,"IV"
169,"1000",8.59839607361329,"IV"
170,"1000",6.67230967994068,"IV"
171,"1000",33.5912032477729,"IV"
172,"1000",96.9287029253754,"IV"
173,"1000",36.98360209504,"IV"
174,"1000",14.6469321668536,"IV"
175,"1000",9.44384116278131,"IV"
176,"1000",9.02689186939528,"IV"
177,"1000",20.9434492453649,"IV"
178,"1000",7.38228142845269,"IV"
179,"1000",24.4702517649924,"IV"
180,"1000",11.58867769461,"IV"
181,"1000",15.9586301111038,"IV"
182,"1000",31.0821633120538,"IV"
183,"1000",13.0279725934964,"IV"
184,"1000",15.2105176767899,"IV"
185,"1000",13.5228109376378,"IV"
186,"1000",25.7279155516682,"IV"
187,"1000",24.639972028352,"IV"
188,"1000",13.148135460591,"IV"
189,"1000",20.4908159822152,"IV"
190,"1000",-41.5713255054804,"IV"
191,"1000",19.149205018084,"IV"
192,"1000",17.0632181597598,"IV"
193,"1000",14.1792700229987,"IV"
194,"1000",12.1951893071333,"IV"
195,"1000",10.705207125067,"IV"
196,"1000",13.1740299473343,"IV"
197,"1000",20.7980093250617,"IV"
198,"1000",21.5885297403812,"IV"
199,"1000",14.1885406801013,"IV"
200,"1000",15.000508558013,"IV"
201,"1000",10.2610957737535,"IV"
202,"1000",9.32591305017491,"IV"
203,"1000",10.6942663429468,"IV"
204,"1000",18.7849879555659,"IV"
205,"1000",-347.607547887566,"IV"
206,"1000",24.5697058433777,"IV"
207,"1000",15.6640670184721,"IV"
208,"1000",26.7258260996473,"IV"
209,"1000",8.66528277270479,"IV"
210,"1000",11.5882354534944,"IV"
211,"1000",30.3494822565808,"IV"
212,"1000",14.9300180563927,"IV"
213,"1000",15.5106135402862,"IV"
214,"1000",9.12437715722078,"IV"
215,"1000",9.10948639380069,"IV"
216,"1000",22.7396492078417,"IV"
217,"1000",5.71529387953718,"IV"
218,"1000",23.8634592293006,"IV"
219,"1000",11.1867520775991,"IV"
220,"1000",18.1817355951976,"IV"
221,"1000",112.615647407449,"IV"
222,"1000",26.5948251845258,"IV"
223,"1000",20.8211688803778,"IV"
224,"1000",8.83810857162466,"IV"
225,"1000",15.6818421126964,"IV"
226,"1000",-454.834870688635,"IV"
227,"1000",12.9913063605115,"IV"
228,"1000",7.56080326671621,"IV"
229,"1000",13.6868995404601,"IV"
230,"1000",18.8531184087433,"IV"
231,"1000",12.1391660049642,"IV"
232,"1000",6.28936755634261,"IV"
233,"1000",10.9774263499826,"IV"
234,"1000",178.317552345716,"IV"
235,"1000",11.9062218362257,"IV"
236,"1000",15.4892525128668,"IV"
237,"1000",12.5165057543889,"IV"
238,"1000",12.7746569584456,"IV"
239,"1000",9.35363768418511,"IV"
240,"1000",19.1734809038082,"IV"
241,"1000",10.2804751227821,"IV"
242,"1000",13.934928434008,"IV"
243,"1000",10.2097775680268,"IV"
244,"1000",21.8733744503646,"IV"
245,"1000",4.87248230146206,"IV"
246,"1000",7.06988876994842,"IV"
247,"1000",17.1056102765342,"IV"
248,"1000",12.2545721936627,"IV"
249,"1000",20.970328356706,"IV"
250,"1000",12.8939761793542,"IV"
251,"1000",12.5022506124887,"IV"
252,"1000",8.55611745511752,"IV"
253,"1000",14.2209951549914,"IV"
254,"1000",10.1102903748753,"IV"
255,"1000",6.72208011189781,"IV"
256,"1000",10.7942558637249,"IV"
257,"1000",6.15498335095979,"IV"
258,"1000",33.3943936118569,"IV"
259,"1000",9.1839193623085,"IV"
260,"1000",11.9844134222739,"IV"
261,"1000",18.1430348224719,"IV"
262,"1000",25.7518511723889,"IV"
263,"1000",8.43395024265942,"IV"
264,"1000",16.6792409821002,"IV"
265,"1000",32.4795278383324,"IV"
266,"1000",13.8091431916097,"IV"
267,"1000",12.3606885885783,"IV"
268,"1000",12.6080575759198,"IV"
269,"1000",11.9207984865111,"IV"
270,"1000",10.0527215426346,"IV"
271,"1000",13.7017164202298,"IV"
272,"1000",18.2057549503119,"IV"
273,"1000",20.5144896292048,"IV"
274,"1000",8.4149346596508,"IV"
275,"1000",9.20789728094124,"IV"
276,"1000",19.53548579107,"IV"
277,"1000",38.3544851602839,"IV"
278,"1000",34.3200554615239,"IV"
279,"1000",13.9653583364383,"IV"
280,"1000",8.73154332398242,"IV"
281,"1000",12.0939182414415,"IV"
282,"1000",9.68762763377925,"IV"
283,"1000",12.753198345867,"IV"
284,"1000",24.5160840368562,"IV"
285,"1000",8.65270501259525,"IV"
286,"1000",15.5213726877672,"IV"
287,"1000",8.89583647447126,"IV"
288,"1000",8.23587589087354,"IV"
289,"1000",9.39095167273949,"IV"
290,"1000",18.6065362716628,"IV"
291,"1000",12.2533755155498,"IV"
292,"1000",8.06770702491134,"IV"
293,"1000",144.205879200434,"IV"
294,"1000",9.04598745785377,"IV"
295,"1000",13.3025363103792,"IV"
296,"1000",677.703315002315,"IV"
297,"1000",33.4484492751259,"IV"
298,"1000",14.5368475744057,"IV"
299,"1000",35.1587485111476,"IV"
300,"1000",7.6852110333187,"IV"
301,"1000",17.5931121801262,"IV"
302,"1000",21.4905073948436,"IV"
303,"1000",24.3787983548037,"IV"
304,"1000",9.81374415070809,"IV"
305,"1000",8.33547924316586,"IV"
306,"1000",38.6523026488989,"IV"
307,"1000",8.48731983702456,"IV"
308,"1000",43.6928880110039,"IV"
309,"1000",7.86540360137875,"IV"
310,"1000",17.7146564727226,"IV"
311,"1000",16.0658009346614,"IV"
312,"1000",6.57496780565997,"IV"
313,"1000",10.0790242378155,"IV"
314,"1000",11.1806498938363,"IV"
315,"1000",8.42864101180656,"IV"
316,"1000",12.7757370359096,"IV"
317,"1000",14.5274001694196,"IV"
318,"1000",10.0256410629257,"IV"
319,"1000",24.3336936220691,"IV"
320,"1000",10.4739042204863,"IV"
321,"1000",10.6188888072987,"IV"
322,"1000",15.2781019908,"IV"
323,"1000",19.7897990613755,"IV"
324,"1000",25.3638800348932,"IV"
325,"1000",7.97056488299517,"IV"
326,"1000",11.571484021438,"IV"
327,"1000",-152.209969222191,"IV"
328,"1000",10.872574607817,"IV"
329,"1000",14.090458072397,"IV"
330,"1000",11.4626234738665,"IV"
331,"1000",34.8877928876518,"IV"
332,"1000",7.66318660039123,"IV"
333,"1000",19.1186614639429,"IV"
334,"1000",13.4221972160733,"IV"
335,"1000",9.96657509455248,"IV"
336,"1000",9.55423971254244,"IV"
337,"1000",12.4296250309827,"IV"
338,"1000",11.0599048200648,"IV"
339,"1000",9.20408112325295,"IV"
340,"1000",17.6153106815664,"IV"
341,"1000",7.04734949638245,"IV"
342,"1000",17.8627174270875,"IV"
343,"1000",60.5759126668473,"IV"
344,"1000",7.23564567943083,"IV"
345,"1000",36.0635275537823,"IV"
346,"1000",17.9610162186689,"IV"
347,"1000",16.014988919205,"IV"
348,"1000",7.31635648358727,"IV"
349,"1000",10.2920723483368,"IV"
350,"1000",11.2394177512339,"IV"
351,"1000",7.29909359159048,"IV"
352,"1000",8.40037804472342,"IV"
353,"1000",18.4602776158762,"IV"
354,"1000",67.189892335377,"IV"
355,"1000",21.263226244787,"IV"
356,"1000",-23.2275164539763,"IV"
357,"1000",10.2684461410092,"IV"
358,"1000",68.7081746788268,"IV"
359,"1000",11.183720385472,"IV"
360,"1000",17.2001661669097,"IV"
361,"1000",22.3267680033276,"IV"
362,"1000",11.7321247959206,"IV"
363,"1000",16.5625915182931,"IV"
364,"1000",22.2108531841625,"IV"
365,"1000",9.23772116440256,"IV"
366,"1000",8.09109963041853,"IV"
367,"1000",11.6135054541065,"IV"
368,"1000",9.57040144012187,"IV"
369,"1000",9.41570002365679,"IV"
370,"1000",21.2158043104989,"IV"
371,"1000",8.99710597505515,"IV"
372,"1000",8.68625911611349,"IV"
373,"1000",11.6689177555747,"IV"
374,"1000",13.8674057576774,"IV"
375,"1000",16.0354619644282,"IV"
376,"1000",12.6777721100145,"IV"
377,"1000",22.4139312143021,"IV"
378,"1000",15.2310307166343,"IV"
379,"1000",23.5457668170851,"IV"
380,"1000",8.8622704845097,"IV"
381,"1000",43.6323580514874,"IV"
382,"1000",17.085584489261,"IV"
383,"1000",7.80600786880476,"IV"
384,"1000",11.0230414003601,"IV"
385,"1000",13.0684265855009,"IV"
386,"1000",13.4059797758529,"IV"
387,"1000",22.3980058126171,"IV"
388,"1000",21.1238394211163,"IV"
389,"1000",8.84508135027544,"IV"
390,"1000",83.4526694107454,"IV"
391,"1000",9.91198258094103,"IV"
392,"1000",9.29432532436062,"IV"
393,"1000",5.94534494079269,"IV"
394,"1000",10.5186960674727,"IV"
395,"1000",13.4870058592823,"IV"
396,"1000",14.7532644749733,"IV"
397,"1000",104.420999066021,"IV"
398,"1000",19.6198131520397,"IV"
399,"1000",8.85401719536524,"IV"
400,"1000",10.7480364390988,"IV"
401,"1000",8.90312962961621,"IV"
402,"1000",10.3407044519276,"IV"
403,"1000",26.3909480618554,"IV"
404,"1000",10.6961790569478,"IV"
405,"1000",26.7596825684011,"IV"
406,"1000",9.50260174551009,"IV"
407,"1000",8.99357865955403,"IV"
408,"1000",15.4000004880728,"IV"
409,"1000",48.968726866768,"IV"
410,"1000",7.73604425047827,"IV"
411,"1000",43.0676990089176,"IV"
412,"1000",25.2963466232887,"IV"
413,"1000",8.77480414882229,"IV"
414,"1000",7.17275701266576,"IV"
415,"1000",8.53195405056484,"IV"
416,"1000",14.1192307421141,"IV"
417,"1000",10.0551141031822,"IV"
418,"1000",16.0012629146088,"IV"
419,"1000",11.8206451645125,"IV"
420,"1000",12.9288411793168,"IV"
421,"1000",12.5779265769436,"IV"
422,"1000",9.16237077559109,"IV"
423,"1000",8.07063999428653,"IV"
424,"1000",11.7803505401039,"IV"
425,"1000",12.2063884285664,"IV"
426,"1000",9.32403030560545,"IV"
427,"1000",7.74945393395223,"IV"
428,"1000",77.2222342014101,"IV"
429,"1000",10.8718518169508,"IV"
430,"1000",5.819599850272,"IV"
431,"1000",19.5215708951182,"IV"
432,"1000",6.27013072323463,"IV"
433,"1000",9.74985510383076,"IV"
434,"1000",13.3196301150572,"IV"
435,"1000",54.6196065890951,"IV"
436,"1000",12.553465666645,"IV"
437,"1000",10.9774640589878,"IV"
438,"1000",20.9566175821224,"IV"
439,"1000",14.2556145658605,"IV"
440,"1000",23.1422841034695,"IV"
441,"1000",10.2140045827919,"IV"
442,"1000",12.3715673578511,"IV"
443,"1000",57.4833797171808,"IV"
444,"1000",12.6715193193062,"IV"
445,"1000",11.9510052258352,"IV"
446,"1000",10.3539774981145,"IV"
447,"1000",29.4929539826384,"IV"
448,"1000",7.46803967988019,"IV"
449,"1000",20.9236767024893,"IV"
450,"1000",14.3928363230747,"IV"
451,"1000",16.4936175992125,"IV"
452,"1000",16.5327242586081,"IV"
453,"1000",15.0690544319697,"IV"
454,"1000",14.0241959768135,"IV"
455,"1000",24.4049123132848,"IV"
456,"1000",9.71747571721774,"IV"
457,"1000",12.3552184872413,"IV"
458,"1000",25.3264691994905,"IV"
459,"1000",9.94425688619108,"IV"
460,"1000",10.3036257367331,"IV"
461,"1000",12.7440120000956,"IV"
462,"1000",15.291451131125,"IV"
463,"1000",12.8084421918176,"IV"
464,"1000",12.0539762750498,"IV"
465,"1000",27.5179631225563,"IV"
466,"1000",15.8384340230781,"IV"
467,"1000",5.94492313198271,"IV"
468,"1000",11.9719611861678,"IV"
469,"1000",21.7322748583979,"IV"
470,"1000",35.4504654190813,"IV"
471,"1000",19.3875518250407,"IV"
472,"1000",15.5852095035865,"IV"
473,"1000",74.8480106509214,"IV"
474,"1000",6.74330918139316,"IV"
475,"1000",21.0953248919437,"IV"
476,"1000",38.2689445012179,"IV"
477,"1000",8.2641517086026,"IV"
478,"1000",9.52023433972444,"IV"
479,"1000",33.782552845303,"IV"
480,"1000",20.7804012394033,"IV"
481,"1000",24.7325973290203,"IV"
482,"1000",11.1048593262778,"IV"
483,"1000",12.7218796907318,"IV"
484,"1000",11.2986591675732,"IV"
485,"1000",20.6853053064126,"IV"
486,"1000",25.1083941691456,"IV"
487,"1000",23.0494531345687,"IV"
488,"1000",25.2249363392253,"IV"
489,"1000",25.8458485639112,"IV"
490,"1000",16.1122779160389,"IV"
491,"1000",-44.8606525961199,"IV"
492,"1000",18.3046832311458,"IV"
493,"1000",13.3052798229574,"IV"
494,"1000",13.4567570655837,"IV"
495,"1000",26.4933211783367,"IV"
496,"1000",9.27356968812461,"IV"
497,"1000",13.5198499010373,"IV"
498,"1000",9.35359440590523,"IV"
499,"1000",14.6286848884065,"IV"
500,"1000",12.4290796882111,"IV"
501,"1000",10.2244987723551,"IV"
502,"1000",10.2250616665945,"IV"
503,"1000",8.4827345218315,"IV"
504,"1000",34.2699013946084,"IV"
505,"1000",25.7810822856652,"IV"
506,"1000",34.5563394768395,"IV"
507,"1000",12.5202226566789,"IV"
508,"1000",8.92652557360537,"IV"
509,"1000",12.568193684386,"IV"
510,"1000",11.5683406839091,"IV"
511,"1000",13.9518091042771,"IV"
512,"1000",9.67886424843795,"IV"
513,"1000",12.3709930782859,"IV"
514,"1000",40.0226849966653,"IV"
515,"1000",7.65858327455526,"IV"
516,"1000",7.27294317462537,"IV"
517,"1000",7.79503925870991,"IV"
518,"1000",9.80383069112539,"IV"
519,"1000",11.3207543564272,"IV"
520,"1000",8.52352030189586,"IV"
521,"1000",12.5318183901966,"IV"
522,"1000",13.5737768779154,"IV"
523,"1000",26.4808934006572,"IV"
524,"1000",11.0730933623635,"IV"
525,"1000",15.2978658910094,"IV"
526,"1000",9.55552873606405,"IV"
527,"1000",9.44206946934773,"IV"
528,"1000",7.83349402275132,"IV"
529,"1000",17.7866646360338,"IV"
530,"1000",23.5501313315608,"IV"
531,"1000",12.8388566238876,"IV"
532,"1000",24.6709101131528,"IV"
533,"1000",11.168588240052,"IV"
534,"1000",10.6353033115421,"IV"
535,"1000",10.8799080411674,"IV"
536,"1000",20.2006190833317,"IV"
537,"1000",9.93369078524471,"IV"
538,"1000",10.7604099956113,"IV"
539,"1000",14.2293879592708,"IV"
540,"1000",13.9687415066298,"IV"
541,"1000",20.7263313955722,"IV"
542,"1000",15.0239837007249,"IV"
543,"1000",19.3772730849908,"IV"
544,"1000",15.088678042231,"IV"
545,"1000",98.2318624335524,"IV"
546,"1000",8.60238385392194,"IV"
547,"1000",12.9197255361164,"IV"
548,"1000",15.2580253983478,"IV"
549,"1000",10.9983389167202,"IV"
550,"1000",12.0751060273791,"IV"
551,"1000",8.24669399961082,"IV"
552,"1000",23.168457551827,"IV"
553,"1000",30.4299572379228,"IV"
554,"1000",9.48699601507336,"IV"
555,"1000",11.2100025897985,"IV"
556,"1000",9.45482463812649,"IV"
557,"1000",7.39212103112305,"IV"
558,"1000",11.7350234792225,"IV"
559,"1000",14.8335060393628,"IV"
560,"1000",13.430222875155,"IV"
561,"1000",10.3203730671944,"IV"
562,"1000",31.2424746808674,"IV"
563,"1000",9.90332207509784,"IV"
564,"1000",22.8345294883808,"IV"
565,"1000",10.0403225934098,"IV"
566,"1000",11.3884361205667,"IV"
567,"1000",10.7468669643733,"IV"
568,"1000",14.7563239385571,"IV"
569,"1000",8.49631107878585,"IV"
570,"1000",12.886049387185,"IV"
571,"1000",22.830527946478,"IV"
572,"1000",76.804005097438,"IV"
573,"1000",10.4889531161184,"IV"
574,"1000",20.5966065357684,"IV"
575,"1000",13.016014695472,"IV"
576,"1000",19.712847438054,"IV"
577,"1000",21.5532223525592,"IV"
578,"1000",18.4764306792493,"IV"
579,"1000",14.156534035656,"IV"
580,"1000",9.43467951861493,"IV"
581,"1000",19.657824192274,"IV"
582,"1000",28.7960598213541,"IV"
583,"1000",12.5168097142311,"IV"
584,"1000",17.5177958609896,"IV"
585,"1000",19.533904556185,"IV"
586,"1000",16.0304188967413,"IV"
587,"1000",-36.8144343124934,"IV"
588,"1000",16.729564901975,"IV"
589,"1000",26.4746316434808,"IV"
590,"1000",11.6735914955899,"IV"
591,"1000",5.50628788087505,"IV"
592,"1000",9.96613652915813,"IV"
593,"1000",13.5338348465741,"IV"
594,"1000",10.2860584590259,"IV"
595,"1000",15.1176557042094,"IV"
596,"1000",6.89522625769491,"IV"
597,"1000",-28.7005429013374,"IV"
598,"1000",36.9119257467527,"IV"
599,"1000",9.51138274387122,"IV"
600,"1000",26.8423382709514,"IV"
601,"1000",41.0172533044243,"IV"
602,"1000",7.63853580313038,"IV"
603,"1000",16.0577557126304,"IV"
604,"1000",18.462812597525,"IV"
605,"1000",6.99761119908973,"IV"
606,"1000",14.7764767407742,"IV"
607,"1000",9.10775618814685,"IV"
608,"1000",12.2582309325155,"IV"
609,"1000",13.167483435531,"IV"
610,"1000",38.1125307605379,"IV"
611,"1000",9.23488869064599,"IV"
612,"1000",26.7953918841043,"IV"
613,"1000",17.2113450070388,"IV"
614,"1000",47.5364326118592,"IV"
615,"1000",15.2937107536895,"IV"
616,"1000",27.7098080564099,"IV"
617,"1000",70.1066694591442,"IV"
618,"1000",16.9155471510928,"IV"
619,"1000",6.0154025624053,"IV"
620,"1000",17.9073073802371,"IV"
621,"1000",12.588250851903,"IV"
622,"1000",11.1695946337619,"IV"
623,"1000",7.40865638808619,"IV"
624,"1000",8.12561264410948,"IV"
625,"1000",8.75982397129543,"IV"
626,"1000",12.3679408175346,"IV"
627,"1000",10.4619406444505,"IV"
628,"1000",10.7531976110649,"IV"
629,"1000",18.6581641285676,"IV"
630,"1000",8.23656961753597,"IV"
631,"1000",13.3661228941566,"IV"
632,"1000",16.6381912051518,"IV"
633,"1000",7.56807473890543,"IV"
634,"1000",-88.7768004050213,"IV"
635,"1000",20.6283081021548,"IV"
636,"1000",12.2905633115291,"IV"
637,"1000",10.3026536625032,"IV"
638,"1000",11.5138486455675,"IV"
639,"1000",9.69555580501748,"IV"
640,"1000",8.04969640913692,"IV"
641,"1000",7.15833768710149,"IV"
642,"1000",11.2468828818204,"IV"
643,"1000",12.8645860790124,"IV"
644,"1000",46.9014066386359,"IV"
645,"1000",20.1688701474502,"IV"
646,"1000",8.71543189400073,"IV"
647,"1000",20.4374177364276,"IV"
648,"1000",61.3595865462309,"IV"
649,"1000",24.6745685122525,"IV"
650,"1000",-103.708886257618,"IV"
651,"1000",10.4257075625125,"IV"
652,"1000",9.44670740863676,"IV"
653,"1000",19.9311087982553,"IV"
654,"1000",14.3805131815636,"IV"
655,"1000",13.3994248640958,"IV"
656,"1000",13.1557260855558,"IV"
657,"1000",28.9860109167948,"IV"
658,"1000",14.2660980070247,"IV"
659,"1000",8.31799573616193,"IV"
660,"1000",19.5843736366273,"IV"
661,"1000",51.4957150351393,"IV"
662,"1000",7.22199567825178,"IV"
663,"1000",10.625538971115,"IV"
664,"1000",9.92083179877566,"IV"
665,"1000",44.7598710512025,"IV"
666,"1000",13.9512550564893,"IV"
667,"1000",16.7400904034347,"IV"
668,"1000",8.86798924658615,"IV"
669,"1000",9.36414802849098,"IV"
670,"1000",12.1867996239171,"IV"
671,"1000",28.7354762698696,"IV"
672,"1000",8.75968515003924,"IV"
673,"1000",10.6697598625264,"IV"
674,"1000",8.32795711108367,"IV"
675,"1000",9.46628941530892,"IV"
676,"1000",6.63365092273811,"IV"
677,"1000",6.75111177006007,"IV"
678,"1000",8.00368844142364,"IV"
679,"1000",15.2314654403824,"IV"
680,"1000",8.16241765682341,"IV"
681,"1000",9.84769539462219,"IV"
682,"1000",8.9777777503904,"IV"
683,"1000",12.6439860168879,"IV"
684,"1000",30.8531676604854,"IV"
685,"1000",17.798963108116,"IV"
686,"1000",12.6841388498646,"IV"
687,"1000",22.4221803300748,"IV"
688,"1000",7.24236781932014,"IV"
689,"1000",6.92140754471913,"IV"
690,"1000",11.9288913244097,"IV"
691,"1000",7.38431631014583,"IV"
692,"1000",13.5213268863051,"IV"
693,"1000",18.5564225727148,"IV"
694,"1000",26.69405031342,"IV"
695,"1000",21.9578623186747,"IV"
696,"1000",16.7839793717892,"IV"
697,"1000",6.64999997119617,"IV"
698,"1000",8.6400753083112,"IV"
699,"1000",-58.7909753470124,"IV"
700,"1000",13.4411138078903,"IV"
701,"1000",11.337070295246,"IV"
702,"1000",14.9027189251488,"IV"
703,"1000",29.8876940279596,"IV"
704,"1000",10.6763250621135,"IV"
705,"1000",16.3454517263431,"IV"
706,"1000",14.5521010140307,"IV"
707,"1000",11.627149423302,"IV"
708,"1000",13.5725418269908,"IV"
709,"1000",9.44590856804999,"IV"
710,"1000",10.5258378511309,"IV"
711,"1000",12.8374751413008,"IV"
712,"1000",12.9974833428512,"IV"
713,"1000",15.1641327345888,"IV"
714,"1000",7.62104161995509,"IV"
715,"1000",17.7857252285087,"IV"
716,"1000",75.2065972924116,"IV"
717,"1000",15.7158056842674,"IV"
718,"1000",14.0535021780908,"IV"
719,"1000",10.0114955541605,"IV"
720,"1000",9.34659207117619,"IV"
721,"1000",14.4137909661178,"IV"
722,"1000",10.6348345606353,"IV"
723,"1000",13.8866116160365,"IV"
724,"1000",8.39471439557015,"IV"
725,"1000",33.6026651734922,"IV"
726,"1000",9.81460408168829,"IV"
727,"1000",7.67794973941847,"IV"
728,"1000",14.6250001536521,"IV"
729,"1000",40.0282297689295,"IV"
730,"1000",9.85749169732953,"IV"
731,"1000",20.743408433653,"IV"
732,"1000",11.1279813273414,"IV"
733,"1000",12.7987254324378,"IV"
734,"1000",9.80877408158422,"IV"
735,"1000",27.8817493663402,"IV"
736,"1000",14.1240278042894,"IV"
737,"1000",9.66180675498545,"IV"
738,"1000",17.4649960842698,"IV"
739,"1000",9.29747327716085,"IV"
740,"1000",19.3257579822065,"IV"
741,"1000",14.0625397046077,"IV"
742,"1000",37.9275606857731,"IV"
743,"1000",11.1965569825134,"IV"
744,"1000",12.2572535568904,"IV"
745,"1000",11.1285714949157,"IV"
746,"1000",9.22503747052253,"IV"
747,"1000",19.7896381925739,"IV"
748,"1000",8.97435429876514,"IV"
749,"1000",8.23745134700881,"IV"
750,"1000",14.5703029751429,"IV"
751,"1000",11.6080860814855,"IV"
752,"1000",15.1992252397534,"IV"
753,"1000",9.89475777954381,"IV"
754,"1000",38.4158426950449,"IV"
755,"1000",56.1323601783642,"IV"
756,"1000",16.8296247312153,"IV"
757,"1000",18.0714293835933,"IV"
758,"1000",11.7979868521292,"IV"
759,"1000",11.3952436670862,"IV"
760,"1000",9.65066674521139,"IV"
761,"1000",18.843676241898,"IV"
762,"1000",49.3071872226157,"IV"
763,"1000",47.6756878226848,"IV"
764,"1000",20.5288609399002,"IV"
765,"1000",10.0739665788257,"IV"
766,"1000",6.54236208099354,"IV"
767,"1000",-232.195552841739,"IV"
768,"1000",6.15198032531126,"IV"
769,"1000",11.4912899890957,"IV"
770,"1000",17.990978331769,"IV"
771,"1000",6.43702672106619,"IV"
772,"1000",6.95919161208287,"IV"
773,"1000",8.51351352339258,"IV"
774,"1000",7.46346866922822,"IV"
775,"1000",14.4287445278846,"IV"
776,"1000",14.5378790348038,"IV"
777,"1000",12.5395891157774,"IV"
778,"1000",14.4733245782882,"IV"
779,"1000",7.5325416869699,"IV"
780,"1000",13.9008080896468,"IV"
781,"1000",22.794840481913,"IV"
782,"1000",10.6663459747063,"IV"
783,"1000",12.5799609045041,"IV"
784,"1000",24.5007443607597,"IV"
785,"1000",10.469074944146,"IV"
786,"1000",23.2324006926007,"IV"
787,"1000",12.1517139116795,"IV"
788,"1000",12.3166047306818,"IV"
789,"1000",20.1490826902009,"IV"
790,"1000",8.69002694456134,"IV"
791,"1000",12.3253225653522,"IV"
792,"1000",-16.7416452805494,"IV"
793,"1000",11.3361873274649,"IV"
794,"1000",11.7531535082744,"IV"
795,"1000",16.4646029668793,"IV"
796,"1000",8.72989217511688,"IV"
797,"1000",12.7684941386207,"IV"
798,"1000",27.6214431022895,"IV"
799,"1000",14.0186093688059,"IV"
800,"1000",9.26043566482045,"IV"
801,"1000",-88.383823726144,"IV"
802,"1000",23.0490368408677,"IV"
803,"1000",8.67050331399167,"IV"
804,"1000",12.0077751720796,"IV"
805,"1000",7.00292089495859,"IV"
806,"1000",14.728880743326,"IV"
807,"1000",13.2098228453285,"IV"
808,"1000",12.865491347162,"IV"
809,"1000",8.24049890214547,"IV"
810,"1000",10.5133855229635,"IV"
811,"1000",14.4984924394296,"IV"
812,"1000",15.8748122808756,"IV"
813,"1000",18.1995363658092,"IV"
814,"1000",8.21661170215331,"IV"
815,"1000",11.4979620832432,"IV"
816,"1000",13.5121243949783,"IV"
817,"1000",18.5677226925063,"IV"
818,"1000",7.11254128805014,"IV"
819,"1000",18.4906652153001,"IV"
820,"1000",18.1662784995557,"IV"
821,"1000",14.6574787462707,"IV"
822,"1000",10.1950934929734,"IV"
823,"1000",8.68068528461128,"IV"
824,"1000",22.4011892759034,"IV"
825,"1000",9.7988583411381,"IV"
826,"1000",12.523040104979,"IV"
827,"1000",22.9718738506419,"IV"
828,"1000",14.1282625402317,"IV"
829,"1000",15.1562089903534,"IV"
830,"1000",10.1843208714281,"IV"
831,"1000",14.6145067723554,"IV"
832,"1000",17.3117377459873,"IV"
833,"1000",8.14677753984327,"IV"
834,"1000",31.7256558824126,"IV"
835,"1000",19.0014163119785,"IV"
836,"1000",16.3133935615423,"IV"
837,"1000",8.04469019114858,"IV"
838,"1000",10.6310516604068,"IV"
839,"1000",11.7509616196204,"IV"
840,"1000",16.7016665606436,"IV"
841,"1000",8.22900564737764,"IV"
842,"1000",32.9061990208295,"IV"
843,"1000",10.7303206196361,"IV"
844,"1000",6.76405962814811,"IV"
845,"1000",46.1839010933646,"IV"
846,"1000",11.2617133362593,"IV"
847,"1000",9.97258404350195,"IV"
848,"1000",11.0481010348089,"IV"
849,"1000",29.4687818002139,"IV"
850,"1000",7.21654352226393,"IV"
851,"1000",14.3267003035394,"IV"
852,"1000",10.9658418969769,"IV"
853,"1000",12.6877123679001,"IV"
854,"1000",24.8924977859739,"IV"
855,"1000",7.35085039510602,"IV"
856,"1000",21.1593945592308,"IV"
857,"1000",10.6205976044601,"IV"
858,"1000",17.8100132587034,"IV"
859,"1000",14.4426833347764,"IV"
860,"1000",8.03039245804666,"IV"
861,"1000",7.35313948969331,"IV"
862,"1000",14.0783108603125,"IV"
863,"1000",6.77921491462129,"IV"
864,"1000",18.8566855843902,"IV"
865,"1000",10.9766205397136,"IV"
866,"1000",8.80573226521987,"IV"
867,"1000",12.5201283961796,"IV"
868,"1000",9.84021540970375,"IV"
869,"1000",7.42063166383992,"IV"
870,"1000",12.5043060630059,"IV"
871,"1000",10.9268852584892,"IV"
872,"1000",32.7080070091549,"IV"
873,"1000",34.4330846651083,"IV"
874,"1000",8.50667265977223,"IV"
875,"1000",7.68778457007635,"IV"
876,"1000",6.92549320910893,"IV"
877,"1000",11.0530510434056,"IV"
878,"1000",15.0736167917012,"IV"
879,"1000",25.9916265844691,"IV"
880,"1000",11.5935578861755,"IV"
881,"1000",14.2122589616302,"IV"
882,"1000",14.810465698114,"IV"
883,"1000",23.8661943390655,"IV"
884,"1000",14.4008948138731,"IV"
885,"1000",16.4437088912846,"IV"
886,"1000",6.42312481626859,"IV"
887,"1000",9.78048782955703,"IV"
888,"1000",33.4326416171037,"IV"
889,"1000",21.1123398491175,"IV"
890,"1000",7.98251274929402,"IV"
891,"1000",11.3100377608175,"IV"
892,"1000",9.99238386722646,"IV"
893,"1000",20.1135937134826,"IV"
894,"1000",11.1194477386077,"IV"
895,"1000",9.77597148999132,"IV"
896,"1000",12.7105007312969,"IV"
897,"1000",11.2335548028461,"IV"
898,"1000",11.3625624244698,"IV"
899,"1000",32.5601171446611,"IV"
900,"1000",10.9191723712813,"IV"
901,"1000",22.9092138078402,"IV"
902,"1000",12.773451532361,"IV"
903,"1000",19.8195962635936,"IV"
904,"1000",10.910023312916,"IV"
905,"1000",22.6077091088037,"IV"
906,"1000",30.6612920176781,"IV"
907,"1000",11.4867348597884,"IV"
908,"1000",166.424830555961,"IV"
909,"1000",13.4358554323469,"IV"
910,"1000",13.1613167749635,"IV"
911,"1000",11.7187501226813,"IV"
912,"1000",6.90309755966828,"IV"
913,"1000",9.20874807934991,"IV"
914,"1000",11.0032738605234,"IV"
915,"1000",11.0426404101487,"IV"
916,"1000",9.55769231363072,"IV"
917,"1000",12.6994260643276,"IV"
918,"1000",26.0054996618984,"IV"
919,"1000",17.143029571558,"IV"
920,"1000",14.0540486627243,"IV"
921,"1000",26.4357271510932,"IV"
922,"1000",9.28407261732234,"IV"
923,"1000",30.0270364500365,"IV"
924,"1000",180.366625224542,"IV"
925,"1000",7.41067231323197,"IV"
926,"1000",8.33729199414034,"IV"
927,"1000",11.411210264378,"IV"
928,"1000",15.3338297691382,"IV"
929,"1000",17.2634697661298,"IV"
930,"1000",31.5085592335576,"IV"
931,"1000",10.2721855437115,"IV"
932,"1000",7.67049920707927,"IV"
933,"1000",27.6841034125284,"IV"
934,"1000",8.2407200221777,"IV"
935,"1000",43.514324800707,"IV"
936,"1000",13.7466586093524,"IV"
937,"1000",13.4521194434397,"IV"
938,"1000",8.03434869656408,"IV"
939,"1000",17.8100185262329,"IV"
940,"1000",34.8735336033347,"IV"
941,"1000",10.6631669797379,"IV"
942,"1000",8.47826224953862,"IV"
943,"1000",6.44185932752302,"IV"
944,"1000",19.079016457788,"IV"
945,"1000",10.7246298070712,"IV"
946,"1000",7.99214344566885,"IV"
947,"1000",21.7317165771292,"IV"
948,"1000",10.6551113261477,"IV"
949,"1000",9.62256826407361,"IV"
950,"1000",12.9416368668662,"IV"
951,"1000",13.503099038399,"IV"
952,"1000",17.4282008901662,"IV"
953,"1000",11.6881640427132,"IV"
954,"1000",12.1673148753537,"IV"
955,"1000",46.5534320347736,"IV"
956,"1000",9.50359646783632,"IV"
957,"1000",18.2198168187062,"IV"
958,"1000",10.1275674410846,"IV"
959,"1000",8.14953862618213,"IV"
960,"1000",39.6479108766308,"IV"
961,"1000",9.99128440315754,"IV"
962,"1000",27.7716925652072,"IV"
963,"1000",19.7180597704079,"IV"
964,"1000",10.9369970184591,"IV"
965,"1000",7.7208446666787,"IV"
966,"1000",7.33483501543407,"IV"
967,"1000",10.8341826202272,"IV"
968,"1000",-141.699749412888,"IV"
969,"1000",22.9920373215567,"IV"
970,"1000",-57.6763469933134,"IV"
971,"1000",12.0436009564589,"IV"
972,"1000",11.2783680745525,"IV"
973,"1000",12.3189318353452,"IV"
974,"1000",7.39242281790052,"IV"
975,"1000",13.8181030827732,"IV"
976,"1000",14.0050144838053,"IV"
977,"1000",10.0033435065124,"IV"
978,"1000",8.89876902480328,"IV"
979,"1000",12.4726630314472,"IV"
980,"1000",14.1389181038245,"IV"
981,"1000",18.2840938292088,"IV"
982,"1000",20.1211730746562,"IV"
983,"1000",8.01529432950914,"IV"
984,"1000",8.66363005629383,"IV"
985,"1000",7.93756541641055,"IV"
986,"1000",11.9919099841283,"IV"
987,"1000",33.2979952996908,"IV"
988,"1000",31.1797366645751,"IV"
989,"1000",16.7439149338554,"IV"
990,"1000",14.4125224276388,"IV"
991,"1000",8.35984335088055,"IV"
992,"1000",14.2497142900987,"IV"
993,"1000",18.1833368414046,"IV"
994,"1000",7.1816376886996,"IV"
995,"1000",18.1461417100563,"IV"
996,"1000",7.92668623014331,"IV"
997,"1000",13.0390605037557,"IV"
998,"1000",12.1350989562183,"IV"
999,"1000",27.6347917947003,"IV"
1000,"1000",6.38036897327549,"IV"
1,"2000",8.3692624095834,"IV"
2,"2000",9.22555842878507,"IV"
3,"2000",11.1466872036712,"IV"
4,"2000",9.81310015929964,"IV"
5,"2000",13.3984267710373,"IV"
6,"2000",11.7238758951691,"IV"
7,"2000",9.63750274844273,"IV"
8,"2000",20.3351577831172,"IV"
9,"2000",19.5939057902475,"IV"
10,"2000",15.7267753273213,"IV"
11,"2000",9.29923444071056,"IV"
12,"2000",20.8127960196721,"IV"
13,"2000",10.7560533690519,"IV"
14,"2000",10.5007848509099,"IV"
15,"2000",8.43412179572929,"IV"
16,"2000",14.7566061198395,"IV"
17,"2000",8.34169905296651,"IV"
18,"2000",13.4421325048329,"IV"
19,"2000",11.5828416110382,"IV"
20,"2000",15.1415141865325,"IV"
21,"2000",14.4700326056514,"IV"
22,"2000",11.7027579551167,"IV"
23,"2000",18.3756015070851,"IV"
24,"2000",15.056274589402,"IV"
25,"2000",42.6019588003575,"IV"
26,"2000",10.6134300565981,"IV"
27,"2000",7.32855952737009,"IV"
28,"2000",10.6188704813102,"IV"
29,"2000",22.184115420963,"IV"
30,"2000",22.7504139381573,"IV"
31,"2000",10.0386117699949,"IV"
32,"2000",11.4859677873324,"IV"
33,"2000",10.1770475971129,"IV"
34,"2000",11.45509569025,"IV"
35,"2000",12.034817882337,"IV"
36,"2000",12.791505612051,"IV"
37,"2000",10.8992428795249,"IV"
38,"2000",10.7003856080764,"IV"
39,"2000",15.0178523815031,"IV"
40,"2000",7.63621964192613,"IV"
41,"2000",15.3972368800312,"IV"
42,"2000",12.7775945103123,"IV"
43,"2000",10.1755298172894,"IV"
44,"2000",11.281093257227,"IV"
45,"2000",12.0007566642421,"IV"
46,"2000",9.74972838644717,"IV"
47,"2000",17.6128583918389,"IV"
48,"2000",10.7488040039359,"IV"
49,"2000",11.4166532113737,"IV"
50,"2000",21.2181865487872,"IV"
51,"2000",15.8482981911435,"IV"
52,"2000",13.4704359511366,"IV"
53,"2000",146.631423024807,"IV"
54,"2000",12.3268879843357,"IV"
55,"2000",14.2596210581638,"IV"
56,"2000",13.0201550117892,"IV"
57,"2000",8.22315421944567,"IV"
58,"2000",17.0216871449634,"IV"
59,"2000",9.59671553033602,"IV"
60,"2000",13.7313323399999,"IV"
61,"2000",21.3303596530426,"IV"
62,"2000",13.8524619503489,"IV"
63,"2000",26.664482986458,"IV"
64,"2000",14.7045039659404,"IV"
65,"2000",11.9378430527415,"IV"
66,"2000",36.4809070340455,"IV"
67,"2000",60.9599839341382,"IV"
68,"2000",8.38405753158672,"IV"
69,"2000",11.517410546015,"IV"
70,"2000",12.3864775449224,"IV"
71,"2000",9.31367770882491,"IV"
72,"2000",7.2280612630454,"IV"
73,"2000",17.0364326971564,"IV"
74,"2000",14.1871297454074,"IV"
75,"2000",10.5123362831476,"IV"
76,"2000",13.3184245056017,"IV"
77,"2000",12.0280124838508,"IV"
78,"2000",13.5982615852002,"IV"
79,"2000",8.70630102471534,"IV"
80,"2000",12.1414205892149,"IV"
81,"2000",8.05555547908423,"IV"
82,"2000",11.5208647968483,"IV"
83,"2000",9.37669970822671,"IV"
84,"2000",13.3546481205997,"IV"
85,"2000",16.1888454468388,"IV"
86,"2000",9.19844398562996,"IV"
87,"2000",12.6159977287088,"IV"
88,"2000",10.0642654731548,"IV"
89,"2000",17.7008381458102,"IV"
90,"2000",15.027861415156,"IV"
91,"2000",7.70993053154989,"IV"
92,"2000",15.4524641077138,"IV"
93,"2000",7.22080392219106,"IV"
94,"2000",16.5428072890252,"IV"
95,"2000",19.0626402584288,"IV"
96,"2000",10.6423649910394,"IV"
97,"2000",9.65164633503379,"IV"
98,"2000",11.102403010828,"IV"
99,"2000",14.0668587957393,"IV"
100,"2000",7.12935166489521,"IV"
101,"2000",14.4046343401478,"IV"
102,"2000",10.5594348216714,"IV"
103,"2000",12.83756628361,"IV"
104,"2000",13.996606403081,"IV"
105,"2000",15.4637185717458,"IV"
106,"2000",40.1295453192938,"IV"
107,"2000",89.8719410353106,"IV"
108,"2000",12.4283417883559,"IV"
109,"2000",22.9761988339142,"IV"
110,"2000",19.9542152153884,"IV"
111,"2000",12.3255117416791,"IV"
112,"2000",16.9962132730538,"IV"
113,"2000",14.446884959359,"IV"
114,"2000",11.9060082397171,"IV"
115,"2000",16.1281864738464,"IV"
116,"2000",21.7890353035277,"IV"
117,"2000",13.9944283274022,"IV"
118,"2000",16.710858956427,"IV"
119,"2000",14.7406450809254,"IV"
120,"2000",15.9884904738615,"IV"
121,"2000",15.5316948296616,"IV"
122,"2000",13.0579950112577,"IV"
123,"2000",11.7813931261606,"IV"
124,"2000",8.6973084257689,"IV"
125,"2000",16.819662258324,"IV"
126,"2000",13.781868830169,"IV"
127,"2000",18.7481563705092,"IV"
128,"2000",11.5458423419407,"IV"
129,"2000",14.0932584061248,"IV"
130,"2000",11.7048473901622,"IV"
131,"2000",22.0742993160083,"IV"
132,"2000",9.53541554004103,"IV"
133,"2000",20.6590176549428,"IV"
134,"2000",9.06338401933605,"IV"
135,"2000",8.53267119192396,"IV"
136,"2000",-587.544181443304,"IV"
137,"2000",18.471593385567,"IV"
138,"2000",15.827870257829,"IV"
139,"2000",45.3585863357778,"IV"
140,"2000",9.89093412967665,"IV"
141,"2000",14.7498853954633,"IV"
142,"2000",9.07356746774039,"IV"
143,"2000",16.6554001231746,"IV"
144,"2000",21.1545360307064,"IV"
145,"2000",375.326387122232,"IV"
146,"2000",8.6208457083334,"IV"
147,"2000",12.0851108417079,"IV"
148,"2000",9.87055460172186,"IV"
149,"2000",16.4316475753002,"IV"
150,"2000",12.3611002706039,"IV"
151,"2000",9.01454101943462,"IV"
152,"2000",11.4360977674768,"IV"
153,"2000",16.1115926941193,"IV"
154,"2000",10.5420922702408,"IV"
155,"2000",14.9857376884453,"IV"
156,"2000",11.7919093840969,"IV"
157,"2000",14.7153964762057,"IV"
158,"2000",9.53165131050682,"IV"
159,"2000",9.81234418234309,"IV"
160,"2000",11.8336615420463,"IV"
161,"2000",19.5047464886016,"IV"
162,"2000",11.7899430215529,"IV"
163,"2000",23.6850901219772,"IV"
164,"2000",8.46819839909597,"IV"
165,"2000",20.3459838711096,"IV"
166,"2000",11.7892379508667,"IV"
167,"2000",10.5471995751936,"IV"
168,"2000",12.1197034504636,"IV"
169,"2000",12.810645156851,"IV"
170,"2000",15.2665832513317,"IV"
171,"2000",9.426063755753,"IV"
172,"2000",14.1969307567272,"IV"
173,"2000",79.886564872624,"IV"
174,"2000",8.22123318853786,"IV"
175,"2000",8.47066634024905,"IV"
176,"2000",9.79205904255524,"IV"
177,"2000",11.3098039960499,"IV"
178,"2000",24.7476572913717,"IV"
179,"2000",12.4653704120084,"IV"
180,"2000",11.1406834734608,"IV"
181,"2000",10.5774297371831,"IV"
182,"2000",8.52665001224518,"IV"
183,"2000",8.24506789184711,"IV"
184,"2000",30.5497660292031,"IV"
185,"2000",15.8309837270779,"IV"
186,"2000",15.7927163306618,"IV"
187,"2000",12.9742920844827,"IV"
188,"2000",8.36048983436773,"IV"
189,"2000",21.0166176919279,"IV"
190,"2000",18.3238645322429,"IV"
191,"2000",9.8963225256396,"IV"
192,"2000",11.9682777523353,"IV"
193,"2000",15.8932528775583,"IV"
194,"2000",9.83160736276099,"IV"
195,"2000",11.9486201442893,"IV"
196,"2000",16.5672509252647,"IV"
197,"2000",9.4233360177297,"IV"
198,"2000",26.4972914437203,"IV"
199,"2000",14.5342850355326,"IV"
200,"2000",11.6876862214217,"IV"
201,"2000",18.4468711076715,"IV"
202,"2000",12.2669871178423,"IV"
203,"2000",13.3383756860311,"IV"
204,"2000",12.604960154791,"IV"
205,"2000",11.6340226526584,"IV"
206,"2000",40.4461626282214,"IV"
207,"2000",12.9407534194139,"IV"
208,"2000",19.245592667002,"IV"
209,"2000",26.8811525758513,"IV"
210,"2000",11.5688718573074,"IV"
211,"2000",11.448751011701,"IV"
212,"2000",19.3500011276254,"IV"
213,"2000",10.6471290246184,"IV"
214,"2000",9.7022134197691,"IV"
215,"2000",10.1269718858468,"IV"
216,"2000",21.3126431775029,"IV"
217,"2000",11.8088967457063,"IV"
218,"2000",32.9330322491342,"IV"
219,"2000",12.2544147795563,"IV"
220,"2000",8.358144919796,"IV"
221,"2000",14.5011140718371,"IV"
222,"2000",13.8303365424243,"IV"
223,"2000",25.8970760070078,"IV"
224,"2000",19.7477607578903,"IV"
225,"2000",15.344755386549,"IV"
226,"2000",17.0002166146243,"IV"
227,"2000",24.4473615070091,"IV"
228,"2000",8.73915906382441,"IV"
229,"2000",26.2102316662888,"IV"
230,"2000",14.3853543486986,"IV"
231,"2000",9.37185708655312,"IV"
232,"2000",18.4755361899714,"IV"
233,"2000",20.233533124682,"IV"
234,"2000",15.8127653909806,"IV"
235,"2000",9.66964089446497,"IV"
236,"2000",13.8610754707174,"IV"
237,"2000",14.2708371033783,"IV"
238,"2000",6.6720270777208,"IV"
239,"2000",14.4310986967751,"IV"
240,"2000",12.2756304567669,"IV"
241,"2000",18.2917295561275,"IV"
242,"2000",18.2890878316952,"IV"
243,"2000",10.7737551956651,"IV"
244,"2000",12.3548028882235,"IV"
245,"2000",9.02083355986273,"IV"
246,"2000",9.43790796214518,"IV"
247,"2000",12.9053267134535,"IV"
248,"2000",11.0171560171237,"IV"
249,"2000",15.4473527925447,"IV"
250,"2000",8.67138825835169,"IV"
251,"2000",13.7477689065397,"IV"
252,"2000",10.2762503809197,"IV"
253,"2000",11.0994788010491,"IV"
254,"2000",12.667375765283,"IV"
255,"2000",14.8553378953282,"IV"
256,"2000",10.1831282764778,"IV"
257,"2000",11.4202124260309,"IV"
258,"2000",13.675687477367,"IV"
259,"2000",14.0139129824313,"IV"
260,"2000",26.6951736075478,"IV"
261,"2000",11.5787588004906,"IV"
262,"2000",9.4625171086038,"IV"
263,"2000",27.3650262107822,"IV"
264,"2000",14.3509309400513,"IV"
265,"2000",8.03860241670971,"IV"
266,"2000",8.13129614824173,"IV"
267,"2000",11.8343745344944,"IV"
268,"2000",14.2080760471372,"IV"
269,"2000",13.5403364089799,"IV"
270,"2000",12.5898470074753,"IV"
271,"2000",12.6084465814791,"IV"
272,"2000",13.2454461077492,"IV"
273,"2000",14.1389430351783,"IV"
274,"2000",20.8130223104398,"IV"
275,"2000",11.1906954055219,"IV"
276,"2000",15.1301867533117,"IV"
277,"2000",18.5832113656794,"IV"
278,"2000",23.9573470093008,"IV"
279,"2000",10.9846223291153,"IV"
280,"2000",11.0709929719115,"IV"
281,"2000",11.1116496902962,"IV"
282,"2000",13.7009775214244,"IV"
283,"2000",15.7034374462629,"IV"
284,"2000",17.5782640209746,"IV"
285,"2000",18.9447919561313,"IV"
286,"2000",11.333662373353,"IV"
287,"2000",9.74424666065623,"IV"
288,"2000",12.7590692107975,"IV"
289,"2000",15.3231652179667,"IV"
290,"2000",14.1912934510587,"IV"
291,"2000",9.91947949935295,"IV"
292,"2000",11.5668671180231,"IV"
293,"2000",10.4929479776595,"IV"
294,"2000",8.76302507842293,"IV"
295,"2000",15.0290185955061,"IV"
296,"2000",15.1811486748154,"IV"
297,"2000",12.7363409376065,"IV"
298,"2000",11.1159070949027,"IV"
299,"2000",9.38390083364335,"IV"
300,"2000",9.7359599391224,"IV"
301,"2000",16.9127406319155,"IV"
302,"2000",7.63747142056914,"IV"
303,"2000",12.5359415203554,"IV"
304,"2000",17.7874151044685,"IV"
305,"2000",12.9187484226126,"IV"
306,"2000",16.8688486188395,"IV"
307,"2000",8.89450015175717,"IV"
308,"2000",32.3892605029551,"IV"
309,"2000",8.93661388912991,"IV"
310,"2000",17.3160567532712,"IV"
311,"2000",11.3411695132507,"IV"
312,"2000",10.6343882855173,"IV"
313,"2000",16.7098115967939,"IV"
314,"2000",12.053888190493,"IV"
315,"2000",13.6642244115276,"IV"
316,"2000",67.2453695671135,"IV"
317,"2000",12.5319140429202,"IV"
318,"2000",13.7848198489839,"IV"
319,"2000",10.4540193302293,"IV"
320,"2000",10.1916659712656,"IV"
321,"2000",11.1961613441563,"IV"
322,"2000",16.0964875562484,"IV"
323,"2000",9.46810607538383,"IV"
324,"2000",18.1939426464422,"IV"
325,"2000",10.3685857895037,"IV"
326,"2000",12.443552312133,"IV"
327,"2000",13.0314198036562,"IV"
328,"2000",37.56300705031,"IV"
329,"2000",14.5500541060567,"IV"
330,"2000",16.3959098719513,"IV"
331,"2000",19.918111340157,"IV"
332,"2000",11.0645372088717,"IV"
333,"2000",8.98892633330824,"IV"
334,"2000",10.1867859686055,"IV"
335,"2000",12.4881049344314,"IV"
336,"2000",15.3961287586548,"IV"
337,"2000",8.36335208676524,"IV"
338,"2000",13.7938151062071,"IV"
339,"2000",10.5053612408573,"IV"
340,"2000",9.98509458076964,"IV"
341,"2000",20.9901442789159,"IV"
342,"2000",10.0278659169179,"IV"
343,"2000",15.0945290319414,"IV"
344,"2000",8.96415036308226,"IV"
345,"2000",15.937318934771,"IV"
346,"2000",10.7239286079467,"IV"
347,"2000",11.8119575795608,"IV"
348,"2000",12.3957017080672,"IV"
349,"2000",9.41854292472678,"IV"
350,"2000",14.9303195140497,"IV"
351,"2000",14.5101073182818,"IV"
352,"2000",40.1432014100949,"IV"
353,"2000",11.4700824787564,"IV"
354,"2000",12.9508303572981,"IV"
355,"2000",13.9505937173891,"IV"
356,"2000",10.2635308731929,"IV"
357,"2000",11.2527867898575,"IV"
358,"2000",10.9109710663275,"IV"
359,"2000",13.0504953752391,"IV"
360,"2000",10.8548116003016,"IV"
361,"2000",18.7607937378902,"IV"
362,"2000",20.5940609009835,"IV"
363,"2000",9.66811978511242,"IV"
364,"2000",10.5487481540572,"IV"
365,"2000",16.1191124643001,"IV"
366,"2000",13.372070394621,"IV"
367,"2000",11.4185621700914,"IV"
368,"2000",14.328498661411,"IV"
369,"2000",9.90601359090553,"IV"
370,"2000",14.5165061495856,"IV"
371,"2000",17.5345324242224,"IV"
372,"2000",11.6959455047386,"IV"
373,"2000",12.7256753887259,"IV"
374,"2000",16.4434981597044,"IV"
375,"2000",14.9405785390866,"IV"
376,"2000",23.1365814584649,"IV"
377,"2000",14.8655273417279,"IV"
378,"2000",11.1056769745824,"IV"
379,"2000",11.6408718545602,"IV"
380,"2000",16.6797748638095,"IV"
381,"2000",12.1660944300112,"IV"
382,"2000",9.75227143844785,"IV"
383,"2000",34.3006172479772,"IV"
384,"2000",13.7104621985925,"IV"
385,"2000",9.74947977903279,"IV"
386,"2000",33.8656299119224,"IV"
387,"2000",14.1319379448389,"IV"
388,"2000",10.8819015575574,"IV"
389,"2000",15.0658550106507,"IV"
390,"2000",11.0596763568499,"IV"
391,"2000",12.2573813584986,"IV"
392,"2000",12.3881700028378,"IV"
393,"2000",18.7793925303171,"IV"
394,"2000",9.2570158318847,"IV"
395,"2000",10.759772532111,"IV"
396,"2000",49.1874265957473,"IV"
397,"2000",14.4825666304721,"IV"
398,"2000",11.654507037566,"IV"
399,"2000",10.8039735587923,"IV"
400,"2000",66.4280767521805,"IV"
401,"2000",10.4291881676548,"IV"
402,"2000",9.08974517198904,"IV"
403,"2000",21.116636727105,"IV"
404,"2000",14.4649049619278,"IV"
405,"2000",11.6727420966628,"IV"
406,"2000",16.1220983942635,"IV"
407,"2000",11.0332375195465,"IV"
408,"2000",10.0858838520668,"IV"
409,"2000",10.8568150966066,"IV"
410,"2000",9.79504305486734,"IV"
411,"2000",9.92972037579449,"IV"
412,"2000",7.4542752163394,"IV"
413,"2000",13.8880624569846,"IV"
414,"2000",14.4866751590728,"IV"
415,"2000",16.3518186062163,"IV"
416,"2000",14.2990620108911,"IV"
417,"2000",17.6242689642844,"IV"
418,"2000",9.96934642687564,"IV"
419,"2000",7.94826332087792,"IV"
420,"2000",16.0273979600291,"IV"
421,"2000",11.4539579202753,"IV"
422,"2000",29.5997047572266,"IV"
423,"2000",5.58278336246272,"IV"
424,"2000",8.35985063824011,"IV"
425,"2000",10.0357981680274,"IV"
426,"2000",13.0604473858539,"IV"
427,"2000",27.3088079738249,"IV"
428,"2000",9.40584952176749,"IV"
429,"2000",28.0117339529719,"IV"
430,"2000",12.9435199999998,"IV"
431,"2000",17.2005653207956,"IV"
432,"2000",9.60693380639774,"IV"
433,"2000",14.3805303305403,"IV"
434,"2000",12.2071038185885,"IV"
435,"2000",14.2762388139296,"IV"
436,"2000",14.1207114379889,"IV"
437,"2000",9.5139314489756,"IV"
438,"2000",15.2810248734953,"IV"
439,"2000",12.1088458427918,"IV"
440,"2000",9.56766887158815,"IV"
441,"2000",12.2299489887962,"IV"
442,"2000",14.7605733656793,"IV"
443,"2000",9.58804874884397,"IV"
444,"2000",16.0627031929487,"IV"
445,"2000",14.6348066871636,"IV"
446,"2000",19.7117880847362,"IV"
447,"2000",10.4446311547217,"IV"
448,"2000",11.433316008314,"IV"
449,"2000",9.89850077033565,"IV"
450,"2000",10.0807317668873,"IV"
451,"2000",12.0424216661142,"IV"
452,"2000",11.0240343892956,"IV"
453,"2000",11.7477887423093,"IV"
454,"2000",7.96966750184209,"IV"
455,"2000",16.2821281454073,"IV"
456,"2000",15.0894808711244,"IV"
457,"2000",10.9017865168114,"IV"
458,"2000",17.1033118705343,"IV"
459,"2000",11.4389011187622,"IV"
460,"2000",18.2263756993944,"IV"
461,"2000",12.5991679243767,"IV"
462,"2000",12.8765063141305,"IV"
463,"2000",15.612965232516,"IV"
464,"2000",9.68791346550102,"IV"
465,"2000",16.5486288914731,"IV"
466,"2000",11.3981401924327,"IV"
467,"2000",7.7280286960179,"IV"
468,"2000",7.21718379492464,"IV"
469,"2000",24.8171791931525,"IV"
470,"2000",8.43252405139243,"IV"
471,"2000",13.976085229123,"IV"
472,"2000",16.6472054174809,"IV"
473,"2000",13.372289889417,"IV"
474,"2000",9.17908694529841,"IV"
475,"2000",8.04644345726993,"IV"
476,"2000",13.6877874947437,"IV"
477,"2000",10.6290051351671,"IV"
478,"2000",14.815454787351,"IV"
479,"2000",8.89708368530464,"IV"
480,"2000",23.2756004307451,"IV"
481,"2000",20.5978510556267,"IV"
482,"2000",36.5106170998388,"IV"
483,"2000",8.8919001803752,"IV"
484,"2000",14.3644911064643,"IV"
485,"2000",7.47093510906128,"IV"
486,"2000",12.9435251765415,"IV"
487,"2000",15.15850315422,"IV"
488,"2000",16.1347291970453,"IV"
489,"2000",18.6148567936014,"IV"
490,"2000",12.7370671945741,"IV"
491,"2000",16.3512922369235,"IV"
492,"2000",11.6380860734172,"IV"
493,"2000",14.0473509499111,"IV"
494,"2000",12.8084741698572,"IV"
495,"2000",12.8811807568077,"IV"
496,"2000",12.9490107166611,"IV"
497,"2000",17.1842131692624,"IV"
498,"2000",19.2967912893624,"IV"
499,"2000",17.9892479624289,"IV"
500,"2000",28.3998723713487,"IV"
501,"2000",15.807925018451,"IV"
502,"2000",11.6611416375752,"IV"
503,"2000",12.7696815854497,"IV"
504,"2000",12.0489405151651,"IV"
505,"2000",15.8102566398651,"IV"
506,"2000",17.9371097131603,"IV"
507,"2000",10.009054753136,"IV"
508,"2000",14.8995538006195,"IV"
509,"2000",9.01179532633784,"IV"
510,"2000",9.60198815385183,"IV"
511,"2000",17.8020425822794,"IV"
512,"2000",11.8658462251762,"IV"
513,"2000",11.377851386442,"IV"
514,"2000",12.3765400815863,"IV"
515,"2000",21.5012830869908,"IV"
516,"2000",12.1133976956104,"IV"
517,"2000",19.9239185944371,"IV"
518,"2000",14.7294131933729,"IV"
519,"2000",13.1531048882695,"IV"
520,"2000",8.69391960284513,"IV"
521,"2000",10.6094269378322,"IV"
522,"2000",10.5346383249264,"IV"
523,"2000",15.0651650721997,"IV"
524,"2000",18.4583754253137,"IV"
525,"2000",9.40601573574844,"IV"
526,"2000",15.152049015057,"IV"
527,"2000",9.8368510509587,"IV"
528,"2000",11.0837081171942,"IV"
529,"2000",14.25919491974,"IV"
530,"2000",14.5814152967412,"IV"
531,"2000",12.0154565803796,"IV"
532,"2000",13.4006069815009,"IV"
533,"2000",9.53567929210773,"IV"
534,"2000",18.4954450269854,"IV"
535,"2000",8.17569584058149,"IV"
536,"2000",12.7204170396944,"IV"
537,"2000",25.4584634356621,"IV"
538,"2000",14.7547890455681,"IV"
539,"2000",18.3402276350661,"IV"
540,"2000",20.1084570245793,"IV"
541,"2000",39.0282828309982,"IV"
542,"2000",18.8827667856883,"IV"
543,"2000",10.2432498447017,"IV"
544,"2000",9.78569012033543,"IV"
545,"2000",16.8050172697703,"IV"
546,"2000",10.2734860110912,"IV"
547,"2000",18.3381088902135,"IV"
548,"2000",18.259120047228,"IV"
549,"2000",9.35343569710471,"IV"
550,"2000",13.9013972873175,"IV"
551,"2000",17.8054123232264,"IV"
552,"2000",10.7935243786212,"IV"
553,"2000",7.63610658429597,"IV"
554,"2000",7.33718603652276,"IV"
555,"2000",9.65686741241262,"IV"
556,"2000",11.3597522666489,"IV"
557,"2000",14.0218230156998,"IV"
558,"2000",9.55937512332969,"IV"
559,"2000",8.91702278290086,"IV"
560,"2000",11.3108539582114,"IV"
561,"2000",15.6321627856318,"IV"
562,"2000",9.90978866487915,"IV"
563,"2000",12.1454485992736,"IV"
564,"2000",10.1182675962251,"IV"
565,"2000",9.77618392566537,"IV"
566,"2000",27.6273919076294,"IV"
567,"2000",9.10841611504619,"IV"
568,"2000",9.16463807874342,"IV"
569,"2000",17.0490486393845,"IV"
570,"2000",19.0399051271273,"IV"
571,"2000",11.4542249706503,"IV"
572,"2000",8.56189700373135,"IV"
573,"2000",10.1500334760546,"IV"
574,"2000",16.9356022896967,"IV"
575,"2000",12.730551286312,"IV"
576,"2000",9.99155747475747,"IV"
577,"2000",8.69007295007258,"IV"
578,"2000",10.3583791731471,"IV"
579,"2000",22.0810226128867,"IV"
580,"2000",14.4101750506652,"IV"
581,"2000",31.2242964729486,"IV"
582,"2000",23.113281592289,"IV"
583,"2000",22.6864217932965,"IV"
584,"2000",10.000200605212,"IV"
585,"2000",10.7081864518307,"IV"
586,"2000",162.309698015715,"IV"
587,"2000",10.3933069356232,"IV"
588,"2000",23.765178635827,"IV"
589,"2000",10.8199024146488,"IV"
590,"2000",15.6559457516729,"IV"
591,"2000",12.2612117311876,"IV"
592,"2000",10.9405099573345,"IV"
593,"2000",15.8680956954147,"IV"
594,"2000",10.8213825417474,"IV"
595,"2000",12.2374902204848,"IV"
596,"2000",15.9632140270045,"IV"
597,"2000",26.854652544423,"IV"
598,"2000",9.03909541166123,"IV"
599,"2000",11.6433128848741,"IV"
600,"2000",11.7209354045404,"IV"
601,"2000",47.2709937397,"IV"
602,"2000",9.52714706044389,"IV"
603,"2000",13.903120552718,"IV"
604,"2000",10.8244562081341,"IV"
605,"2000",11.2553138870204,"IV"
606,"2000",11.204963834309,"IV"
607,"2000",19.9637598366487,"IV"
608,"2000",10.5973925233972,"IV"
609,"2000",15.3281684668792,"IV"
610,"2000",7.68928149638998,"IV"
611,"2000",14.5014112980373,"IV"
612,"2000",16.685763689418,"IV"
613,"2000",12.5378900823676,"IV"
614,"2000",16.9530202751854,"IV"
615,"2000",9.75980528697259,"IV"
616,"2000",58.2908217159083,"IV"
617,"2000",8.61677861320147,"IV"
618,"2000",10.9858512017253,"IV"
619,"2000",11.5155317342229,"IV"
620,"2000",20.8536978199432,"IV"
621,"2000",9.04000673270424,"IV"
622,"2000",10.9339476643198,"IV"
623,"2000",20.5165726335926,"IV"
624,"2000",9.13081505400686,"IV"
625,"2000",86.0370516406142,"IV"
626,"2000",21.4675260731323,"IV"
627,"2000",10.4079822488741,"IV"
628,"2000",18.0796369787605,"IV"
629,"2000",8.56113295586433,"IV"
630,"2000",8.60899419059472,"IV"
631,"2000",8.40820998567928,"IV"
632,"2000",8.29076031115694,"IV"
633,"2000",13.6145159639521,"IV"
634,"2000",18.9107778822731,"IV"
635,"2000",11.2318892673749,"IV"
636,"2000",17.8866129714295,"IV"
637,"2000",11.4434396166746,"IV"
638,"2000",15.4225386537656,"IV"
639,"2000",10.6379346704593,"IV"
640,"2000",12.0255471647088,"IV"
641,"2000",18.6400847425573,"IV"
642,"2000",11.8923037686557,"IV"
643,"2000",12.5134602260712,"IV"
644,"2000",17.7130019923363,"IV"
645,"2000",9.07429074067591,"IV"
646,"2000",11.4762713945445,"IV"
647,"2000",11.7040443852643,"IV"
648,"2000",8.93984883572162,"IV"
649,"2000",27.6553608234798,"IV"
650,"2000",46.1603900962455,"IV"
651,"2000",9.86209222171425,"IV"
652,"2000",16.3212961996017,"IV"
653,"2000",14.5459080244471,"IV"
654,"2000",18.2888595311544,"IV"
655,"2000",14.3040045503187,"IV"
656,"2000",19.1652573438875,"IV"
657,"2000",48.3133951801162,"IV"
658,"2000",9.93350527167359,"IV"
659,"2000",12.7283279111195,"IV"
660,"2000",13.7022120977669,"IV"
661,"2000",9.20507263322033,"IV"
662,"2000",12.6959228522716,"IV"
663,"2000",13.3806619278338,"IV"
664,"2000",13.8842026767524,"IV"
665,"2000",7.37366890506737,"IV"
666,"2000",33.4941516065293,"IV"
667,"2000",17.8984840341344,"IV"
668,"2000",9.56233612651713,"IV"
669,"2000",16.3663170749165,"IV"
670,"2000",16.4026293074018,"IV"
671,"2000",10.184942291887,"IV"
672,"2000",10.6520190436043,"IV"
673,"2000",15.9250529001367,"IV"
674,"2000",11.9434753712841,"IV"
675,"2000",9.51228078658909,"IV"
676,"2000",17.8208656565735,"IV"
677,"2000",22.8070445028659,"IV"
678,"2000",19.6615376974061,"IV"
679,"2000",28.6033083007491,"IV"
680,"2000",13.2838488264638,"IV"
681,"2000",18.7922125476663,"IV"
682,"2000",9.73669556360778,"IV"
683,"2000",19.506258327964,"IV"
684,"2000",12.3146014959341,"IV"
685,"2000",11.6150984896042,"IV"
686,"2000",13.2118394814032,"IV"
687,"2000",19.2654413320425,"IV"
688,"2000",13.7300463358082,"IV"
689,"2000",12.9029958677006,"IV"
690,"2000",14.7489967054672,"IV"
691,"2000",15.6730031180943,"IV"
692,"2000",31.3362866349739,"IV"
693,"2000",15.227796927485,"IV"
694,"2000",19.3644230076154,"IV"
695,"2000",20.4059535393499,"IV"
696,"2000",12.0852663891099,"IV"
697,"2000",13.313715502029,"IV"
698,"2000",9.60268838868429,"IV"
699,"2000",10.5034644955839,"IV"
700,"2000",12.333042208789,"IV"
701,"2000",8.49139036103098,"IV"
702,"2000",13.2704311461792,"IV"
703,"2000",10.1159973905011,"IV"
704,"2000",10.6575806462732,"IV"
705,"2000",11.2969716050117,"IV"
706,"2000",13.0209733799315,"IV"
707,"2000",12.4966571207807,"IV"
708,"2000",21.6842057098262,"IV"
709,"2000",12.7577099183133,"IV"
710,"2000",9.84934649505286,"IV"
711,"2000",14.330375542304,"IV"
712,"2000",24.3759422254364,"IV"
713,"2000",16.4950445628988,"IV"
714,"2000",11.302346303841,"IV"
715,"2000",24.6574090218537,"IV"
716,"2000",14.2472629614252,"IV"
717,"2000",19.1005572872807,"IV"
718,"2000",13.7007969675841,"IV"
719,"2000",8.17464157450577,"IV"
720,"2000",12.4650805374408,"IV"
721,"2000",19.4847880941439,"IV"
722,"2000",15.2003462562685,"IV"
723,"2000",14.067445588361,"IV"
724,"2000",9.7018813271782,"IV"
725,"2000",8.61461581357022,"IV"
726,"2000",11.9146069042566,"IV"
727,"2000",12.4113381013737,"IV"
728,"2000",15.7353424582712,"IV"
729,"2000",10.2035661624687,"IV"
730,"2000",7.34934519587409,"IV"
731,"2000",23.5884493490169,"IV"
732,"2000",9.64559275994751,"IV"
733,"2000",12.7038991915113,"IV"
734,"2000",40.5325234075669,"IV"
735,"2000",22.7093083543981,"IV"
736,"2000",29.1713635373678,"IV"
737,"2000",9.15857412668314,"IV"
738,"2000",9.63336577680231,"IV"
739,"2000",14.0710576850431,"IV"
740,"2000",17.576317863979,"IV"
741,"2000",11.6768401857885,"IV"
742,"2000",13.2889044984039,"IV"
743,"2000",11.7245894339335,"IV"
744,"2000",10.908279209574,"IV"
745,"2000",10.9518592848183,"IV"
746,"2000",10.1261039056066,"IV"
747,"2000",11.8773947421431,"IV"
748,"2000",12.1581040114707,"IV"
749,"2000",8.61558323705282,"IV"
750,"2000",12.2512304279015,"IV"
751,"2000",20.9363096944349,"IV"
752,"2000",9.86581417183415,"IV"
753,"2000",14.5601674358612,"IV"
754,"2000",12.3362710840819,"IV"
755,"2000",13.8226499554877,"IV"
756,"2000",12.6844517473309,"IV"
757,"2000",7.17442976471623,"IV"
758,"2000",15.2998050620302,"IV"
759,"2000",12.2171691904119,"IV"
760,"2000",-347.56066897764,"IV"
761,"2000",17.2419062356026,"IV"
762,"2000",9.99937515618796,"IV"
763,"2000",12.3018394738194,"IV"
764,"2000",15.9419007280426,"IV"
765,"2000",14.4716331733227,"IV"
766,"2000",11.7154891391581,"IV"
767,"2000",19.9812666792909,"IV"
768,"2000",17.6776733131277,"IV"
769,"2000",7.70151538289478,"IV"
770,"2000",16.6899607476816,"IV"
771,"2000",19.8678416695954,"IV"
772,"2000",16.8355521805048,"IV"
773,"2000",8.88423882645116,"IV"
774,"2000",12.8000126616518,"IV"
775,"2000",13.0970642490279,"IV"
776,"2000",18.6342303507143,"IV"
777,"2000",24.9154138817047,"IV"
778,"2000",8.71825162608237,"IV"
779,"2000",13.3700526008678,"IV"
780,"2000",27.5202381217472,"IV"
781,"2000",15.0129152454669,"IV"
782,"2000",10.5878839532324,"IV"
783,"2000",14.2178044217129,"IV"
784,"2000",33.984562351775,"IV"
785,"2000",12.1354552988712,"IV"
786,"2000",20.7300638957236,"IV"
787,"2000",15.7509824076833,"IV"
788,"2000",11.2051254069056,"IV"
789,"2000",16.0782704801301,"IV"
790,"2000",11.2377882018026,"IV"
791,"2000",10.1337856942697,"IV"
792,"2000",11.5746215682032,"IV"
793,"2000",12.620156685509,"IV"
794,"2000",12.1625186934144,"IV"
795,"2000",9.12584185389401,"IV"
796,"2000",7.8562855654346,"IV"
797,"2000",8.75114199499892,"IV"
798,"2000",18.0249669880036,"IV"
799,"2000",15.0779017942295,"IV"
800,"2000",11.6554321259901,"IV"
801,"2000",11.7150840065747,"IV"
802,"2000",29.2636462108562,"IV"
803,"2000",15.2402398504359,"IV"
804,"2000",8.6458991850143,"IV"
805,"2000",24.8208606031633,"IV"
806,"2000",11.577329639071,"IV"
807,"2000",21.9219976233282,"IV"
808,"2000",13.0829016642078,"IV"
809,"2000",12.5610905649053,"IV"
810,"2000",23.3175923914903,"IV"
811,"2000",16.0584773653358,"IV"
812,"2000",19.3561465157717,"IV"
813,"2000",9.24701054225737,"IV"
814,"2000",9.89650334813954,"IV"
815,"2000",10.3492342354295,"IV"
816,"2000",7.97235212658541,"IV"
817,"2000",23.0014160390112,"IV"
818,"2000",13.1203047390577,"IV"
819,"2000",10.0932432033074,"IV"
820,"2000",17.3084135565151,"IV"
821,"2000",10.5894081788283,"IV"
822,"2000",9.56757069150735,"IV"
823,"2000",14.8608200949445,"IV"
824,"2000",22.2453869143039,"IV"
825,"2000",14.0518940846862,"IV"
826,"2000",28.7042589229322,"IV"
827,"2000",21.1515388901757,"IV"
828,"2000",11.4613137394475,"IV"
829,"2000",14.2814910646925,"IV"
830,"2000",10.961349118586,"IV"
831,"2000",15.4215276606498,"IV"
832,"2000",15.3796624070689,"IV"
833,"2000",18.2658995658242,"IV"
834,"2000",10.5586237877075,"IV"
835,"2000",13.2858888972994,"IV"
836,"2000",13.3820235762067,"IV"
837,"2000",17.3018599639996,"IV"
838,"2000",11.8549439718924,"IV"
839,"2000",9.84464061873005,"IV"
840,"2000",15.5103265058509,"IV"
841,"2000",19.8487692820309,"IV"
842,"2000",10.3990463875268,"IV"
843,"2000",13.6707014661321,"IV"
844,"2000",35.9529542744104,"IV"
845,"2000",10.7384082600877,"IV"
846,"2000",12.2906761651607,"IV"
847,"2000",26.7904996184342,"IV"
848,"2000",9.0257497268335,"IV"
849,"2000",9.84591623637466,"IV"
850,"2000",20.7831044170558,"IV"
851,"2000",9.21417173729626,"IV"
852,"2000",10.6888695123007,"IV"
853,"2000",22.1798921511934,"IV"
854,"2000",13.5270940502881,"IV"
855,"2000",19.6822645816491,"IV"
856,"2000",12.9559300696693,"IV"
857,"2000",15.8493704786833,"IV"
858,"2000",12.7179171934671,"IV"
859,"2000",9.76912769356331,"IV"
860,"2000",16.5330156966595,"IV"
861,"2000",11.6993963551576,"IV"
862,"2000",8.37423078309618,"IV"
863,"2000",8.47490202412045,"IV"
864,"2000",11.5971697522393,"IV"
865,"2000",11.7536971335909,"IV"
866,"2000",11.5632699730774,"IV"
867,"2000",16.9993977445825,"IV"
868,"2000",14.1974128585155,"IV"
869,"2000",13.1332251700217,"IV"
870,"2000",16.2964058474866,"IV"
871,"2000",13.884966925314,"IV"
872,"2000",12.2621902095117,"IV"
873,"2000",11.7580859223563,"IV"
874,"2000",9.40856750405713,"IV"
875,"2000",9.23171396704635,"IV"
876,"2000",18.55142467382,"IV"
877,"2000",14.8459121355745,"IV"
878,"2000",8.96336068783169,"IV"
879,"2000",16.4574107535664,"IV"
880,"2000",19.2643314586698,"IV"
881,"2000",14.7334264897047,"IV"
882,"2000",14.5042638493527,"IV"
883,"2000",15.7202261541599,"IV"
884,"2000",10.999748081352,"IV"
885,"2000",14.3387385104929,"IV"
886,"2000",10.7188089509693,"IV"
887,"2000",7.83073983580561,"IV"
888,"2000",13.9727609655103,"IV"
889,"2000",15.4631368559594,"IV"
890,"2000",11.3625462325579,"IV"
891,"2000",10.1651156255717,"IV"
892,"2000",10.9282657302762,"IV"
893,"2000",9.24504148818581,"IV"
894,"2000",14.6042441940641,"IV"
895,"2000",18.2499350636586,"IV"
896,"2000",22.4567698113085,"IV"
897,"2000",12.9551388487375,"IV"
898,"2000",13.0282126969258,"IV"
899,"2000",10.5268800482228,"IV"
900,"2000",11.7158017297634,"IV"
901,"2000",30.3549456232789,"IV"
902,"2000",15.9170967288502,"IV"
903,"2000",12.3977392470739,"IV"
904,"2000",15.2184985018736,"IV"
905,"2000",18.1755937394734,"IV"
906,"2000",12.6899222239439,"IV"
907,"2000",12.4705758328785,"IV"
908,"2000",7.30272688403331,"IV"
909,"2000",10.9612398716809,"IV"
910,"2000",20.0047811171656,"IV"
911,"2000",9.58510523155657,"IV"
912,"2000",9.78657004341458,"IV"
913,"2000",10.3611180290119,"IV"
914,"2000",11.8707976484319,"IV"
915,"2000",11.839871062837,"IV"
916,"2000",16.5644211098487,"IV"
917,"2000",13.620945915189,"IV"
918,"2000",11.5721177777058,"IV"
919,"2000",12.1708049868968,"IV"
920,"2000",13.0739376916871,"IV"
921,"2000",9.26104568650742,"IV"
922,"2000",17.5279288790956,"IV"
923,"2000",7.92210373239634,"IV"
924,"2000",32.3273407269446,"IV"
925,"2000",15.8144959141146,"IV"
926,"2000",15.9001521225726,"IV"
927,"2000",8.26395370125522,"IV"
928,"2000",9.45384827897624,"IV"
929,"2000",7.53541938533144,"IV"
930,"2000",13.0998744036765,"IV"
931,"2000",15.3764013500085,"IV"
932,"2000",17.5331138788232,"IV"
933,"2000",26.5754378461862,"IV"
934,"2000",10.9670689615461,"IV"
935,"2000",22.6464194336166,"IV"
936,"2000",10.8717968153801,"IV"
937,"2000",13.8221578854784,"IV"
938,"2000",10.0995198415385,"IV"
939,"2000",24.9437303543198,"IV"
940,"2000",8.66502876014671,"IV"
941,"2000",14.7919994604795,"IV"
942,"2000",10.6061545803266,"IV"
943,"2000",19.9262696321377,"IV"
944,"2000",13.8217182348307,"IV"
945,"2000",11.5199317707956,"IV"
946,"2000",15.8458282074702,"IV"
947,"2000",12.9067443686519,"IV"
948,"2000",11.3450373531702,"IV"
949,"2000",11.7635953013018,"IV"
950,"2000",27.3652095727442,"IV"
951,"2000",17.6607250564917,"IV"
952,"2000",14.3413148990217,"IV"
953,"2000",12.1873183087196,"IV"
954,"2000",11.7919990501329,"IV"
955,"2000",14.8769576884015,"IV"
956,"2000",12.5220857612697,"IV"
957,"2000",12.5170957824008,"IV"
958,"2000",25.8709730063935,"IV"
959,"2000",9.80821529949684,"IV"
960,"2000",28.5906919390642,"IV"
961,"2000",16.9810288470777,"IV"
962,"2000",12.5523856276262,"IV"
963,"2000",21.1895569547736,"IV"
964,"2000",18.7145178480711,"IV"
965,"2000",17.0435759600111,"IV"
966,"2000",13.7498081140852,"IV"
967,"2000",21.724860052791,"IV"
968,"2000",14.7887809385288,"IV"
969,"2000",19.7124187422552,"IV"
970,"2000",8.58275046057276,"IV"
971,"2000",21.4346349702621,"IV"
972,"2000",13.1164960959949,"IV"
973,"2000",10.0746636589224,"IV"
974,"2000",13.5306387483247,"IV"
975,"2000",9.09411576298171,"IV"
976,"2000",16.4619760018474,"IV"
977,"2000",23.8431380088044,"IV"
978,"2000",10.4952775991901,"IV"
979,"2000",14.1217713982014,"IV"
980,"2000",14.2080842274853,"IV"
981,"2000",13.5403739768262,"IV"
982,"2000",13.0710953470284,"IV"
983,"2000",10.8117883863136,"IV"
984,"2000",15.4101900802145,"IV"
985,"2000",18.5373760117584,"IV"
986,"2000",13.8254766689136,"IV"
987,"2000",20.5784944122381,"IV"
988,"2000",11.1504332606898,"IV"
989,"2000",28.0104350521134,"IV"
990,"2000",16.9631506318355,"IV"
991,"2000",14.3168726991445,"IV"
992,"2000",14.8647108491557,"IV"
993,"2000",11.5017894593433,"IV"
994,"2000",7.7806011762009,"IV"
995,"2000",9.30274994631733,"IV"
996,"2000",14.4741323359607,"IV"
997,"2000",33.2274014579476,"IV"
998,"2000",12.8706375034215,"IV"
999,"2000",11.8329020597646,"IV"
1000,"2000",20.1948588488854,"IV"
1,"4000",13.8727256798581,"IV"
2,"4000",11.9941223526056,"IV"
3,"4000",14.0433037749153,"IV"
4,"4000",11.3397489126851,"IV"
5,"4000",13.1832469384212,"IV"
6,"4000",16.4556617480462,"IV"
7,"4000",20.3205387116776,"IV"
8,"4000",15.4382677424699,"IV"
9,"4000",19.7533306407582,"IV"
10,"4000",13.2075857191523,"IV"
11,"4000",16.1761643430173,"IV"
12,"4000",10.3026093759531,"IV"
13,"4000",10.776756163135,"IV"
14,"4000",16.6599144026479,"IV"
15,"4000",9.43847874310607,"IV"
16,"4000",15.1826203214071,"IV"
17,"4000",8.7611802679221,"IV"
18,"4000",19.3518499722406,"IV"
19,"4000",15.0072070152765,"IV"
20,"4000",18.4229417613861,"IV"
21,"4000",10.2543441361478,"IV"
22,"4000",24.8737457895248,"IV"
23,"4000",14.9840750991057,"IV"
24,"4000",10.7885031733336,"IV"
25,"4000",9.74938301099135,"IV"
26,"4000",8.28810255938537,"IV"
27,"4000",17.064429692666,"IV"
28,"4000",12.7529741953497,"IV"
29,"4000",10.7202468582234,"IV"
30,"4000",13.3047927975138,"IV"
31,"4000",22.0916916527298,"IV"
32,"4000",20.7095873854881,"IV"
33,"4000",12.7984557842946,"IV"
34,"4000",12.9301096678985,"IV"
35,"4000",13.4277349238549,"IV"
36,"4000",20.2954667693066,"IV"
37,"4000",7.66186266051393,"IV"
38,"4000",18.634632465619,"IV"
39,"4000",9.09768226940841,"IV"
40,"4000",17.2791634723589,"IV"
41,"4000",13.4650693256,"IV"
42,"4000",13.1067805247883,"IV"
43,"4000",21.5383482288235,"IV"
44,"4000",13.1539233586808,"IV"
45,"4000",8.58232505778417,"IV"
46,"4000",12.7896167728225,"IV"
47,"4000",10.9842424478511,"IV"
48,"4000",16.250795000949,"IV"
49,"4000",14.9035464478818,"IV"
50,"4000",10.2265529508946,"IV"
51,"4000",10.6804121382432,"IV"
52,"4000",10.1792950870489,"IV"
53,"4000",11.6249195255893,"IV"
54,"4000",12.3110680710471,"IV"
55,"4000",16.1118523649792,"IV"
56,"4000",11.3177426679335,"IV"
57,"4000",15.5413111260216,"IV"
58,"4000",13.5218673529664,"IV"
59,"4000",13.4057778100592,"IV"
60,"4000",13.0492490308902,"IV"
61,"4000",10.6480061826236,"IV"
62,"4000",20.2481885959347,"IV"
63,"4000",20.0325587407288,"IV"
64,"4000",10.8033790763716,"IV"
65,"4000",10.1505696677081,"IV"
66,"4000",11.3076449043208,"IV"
67,"4000",20.5612816374948,"IV"
68,"4000",11.4479934216283,"IV"
69,"4000",22.7005400416473,"IV"
70,"4000",11.619936507596,"IV"
71,"4000",11.4971029943574,"IV"
72,"4000",20.7447294939298,"IV"
73,"4000",14.9628281206322,"IV"
74,"4000",17.0878249087338,"IV"
75,"4000",11.4414111393371,"IV"
76,"4000",13.9734272778678,"IV"
77,"4000",14.4422601806468,"IV"
78,"4000",17.2967515614069,"IV"
79,"4000",16.046424324803,"IV"
80,"4000",12.3305684512429,"IV"
81,"4000",17.4204702048738,"IV"
82,"4000",11.7737860922556,"IV"
83,"4000",10.5412529294987,"IV"
84,"4000",14.3055084395434,"IV"
85,"4000",12.8050397525775,"IV"
86,"4000",11.8562475942743,"IV"
87,"4000",10.6387177420156,"IV"
88,"4000",9.04129218714992,"IV"
89,"4000",11.7419713510815,"IV"
90,"4000",16.0793790844844,"IV"
91,"4000",8.88233502406892,"IV"
92,"4000",11.8665980910989,"IV"
93,"4000",19.2843045093253,"IV"
94,"4000",9.98960379288561,"IV"
95,"4000",67.0264250709633,"IV"
96,"4000",14.1183577803003,"IV"
97,"4000",16.3904628816945,"IV"
98,"4000",10.0079353672134,"IV"
99,"4000",11.4782551548161,"IV"
100,"4000",13.899708359613,"IV"
101,"4000",15.9095770438283,"IV"
102,"4000",12.7544019196872,"IV"
103,"4000",10.3930120125766,"IV"
104,"4000",15.5312512382101,"IV"
105,"4000",13.3423491666524,"IV"
106,"4000",15.6713263440305,"IV"
107,"4000",13.0141952870347,"IV"
108,"4000",11.4094334946941,"IV"
109,"4000",21.3856208874441,"IV"
110,"4000",11.6073649702515,"IV"
111,"4000",13.2803464563656,"IV"
112,"4000",11.5857348435578,"IV"
113,"4000",10.7591486645303,"IV"
114,"4000",20.1275245694054,"IV"
115,"4000",15.0945554659633,"IV"
116,"4000",9.93473185465955,"IV"
117,"4000",14.6577915687744,"IV"
118,"4000",13.35678949115,"IV"
119,"4000",13.2738166145188,"IV"
120,"4000",13.6754024445878,"IV"
121,"4000",10.6009578167949,"IV"
122,"4000",12.4180962346565,"IV"
123,"4000",18.0437601973731,"IV"
124,"4000",10.1374896520456,"IV"
125,"4000",13.6546518573719,"IV"
126,"4000",13.0427577937907,"IV"
127,"4000",8.99817033575766,"IV"
128,"4000",10.7665069257806,"IV"
129,"4000",22.2410575672638,"IV"
130,"4000",25.7617289566158,"IV"
131,"4000",9.99972468633296,"IV"
132,"4000",11.6764742388407,"IV"
133,"4000",9.03001960095973,"IV"
134,"4000",12.7842914810258,"IV"
135,"4000",12.4160455646417,"IV"
136,"4000",11.2179706101743,"IV"
137,"4000",13.3408638929273,"IV"
138,"4000",21.4357712718197,"IV"
139,"4000",8.94249250646871,"IV"
140,"4000",12.4378631170239,"IV"
141,"4000",14.4520169012383,"IV"
142,"4000",19.587577267552,"IV"
143,"4000",14.4224060999067,"IV"
144,"4000",23.0697661536955,"IV"
145,"4000",13.3612402016804,"IV"
146,"4000",13.5728801373165,"IV"
147,"4000",10.4997931384703,"IV"
148,"4000",11.5127535596743,"IV"
149,"4000",11.7108462086497,"IV"
150,"4000",12.9873839642385,"IV"
151,"4000",10.4590262180521,"IV"
152,"4000",15.1120278681379,"IV"
153,"4000",13.9788854621557,"IV"
154,"4000",12.2311369347708,"IV"
155,"4000",12.141145329661,"IV"
156,"4000",10.007614375606,"IV"
157,"4000",13.9257092909368,"IV"
158,"4000",10.4582894275338,"IV"
159,"4000",12.798311730264,"IV"
160,"4000",21.0974175235407,"IV"
161,"4000",17.2804047670848,"IV"
162,"4000",13.9542269384701,"IV"
163,"4000",11.0883994632959,"IV"
164,"4000",13.951998111301,"IV"
165,"4000",9.02285870680108,"IV"
166,"4000",16.1180974721264,"IV"
167,"4000",10.7001189011828,"IV"
168,"4000",15.8718867212585,"IV"
169,"4000",16.9639657576659,"IV"
170,"4000",23.3479675073518,"IV"
171,"4000",10.3417156783852,"IV"
172,"4000",12.1128197094613,"IV"
173,"4000",10.1993888605575,"IV"
174,"4000",9.93946933254308,"IV"
175,"4000",13.8549225128698,"IV"
176,"4000",10.7548654865208,"IV"
177,"4000",13.7067054663844,"IV"
178,"4000",11.3185997161028,"IV"
179,"4000",12.1035859570911,"IV"
180,"4000",13.7492882938047,"IV"
181,"4000",11.3115864159938,"IV"
182,"4000",9.98300039553599,"IV"
183,"4000",15.0543372891379,"IV"
184,"4000",14.7239939756636,"IV"
185,"4000",16.0800570039052,"IV"
186,"4000",12.382931681334,"IV"
187,"4000",14.3707322355904,"IV"
188,"4000",11.916409412411,"IV"
189,"4000",9.92458971911449,"IV"
190,"4000",13.1083744394465,"IV"
191,"4000",12.416878659488,"IV"
192,"4000",12.886718309454,"IV"
193,"4000",10.242240335979,"IV"
194,"4000",17.0422306803985,"IV"
195,"4000",13.6344652689913,"IV"
196,"4000",8.74279039775723,"IV"
197,"4000",12.0100630794654,"IV"
198,"4000",11.4172778589895,"IV"
199,"4000",10.3508692847382,"IV"
200,"4000",15.7541667307731,"IV"
201,"4000",12.843667035871,"IV"
202,"4000",11.7808066192788,"IV"
203,"4000",14.6414807987292,"IV"
204,"4000",20.5953691381165,"IV"
205,"4000",11.3335871107446,"IV"
206,"4000",10.3363407163168,"IV"
207,"4000",14.9984149871568,"IV"
208,"4000",10.6717549267304,"IV"
209,"4000",11.6635994415371,"IV"
210,"4000",12.1249954106239,"IV"
211,"4000",13.8176427933762,"IV"
212,"4000",14.1335048243937,"IV"
213,"4000",10.5448322053223,"IV"
214,"4000",10.7800475914573,"IV"
215,"4000",13.1953543067658,"IV"
216,"4000",13.3323956923502,"IV"
217,"4000",10.933379135181,"IV"
218,"4000",9.46316395893025,"IV"
219,"4000",9.44440572595978,"IV"
220,"4000",14.2547686701123,"IV"
221,"4000",10.8211378696141,"IV"
222,"4000",12.7538392035556,"IV"
223,"4000",14.1432749604192,"IV"
224,"4000",9.60798869585013,"IV"
225,"4000",13.7508493980298,"IV"
226,"4000",12.5436603345659,"IV"
227,"4000",11.1232166467357,"IV"
228,"4000",13.2935510393465,"IV"
229,"4000",10.1007874233988,"IV"
230,"4000",12.4921054663227,"IV"
231,"4000",10.2190319835569,"IV"
232,"4000",12.0375200138635,"IV"
233,"4000",12.3630166706291,"IV"
234,"4000",19.0308770958289,"IV"
235,"4000",11.5601435955189,"IV"
236,"4000",16.8770866168864,"IV"
237,"4000",11.2994312355305,"IV"
238,"4000",16.8222529015857,"IV"
239,"4000",11.8072489994084,"IV"
240,"4000",17.4091401442892,"IV"
241,"4000",10.7130861963259,"IV"
242,"4000",11.7909719937995,"IV"
243,"4000",12.9309831405108,"IV"
244,"4000",15.1301950271935,"IV"
245,"4000",16.7826635276335,"IV"
246,"4000",12.615491211376,"IV"
247,"4000",9.57007296541807,"IV"
248,"4000",13.1025950930072,"IV"
249,"4000",10.3171499698082,"IV"
250,"4000",10.6098150644999,"IV"
251,"4000",10.364241159522,"IV"
252,"4000",11.5549713672692,"IV"
253,"4000",18.5441311128766,"IV"
254,"4000",16.0736394555809,"IV"
255,"4000",10.7529807973268,"IV"
256,"4000",15.1746717196614,"IV"
257,"4000",18.9204516358563,"IV"
258,"4000",11.743705961589,"IV"
259,"4000",22.4537342475392,"IV"
260,"4000",17.0257170292018,"IV"
261,"4000",12.7923371198651,"IV"
262,"4000",18.8246926752699,"IV"
263,"4000",9.31490903717688,"IV"
264,"4000",9.35341907965619,"IV"
265,"4000",10.4147156939526,"IV"
266,"4000",14.341429646108,"IV"
267,"4000",16.8933312712512,"IV"
268,"4000",14.6481258640471,"IV"
269,"4000",10.3200460732096,"IV"
270,"4000",10.9981074698156,"IV"
271,"4000",13.9122015024493,"IV"
272,"4000",12.1159332763275,"IV"
273,"4000",14.5205110325511,"IV"
274,"4000",13.9101753532667,"IV"
275,"4000",16.5775380621497,"IV"
276,"4000",9.83573669720241,"IV"
277,"4000",20.1952286576462,"IV"
278,"4000",9.69465679647934,"IV"
279,"4000",8.1279418169279,"IV"
280,"4000",10.1792705275304,"IV"
281,"4000",10.9600278269543,"IV"
282,"4000",11.2066972947113,"IV"
283,"4000",10.9471917829667,"IV"
284,"4000",14.9954944132528,"IV"
285,"4000",13.3097366405358,"IV"
286,"4000",17.3767321632856,"IV"
287,"4000",10.9264997754746,"IV"
288,"4000",11.2241139554746,"IV"
289,"4000",19.8664855645384,"IV"
290,"4000",18.0496015696146,"IV"
291,"4000",14.5205021442713,"IV"
292,"4000",8.06295436247182,"IV"
293,"4000",15.0766954564053,"IV"
294,"4000",11.6029807484825,"IV"
295,"4000",11.4287784137453,"IV"
296,"4000",11.4273573393092,"IV"
297,"4000",11.5597399881541,"IV"
298,"4000",12.388252982495,"IV"
299,"4000",12.9345183273714,"IV"
300,"4000",12.5952006168487,"IV"
301,"4000",13.115487635223,"IV"
302,"4000",9.0457325910914,"IV"
303,"4000",9.02851532887522,"IV"
304,"4000",10.820395099571,"IV"
305,"4000",11.2864645826946,"IV"
306,"4000",26.8205783117735,"IV"
307,"4000",13.474030470256,"IV"
308,"4000",11.912043605555,"IV"
309,"4000",12.9124754566944,"IV"
310,"4000",12.3855698006508,"IV"
311,"4000",10.1740474231525,"IV"
312,"4000",12.1311850308304,"IV"
313,"4000",13.8062411062058,"IV"
314,"4000",9.99606282391962,"IV"
315,"4000",17.9369715360818,"IV"
316,"4000",14.753087193217,"IV"
317,"4000",20.0894072136941,"IV"
318,"4000",14.0872874902909,"IV"
319,"4000",14.7969488586208,"IV"
320,"4000",11.0337039789406,"IV"
321,"4000",18.4174301594049,"IV"
322,"4000",10.2008410251236,"IV"
323,"4000",11.4497450265078,"IV"
324,"4000",11.3177647003949,"IV"
325,"4000",14.2670866377412,"IV"
326,"4000",12.0536797483232,"IV"
327,"4000",12.1189432576144,"IV"
328,"4000",14.9810923431958,"IV"
329,"4000",13.8185350717117,"IV"
330,"4000",15.8836931183328,"IV"
331,"4000",16.2375906655187,"IV"
332,"4000",13.6317958875608,"IV"
333,"4000",16.7235630355039,"IV"
334,"4000",23.7403560284546,"IV"
335,"4000",18.1368061231468,"IV"
336,"4000",17.3204648445949,"IV"
337,"4000",12.3271325638023,"IV"
338,"4000",10.1387166290873,"IV"
339,"4000",9.55115474066219,"IV"
340,"4000",14.5988747141532,"IV"
341,"4000",12.9022856208163,"IV"
342,"4000",12.8438752183523,"IV"
343,"4000",11.974634327552,"IV"
344,"4000",17.0341440732848,"IV"
345,"4000",12.2277189233504,"IV"
346,"4000",11.6783698048134,"IV"
347,"4000",10.1376077346935,"IV"
348,"4000",13.6968356723755,"IV"
349,"4000",8.79108295974938,"IV"
350,"4000",13.587484926185,"IV"
351,"4000",10.277188617127,"IV"
352,"4000",14.7801518162971,"IV"
353,"4000",13.4792582418594,"IV"
354,"4000",24.2301269540527,"IV"
355,"4000",9.44838663216526,"IV"
356,"4000",11.2075789977894,"IV"
357,"4000",23.1980955932596,"IV"
358,"4000",20.0271409465384,"IV"
359,"4000",16.1003629271484,"IV"
360,"4000",13.7740557392548,"IV"
361,"4000",15.2767602486722,"IV"
362,"4000",12.2214125883886,"IV"
363,"4000",14.3187589085235,"IV"
364,"4000",18.9777723205101,"IV"
365,"4000",12.1399415976666,"IV"
366,"4000",10.2349195885021,"IV"
367,"4000",12.7675720211849,"IV"
368,"4000",15.840817422343,"IV"
369,"4000",8.78237468378508,"IV"
370,"4000",12.0770443247354,"IV"
371,"4000",14.3420269422125,"IV"
372,"4000",11.2734328327304,"IV"
373,"4000",11.37497008606,"IV"
374,"4000",13.1139713153363,"IV"
375,"4000",15.9528108323966,"IV"
376,"4000",12.3112652951581,"IV"
377,"4000",11.294740532096,"IV"
378,"4000",9.66622264854248,"IV"
379,"4000",9.96037608006002,"IV"
380,"4000",12.64324117587,"IV"
381,"4000",13.1348534748984,"IV"
382,"4000",9.54321219049378,"IV"
383,"4000",11.0505825186456,"IV"
384,"4000",12.4624154785198,"IV"
385,"4000",23.8208019447623,"IV"
386,"4000",9.71216084710689,"IV"
387,"4000",14.7153145469604,"IV"
388,"4000",15.5092109035148,"IV"
389,"4000",10.3601246148566,"IV"
390,"4000",16.1483503801449,"IV"
391,"4000",10.8345580873218,"IV"
392,"4000",17.265371023416,"IV"
393,"4000",18.3906463119464,"IV"
394,"4000",16.1980320270563,"IV"
395,"4000",8.60512521287491,"IV"
396,"4000",11.5864851742332,"IV"
397,"4000",9.92632745580505,"IV"
398,"4000",23.1982447629403,"IV"
399,"4000",9.34507817608887,"IV"
400,"4000",10.4983902996112,"IV"
401,"4000",11.7974983315915,"IV"
402,"4000",12.8936395696687,"IV"
403,"4000",11.2585262781821,"IV"
404,"4000",17.0010116760513,"IV"
405,"4000",10.4105497003667,"IV"
406,"4000",9.19320948129472,"IV"
407,"4000",21.1278131129882,"IV"
408,"4000",10.0482999974408,"IV"
409,"4000",12.8005517294695,"IV"
410,"4000",10.6982076671014,"IV"
411,"4000",15.852756915691,"IV"
412,"4000",11.4490576214909,"IV"
413,"4000",8.36919563349737,"IV"
414,"4000",14.8745340425899,"IV"
415,"4000",8.12593419797341,"IV"
416,"4000",15.9197722990307,"IV"
417,"4000",14.5346212323041,"IV"
418,"4000",13.3049534270438,"IV"
419,"4000",12.0504914468867,"IV"
420,"4000",17.7736273890964,"IV"
421,"4000",10.6778799352736,"IV"
422,"4000",11.8281840583767,"IV"
423,"4000",10.6372011859242,"IV"
424,"4000",11.8705526221158,"IV"
425,"4000",10.2287547657148,"IV"
426,"4000",10.6011866262348,"IV"
427,"4000",12.3516068106129,"IV"
428,"4000",14.2700231949435,"IV"
429,"4000",10.7839334114207,"IV"
430,"4000",12.5666189900229,"IV"
431,"4000",12.1385484132028,"IV"
432,"4000",18.3726842149185,"IV"
433,"4000",15.7592797006517,"IV"
434,"4000",15.785090782492,"IV"
435,"4000",14.2418286904985,"IV"
436,"4000",18.1480883207716,"IV"
437,"4000",15.3472284652365,"IV"
438,"4000",10.595383234555,"IV"
439,"4000",11.6342330293892,"IV"
440,"4000",13.6240738916693,"IV"
441,"4000",17.7956255376614,"IV"
442,"4000",9.59370863094676,"IV"
443,"4000",12.6310243896158,"IV"
444,"4000",13.0953334269062,"IV"
445,"4000",11.0927098606412,"IV"
446,"4000",14.8146293092641,"IV"
447,"4000",12.1323233107858,"IV"
448,"4000",10.0689277953697,"IV"
449,"4000",11.4918002075585,"IV"
450,"4000",10.6588456052456,"IV"
451,"4000",13.2644748239686,"IV"
452,"4000",12.4595732086978,"IV"
453,"4000",11.6730808509519,"IV"
454,"4000",24.8460389150897,"IV"
455,"4000",17.6453901546391,"IV"
456,"4000",21.1603890072126,"IV"
457,"4000",9.18795733993522,"IV"
458,"4000",9.87705689751864,"IV"
459,"4000",11.7423200892896,"IV"
460,"4000",16.2135290501971,"IV"
461,"4000",12.7005981073539,"IV"
462,"4000",16.9916478808945,"IV"
463,"4000",12.4505154535488,"IV"
464,"4000",17.452765208129,"IV"
465,"4000",10.3037155524573,"IV"
466,"4000",8.96839841510625,"IV"
467,"4000",14.5863827294071,"IV"
468,"4000",9.86464941051293,"IV"
469,"4000",17.4819924971639,"IV"
470,"4000",13.8667560795729,"IV"
471,"4000",9.3181870253123,"IV"
472,"4000",12.5713258418922,"IV"
473,"4000",11.0985185605692,"IV"
474,"4000",13.0376380938904,"IV"
475,"4000",11.730256177979,"IV"
476,"4000",15.3231666992668,"IV"
477,"4000",9.54902326821072,"IV"
478,"4000",11.9377581748406,"IV"
479,"4000",10.1046655304066,"IV"
480,"4000",17.6880784048255,"IV"
481,"4000",9.9701006468397,"IV"
482,"4000",15.6250827882745,"IV"
483,"4000",13.6075752171324,"IV"
484,"4000",10.656442373933,"IV"
485,"4000",13.0952451068606,"IV"
486,"4000",13.9233715700057,"IV"
487,"4000",12.5799177017798,"IV"
488,"4000",12.800620941725,"IV"
489,"4000",12.2997837925507,"IV"
490,"4000",11.163481770897,"IV"
491,"4000",16.906850039237,"IV"
492,"4000",9.83764958521788,"IV"
493,"4000",9.75468915470349,"IV"
494,"4000",15.2690785260537,"IV"
495,"4000",10.9623065439837,"IV"
496,"4000",15.433006309422,"IV"
497,"4000",10.0369850013872,"IV"
498,"4000",17.0356310719186,"IV"
499,"4000",9.96146845278122,"IV"
500,"4000",11.2634435997485,"IV"
501,"4000",12.5224048522927,"IV"
502,"4000",13.4773260697904,"IV"
503,"4000",20.4676930302907,"IV"
504,"4000",11.7137277232911,"IV"
505,"4000",10.564025311417,"IV"
506,"4000",16.7210992633953,"IV"
507,"4000",9.11102110486506,"IV"
508,"4000",13.3710577418471,"IV"
509,"4000",12.5638393996475,"IV"
510,"4000",14.6108282426112,"IV"
511,"4000",11.7269435653085,"IV"
512,"4000",13.3931700612943,"IV"
513,"4000",9.92477303224228,"IV"
514,"4000",13.2508547617536,"IV"
515,"4000",15.4312277323769,"IV"
516,"4000",13.9430726641112,"IV"
517,"4000",11.0568262367458,"IV"
518,"4000",18.6677697749602,"IV"
519,"4000",11.3320155592224,"IV"
520,"4000",10.0343342550462,"IV"
521,"4000",14.4724431175631,"IV"
522,"4000",16.2825441957229,"IV"
523,"4000",14.8028413542224,"IV"
524,"4000",22.3729887533461,"IV"
525,"4000",15.9325265493042,"IV"
526,"4000",15.9943499404676,"IV"
527,"4000",11.9798305101217,"IV"
528,"4000",11.192350965723,"IV"
529,"4000",14.4133197458515,"IV"
530,"4000",11.4189108215046,"IV"
531,"4000",15.2028883589244,"IV"
532,"4000",21.2724804278385,"IV"
533,"4000",12.0818967183194,"IV"
534,"4000",10.9346020231054,"IV"
535,"4000",14.0602359435895,"IV"
536,"4000",10.9903651256595,"IV"
537,"4000",17.9002279491404,"IV"
538,"4000",19.619850431628,"IV"
539,"4000",11.1129446339234,"IV"
540,"4000",14.182238967301,"IV"
541,"4000",19.0435335308676,"IV"
542,"4000",9.96149122576259,"IV"
543,"4000",11.226517677745,"IV"
544,"4000",12.5487281600616,"IV"
545,"4000",12.0451796436739,"IV"
546,"4000",14.7326617112886,"IV"
547,"4000",12.1443080794733,"IV"
548,"4000",10.4642436925423,"IV"
549,"4000",14.3581689279297,"IV"
550,"4000",14.4696868624639,"IV"
551,"4000",10.7593928732525,"IV"
552,"4000",9.52521413516758,"IV"
553,"4000",14.548645676465,"IV"
554,"4000",14.0405132845288,"IV"
555,"4000",10.6506101076259,"IV"
556,"4000",14.1065883028757,"IV"
557,"4000",9.8450584238487,"IV"
558,"4000",15.4216781063843,"IV"
559,"4000",16.0104977456589,"IV"
560,"4000",10.8812188824623,"IV"
561,"4000",10.2397124376959,"IV"
562,"4000",22.8998758008315,"IV"
563,"4000",11.7273377515012,"IV"
564,"4000",11.9365466754701,"IV"
565,"4000",14.9118858266942,"IV"
566,"4000",9.18640627501173,"IV"
567,"4000",20.1363183294155,"IV"
568,"4000",17.3888433517866,"IV"
569,"4000",15.6705019322131,"IV"
570,"4000",16.581663031485,"IV"
571,"4000",12.3089246997323,"IV"
572,"4000",13.1364641746218,"IV"
573,"4000",15.4215334188376,"IV"
574,"4000",15.1110278798082,"IV"
575,"4000",12.4536406168368,"IV"
576,"4000",10.3739463070415,"IV"
577,"4000",17.3619750367275,"IV"
578,"4000",10.1363347107935,"IV"
579,"4000",7.64163844332637,"IV"
580,"4000",11.3177084730701,"IV"
581,"4000",19.6917644060061,"IV"
582,"4000",9.33090462574302,"IV"
583,"4000",15.7716526621787,"IV"
584,"4000",16.6545780343073,"IV"
585,"4000",14.2060612948631,"IV"
586,"4000",16.5095661988511,"IV"
587,"4000",8.81955363041636,"IV"
588,"4000",9.80964246558533,"IV"
589,"4000",14.4168295134055,"IV"
590,"4000",10.4716040795041,"IV"
591,"4000",14.3511383315101,"IV"
592,"4000",12.0803598933219,"IV"
593,"4000",11.9605755090105,"IV"
594,"4000",12.5270049472742,"IV"
595,"4000",13.4693557549917,"IV"
596,"4000",11.7384669756774,"IV"
597,"4000",13.6803767670545,"IV"
598,"4000",8.70187512372085,"IV"
599,"4000",13.642426375876,"IV"
600,"4000",14.7951396652473,"IV"
601,"4000",15.3891858659987,"IV"
602,"4000",11.5309041037355,"IV"
603,"4000",16.2064880310505,"IV"
604,"4000",10.375372307479,"IV"
605,"4000",17.3189475436897,"IV"
606,"4000",9.21195128914115,"IV"
607,"4000",12.4098104540795,"IV"
608,"4000",9.02978916381434,"IV"
609,"4000",13.7541355576308,"IV"
610,"4000",14.6343050365133,"IV"
611,"4000",18.6984912724072,"IV"
612,"4000",8.84619738391055,"IV"
613,"4000",9.85457361235877,"IV"
614,"4000",13.359611366462,"IV"
615,"4000",16.2465843428691,"IV"
616,"4000",22.6011069171889,"IV"
617,"4000",11.7198442487666,"IV"
618,"4000",17.7631666786757,"IV"
619,"4000",12.923705104801,"IV"
620,"4000",12.851229974408,"IV"
621,"4000",12.3505296836989,"IV"
622,"4000",11.5583830923457,"IV"
623,"4000",11.923113737858,"IV"
624,"4000",10.5489440196107,"IV"
625,"4000",11.7139359129126,"IV"
626,"4000",12.4787220392227,"IV"
627,"4000",18.2481365684706,"IV"
628,"4000",11.6945694820104,"IV"
629,"4000",10.1570567880549,"IV"
630,"4000",12.4371966554669,"IV"
631,"4000",10.4367485877101,"IV"
632,"4000",17.9318661290457,"IV"
633,"4000",13.5854295986317,"IV"
634,"4000",19.9892043222376,"IV"
635,"4000",15.1961406464313,"IV"
636,"4000",11.4947163562416,"IV"
637,"4000",10.8279402075566,"IV"
638,"4000",10.8880275568012,"IV"
639,"4000",12.9712948163322,"IV"
640,"4000",13.3509850046333,"IV"
641,"4000",11.8589908238821,"IV"
642,"4000",11.2311723622135,"IV"
643,"4000",11.7551192751618,"IV"
644,"4000",11.4569128211055,"IV"
645,"4000",20.2786808939908,"IV"
646,"4000",12.032362589737,"IV"
647,"4000",10.387537782769,"IV"
648,"4000",9.80817969165035,"IV"
649,"4000",13.5973109157577,"IV"
650,"4000",11.0705891687989,"IV"
651,"4000",22.4773798470304,"IV"
652,"4000",9.09133705319383,"IV"
653,"4000",14.0272663280755,"IV"
654,"4000",13.9043373565209,"IV"
655,"4000",13.1797322872222,"IV"
656,"4000",14.1994672566796,"IV"
657,"4000",15.8802258631202,"IV"
658,"4000",18.4018769607312,"IV"
659,"4000",14.3860387105497,"IV"
660,"4000",12.5830104932793,"IV"
661,"4000",14.4202981011069,"IV"
662,"4000",12.9769300662804,"IV"
663,"4000",19.5467478612221,"IV"
664,"4000",13.8210975394315,"IV"
665,"4000",11.3808292779537,"IV"
666,"4000",12.2774876479742,"IV"
667,"4000",15.1497271379464,"IV"
668,"4000",19.2664704379695,"IV"
669,"4000",11.5232288461013,"IV"
670,"4000",10.608275629885,"IV"
671,"4000",10.258637086347,"IV"
672,"4000",11.570741440948,"IV"
673,"4000",13.4687670436387,"IV"
674,"4000",16.5625968714364,"IV"
675,"4000",30.3591814777498,"IV"
676,"4000",29.1524515603946,"IV"
677,"4000",11.0566641388941,"IV"
678,"4000",11.5732175687044,"IV"
679,"4000",16.8038160025094,"IV"
680,"4000",12.8560352620746,"IV"
681,"4000",11.6535468510062,"IV"
682,"4000",18.4980356661611,"IV"
683,"4000",15.2844247891012,"IV"
684,"4000",11.0691482600538,"IV"
685,"4000",18.6743623707927,"IV"
686,"4000",21.1828024197503,"IV"
687,"4000",14.6693829058401,"IV"
688,"4000",10.467893706375,"IV"
689,"4000",12.0149483585488,"IV"
690,"4000",19.7300556116802,"IV"
691,"4000",17.4138303200403,"IV"
692,"4000",15.0725671181041,"IV"
693,"4000",12.7988586703823,"IV"
694,"4000",12.1613971802589,"IV"
695,"4000",12.8693195527346,"IV"
696,"4000",13.5422896897932,"IV"
697,"4000",11.8599868685923,"IV"
698,"4000",15.3910271452066,"IV"
699,"4000",17.0428064043199,"IV"
700,"4000",10.7500920540084,"IV"
701,"4000",14.0345926752035,"IV"
702,"4000",17.3705240665077,"IV"
703,"4000",14.2201004098337,"IV"
704,"4000",11.837089457011,"IV"
705,"4000",14.2848352077293,"IV"
706,"4000",13.7493959389359,"IV"
707,"4000",20.3007769860778,"IV"
708,"4000",9.45263875613863,"IV"
709,"4000",10.8152019545143,"IV"
710,"4000",19.1914479320328,"IV"
711,"4000",10.4601722637907,"IV"
712,"4000",15.9927480625384,"IV"
713,"4000",18.8963694292323,"IV"
714,"4000",10.6748860160063,"IV"
715,"4000",17.9194906631798,"IV"
716,"4000",18.442872324184,"IV"
717,"4000",11.1568962442637,"IV"
718,"4000",17.6350540440615,"IV"
719,"4000",15.7338471469436,"IV"
720,"4000",13.9408038581645,"IV"
721,"4000",8.87350962489547,"IV"
722,"4000",14.0957723605979,"IV"
723,"4000",25.4835475240633,"IV"
724,"4000",12.3748496931994,"IV"
725,"4000",10.6158713111325,"IV"
726,"4000",13.5721070163826,"IV"
727,"4000",11.8515398034329,"IV"
728,"4000",13.163790049322,"IV"
729,"4000",11.4421260993773,"IV"
730,"4000",11.194330109873,"IV"
731,"4000",15.3380042900053,"IV"
732,"4000",16.6434416790953,"IV"
733,"4000",11.578016637812,"IV"
734,"4000",16.6842220900145,"IV"
735,"4000",16.148741538891,"IV"
736,"4000",9.67380097635427,"IV"
737,"4000",12.7805223864546,"IV"
738,"4000",8.54064258770422,"IV"
739,"4000",10.1931462163891,"IV"
740,"4000",11.6035256785503,"IV"
741,"4000",11.8306801638737,"IV"
742,"4000",10.8166816901404,"IV"
743,"4000",13.7091321813173,"IV"
744,"4000",13.9433587348923,"IV"
745,"4000",14.8854876600841,"IV"
746,"4000",13.1007850459066,"IV"
747,"4000",15.4525313515221,"IV"
748,"4000",8.6623497108086,"IV"
749,"4000",13.1289194580527,"IV"
750,"4000",14.9268956920526,"IV"
751,"4000",11.9274823618765,"IV"
752,"4000",12.5917406837229,"IV"
753,"4000",11.8703448531221,"IV"
754,"4000",10.3909215841239,"IV"
755,"4000",15.6939654960039,"IV"
756,"4000",12.2313278945517,"IV"
757,"4000",14.6984999477904,"IV"
758,"4000",11.1410973904429,"IV"
759,"4000",16.2637657804059,"IV"
760,"4000",10.47254367004,"IV"
761,"4000",10.7526143325207,"IV"
762,"4000",10.4776159942465,"IV"
763,"4000",13.9388126066024,"IV"
764,"4000",11.3291281881168,"IV"
765,"4000",12.9016087566425,"IV"
766,"4000",10.8732296853761,"IV"
767,"4000",8.33422200875359,"IV"
768,"4000",11.6837565162181,"IV"
769,"4000",13.1137123562851,"IV"
770,"4000",10.296738298448,"IV"
771,"4000",11.5835188465486,"IV"
772,"4000",16.2983001460653,"IV"
773,"4000",8.81592099698181,"IV"
774,"4000",10.9351641283678,"IV"
775,"4000",14.2401864209518,"IV"
776,"4000",10.0403705936911,"IV"
777,"4000",12.7138932241138,"IV"
778,"4000",11.0968782274911,"IV"
779,"4000",11.0620363434884,"IV"
780,"4000",26.8915642258902,"IV"
781,"4000",22.8381774148943,"IV"
782,"4000",13.1306661736365,"IV"
783,"4000",21.1964818171824,"IV"
784,"4000",23.0782508096548,"IV"
785,"4000",14.8311010730593,"IV"
786,"4000",19.1863745746402,"IV"
787,"4000",9.08617404675118,"IV"
788,"4000",12.4737132581558,"IV"
789,"4000",11.5689092958363,"IV"
790,"4000",11.6245338705279,"IV"
791,"4000",13.7623005237636,"IV"
792,"4000",11.3507378544238,"IV"
793,"4000",11.5337714874217,"IV"
794,"4000",14.6867741801426,"IV"
795,"4000",15.1109790460373,"IV"
796,"4000",9.81691068330767,"IV"
797,"4000",10.1632893614844,"IV"
798,"4000",15.6150647187578,"IV"
799,"4000",9.15442985068594,"IV"
800,"4000",10.9874012269986,"IV"
801,"4000",15.5118951008725,"IV"
802,"4000",11.3369957960014,"IV"
803,"4000",17.5590243837424,"IV"
804,"4000",14.7602330333912,"IV"
805,"4000",12.5282468592131,"IV"
806,"4000",9.9997167303917,"IV"
807,"4000",14.480899919804,"IV"
808,"4000",12.9637581263205,"IV"
809,"4000",12.3759493117863,"IV"
810,"4000",13.253810024823,"IV"
811,"4000",16.9988174932574,"IV"
812,"4000",11.339007549915,"IV"
813,"4000",10.0243872016255,"IV"
814,"4000",12.4279133866506,"IV"
815,"4000",14.9016945442541,"IV"
816,"4000",12.809051790911,"IV"
817,"4000",8.68005178965912,"IV"
818,"4000",26.6895100678247,"IV"
819,"4000",9.70722046691101,"IV"
820,"4000",11.4945903784779,"IV"
821,"4000",12.962066582855,"IV"
822,"4000",11.069948578632,"IV"
823,"4000",14.3548193031137,"IV"
824,"4000",17.2711036527673,"IV"
825,"4000",13.0093085347406,"IV"
826,"4000",17.3115790744621,"IV"
827,"4000",10.9101263261359,"IV"
828,"4000",10.4726610671766,"IV"
829,"4000",11.7245679403619,"IV"
830,"4000",12.6719570008445,"IV"
831,"4000",11.1728222851208,"IV"
832,"4000",16.1849371110856,"IV"
833,"4000",10.2521618960698,"IV"
834,"4000",9.91849702829337,"IV"
835,"4000",16.1075757682209,"IV"
836,"4000",12.3812901625,"IV"
837,"4000",11.2376415104856,"IV"
838,"4000",15.0838390085711,"IV"
839,"4000",12.8566961344186,"IV"
840,"4000",12.7792164664076,"IV"
841,"4000",15.4617235714556,"IV"
842,"4000",9.58949172078344,"IV"
843,"4000",9.4165046242684,"IV"
844,"4000",15.7141185006071,"IV"
845,"4000",19.5365537021805,"IV"
846,"4000",16.2129803206599,"IV"
847,"4000",8.89741074497571,"IV"
848,"4000",23.0003121871908,"IV"
849,"4000",16.8197630971632,"IV"
850,"4000",15.2470871360525,"IV"
851,"4000",11.4904063881453,"IV"
852,"4000",12.3187514055657,"IV"
853,"4000",12.0528017498876,"IV"
854,"4000",13.3921182483834,"IV"
855,"4000",12.1119975537853,"IV"
856,"4000",11.0921004490453,"IV"
857,"4000",13.1628927760723,"IV"
858,"4000",10.9607021564165,"IV"
859,"4000",19.8279451683601,"IV"
860,"4000",12.0490474970482,"IV"
861,"4000",11.0575216781395,"IV"
862,"4000",10.600326418944,"IV"
863,"4000",14.7981137217542,"IV"
864,"4000",17.5332175275294,"IV"
865,"4000",15.8441218202642,"IV"
866,"4000",13.0231803674424,"IV"
867,"4000",11.8631677009657,"IV"
868,"4000",11.9533963186292,"IV"
869,"4000",16.2477058571857,"IV"
870,"4000",15.3028193466843,"IV"
871,"4000",13.5821901996882,"IV"
872,"4000",16.2601813175678,"IV"
873,"4000",9.36091728591728,"IV"
874,"4000",11.0156017659074,"IV"
875,"4000",18.2921204426534,"IV"
876,"4000",19.5072759017711,"IV"
877,"4000",11.6654713382119,"IV"
878,"4000",13.8862806269477,"IV"
879,"4000",15.6542145527191,"IV"
880,"4000",14.4418797750688,"IV"
881,"4000",21.3439210105417,"IV"
882,"4000",13.7170454501668,"IV"
883,"4000",13.6947614228335,"IV"
884,"4000",11.7725385553631,"IV"
885,"4000",13.5358452724117,"IV"
886,"4000",16.1813611532519,"IV"
887,"4000",8.30019354735824,"IV"
888,"4000",11.9831120308311,"IV"
889,"4000",14.7143637197742,"IV"
890,"4000",25.1957402564078,"IV"
891,"4000",11.6357254142905,"IV"
892,"4000",13.4321420575481,"IV"
893,"4000",20.5929163074278,"IV"
894,"4000",16.0910903991125,"IV"
895,"4000",16.97727461812,"IV"
896,"4000",10.2185867612253,"IV"
897,"4000",12.4182056246893,"IV"
898,"4000",12.2999577905487,"IV"
899,"4000",13.2464732993885,"IV"
900,"4000",15.6388841615363,"IV"
901,"4000",14.220553329604,"IV"
902,"4000",11.9333310669695,"IV"
903,"4000",18.3599678488756,"IV"
904,"4000",10.6170815218856,"IV"
905,"4000",21.9240882919124,"IV"
906,"4000",8.58455616005791,"IV"
907,"4000",11.4489808923848,"IV"
908,"4000",12.6911134444486,"IV"
909,"4000",9.77815937286312,"IV"
910,"4000",9.41935870248281,"IV"
911,"4000",20.6927609070845,"IV"
912,"4000",11.8912740262263,"IV"
913,"4000",14.3529672452464,"IV"
914,"4000",11.1788859986937,"IV"
915,"4000",10.6679790260769,"IV"
916,"4000",17.0984114731224,"IV"
917,"4000",13.4685896796236,"IV"
918,"4000",17.1817176113185,"IV"
919,"4000",14.712943995656,"IV"
920,"4000",12.9677221281241,"IV"
921,"4000",14.6897201852033,"IV"
922,"4000",9.88095780398609,"IV"
923,"4000",12.7033950524166,"IV"
924,"4000",19.0665882530615,"IV"
925,"4000",12.6055561701494,"IV"
926,"4000",13.0440972714143,"IV"
927,"4000",11.2245461166438,"IV"
928,"4000",12.9498904807276,"IV"
929,"4000",10.9792779483774,"IV"
930,"4000",12.2749219727314,"IV"
931,"4000",16.0330526997308,"IV"
932,"4000",12.2803674399621,"IV"
933,"4000",12.5819207806127,"IV"
934,"4000",12.9610636338497,"IV"
935,"4000",13.8322131179471,"IV"
936,"4000",10.4379341691685,"IV"
937,"4000",20.7050396883778,"IV"
938,"4000",9.73622459581388,"IV"
939,"4000",9.53037636256093,"IV"
940,"4000",11.6571588217195,"IV"
941,"4000",9.95772636244571,"IV"
942,"4000",11.6525745706525,"IV"
943,"4000",15.7657174509107,"IV"
944,"4000",11.8112651344719,"IV"
945,"4000",12.4733665189104,"IV"
946,"4000",17.8309095695614,"IV"
947,"4000",13.3838935388177,"IV"
948,"4000",10.8994315431998,"IV"
949,"4000",14.2805778913764,"IV"
950,"4000",11.327681451809,"IV"
951,"4000",18.1583137073039,"IV"
952,"4000",14.3586592369025,"IV"
953,"4000",23.7408713350803,"IV"
954,"4000",8.08996837073031,"IV"
955,"4000",18.5552127204774,"IV"
956,"4000",11.028418440196,"IV"
957,"4000",9.0001662757196,"IV"
958,"4000",11.8514269911576,"IV"
959,"4000",21.2406008361924,"IV"
960,"4000",10.7184151929493,"IV"
961,"4000",11.6226936101473,"IV"
962,"4000",10.684040499045,"IV"
963,"4000",7.9098906456334,"IV"
964,"4000",15.0520712256257,"IV"
965,"4000",18.1090105376556,"IV"
966,"4000",16.5555973107013,"IV"
967,"4000",11.6179671500737,"IV"
968,"4000",11.2284320306328,"IV"
969,"4000",11.5968280382509,"IV"
970,"4000",9.36802130278935,"IV"
971,"4000",15.8737691742178,"IV"
972,"4000",16.4747653810068,"IV"
973,"4000",11.7018722431412,"IV"
974,"4000",10.7830438099465,"IV"
975,"4000",10.3247258662361,"IV"
976,"4000",14.1214044644048,"IV"
977,"4000",13.4496917926601,"IV"
978,"4000",13.9459857652421,"IV"
979,"4000",16.6510487900433,"IV"
980,"4000",12.6128355903566,"IV"
981,"4000",11.9807702342817,"IV"
982,"4000",11.2103987751267,"IV"
983,"4000",14.4712257936753,"IV"
984,"4000",11.9895320437118,"IV"
985,"4000",12.234158978005,"IV"
986,"4000",13.3212176464773,"IV"
987,"4000",12.3449148240091,"IV"
988,"4000",14.0687077606062,"IV"
989,"4000",20.2074268955138,"IV"
990,"4000",16.7854270701764,"IV"
991,"4000",12.9679341059857,"IV"
992,"4000",11.2190804291879,"IV"
993,"4000",10.4975891141698,"IV"
994,"4000",10.5654007103074,"IV"
995,"4000",12.2042677371517,"IV"
996,"4000",12.9628985706182,"IV"
997,"4000",9.31570479585637,"IV"
998,"4000",14.8926369862308,"IV"
999,"4000",14.2258903339065,"IV"
1000,"4000",13.6562422187887,"IV"
1,"500",8.05716134201799,"Unadjusted"
2,"500",3.07568332915986,"Unadjusted"
3,"500",8.85989330431371,"Unadjusted"
4,"500",102.158590123662,"Unadjusted"
5,"500",5.50876894363589,"Unadjusted"
6,"500",7.8303861145412,"Unadjusted"
7,"500",12.1481421925426,"Unadjusted"
8,"500",8.76554220514587,"Unadjusted"
9,"500",5.85176949690788,"Unadjusted"
10,"500",9.84635148418796,"Unadjusted"
11,"500",13.2077608980027,"Unadjusted"
12,"500",3.66037740655878,"Unadjusted"
13,"500",8.68385287118605,"Unadjusted"
14,"500",10.3814794349394,"Unadjusted"
15,"500",4.42395386562629,"Unadjusted"
16,"500",5.55913135545343,"Unadjusted"
17,"500",4.30147313496486,"Unadjusted"
18,"500",4.47472262214274,"Unadjusted"
19,"500",9.56754626652609,"Unadjusted"
20,"500",-96.5838871554264,"Unadjusted"
21,"500",60.7124707057398,"Unadjusted"
22,"500",10.5305322843299,"Unadjusted"
23,"500",11.1992085405496,"Unadjusted"
24,"500",7.23221331799139,"Unadjusted"
25,"500",40.4981279908783,"Unadjusted"
26,"500",6.66510237869037,"Unadjusted"
27,"500",6.81536526587921,"Unadjusted"
28,"500",6.85573267172725,"Unadjusted"
29,"500",5.40735945148079,"Unadjusted"
30,"500",6.20577127325619,"Unadjusted"
31,"500",3.96943418687575,"Unadjusted"
32,"500",5.73080210245444,"Unadjusted"
33,"500",108.823807207016,"Unadjusted"
34,"500",6.25915905313599,"Unadjusted"
35,"500",12.1880144530122,"Unadjusted"
36,"500",4.69440362983423,"Unadjusted"
37,"500",32.6396071137946,"Unadjusted"
38,"500",5.25677934438708,"Unadjusted"
39,"500",4.16365976642919,"Unadjusted"
40,"500",4.16298773275437,"Unadjusted"
41,"500",3.56629860341626,"Unadjusted"
42,"500",7.75129207641217,"Unadjusted"
43,"500",5.3376549824027,"Unadjusted"
44,"500",6.18286586827667,"Unadjusted"
45,"500",3.91814372763677,"Unadjusted"
46,"500",3.59888330243824,"Unadjusted"
47,"500",3.34195134514815,"Unadjusted"
48,"500",6.35581785222238,"Unadjusted"
49,"500",3.59219228588532,"Unadjusted"
50,"500",10.8759062970861,"Unadjusted"
51,"500",5.35260979180852,"Unadjusted"
52,"500",7.02586087252135,"Unadjusted"
53,"500",31.1930598596864,"Unadjusted"
54,"500",2.93088594639724,"Unadjusted"
55,"500",6.80478424984589,"Unadjusted"
56,"500",6.08778194468585,"Unadjusted"
57,"500",43.5045497787994,"Unadjusted"
58,"500",453.32445049652,"Unadjusted"
59,"500",53.0717690966089,"Unadjusted"
60,"500",4.99732160579044,"Unadjusted"
61,"500",14.6617088278449,"Unadjusted"
62,"500",21.2210891964186,"Unadjusted"
63,"500",5.24377463627171,"Unadjusted"
64,"500",18.290431044919,"Unadjusted"
65,"500",5.3480623470417,"Unadjusted"
66,"500",5.05988758611731,"Unadjusted"
67,"500",4.16461521266441,"Unadjusted"
68,"500",5.09838589339355,"Unadjusted"
69,"500",6.31578505755756,"Unadjusted"
70,"500",-818.788031360835,"Unadjusted"
71,"500",9.10443943528558,"Unadjusted"
72,"500",4.01928508646801,"Unadjusted"
73,"500",10.3969376944378,"Unadjusted"
74,"500",7.65483008458054,"Unadjusted"
75,"500",20.9965995921887,"Unadjusted"
76,"500",7.49103333713903,"Unadjusted"
77,"500",6.52989702957552,"Unadjusted"
78,"500",8.61731035712263,"Unadjusted"
79,"500",6.03366029689932,"Unadjusted"
80,"500",4.93147320726746,"Unadjusted"
81,"500",3.8441362666636,"Unadjusted"
82,"500",14.717526558633,"Unadjusted"
83,"500",6.07071720722305,"Unadjusted"
84,"500",3.98011867806205,"Unadjusted"
85,"500",9.06184767043968,"Unadjusted"
86,"500",6.93373964069486,"Unadjusted"
87,"500",9.7556164634491,"Unadjusted"
88,"500",4.35293748414464,"Unadjusted"
89,"500",9.99429439251819,"Unadjusted"
90,"500",4.46821715394822,"Unadjusted"
91,"500",5.78799687647548,"Unadjusted"
92,"500",9.89471841965391,"Unadjusted"
93,"500",19.9445825381035,"Unadjusted"
94,"500",4.20948528225435,"Unadjusted"
95,"500",2.76034433949885,"Unadjusted"
96,"500",6.49564393485977,"Unadjusted"
97,"500",7.99665472473461,"Unadjusted"
98,"500",2.97802103053575,"Unadjusted"
99,"500",5.54037159053457,"Unadjusted"
100,"500",3.08153353289184,"Unadjusted"
101,"500",4.2258841229219,"Unadjusted"
102,"500",4.12713960543778,"Unadjusted"
103,"500",3.99958520989519,"Unadjusted"
104,"500",-17.6378107936472,"Unadjusted"
105,"500",11.4505701463837,"Unadjusted"
106,"500",-26.4834851219354,"Unadjusted"
107,"500",4.66995701109665,"Unadjusted"
108,"500",4.18420904191966,"Unadjusted"
109,"500",4.33467320143662,"Unadjusted"
110,"500",4.61523454614348,"Unadjusted"
111,"500",5.98191734832821,"Unadjusted"
112,"500",6.19489079326901,"Unadjusted"
113,"500",6.43988427345991,"Unadjusted"
114,"500",21.3953538859254,"Unadjusted"
115,"500",8.76473261734879,"Unadjusted"
116,"500",6.94462288170732,"Unadjusted"
117,"500",2.24330662482999,"Unadjusted"
118,"500",114.516301032098,"Unadjusted"
119,"500",9.84108880623144,"Unadjusted"
120,"500",6.19535991004601,"Unadjusted"
121,"500",-56.5933996220918,"Unadjusted"
122,"500",3.41802834188029,"Unadjusted"
123,"500",5.24655674663744,"Unadjusted"
124,"500",5.74358867540032,"Unadjusted"
125,"500",4.46972410871684,"Unadjusted"
126,"500",17.8328553145621,"Unadjusted"
127,"500",28.9321401448315,"Unadjusted"
128,"500",4.6761243623466,"Unadjusted"
129,"500",6.99714699920068,"Unadjusted"
130,"500",4.06131541177134,"Unadjusted"
131,"500",10.3086976707861,"Unadjusted"
132,"500",5.3792041982237,"Unadjusted"
133,"500",4.3226992823229,"Unadjusted"
134,"500",4.96639878584303,"Unadjusted"
135,"500",8.78404636732058,"Unadjusted"
136,"500",5.6679870977819,"Unadjusted"
137,"500",4.6592872016913,"Unadjusted"
138,"500",6.48802611022891,"Unadjusted"
139,"500",4.87000758523217,"Unadjusted"
140,"500",7.91743699708309,"Unadjusted"
141,"500",5.01507883821737,"Unadjusted"
142,"500",5.62775999582742,"Unadjusted"
143,"500",10.4009463238434,"Unadjusted"
144,"500",24.1242849794441,"Unadjusted"
145,"500",4.76349287040224,"Unadjusted"
146,"500",5.29911171297529,"Unadjusted"
147,"500",10.1694697014703,"Unadjusted"
148,"500",13.4349299350924,"Unadjusted"
149,"500",9.60848574849871,"Unadjusted"
150,"500",7.13519443485569,"Unadjusted"
151,"500",7.14154072276625,"Unadjusted"
152,"500",4.7840726232431,"Unadjusted"
153,"500",4.03375112095966,"Unadjusted"
154,"500",4.02419698752007,"Unadjusted"
155,"500",6.65295108236155,"Unadjusted"
156,"500",6.27769756085211,"Unadjusted"
157,"500",12.2398623454415,"Unadjusted"
158,"500",37.5506301155857,"Unadjusted"
159,"500",26.3274420203866,"Unadjusted"
160,"500",4.64363887175327,"Unadjusted"
161,"500",7.34126737458042,"Unadjusted"
162,"500",6.95470695830113,"Unadjusted"
163,"500",8.6328445785618,"Unadjusted"
164,"500",6.99261505512853,"Unadjusted"
165,"500",7.55847915250021,"Unadjusted"
166,"500",34.573178429069,"Unadjusted"
167,"500",4.32660784394397,"Unadjusted"
168,"500",4.07956168631792,"Unadjusted"
169,"500",9.02240131528775,"Unadjusted"
170,"500",8.60084887532345,"Unadjusted"
171,"500",9.98608587858464,"Unadjusted"
172,"500",15.7424399696904,"Unadjusted"
173,"500",20.7857101658959,"Unadjusted"
174,"500",74.1416228334707,"Unadjusted"
175,"500",-44.4911925132125,"Unadjusted"
176,"500",10210.1317557181,"Unadjusted"
177,"500",5.19991369292685,"Unadjusted"
178,"500",9.35930171640352,"Unadjusted"
179,"500",6.62736199291459,"Unadjusted"
180,"500",4.24249197988,"Unadjusted"
181,"500",8.4323047402227,"Unadjusted"
182,"500",14.2828418687991,"Unadjusted"
183,"500",-92.8339578890605,"Unadjusted"
184,"500",10.744689473848,"Unadjusted"
185,"500",19.1696826315769,"Unadjusted"
186,"500",3.13860272371601,"Unadjusted"
187,"500",3.70165770443993,"Unadjusted"
188,"500",16.4064029184142,"Unadjusted"
189,"500",9.04510176926944,"Unadjusted"
190,"500",2.89142015512649,"Unadjusted"
191,"500",3.75521884755115,"Unadjusted"
192,"500",13.5409148797571,"Unadjusted"
193,"500",8.88075319827103,"Unadjusted"
194,"500",4.66776476008657,"Unadjusted"
195,"500",5.55113221498202,"Unadjusted"
196,"500",80.1407433700725,"Unadjusted"
197,"500",4.65807514563924,"Unadjusted"
198,"500",3.08461309126848,"Unadjusted"
199,"500",6.71436585256235,"Unadjusted"
200,"500",4.93127139849303,"Unadjusted"
201,"500",6.17787101618176,"Unadjusted"
202,"500",4.18024642352462,"Unadjusted"
203,"500",6.39329922748082,"Unadjusted"
204,"500",6.08595437466306,"Unadjusted"
205,"500",5.87860768223845,"Unadjusted"
206,"500",66.8125307577686,"Unadjusted"
207,"500",7.3922480809063,"Unadjusted"
208,"500",8.03864254056571,"Unadjusted"
209,"500",3.7881909598063,"Unadjusted"
210,"500",4.16732845140623,"Unadjusted"
211,"500",14.1856727280165,"Unadjusted"
212,"500",7.65612668402079,"Unadjusted"
213,"500",12.1031617614829,"Unadjusted"
214,"500",6.39673514010737,"Unadjusted"
215,"500",5.68065664660058,"Unadjusted"
216,"500",5.51773059647397,"Unadjusted"
217,"500",4.61635239806752,"Unadjusted"
218,"500",7.18226382705131,"Unadjusted"
219,"500",-18.9832677949317,"Unadjusted"
220,"500",15.2856050859434,"Unadjusted"
221,"500",5.7221394505976,"Unadjusted"
222,"500",18.5066418219271,"Unadjusted"
223,"500",11.5017270314226,"Unadjusted"
224,"500",3.62392428325457,"Unadjusted"
225,"500",43.6919392431995,"Unadjusted"
226,"500",8.62641879954573,"Unadjusted"
227,"500",4.80840214706077,"Unadjusted"
228,"500",11.519461771775,"Unadjusted"
229,"500",8.54194686533228,"Unadjusted"
230,"500",22.3441259965791,"Unadjusted"
231,"500",3.63205038664839,"Unadjusted"
232,"500",5.96797293693385,"Unadjusted"
233,"500",14.9092418495034,"Unadjusted"
234,"500",12.2481579845515,"Unadjusted"
235,"500",9.36614525743931,"Unadjusted"
236,"500",3.4422401540649,"Unadjusted"
237,"500",14.8845741040125,"Unadjusted"
238,"500",26.5266393884761,"Unadjusted"
239,"500",9.35213573351303,"Unadjusted"
240,"500",4.51048103921196,"Unadjusted"
241,"500",13.3364837443825,"Unadjusted"
242,"500",4.1995160779754,"Unadjusted"
243,"500",8.45628380854348,"Unadjusted"
244,"500",7.2625804382665,"Unadjusted"
245,"500",14.7382893476992,"Unadjusted"
246,"500",4.51200893027346,"Unadjusted"
247,"500",5.83348966448376,"Unadjusted"
248,"500",6.16312972986779,"Unadjusted"
249,"500",5.92026992487422,"Unadjusted"
250,"500",15.4399152326045,"Unadjusted"
251,"500",5.91454166415509,"Unadjusted"
252,"500",4.75588777130618,"Unadjusted"
253,"500",10.6172648547339,"Unadjusted"
254,"500",5.89067681866274,"Unadjusted"
255,"500",7.55106356088104,"Unadjusted"
256,"500",7.35492428801807,"Unadjusted"
257,"500",9.48742849998802,"Unadjusted"
258,"500",3.3186619718674,"Unadjusted"
259,"500",5.21531121719932,"Unadjusted"
260,"500",9.15502093046816,"Unadjusted"
261,"500",9.90202578858661,"Unadjusted"
262,"500",6.5089388225204,"Unadjusted"
263,"500",4.32881651412823,"Unadjusted"
264,"500",-118.101500063447,"Unadjusted"
265,"500",4.80211262319302,"Unadjusted"
266,"500",6.69714727826229,"Unadjusted"
267,"500",6.25084217311079,"Unadjusted"
268,"500",7.24112627197469,"Unadjusted"
269,"500",6.95838139441498,"Unadjusted"
270,"500",6.59478940285568,"Unadjusted"
271,"500",8.43298607651064,"Unadjusted"
272,"500",7.40131056243767,"Unadjusted"
273,"500",4.784773174157,"Unadjusted"
274,"500",9.3806100754916,"Unadjusted"
275,"500",5.56993663806715,"Unadjusted"
276,"500",4.20585709205637,"Unadjusted"
277,"500",6.12607485599579,"Unadjusted"
278,"500",6.50933992619994,"Unadjusted"
279,"500",16.4515862865539,"Unadjusted"
280,"500",10.118542365938,"Unadjusted"
281,"500",5.14460155052901,"Unadjusted"
282,"500",14.6880267124444,"Unadjusted"
283,"500",10.448987095874,"Unadjusted"
284,"500",31.9226097961842,"Unadjusted"
285,"500",3.83791369126328,"Unadjusted"
286,"500",4.66672110281905,"Unadjusted"
287,"500",3.25796663083359,"Unadjusted"
288,"500",13.6767222204575,"Unadjusted"
289,"500",6.1473769793942,"Unadjusted"
290,"500",4.25345441588169,"Unadjusted"
291,"500",4.61132727698731,"Unadjusted"
292,"500",9.36349800964865,"Unadjusted"
293,"500",5.01506262148239,"Unadjusted"
294,"500",10.0100625454124,"Unadjusted"
295,"500",4.77907899292188,"Unadjusted"
296,"500",6.65139560009798,"Unadjusted"
297,"500",3.92976035565653,"Unadjusted"
298,"500",4.25381999031346,"Unadjusted"
299,"500",23.1021476842051,"Unadjusted"
300,"500",3.13075129374512,"Unadjusted"
301,"500",6.11612786391444,"Unadjusted"
302,"500",16.9499494825034,"Unadjusted"
303,"500",4.2819571148897,"Unadjusted"
304,"500",5.83091841406833,"Unadjusted"
305,"500",4.79876652489019,"Unadjusted"
306,"500",77.5279056259212,"Unadjusted"
307,"500",-57.905428189745,"Unadjusted"
308,"500",9.50380785424656,"Unadjusted"
309,"500",7.11576605881311,"Unadjusted"
310,"500",3.91340142404035,"Unadjusted"
311,"500",4.88711919142355,"Unadjusted"
312,"500",3.31142090199874,"Unadjusted"
313,"500",8.87720320640725,"Unadjusted"
314,"500",18.0864670481018,"Unadjusted"
315,"500",11.7625198649296,"Unadjusted"
316,"500",-157.236669168016,"Unadjusted"
317,"500",-298.404028055573,"Unadjusted"
318,"500",3.13903063446166,"Unadjusted"
319,"500",6.05913078578963,"Unadjusted"
320,"500",10.7404843314681,"Unadjusted"
321,"500",7.73462403180615,"Unadjusted"
322,"500",5.99966963195915,"Unadjusted"
323,"500",21.9127570002136,"Unadjusted"
324,"500",9.77193682136951,"Unadjusted"
325,"500",23.9470939203232,"Unadjusted"
326,"500",5.50292348755498,"Unadjusted"
327,"500",55.0479721494174,"Unadjusted"
328,"500",2.96372714309676,"Unadjusted"
329,"500",10.6904175406152,"Unadjusted"
330,"500",9.84747068195355,"Unadjusted"
331,"500",4.90602998127805,"Unadjusted"
332,"500",3.70484366752029,"Unadjusted"
333,"500",4.48543786528274,"Unadjusted"
334,"500",5.21275504636383,"Unadjusted"
335,"500",5.36182157204955,"Unadjusted"
336,"500",11.5173577343427,"Unadjusted"
337,"500",6.51890279138972,"Unadjusted"
338,"500",4.12486112015835,"Unadjusted"
339,"500",5.39566721470873,"Unadjusted"
340,"500",4.45791523595523,"Unadjusted"
341,"500",8.59285040505509,"Unadjusted"
342,"500",7.24121028709781,"Unadjusted"
343,"500",-23.506592520371,"Unadjusted"
344,"500",13.0876177698706,"Unadjusted"
345,"500",6.18671996608583,"Unadjusted"
346,"500",4.90214887378521,"Unadjusted"
347,"500",17.6640468549747,"Unadjusted"
348,"500",13.1497678849167,"Unadjusted"
349,"500",3.3793743881457,"Unadjusted"
350,"500",8.77859781689138,"Unadjusted"
351,"500",11.5491165055054,"Unadjusted"
352,"500",13.7091271183277,"Unadjusted"
353,"500",8.59530304831458,"Unadjusted"
354,"500",5.81067216463922,"Unadjusted"
355,"500",20.0888747865051,"Unadjusted"
356,"500",17.5967661783706,"Unadjusted"
357,"500",3.12107097750922,"Unadjusted"
358,"500",2.18848741411641,"Unadjusted"
359,"500",3.8172433432452,"Unadjusted"
360,"500",6.07915597423991,"Unadjusted"
361,"500",6.33403275199638,"Unadjusted"
362,"500",3.47929220494205,"Unadjusted"
363,"500",11.9406424420829,"Unadjusted"
364,"500",9.09874090077951,"Unadjusted"
365,"500",5.21467157029657,"Unadjusted"
366,"500",4.99704214795072,"Unadjusted"
367,"500",3.63562185513909,"Unadjusted"
368,"500",-61.0536547656,"Unadjusted"
369,"500",3.8546020911154,"Unadjusted"
370,"500",8.59103658031833,"Unadjusted"
371,"500",3.70959481247232,"Unadjusted"
372,"500",6.73716344904611,"Unadjusted"
373,"500",3.79813591848183,"Unadjusted"
374,"500",4.1396317917052,"Unadjusted"
375,"500",13.6045498246496,"Unadjusted"
376,"500",9.89482554523916,"Unadjusted"
377,"500",5.10410156969086,"Unadjusted"
378,"500",2.99274486522805,"Unadjusted"
379,"500",-15.8258285347002,"Unadjusted"
380,"500",-60.9524145498837,"Unadjusted"
381,"500",4.60813771013943,"Unadjusted"
382,"500",7.71622325551213,"Unadjusted"
383,"500",5.61553433662838,"Unadjusted"
384,"500",8.05295712304644,"Unadjusted"
385,"500",9.77996631227334,"Unadjusted"
386,"500",4.81077485428068,"Unadjusted"
387,"500",10.0120273615902,"Unadjusted"
388,"500",8.1922711470801,"Unadjusted"
389,"500",3.86204527900704,"Unadjusted"
390,"500",4.78755412037935,"Unadjusted"
391,"500",4.44698994845076,"Unadjusted"
392,"500",32.0905005235685,"Unadjusted"
393,"500",5.84914997303381,"Unadjusted"
394,"500",3.95651737175703,"Unadjusted"
395,"500",5.39223683015384,"Unadjusted"
396,"500",14.3757133830582,"Unadjusted"
397,"500",13.4153800739905,"Unadjusted"
398,"500",7.12065601187657,"Unadjusted"
399,"500",6.13428057209546,"Unadjusted"
400,"500",15.962612354695,"Unadjusted"
401,"500",4.58936902555572,"Unadjusted"
402,"500",6.3494240525643,"Unadjusted"
403,"500",21.528375724996,"Unadjusted"
404,"500",5.26475706785093,"Unadjusted"
405,"500",562.334388904944,"Unadjusted"
406,"500",7.6897334139725,"Unadjusted"
407,"500",6.34971060687205,"Unadjusted"
408,"500",4.20044600025295,"Unadjusted"
409,"500",5.97498393896566,"Unadjusted"
410,"500",3.75683372111879,"Unadjusted"
411,"500",26.4856755113616,"Unadjusted"
412,"500",3.29551883515696,"Unadjusted"
413,"500",10.132368851877,"Unadjusted"
414,"500",17.3353273043502,"Unadjusted"
415,"500",7.79922999774197,"Unadjusted"
416,"500",5.29608362064921,"Unadjusted"
417,"500",5.41625070013386,"Unadjusted"
418,"500",9.52141896011348,"Unadjusted"
419,"500",4.88109551734412,"Unadjusted"
420,"500",5.3477749406771,"Unadjusted"
421,"500",5.00291230056528,"Unadjusted"
422,"500",6.71101477919778,"Unadjusted"
423,"500",4.14391817658499,"Unadjusted"
424,"500",6.26370668004149,"Unadjusted"
425,"500",3.34260969508661,"Unadjusted"
426,"500",7.77252431958902,"Unadjusted"
427,"500",5.49049600443648,"Unadjusted"
428,"500",7.94231625726723,"Unadjusted"
429,"500",6.40940298449328,"Unadjusted"
430,"500",9.41471593582634,"Unadjusted"
431,"500",7.33229683314096,"Unadjusted"
432,"500",4.64123664829415,"Unadjusted"
433,"500",7.03798597156363,"Unadjusted"
434,"500",7.31304077644633,"Unadjusted"
435,"500",16.125025377237,"Unadjusted"
436,"500",11.7764526602102,"Unadjusted"
437,"500",9.2847418977761,"Unadjusted"
438,"500",11.9367888453156,"Unadjusted"
439,"500",-32.782078167481,"Unadjusted"
440,"500",15.2317990245968,"Unadjusted"
441,"500",4.04109741918657,"Unadjusted"
442,"500",6.60849165953773,"Unadjusted"
443,"500",4.06971190393417,"Unadjusted"
444,"500",4.89664815375576,"Unadjusted"
445,"500",5.02133431928563,"Unadjusted"
446,"500",3.98881974705494,"Unadjusted"
447,"500",8.34698833754126,"Unadjusted"
448,"500",16.8917432306555,"Unadjusted"
449,"500",11.2893968136183,"Unadjusted"
450,"500",8.17222851410282,"Unadjusted"
451,"500",6.47990685809957,"Unadjusted"
452,"500",3.81408388783601,"Unadjusted"
453,"500",3.47950263253612,"Unadjusted"
454,"500",29.5241633017502,"Unadjusted"
455,"500",12.7077811772795,"Unadjusted"
456,"500",-41.9280031149561,"Unadjusted"
457,"500",4.70669256689287,"Unadjusted"
458,"500",4.13042887020373,"Unadjusted"
459,"500",13.140315425187,"Unadjusted"
460,"500",5.47185050605827,"Unadjusted"
461,"500",13.2674850184489,"Unadjusted"
462,"500",9.53307285130602,"Unadjusted"
463,"500",4.4467386826736,"Unadjusted"
464,"500",3.49330978481003,"Unadjusted"
465,"500",3.7873150894284,"Unadjusted"
466,"500",4.91060144075488,"Unadjusted"
467,"500",4.02432709010325,"Unadjusted"
468,"500",7.09054848381301,"Unadjusted"
469,"500",5.09643935751831,"Unadjusted"
470,"500",10.6992824670567,"Unadjusted"
471,"500",9.98422448055051,"Unadjusted"
472,"500",4.2164334630041,"Unadjusted"
473,"500",5.03794157349194,"Unadjusted"
474,"500",4.8944130920986,"Unadjusted"
475,"500",7.46264149950349,"Unadjusted"
476,"500",7.55383505989709,"Unadjusted"
477,"500",49.3178377013552,"Unadjusted"
478,"500",5.38815149755039,"Unadjusted"
479,"500",6.80259509474087,"Unadjusted"
480,"500",95.2466296351552,"Unadjusted"
481,"500",8.33346184771325,"Unadjusted"
482,"500",4.77327778513745,"Unadjusted"
483,"500",-134.36512810806,"Unadjusted"
484,"500",25.523226448712,"Unadjusted"
485,"500",4.51887961770482,"Unadjusted"
486,"500",3.51683658846803,"Unadjusted"
487,"500",6.59037251361793,"Unadjusted"
488,"500",16.6016502404356,"Unadjusted"
489,"500",16.2326453000792,"Unadjusted"
490,"500",14.7286762031792,"Unadjusted"
491,"500",3.97185736153048,"Unadjusted"
492,"500",4.14578888369721,"Unadjusted"
493,"500",3.42585808878894,"Unadjusted"
494,"500",4.89157183824205,"Unadjusted"
495,"500",7.54422151500463,"Unadjusted"
496,"500",4.54687790012477,"Unadjusted"
497,"500",5.60479060014215,"Unadjusted"
498,"500",11.535429377983,"Unadjusted"
499,"500",3.53006806209349,"Unadjusted"
500,"500",5.01065387364179,"Unadjusted"
501,"500",7.62776956437982,"Unadjusted"
502,"500",14.4010428086298,"Unadjusted"
503,"500",5.03280519278754,"Unadjusted"
504,"500",4.69906067973985,"Unadjusted"
505,"500",4.43356238208999,"Unadjusted"
506,"500",5.63227795274341,"Unadjusted"
507,"500",12.3214214946217,"Unadjusted"
508,"500",5.07624871138719,"Unadjusted"
509,"500",5.36877542152245,"Unadjusted"
510,"500",317.29872398229,"Unadjusted"
511,"500",5.53288305932693,"Unadjusted"
512,"500",8.92915678647216,"Unadjusted"
513,"500",11.7165880230215,"Unadjusted"
514,"500",4.81147943382077,"Unadjusted"
515,"500",9.46364778437686,"Unadjusted"
516,"500",3.84473036916237,"Unadjusted"
517,"500",3.44408160361019,"Unadjusted"
518,"500",6.89085907155868,"Unadjusted"
519,"500",31.0226597937863,"Unadjusted"
520,"500",436.02940531398,"Unadjusted"
521,"500",-19.6086923637196,"Unadjusted"
522,"500",22.9347339575934,"Unadjusted"
523,"500",9.18810055916988,"Unadjusted"
524,"500",3.40741808796153,"Unadjusted"
525,"500",3.95015327286859,"Unadjusted"
526,"500",13.6790840593898,"Unadjusted"
527,"500",6.12909475050919,"Unadjusted"
528,"500",6.59876529325815,"Unadjusted"
529,"500",15.7943479522035,"Unadjusted"
530,"500",33.9748414668865,"Unadjusted"
531,"500",13.9595825849825,"Unadjusted"
532,"500",5.36756285651911,"Unadjusted"
533,"500",21.4806014984255,"Unadjusted"
534,"500",4.26470586715076,"Unadjusted"
535,"500",3.64067548370609,"Unadjusted"
536,"500",6.94449429963054,"Unadjusted"
537,"500",6.02680242332405,"Unadjusted"
538,"500",10.577992862374,"Unadjusted"
539,"500",6.56164486971171,"Unadjusted"
540,"500",7.53754365900474,"Unadjusted"
541,"500",15.0952992344884,"Unadjusted"
542,"500",15.1169958596495,"Unadjusted"
543,"500",5.34468908474465,"Unadjusted"
544,"500",7.71988350406464,"Unadjusted"
545,"500",18.8582856535092,"Unadjusted"
546,"500",4.12978071663203,"Unadjusted"
547,"500",22.9812664102386,"Unadjusted"
548,"500",8.97670295603226,"Unadjusted"
549,"500",10.8423525249721,"Unadjusted"
550,"500",8.22620085900999,"Unadjusted"
551,"500",5.69023435936364,"Unadjusted"
552,"500",8.28327969658974,"Unadjusted"
553,"500",84.0688750701056,"Unadjusted"
554,"500",49.4013027280649,"Unadjusted"
555,"500",12.473509204634,"Unadjusted"
556,"500",21.3557702262153,"Unadjusted"
557,"500",8.7304305981948,"Unadjusted"
558,"500",4.59604641167414,"Unadjusted"
559,"500",4.24816598173734,"Unadjusted"
560,"500",4.72066367288577,"Unadjusted"
561,"500",4.22121874496542,"Unadjusted"
562,"500",6.66951285577412,"Unadjusted"
563,"500",4.93254380732373,"Unadjusted"
564,"500",4.48510882355376,"Unadjusted"
565,"500",10.8802792254831,"Unadjusted"
566,"500",6.43249626984013,"Unadjusted"
567,"500",4.09422147395592,"Unadjusted"
568,"500",8.20741031356619,"Unadjusted"
569,"500",4.21510064835866,"Unadjusted"
570,"500",8.41878303457805,"Unadjusted"
571,"500",2.97059973130222,"Unadjusted"
572,"500",4.17563913325683,"Unadjusted"
573,"500",7.96891247194729,"Unadjusted"
574,"500",5.30741647733839,"Unadjusted"
575,"500",28.0596084534255,"Unadjusted"
576,"500",6.20050042324684,"Unadjusted"
577,"500",4.35490904975518,"Unadjusted"
578,"500",-168.672895620076,"Unadjusted"
579,"500",5.99737482880944,"Unadjusted"
580,"500",10.7924931417175,"Unadjusted"
581,"500",11.137560779971,"Unadjusted"
582,"500",8.97100656875614,"Unadjusted"
583,"500",6.03898814045232,"Unadjusted"
584,"500",2.50574074424641,"Unadjusted"
585,"500",3.70466966531411,"Unadjusted"
586,"500",5.88414718427084,"Unadjusted"
587,"500",3.44119164316646,"Unadjusted"
588,"500",8.29627024005827,"Unadjusted"
589,"500",4.10464979600135,"Unadjusted"
590,"500",7.79527185560469,"Unadjusted"
591,"500",6.0709772539669,"Unadjusted"
592,"500",3.53783488633238,"Unadjusted"
593,"500",25.2937492935311,"Unadjusted"
594,"500",3.74416615821391,"Unadjusted"
595,"500",9.23512464879148,"Unadjusted"
596,"500",4.70483438660548,"Unadjusted"
597,"500",3.45737766006921,"Unadjusted"
598,"500",10.694962014101,"Unadjusted"
599,"500",7.28682640001659,"Unadjusted"
600,"500",10.1720522799485,"Unadjusted"
601,"500",5.26693454484515,"Unadjusted"
602,"500",32.9295071792981,"Unadjusted"
603,"500",8.62839660767834,"Unadjusted"
604,"500",7.4912962745558,"Unadjusted"
605,"500",3.11736457568416,"Unadjusted"
606,"500",10.6589741944559,"Unadjusted"
607,"500",5.6888423753761,"Unadjusted"
608,"500",4.5266720060087,"Unadjusted"
609,"500",5.34363071718911,"Unadjusted"
610,"500",20.8368536628747,"Unadjusted"
611,"500",4.29122019987698,"Unadjusted"
612,"500",7.19865599890711,"Unadjusted"
613,"500",4.11016911457536,"Unadjusted"
614,"500",110.744614827872,"Unadjusted"
615,"500",5.34434644516743,"Unadjusted"
616,"500",5.20492195491863,"Unadjusted"
617,"500",4.28187260050879,"Unadjusted"
618,"500",7.70992792395234,"Unadjusted"
619,"500",8.2832121072571,"Unadjusted"
620,"500",5.09983741081741,"Unadjusted"
621,"500",4.45796212381232,"Unadjusted"
622,"500",6.9903842898213,"Unadjusted"
623,"500",7.87370040799145,"Unadjusted"
624,"500",6.5208058163052,"Unadjusted"
625,"500",10.2848987539251,"Unadjusted"
626,"500",4.13396767184851,"Unadjusted"
627,"500",7.41335009549646,"Unadjusted"
628,"500",7.99732327500743,"Unadjusted"
629,"500",17.3407212374573,"Unadjusted"
630,"500",5.52932535108953,"Unadjusted"
631,"500",-45.1091456615729,"Unadjusted"
632,"500",4.29765361918243,"Unadjusted"
633,"500",6.11163591455189,"Unadjusted"
634,"500",4.17379014195125,"Unadjusted"
635,"500",6.71885968925434,"Unadjusted"
636,"500",7.73813924103571,"Unadjusted"
637,"500",11.0222059553035,"Unadjusted"
638,"500",-49.7023874699418,"Unadjusted"
639,"500",7.82367631558337,"Unadjusted"
640,"500",5.43327168590899,"Unadjusted"
641,"500",4.9191398366245,"Unadjusted"
642,"500",7.22266312411876,"Unadjusted"
643,"500",10.850124514142,"Unadjusted"
644,"500",7.33241804805985,"Unadjusted"
645,"500",20.4597735439233,"Unadjusted"
646,"500",5.97933734977389,"Unadjusted"
647,"500",4.61856246125296,"Unadjusted"
648,"500",55.7582330226507,"Unadjusted"
649,"500",8.23824384015923,"Unadjusted"
650,"500",11.6683194362751,"Unadjusted"
651,"500",11.4069945906536,"Unadjusted"
652,"500",4.09733702275357,"Unadjusted"
653,"500",7.46516423300759,"Unadjusted"
654,"500",8.05425908238833,"Unadjusted"
655,"500",7.40587850565166,"Unadjusted"
656,"500",13.9606121284519,"Unadjusted"
657,"500",4.59718713052127,"Unadjusted"
658,"500",16.1878638239658,"Unadjusted"
659,"500",32.9167837285249,"Unadjusted"
660,"500",8.7985633212999,"Unadjusted"
661,"500",18.4132568745848,"Unadjusted"
662,"500",3.55854121791228,"Unadjusted"
663,"500",6.82692311789423,"Unadjusted"
664,"500",10.1174133522728,"Unadjusted"
665,"500",4.87532083915263,"Unadjusted"
666,"500",8.81217831685803,"Unadjusted"
667,"500",-17.0512159640013,"Unadjusted"
668,"500",5.71925831267697,"Unadjusted"
669,"500",-149.251074454109,"Unadjusted"
670,"500",8.14272465809235,"Unadjusted"
671,"500",4.55291473589,"Unadjusted"
672,"500",4.18061833827368,"Unadjusted"
673,"500",7.2915742557194,"Unadjusted"
674,"500",9.65294341827521,"Unadjusted"
675,"500",-79.5514386645372,"Unadjusted"
676,"500",3.32859450029071,"Unadjusted"
677,"500",6.5725521323214,"Unadjusted"
678,"500",5.05673666234113,"Unadjusted"
679,"500",18.0374628238215,"Unadjusted"
680,"500",7.71698009403601,"Unadjusted"
681,"500",7.70669141024794,"Unadjusted"
682,"500",-214.500490600208,"Unadjusted"
683,"500",7.03665729940729,"Unadjusted"
684,"500",8.20141152629299,"Unadjusted"
685,"500",3.69685234938311,"Unadjusted"
686,"500",8.12120846251136,"Unadjusted"
687,"500",9.70477547944865,"Unadjusted"
688,"500",8.2979833895019,"Unadjusted"
689,"500",15.4132738126454,"Unadjusted"
690,"500",15.5843049849651,"Unadjusted"
691,"500",3.20429133334704,"Unadjusted"
692,"500",5.18010867604832,"Unadjusted"
693,"500",6.22790323439025,"Unadjusted"
694,"500",4.73513566140661,"Unadjusted"
695,"500",-97.3906381664025,"Unadjusted"
696,"500",-14.8084113603741,"Unadjusted"
697,"500",3.86116312672156,"Unadjusted"
698,"500",15.6201605043671,"Unadjusted"
699,"500",12.0491543941293,"Unadjusted"
700,"500",7.09982362481996,"Unadjusted"
701,"500",14.3221033126738,"Unadjusted"
702,"500",8.14871505074999,"Unadjusted"
703,"500",3.15781017136776,"Unadjusted"
704,"500",6.02532589181096,"Unadjusted"
705,"500",-59.9036218332885,"Unadjusted"
706,"500",2.96018488884847,"Unadjusted"
707,"500",5.60636030986728,"Unadjusted"
708,"500",7.44410843941569,"Unadjusted"
709,"500",4.94502824028003,"Unadjusted"
710,"500",7.42763360372164,"Unadjusted"
711,"500",4.58991819148574,"Unadjusted"
712,"500",5.51039607547765,"Unadjusted"
713,"500",13.949591499004,"Unadjusted"
714,"500",8.20015750741405,"Unadjusted"
715,"500",6.322324677697,"Unadjusted"
716,"500",3.57146941283028,"Unadjusted"
717,"500",5.02745669396717,"Unadjusted"
718,"500",11.0992128658141,"Unadjusted"
719,"500",3.86287317468467,"Unadjusted"
720,"500",8.98967377062431,"Unadjusted"
721,"500",5.89621818603158,"Unadjusted"
722,"500",15.7347256376273,"Unadjusted"
723,"500",4.5067012875101,"Unadjusted"
724,"500",10.7245621350003,"Unadjusted"
725,"500",5.56918078385135,"Unadjusted"
726,"500",3.96492399846818,"Unadjusted"
727,"500",4.08057993454425,"Unadjusted"
728,"500",13.4665083323358,"Unadjusted"
729,"500",13.7023462471191,"Unadjusted"
730,"500",-11.7195344795502,"Unadjusted"
731,"500",5.25167531134097,"Unadjusted"
732,"500",4.84872858601852,"Unadjusted"
733,"500",11.6942060808231,"Unadjusted"
734,"500",4.71355751410912,"Unadjusted"
735,"500",6.14460406393014,"Unadjusted"
736,"500",28.1278654626831,"Unadjusted"
737,"500",19.3255585704151,"Unadjusted"
738,"500",4.7724225443143,"Unadjusted"
739,"500",6.93636759651391,"Unadjusted"
740,"500",7.0442189511043,"Unadjusted"
741,"500",11.2626974517286,"Unadjusted"
742,"500",20.7385638626559,"Unadjusted"
743,"500",10.027528160412,"Unadjusted"
744,"500",5.08716949534523,"Unadjusted"
745,"500",3.07930623726456,"Unadjusted"
746,"500",9.85814294101208,"Unadjusted"
747,"500",3.34094231736098,"Unadjusted"
748,"500",3.68273002523637,"Unadjusted"
749,"500",4.39445734405263,"Unadjusted"
750,"500",7.41128875544609,"Unadjusted"
751,"500",5.08657982345009,"Unadjusted"
752,"500",18.7470144344766,"Unadjusted"
753,"500",4.17256296291147,"Unadjusted"
754,"500",7.87145773759468,"Unadjusted"
755,"500",6.16271045332947,"Unadjusted"
756,"500",5.6637928167935,"Unadjusted"
757,"500",5.42929615794784,"Unadjusted"
758,"500",6.25065273313645,"Unadjusted"
759,"500",5.13316366627296,"Unadjusted"
760,"500",7.64415443412585,"Unadjusted"
761,"500",63.2466855875824,"Unadjusted"
762,"500",5.75358656340847,"Unadjusted"
763,"500",5.79479269615448,"Unadjusted"
764,"500",5.93551544330305,"Unadjusted"
765,"500",257.899891166347,"Unadjusted"
766,"500",10.6976355732169,"Unadjusted"
767,"500",9.78601939187732,"Unadjusted"
768,"500",6.7052559762727,"Unadjusted"
769,"500",23.7767236825887,"Unadjusted"
770,"500",7.54565020706546,"Unadjusted"
771,"500",3.5674950399408,"Unadjusted"
772,"500",4.76588228226833,"Unadjusted"
773,"500",4.61465141454946,"Unadjusted"
774,"500",4.14920067824235,"Unadjusted"
775,"500",6.01126707909931,"Unadjusted"
776,"500",4.92606365080404,"Unadjusted"
777,"500",4.12840457359164,"Unadjusted"
778,"500",4.65356790489566,"Unadjusted"
779,"500",10.2171988380689,"Unadjusted"
780,"500",5.55279210490046,"Unadjusted"
781,"500",3.86595794826189,"Unadjusted"
782,"500",6.84105323766091,"Unadjusted"
783,"500",3.93273418709661,"Unadjusted"
784,"500",7.03700159166046,"Unadjusted"
785,"500",4.18272033570925,"Unadjusted"
786,"500",12.5092551956908,"Unadjusted"
787,"500",3.44623056342706,"Unadjusted"
788,"500",176.51722632599,"Unadjusted"
789,"500",13.6031125810097,"Unadjusted"
790,"500",5.76044925342979,"Unadjusted"
791,"500",4.87306880060529,"Unadjusted"
792,"500",9.93999544458168,"Unadjusted"
793,"500",5.14417335492907,"Unadjusted"
794,"500",-24.9458491531523,"Unadjusted"
795,"500",6.84970763305912,"Unadjusted"
796,"500",13.0538190811947,"Unadjusted"
797,"500",10.4644135443752,"Unadjusted"
798,"500",9.46854113447378,"Unadjusted"
799,"500",22.2882392736589,"Unadjusted"
800,"500",23.2960803846318,"Unadjusted"
801,"500",4.62695969740343,"Unadjusted"
802,"500",6.38849527734694,"Unadjusted"
803,"500",11.2201583273131,"Unadjusted"
804,"500",5.83490607600301,"Unadjusted"
805,"500",4.19677980357133,"Unadjusted"
806,"500",5.3735090603408,"Unadjusted"
807,"500",6.1704733403225,"Unadjusted"
808,"500",6.06932879153131,"Unadjusted"
809,"500",-18.8110502957502,"Unadjusted"
810,"500",9.93982211001178,"Unadjusted"
811,"500",23.3968100598296,"Unadjusted"
812,"500",3.68104417048338,"Unadjusted"
813,"500",5.3264573025728,"Unadjusted"
814,"500",5.34970192882081,"Unadjusted"
815,"500",12.6858416758534,"Unadjusted"
816,"500",7.26762349944335,"Unadjusted"
817,"500",4.08101956624847,"Unadjusted"
818,"500",4.50674619084674,"Unadjusted"
819,"500",10.8438775165355,"Unadjusted"
820,"500",4.03704558233062,"Unadjusted"
821,"500",18.2190162394344,"Unadjusted"
822,"500",6.46896466450869,"Unadjusted"
823,"500",11.0686854944453,"Unadjusted"
824,"500",6.79873285959842,"Unadjusted"
825,"500",4.70823438668303,"Unadjusted"
826,"500",-25.8236128182862,"Unadjusted"
827,"500",4.92708986955615,"Unadjusted"
828,"500",7.46781202171017,"Unadjusted"
829,"500",3.99756363107092,"Unadjusted"
830,"500",10.2914635256586,"Unadjusted"
831,"500",6.9057431878005,"Unadjusted"
832,"500",4.70880714502618,"Unadjusted"
833,"500",4.67502577333344,"Unadjusted"
834,"500",52.8688931367627,"Unadjusted"
835,"500",19.40601313022,"Unadjusted"
836,"500",11.0403560705737,"Unadjusted"
837,"500",4.62827201019247,"Unadjusted"
838,"500",4.13694675964146,"Unadjusted"
839,"500",6.54239912624467,"Unadjusted"
840,"500",11.0525065751283,"Unadjusted"
841,"500",3.33950464383294,"Unadjusted"
842,"500",2.91722871203693,"Unadjusted"
843,"500",50.3235846094934,"Unadjusted"
844,"500",11.2581788020876,"Unadjusted"
845,"500",9.38712275947624,"Unadjusted"
846,"500",3.26535081061192,"Unadjusted"
847,"500",3.21161041964803,"Unadjusted"
848,"500",2.94253941909368,"Unadjusted"
849,"500",4.15482121802432,"Unadjusted"
850,"500",4.53628654639064,"Unadjusted"
851,"500",20.9869868830372,"Unadjusted"
852,"500",5.19127285675263,"Unadjusted"
853,"500",34.666321030109,"Unadjusted"
854,"500",5.17752600127672,"Unadjusted"
855,"500",6.2505489298576,"Unadjusted"
856,"500",11.1424704435128,"Unadjusted"
857,"500",5.84773619634881,"Unadjusted"
858,"500",8.42914226120899,"Unadjusted"
859,"500",7.8800053579906,"Unadjusted"
860,"500",4.6389636269022,"Unadjusted"
861,"500",15.6662242815681,"Unadjusted"
862,"500",6.68067342134407,"Unadjusted"
863,"500",6.8849848885501,"Unadjusted"
864,"500",4.16229007796781,"Unadjusted"
865,"500",3.73105794935513,"Unadjusted"
866,"500",-102.632036251146,"Unadjusted"
867,"500",10.7520000077335,"Unadjusted"
868,"500",6.29939285480918,"Unadjusted"
869,"500",4.15025234637599,"Unadjusted"
870,"500",6.74265888557636,"Unadjusted"
871,"500",3.78128227354151,"Unadjusted"
872,"500",5.00651400962476,"Unadjusted"
873,"500",4.52940629747257,"Unadjusted"
874,"500",4.44902912335865,"Unadjusted"
875,"500",5.15618665594063,"Unadjusted"
876,"500",10.6651942583039,"Unadjusted"
877,"500",31.3070337709043,"Unadjusted"
878,"500",3.93651885298102,"Unadjusted"
879,"500",3.95972853919376,"Unadjusted"
880,"500",6.22006325403719,"Unadjusted"
881,"500",4.31126281228337,"Unadjusted"
882,"500",-57.8608271867927,"Unadjusted"
883,"500",3.26421694823843,"Unadjusted"
884,"500",6.64668401574834,"Unadjusted"
885,"500",18.7012474125608,"Unadjusted"
886,"500",4.44593327768265,"Unadjusted"
887,"500",7.44485293383959,"Unadjusted"
888,"500",25.4490598822488,"Unadjusted"
889,"500",6.04932231912523,"Unadjusted"
890,"500",4.19865357944313,"Unadjusted"
891,"500",5.37618389935487,"Unadjusted"
892,"500",7.97688159691346,"Unadjusted"
893,"500",-25.8524680308637,"Unadjusted"
894,"500",-99.2771683024765,"Unadjusted"
895,"500",6.28540313601144,"Unadjusted"
896,"500",8.69992871419819,"Unadjusted"
897,"500",3.9965785830218,"Unadjusted"
898,"500",12.0401824577611,"Unadjusted"
899,"500",4.78328224286398,"Unadjusted"
900,"500",3.0451908678644,"Unadjusted"
901,"500",5.34985706195965,"Unadjusted"
902,"500",23.6626644448902,"Unadjusted"
903,"500",6.60199835616148,"Unadjusted"
904,"500",3.66446078057448,"Unadjusted"
905,"500",3.85264088162883,"Unadjusted"
906,"500",19.2182192267621,"Unadjusted"
907,"500",4.95397421976591,"Unadjusted"
908,"500",5.12176075485843,"Unadjusted"
909,"500",9.54106814283742,"Unadjusted"
910,"500",4.31001462057646,"Unadjusted"
911,"500",11.3411365737833,"Unadjusted"
912,"500",3.15587977337155,"Unadjusted"
913,"500",6.71855945128415,"Unadjusted"
914,"500",31.6066247863712,"Unadjusted"
915,"500",3.56689421887064,"Unadjusted"
916,"500",7.38232370920359,"Unadjusted"
917,"500",3.85149234991397,"Unadjusted"
918,"500",10.1258289374634,"Unadjusted"
919,"500",11.3084852597178,"Unadjusted"
920,"500",10.856849119863,"Unadjusted"
921,"500",8.5167672944253,"Unadjusted"
922,"500",12.2412252837219,"Unadjusted"
923,"500",6.82766979813941,"Unadjusted"
924,"500",5.05134882511222,"Unadjusted"
925,"500",222.741854824164,"Unadjusted"
926,"500",4.40867951033042,"Unadjusted"
927,"500",6.97990228643146,"Unadjusted"
928,"500",10.3218543460157,"Unadjusted"
929,"500",16.6521690948008,"Unadjusted"
930,"500",4.47753885504872,"Unadjusted"
931,"500",9.62201220239325,"Unadjusted"
932,"500",10.9580843564641,"Unadjusted"
933,"500",4.24673281316163,"Unadjusted"
934,"500",27.2053175076834,"Unadjusted"
935,"500",4.26553191378536,"Unadjusted"
936,"500",4.15234005032579,"Unadjusted"
937,"500",5.00984590097412,"Unadjusted"
938,"500",4.5634288853786,"Unadjusted"
939,"500",3.8880876966124,"Unadjusted"
940,"500",4.54983939885901,"Unadjusted"
941,"500",3.65664400690024,"Unadjusted"
942,"500",8.65835343798918,"Unadjusted"
943,"500",19.2585716883074,"Unadjusted"
944,"500",14.6445788398863,"Unadjusted"
945,"500",-212.324939253983,"Unadjusted"
946,"500",3.37654603288569,"Unadjusted"
947,"500",6.71286812265818,"Unadjusted"
948,"500",144.367339045561,"Unadjusted"
949,"500",5.00089422873751,"Unadjusted"
950,"500",10.2056964275548,"Unadjusted"
951,"500",4.36673107485672,"Unadjusted"
952,"500",8.64919778399156,"Unadjusted"
953,"500",6.92934750411965,"Unadjusted"
954,"500",8.02560950179158,"Unadjusted"
955,"500",5.00885359116648,"Unadjusted"
956,"500",5.93563799118379,"Unadjusted"
957,"500",4.32991212306869,"Unadjusted"
958,"500",10.6568402439501,"Unadjusted"
959,"500",9.49206419920358,"Unadjusted"
960,"500",12.6877413754974,"Unadjusted"
961,"500",8.09415873253573,"Unadjusted"
962,"500",-45.3924223970476,"Unadjusted"
963,"500",4.32463145959209,"Unadjusted"
964,"500",7.75734846181785,"Unadjusted"
965,"500",5.10350177168867,"Unadjusted"
966,"500",16.8193305795979,"Unadjusted"
967,"500",3.46882266624412,"Unadjusted"
968,"500",5.94998317712269,"Unadjusted"
969,"500",7.46295861407386,"Unadjusted"
970,"500",6.31394167850913,"Unadjusted"
971,"500",10.9987808204548,"Unadjusted"
972,"500",5.68377930743031,"Unadjusted"
973,"500",3.78682016426056,"Unadjusted"
974,"500",-16.0843253359099,"Unadjusted"
975,"500",5.51223193660976,"Unadjusted"
976,"500",47.7465982714873,"Unadjusted"
977,"500",8.10691896626099,"Unadjusted"
978,"500",4.45798067696035,"Unadjusted"
979,"500",10.3786403723617,"Unadjusted"
980,"500",4.19809417149115,"Unadjusted"
981,"500",6.5536118999095,"Unadjusted"
982,"500",12.5642058843902,"Unadjusted"
983,"500",11.4083734771693,"Unadjusted"
984,"500",6.06099778120936,"Unadjusted"
985,"500",5.57076392005532,"Unadjusted"
986,"500",6.45978521132015,"Unadjusted"
987,"500",16.0134449569866,"Unadjusted"
988,"500",2.73392313624522,"Unadjusted"
989,"500",8.93722354407492,"Unadjusted"
990,"500",13.5512248220378,"Unadjusted"
991,"500",6.46648051639084,"Unadjusted"
992,"500",5.92458317965039,"Unadjusted"
993,"500",4.99621576380449,"Unadjusted"
994,"500",4.21736576081453,"Unadjusted"
995,"500",4.69010461325376,"Unadjusted"
996,"500",13.2993194932588,"Unadjusted"
997,"500",5.1927868291695,"Unadjusted"
998,"500",11.5762375960043,"Unadjusted"
999,"500",5.7477790768922,"Unadjusted"
1000,"500",4.52844887080124,"Unadjusted"
1,"1000",5.2481262430623,"Unadjusted"
2,"1000",4.59437351428259,"Unadjusted"
3,"1000",7.38472003600767,"Unadjusted"
4,"1000",5.32017313092661,"Unadjusted"
5,"1000",6.2607086616896,"Unadjusted"
6,"1000",15.8060433038536,"Unadjusted"
7,"1000",5.49176631866395,"Unadjusted"
8,"1000",7.87278575599575,"Unadjusted"
9,"1000",4.52305186157624,"Unadjusted"
10,"1000",9.18435018798251,"Unadjusted"
11,"1000",7.07191335567219,"Unadjusted"
12,"1000",5.11326905347396,"Unadjusted"
13,"1000",9.36882090602168,"Unadjusted"
14,"1000",9.54332696763585,"Unadjusted"
15,"1000",3.96080681571184,"Unadjusted"
16,"1000",12.2643564425002,"Unadjusted"
17,"1000",7.19874983543203,"Unadjusted"
18,"1000",5.19601235942193,"Unadjusted"
19,"1000",5.77307470769627,"Unadjusted"
20,"1000",6.79360043060504,"Unadjusted"
21,"1000",6.10269766269219,"Unadjusted"
22,"1000",7.46082083250188,"Unadjusted"
23,"1000",10.0442046163758,"Unadjusted"
24,"1000",11.3337931251683,"Unadjusted"
25,"1000",9.85051232352947,"Unadjusted"
26,"1000",6.87800523653879,"Unadjusted"
27,"1000",8.66993526151002,"Unadjusted"
28,"1000",6.02519372154149,"Unadjusted"
29,"1000",7.1731997304544,"Unadjusted"
30,"1000",4.81165443861739,"Unadjusted"
31,"1000",5.75319555045187,"Unadjusted"
32,"1000",11.7493986838577,"Unadjusted"
33,"1000",10.9943685329251,"Unadjusted"
34,"1000",5.59831007406699,"Unadjusted"
35,"1000",-39.2011705712784,"Unadjusted"
36,"1000",5.34540093161898,"Unadjusted"
37,"1000",21.0554682305922,"Unadjusted"
38,"1000",6.52864926471046,"Unadjusted"
39,"1000",3.94672959933582,"Unadjusted"
40,"1000",4.46976091540897,"Unadjusted"
41,"1000",10.1740787402374,"Unadjusted"
42,"1000",50.7015555199637,"Unadjusted"
43,"1000",6.57897747915862,"Unadjusted"
44,"1000",5.90508862933598,"Unadjusted"
45,"1000",12.7938068390458,"Unadjusted"
46,"1000",7.34059948626946,"Unadjusted"
47,"1000",6.99611755983693,"Unadjusted"
48,"1000",9.70644850749063,"Unadjusted"
49,"1000",5.65146553875145,"Unadjusted"
50,"1000",24.9565890965254,"Unadjusted"
51,"1000",8.05801973806745,"Unadjusted"
52,"1000",6.54640135868587,"Unadjusted"
53,"1000",5.08225278462529,"Unadjusted"
54,"1000",5.90922329241079,"Unadjusted"
55,"1000",10.3445394593757,"Unadjusted"
56,"1000",5.9279642314373,"Unadjusted"
57,"1000",5.98746506305844,"Unadjusted"
58,"1000",4.79735731801438,"Unadjusted"
59,"1000",7.20938901574083,"Unadjusted"
60,"1000",5.66337740604241,"Unadjusted"
61,"1000",6.34864998716706,"Unadjusted"
62,"1000",5.00346406188571,"Unadjusted"
63,"1000",4.37984490234756,"Unadjusted"
64,"1000",7.83671802330518,"Unadjusted"
65,"1000",-262.021323198379,"Unadjusted"
66,"1000",6.34699598920502,"Unadjusted"
67,"1000",7.62819403642406,"Unadjusted"
68,"1000",6.51884513459586,"Unadjusted"
69,"1000",5.2210399510067,"Unadjusted"
70,"1000",11.5004722590195,"Unadjusted"
71,"1000",12.2516918950253,"Unadjusted"
72,"1000",7.21204953869362,"Unadjusted"
73,"1000",4.10280773793652,"Unadjusted"
74,"1000",-33.2208570038674,"Unadjusted"
75,"1000",13.7511193071586,"Unadjusted"
76,"1000",4.01810002040879,"Unadjusted"
77,"1000",9.43667790277356,"Unadjusted"
78,"1000",5.37431927553426,"Unadjusted"
79,"1000",15.1654744794309,"Unadjusted"
80,"1000",6.5112312152238,"Unadjusted"
81,"1000",3.81054833646626,"Unadjusted"
82,"1000",5.46098444685568,"Unadjusted"
83,"1000",6.23892712348098,"Unadjusted"
84,"1000",4.91870955232633,"Unadjusted"
85,"1000",5.53656939857335,"Unadjusted"
86,"1000",6.24686008496105,"Unadjusted"
87,"1000",5.80711159279444,"Unadjusted"
88,"1000",3.00803615362917,"Unadjusted"
89,"1000",5.07475339378612,"Unadjusted"
90,"1000",6.91134360343386,"Unadjusted"
91,"1000",10.51176257162,"Unadjusted"
92,"1000",6.74474562646892,"Unadjusted"
93,"1000",7.51134653116919,"Unadjusted"
94,"1000",2.86095703911419,"Unadjusted"
95,"1000",3.65473049963629,"Unadjusted"
96,"1000",4.82704373525996,"Unadjusted"
97,"1000",6.59517189585921,"Unadjusted"
98,"1000",5.02525855545332,"Unadjusted"
99,"1000",11.2589546176877,"Unadjusted"
100,"1000",4.38765800954638,"Unadjusted"
101,"1000",5.65097454659364,"Unadjusted"
102,"1000",4.02702373929733,"Unadjusted"
103,"1000",5.41276891718703,"Unadjusted"
104,"1000",4.69395077018606,"Unadjusted"
105,"1000",4.66022801664827,"Unadjusted"
106,"1000",5.30947117055876,"Unadjusted"
107,"1000",6.41705987079128,"Unadjusted"
108,"1000",9.51127095908283,"Unadjusted"
109,"1000",22.3428435409183,"Unadjusted"
110,"1000",5.28030922344723,"Unadjusted"
111,"1000",3.84440978979823,"Unadjusted"
112,"1000",5.02486759095896,"Unadjusted"
113,"1000",11.1286799279743,"Unadjusted"
114,"1000",12.3892541004509,"Unadjusted"
115,"1000",9.47632512479564,"Unadjusted"
116,"1000",8.32153614060258,"Unadjusted"
117,"1000",3.48935345794716,"Unadjusted"
118,"1000",6.81084506247969,"Unadjusted"
119,"1000",4.89565030867345,"Unadjusted"
120,"1000",7.54926943952841,"Unadjusted"
121,"1000",9.89530125461667,"Unadjusted"
122,"1000",8.80312406894562,"Unadjusted"
123,"1000",4.30103077060344,"Unadjusted"
124,"1000",12.9954419552119,"Unadjusted"
125,"1000",7.05764433057581,"Unadjusted"
126,"1000",4.52424701620423,"Unadjusted"
127,"1000",13.8705239396148,"Unadjusted"
128,"1000",5.87585877628507,"Unadjusted"
129,"1000",5.94631545143457,"Unadjusted"
130,"1000",6.42983779919018,"Unadjusted"
131,"1000",8.13484901438354,"Unadjusted"
132,"1000",5.77569471386403,"Unadjusted"
133,"1000",5.02049834854234,"Unadjusted"
134,"1000",13.5358124345718,"Unadjusted"
135,"1000",10.1612569691872,"Unadjusted"
136,"1000",5.45990259780006,"Unadjusted"
137,"1000",8.92646423243049,"Unadjusted"
138,"1000",4.65997384823505,"Unadjusted"
139,"1000",6.37612823558845,"Unadjusted"
140,"1000",6.65112021513272,"Unadjusted"
141,"1000",23.8326428601271,"Unadjusted"
142,"1000",12.4011144979169,"Unadjusted"
143,"1000",7.12814028459356,"Unadjusted"
144,"1000",10.4307465190906,"Unadjusted"
145,"1000",3.94858484581371,"Unadjusted"
146,"1000",8.6892028743931,"Unadjusted"
147,"1000",9.36332342519356,"Unadjusted"
148,"1000",6.26658453747409,"Unadjusted"
149,"1000",8.29643824250394,"Unadjusted"
150,"1000",5.21445368554429,"Unadjusted"
151,"1000",6.94636854910082,"Unadjusted"
152,"1000",13.9900096942255,"Unadjusted"
153,"1000",6.32418944616595,"Unadjusted"
154,"1000",8.25868171937481,"Unadjusted"
155,"1000",7.15536323928805,"Unadjusted"
156,"1000",5.1108346368054,"Unadjusted"
157,"1000",4.60563982196705,"Unadjusted"
158,"1000",6.40484277606965,"Unadjusted"
159,"1000",5.24102170914799,"Unadjusted"
160,"1000",7.18835108248358,"Unadjusted"
161,"1000",10.2057918498411,"Unadjusted"
162,"1000",8.31048922651959,"Unadjusted"
163,"1000",8.17613749295702,"Unadjusted"
164,"1000",10.9646290906416,"Unadjusted"
165,"1000",7.98348931558494,"Unadjusted"
166,"1000",9.39479099240653,"Unadjusted"
167,"1000",5.35921272285474,"Unadjusted"
168,"1000",5.76828100021736,"Unadjusted"
169,"1000",57.0908993129605,"Unadjusted"
170,"1000",10.8848776780008,"Unadjusted"
171,"1000",3.27213567537437,"Unadjusted"
172,"1000",3.86679894076492,"Unadjusted"
173,"1000",6.74574628666056,"Unadjusted"
174,"1000",4.71643000589489,"Unadjusted"
175,"1000",5.41320049760651,"Unadjusted"
176,"1000",6.57952122974983,"Unadjusted"
177,"1000",5.8488058262452,"Unadjusted"
178,"1000",5.48521509779765,"Unadjusted"
179,"1000",5.08588056672874,"Unadjusted"
180,"1000",7.3520448596129,"Unadjusted"
181,"1000",6.39633108945324,"Unadjusted"
182,"1000",4.72739180627968,"Unadjusted"
183,"1000",44.0687079597462,"Unadjusted"
184,"1000",6.66309028217126,"Unadjusted"
185,"1000",7.83866132130569,"Unadjusted"
186,"1000",4.48801089847199,"Unadjusted"
187,"1000",5.11172131343297,"Unadjusted"
188,"1000",4.66730050076841,"Unadjusted"
189,"1000",14.0032742246103,"Unadjusted"
190,"1000",5.9745528108884,"Unadjusted"
191,"1000",7.68667644037245,"Unadjusted"
192,"1000",7.47923857560017,"Unadjusted"
193,"1000",6.82321070426517,"Unadjusted"
194,"1000",5.45362037504975,"Unadjusted"
195,"1000",6.73320071532011,"Unadjusted"
196,"1000",7.75034910264019,"Unadjusted"
197,"1000",3.83196212941407,"Unadjusted"
198,"1000",5.64096540649584,"Unadjusted"
199,"1000",4.49725219193893,"Unadjusted"
200,"1000",8.22012894270608,"Unadjusted"
201,"1000",6.55788849005517,"Unadjusted"
202,"1000",53.069758535476,"Unadjusted"
203,"1000",6.10681433421836,"Unadjusted"
204,"1000",4.40755067756699,"Unadjusted"
205,"1000",4.98915604933998,"Unadjusted"
206,"1000",3.97378354759826,"Unadjusted"
207,"1000",5.9091519209277,"Unadjusted"
208,"1000",5.37173283649924,"Unadjusted"
209,"1000",6.98061917972373,"Unadjusted"
210,"1000",5.17534900756062,"Unadjusted"
211,"1000",3.24554624261193,"Unadjusted"
212,"1000",70.4099442920121,"Unadjusted"
213,"1000",4.55069512518446,"Unadjusted"
214,"1000",7.22254201870081,"Unadjusted"
215,"1000",6.02792676377427,"Unadjusted"
216,"1000",4.47370327800104,"Unadjusted"
217,"1000",27.1610756520173,"Unadjusted"
218,"1000",8.20742527755237,"Unadjusted"
219,"1000",8.06289719205249,"Unadjusted"
220,"1000",7.78002135956938,"Unadjusted"
221,"1000",3.78759122104954,"Unadjusted"
222,"1000",3.82526514401606,"Unadjusted"
223,"1000",7.20676419613224,"Unadjusted"
224,"1000",3.77390509720721,"Unadjusted"
225,"1000",6.24081772342375,"Unadjusted"
226,"1000",3.30783325405624,"Unadjusted"
227,"1000",5.39239533463441,"Unadjusted"
228,"1000",7.41379042735544,"Unadjusted"
229,"1000",3.95600100492604,"Unadjusted"
230,"1000",7.39136469761347,"Unadjusted"
231,"1000",3.98487702447271,"Unadjusted"
232,"1000",13.3036206256568,"Unadjusted"
233,"1000",7.39751799160945,"Unadjusted"
234,"1000",6.37815727844238,"Unadjusted"
235,"1000",6.02485995930075,"Unadjusted"
236,"1000",7.11665092442939,"Unadjusted"
237,"1000",7.46144097815876,"Unadjusted"
238,"1000",7.77776149008109,"Unadjusted"
239,"1000",5.81599225460632,"Unadjusted"
240,"1000",9.78969756531704,"Unadjusted"
241,"1000",10.5779435308628,"Unadjusted"
242,"1000",8.95245185862367,"Unadjusted"
243,"1000",8.33878601222173,"Unadjusted"
244,"1000",15.8470623962527,"Unadjusted"
245,"1000",11.1311764060264,"Unadjusted"
246,"1000",9.02100446448901,"Unadjusted"
247,"1000",14.5214099161077,"Unadjusted"
248,"1000",13.8264646622084,"Unadjusted"
249,"1000",8.53731551369763,"Unadjusted"
250,"1000",5.95637134977868,"Unadjusted"
251,"1000",3.68781009050423,"Unadjusted"
252,"1000",12.4892757606255,"Unadjusted"
253,"1000",7.41891305381794,"Unadjusted"
254,"1000",8.21121384691395,"Unadjusted"
255,"1000",7.21444315640392,"Unadjusted"
256,"1000",18.170271913702,"Unadjusted"
257,"1000",4.55458088631207,"Unadjusted"
258,"1000",4.09782735733141,"Unadjusted"
259,"1000",13.4884361553023,"Unadjusted"
260,"1000",6.34513564169815,"Unadjusted"
261,"1000",5.18889656826448,"Unadjusted"
262,"1000",5.22563192168457,"Unadjusted"
263,"1000",8.31416232181415,"Unadjusted"
264,"1000",5.01712213709894,"Unadjusted"
265,"1000",23.0105690572015,"Unadjusted"
266,"1000",4.4889887159877,"Unadjusted"
267,"1000",8.04985878062564,"Unadjusted"
268,"1000",9.26721383548164,"Unadjusted"
269,"1000",5.37766235326624,"Unadjusted"
270,"1000",24.954246120783,"Unadjusted"
271,"1000",4.90164244010547,"Unadjusted"
272,"1000",13.1999932866921,"Unadjusted"
273,"1000",3.81654062167008,"Unadjusted"
274,"1000",7.50462430955159,"Unadjusted"
275,"1000",7.39844992566313,"Unadjusted"
276,"1000",5.44334759465502,"Unadjusted"
277,"1000",7.89643901831205,"Unadjusted"
278,"1000",5.23347302973008,"Unadjusted"
279,"1000",71.6017237169763,"Unadjusted"
280,"1000",18.6944849421078,"Unadjusted"
281,"1000",5.5892993392151,"Unadjusted"
282,"1000",5.63051749066722,"Unadjusted"
283,"1000",5.79171716509299,"Unadjusted"
284,"1000",4.88350985137425,"Unadjusted"
285,"1000",25.7722026926261,"Unadjusted"
286,"1000",12.130180160961,"Unadjusted"
287,"1000",9.63457430778889,"Unadjusted"
288,"1000",11.0462001113048,"Unadjusted"
289,"1000",10.0523285968231,"Unadjusted"
290,"1000",4.33126812843394,"Unadjusted"
291,"1000",5.42128096552844,"Unadjusted"
292,"1000",5.02126264548365,"Unadjusted"
293,"1000",5.5360938397655,"Unadjusted"
294,"1000",10.1703932697027,"Unadjusted"
295,"1000",4.82115286241977,"Unadjusted"
296,"1000",4.01633730054153,"Unadjusted"
297,"1000",4.39771676657091,"Unadjusted"
298,"1000",68.361665626876,"Unadjusted"
299,"1000",5.35227815683876,"Unadjusted"
300,"1000",7.25875020187721,"Unadjusted"
301,"1000",10.33531462497,"Unadjusted"
302,"1000",8.45020327425479,"Unadjusted"
303,"1000",6.17502019733695,"Unadjusted"
304,"1000",9.11295804214572,"Unadjusted"
305,"1000",5.76663562057384,"Unadjusted"
306,"1000",6.87842223509672,"Unadjusted"
307,"1000",5.24560050905301,"Unadjusted"
308,"1000",5.14461145894505,"Unadjusted"
309,"1000",12.2508538667337,"Unadjusted"
310,"1000",8.30622412970662,"Unadjusted"
311,"1000",5.88333068145507,"Unadjusted"
312,"1000",14.3342938083921,"Unadjusted"
313,"1000",11.7788330854177,"Unadjusted"
314,"1000",5.46040714527287,"Unadjusted"
315,"1000",6.1317270249931,"Unadjusted"
316,"1000",12.3886799091543,"Unadjusted"
317,"1000",5.73060355657464,"Unadjusted"
318,"1000",6.11375900296694,"Unadjusted"
319,"1000",6.80183052300073,"Unadjusted"
320,"1000",16.5470298418203,"Unadjusted"
321,"1000",5.155449711754,"Unadjusted"
322,"1000",10.1129497030918,"Unadjusted"
323,"1000",5.87692538105341,"Unadjusted"
324,"1000",4.65718953858395,"Unadjusted"
325,"1000",17.0129757843125,"Unadjusted"
326,"1000",4.97834542512453,"Unadjusted"
327,"1000",3.81879096263471,"Unadjusted"
328,"1000",4.43573501490619,"Unadjusted"
329,"1000",4.923011314424,"Unadjusted"
330,"1000",18.9276068918781,"Unadjusted"
331,"1000",5.17817374827484,"Unadjusted"
332,"1000",9.44533207121816,"Unadjusted"
333,"1000",11.7087759627016,"Unadjusted"
334,"1000",7.54710289308359,"Unadjusted"
335,"1000",7.19688362825563,"Unadjusted"
336,"1000",5.22753529093047,"Unadjusted"
337,"1000",8.29667340260866,"Unadjusted"
338,"1000",5.65300324201703,"Unadjusted"
339,"1000",8.61010418574994,"Unadjusted"
340,"1000",4.12502485394663,"Unadjusted"
341,"1000",9.7358371692701,"Unadjusted"
342,"1000",6.05128841639226,"Unadjusted"
343,"1000",5.07124563848289,"Unadjusted"
344,"1000",140.945847097792,"Unadjusted"
345,"1000",6.59539228586623,"Unadjusted"
346,"1000",3.60568124318506,"Unadjusted"
347,"1000",8.8785341821931,"Unadjusted"
348,"1000",9.06362025893323,"Unadjusted"
349,"1000",5.96472205988182,"Unadjusted"
350,"1000",5.84431968607015,"Unadjusted"
351,"1000",6.71780218259493,"Unadjusted"
352,"1000",10.783474126461,"Unadjusted"
353,"1000",6.1549710994364,"Unadjusted"
354,"1000",8.29755469602039,"Unadjusted"
355,"1000",4.77599482280355,"Unadjusted"
356,"1000",3.33335784073499,"Unadjusted"
357,"1000",15.9249651699108,"Unadjusted"
358,"1000",4.01225136233279,"Unadjusted"
359,"1000",9.49466997945879,"Unadjusted"
360,"1000",10.61528961783,"Unadjusted"
361,"1000",4.89011145801163,"Unadjusted"
362,"1000",5.81389222881383,"Unadjusted"
363,"1000",5.56284613389573,"Unadjusted"
364,"1000",4.06776279103913,"Unadjusted"
365,"1000",7.86283768227149,"Unadjusted"
366,"1000",11.7083980025921,"Unadjusted"
367,"1000",5.48317970117888,"Unadjusted"
368,"1000",6.86717266182397,"Unadjusted"
369,"1000",4.52099698002364,"Unadjusted"
370,"1000",9.43912644577262,"Unadjusted"
371,"1000",7.84310183509144,"Unadjusted"
372,"1000",7.07400196083676,"Unadjusted"
373,"1000",6.38320887040758,"Unadjusted"
374,"1000",6.19933900734385,"Unadjusted"
375,"1000",14.0013940797127,"Unadjusted"
376,"1000",7.77104351484349,"Unadjusted"
377,"1000",4.35109014500176,"Unadjusted"
378,"1000",4.8420175711445,"Unadjusted"
379,"1000",4.84118072616416,"Unadjusted"
380,"1000",6.02944270301178,"Unadjusted"
381,"1000",4.9166976580721,"Unadjusted"
382,"1000",4.65788811885973,"Unadjusted"
383,"1000",3.90855812170807,"Unadjusted"
384,"1000",4.233146693234,"Unadjusted"
385,"1000",14.2592788667244,"Unadjusted"
386,"1000",6.66450803572064,"Unadjusted"
387,"1000",4.84295966094859,"Unadjusted"
388,"1000",8.63507784000019,"Unadjusted"
389,"1000",5.86748662004279,"Unadjusted"
390,"1000",4.75538028596013,"Unadjusted"
391,"1000",13.6542377889934,"Unadjusted"
392,"1000",12.3247827268353,"Unadjusted"
393,"1000",21.5217029494081,"Unadjusted"
394,"1000",9.13840468647266,"Unadjusted"
395,"1000",23.9294513363938,"Unadjusted"
396,"1000",7.21506456938011,"Unadjusted"
397,"1000",4.00298522073375,"Unadjusted"
398,"1000",5.36698342790919,"Unadjusted"
399,"1000",4.7862388606174,"Unadjusted"
400,"1000",7.8244338487084,"Unadjusted"
401,"1000",7.45786556131017,"Unadjusted"
402,"1000",4.92618860301021,"Unadjusted"
403,"1000",26.6305371207356,"Unadjusted"
404,"1000",13.1454329283593,"Unadjusted"
405,"1000",6.72920963321435,"Unadjusted"
406,"1000",6.47576741248892,"Unadjusted"
407,"1000",7.38196233011182,"Unadjusted"
408,"1000",8.27218929889726,"Unadjusted"
409,"1000",6.27039394334964,"Unadjusted"
410,"1000",13.8890030766793,"Unadjusted"
411,"1000",8.1292330566755,"Unadjusted"
412,"1000",4.67595962542563,"Unadjusted"
413,"1000",8.68048105440977,"Unadjusted"
414,"1000",9.59236067795553,"Unadjusted"
415,"1000",4.89760215530585,"Unadjusted"
416,"1000",8.97587389438138,"Unadjusted"
417,"1000",8.08073381326529,"Unadjusted"
418,"1000",7.46507796355264,"Unadjusted"
419,"1000",5.72817597136934,"Unadjusted"
420,"1000",5.69823673482413,"Unadjusted"
421,"1000",9.67557114112317,"Unadjusted"
422,"1000",5.32177712832834,"Unadjusted"
423,"1000",15.5290616909302,"Unadjusted"
424,"1000",3.84644555368376,"Unadjusted"
425,"1000",4.11342234489859,"Unadjusted"
426,"1000",7.54464630110727,"Unadjusted"
427,"1000",10.642213429754,"Unadjusted"
428,"1000",14.2943576635988,"Unadjusted"
429,"1000",5.52604158152871,"Unadjusted"
430,"1000",8.8993439653502,"Unadjusted"
431,"1000",3.70719812673548,"Unadjusted"
432,"1000",6.47581589547951,"Unadjusted"
433,"1000",6.7879906832086,"Unadjusted"
434,"1000",6.12545571378836,"Unadjusted"
435,"1000",7.56090788244353,"Unadjusted"
436,"1000",3.38490723346433,"Unadjusted"
437,"1000",6.95755650923106,"Unadjusted"
438,"1000",10.593492980108,"Unadjusted"
439,"1000",14.7294808537255,"Unadjusted"
440,"1000",8.95156876829831,"Unadjusted"
441,"1000",7.58675034430115,"Unadjusted"
442,"1000",13.329235349684,"Unadjusted"
443,"1000",7.35565956167125,"Unadjusted"
444,"1000",6.21106256957835,"Unadjusted"
445,"1000",5.94154637260994,"Unadjusted"
446,"1000",7.44078026416717,"Unadjusted"
447,"1000",4.27083100245516,"Unadjusted"
448,"1000",5.65595631666941,"Unadjusted"
449,"1000",40.3167602229472,"Unadjusted"
450,"1000",7.5432177672407,"Unadjusted"
451,"1000",5.5908489828528,"Unadjusted"
452,"1000",6.83869237483597,"Unadjusted"
453,"1000",11.1203053688279,"Unadjusted"
454,"1000",14.4304017495044,"Unadjusted"
455,"1000",6.76520827037992,"Unadjusted"
456,"1000",11.4747333083112,"Unadjusted"
457,"1000",5.37697110213802,"Unadjusted"
458,"1000",4.84606922157192,"Unadjusted"
459,"1000",6.78759190853034,"Unadjusted"
460,"1000",5.63156225593622,"Unadjusted"
461,"1000",5.06875758030227,"Unadjusted"
462,"1000",8.17577726231019,"Unadjusted"
463,"1000",5.23381131785896,"Unadjusted"
464,"1000",14.9449566728399,"Unadjusted"
465,"1000",9.56217675647344,"Unadjusted"
466,"1000",6.93519102358212,"Unadjusted"
467,"1000",7.40773965813978,"Unadjusted"
468,"1000",7.43934078541665,"Unadjusted"
469,"1000",5.07243307314299,"Unadjusted"
470,"1000",4.91355599394954,"Unadjusted"
471,"1000",5.75533019755119,"Unadjusted"
472,"1000",6.29016313944943,"Unadjusted"
473,"1000",11.3745058369189,"Unadjusted"
474,"1000",9.01058977234102,"Unadjusted"
475,"1000",4.32093700548372,"Unadjusted"
476,"1000",14.4328999747722,"Unadjusted"
477,"1000",6.67348580580238,"Unadjusted"
478,"1000",6.21454573506293,"Unadjusted"
479,"1000",6.85619724014066,"Unadjusted"
480,"1000",16.1687754322746,"Unadjusted"
481,"1000",10.1725917057261,"Unadjusted"
482,"1000",5.55845463084132,"Unadjusted"
483,"1000",16.3424059229045,"Unadjusted"
484,"1000",10.5871566449078,"Unadjusted"
485,"1000",5.86345935094534,"Unadjusted"
486,"1000",12.3329123077901,"Unadjusted"
487,"1000",5.22751253860285,"Unadjusted"
488,"1000",5.26352626356868,"Unadjusted"
489,"1000",6.24449959359725,"Unadjusted"
490,"1000",8.08070130881264,"Unadjusted"
491,"1000",3.95021529554965,"Unadjusted"
492,"1000",7.90608952804543,"Unadjusted"
493,"1000",6.21905992007251,"Unadjusted"
494,"1000",8.23968550501815,"Unadjusted"
495,"1000",6.07026165402357,"Unadjusted"
496,"1000",9.13155634867982,"Unadjusted"
497,"1000",4.94520746405937,"Unadjusted"
498,"1000",15.1586551109222,"Unadjusted"
499,"1000",7.64943482050773,"Unadjusted"
500,"1000",5.75618052296358,"Unadjusted"
501,"1000",6.80194947136291,"Unadjusted"
502,"1000",6.11342491596468,"Unadjusted"
503,"1000",6.63218367158978,"Unadjusted"
504,"1000",10.5552625883559,"Unadjusted"
505,"1000",4.61806195571255,"Unadjusted"
506,"1000",6.22125548999311,"Unadjusted"
507,"1000",19.2519679199692,"Unadjusted"
508,"1000",4.03556546600432,"Unadjusted"
509,"1000",5.1340495999117,"Unadjusted"
510,"1000",11.3785179484152,"Unadjusted"
511,"1000",4.24566982285909,"Unadjusted"
512,"1000",15.6690318021235,"Unadjusted"
513,"1000",17.7320407623854,"Unadjusted"
514,"1000",4.07346030156134,"Unadjusted"
515,"1000",7.05258042983535,"Unadjusted"
516,"1000",11.9658694757961,"Unadjusted"
517,"1000",6.85484489632215,"Unadjusted"
518,"1000",4.7203248895263,"Unadjusted"
519,"1000",7.47563133435532,"Unadjusted"
520,"1000",6.21711530614555,"Unadjusted"
521,"1000",7.74724881259449,"Unadjusted"
522,"1000",5.574133201141,"Unadjusted"
523,"1000",5.22863470461583,"Unadjusted"
524,"1000",5.67339607476145,"Unadjusted"
525,"1000",9.53565727615852,"Unadjusted"
526,"1000",8.52588354222799,"Unadjusted"
527,"1000",8.95870129017716,"Unadjusted"
528,"1000",5.9150678316301,"Unadjusted"
529,"1000",5.3861582850638,"Unadjusted"
530,"1000",6.74024928390645,"Unadjusted"
531,"1000",9.0264669128344,"Unadjusted"
532,"1000",8.55449762066223,"Unadjusted"
533,"1000",26.3714286138914,"Unadjusted"
534,"1000",6.43203469484549,"Unadjusted"
535,"1000",4.67696438422182,"Unadjusted"
536,"1000",3.8007114426122,"Unadjusted"
537,"1000",7.19252265283728,"Unadjusted"
538,"1000",5.87438576006148,"Unadjusted"
539,"1000",8.56570990111505,"Unadjusted"
540,"1000",10.9605978120682,"Unadjusted"
541,"1000",5.95470322858691,"Unadjusted"
542,"1000",6.47726176618082,"Unadjusted"
543,"1000",3.61625710402306,"Unadjusted"
544,"1000",8.13541859704691,"Unadjusted"
545,"1000",6.74002011624783,"Unadjusted"
546,"1000",5.54469448201246,"Unadjusted"
547,"1000",5.58400382518407,"Unadjusted"
548,"1000",11.7443110717936,"Unadjusted"
549,"1000",3.73005809627394,"Unadjusted"
550,"1000",9.48538355179339,"Unadjusted"
551,"1000",8.57635073543707,"Unadjusted"
552,"1000",4.73024344657024,"Unadjusted"
553,"1000",4.79332424199953,"Unadjusted"
554,"1000",11.8095070574319,"Unadjusted"
555,"1000",6.02484576410477,"Unadjusted"
556,"1000",4.81591427011538,"Unadjusted"
557,"1000",6.01062772834163,"Unadjusted"
558,"1000",5.84653938342985,"Unadjusted"
559,"1000",5.70168164484403,"Unadjusted"
560,"1000",4.87877104390838,"Unadjusted"
561,"1000",5.81494147009322,"Unadjusted"
562,"1000",5.25096935829146,"Unadjusted"
563,"1000",7.24306456322362,"Unadjusted"
564,"1000",4.4898919085914,"Unadjusted"
565,"1000",9.84665398265085,"Unadjusted"
566,"1000",6.27325831543229,"Unadjusted"
567,"1000",9.22185161683285,"Unadjusted"
568,"1000",4.28445949876255,"Unadjusted"
569,"1000",11.1449265386866,"Unadjusted"
570,"1000",6.90467138582475,"Unadjusted"
571,"1000",4.19108971916047,"Unadjusted"
572,"1000",17.9797659269827,"Unadjusted"
573,"1000",4.74446636190592,"Unadjusted"
574,"1000",4.72120868442242,"Unadjusted"
575,"1000",6.47445791316157,"Unadjusted"
576,"1000",7.4086382355602,"Unadjusted"
577,"1000",10.7966200739687,"Unadjusted"
578,"1000",10.6853717056574,"Unadjusted"
579,"1000",32.6894407161326,"Unadjusted"
580,"1000",8.01910675548602,"Unadjusted"
581,"1000",4.59111920882712,"Unadjusted"
582,"1000",6.89247624480443,"Unadjusted"
583,"1000",3.2850380148743,"Unadjusted"
584,"1000",7.64164157059275,"Unadjusted"
585,"1000",5.46812976925523,"Unadjusted"
586,"1000",8.35102824421266,"Unadjusted"
587,"1000",3.25250405132455,"Unadjusted"
588,"1000",11.3781555593909,"Unadjusted"
589,"1000",4.38825374619122,"Unadjusted"
590,"1000",3.5986548255071,"Unadjusted"
591,"1000",13.894460640389,"Unadjusted"
592,"1000",9.32625240983186,"Unadjusted"
593,"1000",5.19641895554807,"Unadjusted"
594,"1000",12.0115546388715,"Unadjusted"
595,"1000",73.804811027715,"Unadjusted"
596,"1000",12.8104270187665,"Unadjusted"
597,"1000",5.49301034005896,"Unadjusted"
598,"1000",6.64331689085203,"Unadjusted"
599,"1000",5.45459486357767,"Unadjusted"
600,"1000",6.8214992505084,"Unadjusted"
601,"1000",5.65583040528872,"Unadjusted"
602,"1000",6.56066352248926,"Unadjusted"
603,"1000",6.38925612107368,"Unadjusted"
604,"1000",11.1668673361949,"Unadjusted"
605,"1000",9.87934376424455,"Unadjusted"
606,"1000",5.37248307893961,"Unadjusted"
607,"1000",4.94761526945674,"Unadjusted"
608,"1000",14.9009247563558,"Unadjusted"
609,"1000",5.57432647141337,"Unadjusted"
610,"1000",4.06074111635594,"Unadjusted"
611,"1000",9.13816589716954,"Unadjusted"
612,"1000",4.84245196136037,"Unadjusted"
613,"1000",13.8275316691167,"Unadjusted"
614,"1000",6.41683548524705,"Unadjusted"
615,"1000",3.90139777557417,"Unadjusted"
616,"1000",4.93429964485637,"Unadjusted"
617,"1000",3.34483148194492,"Unadjusted"
618,"1000",10.5263145823926,"Unadjusted"
619,"1000",10.179171321723,"Unadjusted"
620,"1000",8.90430616905073,"Unadjusted"
621,"1000",3.1678068271084,"Unadjusted"
622,"1000",10.9418596453172,"Unadjusted"
623,"1000",8.77874810561248,"Unadjusted"
624,"1000",4.91637286948888,"Unadjusted"
625,"1000",6.75511282204601,"Unadjusted"
626,"1000",4.67568552163707,"Unadjusted"
627,"1000",3.13549943686763,"Unadjusted"
628,"1000",4.401757863633,"Unadjusted"
629,"1000",14.0030594455527,"Unadjusted"
630,"1000",21.8799082384191,"Unadjusted"
631,"1000",4.89239728895497,"Unadjusted"
632,"1000",6.76430112458645,"Unadjusted"
633,"1000",9.13745856323566,"Unadjusted"
634,"1000",13.5842269762784,"Unadjusted"
635,"1000",6.29078396014763,"Unadjusted"
636,"1000",7.06754515161652,"Unadjusted"
637,"1000",6.11627669732137,"Unadjusted"
638,"1000",6.44522586398208,"Unadjusted"
639,"1000",5.16249045039263,"Unadjusted"
640,"1000",4.55321153090355,"Unadjusted"
641,"1000",14.0097542760831,"Unadjusted"
642,"1000",34.1849893995669,"Unadjusted"
643,"1000",7.11821486348471,"Unadjusted"
644,"1000",15.9602680887327,"Unadjusted"
645,"1000",5.94135719634973,"Unadjusted"
646,"1000",4.41512246172738,"Unadjusted"
647,"1000",7.18151517763474,"Unadjusted"
648,"1000",7.66381409143338,"Unadjusted"
649,"1000",4.27985448388862,"Unadjusted"
650,"1000",3.94745248485143,"Unadjusted"
651,"1000",7.38143261334388,"Unadjusted"
652,"1000",5.21735664914358,"Unadjusted"
653,"1000",9.03576220325447,"Unadjusted"
654,"1000",17.2349993317906,"Unadjusted"
655,"1000",3.70563839610218,"Unadjusted"
656,"1000",4.20409948906973,"Unadjusted"
657,"1000",6.68371785762911,"Unadjusted"
658,"1000",5.36435451464479,"Unadjusted"
659,"1000",7.61550509554443,"Unadjusted"
660,"1000",3.47343998641836,"Unadjusted"
661,"1000",8.30512581580069,"Unadjusted"
662,"1000",8.41651258219345,"Unadjusted"
663,"1000",5.10831117364273,"Unadjusted"
664,"1000",4.7841387957347,"Unadjusted"
665,"1000",6.33026396791331,"Unadjusted"
666,"1000",5.58202266665764,"Unadjusted"
667,"1000",4.72988397747759,"Unadjusted"
668,"1000",8.3180251187956,"Unadjusted"
669,"1000",13.2271801746978,"Unadjusted"
670,"1000",8.48989384747916,"Unadjusted"
671,"1000",6.3480453083447,"Unadjusted"
672,"1000",14.1472665294649,"Unadjusted"
673,"1000",8.98259511067875,"Unadjusted"
674,"1000",6.04594352091057,"Unadjusted"
675,"1000",7.48305699026045,"Unadjusted"
676,"1000",20.5433387643862,"Unadjusted"
677,"1000",6.04753576829897,"Unadjusted"
678,"1000",17.1058734537408,"Unadjusted"
679,"1000",6.49326254338893,"Unadjusted"
680,"1000",5.21302358692167,"Unadjusted"
681,"1000",8.2784950414664,"Unadjusted"
682,"1000",4.53644670321517,"Unadjusted"
683,"1000",6.16664834460506,"Unadjusted"
684,"1000",5.27737541955346,"Unadjusted"
685,"1000",17.6638208665807,"Unadjusted"
686,"1000",10.1771559271482,"Unadjusted"
687,"1000",3.18046894152152,"Unadjusted"
688,"1000",53.8702513682569,"Unadjusted"
689,"1000",6.21102835264121,"Unadjusted"
690,"1000",4.66212475891861,"Unadjusted"
691,"1000",5.03751499726584,"Unadjusted"
692,"1000",6.4520170598575,"Unadjusted"
693,"1000",4.17602256991054,"Unadjusted"
694,"1000",3.95340383023237,"Unadjusted"
695,"1000",6.18511202769633,"Unadjusted"
696,"1000",8.50191270136519,"Unadjusted"
697,"1000",8.11150683748368,"Unadjusted"
698,"1000",8.12280890471796,"Unadjusted"
699,"1000",6.67375273565432,"Unadjusted"
700,"1000",4.12246114315691,"Unadjusted"
701,"1000",6.54143350724063,"Unadjusted"
702,"1000",5.40601121537208,"Unadjusted"
703,"1000",10.8451588119705,"Unadjusted"
704,"1000",7.37163290880325,"Unadjusted"
705,"1000",9.78962180522771,"Unadjusted"
706,"1000",4.69191450314787,"Unadjusted"
707,"1000",15.7386361791325,"Unadjusted"
708,"1000",17.5482825341002,"Unadjusted"
709,"1000",9.0491801212099,"Unadjusted"
710,"1000",8.89419043739037,"Unadjusted"
711,"1000",4.32343828313267,"Unadjusted"
712,"1000",8.96358100217962,"Unadjusted"
713,"1000",4.91937319401033,"Unadjusted"
714,"1000",4.93769078241928,"Unadjusted"
715,"1000",5.37116143665897,"Unadjusted"
716,"1000",5.29288657021162,"Unadjusted"
717,"1000",19.8830368124809,"Unadjusted"
718,"1000",10.4309729423687,"Unadjusted"
719,"1000",6.54542695720506,"Unadjusted"
720,"1000",7.52939729170101,"Unadjusted"
721,"1000",6.96284308373825,"Unadjusted"
722,"1000",11.8440900082892,"Unadjusted"
723,"1000",5.45706888803153,"Unadjusted"
724,"1000",6.25770111822399,"Unadjusted"
725,"1000",4.31769519805449,"Unadjusted"
726,"1000",4.7317599248883,"Unadjusted"
727,"1000",17.5568142846597,"Unadjusted"
728,"1000",3.74169242909378,"Unadjusted"
729,"1000",5.29332694334572,"Unadjusted"
730,"1000",19.575124628121,"Unadjusted"
731,"1000",8.51786164856255,"Unadjusted"
732,"1000",10.2788741841033,"Unadjusted"
733,"1000",9.3118290207283,"Unadjusted"
734,"1000",5.26127968981779,"Unadjusted"
735,"1000",4.42514580672227,"Unadjusted"
736,"1000",6.91970310050316,"Unadjusted"
737,"1000",6.11594885493098,"Unadjusted"
738,"1000",11.1697002496298,"Unadjusted"
739,"1000",9.47251703518193,"Unadjusted"
740,"1000",7.86272868842567,"Unadjusted"
741,"1000",5.01917128401397,"Unadjusted"
742,"1000",5.23327109027758,"Unadjusted"
743,"1000",4.70411118281506,"Unadjusted"
744,"1000",6.88670162097489,"Unadjusted"
745,"1000",4.91050503320181,"Unadjusted"
746,"1000",5.44607309347546,"Unadjusted"
747,"1000",6.36386951929123,"Unadjusted"
748,"1000",5.13791516602042,"Unadjusted"
749,"1000",7.45403084260141,"Unadjusted"
750,"1000",14.7525663055397,"Unadjusted"
751,"1000",4.21721842653344,"Unadjusted"
752,"1000",7.07510476820793,"Unadjusted"
753,"1000",10.28660984554,"Unadjusted"
754,"1000",6.54360871574238,"Unadjusted"
755,"1000",5.91485172189547,"Unadjusted"
756,"1000",6.12296099734738,"Unadjusted"
757,"1000",6.43034011504127,"Unadjusted"
758,"1000",5.28678338198956,"Unadjusted"
759,"1000",3.73326951237969,"Unadjusted"
760,"1000",8.29539169524536,"Unadjusted"
761,"1000",6.02762787956402,"Unadjusted"
762,"1000",6.74147946505702,"Unadjusted"
763,"1000",6.66193779381121,"Unadjusted"
764,"1000",5.80255571851852,"Unadjusted"
765,"1000",7.18627026607192,"Unadjusted"
766,"1000",3.45885567963317,"Unadjusted"
767,"1000",7.36518217356199,"Unadjusted"
768,"1000",5.92482876462522,"Unadjusted"
769,"1000",5.63028445471715,"Unadjusted"
770,"1000",12.0207022175638,"Unadjusted"
771,"1000",17.073847959446,"Unadjusted"
772,"1000",7.99089599314168,"Unadjusted"
773,"1000",7.00149846808999,"Unadjusted"
774,"1000",15.6864489285931,"Unadjusted"
775,"1000",6.58112855497722,"Unadjusted"
776,"1000",16.2281615219006,"Unadjusted"
777,"1000",5.35060859624644,"Unadjusted"
778,"1000",4.92312253867069,"Unadjusted"
779,"1000",12.8266573510509,"Unadjusted"
780,"1000",6.07545846206063,"Unadjusted"
781,"1000",5.7723217044216,"Unadjusted"
782,"1000",5.88676581521641,"Unadjusted"
783,"1000",7.98687797647689,"Unadjusted"
784,"1000",4.63582758685772,"Unadjusted"
785,"1000",14.2384905798934,"Unadjusted"
786,"1000",8.91283746176319,"Unadjusted"
787,"1000",6.75501133442127,"Unadjusted"
788,"1000",6.32244577563342,"Unadjusted"
789,"1000",6.56796545838183,"Unadjusted"
790,"1000",9.30852147017559,"Unadjusted"
791,"1000",5.79443561081324,"Unadjusted"
792,"1000",7.29662854664005,"Unadjusted"
793,"1000",11.772227929858,"Unadjusted"
794,"1000",7.06950344913997,"Unadjusted"
795,"1000",5.13282576035246,"Unadjusted"
796,"1000",4.29278952438558,"Unadjusted"
797,"1000",17.7251808491518,"Unadjusted"
798,"1000",5.29113217309904,"Unadjusted"
799,"1000",11.7931416145174,"Unadjusted"
800,"1000",4.65661619785294,"Unadjusted"
801,"1000",4.51447341827588,"Unadjusted"
802,"1000",17.5220637686883,"Unadjusted"
803,"1000",5.81909599816092,"Unadjusted"
804,"1000",6.97314232405451,"Unadjusted"
805,"1000",4.50169795448909,"Unadjusted"
806,"1000",4.78343567256625,"Unadjusted"
807,"1000",9.24463769702666,"Unadjusted"
808,"1000",8.26663930829384,"Unadjusted"
809,"1000",6.69831239220613,"Unadjusted"
810,"1000",6.05134110623621,"Unadjusted"
811,"1000",4.4089801628291,"Unadjusted"
812,"1000",7.34983461251003,"Unadjusted"
813,"1000",5.65085244945063,"Unadjusted"
814,"1000",36.7275530601091,"Unadjusted"
815,"1000",4.87251140782292,"Unadjusted"
816,"1000",4.60470379169217,"Unadjusted"
817,"1000",5.9956049697076,"Unadjusted"
818,"1000",29.6642086577743,"Unadjusted"
819,"1000",7.36456762594164,"Unadjusted"
820,"1000",10.0526327467904,"Unadjusted"
821,"1000",6.4187818143544,"Unadjusted"
822,"1000",4.6730048010847,"Unadjusted"
823,"1000",5.12416118734824,"Unadjusted"
824,"1000",4.60734503177678,"Unadjusted"
825,"1000",7.34267403571034,"Unadjusted"
826,"1000",8.26050292108829,"Unadjusted"
827,"1000",5.68578487401099,"Unadjusted"
828,"1000",4.10132507921751,"Unadjusted"
829,"1000",5.17533059902146,"Unadjusted"
830,"1000",7.23518437731812,"Unadjusted"
831,"1000",5.12635365479258,"Unadjusted"
832,"1000",8.61795095736236,"Unadjusted"
833,"1000",7.57622967762102,"Unadjusted"
834,"1000",5.8988751105013,"Unadjusted"
835,"1000",5.30933048510864,"Unadjusted"
836,"1000",4.17184356966335,"Unadjusted"
837,"1000",3.54687256149155,"Unadjusted"
838,"1000",6.40051452187156,"Unadjusted"
839,"1000",7.01916747531677,"Unadjusted"
840,"1000",5.61852118067726,"Unadjusted"
841,"1000",9.66241158245885,"Unadjusted"
842,"1000",4.67809267093414,"Unadjusted"
843,"1000",9.07050384691137,"Unadjusted"
844,"1000",8.90653000605282,"Unadjusted"
845,"1000",4.54479540744684,"Unadjusted"
846,"1000",7.13234525386544,"Unadjusted"
847,"1000",9.06139075565736,"Unadjusted"
848,"1000",12.7150056663761,"Unadjusted"
849,"1000",9.81793464734444,"Unadjusted"
850,"1000",8.89791577711594,"Unadjusted"
851,"1000",7.61087612049702,"Unadjusted"
852,"1000",5.99347720053934,"Unadjusted"
853,"1000",11.9507770418086,"Unadjusted"
854,"1000",4.51973384363997,"Unadjusted"
855,"1000",9.62910813018969,"Unadjusted"
856,"1000",3.66773326995572,"Unadjusted"
857,"1000",4.89750039998821,"Unadjusted"
858,"1000",4.8699838079448,"Unadjusted"
859,"1000",5.6824495211259,"Unadjusted"
860,"1000",4.28681239463377,"Unadjusted"
861,"1000",11.1457471152093,"Unadjusted"
862,"1000",7.15738149153872,"Unadjusted"
863,"1000",10.3735487681412,"Unadjusted"
864,"1000",4.04599956185027,"Unadjusted"
865,"1000",4.30327264985312,"Unadjusted"
866,"1000",6.88924888467997,"Unadjusted"
867,"1000",4.06626538471915,"Unadjusted"
868,"1000",4.82325205190408,"Unadjusted"
869,"1000",5.31627017666016,"Unadjusted"
870,"1000",7.23515421302629,"Unadjusted"
871,"1000",5.81160226078479,"Unadjusted"
872,"1000",4.73040975285189,"Unadjusted"
873,"1000",7.18433968516279,"Unadjusted"
874,"1000",8.99122750477093,"Unadjusted"
875,"1000",23.3481613468743,"Unadjusted"
876,"1000",9.18371546336243,"Unadjusted"
877,"1000",6.88411041072757,"Unadjusted"
878,"1000",3.55292625721132,"Unadjusted"
879,"1000",6.02097217291875,"Unadjusted"
880,"1000",7.11193182676511,"Unadjusted"
881,"1000",11.7221298895639,"Unadjusted"
882,"1000",8.90526306398334,"Unadjusted"
883,"1000",6.48959909204403,"Unadjusted"
884,"1000",9.56267349291987,"Unadjusted"
885,"1000",12.3345811154045,"Unadjusted"
886,"1000",16.4182908608843,"Unadjusted"
887,"1000",21.3037311383466,"Unadjusted"
888,"1000",4.55968761227202,"Unadjusted"
889,"1000",9.57720632714839,"Unadjusted"
890,"1000",7.5304538324827,"Unadjusted"
891,"1000",6.83956423622599,"Unadjusted"
892,"1000",7.63898668729737,"Unadjusted"
893,"1000",4.49811518881718,"Unadjusted"
894,"1000",8.50824980250709,"Unadjusted"
895,"1000",7.21862542176505,"Unadjusted"
896,"1000",5.20921609009601,"Unadjusted"
897,"1000",6.88551509506653,"Unadjusted"
898,"1000",4.54232955724427,"Unadjusted"
899,"1000",4.84159095130823,"Unadjusted"
900,"1000",10.1205266237119,"Unadjusted"
901,"1000",4.61093709643764,"Unadjusted"
902,"1000",10.1031394538593,"Unadjusted"
903,"1000",5.44038431909233,"Unadjusted"
904,"1000",5.12742179905294,"Unadjusted"
905,"1000",6.26239776234926,"Unadjusted"
906,"1000",6.38389097553209,"Unadjusted"
907,"1000",5.02613931055153,"Unadjusted"
908,"1000",5.16963081328286,"Unadjusted"
909,"1000",4.31033201298681,"Unadjusted"
910,"1000",6.78614445011495,"Unadjusted"
911,"1000",5.03804543363352,"Unadjusted"
912,"1000",7.88382328714949,"Unadjusted"
913,"1000",5.76923330565521,"Unadjusted"
914,"1000",6.44645348250098,"Unadjusted"
915,"1000",5.47735416568091,"Unadjusted"
916,"1000",6.68336034367175,"Unadjusted"
917,"1000",6.37946096825591,"Unadjusted"
918,"1000",10.4501415709925,"Unadjusted"
919,"1000",15.526400477121,"Unadjusted"
920,"1000",5.35749305756067,"Unadjusted"
921,"1000",4.78160062623791,"Unadjusted"
922,"1000",4.53345358713282,"Unadjusted"
923,"1000",6.52582282126148,"Unadjusted"
924,"1000",13.717392169368,"Unadjusted"
925,"1000",11.8752592226979,"Unadjusted"
926,"1000",4.99018000852313,"Unadjusted"
927,"1000",8.12292824680799,"Unadjusted"
928,"1000",3.62610884497133,"Unadjusted"
929,"1000",6.45804059358716,"Unadjusted"
930,"1000",2.91687484464257,"Unadjusted"
931,"1000",20.7686464159741,"Unadjusted"
932,"1000",7.0607983991854,"Unadjusted"
933,"1000",4.25419583534337,"Unadjusted"
934,"1000",25.9849466425893,"Unadjusted"
935,"1000",5.20442825141055,"Unadjusted"
936,"1000",5.26627223712162,"Unadjusted"
937,"1000",5.69919374074891,"Unadjusted"
938,"1000",4.20983654749665,"Unadjusted"
939,"1000",5.31548009304556,"Unadjusted"
940,"1000",6.04198641153683,"Unadjusted"
941,"1000",6.62716379096479,"Unadjusted"
942,"1000",19.5500123139957,"Unadjusted"
943,"1000",11.5347136637796,"Unadjusted"
944,"1000",12.3427491158365,"Unadjusted"
945,"1000",5.60980645925822,"Unadjusted"
946,"1000",5.24895426757207,"Unadjusted"
947,"1000",4.62719116123718,"Unadjusted"
948,"1000",6.72638446809883,"Unadjusted"
949,"1000",3.16614157096264,"Unadjusted"
950,"1000",6.93099645369921,"Unadjusted"
951,"1000",11.3162207676117,"Unadjusted"
952,"1000",5.87849104188133,"Unadjusted"
953,"1000",7.63555702056199,"Unadjusted"
954,"1000",9.23150723243847,"Unadjusted"
955,"1000",5.67568169244833,"Unadjusted"
956,"1000",8.96685330663996,"Unadjusted"
957,"1000",6.16816434828268,"Unadjusted"
958,"1000",12.3558085812086,"Unadjusted"
959,"1000",6.84849224119122,"Unadjusted"
960,"1000",4.8053612088489,"Unadjusted"
961,"1000",7.08141076033421,"Unadjusted"
962,"1000",6.71486679188428,"Unadjusted"
963,"1000",6.71382780117662,"Unadjusted"
964,"1000",5.70274762109606,"Unadjusted"
965,"1000",4.46742029136561,"Unadjusted"
966,"1000",7.08548928298603,"Unadjusted"
967,"1000",21.1476698534462,"Unadjusted"
968,"1000",5.17300239692536,"Unadjusted"
969,"1000",4.45115835193271,"Unadjusted"
970,"1000",2.55668162663601,"Unadjusted"
971,"1000",7.06449460166754,"Unadjusted"
972,"1000",5.18727697106997,"Unadjusted"
973,"1000",5.5432214101535,"Unadjusted"
974,"1000",5.55510316514527,"Unadjusted"
975,"1000",4.43172613938906,"Unadjusted"
976,"1000",4.96232287648836,"Unadjusted"
977,"1000",6.65738254290679,"Unadjusted"
978,"1000",12.4564771697002,"Unadjusted"
979,"1000",4.30421304087913,"Unadjusted"
980,"1000",7.82678730032953,"Unadjusted"
981,"1000",4.50664494546126,"Unadjusted"
982,"1000",5.67826629027422,"Unadjusted"
983,"1000",6.89557595787531,"Unadjusted"
984,"1000",5.34714246365281,"Unadjusted"
985,"1000",13.1450216142736,"Unadjusted"
986,"1000",5.78166091071045,"Unadjusted"
987,"1000",5.10611712717857,"Unadjusted"
988,"1000",5.50980689351419,"Unadjusted"
989,"1000",4.82068074312525,"Unadjusted"
990,"1000",4.98431986694098,"Unadjusted"
991,"1000",6.80900625959443,"Unadjusted"
992,"1000",7.12573760858615,"Unadjusted"
993,"1000",10.549051560747,"Unadjusted"
994,"1000",5.36282621045701,"Unadjusted"
995,"1000",8.41749987648827,"Unadjusted"
996,"1000",10.9382445108682,"Unadjusted"
997,"1000",4.88367790420827,"Unadjusted"
998,"1000",5.57148550924051,"Unadjusted"
999,"1000",9.46541787018948,"Unadjusted"
1000,"1000",11.0326152401367,"Unadjusted"
1,"2000",12.0704081167095,"Unadjusted"
2,"2000",5.23583577124963,"Unadjusted"
3,"2000",7.40900244343011,"Unadjusted"
4,"2000",17.368003698434,"Unadjusted"
5,"2000",9.85167647747125,"Unadjusted"
6,"2000",9.22448279691582,"Unadjusted"
7,"2000",14.6814225030606,"Unadjusted"
8,"2000",5.01746146083881,"Unadjusted"
9,"2000",5.43386783015601,"Unadjusted"
10,"2000",5.96143788354076,"Unadjusted"
11,"2000",13.4262054743579,"Unadjusted"
12,"2000",4.33993820786109,"Unadjusted"
13,"2000",7.50957087249058,"Unadjusted"
14,"2000",10.5562363752694,"Unadjusted"
15,"2000",9.6239662817628,"Unadjusted"
16,"2000",3.98132403567194,"Unadjusted"
17,"2000",4.8028581457885,"Unadjusted"
18,"2000",5.21972100201724,"Unadjusted"
19,"2000",6.08837146801087,"Unadjusted"
20,"2000",6.75491306912673,"Unadjusted"
21,"2000",7.97906270187536,"Unadjusted"
22,"2000",5.29979084109991,"Unadjusted"
23,"2000",5.95104723252133,"Unadjusted"
24,"2000",6.33196558739193,"Unadjusted"
25,"2000",4.11942315512016,"Unadjusted"
26,"2000",7.68890964195695,"Unadjusted"
27,"2000",10.02371726107,"Unadjusted"
28,"2000",9.40135500466783,"Unadjusted"
29,"2000",4.27357177307435,"Unadjusted"
30,"2000",5.00962277792031,"Unadjusted"
31,"2000",7.1773735909034,"Unadjusted"
32,"2000",6.72817939479576,"Unadjusted"
33,"2000",6.36842121867458,"Unadjusted"
34,"2000",7.5195807087451,"Unadjusted"
35,"2000",6.11025149237124,"Unadjusted"
36,"2000",4.51961344779597,"Unadjusted"
37,"2000",10.7156816252991,"Unadjusted"
38,"2000",5.81677362877971,"Unadjusted"
39,"2000",8.5925728403609,"Unadjusted"
40,"2000",9.5964813278339,"Unadjusted"
41,"2000",7.41415860070304,"Unadjusted"
42,"2000",6.68602233851623,"Unadjusted"
43,"2000",8.46906673915509,"Unadjusted"
44,"2000",6.99293115775047,"Unadjusted"
45,"2000",5.45899456123525,"Unadjusted"
46,"2000",6.2660658637717,"Unadjusted"
47,"2000",5.37053140212266,"Unadjusted"
48,"2000",17.8087061735708,"Unadjusted"
49,"2000",10.6907618714612,"Unadjusted"
50,"2000",4.33071577032982,"Unadjusted"
51,"2000",8.3483569190247,"Unadjusted"
52,"2000",6.33727495460359,"Unadjusted"
53,"2000",6.14885403327046,"Unadjusted"
54,"2000",8.60718607311309,"Unadjusted"
55,"2000",5.91753994227151,"Unadjusted"
56,"2000",5.8077090175251,"Unadjusted"
57,"2000",11.6316321456918,"Unadjusted"
58,"2000",5.09195892714701,"Unadjusted"
59,"2000",5.7138339238381,"Unadjusted"
60,"2000",8.34916991379291,"Unadjusted"
61,"2000",6.08135334576014,"Unadjusted"
62,"2000",6.40845279545845,"Unadjusted"
63,"2000",6.62097610730696,"Unadjusted"
64,"2000",5.0244658895105,"Unadjusted"
65,"2000",7.32146245713954,"Unadjusted"
66,"2000",6.2067307689225,"Unadjusted"
67,"2000",5.896043294296,"Unadjusted"
68,"2000",5.90292792853857,"Unadjusted"
69,"2000",5.72521209475,"Unadjusted"
70,"2000",5.1769726737685,"Unadjusted"
71,"2000",6.88776784345957,"Unadjusted"
72,"2000",17.2522449401114,"Unadjusted"
73,"2000",14.669840930251,"Unadjusted"
74,"2000",4.32664732316198,"Unadjusted"
75,"2000",6.86743598074217,"Unadjusted"
76,"2000",9.04652912370117,"Unadjusted"
77,"2000",7.02436912219119,"Unadjusted"
78,"2000",10.708054628796,"Unadjusted"
79,"2000",9.04916763756473,"Unadjusted"
80,"2000",5.98885660222446,"Unadjusted"
81,"2000",9.19130002435822,"Unadjusted"
82,"2000",7.01265209517686,"Unadjusted"
83,"2000",6.42301187380118,"Unadjusted"
84,"2000",7.56540749648047,"Unadjusted"
85,"2000",6.08633209054467,"Unadjusted"
86,"2000",5.65950188547864,"Unadjusted"
87,"2000",9.22395484532169,"Unadjusted"
88,"2000",6.48377223539277,"Unadjusted"
89,"2000",3.84163871311013,"Unadjusted"
90,"2000",5.69700858826576,"Unadjusted"
91,"2000",6.40823895301209,"Unadjusted"
92,"2000",5.04946127322242,"Unadjusted"
93,"2000",10.6321106454454,"Unadjusted"
94,"2000",10.411728209624,"Unadjusted"
95,"2000",4.20692177926262,"Unadjusted"
96,"2000",9.49822455749189,"Unadjusted"
97,"2000",6.69491574473073,"Unadjusted"
98,"2000",14.6436259203006,"Unadjusted"
99,"2000",8.23686284226233,"Unadjusted"
100,"2000",5.23975067763781,"Unadjusted"
101,"2000",8.67596550816115,"Unadjusted"
102,"2000",7.79126900680722,"Unadjusted"
103,"2000",7.27976091768584,"Unadjusted"
104,"2000",4.39104629709798,"Unadjusted"
105,"2000",4.25228188274958,"Unadjusted"
106,"2000",5.39546333519683,"Unadjusted"
107,"2000",5.12145612332681,"Unadjusted"
108,"2000",5.9124531543373,"Unadjusted"
109,"2000",6.61681414270289,"Unadjusted"
110,"2000",5.03109475831985,"Unadjusted"
111,"2000",9.33569987702711,"Unadjusted"
112,"2000",6.12971454227682,"Unadjusted"
113,"2000",8.47328572896585,"Unadjusted"
114,"2000",8.70832972888557,"Unadjusted"
115,"2000",11.9185207944691,"Unadjusted"
116,"2000",5.13961441408227,"Unadjusted"
117,"2000",5.1955272226403,"Unadjusted"
118,"2000",10.5245240811362,"Unadjusted"
119,"2000",5.63025438866871,"Unadjusted"
120,"2000",5.70313043725119,"Unadjusted"
121,"2000",5.67439951086518,"Unadjusted"
122,"2000",6.54430104003897,"Unadjusted"
123,"2000",9.9941159556323,"Unadjusted"
124,"2000",5.34988651282694,"Unadjusted"
125,"2000",6.90603989230777,"Unadjusted"
126,"2000",5.36972414796568,"Unadjusted"
127,"2000",6.23656595186576,"Unadjusted"
128,"2000",5.39890896496009,"Unadjusted"
129,"2000",6.77429041247639,"Unadjusted"
130,"2000",8.83307273639993,"Unadjusted"
131,"2000",6.36864027047249,"Unadjusted"
132,"2000",7.81124536278889,"Unadjusted"
133,"2000",6.44276598913025,"Unadjusted"
134,"2000",9.34130696393819,"Unadjusted"
135,"2000",12.5903873179791,"Unadjusted"
136,"2000",5.38526707751473,"Unadjusted"
137,"2000",5.56596008537718,"Unadjusted"
138,"2000",6.39620747962427,"Unadjusted"
139,"2000",5.56702538958911,"Unadjusted"
140,"2000",7.72841033522311,"Unadjusted"
141,"2000",6.84046844698021,"Unadjusted"
142,"2000",9.42475805937284,"Unadjusted"
143,"2000",4.4461090320213,"Unadjusted"
144,"2000",5.33695465017241,"Unadjusted"
145,"2000",4.42943328965934,"Unadjusted"
146,"2000",13.1242225147817,"Unadjusted"
147,"2000",9.73172755422715,"Unadjusted"
148,"2000",6.4324684251809,"Unadjusted"
149,"2000",3.87984766943006,"Unadjusted"
150,"2000",4.35976941372632,"Unadjusted"
151,"2000",5.75924234523787,"Unadjusted"
152,"2000",4.79624643453971,"Unadjusted"
153,"2000",7.78086481622292,"Unadjusted"
154,"2000",14.7007278046045,"Unadjusted"
155,"2000",5.71233485429851,"Unadjusted"
156,"2000",5.8202911799665,"Unadjusted"
157,"2000",4.92068385373692,"Unadjusted"
158,"2000",7.84239680719671,"Unadjusted"
159,"2000",11.8633753459914,"Unadjusted"
160,"2000",7.31121175692654,"Unadjusted"
161,"2000",5.28769495244359,"Unadjusted"
162,"2000",8.76301683698328,"Unadjusted"
163,"2000",7.07708110190023,"Unadjusted"
164,"2000",7.75039947177004,"Unadjusted"
165,"2000",8.32727633013545,"Unadjusted"
166,"2000",5.83701167419015,"Unadjusted"
167,"2000",6.77411173687317,"Unadjusted"
168,"2000",6.12301402863474,"Unadjusted"
169,"2000",6.38940351244388,"Unadjusted"
170,"2000",4.45073472510184,"Unadjusted"
171,"2000",7.02564889200907,"Unadjusted"
172,"2000",6.52735114916734,"Unadjusted"
173,"2000",6.76870756186845,"Unadjusted"
174,"2000",10.9363963553933,"Unadjusted"
175,"2000",6.1680653101343,"Unadjusted"
176,"2000",4.84492257997963,"Unadjusted"
177,"2000",9.43441974723902,"Unadjusted"
178,"2000",5.62511672805233,"Unadjusted"
179,"2000",6.82063691736794,"Unadjusted"
180,"2000",13.8162551911472,"Unadjusted"
181,"2000",6.13842138897288,"Unadjusted"
182,"2000",16.3293483232157,"Unadjusted"
183,"2000",10.9304848753445,"Unadjusted"
184,"2000",4.08915975800197,"Unadjusted"
185,"2000",5.74813666034282,"Unadjusted"
186,"2000",5.72510823340857,"Unadjusted"
187,"2000",15.6087340262491,"Unadjusted"
188,"2000",8.62644301170999,"Unadjusted"
189,"2000",7.36239700686845,"Unadjusted"
190,"2000",4.093739102401,"Unadjusted"
191,"2000",6.19197004883597,"Unadjusted"
192,"2000",5.88085542720312,"Unadjusted"
193,"2000",9.08830407762552,"Unadjusted"
194,"2000",5.38528156317691,"Unadjusted"
195,"2000",6.42176863033584,"Unadjusted"
196,"2000",8.11377581257171,"Unadjusted"
197,"2000",8.36769896147369,"Unadjusted"
198,"2000",6.24924140231502,"Unadjusted"
199,"2000",4.91065052858686,"Unadjusted"
200,"2000",6.768770179034,"Unadjusted"
201,"2000",6.13942822734007,"Unadjusted"
202,"2000",14.4469943995513,"Unadjusted"
203,"2000",5.48736965257135,"Unadjusted"
204,"2000",16.1158184371134,"Unadjusted"
205,"2000",5.99916964573877,"Unadjusted"
206,"2000",3.39416130398795,"Unadjusted"
207,"2000",7.70238086676773,"Unadjusted"
208,"2000",5.43468949065686,"Unadjusted"
209,"2000",6.69646954861099,"Unadjusted"
210,"2000",8.94782748508839,"Unadjusted"
211,"2000",6.49600581072516,"Unadjusted"
212,"2000",6.09618051442539,"Unadjusted"
213,"2000",5.71086103975952,"Unadjusted"
214,"2000",8.8387937470212,"Unadjusted"
215,"2000",5.45117229354661,"Unadjusted"
216,"2000",8.36309582535587,"Unadjusted"
217,"2000",16.6576182706613,"Unadjusted"
218,"2000",4.603405550937,"Unadjusted"
219,"2000",5.90793336356587,"Unadjusted"
220,"2000",5.645675412356,"Unadjusted"
221,"2000",6.35153060885413,"Unadjusted"
222,"2000",7.63804319996605,"Unadjusted"
223,"2000",8.04450671587612,"Unadjusted"
224,"2000",5.70496374659613,"Unadjusted"
225,"2000",4.31357115763527,"Unadjusted"
226,"2000",4.92211083195295,"Unadjusted"
227,"2000",4.97333391559068,"Unadjusted"
228,"2000",6.5671826076916,"Unadjusted"
229,"2000",5.26242281665993,"Unadjusted"
230,"2000",7.51873460958568,"Unadjusted"
231,"2000",5.44888944595339,"Unadjusted"
232,"2000",9.09121232725405,"Unadjusted"
233,"2000",6.49262033051314,"Unadjusted"
234,"2000",6.10797732068253,"Unadjusted"
235,"2000",7.63641416303195,"Unadjusted"
236,"2000",10.3644119946994,"Unadjusted"
237,"2000",5.85024361049681,"Unadjusted"
238,"2000",11.2617699042337,"Unadjusted"
239,"2000",13.3929695235205,"Unadjusted"
240,"2000",8.86952779678722,"Unadjusted"
241,"2000",8.32285185549058,"Unadjusted"
242,"2000",7.52410878419827,"Unadjusted"
243,"2000",5.1835678346119,"Unadjusted"
244,"2000",4.61964909186482,"Unadjusted"
245,"2000",11.3292465687304,"Unadjusted"
246,"2000",4.41690278932242,"Unadjusted"
247,"2000",14.5676759019676,"Unadjusted"
248,"2000",5.65802734771871,"Unadjusted"
249,"2000",7.48608478063378,"Unadjusted"
250,"2000",15.9202650006087,"Unadjusted"
251,"2000",5.8288116392669,"Unadjusted"
252,"2000",5.93872573351626,"Unadjusted"
253,"2000",7.01850052334968,"Unadjusted"
254,"2000",5.47478915893075,"Unadjusted"
255,"2000",5.93080315608974,"Unadjusted"
256,"2000",8.46440995026622,"Unadjusted"
257,"2000",7.49706828629432,"Unadjusted"
258,"2000",7.26321574872765,"Unadjusted"
259,"2000",5.73034655458553,"Unadjusted"
260,"2000",6.79728978928983,"Unadjusted"
261,"2000",11.0181854282434,"Unadjusted"
262,"2000",8.09544045576739,"Unadjusted"
263,"2000",5.86858521963023,"Unadjusted"
264,"2000",6.03584333116111,"Unadjusted"
265,"2000",7.03053381376725,"Unadjusted"
266,"2000",8.14720651339776,"Unadjusted"
267,"2000",6.09938605943572,"Unadjusted"
268,"2000",8.46745277402765,"Unadjusted"
269,"2000",8.38467016549257,"Unadjusted"
270,"2000",7.81773702217311,"Unadjusted"
271,"2000",7.3025897121452,"Unadjusted"
272,"2000",7.57464997318564,"Unadjusted"
273,"2000",6.8376252733887,"Unadjusted"
274,"2000",5.61037303863046,"Unadjusted"
275,"2000",5.95128071178533,"Unadjusted"
276,"2000",8.42330475779028,"Unadjusted"
277,"2000",5.92890241487606,"Unadjusted"
278,"2000",4.50154644893242,"Unadjusted"
279,"2000",4.76183415317033,"Unadjusted"
280,"2000",7.09935005592195,"Unadjusted"
281,"2000",8.84957366269623,"Unadjusted"
282,"2000",16.9914235400416,"Unadjusted"
283,"2000",10.0229431873888,"Unadjusted"
284,"2000",5.27709960864808,"Unadjusted"
285,"2000",6.83172400896105,"Unadjusted"
286,"2000",11.2114543531773,"Unadjusted"
287,"2000",10.4530811630072,"Unadjusted"
288,"2000",6.40897078055492,"Unadjusted"
289,"2000",7.19808624084955,"Unadjusted"
290,"2000",5.42545956429674,"Unadjusted"
291,"2000",6.75729104665588,"Unadjusted"
292,"2000",6.91265999187899,"Unadjusted"
293,"2000",10.877101784152,"Unadjusted"
294,"2000",7.27548385875646,"Unadjusted"
295,"2000",10.811144889828,"Unadjusted"
296,"2000",4.92712933627661,"Unadjusted"
297,"2000",5.18143431230586,"Unadjusted"
298,"2000",4.72561943575804,"Unadjusted"
299,"2000",11.0318139387336,"Unadjusted"
300,"2000",6.22455302616336,"Unadjusted"
301,"2000",6.26624347587972,"Unadjusted"
302,"2000",7.94937838610846,"Unadjusted"
303,"2000",11.4784694240333,"Unadjusted"
304,"2000",4.22275715183812,"Unadjusted"
305,"2000",5.06135813148982,"Unadjusted"
306,"2000",7.17601842735712,"Unadjusted"
307,"2000",6.29207089306813,"Unadjusted"
308,"2000",4.73450677116914,"Unadjusted"
309,"2000",11.7874489164779,"Unadjusted"
310,"2000",7.85632362511078,"Unadjusted"
311,"2000",9.30154645129184,"Unadjusted"
312,"2000",6.04151275694348,"Unadjusted"
313,"2000",6.66158586717759,"Unadjusted"
314,"2000",9.74345480353367,"Unadjusted"
315,"2000",8.25527995683084,"Unadjusted"
316,"2000",7.05740373515274,"Unadjusted"
317,"2000",4.44711414787411,"Unadjusted"
318,"2000",5.92196804355529,"Unadjusted"
319,"2000",8.27612897411359,"Unadjusted"
320,"2000",14.4465986370568,"Unadjusted"
321,"2000",5.16942119393923,"Unadjusted"
322,"2000",8.6945849752256,"Unadjusted"
323,"2000",5.2454681641539,"Unadjusted"
324,"2000",6.08446077621392,"Unadjusted"
325,"2000",4.25778461854119,"Unadjusted"
326,"2000",6.16270359276749,"Unadjusted"
327,"2000",7.05652774611784,"Unadjusted"
328,"2000",5.63144696205408,"Unadjusted"
329,"2000",5.29043169816257,"Unadjusted"
330,"2000",7.01309776934268,"Unadjusted"
331,"2000",6.31354094340973,"Unadjusted"
332,"2000",5.08630746931745,"Unadjusted"
333,"2000",16.0703069858857,"Unadjusted"
334,"2000",5.82023411935098,"Unadjusted"
335,"2000",10.1911061206825,"Unadjusted"
336,"2000",10.6457827877639,"Unadjusted"
337,"2000",7.38829060892793,"Unadjusted"
338,"2000",6.33624557661359,"Unadjusted"
339,"2000",5.47374807463865,"Unadjusted"
340,"2000",5.48051368482028,"Unadjusted"
341,"2000",4.2887669282739,"Unadjusted"
342,"2000",9.82040835298549,"Unadjusted"
343,"2000",6.2973339924917,"Unadjusted"
344,"2000",9.46385004027503,"Unadjusted"
345,"2000",9.19934692456558,"Unadjusted"
346,"2000",6.43687150069506,"Unadjusted"
347,"2000",7.58680637701494,"Unadjusted"
348,"2000",6.17742144967743,"Unadjusted"
349,"2000",11.452139975796,"Unadjusted"
350,"2000",5.60148987262998,"Unadjusted"
351,"2000",7.19585074742167,"Unadjusted"
352,"2000",4.37247539997475,"Unadjusted"
353,"2000",9.74761894821548,"Unadjusted"
354,"2000",9.29744671528561,"Unadjusted"
355,"2000",5.79235854436333,"Unadjusted"
356,"2000",7.27316381487914,"Unadjusted"
357,"2000",9.39235155572969,"Unadjusted"
358,"2000",13.4292736821447,"Unadjusted"
359,"2000",5.84065019460004,"Unadjusted"
360,"2000",5.92534537412232,"Unadjusted"
361,"2000",5.44880098281118,"Unadjusted"
362,"2000",6.34393356439578,"Unadjusted"
363,"2000",6.82440705895635,"Unadjusted"
364,"2000",5.77917757095285,"Unadjusted"
365,"2000",4.98357916805614,"Unadjusted"
366,"2000",9.13267496408173,"Unadjusted"
367,"2000",7.68587435024927,"Unadjusted"
368,"2000",6.28890013499443,"Unadjusted"
369,"2000",5.31079324608407,"Unadjusted"
370,"2000",5.27856359899432,"Unadjusted"
371,"2000",8.22830968752131,"Unadjusted"
372,"2000",9.55135914337344,"Unadjusted"
373,"2000",9.85393513107798,"Unadjusted"
374,"2000",5.27178503868855,"Unadjusted"
375,"2000",9.20399338685207,"Unadjusted"
376,"2000",6.26867555180547,"Unadjusted"
377,"2000",5.33149676882445,"Unadjusted"
378,"2000",6.302026681083,"Unadjusted"
379,"2000",4.60800976705632,"Unadjusted"
380,"2000",5.86926017357284,"Unadjusted"
381,"2000",9.91720789795127,"Unadjusted"
382,"2000",8.65302796346296,"Unadjusted"
383,"2000",4.20572058683186,"Unadjusted"
384,"2000",5.15037522770549,"Unadjusted"
385,"2000",6.73917768308021,"Unadjusted"
386,"2000",6.33035775647683,"Unadjusted"
387,"2000",8.88619289068882,"Unadjusted"
388,"2000",5.3963414602459,"Unadjusted"
389,"2000",5.45096497664343,"Unadjusted"
390,"2000",5.34642989103816,"Unadjusted"
391,"2000",6.59865028234617,"Unadjusted"
392,"2000",6.84261708365176,"Unadjusted"
393,"2000",6.764956136454,"Unadjusted"
394,"2000",4.35907142403034,"Unadjusted"
395,"2000",4.15117382136461,"Unadjusted"
396,"2000",3.65638721688452,"Unadjusted"
397,"2000",5.66148254697379,"Unadjusted"
398,"2000",8.33793167975799,"Unadjusted"
399,"2000",7.06977338154612,"Unadjusted"
400,"2000",4.36737675052896,"Unadjusted"
401,"2000",5.70308845793466,"Unadjusted"
402,"2000",7.115227460755,"Unadjusted"
403,"2000",6.89104015726598,"Unadjusted"
404,"2000",11.5456449755949,"Unadjusted"
405,"2000",7.43893394734531,"Unadjusted"
406,"2000",11.2953538873519,"Unadjusted"
407,"2000",7.92814659799184,"Unadjusted"
408,"2000",5.13095262891803,"Unadjusted"
409,"2000",12.3138414559422,"Unadjusted"
410,"2000",8.03448290099771,"Unadjusted"
411,"2000",9.08564960037825,"Unadjusted"
412,"2000",11.6120300433757,"Unadjusted"
413,"2000",4.53759124823662,"Unadjusted"
414,"2000",6.34767215324983,"Unadjusted"
415,"2000",5.60552419423242,"Unadjusted"
416,"2000",7.60327627610876,"Unadjusted"
417,"2000",6.33604585696057,"Unadjusted"
418,"2000",5.5454183914962,"Unadjusted"
419,"2000",6.8286014411412,"Unadjusted"
420,"2000",5.81880360453037,"Unadjusted"
421,"2000",8.27756799399252,"Unadjusted"
422,"2000",6.27522878504187,"Unadjusted"
423,"2000",10.9655053494713,"Unadjusted"
424,"2000",8.73105670297777,"Unadjusted"
425,"2000",4.82449892152125,"Unadjusted"
426,"2000",5.79908406756195,"Unadjusted"
427,"2000",11.7888593356685,"Unadjusted"
428,"2000",11.12958368477,"Unadjusted"
429,"2000",4.84556121763629,"Unadjusted"
430,"2000",6.12151382097091,"Unadjusted"
431,"2000",4.37043613174099,"Unadjusted"
432,"2000",5.68270722367961,"Unadjusted"
433,"2000",4.93637288087144,"Unadjusted"
434,"2000",4.1871415386491,"Unadjusted"
435,"2000",5.47785432392006,"Unadjusted"
436,"2000",6.95031470992585,"Unadjusted"
437,"2000",6.06463354114955,"Unadjusted"
438,"2000",7.39077268475996,"Unadjusted"
439,"2000",9.08332938418554,"Unadjusted"
440,"2000",6.05830649788842,"Unadjusted"
441,"2000",8.71893490043629,"Unadjusted"
442,"2000",5.93383170465025,"Unadjusted"
443,"2000",13.1738849835211,"Unadjusted"
444,"2000",5.34115712233963,"Unadjusted"
445,"2000",4.41327332014958,"Unadjusted"
446,"2000",8.42689475037214,"Unadjusted"
447,"2000",5.85031163167317,"Unadjusted"
448,"2000",5.02119317192576,"Unadjusted"
449,"2000",6.81033599314045,"Unadjusted"
450,"2000",5.76732858162977,"Unadjusted"
451,"2000",10.8639800341045,"Unadjusted"
452,"2000",5.27271395031559,"Unadjusted"
453,"2000",5.44367465430086,"Unadjusted"
454,"2000",7.10446218525864,"Unadjusted"
455,"2000",6.4751381151921,"Unadjusted"
456,"2000",6.6100641469805,"Unadjusted"
457,"2000",8.07872870292005,"Unadjusted"
458,"2000",5.46331609533738,"Unadjusted"
459,"2000",7.35950460678094,"Unadjusted"
460,"2000",7.15411412173163,"Unadjusted"
461,"2000",7.69649646677927,"Unadjusted"
462,"2000",6.15614974991162,"Unadjusted"
463,"2000",7.29506080249776,"Unadjusted"
464,"2000",9.03100087385335,"Unadjusted"
465,"2000",5.68112494431927,"Unadjusted"
466,"2000",10.183887630966,"Unadjusted"
467,"2000",5.47866900559021,"Unadjusted"
468,"2000",8.21482748952091,"Unadjusted"
469,"2000",5.73203241947903,"Unadjusted"
470,"2000",9.68964010635625,"Unadjusted"
471,"2000",6.61914542601635,"Unadjusted"
472,"2000",5.18046587200925,"Unadjusted"
473,"2000",3.65899634023212,"Unadjusted"
474,"2000",13.9817004103863,"Unadjusted"
475,"2000",6.29610095273214,"Unadjusted"
476,"2000",4.00252010420382,"Unadjusted"
477,"2000",5.71520660893328,"Unadjusted"
478,"2000",9.12893754943911,"Unadjusted"
479,"2000",6.85705120696706,"Unadjusted"
480,"2000",4.33954536979432,"Unadjusted"
481,"2000",6.4222980990329,"Unadjusted"
482,"2000",6.85893021293966,"Unadjusted"
483,"2000",5.36949886765972,"Unadjusted"
484,"2000",4.00094380648204,"Unadjusted"
485,"2000",9.35327725400563,"Unadjusted"
486,"2000",5.90631213648378,"Unadjusted"
487,"2000",7.29836159147341,"Unadjusted"
488,"2000",5.37777478951764,"Unadjusted"
489,"2000",4.94262634498482,"Unadjusted"
490,"2000",6.81318928837488,"Unadjusted"
491,"2000",6.00979140046698,"Unadjusted"
492,"2000",6.8904633352127,"Unadjusted"
493,"2000",6.62658467212818,"Unadjusted"
494,"2000",10.3403159406554,"Unadjusted"
495,"2000",5.94892014206302,"Unadjusted"
496,"2000",4.56585635144701,"Unadjusted"
497,"2000",4.93513496906719,"Unadjusted"
498,"2000",5.22239941094823,"Unadjusted"
499,"2000",6.34099605086226,"Unadjusted"
500,"2000",7.02763373604966,"Unadjusted"
501,"2000",7.39177284382898,"Unadjusted"
502,"2000",6.13032219040106,"Unadjusted"
503,"2000",6.27092529736578,"Unadjusted"
504,"2000",6.1682759586823,"Unadjusted"
505,"2000",4.46099635918265,"Unadjusted"
506,"2000",7.1305836681377,"Unadjusted"
507,"2000",5.81027452217747,"Unadjusted"
508,"2000",6.36411652032785,"Unadjusted"
509,"2000",6.59296234342848,"Unadjusted"
510,"2000",10.1916129860307,"Unadjusted"
511,"2000",4.97761831812176,"Unadjusted"
512,"2000",5.15380140016813,"Unadjusted"
513,"2000",5.21584158388483,"Unadjusted"
514,"2000",8.73070578561961,"Unadjusted"
515,"2000",5.21441050474675,"Unadjusted"
516,"2000",6.25082255057346,"Unadjusted"
517,"2000",6.17028961965056,"Unadjusted"
518,"2000",6.28404286971786,"Unadjusted"
519,"2000",4.63188377305245,"Unadjusted"
520,"2000",23.9237256854054,"Unadjusted"
521,"2000",7.69932079048564,"Unadjusted"
522,"2000",6.28920929601054,"Unadjusted"
523,"2000",8.42938846446803,"Unadjusted"
524,"2000",5.26666731257341,"Unadjusted"
525,"2000",10.7527367496563,"Unadjusted"
526,"2000",5.69486803544938,"Unadjusted"
527,"2000",5.65384504822963,"Unadjusted"
528,"2000",6.640702487907,"Unadjusted"
529,"2000",5.15672656434538,"Unadjusted"
530,"2000",7.30159429002389,"Unadjusted"
531,"2000",9.42894666082326,"Unadjusted"
532,"2000",9.63962509033038,"Unadjusted"
533,"2000",7.21920181769946,"Unadjusted"
534,"2000",6.3146587904803,"Unadjusted"
535,"2000",7.38453492882824,"Unadjusted"
536,"2000",5.39757439951207,"Unadjusted"
537,"2000",7.64161300943698,"Unadjusted"
538,"2000",5.68180001266168,"Unadjusted"
539,"2000",8.19378539069431,"Unadjusted"
540,"2000",3.9805285803532,"Unadjusted"
541,"2000",5.05687487400961,"Unadjusted"
542,"2000",4.66581696088132,"Unadjusted"
543,"2000",9.19860829714551,"Unadjusted"
544,"2000",4.69290127577314,"Unadjusted"
545,"2000",7.19735056580914,"Unadjusted"
546,"2000",6.26225037825796,"Unadjusted"
547,"2000",4.0194894579264,"Unadjusted"
548,"2000",3.95779940606692,"Unadjusted"
549,"2000",5.41111666076781,"Unadjusted"
550,"2000",5.29746566691521,"Unadjusted"
551,"2000",6.51639570528707,"Unadjusted"
552,"2000",6.86282637099788,"Unadjusted"
553,"2000",7.04845060519699,"Unadjusted"
554,"2000",7.88142156723861,"Unadjusted"
555,"2000",6.86263169451163,"Unadjusted"
556,"2000",5.84500518464933,"Unadjusted"
557,"2000",7.89539394702428,"Unadjusted"
558,"2000",5.49984862015329,"Unadjusted"
559,"2000",7.35413290542012,"Unadjusted"
560,"2000",6.47617502109144,"Unadjusted"
561,"2000",5.2530079714263,"Unadjusted"
562,"2000",6.5319676059722,"Unadjusted"
563,"2000",4.73347515765262,"Unadjusted"
564,"2000",11.6061760315943,"Unadjusted"
565,"2000",11.8918786243952,"Unadjusted"
566,"2000",6.7703497499264,"Unadjusted"
567,"2000",5.46603536928137,"Unadjusted"
568,"2000",8.12296067597903,"Unadjusted"
569,"2000",8.04369768445016,"Unadjusted"
570,"2000",6.90488592220531,"Unadjusted"
571,"2000",9.18715864214724,"Unadjusted"
572,"2000",17.294512386545,"Unadjusted"
573,"2000",5.58719364511639,"Unadjusted"
574,"2000",4.7175661464611,"Unadjusted"
575,"2000",5.60121856626201,"Unadjusted"
576,"2000",8.50172873655209,"Unadjusted"
577,"2000",7.67493338437604,"Unadjusted"
578,"2000",10.568813424564,"Unadjusted"
579,"2000",4.37686004643161,"Unadjusted"
580,"2000",6.72258276560526,"Unadjusted"
581,"2000",4.73427461584514,"Unadjusted"
582,"2000",8.90581327412595,"Unadjusted"
583,"2000",5.11604457012057,"Unadjusted"
584,"2000",3.7092133567571,"Unadjusted"
585,"2000",8.41851871198071,"Unadjusted"
586,"2000",4.62823811298068,"Unadjusted"
587,"2000",17.9862867565925,"Unadjusted"
588,"2000",6.95288051863628,"Unadjusted"
589,"2000",6.5127555074455,"Unadjusted"
590,"2000",7.31443972475328,"Unadjusted"
591,"2000",5.43917439912083,"Unadjusted"
592,"2000",5.40635868079035,"Unadjusted"
593,"2000",7.08709783577548,"Unadjusted"
594,"2000",5.82070551968932,"Unadjusted"
595,"2000",6.0964240456424,"Unadjusted"
596,"2000",5.61017719750295,"Unadjusted"
597,"2000",7.63264168067087,"Unadjusted"
598,"2000",7.69124319745888,"Unadjusted"
599,"2000",6.00341143348191,"Unadjusted"
600,"2000",6.82628620485287,"Unadjusted"
601,"2000",3.06832573360807,"Unadjusted"
602,"2000",5.09464339794689,"Unadjusted"
603,"2000",9.01183376184122,"Unadjusted"
604,"2000",5.03080959708782,"Unadjusted"
605,"2000",8.20752855985225,"Unadjusted"
606,"2000",6.12309865320226,"Unadjusted"
607,"2000",6.62490815918772,"Unadjusted"
608,"2000",5.48555464256445,"Unadjusted"
609,"2000",6.49281754448421,"Unadjusted"
610,"2000",9.3003522381743,"Unadjusted"
611,"2000",6.83428281368754,"Unadjusted"
612,"2000",6.01546059706422,"Unadjusted"
613,"2000",7.21497986359929,"Unadjusted"
614,"2000",6.28854065040699,"Unadjusted"
615,"2000",8.36043925315307,"Unadjusted"
616,"2000",2.99088418973992,"Unadjusted"
617,"2000",6.29304855453959,"Unadjusted"
618,"2000",5.20981432582356,"Unadjusted"
619,"2000",6.6629471586468,"Unadjusted"
620,"2000",7.46668925498219,"Unadjusted"
621,"2000",7.40233054486815,"Unadjusted"
622,"2000",8.97897155049432,"Unadjusted"
623,"2000",7.00220874852663,"Unadjusted"
624,"2000",8.24623002287236,"Unadjusted"
625,"2000",5.07541505520049,"Unadjusted"
626,"2000",8.07719427445932,"Unadjusted"
627,"2000",9.96094511703814,"Unadjusted"
628,"2000",6.21205948700232,"Unadjusted"
629,"2000",10.7155957701155,"Unadjusted"
630,"2000",6.22474821349486,"Unadjusted"
631,"2000",7.63175120275774,"Unadjusted"
632,"2000",7.81624687527574,"Unadjusted"
633,"2000",6.98024070443521,"Unadjusted"
634,"2000",6.3220925322178,"Unadjusted"
635,"2000",8.00489603705799,"Unadjusted"
636,"2000",7.00557022259019,"Unadjusted"
637,"2000",7.89118566259609,"Unadjusted"
638,"2000",8.32207862384816,"Unadjusted"
639,"2000",6.41580448316428,"Unadjusted"
640,"2000",7.11492778674674,"Unadjusted"
641,"2000",7.76314749821587,"Unadjusted"
642,"2000",6.41174708733714,"Unadjusted"
643,"2000",8.10256826144422,"Unadjusted"
644,"2000",6.97929398212563,"Unadjusted"
645,"2000",9.22088533616645,"Unadjusted"
646,"2000",4.89371980856855,"Unadjusted"
647,"2000",7.23735544184942,"Unadjusted"
648,"2000",5.44321536887497,"Unadjusted"
649,"2000",10.7769489076026,"Unadjusted"
650,"2000",6.4462198946382,"Unadjusted"
651,"2000",6.00484243351519,"Unadjusted"
652,"2000",6.28698205199888,"Unadjusted"
653,"2000",7.48205297363746,"Unadjusted"
654,"2000",6.79726781469373,"Unadjusted"
655,"2000",7.15514012779324,"Unadjusted"
656,"2000",5.44251891179278,"Unadjusted"
657,"2000",4.39412043056913,"Unadjusted"
658,"2000",7.38767877083732,"Unadjusted"
659,"2000",4.51330086772032,"Unadjusted"
660,"2000",8.43613846326142,"Unadjusted"
661,"2000",6.2189975042237,"Unadjusted"
662,"2000",4.93674140431678,"Unadjusted"
663,"2000",5.52609735401778,"Unadjusted"
664,"2000",5.35468063395375,"Unadjusted"
665,"2000",10.5307738994121,"Unadjusted"
666,"2000",5.49334515893861,"Unadjusted"
667,"2000",7.31107444752722,"Unadjusted"
668,"2000",6.76031791862011,"Unadjusted"
669,"2000",5.47479572224355,"Unadjusted"
670,"2000",7.39342800755046,"Unadjusted"
671,"2000",5.77353500713424,"Unadjusted"
672,"2000",6.32940744778851,"Unadjusted"
673,"2000",5.30987046472135,"Unadjusted"
674,"2000",11.4784571866789,"Unadjusted"
675,"2000",7.78519784905473,"Unadjusted"
676,"2000",7.31380461339483,"Unadjusted"
677,"2000",7.88730689611296,"Unadjusted"
678,"2000",6.55860996665864,"Unadjusted"
679,"2000",6.81225587695079,"Unadjusted"
680,"2000",6.58586548664179,"Unadjusted"
681,"2000",7.40638791267311,"Unadjusted"
682,"2000",6.88146268138185,"Unadjusted"
683,"2000",5.15673943096859,"Unadjusted"
684,"2000",4.61457900022783,"Unadjusted"
685,"2000",6.00686080487625,"Unadjusted"
686,"2000",5.20521118057916,"Unadjusted"
687,"2000",6.69866297997022,"Unadjusted"
688,"2000",8.75614105024411,"Unadjusted"
689,"2000",6.43956336834204,"Unadjusted"
690,"2000",9.08666297782796,"Unadjusted"
691,"2000",4.72252657207548,"Unadjusted"
692,"2000",6.68099382948962,"Unadjusted"
693,"2000",6.3494891191623,"Unadjusted"
694,"2000",4.66584899150955,"Unadjusted"
695,"2000",6.24093226422832,"Unadjusted"
696,"2000",4.47798228172565,"Unadjusted"
697,"2000",5.75546602407703,"Unadjusted"
698,"2000",9.40822966848025,"Unadjusted"
699,"2000",5.67873097069189,"Unadjusted"
700,"2000",61.6561580179765,"Unadjusted"
701,"2000",6.85830027978987,"Unadjusted"
702,"2000",8.36277734944594,"Unadjusted"
703,"2000",7.37193233523828,"Unadjusted"
704,"2000",5.46136410121714,"Unadjusted"
705,"2000",6.96321735042531,"Unadjusted"
706,"2000",5.09475758470312,"Unadjusted"
707,"2000",11.933114332172,"Unadjusted"
708,"2000",5.78130972912837,"Unadjusted"
709,"2000",6.61168344378222,"Unadjusted"
710,"2000",8.25288074057677,"Unadjusted"
711,"2000",6.23262579479935,"Unadjusted"
712,"2000",6.34334661902873,"Unadjusted"
713,"2000",8.29789943991046,"Unadjusted"
714,"2000",7.99678643634068,"Unadjusted"
715,"2000",7.56149379913991,"Unadjusted"
716,"2000",5.67398742016752,"Unadjusted"
717,"2000",6.89860362115376,"Unadjusted"
718,"2000",9.02931248206692,"Unadjusted"
719,"2000",15.9320537974659,"Unadjusted"
720,"2000",5.7443783734264,"Unadjusted"
721,"2000",4.82364640791842,"Unadjusted"
722,"2000",5.94003628165993,"Unadjusted"
723,"2000",6.25194501677189,"Unadjusted"
724,"2000",7.51354563740276,"Unadjusted"
725,"2000",6.99224874592103,"Unadjusted"
726,"2000",7.00550371912232,"Unadjusted"
727,"2000",6.37065529774555,"Unadjusted"
728,"2000",4.32687409934819,"Unadjusted"
729,"2000",5.24129655258484,"Unadjusted"
730,"2000",7.46445547476089,"Unadjusted"
731,"2000",6.65435202070367,"Unadjusted"
732,"2000",10.2065213823333,"Unadjusted"
733,"2000",6.67464575060613,"Unadjusted"
734,"2000",4.84264177762616,"Unadjusted"
735,"2000",5.06033204195693,"Unadjusted"
736,"2000",7.51248697109608,"Unadjusted"
737,"2000",13.3226141878628,"Unadjusted"
738,"2000",8.07606708290928,"Unadjusted"
739,"2000",5.76907228264964,"Unadjusted"
740,"2000",4.65068832157263,"Unadjusted"
741,"2000",5.07697276139237,"Unadjusted"
742,"2000",11.0148477763776,"Unadjusted"
743,"2000",5.6594138969991,"Unadjusted"
744,"2000",13.0879448771469,"Unadjusted"
745,"2000",8.05379600442661,"Unadjusted"
746,"2000",5.79970095692806,"Unadjusted"
747,"2000",13.3040281634683,"Unadjusted"
748,"2000",7.41624067988428,"Unadjusted"
749,"2000",6.38609146552598,"Unadjusted"
750,"2000",7.84122742446672,"Unadjusted"
751,"2000",4.14618089440906,"Unadjusted"
752,"2000",6.38803723164925,"Unadjusted"
753,"2000",9.66172769693429,"Unadjusted"
754,"2000",6.00140185029698,"Unadjusted"
755,"2000",6.24461153352995,"Unadjusted"
756,"2000",5.77242130779426,"Unadjusted"
757,"2000",8.23280098087442,"Unadjusted"
758,"2000",6.70881851348494,"Unadjusted"
759,"2000",4.48637461509796,"Unadjusted"
760,"2000",4.0465381064538,"Unadjusted"
761,"2000",5.60995470158701,"Unadjusted"
762,"2000",9.38894411456392,"Unadjusted"
763,"2000",7.36944865760971,"Unadjusted"
764,"2000",6.71047736721607,"Unadjusted"
765,"2000",7.38161280972658,"Unadjusted"
766,"2000",6.28190719629996,"Unadjusted"
767,"2000",5.62292583643541,"Unadjusted"
768,"2000",8.12149312421285,"Unadjusted"
769,"2000",6.27095908206058,"Unadjusted"
770,"2000",5.77572781058391,"Unadjusted"
771,"2000",6.24890002043262,"Unadjusted"
772,"2000",5.82006595243739,"Unadjusted"
773,"2000",9.65700808092528,"Unadjusted"
774,"2000",6.47890998290095,"Unadjusted"
775,"2000",5.03768934190134,"Unadjusted"
776,"2000",5.09908400712903,"Unadjusted"
777,"2000",8.2079054700531,"Unadjusted"
778,"2000",6.17347181015633,"Unadjusted"
779,"2000",6.75555421422918,"Unadjusted"
780,"2000",7.07037768057647,"Unadjusted"
781,"2000",5.44405855644474,"Unadjusted"
782,"2000",7.9750355038967,"Unadjusted"
783,"2000",8.33164355315739,"Unadjusted"
784,"2000",7.064276321692,"Unadjusted"
785,"2000",5.53536795110567,"Unadjusted"
786,"2000",5.67768018910163,"Unadjusted"
787,"2000",4.51284394305156,"Unadjusted"
788,"2000",5.19551768409319,"Unadjusted"
789,"2000",5.67399457145245,"Unadjusted"
790,"2000",6.09300536522046,"Unadjusted"
791,"2000",5.96426261804488,"Unadjusted"
792,"2000",7.6743833159533,"Unadjusted"
793,"2000",10.8961254915258,"Unadjusted"
794,"2000",4.93742298062562,"Unadjusted"
795,"2000",6.23812219310938,"Unadjusted"
796,"2000",9.96418562090646,"Unadjusted"
797,"2000",6.7575726010072,"Unadjusted"
798,"2000",4.74075806604415,"Unadjusted"
799,"2000",5.69153061682632,"Unadjusted"
800,"2000",10.5375446748282,"Unadjusted"
801,"2000",6.64192580797588,"Unadjusted"
802,"2000",5.23433735002292,"Unadjusted"
803,"2000",4.63512276315332,"Unadjusted"
804,"2000",5.68014052382151,"Unadjusted"
805,"2000",5.92287079175961,"Unadjusted"
806,"2000",8.55625680481132,"Unadjusted"
807,"2000",6.31446419358909,"Unadjusted"
808,"2000",4.11001691620878,"Unadjusted"
809,"2000",9.37717741803809,"Unadjusted"
810,"2000",6.54062121890562,"Unadjusted"
811,"2000",5.25933579220556,"Unadjusted"
812,"2000",8.40553444688036,"Unadjusted"
813,"2000",9.50790860217521,"Unadjusted"
814,"2000",8.70398251766659,"Unadjusted"
815,"2000",9.79391248504344,"Unadjusted"
816,"2000",8.85834833422779,"Unadjusted"
817,"2000",6.22856303165938,"Unadjusted"
818,"2000",4.78490225848756,"Unadjusted"
819,"2000",9.32100699505464,"Unadjusted"
820,"2000",5.70601459443592,"Unadjusted"
821,"2000",7.56960366334083,"Unadjusted"
822,"2000",6.24150151445949,"Unadjusted"
823,"2000",4.49978991746433,"Unadjusted"
824,"2000",5.63059383846011,"Unadjusted"
825,"2000",5.87560225004919,"Unadjusted"
826,"2000",8.49258006270845,"Unadjusted"
827,"2000",6.42786856871972,"Unadjusted"
828,"2000",9.38531891065351,"Unadjusted"
829,"2000",7.43815978432168,"Unadjusted"
830,"2000",10.2441217673416,"Unadjusted"
831,"2000",7.33013955091759,"Unadjusted"
832,"2000",7.44606130144941,"Unadjusted"
833,"2000",5.01307066826928,"Unadjusted"
834,"2000",6.23331523974197,"Unadjusted"
835,"2000",5.93764316768412,"Unadjusted"
836,"2000",6.46113283305895,"Unadjusted"
837,"2000",5.90859774362193,"Unadjusted"
838,"2000",4.14613884191781,"Unadjusted"
839,"2000",6.78185440537029,"Unadjusted"
840,"2000",6.76725662022107,"Unadjusted"
841,"2000",4.9786612987502,"Unadjusted"
842,"2000",5.85578964639982,"Unadjusted"
843,"2000",7.5067622264911,"Unadjusted"
844,"2000",6.60325552050437,"Unadjusted"
845,"2000",8.06561001244659,"Unadjusted"
846,"2000",7.73945831166079,"Unadjusted"
847,"2000",7.02141017413221,"Unadjusted"
848,"2000",5.50479604483163,"Unadjusted"
849,"2000",9.6200107012851,"Unadjusted"
850,"2000",7.76680345598369,"Unadjusted"
851,"2000",11.3549017313703,"Unadjusted"
852,"2000",8.86793704192114,"Unadjusted"
853,"2000",6.49954844938159,"Unadjusted"
854,"2000",6.24164044766738,"Unadjusted"
855,"2000",4.49163079762251,"Unadjusted"
856,"2000",11.0393239774404,"Unadjusted"
857,"2000",4.66203074422151,"Unadjusted"
858,"2000",5.71019610345412,"Unadjusted"
859,"2000",5.42009830486451,"Unadjusted"
860,"2000",7.4303230901331,"Unadjusted"
861,"2000",7.04579519892073,"Unadjusted"
862,"2000",6.94397419222722,"Unadjusted"
863,"2000",15.028030743745,"Unadjusted"
864,"2000",5.2182214395141,"Unadjusted"
865,"2000",14.6335384432751,"Unadjusted"
866,"2000",6.17468795339525,"Unadjusted"
867,"2000",7.08296613867592,"Unadjusted"
868,"2000",8.00994904499622,"Unadjusted"
869,"2000",10.9831690721166,"Unadjusted"
870,"2000",5.70208760896397,"Unadjusted"
871,"2000",6.33395384338649,"Unadjusted"
872,"2000",6.02569382784773,"Unadjusted"
873,"2000",6.7483554616148,"Unadjusted"
874,"2000",6.02096895297336,"Unadjusted"
875,"2000",5.42951012402802,"Unadjusted"
876,"2000",4.39878774896424,"Unadjusted"
877,"2000",6.31415477974407,"Unadjusted"
878,"2000",6.2013664747777,"Unadjusted"
879,"2000",6.21762510723699,"Unadjusted"
880,"2000",5.47983065048826,"Unadjusted"
881,"2000",6.0279147378765,"Unadjusted"
882,"2000",6.62237155924277,"Unadjusted"
883,"2000",7.93855101833679,"Unadjusted"
884,"2000",7.06298842441729,"Unadjusted"
885,"2000",5.14161050301318,"Unadjusted"
886,"2000",5.23302980390557,"Unadjusted"
887,"2000",7.74990351201512,"Unadjusted"
888,"2000",7.14353810530953,"Unadjusted"
889,"2000",7.72225094537761,"Unadjusted"
890,"2000",7.29193342952713,"Unadjusted"
891,"2000",8.33955675137259,"Unadjusted"
892,"2000",10.067346586636,"Unadjusted"
893,"2000",5.35195267617645,"Unadjusted"
894,"2000",8.27362638409361,"Unadjusted"
895,"2000",6.53710441477406,"Unadjusted"
896,"2000",5.61083055179262,"Unadjusted"
897,"2000",4.63798809051789,"Unadjusted"
898,"2000",6.64883607593694,"Unadjusted"
899,"2000",14.2871424175833,"Unadjusted"
900,"2000",6.81953233683641,"Unadjusted"
901,"2000",5.73566442588189,"Unadjusted"
902,"2000",6.06332233077357,"Unadjusted"
903,"2000",7.33641084769626,"Unadjusted"
904,"2000",8.66453794573554,"Unadjusted"
905,"2000",7.19761771198144,"Unadjusted"
906,"2000",4.88387808193649,"Unadjusted"
907,"2000",4.87844231254237,"Unadjusted"
908,"2000",5.98061557530737,"Unadjusted"
909,"2000",7.88297854256293,"Unadjusted"
910,"2000",4.97219697325343,"Unadjusted"
911,"2000",6.63360531488849,"Unadjusted"
912,"2000",12.4835974084311,"Unadjusted"
913,"2000",6.56926597293075,"Unadjusted"
914,"2000",7.30910690369264,"Unadjusted"
915,"2000",7.10954996268859,"Unadjusted"
916,"2000",5.25102533717719,"Unadjusted"
917,"2000",11.9824386978951,"Unadjusted"
918,"2000",7.77653870607628,"Unadjusted"
919,"2000",5.91670180539998,"Unadjusted"
920,"2000",4.94740977212186,"Unadjusted"
921,"2000",18.3205024783171,"Unadjusted"
922,"2000",8.20385844653801,"Unadjusted"
923,"2000",8.88339274310998,"Unadjusted"
924,"2000",7.16381489594138,"Unadjusted"
925,"2000",4.05254105857648,"Unadjusted"
926,"2000",4.79922603869212,"Unadjusted"
927,"2000",7.16044365380583,"Unadjusted"
928,"2000",10.3991883254653,"Unadjusted"
929,"2000",6.59315616952465,"Unadjusted"
930,"2000",9.74890357085069,"Unadjusted"
931,"2000",6.58394319269968,"Unadjusted"
932,"2000",5.37588076260389,"Unadjusted"
933,"2000",6.50106876001681,"Unadjusted"
934,"2000",7.15452649254607,"Unadjusted"
935,"2000",4.03599119929127,"Unadjusted"
936,"2000",11.6855231881566,"Unadjusted"
937,"2000",5.03381142184601,"Unadjusted"
938,"2000",5.86557140375445,"Unadjusted"
939,"2000",6.65191750205205,"Unadjusted"
940,"2000",6.88672396156158,"Unadjusted"
941,"2000",7.01483694179339,"Unadjusted"
942,"2000",6.09886500542524,"Unadjusted"
943,"2000",6.43893876289415,"Unadjusted"
944,"2000",4.53402503103285,"Unadjusted"
945,"2000",8.93002647427241,"Unadjusted"
946,"2000",7.60121029691209,"Unadjusted"
947,"2000",9.98439128331758,"Unadjusted"
948,"2000",5.67446619766512,"Unadjusted"
949,"2000",7.15024743009612,"Unadjusted"
950,"2000",6.86426257689503,"Unadjusted"
951,"2000",6.05213835662474,"Unadjusted"
952,"2000",6.56693143173565,"Unadjusted"
953,"2000",8.78637469759056,"Unadjusted"
954,"2000",4.88510898086848,"Unadjusted"
955,"2000",5.53752980708484,"Unadjusted"
956,"2000",5.63902186847414,"Unadjusted"
957,"2000",6.24788876869899,"Unadjusted"
958,"2000",8.90339605645275,"Unadjusted"
959,"2000",11.3566628147673,"Unadjusted"
960,"2000",4.44924348323472,"Unadjusted"
961,"2000",5.18580396501137,"Unadjusted"
962,"2000",9.68222947135229,"Unadjusted"
963,"2000",7.8917757971641,"Unadjusted"
964,"2000",5.73104941865802,"Unadjusted"
965,"2000",6.43945711542584,"Unadjusted"
966,"2000",6.00525993896993,"Unadjusted"
967,"2000",9.26591223353557,"Unadjusted"
968,"2000",7.12722508334874,"Unadjusted"
969,"2000",7.0760970092781,"Unadjusted"
970,"2000",6.21419287906469,"Unadjusted"
971,"2000",5.53738243251814,"Unadjusted"
972,"2000",5.78853130294083,"Unadjusted"
973,"2000",6.39045831875741,"Unadjusted"
974,"2000",5.14902943932229,"Unadjusted"
975,"2000",6.4016757263699,"Unadjusted"
976,"2000",6.61990889049398,"Unadjusted"
977,"2000",6.51531289860654,"Unadjusted"
978,"2000",7.93394436280422,"Unadjusted"
979,"2000",6.35373419773521,"Unadjusted"
980,"2000",6.87566474133884,"Unadjusted"
981,"2000",4.42455778612647,"Unadjusted"
982,"2000",6.87371207533209,"Unadjusted"
983,"2000",6.65380292536095,"Unadjusted"
984,"2000",8.68398564000566,"Unadjusted"
985,"2000",8.63026784001186,"Unadjusted"
986,"2000",5.81495969119669,"Unadjusted"
987,"2000",7.05512356664608,"Unadjusted"
988,"2000",8.58789871624892,"Unadjusted"
989,"2000",5.29020291215226,"Unadjusted"
990,"2000",5.27789853335279,"Unadjusted"
991,"2000",6.63997012441056,"Unadjusted"
992,"2000",8.39033037626734,"Unadjusted"
993,"2000",5.96467691165335,"Unadjusted"
994,"2000",7.64745100291369,"Unadjusted"
995,"2000",6.04272244327734,"Unadjusted"
996,"2000",7.35985849203603,"Unadjusted"
997,"2000",5.8593017921007,"Unadjusted"
998,"2000",7.58550740367789,"Unadjusted"
999,"2000",5.39547821372343,"Unadjusted"
1000,"2000",4.51715894826585,"Unadjusted"
1,"4000",6.2887226207479,"Unadjusted"
2,"4000",7.56337863525779,"Unadjusted"
3,"4000",5.6518104414794,"Unadjusted"
4,"4000",7.14671672073545,"Unadjusted"
5,"4000",5.03780249711894,"Unadjusted"
6,"4000",5.16073262276471,"Unadjusted"
7,"4000",5.51948150057185,"Unadjusted"
8,"4000",6.42471252332686,"Unadjusted"
9,"4000",7.03811291148895,"Unadjusted"
10,"4000",5.37115330403478,"Unadjusted"
11,"4000",5.90487218500541,"Unadjusted"
12,"4000",11.8548886237882,"Unadjusted"
13,"4000",7.07386134079773,"Unadjusted"
14,"4000",7.00339995999311,"Unadjusted"
15,"4000",5.53505106820909,"Unadjusted"
16,"4000",5.57492748687066,"Unadjusted"
17,"4000",8.83858058217115,"Unadjusted"
18,"4000",5.71616973237859,"Unadjusted"
19,"4000",6.55757384848385,"Unadjusted"
20,"4000",6.44814110544296,"Unadjusted"
21,"4000",8.29153425944855,"Unadjusted"
22,"4000",5.7246690803542,"Unadjusted"
23,"4000",11.2959304244826,"Unadjusted"
24,"4000",10.0640953803012,"Unadjusted"
25,"4000",7.41474119897278,"Unadjusted"
26,"4000",7.22091572874896,"Unadjusted"
27,"4000",8.08103127392004,"Unadjusted"
28,"4000",9.01379550737856,"Unadjusted"
29,"4000",4.71521274040953,"Unadjusted"
30,"4000",5.90364011056046,"Unadjusted"
31,"4000",5.26093478478859,"Unadjusted"
32,"4000",4.86300401728712,"Unadjusted"
33,"4000",5.55021644725157,"Unadjusted"
34,"4000",6.05291264155001,"Unadjusted"
35,"4000",5.43195334029754,"Unadjusted"
36,"4000",6.33904285113593,"Unadjusted"
37,"4000",9.37491203065985,"Unadjusted"
38,"4000",4.7748974560841,"Unadjusted"
39,"4000",7.70262114387085,"Unadjusted"
40,"4000",5.8342556496941,"Unadjusted"
41,"4000",5.20884551126268,"Unadjusted"
42,"4000",6.05201439320595,"Unadjusted"
43,"4000",6.44051603108428,"Unadjusted"
44,"4000",6.80139072780169,"Unadjusted"
45,"4000",6.92488164222249,"Unadjusted"
46,"4000",6.34086124497213,"Unadjusted"
47,"4000",6.94120150552711,"Unadjusted"
48,"4000",4.67336374416164,"Unadjusted"
49,"4000",8.00411671681401,"Unadjusted"
50,"4000",7.04741822677736,"Unadjusted"
51,"4000",6.71917380493239,"Unadjusted"
52,"4000",7.79953793428362,"Unadjusted"
53,"4000",5.29309652162268,"Unadjusted"
54,"4000",6.28242650404696,"Unadjusted"
55,"4000",6.29125703948782,"Unadjusted"
56,"4000",6.44091742784743,"Unadjusted"
57,"4000",5.89170610771541,"Unadjusted"
58,"4000",5.63861832482765,"Unadjusted"
59,"4000",6.7617792508851,"Unadjusted"
60,"4000",7.35786354309335,"Unadjusted"
61,"4000",6.94881125931427,"Unadjusted"
62,"4000",6.17312064142462,"Unadjusted"
63,"4000",4.67818397229392,"Unadjusted"
64,"4000",7.11753761551629,"Unadjusted"
65,"4000",5.82071203100387,"Unadjusted"
66,"4000",6.94711242802397,"Unadjusted"
67,"4000",6.96965286221922,"Unadjusted"
68,"4000",6.46813593288855,"Unadjusted"
69,"4000",4.90041547840287,"Unadjusted"
70,"4000",5.48398008379619,"Unadjusted"
71,"4000",7.55313893810137,"Unadjusted"
72,"4000",4.85757916026432,"Unadjusted"
73,"4000",6.60626462564891,"Unadjusted"
74,"4000",6.66619910593425,"Unadjusted"
75,"4000",4.73528658509141,"Unadjusted"
76,"4000",9.60378560422079,"Unadjusted"
77,"4000",5.75843764754513,"Unadjusted"
78,"4000",6.45599389630663,"Unadjusted"
79,"4000",6.04381836700157,"Unadjusted"
80,"4000",6.04322754091925,"Unadjusted"
81,"4000",7.61611851369877,"Unadjusted"
82,"4000",6.02799762057838,"Unadjusted"
83,"4000",6.56629255357707,"Unadjusted"
84,"4000",6.27781219231676,"Unadjusted"
85,"4000",5.06067088348734,"Unadjusted"
86,"4000",6.36490353644549,"Unadjusted"
87,"4000",5.1933958321009,"Unadjusted"
88,"4000",8.63204367491546,"Unadjusted"
89,"4000",8.5299767864791,"Unadjusted"
90,"4000",5.31132034349436,"Unadjusted"
91,"4000",6.53391306253086,"Unadjusted"
92,"4000",5.25685806147948,"Unadjusted"
93,"4000",7.31877854521573,"Unadjusted"
94,"4000",8.16627222342099,"Unadjusted"
95,"4000",5.27831495706022,"Unadjusted"
96,"4000",7.10095838343077,"Unadjusted"
97,"4000",5.40797904950685,"Unadjusted"
98,"4000",4.90910130403012,"Unadjusted"
99,"4000",6.12958403774969,"Unadjusted"
100,"4000",7.31836975776143,"Unadjusted"
101,"4000",5.38983950803536,"Unadjusted"
102,"4000",6.2591923418102,"Unadjusted"
103,"4000",7.45795298552763,"Unadjusted"
104,"4000",5.53033844776691,"Unadjusted"
105,"4000",7.92090982760929,"Unadjusted"
106,"4000",5.09699812435615,"Unadjusted"
107,"4000",4.71321228617827,"Unadjusted"
108,"4000",7.18616555459114,"Unadjusted"
109,"4000",5.01354958082106,"Unadjusted"
110,"4000",8.48552183204928,"Unadjusted"
111,"4000",4.8171156975717,"Unadjusted"
112,"4000",8.11571233293135,"Unadjusted"
113,"4000",4.86918255370574,"Unadjusted"
114,"4000",7.135187089149,"Unadjusted"
115,"4000",5.04901822925392,"Unadjusted"
116,"4000",6.3217024207934,"Unadjusted"
117,"4000",7.13654350295266,"Unadjusted"
118,"4000",10.3175123997629,"Unadjusted"
119,"4000",7.23143978611368,"Unadjusted"
120,"4000",4.86732649111884,"Unadjusted"
121,"4000",7.93688108275805,"Unadjusted"
122,"4000",6.45569724580173,"Unadjusted"
123,"4000",8.53947922298736,"Unadjusted"
124,"4000",5.15433655611133,"Unadjusted"
125,"4000",8.14608230811534,"Unadjusted"
126,"4000",5.72516384231684,"Unadjusted"
127,"4000",7.85443689013979,"Unadjusted"
128,"4000",10.1220817787898,"Unadjusted"
129,"4000",5.03301756041029,"Unadjusted"
130,"4000",4.97541924139748,"Unadjusted"
131,"4000",7.22064552945685,"Unadjusted"
132,"4000",7.3108332359432,"Unadjusted"
133,"4000",11.3549331634179,"Unadjusted"
134,"4000",6.43424993722735,"Unadjusted"
135,"4000",10.172362919043,"Unadjusted"
136,"4000",4.7376160016026,"Unadjusted"
137,"4000",6.21340383151694,"Unadjusted"
138,"4000",6.45847903760272,"Unadjusted"
139,"4000",6.25448257845044,"Unadjusted"
140,"4000",7.0801497677726,"Unadjusted"
141,"4000",4.68061136722273,"Unadjusted"
142,"4000",4.73652227178593,"Unadjusted"
143,"4000",7.40626770702016,"Unadjusted"
144,"4000",11.4825649861534,"Unadjusted"
145,"4000",7.87307760103068,"Unadjusted"
146,"4000",5.74536203541396,"Unadjusted"
147,"4000",8.23296740107635,"Unadjusted"
148,"4000",5.78637477100479,"Unadjusted"
149,"4000",7.22366140185585,"Unadjusted"
150,"4000",7.58022808741263,"Unadjusted"
151,"4000",6.46327545199566,"Unadjusted"
152,"4000",5.15651862651337,"Unadjusted"
153,"4000",6.00768623215778,"Unadjusted"
154,"4000",5.92276746330855,"Unadjusted"
155,"4000",5.54613254787227,"Unadjusted"
156,"4000",5.93979859505856,"Unadjusted"
157,"4000",6.03536770332844,"Unadjusted"
158,"4000",6.2917020759578,"Unadjusted"
159,"4000",7.01077577440925,"Unadjusted"
160,"4000",5.36432907068525,"Unadjusted"
161,"4000",8.90191312373154,"Unadjusted"
162,"4000",5.20452125986614,"Unadjusted"
163,"4000",9.12509216794535,"Unadjusted"
164,"4000",4.25598182867312,"Unadjusted"
165,"4000",9.34260781985906,"Unadjusted"
166,"4000",5.14786468017788,"Unadjusted"
167,"4000",6.07581191257624,"Unadjusted"
168,"4000",5.35470659494194,"Unadjusted"
169,"4000",6.60971097020183,"Unadjusted"
170,"4000",5.25864279004963,"Unadjusted"
171,"4000",7.2416270488249,"Unadjusted"
172,"4000",9.4199183048887,"Unadjusted"
173,"4000",5.01488175570422,"Unadjusted"
174,"4000",5.98751486934766,"Unadjusted"
175,"4000",7.29473952057849,"Unadjusted"
176,"4000",5.74064671044493,"Unadjusted"
177,"4000",7.7351447621771,"Unadjusted"
178,"4000",9.06485974348624,"Unadjusted"
179,"4000",7.92532134020663,"Unadjusted"
180,"4000",6.07821063120042,"Unadjusted"
181,"4000",9.02365293196649,"Unadjusted"
182,"4000",6.30568960344339,"Unadjusted"
183,"4000",4.64470884597311,"Unadjusted"
184,"4000",5.89438295358063,"Unadjusted"
185,"4000",6.96474226860138,"Unadjusted"
186,"4000",6.46099933126729,"Unadjusted"
187,"4000",9.4421213921805,"Unadjusted"
188,"4000",9.13484208254731,"Unadjusted"
189,"4000",7.79884531403678,"Unadjusted"
190,"4000",5.30598453978401,"Unadjusted"
191,"4000",12.0956092376121,"Unadjusted"
192,"4000",7.9059726335721,"Unadjusted"
193,"4000",7.51039309943433,"Unadjusted"
194,"4000",7.05416639123054,"Unadjusted"
195,"4000",5.43600964650164,"Unadjusted"
196,"4000",6.4828586386127,"Unadjusted"
197,"4000",5.06291936082843,"Unadjusted"
198,"4000",6.07244148651461,"Unadjusted"
199,"4000",6.57816957141862,"Unadjusted"
200,"4000",6.24081782125906,"Unadjusted"
201,"4000",6.83160594968267,"Unadjusted"
202,"4000",6.21272088623843,"Unadjusted"
203,"4000",6.1904168709438,"Unadjusted"
204,"4000",6.23328062185395,"Unadjusted"
205,"4000",7.11502322158919,"Unadjusted"
206,"4000",7.71163696635451,"Unadjusted"
207,"4000",5.79421805658634,"Unadjusted"
208,"4000",9.31704304251087,"Unadjusted"
209,"4000",7.69760911088794,"Unadjusted"
210,"4000",10.0756706020129,"Unadjusted"
211,"4000",6.31977972332538,"Unadjusted"
212,"4000",7.44032485094335,"Unadjusted"
213,"4000",5.40435792468729,"Unadjusted"
214,"4000",5.67659718400855,"Unadjusted"
215,"4000",4.88175268759474,"Unadjusted"
216,"4000",7.33209663168823,"Unadjusted"
217,"4000",6.25312940627056,"Unadjusted"
218,"4000",9.25124222721917,"Unadjusted"
219,"4000",6.30979372788215,"Unadjusted"
220,"4000",6.56743545007493,"Unadjusted"
221,"4000",9.69806130748288,"Unadjusted"
222,"4000",6.0572450145477,"Unadjusted"
223,"4000",5.08721223564073,"Unadjusted"
224,"4000",6.67797441607332,"Unadjusted"
225,"4000",6.56593909012366,"Unadjusted"
226,"4000",9.57590572512647,"Unadjusted"
227,"4000",5.43394652999275,"Unadjusted"
228,"4000",7.33988926818413,"Unadjusted"
229,"4000",6.50275221240174,"Unadjusted"
230,"4000",5.83206202058831,"Unadjusted"
231,"4000",7.53173333891158,"Unadjusted"
232,"4000",9.06825735697686,"Unadjusted"
233,"4000",7.69892020816614,"Unadjusted"
234,"4000",7.72538934741721,"Unadjusted"
235,"4000",5.16422453031054,"Unadjusted"
236,"4000",5.91392334093018,"Unadjusted"
237,"4000",9.18720182173462,"Unadjusted"
238,"4000",5.99041628474003,"Unadjusted"
239,"4000",10.5744744558837,"Unadjusted"
240,"4000",5.37271239138703,"Unadjusted"
241,"4000",5.64808642782837,"Unadjusted"
242,"4000",6.47483057625125,"Unadjusted"
243,"4000",6.37582036067908,"Unadjusted"
244,"4000",6.37905461757632,"Unadjusted"
245,"4000",4.65568637254646,"Unadjusted"
246,"4000",5.36469518333395,"Unadjusted"
247,"4000",4.88174257747095,"Unadjusted"
248,"4000",6.28777646218782,"Unadjusted"
249,"4000",8.82415872202736,"Unadjusted"
250,"4000",5.22977972184733,"Unadjusted"
251,"4000",8.06472049965958,"Unadjusted"
252,"4000",7.26244937038989,"Unadjusted"
253,"4000",7.77486136518058,"Unadjusted"
254,"4000",6.96684266995386,"Unadjusted"
255,"4000",5.45941414537246,"Unadjusted"
256,"4000",5.50976250984645,"Unadjusted"
257,"4000",6.25479088320242,"Unadjusted"
258,"4000",6.6227808328652,"Unadjusted"
259,"4000",5.67743037863203,"Unadjusted"
260,"4000",6.13298433841727,"Unadjusted"
261,"4000",7.17599073236903,"Unadjusted"
262,"4000",5.39608122943842,"Unadjusted"
263,"4000",6.94707941132465,"Unadjusted"
264,"4000",6.87821726546539,"Unadjusted"
265,"4000",5.00350929981608,"Unadjusted"
266,"4000",5.96613295066253,"Unadjusted"
267,"4000",6.80010611328227,"Unadjusted"
268,"4000",7.94901427372719,"Unadjusted"
269,"4000",8.05099376937857,"Unadjusted"
270,"4000",4.2503188632708,"Unadjusted"
271,"4000",7.54699409250075,"Unadjusted"
272,"4000",6.40534029353515,"Unadjusted"
273,"4000",4.92073967834234,"Unadjusted"
274,"4000",6.82516203703208,"Unadjusted"
275,"4000",4.34544396287866,"Unadjusted"
276,"4000",9.18530465190153,"Unadjusted"
277,"4000",5.82425536976665,"Unadjusted"
278,"4000",6.60549995878335,"Unadjusted"
279,"4000",8.42329800482592,"Unadjusted"
280,"4000",6.17675902852447,"Unadjusted"
281,"4000",7.02045400984214,"Unadjusted"
282,"4000",12.0909832953192,"Unadjusted"
283,"4000",11.5888698953839,"Unadjusted"
284,"4000",6.02684910589126,"Unadjusted"
285,"4000",7.90868471968442,"Unadjusted"
286,"4000",5.38095293572277,"Unadjusted"
287,"4000",7.00205331485565,"Unadjusted"
288,"4000",6.01514887226138,"Unadjusted"
289,"4000",5.01814832611107,"Unadjusted"
290,"4000",5.54675308222146,"Unadjusted"
291,"4000",6.87144949653675,"Unadjusted"
292,"4000",8.74517279829342,"Unadjusted"
293,"4000",6.5774684310998,"Unadjusted"
294,"4000",7.24282865022075,"Unadjusted"
295,"4000",5.61142713448645,"Unadjusted"
296,"4000",7.40260645720991,"Unadjusted"
297,"4000",7.06169766912406,"Unadjusted"
298,"4000",7.80535966152715,"Unadjusted"
299,"4000",5.81012670762204,"Unadjusted"
300,"4000",5.46555202153995,"Unadjusted"
301,"4000",8.00583916916155,"Unadjusted"
302,"4000",5.98303815124689,"Unadjusted"
303,"4000",6.24371464850949,"Unadjusted"
304,"4000",7.65086196966795,"Unadjusted"
305,"4000",5.94690349210209,"Unadjusted"
306,"4000",6.01924226661001,"Unadjusted"
307,"4000",5.83258971230885,"Unadjusted"
308,"4000",10.4642217621931,"Unadjusted"
309,"4000",5.47114570041989,"Unadjusted"
310,"4000",6.93869897029509,"Unadjusted"
311,"4000",9.67457151040786,"Unadjusted"
312,"4000",12.2833514051407,"Unadjusted"
313,"4000",4.63370706404366,"Unadjusted"
314,"4000",7.84902759887524,"Unadjusted"
315,"4000",7.20775957484753,"Unadjusted"
316,"4000",6.68944075751973,"Unadjusted"
317,"4000",6.47329232816306,"Unadjusted"
318,"4000",6.06014278346046,"Unadjusted"
319,"4000",7.6648026701986,"Unadjusted"
320,"4000",8.48642644266135,"Unadjusted"
321,"4000",6.03640923921633,"Unadjusted"
322,"4000",7.76046410208513,"Unadjusted"
323,"4000",6.58013933147849,"Unadjusted"
324,"4000",6.28507043581001,"Unadjusted"
325,"4000",5.97819080350818,"Unadjusted"
326,"4000",7.2776146304677,"Unadjusted"
327,"4000",7.20633319114024,"Unadjusted"
328,"4000",4.39439761391047,"Unadjusted"
329,"4000",7.51786838894267,"Unadjusted"
330,"4000",6.07168249463164,"Unadjusted"
331,"4000",5.23371180574786,"Unadjusted"
332,"4000",6.32918874016559,"Unadjusted"
333,"4000",5.30100940152766,"Unadjusted"
334,"4000",9.38360568297192,"Unadjusted"
335,"4000",4.92092680751534,"Unadjusted"
336,"4000",5.74031225637352,"Unadjusted"
337,"4000",5.51985395427084,"Unadjusted"
338,"4000",10.0545908020582,"Unadjusted"
339,"4000",5.72326941353312,"Unadjusted"
340,"4000",5.30166601242633,"Unadjusted"
341,"4000",7.57578355726196,"Unadjusted"
342,"4000",5.56293092635522,"Unadjusted"
343,"4000",9.57103719870348,"Unadjusted"
344,"4000",7.45088326989506,"Unadjusted"
345,"4000",8.05109422822654,"Unadjusted"
346,"4000",8.52722844726082,"Unadjusted"
347,"4000",7.11162691492623,"Unadjusted"
348,"4000",5.16884063999365,"Unadjusted"
349,"4000",7.51506416022472,"Unadjusted"
350,"4000",6.71382361952957,"Unadjusted"
351,"4000",7.2186240885094,"Unadjusted"
352,"4000",8.59261577133568,"Unadjusted"
353,"4000",5.85397486657473,"Unadjusted"
354,"4000",5.84112909043064,"Unadjusted"
355,"4000",6.36416968505811,"Unadjusted"
356,"4000",6.64145510235915,"Unadjusted"
357,"4000",5.55746898002708,"Unadjusted"
358,"4000",6.52846274008339,"Unadjusted"
359,"4000",5.09879020189461,"Unadjusted"
360,"4000",5.92330884558389,"Unadjusted"
361,"4000",4.88805957556673,"Unadjusted"
362,"4000",5.22846240938566,"Unadjusted"
363,"4000",8.42279973720446,"Unadjusted"
364,"4000",5.48245130796164,"Unadjusted"
365,"4000",4.95113508023425,"Unadjusted"
366,"4000",5.71453692239623,"Unadjusted"
367,"4000",7.12707974380284,"Unadjusted"
368,"4000",7.27493338047269,"Unadjusted"
369,"4000",5.81961069279736,"Unadjusted"
370,"4000",6.0106231730089,"Unadjusted"
371,"4000",4.87050487775875,"Unadjusted"
372,"4000",7.09234311325219,"Unadjusted"
373,"4000",6.30915006590525,"Unadjusted"
374,"4000",6.958804131429,"Unadjusted"
375,"4000",6.23471742524275,"Unadjusted"
376,"4000",6.83511628704304,"Unadjusted"
377,"4000",5.29910921853251,"Unadjusted"
378,"4000",6.57497344620945,"Unadjusted"
379,"4000",7.82800568094771,"Unadjusted"
380,"4000",9.92988986296883,"Unadjusted"
381,"4000",5.6955679181969,"Unadjusted"
382,"4000",6.46673761248627,"Unadjusted"
383,"4000",8.43748261123148,"Unadjusted"
384,"4000",6.19954608634582,"Unadjusted"
385,"4000",5.46387354744513,"Unadjusted"
386,"4000",5.00873312769816,"Unadjusted"
387,"4000",5.97121451271903,"Unadjusted"
388,"4000",5.04944014443199,"Unadjusted"
389,"4000",5.95209245960932,"Unadjusted"
390,"4000",6.21584007813792,"Unadjusted"
391,"4000",5.84825354529824,"Unadjusted"
392,"4000",5.69704389319962,"Unadjusted"
393,"4000",6.39644768576924,"Unadjusted"
394,"4000",5.87744241153426,"Unadjusted"
395,"4000",10.9865103388341,"Unadjusted"
396,"4000",5.17139226889832,"Unadjusted"
397,"4000",6.80870701866599,"Unadjusted"
398,"4000",4.48367732568056,"Unadjusted"
399,"4000",9.05994170569884,"Unadjusted"
400,"4000",8.07818477885217,"Unadjusted"
401,"4000",9.23049871710931,"Unadjusted"
402,"4000",5.87838765752661,"Unadjusted"
403,"4000",5.88114927392359,"Unadjusted"
404,"4000",7.12632890096735,"Unadjusted"
405,"4000",4.80611695561019,"Unadjusted"
406,"4000",6.62418152273046,"Unadjusted"
407,"4000",4.52379347127381,"Unadjusted"
408,"4000",4.91067488037532,"Unadjusted"
409,"4000",6.19403994071101,"Unadjusted"
410,"4000",6.13742933142254,"Unadjusted"
411,"4000",9.07422067343603,"Unadjusted"
412,"4000",7.12287734178517,"Unadjusted"
413,"4000",7.44655798035128,"Unadjusted"
414,"4000",6.12785542043584,"Unadjusted"
415,"4000",12.233762625688,"Unadjusted"
416,"4000",5.48348019246326,"Unadjusted"
417,"4000",8.76301001103617,"Unadjusted"
418,"4000",7.44903271793298,"Unadjusted"
419,"4000",8.96456109848715,"Unadjusted"
420,"4000",6.98964333960788,"Unadjusted"
421,"4000",7.87028855536902,"Unadjusted"
422,"4000",5.94797921787524,"Unadjusted"
423,"4000",6.06763893820423,"Unadjusted"
424,"4000",5.65562558822377,"Unadjusted"
425,"4000",7.84553136921385,"Unadjusted"
426,"4000",6.10639188662465,"Unadjusted"
427,"4000",7.23861450814633,"Unadjusted"
428,"4000",5.091056088776,"Unadjusted"
429,"4000",7.64961807585923,"Unadjusted"
430,"4000",5.11516215328974,"Unadjusted"
431,"4000",7.75627314084614,"Unadjusted"
432,"4000",5.55074631972251,"Unadjusted"
433,"4000",5.6279661329572,"Unadjusted"
434,"4000",6.37343316118239,"Unadjusted"
435,"4000",5.57107038158944,"Unadjusted"
436,"4000",6.89087947528985,"Unadjusted"
437,"4000",4.81373867632946,"Unadjusted"
438,"4000",7.33557688115177,"Unadjusted"
439,"4000",10.5072381808505,"Unadjusted"
440,"4000",7.61509855644801,"Unadjusted"
441,"4000",6.15041283863044,"Unadjusted"
442,"4000",5.36993723252474,"Unadjusted"
443,"4000",7.08960269569976,"Unadjusted"
444,"4000",9.44901920162559,"Unadjusted"
445,"4000",6.6614061302059,"Unadjusted"
446,"4000",6.15518569507836,"Unadjusted"
447,"4000",6.17435649785725,"Unadjusted"
448,"4000",6.62440578288903,"Unadjusted"
449,"4000",5.16348143518675,"Unadjusted"
450,"4000",6.77820008299756,"Unadjusted"
451,"4000",8.56098469856185,"Unadjusted"
452,"4000",6.23291448836039,"Unadjusted"
453,"4000",6.28642835486315,"Unadjusted"
454,"4000",7.5299765712664,"Unadjusted"
455,"4000",5.1994457743789,"Unadjusted"
456,"4000",4.58798509694783,"Unadjusted"
457,"4000",8.22128978083015,"Unadjusted"
458,"4000",7.54666873103669,"Unadjusted"
459,"4000",4.88577562957481,"Unadjusted"
460,"4000",6.86223119145316,"Unadjusted"
461,"4000",6.78125488461872,"Unadjusted"
462,"4000",7.57656154168434,"Unadjusted"
463,"4000",6.76011322256263,"Unadjusted"
464,"4000",5.73285023277318,"Unadjusted"
465,"4000",5.86440071874459,"Unadjusted"
466,"4000",6.45873314014508,"Unadjusted"
467,"4000",4.76984017025851,"Unadjusted"
468,"4000",5.17094639954734,"Unadjusted"
469,"4000",7.19525316401708,"Unadjusted"
470,"4000",6.4182425793155,"Unadjusted"
471,"4000",9.44586997000614,"Unadjusted"
472,"4000",6.45367104851528,"Unadjusted"
473,"4000",10.3095863158788,"Unadjusted"
474,"4000",7.53815791332586,"Unadjusted"
475,"4000",5.46548298845719,"Unadjusted"
476,"4000",7.2026752039694,"Unadjusted"
477,"4000",5.67575795509424,"Unadjusted"
478,"4000",6.42553804807556,"Unadjusted"
479,"4000",5.58683455869634,"Unadjusted"
480,"4000",6.35952523748885,"Unadjusted"
481,"4000",7.28754948363227,"Unadjusted"
482,"4000",8.20047597774418,"Unadjusted"
483,"4000",7.41985607193117,"Unadjusted"
484,"4000",6.87928542391744,"Unadjusted"
485,"4000",7.06245684227938,"Unadjusted"
486,"4000",6.18221494346923,"Unadjusted"
487,"4000",7.87173443512622,"Unadjusted"
488,"4000",6.40219707661421,"Unadjusted"
489,"4000",6.22794145936273,"Unadjusted"
490,"4000",4.9104992936392,"Unadjusted"
491,"4000",7.54605222422003,"Unadjusted"
492,"4000",4.92124793308473,"Unadjusted"
493,"4000",5.9225763900609,"Unadjusted"
494,"4000",9.82992447530023,"Unadjusted"
495,"4000",13.049402366978,"Unadjusted"
496,"4000",5.43512944564647,"Unadjusted"
497,"4000",6.25313573808792,"Unadjusted"
498,"4000",6.06654872406023,"Unadjusted"
499,"4000",7.94311925373719,"Unadjusted"
500,"4000",8.66601741113891,"Unadjusted"
501,"4000",7.46726590672288,"Unadjusted"
502,"4000",8.67961857370415,"Unadjusted"
503,"4000",5.14435119296173,"Unadjusted"
504,"4000",5.69893165346255,"Unadjusted"
505,"4000",6.28454675566116,"Unadjusted"
506,"4000",9.42032017032575,"Unadjusted"
507,"4000",9.27765176283666,"Unadjusted"
508,"4000",6.67882574664232,"Unadjusted"
509,"4000",7.2967666619462,"Unadjusted"
510,"4000",4.82540505927926,"Unadjusted"
511,"4000",8.252712244297,"Unadjusted"
512,"4000",6.58982749859663,"Unadjusted"
513,"4000",7.30020571977164,"Unadjusted"
514,"4000",10.9653364835199,"Unadjusted"
515,"4000",5.85054243353712,"Unadjusted"
516,"4000",4.7454818564326,"Unadjusted"
517,"4000",5.39304654558858,"Unadjusted"
518,"4000",8.69717925476701,"Unadjusted"
519,"4000",7.05777535163256,"Unadjusted"
520,"4000",6.55432861592499,"Unadjusted"
521,"4000",6.49780012586933,"Unadjusted"
522,"4000",6.83036112853572,"Unadjusted"
523,"4000",5.37772015110208,"Unadjusted"
524,"4000",7.16279795487441,"Unadjusted"
525,"4000",8.27822196483277,"Unadjusted"
526,"4000",8.89798669864684,"Unadjusted"
527,"4000",7.25701895854854,"Unadjusted"
528,"4000",5.51658260666116,"Unadjusted"
529,"4000",6.42760496973389,"Unadjusted"
530,"4000",6.32906365412714,"Unadjusted"
531,"4000",6.86982811711286,"Unadjusted"
532,"4000",5.51395706431734,"Unadjusted"
533,"4000",7.93386874757014,"Unadjusted"
534,"4000",8.75664278121961,"Unadjusted"
535,"4000",6.20428908758862,"Unadjusted"
536,"4000",6.98404667091069,"Unadjusted"
537,"4000",5.35482321504482,"Unadjusted"
538,"4000",4.59515183804229,"Unadjusted"
539,"4000",8.14908723274734,"Unadjusted"
540,"4000",5.35733611070724,"Unadjusted"
541,"4000",7.80251405155665,"Unadjusted"
542,"4000",5.76380439472104,"Unadjusted"
543,"4000",7.0579962815587,"Unadjusted"
544,"4000",6.1847875847061,"Unadjusted"
545,"4000",7.0963242934064,"Unadjusted"
546,"4000",8.43446464057893,"Unadjusted"
547,"4000",6.086905886281,"Unadjusted"
548,"4000",7.41755829840496,"Unadjusted"
549,"4000",4.97434502887442,"Unadjusted"
550,"4000",6.07001291776374,"Unadjusted"
551,"4000",8.10792980610548,"Unadjusted"
552,"4000",6.06513901538465,"Unadjusted"
553,"4000",8.0160178943897,"Unadjusted"
554,"4000",6.3744956440323,"Unadjusted"
555,"4000",6.14652654625301,"Unadjusted"
556,"4000",5.45845371483446,"Unadjusted"
557,"4000",7.46074220048599,"Unadjusted"
558,"4000",9.31760114862475,"Unadjusted"
559,"4000",6.7292266294334,"Unadjusted"
560,"4000",5.14355561255903,"Unadjusted"
561,"4000",8.35337465952635,"Unadjusted"
562,"4000",5.04826367478979,"Unadjusted"
563,"4000",6.31012696341454,"Unadjusted"
564,"4000",6.34636331511106,"Unadjusted"
565,"4000",6.90589893239406,"Unadjusted"
566,"4000",11.4557046414837,"Unadjusted"
567,"4000",7.49623750481764,"Unadjusted"
568,"4000",5.20010816994835,"Unadjusted"
569,"4000",7.12253678038217,"Unadjusted"
570,"4000",4.91079075198957,"Unadjusted"
571,"4000",7.44653516319464,"Unadjusted"
572,"4000",8.10582928013598,"Unadjusted"
573,"4000",7.34613527323498,"Unadjusted"
574,"4000",10.8187611710952,"Unadjusted"
575,"4000",5.66881598445579,"Unadjusted"
576,"4000",8.95285787448812,"Unadjusted"
577,"4000",6.4247596478408,"Unadjusted"
578,"4000",5.98554338175203,"Unadjusted"
579,"4000",8.4560843433397,"Unadjusted"
580,"4000",6.03700724029316,"Unadjusted"
581,"4000",5.32682341223218,"Unadjusted"
582,"4000",8.90751778126136,"Unadjusted"
583,"4000",6.79399086920443,"Unadjusted"
584,"4000",5.11353772657279,"Unadjusted"
585,"4000",7.14055512587585,"Unadjusted"
586,"4000",7.0710264843843,"Unadjusted"
587,"4000",9.06909830456033,"Unadjusted"
588,"4000",5.3825155001436,"Unadjusted"
589,"4000",8.12376634641133,"Unadjusted"
590,"4000",7.35854888293367,"Unadjusted"
591,"4000",6.59997808812034,"Unadjusted"
592,"4000",6.56008292534399,"Unadjusted"
593,"4000",6.46193564953851,"Unadjusted"
594,"4000",6.47080214806228,"Unadjusted"
595,"4000",10.5736100777333,"Unadjusted"
596,"4000",5.54550207245783,"Unadjusted"
597,"4000",9.04517452513221,"Unadjusted"
598,"4000",6.662358029126,"Unadjusted"
599,"4000",7.85315387112921,"Unadjusted"
600,"4000",6.6533983851791,"Unadjusted"
601,"4000",6.70283448397583,"Unadjusted"
602,"4000",6.08468720894379,"Unadjusted"
603,"4000",6.46693435907863,"Unadjusted"
604,"4000",7.38549432645575,"Unadjusted"
605,"4000",6.89514817028345,"Unadjusted"
606,"4000",7.60903577925609,"Unadjusted"
607,"4000",6.11199431348735,"Unadjusted"
608,"4000",7.86258498554212,"Unadjusted"
609,"4000",5.84724391786296,"Unadjusted"
610,"4000",5.72396193971946,"Unadjusted"
611,"4000",10.2877295467905,"Unadjusted"
612,"4000",6.42259762519805,"Unadjusted"
613,"4000",6.03652705053065,"Unadjusted"
614,"4000",8.50841255502158,"Unadjusted"
615,"4000",5.03629780181423,"Unadjusted"
616,"4000",4.5137611422002,"Unadjusted"
617,"4000",5.47296425442049,"Unadjusted"
618,"4000",6.09375010799679,"Unadjusted"
619,"4000",6.84658211231146,"Unadjusted"
620,"4000",5.66146627301879,"Unadjusted"
621,"4000",7.91316043600344,"Unadjusted"
622,"4000",6.37149491600799,"Unadjusted"
623,"4000",5.92270344517803,"Unadjusted"
624,"4000",4.91072243622491,"Unadjusted"
625,"4000",5.93302958883865,"Unadjusted"
626,"4000",5.23082483466372,"Unadjusted"
627,"4000",5.05166655190265,"Unadjusted"
628,"4000",7.41801157418611,"Unadjusted"
629,"4000",5.84617485856762,"Unadjusted"
630,"4000",8.00492035674282,"Unadjusted"
631,"4000",6.60185356646855,"Unadjusted"
632,"4000",5.52366949915167,"Unadjusted"
633,"4000",6.46781362458632,"Unadjusted"
634,"4000",6.84426678800303,"Unadjusted"
635,"4000",5.8082493489733,"Unadjusted"
636,"4000",5.07489420898556,"Unadjusted"
637,"4000",6.5947659212857,"Unadjusted"
638,"4000",7.64839090583066,"Unadjusted"
639,"4000",5.05155661476823,"Unadjusted"
640,"4000",4.71803425318038,"Unadjusted"
641,"4000",5.89578678124847,"Unadjusted"
642,"4000",5.66569902528818,"Unadjusted"
643,"4000",5.09052577820871,"Unadjusted"
644,"4000",5.1515772240152,"Unadjusted"
645,"4000",8.40406103022818,"Unadjusted"
646,"4000",6.54577494809543,"Unadjusted"
647,"4000",5.74372811867039,"Unadjusted"
648,"4000",6.12066064275776,"Unadjusted"
649,"4000",4.80668683985521,"Unadjusted"
650,"4000",6.8939926186039,"Unadjusted"
651,"4000",7.42636413325732,"Unadjusted"
652,"4000",10.9451742151472,"Unadjusted"
653,"4000",7.79991998961046,"Unadjusted"
654,"4000",5.71212349138398,"Unadjusted"
655,"4000",8.42867424338943,"Unadjusted"
656,"4000",6.21173643467509,"Unadjusted"
657,"4000",5.74127075404015,"Unadjusted"
658,"4000",5.41100213444721,"Unadjusted"
659,"4000",7.13055968310637,"Unadjusted"
660,"4000",8.40006500997045,"Unadjusted"
661,"4000",4.79807825245705,"Unadjusted"
662,"4000",5.72246805376817,"Unadjusted"
663,"4000",6.18902419992737,"Unadjusted"
664,"4000",6.77072024362943,"Unadjusted"
665,"4000",8.33613467173585,"Unadjusted"
666,"4000",6.27933412027456,"Unadjusted"
667,"4000",5.23939781557507,"Unadjusted"
668,"4000",6.64936287725113,"Unadjusted"
669,"4000",7.32975744041238,"Unadjusted"
670,"4000",6.04689087037043,"Unadjusted"
671,"4000",6.86945040638905,"Unadjusted"
672,"4000",6.99872736157991,"Unadjusted"
673,"4000",7.06968403414963,"Unadjusted"
674,"4000",6.17685844929571,"Unadjusted"
675,"4000",5.47261116358209,"Unadjusted"
676,"4000",5.77217520773535,"Unadjusted"
677,"4000",5.09724563723565,"Unadjusted"
678,"4000",6.48445394674857,"Unadjusted"
679,"4000",6.76582972199422,"Unadjusted"
680,"4000",6.22004457189473,"Unadjusted"
681,"4000",6.04263688095433,"Unadjusted"
682,"4000",5.70413040195024,"Unadjusted"
683,"4000",6.30330679528678,"Unadjusted"
684,"4000",6.42650841092174,"Unadjusted"
685,"4000",5.98167096965432,"Unadjusted"
686,"4000",5.80252963616394,"Unadjusted"
687,"4000",5.50987320398918,"Unadjusted"
688,"4000",6.25354324372381,"Unadjusted"
689,"4000",6.74664342976995,"Unadjusted"
690,"4000",6.27286106519951,"Unadjusted"
691,"4000",6.2569683308929,"Unadjusted"
692,"4000",5.12689693581283,"Unadjusted"
693,"4000",6.1806463988766,"Unadjusted"
694,"4000",9.18311210105031,"Unadjusted"
695,"4000",6.93956287524055,"Unadjusted"
696,"4000",4.9040352021078,"Unadjusted"
697,"4000",6.86140900374651,"Unadjusted"
698,"4000",6.01421782624738,"Unadjusted"
699,"4000",4.55454360635678,"Unadjusted"
700,"4000",10.9139522446796,"Unadjusted"
701,"4000",7.87332593411716,"Unadjusted"
702,"4000",7.24052336442545,"Unadjusted"
703,"4000",5.94882369231351,"Unadjusted"
704,"4000",6.34305398817923,"Unadjusted"
705,"4000",7.09538406819591,"Unadjusted"
706,"4000",7.07828458040991,"Unadjusted"
707,"4000",6.62240715536849,"Unadjusted"
708,"4000",6.93199928974524,"Unadjusted"
709,"4000",6.7777175654885,"Unadjusted"
710,"4000",5.11140784855064,"Unadjusted"
711,"4000",9.27326732752002,"Unadjusted"
712,"4000",6.00354605222293,"Unadjusted"
713,"4000",4.54672320858819,"Unadjusted"
714,"4000",7.04341063164119,"Unadjusted"
715,"4000",7.13229523192928,"Unadjusted"
716,"4000",6.12820075546923,"Unadjusted"
717,"4000",6.5863334590178,"Unadjusted"
718,"4000",6.23676100720632,"Unadjusted"
719,"4000",5.9572024396743,"Unadjusted"
720,"4000",8.72705234132832,"Unadjusted"
721,"4000",9.39306819972245,"Unadjusted"
722,"4000",6.68127462873044,"Unadjusted"
723,"4000",4.80131110645474,"Unadjusted"
724,"4000",5.12160450951426,"Unadjusted"
725,"4000",7.70330552424161,"Unadjusted"
726,"4000",5.51079886857795,"Unadjusted"
727,"4000",6.14235109909286,"Unadjusted"
728,"4000",5.03286876694941,"Unadjusted"
729,"4000",5.25695756204986,"Unadjusted"
730,"4000",6.8106712273397,"Unadjusted"
731,"4000",6.26590243801177,"Unadjusted"
732,"4000",6.04650903513663,"Unadjusted"
733,"4000",5.2923521322433,"Unadjusted"
734,"4000",8.50472052377914,"Unadjusted"
735,"4000",6.66554563252927,"Unadjusted"
736,"4000",6.10846992989573,"Unadjusted"
737,"4000",6.83190019855109,"Unadjusted"
738,"4000",8.85011224263591,"Unadjusted"
739,"4000",5.91437005127235,"Unadjusted"
740,"4000",7.25750163809542,"Unadjusted"
741,"4000",6.65716613626279,"Unadjusted"
742,"4000",12.3166339168314,"Unadjusted"
743,"4000",9.25818448890271,"Unadjusted"
744,"4000",6.8336995976898,"Unadjusted"
745,"4000",5.45267445882586,"Unadjusted"
746,"4000",6.77159041083135,"Unadjusted"
747,"4000",6.14288691568684,"Unadjusted"
748,"4000",8.33142771534579,"Unadjusted"
749,"4000",6.06600636509412,"Unadjusted"
750,"4000",4.83275374034418,"Unadjusted"
751,"4000",7.24632050499779,"Unadjusted"
752,"4000",8.5478386015689,"Unadjusted"
753,"4000",8.08385481695786,"Unadjusted"
754,"4000",6.20585353332371,"Unadjusted"
755,"4000",4.96795867818172,"Unadjusted"
756,"4000",10.8750711187894,"Unadjusted"
757,"4000",6.87824551774104,"Unadjusted"
758,"4000",5.32437597254217,"Unadjusted"
759,"4000",5.79411999260763,"Unadjusted"
760,"4000",5.58124299749001,"Unadjusted"
761,"4000",6.35399567784952,"Unadjusted"
762,"4000",7.6667925446111,"Unadjusted"
763,"4000",5.83126636236956,"Unadjusted"
764,"4000",6.2518242320157,"Unadjusted"
765,"4000",6.7399633854625,"Unadjusted"
766,"4000",7.65563852479364,"Unadjusted"
767,"4000",11.7927783667162,"Unadjusted"
768,"4000",5.87819005707904,"Unadjusted"
769,"4000",5.53826972552573,"Unadjusted"
770,"4000",6.08977994459286,"Unadjusted"
771,"4000",7.10801282409543,"Unadjusted"
772,"4000",5.97120259640566,"Unadjusted"
773,"4000",5.48905208717398,"Unadjusted"
774,"4000",8.69900324707263,"Unadjusted"
775,"4000",5.82747443578999,"Unadjusted"
776,"4000",10.2365300483261,"Unadjusted"
777,"4000",4.81917443664873,"Unadjusted"
778,"4000",8.75222633207899,"Unadjusted"
779,"4000",6.68784551337092,"Unadjusted"
780,"4000",5.41862036766887,"Unadjusted"
781,"4000",8.05128912342015,"Unadjusted"
782,"4000",5.9804194179127,"Unadjusted"
783,"4000",6.9578255461206,"Unadjusted"
784,"4000",5.09400648864617,"Unadjusted"
785,"4000",4.97587255879702,"Unadjusted"
786,"4000",6.52730712302521,"Unadjusted"
787,"4000",7.71707291171614,"Unadjusted"
788,"4000",6.75090850944724,"Unadjusted"
789,"4000",7.56181598374392,"Unadjusted"
790,"4000",7.19084894863059,"Unadjusted"
791,"4000",5.49382574312734,"Unadjusted"
792,"4000",6.56459440244978,"Unadjusted"
793,"4000",6.75644913849202,"Unadjusted"
794,"4000",7.83185907555205,"Unadjusted"
795,"4000",6.40270738599721,"Unadjusted"
796,"4000",6.22837127727203,"Unadjusted"
797,"4000",5.60762717364184,"Unadjusted"
798,"4000",6.63952722068165,"Unadjusted"
799,"4000",4.95568258295886,"Unadjusted"
800,"4000",7.73779226257195,"Unadjusted"
801,"4000",6.04547783588764,"Unadjusted"
802,"4000",8.47704641748844,"Unadjusted"
803,"4000",6.63305005996409,"Unadjusted"
804,"4000",4.93244315615006,"Unadjusted"
805,"4000",5.28912386685304,"Unadjusted"
806,"4000",6.42399595708213,"Unadjusted"
807,"4000",6.54880179958223,"Unadjusted"
808,"4000",6.32148400309439,"Unadjusted"
809,"4000",7.76983389734524,"Unadjusted"
810,"4000",6.78978693770851,"Unadjusted"
811,"4000",5.37502926014555,"Unadjusted"
812,"4000",7.6765157156676,"Unadjusted"
813,"4000",7.69695648212461,"Unadjusted"
814,"4000",9.4529416364205,"Unadjusted"
815,"4000",9.13220455519438,"Unadjusted"
816,"4000",6.69201993220012,"Unadjusted"
817,"4000",6.68572063688156,"Unadjusted"
818,"4000",6.46604421346696,"Unadjusted"
819,"4000",8.64355181004946,"Unadjusted"
820,"4000",10.4538955778395,"Unadjusted"
821,"4000",5.07530944051067,"Unadjusted"
822,"4000",5.88871156825589,"Unadjusted"
823,"4000",6.38336280174477,"Unadjusted"
824,"4000",5.68392369476848,"Unadjusted"
825,"4000",7.10515317605581,"Unadjusted"
826,"4000",6.51158001916398,"Unadjusted"
827,"4000",5.4944873281499,"Unadjusted"
828,"4000",6.40970930215071,"Unadjusted"
829,"4000",4.95851615326081,"Unadjusted"
830,"4000",6.48532846101035,"Unadjusted"
831,"4000",6.19288038377248,"Unadjusted"
832,"4000",5.94233577979294,"Unadjusted"
833,"4000",5.4196987479943,"Unadjusted"
834,"4000",5.59777414304266,"Unadjusted"
835,"4000",7.72180351888198,"Unadjusted"
836,"4000",6.76606391122156,"Unadjusted"
837,"4000",6.36498504219183,"Unadjusted"
838,"4000",9.43744361243615,"Unadjusted"
839,"4000",7.60648811998882,"Unadjusted"
840,"4000",5.62126927623758,"Unadjusted"
841,"4000",5.19933493472072,"Unadjusted"
842,"4000",8.09492464183707,"Unadjusted"
843,"4000",9.81242250456943,"Unadjusted"
844,"4000",5.66410402664603,"Unadjusted"
845,"4000",7.76642846833577,"Unadjusted"
846,"4000",6.13493323141309,"Unadjusted"
847,"4000",9.09903287819807,"Unadjusted"
848,"4000",5.20006545445973,"Unadjusted"
849,"4000",6.76251859895574,"Unadjusted"
850,"4000",5.47983047821809,"Unadjusted"
851,"4000",5.29189970215206,"Unadjusted"
852,"4000",5.47780093720059,"Unadjusted"
853,"4000",6.05515952779963,"Unadjusted"
854,"4000",6.08412305803537,"Unadjusted"
855,"4000",6.75267267679248,"Unadjusted"
856,"4000",8.18257573606297,"Unadjusted"
857,"4000",5.72284326000059,"Unadjusted"
858,"4000",7.06866435056744,"Unadjusted"
859,"4000",7.15030959165523,"Unadjusted"
860,"4000",5.32949789843602,"Unadjusted"
861,"4000",6.73813770460281,"Unadjusted"
862,"4000",7.23795692850546,"Unadjusted"
863,"4000",5.72654592121589,"Unadjusted"
864,"4000",5.16823325561454,"Unadjusted"
865,"4000",5.4160852239647,"Unadjusted"
866,"4000",4.86649740801041,"Unadjusted"
867,"4000",7.5525968291629,"Unadjusted"
868,"4000",8.30189205761305,"Unadjusted"
869,"4000",7.42738898966234,"Unadjusted"
870,"4000",6.83405650228415,"Unadjusted"
871,"4000",7.55759036512008,"Unadjusted"
872,"4000",5.94833044407166,"Unadjusted"
873,"4000",5.71532118855605,"Unadjusted"
874,"4000",6.16234687930182,"Unadjusted"
875,"4000",6.02920919338677,"Unadjusted"
876,"4000",5.43234779733013,"Unadjusted"
877,"4000",7.33814400121235,"Unadjusted"
878,"4000",5.66687376842798,"Unadjusted"
879,"4000",6.14706832366291,"Unadjusted"
880,"4000",6.58546435910134,"Unadjusted"
881,"4000",6.90868548267925,"Unadjusted"
882,"4000",9.00708236674983,"Unadjusted"
883,"4000",8.15454876652454,"Unadjusted"
884,"4000",6.05363360388866,"Unadjusted"
885,"4000",7.27016759569931,"Unadjusted"
886,"4000",8.97638978343912,"Unadjusted"
887,"4000",7.74239374737643,"Unadjusted"
888,"4000",5.35502475841018,"Unadjusted"
889,"4000",4.82878158830767,"Unadjusted"
890,"4000",5.71513087993179,"Unadjusted"
891,"4000",9.44647419277071,"Unadjusted"
892,"4000",6.06241076584694,"Unadjusted"
893,"4000",5.55525114266717,"Unadjusted"
894,"4000",6.30422763666571,"Unadjusted"
895,"4000",5.33749814491739,"Unadjusted"
896,"4000",9.12810251807953,"Unadjusted"
897,"4000",6.47792343069952,"Unadjusted"
898,"4000",6.77726098528335,"Unadjusted"
899,"4000",5.61041596608041,"Unadjusted"
900,"4000",6.64616318563608,"Unadjusted"
901,"4000",7.02995486808642,"Unadjusted"
902,"4000",5.11692872395418,"Unadjusted"
903,"4000",5.39340170270732,"Unadjusted"
904,"4000",8.66455442405691,"Unadjusted"
905,"4000",5.18198879721296,"Unadjusted"
906,"4000",5.93020597163472,"Unadjusted"
907,"4000",11.5170578203242,"Unadjusted"
908,"4000",8.60700769706273,"Unadjusted"
909,"4000",6.45211763529556,"Unadjusted"
910,"4000",8.12872434035976,"Unadjusted"
911,"4000",6.30604668136293,"Unadjusted"
912,"4000",9.00308080558568,"Unadjusted"
913,"4000",5.29088778320915,"Unadjusted"
914,"4000",10.8583627260618,"Unadjusted"
915,"4000",6.3513894443649,"Unadjusted"
916,"4000",7.33214388145955,"Unadjusted"
917,"4000",7.53658633372387,"Unadjusted"
918,"4000",5.96561231330376,"Unadjusted"
919,"4000",5.91116548438241,"Unadjusted"
920,"4000",9.38079708037792,"Unadjusted"
921,"4000",7.87338955491243,"Unadjusted"
922,"4000",8.49094253090955,"Unadjusted"
923,"4000",6.92385600547847,"Unadjusted"
924,"4000",6.45179003985423,"Unadjusted"
925,"4000",8.70714810111896,"Unadjusted"
926,"4000",8.46649546875405,"Unadjusted"
927,"4000",6.03797827763523,"Unadjusted"
928,"4000",6.82223341325254,"Unadjusted"
929,"4000",7.85871188209121,"Unadjusted"
930,"4000",6.67985532444226,"Unadjusted"
931,"4000",7.6408374129682,"Unadjusted"
932,"4000",8.67461516439973,"Unadjusted"
933,"4000",6.44102151792017,"Unadjusted"
934,"4000",4.82408114538323,"Unadjusted"
935,"4000",6.20094607545064,"Unadjusted"
936,"4000",8.89015725029815,"Unadjusted"
937,"4000",7.04493091113014,"Unadjusted"
938,"4000",6.75009880780331,"Unadjusted"
939,"4000",7.05459773193787,"Unadjusted"
940,"4000",5.08591880211211,"Unadjusted"
941,"4000",6.88221435588832,"Unadjusted"
942,"4000",6.5162487114637,"Unadjusted"
943,"4000",8.08415463462998,"Unadjusted"
944,"4000",6.13597197498736,"Unadjusted"
945,"4000",5.30656991943068,"Unadjusted"
946,"4000",7.81935096599429,"Unadjusted"
947,"4000",4.84294102961319,"Unadjusted"
948,"4000",11.8171207343952,"Unadjusted"
949,"4000",6.57515798372916,"Unadjusted"
950,"4000",7.36366108415137,"Unadjusted"
951,"4000",5.60257923876814,"Unadjusted"
952,"4000",6.17344956542745,"Unadjusted"
953,"4000",6.35517159893553,"Unadjusted"
954,"4000",7.40075072496378,"Unadjusted"
955,"4000",5.56366672302798,"Unadjusted"
956,"4000",7.96946876140454,"Unadjusted"
957,"4000",6.49765190573384,"Unadjusted"
958,"4000",6.62910133886411,"Unadjusted"
959,"4000",4.85255409312852,"Unadjusted"
960,"4000",9.1779962921604,"Unadjusted"
961,"4000",7.94000867982375,"Unadjusted"
962,"4000",6.15868620231437,"Unadjusted"
963,"4000",8.20055007939674,"Unadjusted"
964,"4000",6.39667932571433,"Unadjusted"
965,"4000",7.42399755084314,"Unadjusted"
966,"4000",6.16608144985121,"Unadjusted"
967,"4000",6.89848300166166,"Unadjusted"
968,"4000",8.63205402077441,"Unadjusted"
969,"4000",6.46190758445747,"Unadjusted"
970,"4000",7.14654300978849,"Unadjusted"
971,"4000",5.93990346072864,"Unadjusted"
972,"4000",5.37640113805607,"Unadjusted"
973,"4000",7.24700056678358,"Unadjusted"
974,"4000",5.78222510380227,"Unadjusted"
975,"4000",7.46866998278323,"Unadjusted"
976,"4000",5.67748842362113,"Unadjusted"
977,"4000",6.00016173873229,"Unadjusted"
978,"4000",6.32869861162453,"Unadjusted"
979,"4000",8.55932526625888,"Unadjusted"
980,"4000",5.9496692257852,"Unadjusted"
981,"4000",4.57328422007641,"Unadjusted"
982,"4000",8.0169069478341,"Unadjusted"
983,"4000",7.45621377616716,"Unadjusted"
984,"4000",7.22393024380009,"Unadjusted"
985,"4000",5.1340030900996,"Unadjusted"
986,"4000",8.59073115584443,"Unadjusted"
987,"4000",7.29740726321521,"Unadjusted"
988,"4000",6.29335839596348,"Unadjusted"
989,"4000",6.17386932490514,"Unadjusted"
990,"4000",8.67943731171024,"Unadjusted"
991,"4000",6.82162928477773,"Unadjusted"
992,"4000",8.69322296131928,"Unadjusted"
993,"4000",6.99156798186809,"Unadjusted"
994,"4000",5.33028722499859,"Unadjusted"
995,"4000",7.88850148017151,"Unadjusted"
996,"4000",6.16938894524533,"Unadjusted"
997,"4000",7.11677016202619,"Unadjusted"
998,"4000",6.48873409503716,"Unadjusted"
999,"4000",8.86664118457581,"Unadjusted"
1000,"4000",8.69816648688855,"Unadjusted"
