"X1","X2","X3","X4","X5","X6","X7","X8"
2.15483928287487,7.25090505805998,0.762669213149981,16.3699015659897,3.70395782496071,7.90247246415615,4.59053618135842,13.7459558946015
NA,NA,-0.9213133317028,18.7276673201241,1.99727487777451,7.94872377427528,4.41186322738806,10.8695164402585
0.833099695917739,11.7361554966904,3.07458253547325,7.35221989235532,2.74452108744527,9.63921724253935,4.23983788895945,13.1961707571567
-4.1639385654518,18.6643630691653,0.923181324130691,13.1541517201413,3.76968016520647,10.0814357863823,3.89304387914366,9.21497574454333
-5.67396642223608,22.3169229457792,NA,NA,2.37297428038226,14.225041078652,3.78420767974322,11.4407479257965
-3.53309402590248,23.0031368830116,1.61447660231243,13.5165042349636,2.58376077130227,10.6482460352847,3.88822255695879,16.6577442988748
2.19642507757083,6.11474266940814,-55.7065764904318,105.702449150393,3.60825002597359,9.52880287358481,2.81439172969541,21.6671246919892
-3.62896450106552,21.5193234672356,2.08483968851476,10.4056562779385,-1.68776137671101,27.9697714699617,4.01702857592256,15.2768254445484
-39.039378063789,77.5218720655294,0.637457498459705,13.0935042776017,0.210409759259537,24.9922565702244,3.31730992725248,21.8528320338931
-22.6234689597005,49.9158937189816,NA,NA,1.87664320966556,17.1245235859959,4.72514202902819,13.5542899874368
-2.9818362894301,20.6740690687799,1.95241454809603,11.6796137482083,3.54918512939711,9.00886083103668,4.19743138504344,16.4247394280069
-4.7107639438138,19.7048936506109,0.626442374245438,13.7508503881759,-2.0606782802528,26.6444122953128,4.09088459115105,8.60811133648529
-0.498442676299536,11.6872688574225,2.14655673725927,7.48616923700787,3.42245040310865,10.6230937358654,4.44363171093041,9.98684064743909
2.10109491665567,8.26374796930993,-9.93759510916747,33.7666005340987,2.45218685371801,8.77615918603536,4.20549662638034,17.5747397238896
-185.144428009303,255.112387564019,1.31335481811206,11.1113264893262,3.53691069633094,8.14364903500163,3.62539431989646,7.61698274812583
-144.5994759244,90.2906610735544,0.823622695206648,15.3430042358389,2.28186876940335,18.275747862729,3.82637358347697,14.5413988507897
-7.29651024162939,27.1782605806328,0.920220560302717,14.7224925075386,2.12185780209197,6.78458221465248,3.88462622538183,7.22885639707622
-39.0337993761152,67.3648891474751,-3.83663797332093,26.7667939760445,2.37241965594473,14.8582696342975,2.87032403870786,20.4840766097944
-105.964090880802,162.822089457365,2.13978552861536,8.50966884442852,3.09731773427751,11.5787728714162,4.21608991138304,14.8742646928257
0.680433198939487,14.4832001779704,1.42406320764505,13.1998137096579,2.14301219462161,16.8135541673728,3.35298630398013,20.3098207983326
1.79048773289317,12.3256356657837,-0.711007932097004,9.64429022173764,2.62602202142183,15.5159040990667,4.05656306070343,8.47622633410626
-46.8402886509273,17.4481387680974,-15.878313068725,52.0226689026505,2.29669207014481,10.6846912908581,1.06462860479942,32.1594852755129
-5.14652231824842,28.0329812707908,0.288129056328506,18.114279119593,0.959472082106457,23.0638239613144,4.45647461983398,15.4546591789096
-13.7067990904208,38.0351616204103,1.81241453566891,12.0934439919069,2.38227111668695,16.1293744196454,4.22549015526174,9.13577281953891
1.2710560241184,11.0286652549548,2.85704736092819,7.9594735878987,-34.2337733871892,87.8431662519616,3.88264431559353,7.88409571868238
-4.79125605509167,23.7719441790862,-6.44800494386402,30.7982290763874,3.21137468672741,10.8689228203375,3.43612730020419,6.31447559397469
0.564688705015603,7.99156181839056,2.78495072282347,9.24902183123349,3.58187594112274,6.74398583781132,4.09293405355071,17.6290918655456
-96.6524516243766,145.829011165834,NA,NA,3.26698240939121,10.4009397737133,4.86791095485577,12.5926228349877
NA,NA,-4.37415746855841,22.3076436599725,-2.9347993774929,29.2379166801406,4.0928055272723,9.50565268032572
-11.9271194587898,39.0637315403524,-74.6755220934618,139.164598056965,-4.27265530212189,34.1759142855306,4.12960167342033,12.08334437448
1.62068227370576,6.9925185787818,NA,NA,3.3662262935449,10.244211592914,2.84574718187721,25.5785340648455
-40.154329639706,77.0318950457209,-3.94694078574077,29.6390467446832,3.20648702999437,11.7173236153749,2.85450503581314,25.6015234478406
2.00188400885281,7.76699789342951,-1.26971585536663,22.8088623742682,2.72693193456714,8.93876122864816,4.31283715607878,12.1716855724352
NA,NA,-0.796928843339305,19.9969890856897,3.70327618551311,11.7308553742473,4.44431651155382,12.2800229310206
-0.011769031213035,12.8645693831422,-2.82206371015129,28.5424729144517,3.07475238796511,12.7987873692571,4.18672525606885,12.7001372269486
-3.71663626675375,14.2588949417648,0.747962539650995,16.3554519733118,2.84056215280727,14.9631984263672,3.11498523546697,23.9546878962165
NA,NA,1.99886456749711,14.1765496454828,2.89607702459241,9.60851226522481,3.93874878882499,6.50003836379637
1.003280798463,8.61721583687683,1.54000749441815,11.1356840498484,3.13064575339221,10.7714079256907,3.4868557871857,20.7981125627671
-63.0943226967908,113.582466441222,-1734.44283466448,1504.45089895628,1.99438323458113,15.3812306121831,4.25058988837508,7.96119325544892
NA,NA,-1.8584239718084,22.6226530214785,3.18532085240395,6.63793171550236,3.29520657328051,17.9979383673526
-706.916956073899,852.492320163166,-3.50784644132225,25.9266753202366,1.65736858356926,17.4621598830676,3.41618342847082,11.8982709897531
NA,NA,2.50850001863434,11.4463788105792,2.43692307883315,13.2916360264937,4.18422205266722,11.8772615685112
-32.4854943765315,69.545484064639,-4.47313948494587,26.40097166553,3.40373258232784,9.82285190770228,2.92896506939944,25.7854103324665
NA,NA,-131448.290937414,131458.792033963,2.91078727780251,11.1609018591636,3.9352772815013,11.4483281489105
-10.0868327924747,34.9207732904657,3.05185367480768,8.62688298594553,3.32247948081653,12.3069843332389,3.44783203791436,6.68446190346428
NA,NA,-610.562272298031,759.370599623605,3.14023217485737,9.24166378484587,3.93711473045729,11.2481746400674
-89.2989567751495,45.405897682012,1.63569896081709,11.3701097530671,1.03494947443839,21.0867600514161,4.10631777626703,9.45476512714281
1.23698604982959,9.42930242620712,1.34557448590412,12.6701259718224,3.52427932744464,10.275737708041,4.15670415117313,17.6636661057818
NA,NA,1.02035432869841,14.0533635012633,3.39883514240956,12.5678240280818,4.73006194952784,16.0734959606357
1.71570510590694,10.0231794672178,2.00360095100495,8.68151883931327,-1.35955286694589,31.5110275502647,4.24140243394235,8.94736606866263
NA,NA,-11.80380564572,43.4925015412238,2.38455334822916,19.7734388278732,4.33523528201765,9.63827769130303
0.658907908044565,11.448873771224,1.77248018931157,10.4684419850238,2.86645235657773,13.8059738314032,3.9222023347046,8.35948297354134
NA,NA,-0.449309201513592,11.244709549793,-609.595219307734,786.535832635201,4.03327162454696,10.3969053226027
-19.6027507936279,49.8503034480063,-31.9484054959047,76.6742750179859,2.80715938177208,12.493127804498,4.17909540547354,10.6984176503654
NA,NA,1.24594661259503,14.6273162189534,2.10354880508326,15.6047690053599,4.02710660302161,16.31320281616
-19971.647829682,19989.5070084352,-66.5185713069449,120.799934938541,1.93947257949398,12.1071274108527,4.29028669412604,10.1501959602243
2.15593806748825,10.1419466300096,1.2146096451093,16.4136183746748,3.90593992975353,8.37687092110961,4.32468750893696,16.1478226881313
1.65470670243974,12.6065615093853,1.34203373795207,13.16041105781,0.59306498590915,20.0553686289303,4.12245553915861,13.1200475595019
-17.1401532466231,43.9023536484374,1.08180239488051,12.5167114613936,2.86519048728421,8.69965864166726,4.62249381805778,13.2092376823246
NA,NA,-0.278615794206553,20.1997631340293,2.64693394867546,14.1885994587924,4.17905127706347,11.440864516083
-24135.5138740177,24151.1579190906,-1.87901634783286,16.5411840047636,-1.0323572015831,28.037757789428,4.5190196890761,9.65794403236788
1.05954618042643,9.56710691801651,-5.46467508896765,29.4365480145959,2.91728799713706,15.2942794014958,2.43608655481839,21.3341636230869
1.81076594853112,6.5780766503604,1.57000555301815,12.1515409931216,-6.56844458757789,37.5155125956293,3.1152115726522,21.356187852144
-10.2778797858068,34.5664869174345,NA,NA,2.02572853135318,16.0193585479484,4.02785129269285,9.14393708333254
1.16748448234005,13.3308698938844,2.67815908357177,11.3214319513745,3.51940546971547,12.8467803177761,3.34466126071892,7.79618595392193
-8.31125015988859,31.4052435693083,-205.151979949106,297.463804538383,-22.1336351954698,74.2456037102293,4.53175993517898,10.3816480811813
2.24913060173207,6.49420587312735,2.94722702034928,8.26828487973962,NA,NA,2.77085348371115,23.2067721019653
-18.074388176485,38.7262832023187,1.17254656136689,15.5957270429788,3.46703176726533,7.90966594381005,4.14058436340346,10.2431858087052
2.3330825664544,7.86248355451885,-8.78332522805873,35.1455673868189,2.96375007664601,11.8031273163287,2.3270187743651,29.1371520723871
-3.00261888411781,19.6852670490016,-23.5218011165776,61.2002253933444,1.22051336788443,10.9547428913163,3.90729114043097,9.79742906030584
-133.362425439888,200.45077974907,1.20496692024416,11.8879008853805,3.68111387629819,9.9065716483531,4.37978303051604,10.2083965125889
-3.15485099226334,18.8141140296652,-8.00639804588664,36.1175039459956,3.31638150486548,6.55416958415031,2.98292977991584,23.6234130759418
NA,NA,NA,NA,1.86977371816388,20.1448575126813,4.99621496270813,16.4080411487642
-235.580277198419,311.619164988928,-0.716542340370102,21.404176212316,1.0439983568646,14.227321053247,4.06363766569292,16.6948554081557
-20.5872101751588,57.0497184408646,2.39729941212065,9.17542942801668,3.51597355712895,10.7961130061821,4.24515355997782,10.43934078937
-11.9875456519609,34.0994141160284,-0.246476580989694,14.5731613130948,2.80268501245441,14.1803586012533,4.24219555819456,12.6393149987423
1.82848753262184,7.54189974108022,1.35738058449565,15.6613718955239,2.85380030003549,12.0052583627986,4.13354935905647,13.7286660706716
NA,NA,-1.04988883951013,15.0099127430876,2.61492591224409,15.7260203731294,3.73383545153375,17.4632229817747
-4.02657093587021,21.0869233418311,NA,NA,3.10856350438964,7.56308773037078,4.07088052011855,15.8343134888481
-13.9867251152372,41.649579201753,-1.66674557328423,21.7243030069518,3.00750161182991,12.663951198735,3.95431583444065,10.8679841703259
-101.220933589756,159.667204565409,-1.650254894287,23.3844787826096,3.53707349190626,7.36136007839871,3.81512934284113,17.9037184664286
1.67380991148407,8.48893255071907,2.26676141036253,6.70229960101272,2.74979785728504,11.1231128962377,4.84786229957781,11.7935221116783
-21.4284218170682,47.8623315836173,NA,NA,3.23103799547633,8.74775844265208,4.04487701766306,9.12839364635334
-10.1800813189767,30.4689112690771,-8.10350287762691,24.1511624361566,2.6559631745777,15.0078682242458,4.33414268458422,14.0343188081931
1.29388975523807,8.00228233680188,-128.364153593816,204.592856507162,1.72887824324384,20.2724261979602,4.12317782797738,12.0257542581908
-4.73717944412434,23.3937200853174,1.37639004731788,13.0096926741796,3.06766993573747,8.1534217241569,4.10952910050495,10.6338292025702
NA,NA,-134.103516199684,203.893886746242,3.29946578302918,12.8707896242834,3.9052468373056,9.11483124493157
-100.824400992027,156.19739553284,0.690150108851255,11.257785176186,3.01011997379573,9.52586062581516,4.02620614622654,7.6176170380536
-11.6558893571519,37.3516429323592,-1.00415972862157,14.9208304737943,-0.247281131585066,24.0102220362679,4.64071213813699,11.6836385532843
NA,NA,-2.2648437117728,22.2267426064432,1.77274169492811,16.3432644254892,3.04646797760552,14.6229614442836
NA,NA,-1.17552934403942,20.7947902419569,3.10760677259544,6.56758750577222,4.02284162700857,7.59143346970702
-103.44140738227,159.278193923854,-7.4549083800728,33.7647630594867,1.83818096260578,19.1549339380982,4.62073596003158,11.3664828443636
1.30547555042178,11.4727317700213,-3.12286855054194,24.3230492648647,3.4559321292844,6.53876716833219,3.94603952846549,20.9146535334863
NA,NA,0.0175462404151592,16.6931153890862,1.88383911345828,19.5800119189464,3.8468030326919,8.04211924512676
-8.39935186119343,25.8091606182547,NA,NA,-0.539305300519031,22.2207177606561,-66.7468405928006,149.783594379937
1.15869423865385,10.3605179440487,0.703666435441311,15.4867084036996,3.08040119032067,9.98974008706448,4.06675905742309,13.19661162135
NA,NA,-0.009581512746065,10.1269737907179,2.99001814769019,9.04229124625619,3.82016469726875,17.1897028815815
NA,NA,0.583458449612253,15.456144763596,3.00549424950518,10.3473078341295,3.93436572223085,8.72500445353146
-3.98174261321386,21.642666812542,NA,NA,2.03439707164148,14.6198754896939,3.88963284005262,9.72990427642511
-281.874747646437,376.123048315857,-78.4067873635519,136.71632967922,3.13095524737633,6.23974054235644,4.01002025925322,12.2313191954647
NA,NA,1.72133812519838,11.8684792371269,2.05602086348291,14.8863291411226,4.00425901672159,15.9352087656653
-0.0168673862606408,10.28667685063,2.36706114840131,12.066265720905,3.27103107690371,10.3346594254811,4.15261402488098,11.539946272346
-39.6477748293082,78.3429700763219,-91.3229243737132,152.976145622209,2.66465329152293,13.7331217978505,4.37130955363851,9.41906392385886
2.12675711049486,11.2458026892997,-0.073096301180863,14.7902639994308,2.49748183907126,15.5925302729852,3.17208981281607,14.0581231177222
-0.266140444321969,15.493179514175,-1.10224303926727,19.069494048834,1.39785884672036,18.8351391036427,4.53057261493688,12.4435863976187
NA,NA,1.59563038225112,9.43038814092927,-35.4656797075203,90.3345180783483,4.19734867863362,16.7531614219869
-1.3772016306838,15.0897051603848,0.862433688161817,16.1643918831925,-224.822568002196,342.226941981765,4.45036784074134,13.3859262880441
-20.8820138189327,52.2130663591382,0.644757823948826,14.9613697776163,2.61310096580863,12.4240321453702,4.2084477137065,10.0802536366523
NA,NA,2.41690684161665,12.2054100463838,-3.10044650686375,33.5581720057663,2.73791871887626,24.7886066068421
-11.3953319524037,34.9366572748776,1.60022053553153,10.1747702808825,-1.15819802168672,25.1484945210905,4.43004546947565,10.3473568991876
-308.209774533953,400.807895645671,0.593886303629752,16.5558032549946,2.90835453906931,11.9385426728454,3.58226083466163,11.526210188654
-2.21820727833474,17.8172716192716,-18.0969349868441,53.8976867265167,0.831796015574847,18.6890837906725,4.84167022001269,11.3761783339626
-16.6303586783502,44.5458778588158,-3.18954634426192,25.444989249034,2.85805056566699,16.459676752825,3.84973588414088,9.37456958337713
-0.794030749733597,17.189735699551,2.19780467364043,13.3593110897191,3.04576101618079,12.655382413805,3.00629851384824,22.1018893504891
-4.69467518881414,25.0456906652952,NA,NA,2.26687990285559,20.5027786579973,3.32317016649572,13.9227425014507
-18.2668297130434,1.86587182778544,2.24970953907574,9.49113706793703,-2.71879454272173,30.1160144745218,4.02558894805132,8.44005682777744
-0.350092275202787,12.89122401097,NA,NA,2.56437460964082,16.2757389592562,4.31084879100818,14.2318472692226
-0.0615387821102313,12.1727160009735,-109.231405737976,174.590463161188,1.3320236076199,17.6587607356669,4.4384400907156,12.3966597778459
-4.49493915458883,25.047440341504,0.546600913427628,14.9383162615554,1.65226954107188,16.7201094629169,4.69727621592171,12.5755519910493
-2606.66481791053,2348.33393534184,2.21038318731594,9.41691659130826,1.8488143579023,19.9100191884576,4.3328683043314,13.5682161194003
0.961041536806621,13.4517550856098,1.40037918446185,9.72124009886484,0.586632782055434,16.1648669479151,4.18022811943765,8.97561551836843
NA,NA,-0.426777987944439,20.4153528421091,2.29207123726911,13.898483080495,4.17292129325424,10.8319126497037
-10.4349830317122,35.9284239783928,-47.30234047489,96.9342041078034,3.21193041674046,11.8113505317184,4.10741782760757,21.1273290200193
-1.68438704645929,15.046433170482,3.0411355993056,6.70282964381914,3.21620739406682,7.93636577424476,4.19553103310665,9.02402359466635
-18145.9131740048,18154.2873536372,-5.87992377375456,31.760355926726,1.63447900273419,20.0299886020295,4.13644458353008,12.7487678499914
1.81612405138497,10.0961290783109,1.43326080335366,12.8796020815099,1.21840430410088,13.449034403815,3.97019035110826,11.6780790070988
NA,NA,-0.219670243146899,19.8664204862294,0.224436416188178,23.3025119700389,3.6008980543323,6.97639608549215
NA,NA,2.59496999408999,8.64966471861211,1.69586679898536,10.3602733716389,4.30242172329087,9.42619805145777
NA,NA,1.70566510125788,8.55157021299346,3.10783950216016,15.6414128008046,1.98215839383562,27.8616405908162
-2.72252965241005,21.3423548604715,-18.9117671854563,53.4974508377419,2.74445662892586,11.2251521687685,0.455213033277833,31.0798415935462
0.77793818092889,10.0780356591368,0.66703888487878,16.6795577937834,-3.51827978249332,30.2085652386323,4.58774172300365,9.27826515078208
NA,NA,2.6300817494465,7.56478854753714,3.11018548785023,8.69725563880279,4.3882150181924,10.5255824088705
-12.1740666873151,33.5144117560181,-1.79701814311127,22.1325738191085,-0.767704810903691,28.8355702694931,3.78835993715346,7.13432503390073
1.08120948370071,9.92068940570264,2.71702342840968,13.0745530210327,3.39619278295942,8.12765645016339,4.392430039083,11.82672474543
0.580078664060752,10.9965853072059,1.87431990891884,14.0856030765552,3.5170238798486,8.11894120592127,4.48326558118511,11.3619014738809
-6.62587144973839,24.1257746219265,2.57844982781042,9.97148950054971,-11976.764811505,11217.1987858199,3.25900701635657,8.86559819794968
-9.97779164931938,29.1831325751485,-2.28393152084972,24.2416529287871,-0.912437230628301,21.3805490311526,4.12551719007052,12.7413616214491
NA,NA,-9.59706978908265,39.8379014958952,1.58204298271365,18.1537889803268,2.12886686118919,23.9962560651799
NA,NA,-2.53384558337154,21.6847014892811,-42.4777927602411,99.1987650653827,3.54410197546608,7.06512100509768
NA,NA,-19.113057547534,53.3252709146779,2.84215694301145,8.78394227442083,3.60386278136409,10.055154511141
0.68692000564978,11.6919572937209,-3.44261191338102,28.3928508668372,1.29527131631002,16.165716302127,4.09723642085374,14.0823077730025
NA,NA,2.10496229954562,11.8389047810573,2.86983353940315,7.78926237525251,3.18261824920217,22.3129372945816
NA,NA,-1.96710591595365,21.8692689526204,2.00522657212058,21.7119181452325,4.26665735180956,13.5418980205476
-0.692725285974494,15.5630712424665,0.327895451751367,17.7686718792042,-1.84036386841169,27.5259397820949,2.67572703655031,24.9259394656805
0.457937782831778,15.6839825502126,-19.4969005460648,50.4731856734104,-4538.99646088828,5020.05932714103,4.2263997990569,12.5644676783686
-32.9989972739511,65.4071266288748,1.99895136743393,12.6887293209471,3.41143341196973,7.68203779117808,4.09070460768364,12.1006949197789
1.89405173941946,7.33872184017329,2.83133824948836,8.61323633849662,2.27457433017488,10.7790799806711,4.02213645496679,8.82558556950404
-0.93907681688836,18.2526347949025,-3.89474173833027,29.1478633790891,3.0070925162894,9.18850148839084,3.14302251524213,9.08590107119738
NA,NA,1.06664093430194,15.5325733081061,1.25459801508502,18.8615520491688,4.00807045217846,9.99333003205098
NA,NA,1.2652381283239,15.0235125178413,2.6542447875397,13.2141101043677,3.60243044745908,10.7121931419016
1.73727423411149,8.01798813191224,2.29168171977273,7.20691444507859,3.03053419767328,8.07308755968687,4.30301114169297,9.14871477322542
-27.3178726009546,63.2264022863806,2.06041027912039,13.9276690236484,2.31036537124476,10.7273400567202,3.97546794760262,14.6774403858881
NA,NA,NA,NA,2.09893316290147,19.5400780154468,4.26088225156798,13.3338244198321
-21.6931709668953,49.8128285782019,-1.09112640838963,16.5451885998155,3.60941689240755,10.6933492494871,4.32823816605473,11.5377816340793
1.73207572686557,9.41736270946161,-0.79669054400849,22.0500964213659,1.61517522721831,15.4111129161846,4.31061406696894,11.4058195062755
-149.859706413414,93.0082768085958,-3.23934757230718,26.244446116331,1.92135229414801,10.7950432414043,4.33023001307911,9.04753025201686
NA,NA,2.26181845632111,9.77132355784671,1.96723285289345,17.2962274992747,4.13512929006319,13.08065166723
1.77713780393956,9.45145432580786,0.449347020893642,16.3448109401954,3.19522105571206,8.80000790808778,3.80003525084934,8.81449401377243
-1.83420841768647,15.1806377055987,-0.104898109474723,17.6837498300557,2.78411933601481,8.20221497724857,4.00236190210318,11.0097735305481
-6.87326617843526,24.2027560961547,2.49455634212789,8.92707915680554,3.07831579125706,11.7023417217601,2.04612359062023,23.7380855758827
NA,NA,-35.7731959360193,88.6334072511252,-1.11680326327208,24.5215744860252,3.54469128034097,16.187243255969
-2.79409389852001,14.4364175109499,-7.81995658569005,33.1571779863245,3.11752830361217,12.4228735272746,3.38923751249933,12.5520156342486
0.789046622032383,12.5610505841954,2.9529239386552,8.39889750779887,-4.0613225593902,31.596762228377,4.47831000726991,10.0310736354696
1.04464733793322,11.3563620757617,NA,NA,3.45462054070282,7.91704200434412,3.38960425128938,13.0663225431579
-2.26711722097745,17.0781811320031,1.69087935159111,9.8120115044503,-1.3303421195722,30.4783896780837,4.11457136367847,7.56197165417748
-1.59060719496359,14.9998675473642,-0.288643926538287,19.8060309649381,3.09913307538362,12.9371579549899,4.20634681473797,16.6494788691268
-2.11953624524907,17.7881642215886,-2.02198600185081,20.8418324011374,3.14712578487136,10.6130272095748,4.2012132168555,9.59061473549503
-5.64418372209907,26.7962664397427,-1.9823541421013,23.8121290601684,2.62040409693249,12.5927949115709,4.55746389940973,17.3673165796661
0.936067910763406,9.59074910535229,2.69469473275248,9.0176622074946,2.66937116040088,13.2790185884858,3.53214826349119,16.9392185695324
-41.5213198201483,80.4504429037957,2.98457139005623,7.48711422949241,-0.523160286566406,15.5654419509314,0.880603263151869,27.4795613070971
NA,NA,-37.5313209459784,77.9912910630837,3.0002158638343,8.43322145769402,4.14127261836058,8.75869484223758
1.00139257309058,11.8795431967533,-397.389409495606,523.542609889395,1.4653597174591,14.4780978841651,4.34952947239103,10.9004249466784
1.85629356985685,9.45085864121354,-41.0273786958122,86.4528028590307,-153.104858254263,253.923852031546,3.63232415473165,8.26797947149147
-20.7060095303805,51.8228704333943,-0.995395144631921,19.6019692225675,NA,NA,4.04465507505348,8.67664929386714
-6.96586453476952,29.5303996626734,NA,NA,3.34187485352733,8.24297729589734,3.92872296968142,12.848881534018
NA,NA,1.95593759323254,9.20565540101037,2.43048704227158,9.20840563820419,3.68833171860758,9.06064936106136
NA,NA,-7.53522692636531,32.6683702472878,4.037233306183,11.8790296571682,4.17612600964081,12.6671015708211
-2.89104301109246,20.3232297731469,2.35417509438069,6.96466906172624,-4.99343466601595,38.670479713614,3.93771387145948,9.23222523497827
NA,NA,-11.2235051912212,44.3572474432438,3.16174676994657,13.1900052605924,4.46922341041357,11.5510173764475
NA,NA,1.42631925584789,13.4708049555199,3.36762337618314,11.1272225230128,4.31040841918989,13.505258977988
-0.524296108951994,17.6950228955948,-26554.344905573,26566.5246365623,2.750151327456,9.62174876777202,4.72800014815514,10.8419600179143
2.12559370813497,7.51688986269239,-26.8876904908281,65.574176530599,2.97669343751976,7.24129774012553,4.11068770820438,8.58130245595062
0.0975474452602141,12.8098495689708,1.54544433011549,18.3260858357697,3.59715637097932,7.65154620821865,4.2017180595562,15.6350886542276
NA,NA,-2.39164585820574,24.6035237051508,-12.8285334150974,53.868158732422,4.47030289107795,15.0470588579374
0.619926137025392,12.7764620798236,-0.518501167571301,16.7783267634266,1.08079591341448,18.8982390746756,3.69262036012788,15.4434840653882
NA,NA,-17.7604504821018,51.0234744053685,2.14866389966616,18.9470189745978,4.18079703389561,11.1310658190311
NA,NA,-11.3037578877415,39.5961071088573,2.72592065131777,13.8156003148311,4.53333831288541,14.5572757867844
NA,NA,-0.456731252061361,15.3239823604472,3.59288478560443,8.05651221725834,4.61217129101758,11.0314194047376
-2194.10675649793,1964.4785642538,-6.15495181737659,32.6536948999854,-1.14612550823846,26.266841195551,3.81651908655603,7.99783831450808
NA,NA,-117.456699860966,59.8262471672657,-0.271710157538994,21.2872554480075,4.19528860461793,12.4732883527496
-38405.5399212127,38419.184916323,-5.15418127483045,25.8124769129992,2.77019032904674,8.77703611000888,3.88894688146671,10.2758888063708
NA,NA,-2.50835474521596,23.5059747221429,2.6856419771617,11.6638608735278,3.85098805889928,11.1571436225617
1.53923506607371,9.86946503527591,-0.523588267458912,17.4117512322333,2.24467366618873,17.1391909350938,4.4455906834746,9.10963637810863
1.97204290567633,5.89612112920524,0.563671997963797,14.5242409656355,3.78473501466422,9.96896371322802,3.82069807952147,16.7674237150462
0.128699310739059,12.6523882425222,-0.190615700058706,11.0242722069873,3.08649146041182,13.1082987282542,3.20812193180795,11.5650789155609
1.80175767677741,8.51710649303798,-0.981694564405213,13.8900483403909,1.46931234177159,19.7134392772506,NA,NA
-8.04983021550879,25.6117003179418,NA,NA,3.4119336983208,9.04179090180744,4.41326238827158,11.5786849631783
-12.4884162600287,35.6324670249586,-10.1934711713138,32.2628329208124,-6.19808570515068,39.934148355934,4.62031477017088,11.0085540525045
-3.42601407328713,15.5413454314178,-0.151511815748668,18.2932789509929,1.88287981320923,16.6094710860757,4.16341379897739,8.97308359784482
1.12180251103193,9.10005195739827,-1.42050970323749,20.8689855126443,3.38837031761837,12.3175735123895,4.02371184230721,15.2269031541545
-1.20564199805638,17.1912097531968,1.19439398408891,12.4885758077754,0.137389539173986,24.8306677810971,4.53058321460269,12.0272158477085
-6.84780131484117,28.5190012659487,2.23157017714193,8.95089872079667,3.06509980430874,12.4188690065277,4.5655866800592,11.109584527822
NA,NA,1.68190195702274,11.9904139363654,2.33748136669878,13.7004790107585,3.50889437267102,13.1751515075738
-4.03066834256452,20.5841139519047,-6.34721405768229,32.2884093956221,3.65568670244243,14.0621455860501,2.77963875122596,23.4356575979847
-2.76744620332752,12.3245848082847,NA,NA,3.38122027394871,12.9102325008407,4.64965279992311,10.6602874624269
2.5695580929101,7.52786679329837,-15.8877189442033,46.1610145060457,-36.5194979378519,91.5832365302287,4.55866644890241,9.56596601974417
2.08890331335596,6.93359777381425,-1.8145203314865,23.4948434347196,2.83744195520988,13.51966204487,4.10017699758711,14.5647128538752
NA,NA,-14.583403660089,50.1846086718951,-0.754732203763401,26.324415250141,4.47598820404232,9.44086668430287
-9.07943737149221,27.4720193616778,2.59140701648925,9.65448861070369,-7.63807657053979,45.6433308488193,4.01246228185634,9.85660813575431
-2.80318727415956,15.4820660858015,1.57335145387212,14.5502928184319,3.19729154388653,11.2420746484025,4.29710837119757,11.3047858950018
NA,NA,-26.9362835587292,68.4206120103072,3.18255124272972,11.8526367767775,3.98700303218581,12.7026342394258
-2.52365138150204,20.2010521333784,-0.656414653627888,23.1714991937571,0.122847551697806,23.8521777510386,4.59415390270803,14.443617090163
-3.86367580647019,23.6440403707197,-4.99586403098286,20.6846359736787,2.85520843529219,9.78629362918459,3.36586564277324,8.16294848518774
-67044.8330886926,67056.7343022166,1.97802553961704,9.82945762962439,3.16237578150799,9.45098926597152,4.22109884834253,9.62136912696894
-10.8435885920767,34.3468096609083,2.2830397671045,10.6050984011373,3.73652532012782,10.20777826278,3.43143085615407,11.7033340398724
1.29265391824797,10.4662898849935,-10.8553452152629,41.5340369386231,-1.83789232746992,29.1707995910488,4.5457586341574,12.6239320323017
-10.9183852586528,38.7124692128387,NA,NA,3.52341321223186,12.6918897866164,3.71506658527384,9.0541596967882
1.97976117604351,7.2679233313581,-12.6149185771163,43.299356452314,-18.680010621323,63.0381865200215,3.97539093852138,7.75006698634006
0.214493995509161,12.640172857134,1.92296762957547,13.0734066420294,2.75266505124854,12.9231769612318,2.84794391708773,6.84583179265226
NA,NA,-3.40908556144124,28.5983461972468,3.30159441662479,7.57380388763614,3.81235993783541,12.9507820813535
-2.49909051781571,20.3980001635602,-696.809042327275,870.598233005492,2.36004473321121,16.5682923141724,4.69751225237121,9.92963876069798
-2.63603853032024,14.6487993637911,-18.0558910100416,50.1703082052729,1.75941088742003,13.2178091696719,4.70173327485513,12.2580854814631
1.05718260000859,9.65178060777455,-7.05269583850655,28.7543351915393,-6.05357387551484,40.9082742072495,3.79295536099426,13.0469935365781
1.66092352162744,6.94634554110405,1.95254225500559,9.9156019605458,-0.847725239910703,28.9734551959217,4.21124760394675,8.30351666850875
-2.54187745894538,20.1730195447926,-0.906984131136776,22.027362413466,1.44716083372158,16.5407493639478,4.5928262257902,13.6368384302657
1.26405672868037,9.44126067224279,-11987.9337672535,11366.9922068028,1.40888833945176,20.4185145317607,4.83895766667531,12.6116028269766
-27.6643009876863,6.80188794167422,-0.469600624545167,16.9458984820923,-3.9151112346929,32.0675947100305,4.35425896437537,10.0326142406923
-0.988347698369897,15.5554040193098,2.22760321155493,7.2806580093771,2.90344052947913,7.25457814896117,4.44302234000017,12.4879769207399
1.54447730226661,6.7064245975999,-1.84395603452764,17.481739703801,-6.46480963815591,38.6051841616638,4.27722993282716,8.79133988060033
-1.1059577391609,18.295440157604,-4.46368929983782,29.6380738208217,2.04882825578014,15.2818151483053,3.63432713683303,10.5685566589306
-13.2137117241015,33.8057635068887,1.60423464562217,15.5151381425425,3.24804595647052,8.51666866956245,4.51704499126109,9.34086256520233
NA,NA,3.27634560161592,6.83726199858805,0.209306802971001,21.2731330158437,4.08702548315185,10.4911559532182
0.20634845846301,15.379887362995,0.96694228262531,11.1608627705562,-1.06979724934496,26.4001929402483,4.343542422786,11.6681505229125
NA,NA,-1550.91800386417,1804.7722586471,1.40213402074236,16.756381771568,3.72567397358114,20.4104858330206
1.88857534305153,10.7849747531405,0.669267519574102,12.6667369343392,3.31960033207533,9.28054355477475,3.90050304120243,10.2609728884496
0.654877856978601,9.03836075522549,-1.02713922235632,18.334765922259,2.97493228671044,16.5378068750529,3.84765777822622,17.4894307369997
-6.99674380444403,30.043570265132,0.863186565925814,18.4553672842051,2.53081510121133,17.1342733812281,4.33355120980417,10.1385188908309
NA,NA,-0.38948023322773,14.4087035653938,3.23928858644892,5.76913003327893,3.50626691140547,16.7629055234722
1.10143033548025,11.0725262382248,2.46037414698794,10.428940816851,2.5913286059748,18.08754719696,4.66581004669626,10.846138235863
-1.66030618757282,14.7548928011112,-4.15112981917721,31.4957292361949,3.5701795438795,14.5474633510505,3.81730865960163,17.4789971015815
-3.82612467004226,22.5075489502955,0.75275825071732,10.2719555383305,0.151413377104701,21.9068099173998,3.21649601659415,8.37602583376016
-1130.27522668957,1303.25124830089,-0.732895321202966,15.8374146102094,0.734310549688669,25.4987963830214,4.00891979012344,10.3106757073318
-24.9188046670386,49.3346814198266,0.277688091512038,9.67873020647866,2.81354579973234,10.3510937418009,4.33006886583396,12.3929299705243
-0.197107060608107,13.3660647403513,-9.43658438078983,31.4857169123491,1.95791531248431,13.0979867826596,3.62560559111652,14.6429042397072
-2.94932972826487,19.9488992799568,NA,NA,3.60108933559534,8.55532364252658,4.18990673913114,17.4577190895081
-1.3419923280107,15.4694308269427,2.79353012680059,6.97975332736558,3.3953669341053,9.14854459993229,3.78017878151499,10.8604605240457
-7.89258940212578,28.245702964426,-2.26554036654832,21.6403954639994,2.48129322770763,13.6679834570385,3.9779726249287,8.21779979299837
-8087.10095775186,8097.28602440061,1.07648526092472,17.9190479679248,2.76554870345523,10.1604719605971,3.9970156288236,11.5628898924269
2.031934401928,6.85043870788472,-5.1658027622264,33.6870990411284,2.1945598588529,16.9148122602722,4.50336291645308,9.65868738255929
-2.20791376170836,20.1143067364069,0.102121754597266,15.0710590730011,3.41048510450864,7.84462672987798,3.44460451625972,8.59836289542141
0.295403420694771,12.3476525774417,-1.48542222527556,16.6932879445951,2.48581795289643,15.0963214317076,4.37034171150712,9.21620030901638
-5.45581577283267,16.3619111303665,2.10850343518902,8.19949423492996,3.40357638722187,10.5117838938797,3.55552556479998,9.44358115219188
2.06183412223404,7.05158650731114,-1.49409499800817,22.1832917592931,3.18416943970914,11.4678419374202,3.16063223956303,18.9159837119191
-231778.559070057,231788.421194714,1.75170140214266,9.58399284378621,1.78275099196697,11.9238162033352,4.16629059939439,15.7488828111953
-2.29540450782911,17.7849532540058,2.70596373443022,6.27744032793198,1.31657851112537,15.025373214854,3.95186810087216,9.13192618653182
1.83638512262833,8.9516940702352,2.30878519982025,13.7291168655988,3.04567147518974,9.07836709497805,4.39257312577424,15.7262983109722
-8.25541665959708,32.8054111733577,2.02117231307267,5.49386641553631,2.9337497223274,11.3506491669233,3.94547372802642,20.5745711675682
-4.49497424090195,22.5263050178656,NA,NA,2.70655047575398,14.3502724215607,3.99424372582283,10.1379201639199
-14.3850560068637,43.1225259439146,1.96667542076295,8.84973534534759,2.31034079383976,16.1512311533883,2.37814748153153,25.2623954005586
-0.615174114097208,13.971432240883,0.344943754810521,13.9567677864176,-9.85869388332481,47.2342358355245,4.10342845895614,17.201673613085
-1.0210409057809,18.9648205924034,-4.60154928729731,28.7170944798869,2.79451850033125,11.120213471962,4.03653636548891,11.1764243506678
-4.68953688362703,24.5596860385516,-14.1810867548661,48.0921056743759,3.18655993553205,8.18119475243198,1.9669885555147,16.7750893690882
NA,NA,2.63172823217315,8.28822425480302,-8.10477875078298,43.4330049545435,3.81846894927119,7.82836843853726
2.25017584892528,7.77482005207829,-3.29671662369329,22.8725804637633,2.17674240742677,15.7840542956619,3.66631710651763,7.35294428042366
-10.7633396710155,34.5401460565599,-29.6898594457098,70.7556458867769,2.79220977202877,6.48875322167037,3.82590678009586,8.73899620049366
NA,NA,-0.541727538779973,18.2294500791093,3.21156244267423,7.18384381749773,3.67174728654901,13.5719968852523
-27.334916963624,54.8391522562033,0.481642039531805,15.5111767266165,2.12701321685196,11.0619173589442,3.16652021070336,15.6838364035665
0.843209422601151,8.73413045034837,1.30573236801439,16.0415222489777,2.68539970226747,15.9491698436962,4.43694077616567,14.1221599911545
-204.716284604246,287.19477220705,1.62063147622568,14.5354349877822,3.160229611978,14.82309113354,4.12566780219881,8.69583875651638
NA,NA,2.24386076476377,11.1786995416055,3.04623347285837,12.4923667469006,3.91144929248683,9.69192100693464
NA,NA,-0.0111794078366589,20.8906236466518,2.71647863219313,12.8078982822491,3.81056850765067,12.6636066739552
-3695.19878955414,4000.80004753199,-3.3257612745647,24.2841034552534,2.84955503143971,14.2605040527556,4.19815622995236,10.773263510674
-67.971965204992,32.4843058331381,NA,NA,2.40613938097188,15.4143462668421,3.73486212986709,13.6887869695419
NA,NA,2.51676490284946,9.2278522542059,-2.50178062293467,24.954380383395,4.33618731540038,13.4147078012374
-24.8998749010811,56.7783614142666,2.35590138099696,10.0946454233998,2.49800632898256,11.1227833754363,4.23338578986662,17.9118011272251
-15.00636466727,42.0364164180935,-6.12302627280277,33.105700387224,1.56019855501687,16.2090132249074,3.48904277341364,7.52578982388697
0.977287597862171,12.1844139405597,NA,NA,-0.0318338126068358,23.472567168248,3.38481323251794,23.4064125272254
-14.7271708908251,40.9319332582993,-32.524442028333,74.3648099868856,-4.82359620769215,34.5487612876295,3.6920260543109,7.60544998621397
-1.17325751407058,19.2795116733291,0.0914780325053615,15.7959705218295,2.68060132322121,10.9987669242907,3.74738513204437,6.68670035251637
-2.15919343374085,16.8354873483086,2.63796770730068,9.58442552544687,3.51603743126435,11.7521104896034,4.00379527031522,8.5725166162418
0.388136919648953,13.8814819310388,0.468782756860603,14.3774303178432,3.44068632845005,11.8453076290355,4.12604951855505,9.49849305292406
1.26069294132191,9.56440824819559,1.18527676552018,9.29846696615651,3.2563817507227,15.8727512673893,4.09474923774935,9.24215736559434
1.74153172733773,7.36864648915555,-0.0986588637310764,15.3457451988138,2.32132257400946,18.2795113194812,4.48938771585521,9.71332674102153
2.35632672195935,7.11776257711092,-11.4957733946889,44.117449433662,0.111303948909732,20.6716917549871,3.95821392213764,14.7290023401035
0.554231663997823,12.0239418512956,3.09802055391729,9.83841357847476,-0.054095341842034,25.4837571336034,4.57994238685495,12.9532129824891
NA,NA,-0.464740125279688,17.936507441738,2.61114888646718,10.2408252456325,3.39509762311706,18.2709818313161
-2.02214805101913,19.7045435988019,2.05384242332806,9.66163814480148,3.41690637130104,9.61624465967887,4.78010889311309,10.2109934333556
-25.9871905134432,60.19607532254,NA,NA,1.72357424470981,11.8761976814027,4.54677717292057,10.4315465336159
-13.9562168769633,40.3487998745675,1.87089447396515,9.16733328925843,2.2234776816834,18.2685135458422,3.05992429286545,22.0826548997766
-16350.117951917,16969.3933095953,-4.35002806912933,32.7130549901923,1.46249739188484,15.9330677050386,3.29556420920298,17.622985536738
NA,NA,0.0732152149520777,13.251095782638,3.61290373180007,9.70486250233566,4.1557971419292,14.3468049165478
0.137853088525723,14.2505160385051,2.16745125874919,7.39343811105924,2.27148462806021,10.0835138416325,4.2254529858609,7.05434535353713
-4.57060563155557,19.8781033034076,-803.438999647272,962.537008897582,3.2139404790211,9.6764875407407,3.93748461406382,14.5159675877763
-1.9696190215198,20.4394417394976,NA,NA,3.30677573236971,7.90485911102588,4.54510627871056,10.166388519071
-2500.81331111812,2739.25991271883,0.345900693662564,17.8169319931763,2.37020023230166,17.3752929067932,4.00831104416213,10.1815796555061
-13.3576076896015,41.1244291336336,NA,NA,2.1951590305712,18.720330709386,4.32390245533266,10.072418345753
1.22149591436565,9.27105396068168,-35.7845438240684,77.1585844594439,2.20460114860541,13.2097683127536,4.58159266981406,10.9505354207142
NA,NA,0.103097749717101,21.8276676136636,1.55156467901308,10.0245046264368,3.60908094531933,10.1146847249063
0.38914179055203,12.002805473326,-45.6642623242988,91.339135541704,3.0057535598554,8.09314336834099,4.2570340784501,12.3418205089521
NA,NA,2.68430652918331,7.72705483593299,2.89298322885224,8.94781220811883,4.4834870291818,11.8849746896272
-23.0365125119837,50.9969737005619,-2.34117591102995,23.845572757986,1.79526667563046,22.4008450309486,4.44406267624882,12.5375948726191
-21.9619826265186,48.3478501672734,-8.2124827750199,31.0034430276095,3.44356246549111,7.07650737861804,3.92260285622194,7.3551520453793
-0.532066152564232,15.7730389414606,-15.4966675077114,46.2995358136046,3.62204151560969,13.7001561062746,3.68478238506058,7.30684685779716
-2.25167280276246,16.7767722549397,1.31176844596193,9.379072501794,1.03921001654894,22.6014920464825,4.68132141362454,10.2125101242883
2.02449482978333,7.06885721475142,2.76208233697637,9.33287702782497,2.07029133211556,13.7072736751206,4.28760512108851,10.16623043821
2.18428928189254,9.96912430805644,-55.6156447001253,110.676878854545,0.885256891951361,21.1510513713476,-0.0470298928431099,32.8367576644902
0.687082835231732,16.2238005984406,2.07643281382609,8.1567704749249,3.47444253799654,8.14598650488419,4.02110098779173,12.2967293207794
-13.6751978107726,41.0628916237783,-58.3865789192024,98.8109730544465,-15.051702794102,53.7911102142218,4.65459480613896,11.0657704738679
-6.45663329441754,25.0750072502945,2.67229292226807,8.43436908940369,3.54249430946001,8.28000546659792,4.1274171831031,11.9667123498022
0.774034996132713,8.55643586169186,-3.130177964619,24.3374998815151,1.08480414026264,22.5018808453557,4.78476183049207,12.1900466813876
-3.80891248654572,23.2615657502663,-1.84584898264851,21.2568387250884,3.42547930024543,11.5811851105203,4.47340091691072,9.25143131305523
-654.479759505113,795.175193015982,3.25460802879778,6.96281349157955,2.81260588907873,10.103357721789,4.31188936691777,11.0256937747213
-4.66285046486682,15.3527965846383,2.08921113412033,11.6951752178585,1.88522357457375,19.2980476920337,3.05753333731445,11.7666564154232
NA,NA,-0.720554067979795,11.3543487278209,3.16394387217807,12.7918966293662,4.29721828638239,8.72834629658352
NA,NA,NA,NA,2.81775344530918,14.7141842822791,4.10239919001554,19.2449457949488
-235.358656054016,163.701799750916,0.865478293835345,16.9609066243487,-102.224954928997,183.841696509085,4.20837173124806,13.431645348541
2.44113516204036,8.28159634783073,-0.536216443339002,21.3066867155271,2.71827549078299,13.3120143588663,3.21111600741934,23.6790430842636
-21.5331547658567,54.2898972487318,2.35240152583447,11.4465244290203,2.21506235689971,15.7720769176183,4.00247596313055,13.0206333534482
-1.86998583903311,17.7546924270361,-12.077292988214,35.7227583467494,3.17227344573546,9.44255345963614,4.31080610894572,14.1129753709007
-64390.5743272931,64400.4106196622,1.87154926760922,12.3809523786998,3.62804364256944,9.56509151483898,3.70499956802018,8.93114612128981
-1.00852286300902,14.2936369447289,1.15504052649946,12.6645732146645,2.80741647877574,10.6795424174799,3.79654377215451,20.3767588693531
-750.968913544383,613.682781537497,-0.507922686619953,18.9869633203867,1.78441601921096,19.0070069910125,4.17626274857239,8.67403209408593
0.439552520353162,12.6094418679277,-7.86548707460781,29.2773626580109,2.56226636689091,8.10057102423021,4.53852740993869,10.7612787638056
-4.90068963724126,20.6621859004266,-16.0848782261713,53.238528738316,0.530760496160502,23.7537779006256,4.82715962576253,11.0263654619175
NA,NA,2.78386949932655,8.08845326925902,2.64961771138729,9.61200808354565,4.23720463442541,13.5918803171375
-20.6501730380962,53.6748641918272,0.841327611168015,12.3568444355428,2.82884474788969,13.1091613189458,4.53646416479002,11.1854229629577
-29.2085834813718,63.5408240038794,-1342.93874750958,1119.22914893465,2.684649928882,14.3616548100833,4.77036628316985,11.4562438873326
-0.0437411863938451,13.2531748520063,1.82471449588965,13.3275467951667,-21.9260897885931,65.63081613556,3.68229016457388,14.4611222595006
-15.0358377213338,36.2120934284758,-0.195013207047317,18.1044589941599,1.91708798084008,16.4451891246128,4.40831167176457,13.9425915925834
1.44433443141968,10.6890680247159,1.66861231630492,12.5846427309842,1.94601156256328,20.3460501398136,4.00258271253022,16.4422621476789
-91.4774537006456,50.9412869043199,-35.2038844478258,77.6496040806046,-0.924602453527505,26.941102843276,4.31706668301179,16.6354752436111
-7.06194358692063,24.2067893843346,2.54186661283049,7.83416131183915,2.85014726087581,11.5399782970114,4.23161526810549,12.9601150392448
-0.386238964686432,10.2572131716135,-6.26748713704383,32.2649576733835,3.22235987621445,8.15271905058451,3.43501548853942,16.0151116479568
0.318807651238818,12.5622762668272,0.453455454335014,18.9512882080952,3.52421506894642,10.5203543141484,1.97706714673814,27.0898247651209
0.775222773710751,10.2393601663023,2.01804933101772,10.9294369742458,2.86060930399757,12.7696447966843,3.7035425813113,21.4249999153052
0.526915487668947,13.2564114372393,2.15461328487409,10.2938423167612,2.20698924138988,16.0277551166165,3.87935387275406,18.488115185568
NA,NA,1.36454481499809,17.1653774016442,3.03868691057697,7.40350465980921,4.1287124408586,11.4211367658362
-0.943902529454523,13.491943877874,1.62316024598023,13.294681664085,2.17488408562995,14.8026990204164,4.5269685482169,9.00313073920782
0.970927321378532,8.3651351498969,2.5437575733462,10.4162476690184,3.06848603519516,10.3616187825164,3.96588999357479,8.0403239472966
-1775.73552992966,1586.41798073633,-3.35482002883021,28.1975769898209,2.04812450975367,8.21540103962667,3.98534598325462,13.9651864940871
-77.8313809122858,40.1156033867241,2.91139802062767,7.66621592088674,-2.61300678014375,30.4852241303938,3.34607004843932,10.8894881738863
0.707828467119488,10.5044492999338,-3.48393178038392,23.5857727793297,3.44831655571427,9.88328608998787,4.48989644879119,12.1552334813244
2.1152966959432,9.1532611496485,-137.569119879424,209.861207404629,2.5790038815031,17.6746249613547,4.70280879445734,11.422996105403
-234.832743900008,322.100419156685,NA,NA,2.92649339548198,7.60775919971761,3.31987411432386,16.2871470442149
-9.99481126457219,32.5467297187447,-43.0036620026366,95.2104520750106,1.39365406655998,19.086887028067,2.74044753399506,9.39293401237012
NA,NA,-3.52219048918561,27.1318945139443,3.59622296366919,11.2539064751303,4.7464986257774,10.9952437624442
2.11755633831946,9.70368705094189,-1.9202540975878,24.0888370397765,1.8625636092249,10.1209775686984,3.50446904999198,7.90698144751005
1.28786163437012,11.1546292062622,NA,NA,2.54395082142185,13.5312762994332,3.96435192162247,12.6991278162972
-4.16583404594154,20.6560650119343,1.67626771807259,10.8465865999074,3.93140194575475,9.61758468978715,3.51448711409414,6.80664950537208
1.25552706527267,8.38253590148654,1.473547985664,12.386060859124,2.04662418172956,17.5450117279529,4.12396920271072,12.5249260771397
-1.19437823827248,14.8453183812056,NA,NA,2.18550051662689,15.1107063333074,3.96137302357944,8.44553441414341
1.98990316202551,7.61083911795836,2.24871092597762,8.0559273237346,-30.6641232251906,77.7941275613374,4.03539958269172,13.8400018253153
-3.16827097362626,21.0425414762972,-4.48914790003338,24.8211335914035,3.53949067736078,12.0351287843772,4.69273488286312,13.3808527888323
-0.200098672138136,15.11073859581,NA,NA,2.79788049871495,13.8015731300046,0.68951171587519,30.9549366353559
-4.03121108107585,27.5820169823471,-7.85830509298632,31.5365187265597,2.1100590893953,14.5304772928924,4.5342560529948,8.92163406562604
-3.83625746933535,17.8184288327726,-48.8598910713484,14.5279769822893,3.21173480036442,9.88968275379462,4.46534075932043,10.2688229189539
-7.4370585236239,26.1611044354342,1.62654069813242,10.4263378896741,2.98913295036102,10.6644185275337,0.570271971353817,25.9380647548558
-2.23768310817391,15.6214300698699,NA,NA,3.23488225054286,9.90149609740241,2.78457209129313,22.222178426789
-5.23872433835336,24.5243171506997,1.5127561113831,13.3700473608282,-22801.7785774744,22811.9146377122,3.59272599532257,15.870356603274
-0.037989135664561,12.5416862849847,-2.61404364446808,25.2997258678545,2.83622231408542,10.3095769565593,3.95421240757581,13.0191351061248
-1.14200202627974,16.1002121587337,NA,NA,0.609129604416642,22.6392162470259,3.92865688445173,15.555312109221
-180.576585257143,245.196191888758,1.73029246280384,15.5326034458216,-1.77577466356272,28.9077361956818,4.38704144399905,10.9546129867025
NA,NA,-1.93562658753705,25.5418034827193,3.26108672170571,8.74514004844629,5.00214497340463,15.1406511266693
-511.650680035561,627.778837939193,-11.268605614591,35.6059514733146,2.86788755642705,9.88416429790724,2.89087650807931,18.7483932942498
-0.53524845783563,9.95468046143565,1.30685177377096,9.3743349232183,0.264391208992349,16.8919575366109,4.09553473114071,10.8929527263225
-1.15151136389692,10.4958692232322,1.94101370723025,7.68621296440106,2.68300023295695,13.9061849348966,3.84101038932902,8.5484001091501
-5.27382127892617,18.4427458845322,0.64673146784738,12.653444987527,3.16069576286782,11.1847355348966,4.14087410927222,11.4148372572456
-1.92834274106438,20.0778085114991,0.641669067167107,9.09082724716098,1.75906144734117,15.9315512310136,4.34130517647815,15.4709453562936
NA,NA,1.63486932555225,9.62860318869336,3.25163618623839,9.60244066318397,3.48844445405687,6.87250264861533
1.3747823616767,9.9199915659854,-6.67572771956861,32.6949523313275,1.02576811218269,14.299835878349,3.98892455592871,10.5645948220329
-10.3047562105784,25.8372060296692,2.2079176602757,9.74883708915943,0.755653329424669,21.8799737750354,3.87152124293042,13.4989293386644
NA,NA,NA,NA,2.91321963685699,11.8150531099571,3.52587185881903,9.14242605797611
-109.407922541696,164.543616872805,NA,NA,2.53981936583761,12.6109290258602,3.63571662707496,9.35216328137092
NA,NA,-0.188956837106662,16.4563340965542,1.64849883468187,20.1660035665267,4.31133672325093,12.380334604362
-0.592288162622646,17.7436862874755,-1.40276374571173,22.7600687793827,0.460371598535824,13.4295325862198,4.01900463432698,16.5844579807273
0.933240380248461,8.32601916830665,0.511687726716989,14.0841583834516,-3.65617995416163,31.7027856845319,4.18623436372947,10.8050708794449
NA,NA,-14.0038129560412,41.8513306049841,2.31092342817675,16.0735595611857,3.8295148328951,9.50681835936871
0.0996905587152428,10.993920750543,-2.70212316127229,20.1916142322459,2.42061449576101,9.67670988702515,4.08018627154042,8.29364719045328
1.75107244805714,7.20864772081701,-10.0369336720614,41.7760159628531,2.79578558978598,11.8109526945025,3.36739588185607,7.53573709809057
-0.673736043035916,18.3821046460986,1.7573953510408,8.40757406326879,1.62884988988439,19.5252026344584,4.3995243379728,11.3488018867891
NA,NA,-68.7855934286935,126.980088693013,3.31941633928038,13.1933476231518,3.71483814103479,11.8489747636001
-22.7094523504688,2.94418623590934,-3.14609234221931,24.6500761904565,2.85482967146679,8.39285289817543,4.25596686759612,8.42768075489295
NA,NA,NA,NA,-18.9854571281088,58.1371327313368,4.42878342716188,10.0739672507594
0.459086514537491,11.0849784960982,0.134572467011213,12.2610690653241,2.58686201352612,16.0474000080679,4.61869929402045,11.9814410747897
0.342008196657753,13.2519789044138,NA,NA,3.58989137944655,9.59156433494312,1.5986210798589,27.5556746278357
0.76196822816638,12.6252530509106,0.384506656711746,16.2439410468634,-19.8142016479403,63.281031587792,3.87567009429287,8.12977432545733
-16.5335392042392,32.9825111800621,-11.6574675912664,42.2253597241703,2.26430943493547,14.2103338455266,4.38188035824226,14.9487559761004
NA,NA,-8.09863972383345,36.1526323068065,2.49157636879524,9.8364004616902,4.07351721679384,16.1192978467182
0.847724773602286,10.9204353509399,2.30423473861714,9.41127689599055,1.46328659703165,15.7080446467721,3.38617923203243,8.19575152806242
NA,NA,-242.146190379029,326.802897377645,2.83498990661241,10.4790432079576,4.11854658555433,16.0514557735865
-12.545469623571,38.7125475157082,2.5119044942715,10.5198949741834,2.57651577792594,12.8565626870161,4.25804580577979,9.95500595105597
1.5929691794279,10.0261463189382,2.74899442413714,10.9109147205327,2.97995750482221,13.2952999041915,3.81434401176588,18.0945968465483
-210.905288023925,284.396539143857,3.01242937030451,5.98723781748577,0.158512458069364,24.8337276624451,3.43361081045269,19.3716118461314
-75.2801604935729,126.639964402162,NA,NA,2.82606297258131,8.44092156451065,4.31671816890449,17.638878447796
-5.80384559426814,23.4482194461462,1.03713700469326,18.0729483483891,3.50042016631264,10.7312222018622,3.80597409536699,6.70791495381814
-0.136986033478188,11.9667828024442,-1.6139140954454,17.5138243094449,-59.6494380242226,129.168632980731,3.43531531407054,9.50586634846933
-0.23464998334655,15.919136085819,-529.052267387431,678.761439996407,1.80584168797388,14.7658380086026,4.22123312644041,8.55911250351897
-5.43751824694658,24.2740676655638,-7.3113132433331,29.9529432031809,3.19274707076816,11.827262476746,1.92327282099119,28.6395795055537
-0.570094731224232,16.7020428813713,2.09883882814423,10.1955537772074,3.26510579734023,11.2983880713477,3.73367488546676,7.43088942734046
NA,NA,2.08084037588403,14.6579943416511,-118.284920845117,206.692565199223,3.42372523705685,7.91969524749421
-8.64124922173674,34.6707558416997,2.73577833642182,9.82199142243481,3.37297273546387,10.6292824933451,3.71901142898935,9.89929890361596
NA,NA,1.96947837647701,11.3762780324587,3.43552699360724,8.47665273784066,4.2801386867548,12.0029281475457
NA,NA,-16.295487409067,49.2629250323495,-2.36835757136559,28.7524166095116,4.39572491602868,10.3876760933137
NA,NA,NA,NA,2.49713249513719,16.4150942827029,3.44952665880413,16.1571698265894
-21.90753620223,57.3646448658782,-22.3792998310443,58.6365668311526,3.09344351939359,11.9577987649896,3.87894894979731,8.882669446653
-11.082344521139,34.5458308981993,2.08404959828624,10.5017972533791,1.91911868852246,18.8295500076442,3.78226286505954,7.46441416293406
NA,NA,2.620193248228,10.420915490103,2.9853106276493,10.605233394923,2.84883845179151,24.2287829239294
0.560990620843845,11.2382092964584,-0.393891748263593,21.8309428666846,2.06375205639191,9.0651579823128,3.59091505259835,8.25395476957929
-0.242269333849114,14.879356446012,-98.3181556841362,171.113125055514,2.88032871958268,10.0794792408134,4.26834356045337,11.8042879899635
-7.54813096452888,29.3205740686883,NA,NA,3.498864580708,9.32802003822263,3.87569131122782,8.71826459472064
-7.12467434161512,30.9904787153614,NA,NA,3.80644702478272,10.7178779935471,3.81400975454265,15.2944446929812
-872.995959915989,1043.09028798567,-15.6808582599201,46.5388350120055,2.69011215181406,6.16547771884757,3.96002187360098,9.84628239638701
-7.78194114703526,30.3159606900035,2.80941476152565,10.1929178269277,2.20439340973401,15.9934059481816,NA,NA
2.2787106969452,8.53525633657178,2.46288313163625,7.26022026260571,2.1804430385129,16.5725755159624,4.19733159623513,14.8329961062989
-21.1800654522669,2.8257972016117,2.21614901839193,8.58036489992035,0.810191436527727,18.5377938240875,4.07201557699819,6.96068134895547
0.92878563793094,11.7420605619566,-0.793853543205767,15.7495846096727,3.3020071626904,17.3095627541695,3.97750522636939,16.2365021632465
-44.5348337934111,16.5457904534065,1.99203826749853,11.2685707509456,0.0192222786158496,18.3796570162841,4.16747652495061,13.5355761789455
-7.63316737688346,28.7909059559748,-2.24416812560977,21.4525664120808,3.6109461709214,10.5039822869042,4.63287715693579,13.3295576713047
-1.44881657777616,15.7073095521366,0.544652407019735,15.1099713238903,3.53076019338515,7.94603835298418,4.10353550485309,10.2102543514175
-2.37014843956128,19.3462614896602,-1.05934208513214,15.8032675788235,1.96360672578231,20.6901672351307,3.42515520826951,18.3702526681769
-11.0043019611947,32.4272050123928,1.04455127986518,16.8649079423595,2.50586766405482,10.8728268391708,2.47359704449396,7.83921510193748
1.49065261215979,9.19072699771587,NA,NA,-12.241528163219,52.7356898628133,4.03652847528723,10.7612476029565
NA,NA,3.13717047369146,9.42595226556561,3.31356678690831,5.14601771460242,4.41369391923154,9.49929898055204
-1.71425381206541,19.6965875756568,0.292453990900833,14.0507406069652,3.31139751072734,7.4556942925069,3.63620966424629,9.83652273915239
-448.188160488354,346.66420958014,0.605486353526945,13.9630138951158,3.35957287531706,10.3438702986152,4.26224277830612,8.78878258367854
2.40676569781035,7.22248318189604,1.87746598672417,8.95170548672903,2.44913741401347,15.1501644001392,4.28122166184506,9.30967808799736
-7034.53216261641,7046.07406790227,2.92562267981526,8.65124659656227,-9.02974666466733,42.0233092761022,4.01172095554383,10.6609001054446
-0.250505029161457,11.9787670003333,-215.206812411661,304.044173948677,3.78829987877186,9.6445939425816,4.35388384718602,14.5739812245376
0.573796796466916,11.2984746081501,1.19696685398817,12.0257157191711,-11.0096748485563,46.9354853834704,4.03218756215233,9.21313582900182
-227.723088624575,158.037917706974,NA,NA,2.44778232239091,12.8667092056507,4.17278713721493,11.8470607431905
NA,NA,-6.65304813533257,28.3817706272238,-0.20556858813752,18.9802981962721,3.82062050551041,10.1605642530071
-29.5138286181646,59.4260877741994,2.77465009347205,6.15883758745723,2.38045653789255,8.11561743897551,3.51341416338072,21.0167203908622
-1.32983373203759,17.9231598376855,1.97378738015688,9.30266714957351,1.81266987000581,16.4497750857337,3.06297872119894,14.2393530799647
1.17822418436306,10.5988905910562,1.04093082437164,16.5690434007067,2.50229316873914,12.2034395191283,4.0699747070096,16.8562444687211
1.1302278988631,9.53525368223083,-103.229267497107,167.827649889754,2.24790496423163,15.2420626500555,4.43128469110719,14.1952961036204
-7.42207833016424,28.0397121202315,0.198255138278378,15.4954894260101,2.61495567780733,15.0081441224202,3.89039301700801,19.4687248878609
NA,NA,0.603432068262098,12.3722234621695,2.61670761664902,7.98718236001589,3.94671526599799,15.329789735368
1.19362581370517,13.0909897745725,-8.77152055615443,35.0983676463836,1.54885349346929,17.2570346193563,4.20177136883112,9.35592227386115
-2.87787573909858,14.8102393300932,0.191780290076924,16.3949216243588,2.65422268766716,12.6326093539478,4.12737831522539,10.1950177712346
NA,NA,-11.8495287183737,43.4116280464973,2.20664097064708,8.36326354069382,4.06126873549008,12.8271182858015
NA,NA,1.46394459316565,11.0282238503586,3.63723632952956,13.157036106434,3.49600886824491,18.7172500764165
NA,NA,0.820570969060482,15.9981858929713,2.02161149987719,15.6375381890579,3.94001840778366,8.02191530885932
-10.3128410952833,34.0423164662019,NA,NA,3.2586301189053,8.60473781985815,4.31361956034046,11.4157934666315
-35.5627970385888,72.4767539451344,-0.0634253745738906,13.1300709629225,1.67237221985041,18.0272256524672,4.47618656336727,11.8041063268494
1.38673115797509,9.52244709624082,1.41780457138197,15.4362728210543,0.355045095399012,15.4823889530461,4.19517731032508,9.63603386246311
-4.4602704245848,22.902427682748,2.44184595804037,12.1662966460854,-0.450760813165662,23.0146278320064,4.57057302968998,15.7207109918218
1.50531244535495,10.2524196082818,-24.7911207811493,58.9831562193495,3.30291843676767,10.7524625231382,3.59713357923317,9.84963275778931
2.09210786106199,9.76151657402862,NA,NA,2.94027708295235,11.3983467005017,4.11821241842369,8.35010724016644
1.89113316970986,7.79163617614046,-5.12347162838567,26.9209837253653,2.55017200744613,8.67445595471481,4.15888800636674,10.2306820147621
-4.93603005725115,25.3318328351385,-0.275443178816596,19.9730299815769,3.77552226148879,10.1037409901632,3.68397364658795,8.52380558967523
-1.66985020003222,18.5991295049585,-1.90152590962433,21.7083089844623,2.9300127259111,11.4280171890408,4.0159297446278,11.6127969978177
-7.72186662131119,27.6578203832819,-2.60319297549061,21.9925552966751,3.0230156301521,11.4750898435816,3.98687143171807,11.1895022840772
-42.6920203243089,13.5988260755888,-1.92197601015012,20.4356690445679,1.82982243880589,10.8560968606395,4.33846891537896,10.42177014967
-10.6667080902773,38.008990384948,0.467465505749439,18.3383012203736,3.73627151657528,7.8576040868225,1.03116483328005,29.380453800785
-19.7783021411425,47.5918296768286,-14.0087673802297,44.8228593830722,1.45484393191873,18.6027932526639,3.94528723258529,18.4923266990943
NA,NA,2.06620237787649,10.6760757278524,1.89196117207601,18.9174180788476,1.93697678669055,23.0349857854932
-3.33941199899766,21.6143931384708,1.41335836235944,14.7050595301697,3.19264562229738,10.739071888389,4.28681095910192,7.9741301429745
NA,NA,-16.7325228607741,44.7635984439713,0.781552568355627,19.124063653295,4.17495562059804,8.24149347298054
NA,NA,2.05298623473629,11.7318856569409,3.77979532556115,13.1349450974935,4.05086334251481,10.5392518405795
-13.3528800861834,32.2329579706406,1.87017694053807,11.5323413429319,0.612057840577018,22.8954635970287,4.19526741307632,17.4605097492861
1.81928972142994,11.2542090643379,-0.169219427696544,15.6024553727754,2.96404481890315,14.5402358276264,4.60379776900306,12.1263412925877
2.54559942199873,6.93024269948196,-1.64830997682663,22.6758733817425,3.44863876635196,15.1396133412982,3.97648321219502,17.9083653144886
-20.5130085921943,48.3103314257501,0.532590473760589,16.9159830241409,1.39529647282797,16.2200323060365,4.02145577225189,11.7238211066417
-473.58572013244,375.162473383642,0.630580004223778,14.208961473315,2.88123185743006,8.47740974589744,3.29612838256998,18.6803136980274
-19.2488194070759,44.3032017130911,-17.5754073907105,53.6817891462173,1.6075015919619,18.9135480125867,3.89257099202492,8.8052852538025
0.906354405199067,8.68114690719206,-1.95938174930988,18.4287452233221,3.4205766806225,12.8282894772385,3.67965145746453,7.18143643865264
-3.68224377257111,17.754684285127,2.83040787886573,6.03705744348706,2.84611953492784,6.37216268389372,3.55279038040989,13.0446196107934
-0.152802844288297,14.0329116861844,1.13385308935538,13.4663850555337,3.43014049802163,6.6560078937426,3.90797962345719,8.25897060020301
NA,NA,-9.11671267904561,32.8048177540048,-4.82462037679132,36.516966271465,3.93087649776926,17.9782514473166
0.29932895314545,11.2655218706641,-35.3989788584182,81.5721272328058,3.48480167125535,7.56166472506797,4.39668532458434,13.6496013074276
-8.1193688090832,22.0521397448814,-4.31569217144536,28.8629744633856,1.56597615896694,15.5426360837035,4.03082003524918,7.55699565550652
-2.34362484073726,18.1670771336606,-2.47392378537179,19.0089686230026,0.615584863368483,23.3135208611141,4.1133780589255,11.3936721107099
-115.123895269583,178.890129280726,-187.13726057938,268.176514621422,1.65794562441023,14.1939462378901,4.43874405336046,9.98858371733308
0.164299691668369,10.6558841581524,NA,NA,3.40933906822532,8.37812836880439,4.13143395188582,11.867961877582
NA,NA,-9.37678887513269,33.6147010596902,2.74086760743423,6.52374658718574,4.55648745642756,10.8536564520577
-14048.2358500904,14059.4335369405,-47.231197405224,97.5621771383719,1.64998109652686,15.2117640143286,3.99800021697508,14.2699234353892
NA,NA,2.76072252728179,8.84283843786628,3.14266882992116,10.6392964428485,4.19024635117822,8.41405791907285
NA,NA,2.66015406566304,11.2845046136416,2.82109724432959,17.1083942998912,3.76194861326652,9.94776644550454
-0.168664337244014,11.5563212970291,NA,NA,3.58463506246862,8.74209656707052,3.99531752447903,8.642164581387
-8.22961727983103,33.5130050456322,-10.5743640424992,38.2628606335904,-4.18712792019103,37.0690636935498,4.28558317777117,18.6888991514941
-24.2196402112702,57.8694202170475,-12.6003826177953,49.4812016012107,-1.33515778277311,28.3636215648443,4.09475560865232,8.39987300653695
-296.011949498813,383.039138485904,0.446803924130794,12.0850029853763,-23.9774643513744,76.1638160763733,3.58626089492422,13.9718461425385
1.57743706929322,8.6061339725511,0.751578461568757,16.681019267973,1.83562197016596,7.20482961001255,4.52290745476261,13.456081100357
-4.57767618683576,23.8784600805075,1.06980455896657,11.9313548235334,2.18900672056504,17.0419997095181,4.297283520761,8.95103128588225
-66.5529313692517,31.9237751558114,-6.69386920120924,33.892709561193,3.4045058010761,6.676125984226,4.27650903443943,12.1516807494947
-7.04633388130931,27.3055750186828,-17.463155313979,54.7944263967271,2.64915018008639,13.7170422092489,4.85495458449679,14.6351341895359
-3.23958929822083,16.1015345275982,-10.9920031916957,33.0034544008887,1.90560655224909,16.7426795986679,3.95524845071372,10.9165050488769
1.98850079774389,7.51279182819296,-14.6404791104457,48.3297811711712,1.36281815451535,17.7757228455199,4.74025785577949,12.9814825555328
-6.15417340888314,23.1375767504546,-15.625564658342,40.6281709630575,-0.600864431579225,23.4711504625229,3.6871562799069,10.2371732027878
-12.9384633821899,31.3350020969674,-1.11175509302461,22.0809723363639,2.77515245378961,12.9700674238451,3.99665109552402,9.78428607707668
-25.184734158918,54.4472324149731,-122.361466428771,63.6600378596457,1.25023027933293,20.6539389489942,3.50931076836455,15.6873071784127
NA,NA,-3.68100331691494,27.1712677063647,3.15419195892142,11.467855897797,4.05438355883184,8.48420788609763
-6.37868621629107,25.031378677923,-0.471917719530861,15.5829408615127,2.25967249637741,14.7031525368496,3.38618654679164,7.47180676498958
NA,NA,0.354340742653852,16.0213579779112,2.86384767486052,12.954280690637,3.88168309617093,15.4441870167159
-10.3169539142119,34.5517082369968,-16.001456169625,53.0632782444238,2.80366806636548,12.7979398862426,4.51612163492283,9.61185754552147
-2.45258878126613,20.0398311433008,2.10913255649797,8.91866904991455,2.85711622614271,13.9079413620545,4.58856028837275,16.5051578919897
-6.12726837103174,25.53266936275,-0.138938174199652,17.9746519257247,0.696540420452774,19.4860007207437,4.02111548641439,8.37593723046294
-1.26839537096595,19.5443971225056,2.14920538321913,9.61516831547391,-1.34151038173658,25.5094071296006,3.80020919235286,17.6739248685619
NA,NA,-1.03453121507317,17.9748106068606,0.0531931422934804,19.8192001821494,4.21326711652067,8.8108586385049
NA,NA,0.434127974391529,16.3905641577859,-9.45568146802879,46.2602931673631,4.50080615849824,10.5271322633471
-20.0480812843507,51.3645965701299,1.24453393228674,11.4783576702072,1.53132710446243,17.7107113214917,3.65474465799796,10.6432279810509
-1.46991476786252,17.4216756775334,0.768316811605566,10.4051501978825,2.39733135810167,10.4424196546318,4.17815870655805,12.2657472857168
-12.9000189222428,36.8823425318505,1.979203309872,8.44970888911805,3.24782493937053,14.7848687811215,3.30861353920365,24.1209056885571
NA,NA,-35.4385712416142,83.1350788044337,2.96491770622162,12.1346319649451,4.64802699239332,11.4309840357593
-5.57902108780086,21.9620153675186,-24.3041173105061,61.0797541363659,0.284534167702159,17.750970787398,4.18173176701891,9.27467753968846
NA,NA,-46.5252108390986,95.5796062827413,0.793633566451064,22.4846573669116,4.24933155705064,16.4229732062613
1.13525439937472,12.583809515105,1.94124616679966,17.9583963025605,3.21344175324276,9.98954517009052,3.55669598438631,6.92054495714261
-1.5144529275828,15.6729893190125,NA,NA,2.31600556724574,17.291784009823,4.25738449302567,12.5953844700291
-161.022067314101,231.306202565702,0.775986499249224,15.4635503050421,3.1495816546517,8.50885458853391,3.91945328634111,10.9133643881182
-0.359251563931918,12.3633338849664,1.34923388353962,12.1248547883271,3.60736943620913,9.54067028661056,4.45831161517096,14.5969592715375
0.523774754335647,11.6474885061248,-1.54008027737556,17.9753294742253,-0.373991704673445,20.1934332727103,4.35144114468037,10.3161896353402
1.2252753842614,9.09213277281263,1.67462452751163,9.74769936508632,2.70137827580317,12.2348148089411,4.41422781499511,12.8810174544859
-1.5052615402243,17.4849500608863,0.910226879041343,15.190372833982,3.2997795407712,12.1245340175671,4.05153453613588,8.3668253997135
-121.005190933149,71.291346105204,-54.2073433720142,104.126582163455,1.82115840924601,11.2285400901684,4.35195490797025,12.1988541059688
NA,NA,2.62207012800791,7.55605342904373,-2.2494883860711,27.8997588908595,3.71713995359588,15.0150273250765
-345.028895724893,450.845499491729,NA,NA,2.9760002916822,14.39170240739,4.14772392681991,13.2986339505827
-0.28066577824835,14.5636122991475,2.54076322026622,7.6077952785657,-2.11260567013099,26.8485327605204,4.55591201110066,10.4001545972662
0.824728843781462,8.78390045103341,0.410389670655517,9.69223184412183,1.6601876686323,15.4701819872712,3.95955071450228,19.9950379810108
0.118896605105975,13.109080802683,1.7821894109552,13.7785040761726,2.4232652224831,13.8071067186712,4.82542600310188,11.090003490568
-0.234298703971638,15.8204128535015,1.92581569240629,9.75351091685173,3.70766245808517,8.3231202033316,4.30942649145213,8.84716312069751
-0.699902641937085,18.5618225841491,0.460813149893249,15.1707107584571,3.37353301261054,10.4251205356212,4.54518974909444,14.707240985115
2.09064587160509,7.88085364385293,-2.14637133180157,15.362414481004,3.11078616231053,9.91598891985777,4.16729118921565,16.139910132393
NA,NA,-21.1937065783539,59.6185541252707,2.35406789772763,17.2399696791324,4.16199493283487,14.731650101637
-17.1494102972568,46.7035290140841,1.91055408634103,13.3635269559432,0.0543102092420877,24.5564111537476,2.99612336275582,25.4583224633725
NA,NA,-1.6103706257147,20.4685453971579,3.31333512840637,9.0239835129126,4.25009096752367,16.8526799638969
2.52542651406053,7.54383383635348,2.08480435870165,9.44522626817383,1.23423391076614,16.2112316725982,3.66959987253446,14.5809473934799
1.67759449496067,8.49799398449986,2.53306347919868,10.8107241653071,2.78227651650883,8.86809294467361,3.94688036653177,10.155169022487
-23.2274473317514,55.4421919756465,2.25002460493779,7.52729744092031,3.31974532500527,11.5860837030601,4.24321109306981,10.120098922883
0.309710163061478,14.3580959626984,-3.24852925782058,22.8422594437356,1.44580399782621,14.7500103869176,4.45285894934768,14.193935745368
2.18137708695593,6.77916083006567,-11.056998420383,39.6789792788535,2.52990650449907,16.5367147286504,3.73452655902032,9.39734290670347
-137.516062424801,191.852099358767,0.705806641951137,17.5254093129205,3.19908474653741,12.1582385283927,4.86052917283464,16.6690213564733
-746.669173941058,900.863945856496,-10.8994761242351,38.5686918579375,3.03637187701409,14.53993258825,2.25605484373255,23.8081875001434
2.47421032850097,6.39656057545933,2.51064238315933,12.2515320058023,NA,NA,3.83707713309541,10.1067424163902
NA,NA,2.15647597018016,11.9563625286214,-0.383516711218377,21.5789291008827,4.21717693096756,9.37439586197813
-61.5536376952145,109.808874158631,-1.37145496107484,11.9367399325782,3.9993530854156,8.57527273227359,4.13966536987209,13.9080323564527
0.440500570188282,14.7612948258777,-7.79896489667696,34.5771279167415,1.69815244509527,12.4798907008095,4.49304511629907,9.88973030725937
-1.85835201209922,13.3312399035745,1.76648241465091,10.8106786738672,-5.7784218855145,41.1693868156005,3.58067645903977,18.8952950564166
NA,NA,2.20851107711453,11.2869421437668,1.19965385050508,15.2549240999522,3.5186174305325,21.3809634614321
-7.59514175331739,28.7476971131812,-1.37670250273502,16.183995237613,0.535314844734437,23.1610876173436,4.39229093226966,10.2568662793705
1.0323491412814,11.8265488734375,0.139399328941723,18.4948800935577,-0.86581889992927,25.4522708403228,4.47055582152844,13.920201729053
0.361889715827326,12.4628219267178,-9.13144972895617,36.5398517385319,-27.9246507532865,76.1619514576042,3.19678747207217,19.358938460737
0.447259091834839,14.5718171088235,-0.837571574910505,19.1170034266568,-0.213534564985711,22.9987097739078,3.96606266242749,8.40061593765485
NA,NA,-4.24740189474161,27.8711036150505,3.63157765855202,10.020021661176,4.44592598225676,10.1258882640797
0.265829043345664,14.6125846709293,-3.0768807385567,16.5594362729628,2.65322071628766,9.18641463361389,3.88699832684643,11.2630049953343
-0.355529379738389,15.4761187329421,-430.363380032528,556.671022678128,1.53653863584282,21.1082878291181,3.83119615022491,10.0883103353372
-6.2723153521066,18.6887367856756,2.10643907587986,8.63000623354167,2.92505346397405,9.08688650048861,4.39211058453704,13.839994307577
1.1245596769726,12.6588007670534,0.11467262617848,17.6257736553432,0.0384582939265457,25.4637835703943,3.9452217646269,10.5042160115838
-22.5960189429691,57.8284581867675,-0.414382029341034,21.5182180138532,-0.307962257734685,21.9778114624645,4.13436462106433,8.88150754815565
-18.7515029322836,49.4861183679832,-0.239030968731413,12.3667010245417,3.54529491865621,8.99084569065283,4.555198735904,14.1648495485876
-12.6389692512742,37.065335151841,1.08469509600845,15.3836793727696,2.45942765324369,16.1738340135181,4.2993572790026,14.3800672978632
-633.724168241289,771.909094214194,NA,NA,0.834628767401655,22.0702898854461,4.43503744644772,9.69248048785736
1.2828951297948,11.101477874535,-10.4311373713238,42.0399593461325,3.30021759419104,11.0641710790777,4.29448413463086,8.47512561706442
0.57669061326448,13.0211562294208,NA,NA,3.05872125847758,6.69745341450402,4.16183835617978,13.190116775505
0.633901504686732,13.7522918102542,2.28693741680211,9.07552284629305,3.27519864875025,6.69302966785413,3.37317769077497,12.3937076279691
NA,NA,1.33298283980627,12.9197277997902,3.71810507278273,9.98758694148478,4.30227932513498,9.31912051865758
2.29191798705793,7.01040507205957,2.07829842844627,9.64761533670607,2.48352343911099,10.9184552449973,4.61426569101075,15.0896907282029
0.682810520725335,10.4690508100873,2.59712789475378,7.30662436104087,2.88728994936853,16.9335063086242,4.06852479593034,8.45318422394109
-0.384626760586409,15.3401511807062,0.935910081521305,12.6585908607405,3.35160094453028,9.14652573260755,4.25664295885666,14.9118181516686
-1.19828506443442,13.3075231957392,-0.971927426491739,19.7265618274669,2.8622176862915,7.52035638042186,4.02378991989062,15.6734775895364
-10.0350492491159,28.1874856037459,-0.788094352944375,17.1834411452675,3.05731665707368,11.7098782408534,3.66303369850753,9.02307691687578
-10537.6045707288,10548.836614744,1.57526399181792,10.8837271837029,1.66800281897707,17.0800444028321,4.55360451412581,9.38454491808436
-195.172732688343,264.978142782185,-25.2001842984618,59.7716452251369,2.82726387135514,9.05405939682984,1.95866610721801,26.8534898891813
-1.05811561332282,12.667879034937,1.89093182455889,10.0000092910101,2.44290675751845,11.8940010985254,3.80959122770267,10.3963045847723
-0.128466744611231,10.7293773485361,-16.4444832829205,45.494068662209,2.89495044129607,9.06969110939796,4.47511783049574,11.2457399484638
-3.35998624295815,13.0299889902613,1.44354456983078,9.19888441666873,3.45173060374791,9.07071030787857,4.55999461165643,15.4207999036166
-4.2669303417609,22.9198620323606,1.04824529736446,12.5281380965651,-8.98609234084273,43.3364197645029,4.59483269497808,8.50554086628021
-17.0802689856772,43.4710925494549,1.59522603859779,11.5656946056615,2.82047357347783,8.00239049966237,3.15366856163736,23.7698430812813
-25.6207468377989,60.0389122620811,-0.287064068501572,19.1908568714451,NA,NA,3.8348138686208,19.1547712449777
-2177.20396511147,2433.45124143948,2.43026360163352,8.84006015367301,1.6833405525951,20.5391816850489,4.2837945234619,15.7672619982945
1.55094390611077,10.5397987689572,0.454477177479387,16.1747508878059,0.117167540485804,24.5181209003825,3.90419112152269,16.7477026347688
-7.56393252065499,29.8409051484627,-10.5290238848587,41.4047944553321,3.30686994753141,11.6812151472292,4.293564928846,11.0495057080416
NA,NA,-239.676302985893,335.994235116153,3.49390057854892,8.018308166794,4.81472480023982,12.7440874788679
-11.0182055121741,32.0447774375933,1.95791671714354,13.0039646192511,2.20055675096885,9.24150033511757,4.06356150802513,15.0480829339264
1.95730770149006,5.61331793547868,-7.40734812345456,32.5266598517999,1.30110013404886,21.9490318702487,4.75672865616933,15.2399535303641
2.08718906797827,6.64345798439291,1.2852444206268,17.1124827264843,2.36312571019487,12.731313648236,4.0600117208492,11.1956054154749
-29.4122745802363,7.86660734663896,-4.75983985078651,31.2446655236092,3.76995252273501,10.0448100059584,4.11616261534522,8.56696727512275
-2.62280296155596,18.3148320595122,-8.20549854268337,34.4606722418323,3.76226892458376,8.63320250963536,3.74292170287256,18.3905447755435
-18.6104166117126,50.5461946738732,-3.99391295674263,29.422431655025,3.17625859313145,9.66145637877611,3.99028930279726,8.71718134799288
-3.10322824472385,18.6821663295488,-0.0878443819395933,16.4858811341704,-1.85965408263116,29.8585775487462,3.88108278134914,6.32279189431267
-125.666459856167,79.6734362341806,1.49603850772363,9.4543512544778,2.69462796424047,15.0499383166126,4.22935941536897,9.88360330926132
-17.9787560496879,48.5709632384232,-7.69167497772822,33.581271096916,-13.5856883974522,49.0929773500887,2.41293735984086,19.2587265382373
NA,NA,NA,NA,-3.17845666005691,32.1043846613607,4.046896890933,7.87821319159607
NA,NA,0.114189733381675,15.3980727095552,-4.27846893080401,34.5545191285657,4.28643655376075,15.2398577922536
-8994.7191600783,9482.9131294253,-2.73652085503756,27.5371213884032,-3678.83039089237,3688.67176940436,3.75661363395554,17.1897664255494
-49.2559568344591,17.950320356366,-5.76421174817673,28.7992079634833,2.95562937705476,10.1101295916003,4.48000898126737,14.449231507664
-61474.7668280506,61488.6260400523,-0.762156025664799,23.5034159176876,-796.082521038287,1003.04773839408,4.24151465739306,17.8170479963023
-2.6237555789969,18.406180953302,-94.539102305778,42.9158027727911,3.61842647502148,10.5889453624516,3.74338853946422,7.04092425960639
-36.7926548257873,76.1753624298259,-2.14070948759188,22.0851592609063,-4.59035808690012,34.0234517178661,3.83669218879471,8.13047920436247
-33.8157139676103,71.6990996244134,-16.6838292596082,49.6945715228409,2.5538553112259,9.41484371433108,4.37925515699311,13.9449440196152
-687.625539538673,820.209718306181,-0.404457870704114,13.2026921216222,1.86399423346582,18.7814863552761,4.32815799748405,9.34061741044304
1.50606240116529,6.41409856004646,NA,NA,2.90747905070254,13.8702552537675,4.46292704407187,14.5649093195433
-5.21988727024282,20.4569558326669,0.498040119343233,9.63235748111063,3.52696892007332,11.4131771528547,4.40592221538731,11.2075172062123
1.45520239525446,9.70408274759644,0.992492022879189,18.3787482132261,1.67772391789196,18.4580000280245,3.89273305043167,10.2795171222197
-0.786884492380608,15.6550669180074,2.27802206083023,11.8417975975739,2.82341483394346,10.1332953148419,4.17509186580558,11.8347022023757
-10.8101479538542,36.628317804989,-0.856145498295289,21.6460196700656,3.16216688548515,12.9240369594363,4.49526577321415,13.0470664586963
-7.93847970776944,31.214117301416,3.0125114916576,6.82067161340008,0.632597503793477,17.7483511904792,4.30327893923946,10.6570282598095
-57.8158607299885,100.173877829154,-62.3964748987484,24.3653641702715,-6.08630460666084,39.6824232697984,4.30932581765297,13.2579993343199
2.3732062128548,5.15627927433473,-44.1098360080254,92.7208607150801,3.23875303517512,8.18395452530318,4.03469487509044,7.36532384860744
-3.10316063548677,13.8455634327746,1.71198343043116,9.36884539009148,3.09575028735499,11.1759384240319,4.28327475843291,12.6729599053388
-2754.97881279369,3031.37456948176,-16.3296968105854,43.4085750801511,2.6428985480001,10.4977780498269,4.9063866719449,15.6538443407462
-4.08722911212219,20.1691210963481,-64.9872868160924,119.42599883429,-51.2210451676795,115.278109707149,4.49737992008671,15.6432706690338
-10.4109579921412,28.7249861719934,2.61448702574866,7.98086499768261,2.98002678783485,8.96193189348091,4.34316940553638,10.2177239900913
-48.4976091846484,87.244764580868,-2.21843095428251,24.6911187595417,2.95347782095854,15.9701823176735,3.98634412819445,16.7503916668945
-4.51181867161537,24.1213911929722,-3.96001583156513,28.6593622535667,3.07663288929635,11.0903373452647,4.34771408202151,9.0285402951478
NA,NA,2.72487228051617,6.89218876365532,3.72895009854329,12.39266035782,3.75996465668904,17.278346973302
-2.70468190936381,19.8730082225428,-11.4582574500082,23.4725565352906,2.72045581134397,10.3193612545241,4.0597189289027,7.79096359161559
NA,NA,1.84205080598073,9.29348836351952,-0.603593237876266,29.8268455625445,4.01210675261861,10.9982981580584
-15.1233635935438,44.7023927257725,1.01377180037216,12.8215142773839,2.92859187014859,10.0699403327384,3.83317657085198,7.13596658412397
-1.72801691493114,15.0940850150723,0.364657676320085,17.193176468999,0.955046859192832,20.3039991637596,4.07993519250864,12.9644123920124
-2.49001831971554,17.6004860966922,-46.4366158801113,97.0964696200711,2.9775219443107,6.48352199971964,4.0679573761278,13.4984637357445
1.30972807867516,9.70411004734357,1.65779281656058,8.58512954589422,2.38291578015257,15.8379242787163,3.57138657122922,19.5329938453955
0.693384669352564,9.75193326972829,-19.1856234080234,55.0035329742357,1.57940598956918,19.9782751261161,4.41772446999957,8.17244409583235
NA,NA,-2.82206014476586,26.3790726108206,2.90651516491558,12.7688540213286,4.13409188274619,8.56084431651316
-1.99414662652964,15.5688792553495,-90.797131209672,153.191507703046,0.506851913312579,18.8905926221127,4.71616974380377,12.5938979344783
-1.02192646398561,16.8479569446255,-2.02268874233562,23.1838459163241,3.84978646826992,10.156944547913,4.21224855728054,17.2403053830567
-7510.22414729613,7521.44502851764,-19.9945411548778,59.2829690001245,-87.1941076272343,172.394877623679,1.64847719040161,27.2888609267557
-3.55771004937316,18.7953468438563,-244.059049137231,342.169788723754,2.73823923886309,7.16582902181669,3.5083450514017,9.61036987649868
0.684310993336436,14.1905823249489,-3.16402000674874,27.0101302384785,NA,NA,3.308150345392,17.6823211001033
0.578423595219947,13.0957962718171,NA,NA,3.33276562167814,11.6020443321239,4.8478964006707,13.0375213946838
-5.67106629755138,25.9634492342878,-4.1634526616936,27.5570615445063,-0.436686207077416,29.6048749454986,4.276155852297,11.9846900151473
-2.77911387212614,17.7181615565866,-0.604989344825926,14.3232774739667,3.44577517820985,8.9076324394279,4.4970944281544,11.4290071117121
-9.77589924928672,30.1200263826746,1.92824087711576,13.3428964294799,2.30729896013382,9.3668417781495,4.56145503527101,11.0703092047302
NA,NA,2.37268587269286,6.90617525631986,-0.553708705470916,27.8819345323203,4.2680095594421,10.8624904313383
-54804.2155299953,54819.0943114685,1.8550621601461,7.71733144603868,3.65143147689088,9.36332748530522,4.24070855113951,9.30508608431955
NA,NA,NA,NA,-199.763058057247,308.235084395178,4.39814104937224,10.7775102228148
0.39811810884075,11.1305419207558,0.42394685711601,15.0419301221993,-2.30556712518372,31.4940064050617,3.4991472932475,10.5609872319093
0.13206590612004,12.2557959815659,-33852.082081591,33861.1171146477,3.51515070807691,10.2300981543087,3.74451916890625,20.3004430793106
-35.0700657256049,73.0979647413127,1.5961192069721,11.7836112504818,0.883899985152761,21.5747263143963,4.068087737811,10.040514282758
2.28415440249024,6.96422560102855,-4.04963062812969,26.1684242048327,3.35978330155021,7.65905413902344,3.64367887476801,8.09017998944899
-57.7722946979928,104.418219912042,3.11755873880485,9.11454210501851,2.99293719990506,7.50491937667586,4.42533488445883,11.3268594280459
-0.188287533103507,15.2106365027264,-2.6292120092634,15.6477013035265,3.76409803544543,8.18395109473112,4.34483127622805,9.39744638367983
-5.7850205023707,23.7065378876248,-1.79237931548387,22.1419242620909,3.52092219741791,7.90335569957196,3.31256850416808,19.1446329728407
-407.198718835171,512.541877646198,2.90486290408662,7.19096347489552,3.12378480667205,15.6256506204137,4.41519836836206,13.3172271619446
NA,NA,-462.921227720509,344.767811896342,0.0519274192548131,23.5439240742521,3.45357557072517,23.6033812812023
NA,NA,-6.28397184245829,31.7516487816117,3.132226359239,10.6199695728462,4.11166564105447,14.0707922210667
1.64954601747632,7.27826407117731,0.790296966052653,13.4071410394781,0.447355011543088,21.8765150886096,3.64775351587751,9.49819109854692
-3.03733110578744,22.2113406373057,1.91587526270599,12.8285250498654,2.18533137411654,9.71249383417654,4.12244059064023,9.12979744929412
-7.46707491585447,29.0025632762653,1.52852947422645,15.0142541197497,2.08948017179058,18.1718552347051,3.97114675745719,9.11271487077685
-10.9711865983339,29.8661739395586,1.56286504360313,11.3887184952413,3.33155667227278,10.5698180395744,3.41410791772504,11.1609409313235
-1.14805163986279,15.7444721542773,2.15558722908584,7.61797890565086,3.41344648030709,13.2441647195668,4.27056592854489,12.6873447344158
-14.2166949764393,32.0460253781118,2.03817919943019,6.48751449815535,0.395648993004631,22.0552080030336,3.81544077892634,10.1431261324932
NA,NA,1.7132061310484,12.0755826875037,2.78978878703049,12.1288606550937,4.08002510051667,9.81320022955051
-298.644362503456,397.397033825802,0.614480656296893,14.6269445026888,3.32878762918385,13.5435690590543,3.68448867151004,9.7978841641683
-8.59923983043454,29.1303059404787,NA,NA,0.856762247162099,22.2647079597068,4.39598648401157,11.143712415428
-21.4419174061017,54.1579599343531,-8.15066928154029,32.509548895776,3.21190606913665,8.57903914487084,3.568050407257,25.0579297424594
-6049.61611619792,6414.35176623869,1.21717799263779,8.56681144693936,2.59446799055407,11.5160608705785,4.4745786292206,10.9710050003455
NA,NA,-6.77270770986551,34.3618235278389,2.46827037052515,11.2604343813247,4.19867470681057,9.25940995507854
2.08448205581079,9.4730974858932,-144.548815323656,224.816567808311,3.05746696758029,8.1422466577563,3.92273158642825,8.01775205971889
-0.866949645943661,15.11898959225,-13.3631919326671,41.1147473997777,-8.02134222279622,47.0905196386465,3.96509337527039,12.4806614372415
-9.5300303324894,33.3265832528387,-615.36659727852,477.600384591124,-43.6589112703321,104.917471225691,4.38890760998039,10.1032159391883
-14.0285919527125,39.6364591039153,NA,NA,3.23820195332594,9.09752533731972,2.08531273126854,27.9821736494348
NA,NA,1.88845764806289,9.92127898436335,1.66815136062671,18.2889178886535,4.46396468321627,8.17922292934709
1.59631148098846,9.44210777337148,-5.60694159539177,30.8843491981974,2.92259515372781,16.4235123580038,4.57997280279518,14.0267080314426
-8.40149502779837,33.3213012242893,0.467467107392665,19.8248729204147,0.826453716917673,21.2073951794195,4.71774717528302,13.9631489219389
-9.88644396147352,31.4516650918671,0.0510019109902515,19.3066128269407,2.2579135901752,14.2238367972149,4.38390422780618,12.3393097394744
NA,NA,-0.685712446500322,16.6478848734949,-0.606599831565992,25.4976478383585,4.2786729783439,13.9161871609176
-24.4540505496657,38.7067841801733,-20.4059100919933,55.1205323789762,-57.5984449005995,128.321050768446,4.2753788924561,16.1445735069067
0.184064274033966,16.3972362512633,-0.274619654789184,19.2830904041111,3.6182051575236,9.92638974825541,3.15490464318209,19.4471352486775
-9619.53882020444,9164.88457822921,2.81992691512887,8.83627340504878,2.13169189726808,13.2279308529993,4.48013926215925,14.1599071850572
NA,NA,-8.1644635115968,30.6215982988742,3.00630848873486,15.3406402053425,3.9033051068061,10.9612785092736
-4.93483172780201,25.9892583152161,NA,NA,2.92089393459566,8.17206936177264,3.82832177163965,13.722660065101
-10.9068382852801,34.7538772608822,2.4425683473138,6.89396991712427,2.19152540948831,12.4479965077369,4.56165795364079,12.3120616505708
-6.45371026140462,28.5848008474616,1.57345256515458,12.2776206818628,2.95888369764061,14.9054827357014,2.90304924582961,21.8306954126595
1.35592081869299,9.90958656645595,1.8930730256866,10.3004490414375,2.1105086147311,15.0616220950025,3.86095464831075,12.2408489404727
NA,NA,-72.9072624827251,126.617144213518,NA,NA,4.78583732813611,11.1249812699654
-2.68219288472378,17.7965053274277,-0.316085770118113,18.3295168451289,-19.105123520413,66.1527364543644,4.35869342191234,11.7473556549308
-0.275890496394214,14.6414005424939,-2.73422585408982,22.6392283641597,0.452996095104874,23.2375069138486,3.8680800744781,14.2708681365816
-1374.90298991677,1191.31702717274,1.62593861875164,8.39085647134073,2.76595701082283,8.3595715270335,2.91686624722073,20.37794031876
-35.0580980860846,70.2680221307041,2.21884287155295,10.631288990503,1.3294375029516,18.7839512907889,3.62311893263748,9.35909199147437
-2515.09646259522,2778.7462587012,-0.0229843779321142,12.9481291756729,1.48909907302135,19.2542795920655,3.81229185150407,9.03205484121117
-1.1812298448583,12.1613290376277,-20.0597711329674,58.4707380634518,2.73513625173646,9.42606228709097,4.19763562792479,8.89488227263507
-6.57879054127501,24.9465520703287,2.47715116522235,8.11358265060018,3.68096225513248,11.2182155363405,3.94016479536109,9.66994585176656
1.60443141652156,9.12024197320537,1.88734863355756,11.6038087456039,2.2447638857167,19.6247624580936,3.74104664402082,11.5650128010893
NA,NA,2.28482765220308,8.03720255974654,3.33257609470208,11.2850683113758,4.38458162696446,17.160031994954
-91.7333768427088,147.270177380579,2.55874869401046,10.527557950216,3.10167426493237,8.59893724432334,-3.43221363947717,43.1180033587843
-34.2030538458631,8.74732453616312,2.94436520032222,6.76099225412987,0.0154013361280203,21.8997818344037,-2.43693888972835,40.1124515974094
NA,NA,2.53983845225232,7.16092479817182,-3.13202444946694,28.2165747103141,3.88291231181793,9.43308431710289
-22.6442072172034,46.5200220414929,1.81885218483503,7.26833075724772,-0.907569992280425,24.2775498633793,4.07455552963586,10.6453654502035
-51295.7732351248,51328.5816467105,-0.35291855863065,19.1925021895942,-8.73326685202007,43.3345565675291,4.16291265227364,18.0867815091298
2.20259061725741,6.18784554538544,2.62110930599508,8.900225643925,2.45353423635668,14.1080104636313,4.29905963056601,12.4765620147783
-2.51262593710946,18.2836123449365,1.73468822078523,9.55934012960746,0.0810656132593017,24.8569237445695,4.6406693183303,11.029362958346
-45.3678275552582,16.96865922902,NA,NA,3.6863143463719,9.74129849094312,3.83547826985731,19.5238689831739
2.02171905950671,6.90484650421498,0.0869804935984293,14.4441605911448,-1.18968758732633,26.2245573262958,3.83135931807976,14.6748940623909
-14.4315726035209,43.8194988466378,-24.1615849259328,65.1598504058784,1.87833460359295,12.1771316042622,4.31622923920628,9.63956038973797
-7.2183320069143,28.0364903978536,-3.80059308499652,27.630526450987,3.04455993288341,11.4328923182116,3.83523661215575,20.7860104157684
NA,NA,0.914370053551363,16.5295108789159,2.71422706032945,13.5777050033346,2.93984001043076,24.3800795312809
NA,NA,-11.3136136205263,41.6213286448965,-0.494474526674241,25.582137422317,4.52294459057201,15.612027054069
-654.188099585986,785.897267830175,3.09961332332245,7.90978057935519,2.66810419156361,14.6059849157893,4.23063075375074,9.01659850001808
NA,NA,2.3276702741716,6.40959852413956,3.05857951625648,13.9345724769644,4.08924451629552,10.2071756510976
-1896.45010160075,2124.4233395784,0.992995380135365,14.7321322386166,2.32732594355815,15.9722223149662,3.19752759817384,21.8562362589934
-0.686563069839638,13.6365661442674,NA,NA,1.14960355938679,19.154057548586,4.12599132784541,18.1267035602772
-2.51953889176085,18.8946366001494,0.494368796382521,17.6358450452206,-13.7332026617473,53.064365760278,4.15506256296396,14.921873627244
1.79560600637739,11.2275789890545,-4.27889047367069,27.6939240004952,1.889860497843,16.9860733676558,4.13837073548653,11.5292290872455
-2.29121792965257,17.9674153439506,-17.1205889223671,49.6368525109164,0.220257458366623,23.8127726658629,4.64102017705691,11.3515239995608
0.436497827659349,14.0264942103434,-10.6421787235637,30.5035877118861,-0.200518730275391,26.7579543757232,4.65197810028975,12.2170898230492
1.51882134282063,9.58643290492917,-2.36230935980369,25.477485357896,3.06988294468639,12.5068835398411,4.43276467128512,13.4175946132514
-26.2466159512889,5.54088164155509,2.6431085104647,6.24640087392282,2.13715749586795,13.4515587066196,4.26167560041002,11.2219957112641
2.10541247975288,12.2022403360477,2.00480802429189,8.55071627616947,3.78892049506813,9.53825629562543,4.84102850674075,16.1375251731739
-32.4429458909669,9.37938465656192,-211.609481451439,134.591847570572,3.39807020860674,10.5354715562579,3.50147828055048,17.792854041917
-0.914970129668803,14.0757473782959,-4.17184324291979,16.4226319033331,3.98029972802488,14.8037218329842,4.33202558819432,9.21601226571543
-2.70858718853123,17.318171690415,1.59642242214324,15.0176860356116,3.19178569416988,7.53275186812442,4.2545104498907,13.2475056221239
-1.66641172371326,15.0269999995826,-0.451553262264358,20.5934890744582,2.77369960027822,13.9928968477829,3.91154929320331,18.3196546907379
-2.31252747959413,15.8814254059641,-22.2061275916976,59.2858983229603,3.50375798347461,9.62202290727333,3.95599746083421,13.5310298333533
-337.480522898579,433.207210723211,0.541035109262438,10.9687545728924,2.51132014894971,10.1083067519491,3.95514438110939,10.296000285332
NA,NA,-2.17724814211129,22.4273979744365,3.04493376456754,11.5147478209856,4.35548750987779,13.6376590803589
-12.7679764838612,37.1126757810787,-1.07092308266301,20.4765415183655,2.1811183771162,13.0161423552136,3.90846803971196,12.2518929130931
-3.40334031555521,22.9623514624092,1.53039938675092,15.8367734377194,3.14094584005518,13.0668178708316,3.07674121451825,21.9299988780033
0.751828470641896,12.5336315017309,0.66781144183596,16.373617240023,-1.46525956954523,29.8303230924194,3.52747113948993,7.40016236407058
-47.6110630576583,91.4901569681225,2.34374079473909,10.2491557431492,2.76295421558633,13.6026445109777,4.07303188546454,9.16829744795985
1.53645087400634,8.28494862024785,1.16150023654556,9.61249553055662,3.263522074615,9.61793515199006,3.0899110408892,20.2899922428646
-2.73168392366479,18.9989249721827,0.76192873537545,15.7546498953291,1.41363678990646,14.5297120483537,4.13560369754192,8.64909724427931
-7.59130148723731,18.103336828536,0.290499946258962,14.924887620822,-4.30424212577996,34.5189378483994,3.57100172179147,15.3631888328909
-12.9524469819263,38.0786164722115,-1.38109640548067,21.567112577833,1.42991951125768,18.5473066270449,2.88708376098689,21.0341261897162
NA,NA,1.55622437523904,6.8181578388733,3.1548126839208,10.4475435994691,4.05690705636344,9.24933312896784
-12.9471793172067,34.7835835978833,-4.29644989759586,26.7185560506883,-4.17676001560998,34.5627682153822,3.90368632995389,18.0061826340436
1.19556140324059,10.7077818922546,NA,NA,2.14595725745895,14.9999445605326,3.29758300213163,20.3883632181643
NA,NA,-0.306066978629641,21.3384041306891,-0.700180996912025,27.1518654798144,4.3426046744774,9.62536516277646
-25.459877321958,56.7138463530285,0.475973502708349,17.9308919098892,2.43599633651804,13.2832489509613,2.89032922314271,16.066555478965
-17.1701951638467,39.8233839644538,1.86653225598656,10.3565659954979,3.5063659356796,7.48963499424423,3.75293709212453,14.8678107446882
-6.88209822350537,30.1061683600703,NA,NA,2.87093345352887,13.5642361360256,4.23339225636294,12.2042161381265
-2.55653393921615,16.6770306414329,-1.46431922627028,17.1687782651023,-0.905462427584908,26.4709760791387,4.07126486078111,7.30148104984039
-12.447057987986,38.8091713846472,2.06616128933909,12.0469615430683,0.216556276524079,16.2565004281717,4.21712826062435,13.7639820074858
-9.75547346054848,32.710557592606,-0.188307563156757,18.0401431895086,2.57113157088916,18.0934603989914,-0.584917046868592,31.1332707385123
2.08442529668841,7.9615398521323,2.45578781735803,9.17989327063233,3.56494603858379,9.32244314041871,4.09181675754708,11.356271839099
NA,NA,-33.860561648402,71.8795038776657,3.71202083888893,8.64599529020237,4.26636455735194,9.52408036330016
NA,NA,2.37876798888677,11.8657111623692,3.10727385457469,12.9416953127044,3.86806132519406,12.0920047151131
-5.61321274496025,25.7903022973966,2.90695614762082,8.03909922932224,3.06526067982467,13.6358378032226,4.21924767944029,10.5778100591706
NA,NA,-1.93464678546652,17.4887815256681,0.485298375799751,16.9122944067136,4.47620174019571,12.9305378101136
2.27144909187165,7.89113886980723,-52.1593198837914,99.2176192525665,2.87207973594876,9.50874211104871,3.92762046787059,9.90032075368789
2.6749597601726,8.67789398455476,2.16730272964784,10.2911777486334,3.26058279471732,6.61469265420102,4.56886246919496,10.3950423339788
-10.3125737512809,35.462935460368,-8.78638952876585,32.7455440610924,-3.37186767248487,30.6808128823307,3.87135893866312,14.2200642069179
-8299.46226107528,8308.60638298819,2.03604299463522,13.565273986444,3.59614381041414,9.97694075788698,3.93316026305214,17.0802395952245
-15473.9687509995,15489.528942675,0.681239235390496,16.9642742561515,1.52525320381037,11.6115112572045,3.45982634615367,9.52773668935601
-98893.6096616352,98902.5863636117,0.855484096436763,9.67761829624471,NA,NA,4.08569296011945,17.1441891123227
-0.911256466248442,17.0306977428753,NA,NA,-3.38159930085671,32.9333942575276,3.96647298220665,16.3282723685188
NA,NA,0.743020556943836,19.3199366197932,-9.46347509628059,49.3370066612735,4.17367890056128,8.45776730938203
NA,NA,1.74400682081231,11.0296192702137,3.27559602196333,7.92716234092852,4.27766068569586,11.7084766696837
-7.05314646605045,23.6122799922097,-2.78142100820756,25.7771879102578,3.31719390568168,8.74982707338251,4.03798556493525,7.2791082981191
-2.60361254040379,17.3759050348873,2.26075581517553,11.0513966724614,2.032043126036,14.7854460418921,4.09815098421114,8.73719678982355
0.463261717455074,12.6357383902807,-5.07295238608328,29.7007336028396,0.518730207992968,22.3710343925891,4.15976426455935,9.905906659355
-3.76573425964591,17.0989016878576,-1.14204423989182,15.6538558014304,2.42582717632553,11.3751133603029,4.45765118196686,11.0753174277303
0.64341114933934,12.1806881026008,-48.0582235289899,100.947746151292,1.88408483154653,11.7945119925661,5.05201771517544,10.545410039924
0.854185099790199,12.3084065671493,1.17742331298004,12.6130371962436,2.54935462790046,11.3643061655744,4.32399685747291,12.736364063152
-61.2274728004331,25.7104479191964,0.568034466466171,15.7842716338421,3.49168450563695,10.645737158063,4.50867183553861,13.1898356075809
-91.341753998107,145.860468775401,0.946442941558125,11.985069955511,3.05698379382163,10.9024935613629,4.05971392800907,14.5046760683232
-2.92215391063179,21.1839743683792,2.1811347498073,10.3453758973859,2.96156619650721,9.7707596859683,4.23071738748521,11.6559085089796
-4.89000866385968,26.5084264580544,-4.84744379500267,26.5620196033399,3.39043175403032,12.8199650400991,4.46770787918731,15.7187725003652
-35.024604529287,72.8558584172523,1.68636598494972,9.53478581906575,2.63608521220556,11.6587164595076,4.0816027063228,7.4280977456631
1.9722630854717,7.87027976357938,2.3934491190592,8.74263661160857,3.66340501860796,8.32103220319608,4.47092844025681,12.4839929524858
-2.95779999789762,23.4221546727395,-0.681821939955711,18.8285860675544,3.17986084829559,13.6490812834972,3.8264342839459,14.530760927415
-3.64767168266493,19.5717321716875,0.465142246749646,13.6306520006092,-2.34203832198342,26.7540236138206,4.10172579663528,10.29827509608
2.01540234057632,9.55075499308888,-1.53028483538829,20.8503878876268,3.32423064576559,9.2937074208983,4.53604715914742,11.1170185830238
-663.894452338289,793.272083363884,2.60008882925389,12.3423152644591,2.22911557150357,15.201412914317,4.36408327719987,10.2604826559038
-1.15055990827678,13.9386448830585,-45.6050823275273,93.3742698621876,2.31520789221817,12.5003046097475,4.17011992720513,9.10052901283963
1.77622108342308,8.39979743123535,-126.050727191681,198.013042659966,2.92280238053487,16.03435184903,3.68677741350854,14.9016537495626
-26.874875102895,54.4144779627963,-2.25052404274424,24.0011190791323,2.76193192393037,12.9177775763976,4.74378424896122,11.6078327036012
-1.39041946138065,18.6733995535495,-3.75278986242228,27.1093529590996,3.4889449670929,6.76500253953753,4.26477618320153,14.7858743237779
1.91964509135209,8.17145691776061,-0.262715099504116,12.6574577767165,2.46746547513627,19.4990411124423,3.992538302371,9.63491255638422
NA,NA,0.720155784610871,13.6308865045157,2.62831968977026,12.2091064521365,4.34839965507033,17.040303078173
-1.12038161528678,13.742231086318,1.39568573470928,10.4382450096277,-4533.50233329477,4065.37578184415,4.15055915431983,9.3266737093864
-34.8724114765492,70.8606812009843,-5.63413768333362,33.3152191183151,-0.0432266171062192,20.5195195799106,4.31039614986207,9.59490184119273
-54.6262546164705,95.8467380607433,-87.2399164406208,151.948780760571,3.36751900821297,9.59318089309798,3.39385128798296,8.02014567952426
-1.77619918784914,12.4268445030128,NA,NA,2.99351241218418,12.3011143942693,4.38267844505517,13.3693329278321
-3.11152217177559,12.3741444249582,-5.50602936408876,29.7115954180359,1.95297808218992,18.1383685334641,4.15239673686825,10.0357597284206
NA,NA,1.82985291266083,11.1640089867101,2.67081105608981,16.0892765203422,3.69696431647544,10.7178464725879
1.54741066285886,7.08456894477781,NA,NA,3.21439396584702,11.6317745776583,4.31931409582351,9.89760019980584
-4.60375906431999,21.1154549068355,-3059.75262044242,2734.90233556161,0.620029120556415,25.8716360900284,4.39043273468528,7.56937334116753
-2.60508627401031,20.2937817319692,2.76438684109545,6.35664159843862,-0.147112805571249,21.7827664808403,3.76973282845004,10.1065294520725
NA,NA,0.715876257241715,12.1294762140623,3.42863546154871,7.20440594370544,4.37547892101214,12.5738641360326
NA,NA,-3.9978673149919,26.4735815559997,0.708183380494942,21.3645653395306,3.9189296287217,8.85086139687057
-13.6082303717876,37.9298205413057,2.920290119033,6.4464086773826,-0.389521652148908,26.6500771281715,4.37271584596957,10.1600531748761
NA,NA,3.03922329427899,7.45277860662851,0.881759502856998,20.6200172019222,4.18926430643199,16.0866421986517
-0.0790904974997879,13.2020322311456,2.83613705061935,9.3563446809223,3.44142875488515,7.94536183522414,3.79861224510072,7.27247857071491
NA,NA,2.84970932520877,7.51343113297895,2.72579137668194,12.1624748412936,4.22907944901531,9.52006476150045
-6.27127530450205,26.4433489189825,-1.55005081950285,19.6034450059178,2.53914559625691,13.9888148169489,3.900271220449,13.3461907002619
-2.84343337536855,19.8154699382929,-0.400584234431388,16.9890576120078,0.576052127745438,22.6136171632927,4.14221052857223,8.32349669190151
-1.06862062012562,13.4640724062292,-23862.5165332786,23872.3593638986,-6.38747345974301,34.6293976078883,4.36990496063044,12.6234804199924
0.222224824852022,13.5901596067681,-0.639721513147995,20.2558019414978,2.89941130113946,7.58994721722233,3.59150602750352,8.78092751911382
-1.55046205028551,17.7342662814355,2.95829710974468,8.97902938709519,2.90946524249107,14.7598365839812,3.71192329972949,9.02038978509705
0.131748032864317,13.9153569023655,-1.1113308073085,15.4314625702842,-6.75506088244457,42.0180787485931,-0.268477901024905,34.8023186948637
-14.0139543503024,35.3700939401214,-10.173898509578,39.8531480244823,1.22029443832242,15.6903449682783,2.66647722538527,26.4370551034661
-0.649732816177356,15.2516173047042,-1.31490223526192,11.4145321829985,3.01030925679802,10.8777261046954,4.0925838194051,12.311797893467
-5103.63639711961,5113.51031341464,-0.861754988114888,13.6770454866466,2.68919881162796,16.259987519944,3.0857375546054,24.5741087350288
NA,NA,-15.1657174464448,49.6297325841053,-15.3531519959442,54.4479230321139,1.95074347809606,26.3596711462988
-27.7119627135545,58.8904778761475,2.07225236011891,10.9754773212007,1.94725596123607,11.2894113772595,4.1490771564428,14.672245644131
1.32760439567041,8.01716284005151,-12.498951133891,44.8148923137514,-1.58509569762474,30.5239743664321,3.81385118307543,21.6481645144345
-24.6284811388738,56.8204085591535,1.43914777396455,14.3383918152164,1.56995255840504,17.9172609859488,4.104313667545,7.64466602547526
-8.66282770913462,34.1299459965442,0.525744744368152,14.0591236415741,2.85971750592303,11.2401226080188,4.17393991967849,11.0459953815764
0.863049654545747,12.3681938615417,-6.0617843691407,27.3622661577803,1.74820735316599,18.8339369422003,3.86137357966533,10.1028043808579
-21.9112965641583,51.853488599564,2.05926931537024,8.00156448456258,3.14233461325499,11.7023008713103,3.72911490248342,9.94717476840794
-0.57528889522429,16.981617061721,0.092395683136627,13.5772348901146,NA,NA,4.17403768783407,12.6279534460075
1.42566695620397,10.0442256708246,-28.3759890495998,4.27897922830835,2.58594336955369,11.5234806429502,4.37961574407623,10.4265627042205
-3430.31428385487,3711.37579656506,2.07603069365619,12.6478570515797,3.58688205992799,15.0026935356121,4.27653325785314,10.2638192693371
NA,NA,1.75437756013041,14.8861652755801,3.25992995877351,12.5788325569767,3.51637717436986,12.7527092297443
-10.4474884589227,35.9399972317626,-2.32212166437403,21.1828325674119,2.69542572584361,7.46611761346986,3.07255497869363,12.9091076390076
NA,NA,2.16270979444209,8.97436155518614,3.09231994458444,6.57640109071926,4.28205364691157,8.84267368572653
NA,NA,0.556520995437688,14.8161359157464,3.29946978545416,8.02710505119691,4.2633265334413,8.94756463919382
0.795504001496979,10.1676384594753,-20.7080206158549,49.347715495169,0.240794571824116,22.1668483302671,3.46612079867633,14.0034315091011
-2.30605690624361,14.1355162443173,-0.873032105452122,20.5062347284364,1.87424589986994,17.3658240095791,3.92443536708308,7.68339965988105
NA,NA,-29753.7026511867,29762.4952431056,3.49347004322387,13.4527660595888,4.27264349459911,9.60936593168513
-5.4280993850387,21.0082039473215,-500.577510832931,371.342396104797,3.43244350671422,12.3547280950788,4.18103964582941,15.213254400155
-69.59165702878,115.303405394955,-10.3402916464877,41.6066580701205,-12.8914283180212,51.9436563903814,3.7921169388714,9.21273610072035
-97.6350953856668,147.094551764856,1.24435168051036,8.31094670405836,1.41200500253502,17.5160645697666,3.8276079627808,18.9934950029767
-18.0182773482143,39.5324708845741,0.898166846417081,14.3959968020959,3.00054091033378,7.77967338482487,3.74770592179306,14.0262860590501
-10.7163228433873,33.382722359892,NA,NA,-7.79659445209491,41.4029268734808,4.05416818618543,10.8792669426388
-5.77047041593361,23.0191275521052,-0.210496686856777,20.3325034763177,2.95257985041079,11.2922495919657,3.55492107160107,7.64279559047188
0.216348808142157,12.2844604266783,-0.741769346632946,13.9097492038959,-0.648077638084061,30.2224063127229,3.91403946153423,13.9302751503976
NA,NA,1.03345061905803,16.526109306599,1.55007778300888,12.6524755221401,4.48254248189826,12.284755913333
-889.827821495097,1048.32844347362,2.55097645138759,9.21891662906735,3.28234169789882,14.0410978501236,4.19982903306246,11.0753879733324
-2.13397166916491,20.2626858818752,2.14452779380303,12.2118976004387,-3.8508651757506,33.372822288585,3.72934551903496,11.430482937786
1.59064101679089,11.161335090139,-0.856619040130688,20.56796952352,1.48569208526093,18.5693258811535,3.43875939201714,17.3366802795987
-478.680661012551,592.125129356826,-1.5199949758342,20.9461158406354,-0.729091730272039,21.692844870947,4.3138588653106,10.0987930586104
-5.15893935743941,25.5456278942935,-3.19274805410713,23.9914966528003,3.31272777725036,8.13135361832026,3.61685463531222,7.88057009196315
NA,NA,2.70986768779881,8.10150728690178,3.40237087638657,9.09001056331266,4.48251009520393,11.208060334813
-35.6360034050471,74.6032997576255,0.263458769184138,12.2401051129501,3.61887129800971,10.2972042812373,3.99784273560572,13.7031391016593
-15.4185534820756,43.6789286472217,-0.216612470136097,17.4403791853206,3.21961844928298,6.82605917224562,4.697601276452,13.1217172657232
-101.363590469376,55.859347040011,-5.42173823211113,29.1199379358752,-3.36395014931182,28.3010859439752,4.0135305663708,7.31792702753835
-67.2455330295888,31.7534018411807,2.91918997570019,7.65262667545863,2.28262806357366,13.2937270116823,-0.489343189394212,32.4938626777584
-19.8830867014173,48.9763747936534,-5.66940798424063,23.2120927189323,3.98698519496624,10.7836200188306,4.13093330593765,8.11941406820739
-19.4871073451786,49.0287865808116,-5.21605664053778,26.6001141519352,0.554444828285931,19.0186504869695,4.6998302886627,10.5440400549701
-7.66299452858373,30.8986540392314,-0.926441180157658,17.7601273496783,3.42219180473264,11.7944218352384,4.04857340208302,11.5866898892117
-1.87494642214969,18.2233500185496,-16155.7397173932,16165.7713345602,3.18895133708119,9.06446763228255,3.71841259527496,9.19586102036311
0.365643299573865,11.7480848188119,2.18052220906185,9.01651046535515,2.33885576474759,17.2013600616453,4.29657472901234,14.6680625419132
-35.0364696105299,72.962092852452,-11.6233531582869,41.6789389668097,-3.5939418546067,30.0084288616514,3.63401772187209,17.245821316018
-5.33258605858285,23.5565661510649,2.62800271772554,11.0788235898488,2.6739402113181,16.7410081711665,3.98808511204284,12.2230329485388
1.47992826106247,10.5202459554956,1.17418948620172,16.0293082629365,-9.35269605851818,47.9858838854054,4.19054522908852,18.0176143417954
-6.59380393792266,25.4792371525435,-12.202132900718,45.5002597006598,-1.44581054928169,27.3164851115897,4.11335158985518,9.38939556557296
1.61992692900148,11.0704917578777,-0.808870346613359,19.8126573239636,1.52527868563413,9.57006481790365,4.29519527222485,9.62385691541241
-15.3647775202325,41.6808176568128,-1.89105696916948,20.9393924946785,2.53215105420361,15.2480087906507,4.57231271992292,11.2844835767398
-5.00600664481614,18.2710730495954,2.24476125600885,10.9921437935949,3.61886158288486,11.7786354637902,3.92068176834218,11.398520143702
NA,NA,-7824.89728126771,7836.37152062175,1.98775086364774,17.7514096418554,4.69920726906117,10.6062688019752
0.722969897628392,10.9105738995355,-2.62960355157986,23.6265942714785,1.3041701334,14.8304542301043,3.89127841496683,16.6747083902973
-1.1210933421844,16.4391521825753,2.49220706077549,9.53978977456453,-0.409071094133751,24.0932918453953,3.55259896566891,8.10347544897701
1.03458712810251,10.8619919105521,-32.781927490271,71.897753787697,3.32078772066012,10.4037332353839,3.98052094803278,8.59742518905505
-1.46886654372941,15.4477913109762,-5.26076749203156,29.537210746084,2.20757160000905,13.7827446228407,4.15744842603994,15.698189302496
-2.60874544509688,15.0316536159441,-1.967185396466,26.610279903952,1.78341487441393,13.5779004564401,4.50997459583178,11.5185270679866
-8.20582771052615,26.2639575117253,1.99908364939001,8.4568632450824,1.04663221338588,20.1439227552387,4.38298478464481,9.91632716969156
0.334781035236297,10.5950487598974,0.614585001225639,10.217748396024,2.04922079976937,12.2923330832288,4.45202329940842,14.9213824256222
1.62090156681947,8.73167739422034,1.06733391459576,12.6973517292699,3.09433345755537,9.1497382190225,4.36275710287274,12.0240356404913
-9.53878736813341,27.1819863832856,-1.91333816672824,23.9842566231598,1.4222136821359,17.7505328319497,4.45274193538797,12.3490003666539
-8.70700074829402,18.8789890028556,3.05972796906113,8.99847597604389,-0.644849026547943,25.6510640516798,3.89132546745262,14.1213285564554
-15.8108677010804,34.3046679331837,-30.6685559503507,71.2981766008875,3.55133029989744,10.9645362729811,4.24211928911602,8.23899895678405
NA,NA,-0.296164298375063,10.7273057859892,2.78058585928241,15.1893874526456,4.14866754119282,8.04147186834883
NA,NA,2.62721427291992,6.76022781269309,-19.5024784534932,65.3466747522611,3.26613519391326,14.3455461477531
-2.09116289092683,17.6156451981789,-72.06321926281,132.971939802734,1.38121040569048,8.70872713868357,3.49178116059672,22.3852703309728
NA,NA,1.50382814698619,12.4762880211649,3.04389805369227,13.1180649870759,4.25583760926828,17.1305427650153
-48.2334710505735,85.9062981947553,2.86042866843326,11.8506030024258,-7.0047963807936,41.6126136822059,3.66605931991608,6.86306811478401
-18.7600065390422,48.5807339433255,2.21620255235609,15.0789163977686,3.62895923268881,9.47486559552457,1.52266728869909,26.7927787701282
-21.635383070726,50.3373353938443,-22.8386397040082,60.8005260350919,2.92641811052532,8.4279232448053,3.88924297658668,16.4318691909825
-99.0311372143162,151.577683478481,3.14585742468682,7.81645783272855,-1.01288093700931,31.0202910209145,4.17553878805101,15.1482790515868
NA,NA,-0.21132282503803,17.4317489960366,3.47508205906767,8.90772829210968,3.89490769652035,9.66274210869015
NA,NA,1.58969121594519,12.6470103916009,2.98507587551287,9.71801145346888,4.53371522912423,11.6654362822457
2.01107744469786,9.59799803292082,1.40851587220935,16.8384194375773,-2.13171493889171,29.5769336528752,4.31984747377062,11.0867410527409
-1.00046292622889,16.3635880829037,-15.6320057211258,48.0424409498924,2.77084706464757,14.6454145510487,4.07945854316277,12.3413558095663
0.470319849614077,13.2217887184914,2.79528909220573,7.90759689992241,-2.15810147027674,26.2169117771099,4.21346357852158,11.1883971659472
1.80569983203047,6.65460023283645,-8.34542221311696,36.1413122863255,3.09819929268104,14.083138644224,4.57956009455189,10.0882286382518
-15.797665076349,39.7070853071688,1.4025786008421,12.7297256035947,1.37816634653787,18.9988973003096,4.57738825531658,12.4496540588734
NA,NA,-5.5768258411732,23.5776396835041,2.79570370731575,13.1288585610506,4.19855836440649,9.62323586562846
2.04990664460038,8.0471672938722,-0.924640082373674,16.3219835733236,2.96199992525338,8.64856906968705,3.15776178978131,21.8904973164604
NA,NA,1.71138380673574,7.71290444447608,1.27580645055676,18.6682066158305,3.32309392517849,9.85068250727334
-2.27700993609065,18.3892831962502,2.46058071830188,6.8243656527212,3.28570536342548,12.2927822359406,3.61485257376012,8.9333730096875
-4.40943004423991,24.4069840039648,-1.01087913608954,21.8332062006481,3.20377735718612,7.28015921696291,4.09958603484128,9.49341303424458
1.44032616276575,8.27795811851165,2.88556881663195,6.72024856753467,3.59902010985543,7.94182642366936,4.51761315649692,14.990252059465
-0.874444957443159,16.0896945018835,-6.44187285809838,28.6170123281136,1.98310314398078,11.2029088937992,3.41547382259414,18.5575294950184
-24168.8387936815,24181.7243292859,-0.187911438906639,11.3763379639439,3.51305414887163,12.723919237955,4.02253971864917,16.7793613162935
-6.00832892294948,30.1207224304562,2.22419591703183,8.83319153522984,2.73231854054315,11.095244719452,4.04160415483107,12.1289869250104
-7.99451632390902,27.6673328849266,0.0975286816534293,14.9287553973612,1.39997520906497,19.6350954003673,4.33189573651468,10.537134173594
NA,NA,1.62109304363241,10.0475664503359,3.08013232537251,16.1361946096523,4.79356353971309,11.8182096143198
-9.78679720719279,30.2162731911822,2.39713705332969,7.1442695450374,2.79309900215913,13.906187136959,3.83039194245517,15.8688088633065
NA,NA,0.326442234035127,15.2785329357492,2.03558978432194,18.1818469511059,4.21557235029652,15.6272762143138
-64.3267576419105,108.988036190614,0.708854130249716,10.6941570479229,2.44104030439152,15.236472560963,4.01660556930828,11.8881397508152
-199606.037398817,199615.939483351,-31.335157738429,74.1025920504105,2.96302457901351,12.9770534164592,3.80888528086373,16.2645242314586
NA,NA,-33.2540593956668,74.7526617219899,2.65771518156776,11.0123182558528,4.06386383007724,8.06282162111253
-0.722851344085113,14.6986687252956,2.05136228521024,9.35622122791323,3.10869700328266,8.85726599179427,3.95990769202276,9.73294055937542
-8.19137007430508,30.4534402540655,2.82528610964014,7.61801500656913,3.19423694996791,8.62883848995933,3.91324768014963,20.0137907202784
NA,NA,2.60334680892085,6.14525218705179,-2.63175616128162,20.6016555636603,3.17850317324114,21.3033676640614
NA,NA,0.593720728060761,10.9616559085287,2.10643257596328,17.1596516795132,4.08819700855131,9.76065847379065
-3430.73887787808,3734.20823765136,-1.60281034607896,21.0873765299241,3.31160794686231,8.86492018361223,3.85812693723188,12.658663971613
-580.682291124802,465.403087139769,-15.8851231013554,41.4103849285541,1.42991607008387,19.9538530453885,3.78903978618898,15.1452546534474
-527.007620143366,631.101280505388,1.5729406158479,13.0815415978335,-0.322630898218801,25.8560907702709,4.26753337740465,13.7404762253902
NA,NA,-0.694442087312273,15.3974422149753,2.01791680409334,16.7883342736794,2.91352942181234,24.228974854519
2.14557172304003,8.73965296192687,-0.666166091117738,17.5676891166022,2.13290064061947,15.7478532523309,4.28189426156361,12.4023476674448
NA,NA,-11.7166139352847,37.9929614984955,1.94045210209039,18.9761130233998,4.58897505591581,13.6900071217768
-1.232677194916,18.4112880582131,0.54675199771081,18.0545934797321,3.19795191260791,11.033311515861,4.60891968826134,11.4841908270376
2.63153827601533,5.59502052809005,-1.52847166459874,21.7806690906737,1.96623612369483,15.1901954276584,4.32711899360247,12.4516798631325
-155.350021221244,225.376727561138,2.63806943738758,5.83067082976883,3.04633238410373,10.8675198104452,4.25653293366178,16.5932762900026
NA,NA,2.72842055683016,11.3846297738156,3.2342382118824,6.75225915364918,3.26606863987602,6.21876586296428
-159.398529856314,229.185903372481,-41.1942041769582,65.8600091415613,2.35678334186181,16.6254542977255,3.78465316584728,10.1685670731037
-2.20867584784162,19.8955468150749,-8.29283545862474,34.0136629038068,1.64768744314772,17.2012695467762,2.79627809221472,13.3920672903117
-1.35880899961735,15.8039668583326,2.74610948632822,8.31632177464214,2.40191090224062,10.6763863519317,1.058899152143,31.895514725559
-59.3931827122256,106.845220247637,NA,NA,3.00448153453967,9.9392738936587,4.31804885653761,10.6287699384078
-291.653929193551,385.298347839509,2.27666735336441,10.3458180604483,3.11852806998438,10.2115760899995,4.16939678108107,12.2805979551513
1.6036199447912,10.0614591302111,-5.51852238225354,28.4789173872319,2.47806649957231,7.85538218650552,2.83320847662972,23.3589181748755
2.0224052091177,9.88322742470536,1.61262254630135,13.73888612196,2.80923566176722,17.6667789767197,4.17988334220374,17.1451308763901
-15583.2074408246,15594.7661282076,2.50959574736514,11.5230699566324,0.817109817408019,20.9490361514685,3.65395405408355,16.9020247556155
-373.089820642876,481.231076509279,-0.393276313849335,15.9877154665858,NA,NA,4.4969474816719,9.28685764058319
-407.439886366972,316.647491957089,1.41427648242497,14.3532409939215,3.21881003934187,14.7043545516628,4.54496398857017,11.8312184079662
-14.6296872498888,37.3709756457089,1.43706352457017,13.9699309356137,1.93204090451788,12.4142409448615,4.12080836069569,10.6592616780919
-79.1124579044825,127.634178307779,NA,NA,3.70724046031498,10.5937198546461,4.63412026129446,13.2811912398326
NA,NA,1.95371563226348,12.7888951059402,2.37261688246412,10.5859784853925,4.25338365530113,15.5237519819449
-59.2697556145649,25.9768895480355,-11.799714399833,43.8654395870509,-13.0846068543503,48.5535334433848,4.45994359899197,13.8919126021301
0.101372385773566,13.8216069439956,1.08441704992635,16.7206602348736,1.24316857525467,16.8043943163023,4.34585497124403,11.1942421727575
0.482894585289701,13.3635695022176,-5.28541844429888,28.9804676638117,2.8704240184387,11.7174171660463,2.86639110501165,18.8857715333107
-34.4431258962724,49.5591450782015,0.924465443787173,12.6261686527817,1.82794661472241,19.1303877459079,4.25106205072315,9.0690125489933
NA,NA,-11.4409696205653,42.7974116119869,-0.277456458977662,21.5043077892648,2.15321471118088,25.4027410433003
-3.28356397465352,23.1819197478218,-30.2552269750439,74.2767614020683,2.00408112886111,12.8906230572567,3.26211778986699,6.4520568112829
NA,NA,1.00964083908499,11.9265494063402,2.82868091082416,13.3716922730946,4.63455949399982,10.3994902950395
-1048.97225681766,1216.31802499719,NA,NA,3.0980139976835,6.48560226223972,4.22335534460785,11.2891254389224
NA,NA,0.809257572383504,16.520972143064,1.563901169554,9.29221113896551,4.10743161533931,8.34283200098252
NA,NA,0.645394659895155,16.9317254952173,-0.292738470809734,26.9947802929183,3.97990895981883,7.9227914511262
-0.590035750784581,17.9413897530707,1.4813866807041,15.2512898815767,3.32065369265248,9.83631009182671,2.70129580900665,21.9722798710207
-12.5810331336254,33.6783421579793,2.68212461705643,7.11436390023262,3.30489749401685,9.53625477785139,4.25598365847282,10.9367229722691
-0.0349649775127316,12.46200409377,1.92329576785996,10.4911235247916,2.7233298050357,9.43806843819921,4.54710774266918,14.8194628833464
-41.4186369459619,86.3396361751346,NA,NA,3.10402662197668,12.0194484511443,3.8547697991777,9.19514736658593
1.90221085892954,6.78571770257561,0.933233177836573,12.5513286068721,2.8510195439079,11.8721008795394,4.01370519402572,9.07564572627094
-74733.6947888338,74745.734981211,1.35430152691068,8.81953293797501,0.453087560728845,18.3439782268299,4.18753870175921,18.5103668387799
NA,NA,0.609522968462712,14.5321744214328,2.66760828298271,13.8982072729438,4.48507522705358,13.1375696064025
1.98361631759748,8.13113955636165,-13.8252140244751,40.1256513252686,3.16834320901881,11.8158984275866,3.79498102140126,17.2405776902251
1.20281578608657,9.28502441508808,-2.16398167155002,23.6356217642264,3.11878988099288,12.3983820122075,3.35542548836489,12.9265266449694
-1.83132301480674,15.8060114057746,-0.390283701825668,18.0119178695264,3.11130376108986,15.165811354657,4.35129169776557,11.9694448618577
1.44046589738054,11.1554508313524,-16.6455866748436,47.2752896534476,3.79065430588392,9.13328480800524,4.017353004516,14.1857356016855
-0.00242869233665477,15.6639345116019,1.89530389501628,10.6960813020525,1.61595771540792,21.6231831156952,4.40793440214437,8.75557428523406
-4.37928459472556,23.7440050131735,-24.2636460909977,59.6229985513244,3.46779556990815,7.30049600587556,4.35382328647251,11.3347034196593
NA,NA,NA,NA,-17.3069464296442,62.2893306888694,3.38980526823797,19.7470378438914
NA,NA,2.98473591890507,7.8838053604416,0.875245249501345,17.1719499327725,4.81528915225559,12.1585552792059
-33.1303051435321,65.4534817430616,2.1840585805743,8.21032134954848,1.45621550210404,18.0513864589866,4.5304881571244,12.5489905135901
-8786.72167229546,8797.35425747709,1.8365970618272,15.6355760811399,2.80247455714604,6.89538063247573,3.17160254810428,8.93876383204989
-2.60664972582789,16.5967104357383,-2.95554473493198,20.2633191053119,3.14084974482006,9.05633719917259,4.67297330484767,12.1485196161817
-117.024567795881,76.8052762208957,-5.91047493000825,25.8118381320346,3.58740199930205,7.45591692757395,4.119569307623,9.43502800280206
0.258160805982175,10.2001346644183,-28.1227367239744,69.200340936157,3.078873069972,14.8862627143926,4.26601503783259,11.2871207910943
-153.591748009006,219.877868154644,2.30251322463348,11.8633995069604,1.70017226740733,17.7557261924671,3.85509767170095,16.3257673310912
0.71749430215037,10.7501672347808,NA,NA,1.27920029320067,22.2212040372741,4.58618367141936,11.6824058933109
-4.56769526125434,22.0556335022911,-20.3272671518879,58.1726186158296,-7.28761308715683,38.6104351020579,4.53486001573356,11.8499238848487
-4.15705427963806,23.2272684954418,NA,NA,3.45498823477431,10.6059232355359,3.57218812990156,11.1538646475865
-4.40853044699389,21.7983013713632,-72.9671863368142,134.514940491186,-2.78788526896284,31.9765159517516,4.1598905079341,12.975285510467
-4.8627512110486,22.733440320919,0.129094029608749,18.7936458510646,3.28806838595693,10.1217315661233,4.37170669223218,9.42611399490364
NA,NA,0.25396438971188,15.2461862308921,2.09478365501005,15.0545447529384,2.95706714565671,21.7181868726613
NA,NA,1.97943579332242,8.25955388017772,3.32368713873844,10.1273096583762,3.28713783469116,7.25370848814337
0.413486751784228,10.6970518348526,-4.80838228390542,30.1024096758016,-6.0964410350404,42.1188895449967,3.97609728661842,7.81298395669542
-5.15924277642967,19.789675173228,-33.3478454495903,67.8285362702649,2.63591335176151,7.48045258246266,4.14420628828481,10.3486391093006
-21.8933899137739,46.285006148324,1.57167411068234,10.8623454742347,2.38787000552472,16.0930791077271,4.34178092798372,8.76184315565955
1.90614217710863,9.40013649634196,2.17909800606129,8.20961871406943,1.99801791210994,8.8233755750906,4.45589878165298,10.4172651326539
2.27252960504893,7.72968378439725,2.81570891057029,6.16841613340551,-1.06298041106737,23.3899477625493,4.44132401882717,15.808285509262
1.53353083757403,9.640691061598,-4.64096786327958,25.3941035768439,2.10227286996819,14.8898074863063,4.37562221916108,10.8693281865609
-1.26402970002977,17.1675611306686,2.08435522320359,12.3142480947047,2.64331667827598,10.8469439603224,4.00546303734746,11.3614928489981
NA,NA,2.23782665277115,7.47620246052998,1.18541633267741,16.5543178683238,4.10422936383315,17.9129474742482
-31381.1559514502,31394.3345353292,-10.2099570060282,36.4745413325474,3.13617568864695,14.4322850221864,4.32965244801374,13.0877292439208
NA,NA,2.04452431122214,12.2985303709069,2.19286911469302,10.4377276733161,4.82062587627097,10.4000091869431
1.97263260024998,8.93600889905098,0.470077906027726,10.2098988881438,3.16938644851379,12.3551802723054,4.0157675883292,13.286620479948
NA,NA,0.41345248413592,17.3027129998913,-8.47268150505097,43.3495418584276,3.97189362031483,9.63723546781994
-5.22454231200116,22.9698572991432,0.489013137406987,17.2429496526776,0.683499467428058,21.6878515286987,3.60149003712619,19.5111872047384
-1.18109054400459,17.2288714567236,-3.56089580271396,26.140344071215,2.93023908219752,17.5225408832006,4.10269080068499,13.4321268613748
-9.21564306961614,29.7956130993849,1.44091729899209,14.5353596860051,2.91129457381163,12.0659589052463,1.6390383707787,28.9744684973709
1.4572413898887,7.08709139171423,0.608797775882855,16.0771257034987,2.68827540931376,11.8978371998435,3.94177377296387,6.72444304820951
-13.3806470233404,38.2857170139846,-84.752076536107,148.67530558086,2.46478964745,16.2435334654312,3.32738391041112,21.4879276180267
2.00611060660337,7.21197082765531,2.36597003993468,9.99599502548638,2.31177647349028,13.0427895731219,4.70820582046233,10.1811152902687
-718.519577474106,590.512955866445,-3.66694475506589,22.7411240426768,3.32388256008162,14.2102996408827,3.9462964153944,7.65413397838654
-886.569415765345,746.150782522046,2.33239165871315,11.641743501531,-5.85525065165156,41.6044949634839,4.34025443976762,10.5735540337189
2.14452332182805,8.62733626638599,2.19226532175599,7.57470274449843,3.50318233354885,9.50818784061358,1.91184734576595,21.3010811431184
2.25679224811792,7.82503576826666,-52.6524867490168,107.181317747484,-8.69549206791986,44.260531442107,4.35800890910775,9.33266093177522
NA,NA,0.19703502504578,9.67971867720607,0.669644928038526,19.4304641890688,4.82043635056779,11.3401931846212
NA,NA,-19.740869420154,47.9783641123838,2.99039725909497,13.1846506719593,4.47162777428158,10.1621426811241
NA,NA,-5.07851257507173,32.016020696842,-1.24301684136943,28.7028971003914,4.00675062362155,6.81929493320703
-6.55953091617018,22.4415083430858,1.58505400358417,12.9648156451177,0.186461567594661,23.6462693819926,4.50195497236943,15.6650931296266
-8.45914269139007,28.9083075879299,NA,NA,1.28002451042463,21.0440616500583,3.74844804542135,18.9244235763979
1.84648757090077,7.04939441271217,2.67318280279922,8.11079401549466,2.49745799454568,14.6754619291847,3.90197507062855,16.5859297496285
-1.39728893861721,16.4696493138603,1.66203169327539,11.7732543261622,-2.6987761228825,31.0481649324727,3.65050774255649,9.61206414687846
2.02307569564057,7.93410035026154,-995.889622949055,818.870701066609,1.92072727970521,14.7635282569943,4.77461089385685,10.7189484901886
NA,NA,-12.6117459138421,44.6955332690058,0.0161554288883536,23.3914745370288,4.35069415032467,10.2675198723423
-5.4642497762278,24.6382068193398,-224.953326257945,135.073378911383,3.58345395054249,8.42588556918286,4.07833017773808,7.84920874690439
NA,NA,-2.26217104469561,13.271793322286,-1.70693879470322,27.5776219094536,3.71619852463662,15.8357679840002
-0.730356697849103,11.6062688128939,0.918551047769121,12.7984343966986,2.56174442741224,14.1781225776559,3.95031389136146,16.0774883456171
-8631.9901683878,8641.85927101656,0.993213404803785,16.766037264299,3.34840469783518,10.0710052905846,4.22987976758259,10.4432080397849
-2.26869158505786,21.4332677506488,1.76574958186276,7.2004446957698,2.76182219046896,15.1077358324566,4.02601587687878,9.23957442349187
-21.5586312576058,42.6271302322105,-0.337418265880249,17.5293746598567,NA,NA,3.47159806568531,8.00169369876582
-4.19457418950902,22.9408806571109,-0.50987748313792,17.0368901961394,1.49283878104048,21.0585711416614,4.66877281982406,14.5851584389766
-198416.883492508,198426.921264078,2.30127578563109,11.0522249132361,-5.15375744337972,36.6208123960376,3.8990585951367,12.0069127105307
-16548.2180638085,16557.2557087925,2.48175943371608,8.84370763634603,3.5802604351564,11.0932332854609,4.35495204640186,13.2436030257811
NA,NA,0.60168051478924,14.7734133608158,2.80449365531872,16.3803493683674,4.10088362521796,16.9305635409859
NA,NA,-0.4854976810505,20.1472372134561,2.49861368453523,15.7744313292979,3.75846452300375,11.2941639923345
0.437358676706256,10.6732562582514,-5.91086801275688,24.861365202963,0.988498551103199,13.6569124568512,3.91680657895804,10.7862215331832
-6.92013552549673,29.8932744838782,-8.02279557253951,36.5056235050071,3.06391248344161,15.2422326237494,4.2425762628212,9.7747436335137
-7.9560734865226,27.3267333020473,2.50132238169299,8.26766974959114,3.52254078873097,11.0464212541127,3.75861350658565,12.9089965050918
NA,NA,2.4197941143862,9.83951055782259,2.1880482314219,18.3543910056827,4.73938678564942,11.4893348392248
-7.28310806796107,20.3654219063822,2.40224936452998,7.48913063935754,0.661914464739819,21.3176284364373,3.99996251589605,11.175468491134
0.332961662970383,12.1815426217467,1.22728629900042,14.5831621637711,2.1647777059093,15.5556894484591,4.27839867931766,11.9814808230574
-5.03559115032511,25.4274068070626,-34.8592977762497,82.9124754712738,-0.887008245858976,24.4626101230514,4.13747523963285,10.9364402872576
-63.8430317888196,111.97761023916,-26.3714246174098,61.5935158614116,2.58577576050102,9.94262785356596,4.46174942924546,13.6532556981801
0.0330834571544578,11.2132296834729,-2.43237609999345,21.4087657796312,-8.12491326649356,41.6842104965336,3.39184357549677,24.0991034531787
-74.2600716624191,39.4134454931812,-1.39674998830743,19.1822292041452,0.519014049545115,20.5572532377917,4.50939945259852,17.6191856452852
NA,NA,2.34051259200154,8.5386856929576,1.9320887706671,14.431454549173,4.36515505509161,12.1607310611792
-1.76602051156649,16.5299490661152,-0.127813501263242,21.3156283066506,1.06144727703878,13.6499459164162,4.53825859831806,10.3348564881451
-3.03231929589028,21.0902874606928,-3.18293801347749,24.9598153176638,3.25071083666676,11.3942225170602,4.48219098384985,9.84104175476274
0.214577495991358,11.0729619550652,2.95918598763476,7.72345158837504,3.34277841515631,7.11392044066673,4.11975638721836,9.23859835869084
NA,NA,-2.22565723726517,26.19540885616,2.41646784550387,7.76384545502648,4.28564942228064,11.142921915044
-2.31650360181155,21.6871864460968,2.4519104175187,7.42414810867687,2.78858039510262,17.1673293799072,4.2036542663176,11.4178889124449
-0.186095859977388,8.58146352135379,-0.723674990514965,14.3369965689519,NA,NA,3.38726214433781,7.22027963725315
NA,NA,1.03934040898819,14.4421110928562,3.07957387298339,14.4282018954105,4.4427498818888,14.5384519451031
-1.53040793255682,18.1608405746374,-20.8443980802658,60.121893718731,2.93323623622886,11.8218648021527,4.04304473146227,12.6476688033565
-63.9277579635362,30.0816979488669,2.5001646032685,5.9032270366013,-0.874470211705241,27.132439604287,4.51991253133043,13.0127343858862
