"id","n","NNT","TYPE"
1,"500",4.70287217046743,"IV"
2,"500",-33.0347312713015,"IV"
3,"500",6.28462759630409,"IV"
4,"500",7.25021225185677,"IV"
5,"500",8.32147826177154,"IV"
6,"500",9.73502142855454,"IV"
7,"500",4.15558387348949,"IV"
8,"500",8.94517948308506,"IV"
9,"500",19.2412470008702,"IV"
10,"500",13.6462123796406,"IV"
11,"500",8.84611638967492,"IV"
12,"500",7.49706485339853,"IV"
13,"500",5.59441309056149,"IV"
14,"500",5.1824214429828,"IV"
15,"500",34.983979777358,"IV"
16,"500",-27.1544074254227,"IV"
17,"500",9.94087516950169,"IV"
18,"500",14.16554488568,"IV"
19,"500",28.4289992882817,"IV"
20,"500",7.58181668845496,"IV"
21,"500",7.05806169933842,"IV"
22,"500",-14.6960749414149,"IV"
23,"500",11.4432294762712,"IV"
24,"500",12.1641812649948,"IV"
25,"500",6.1498606395366,"IV"
26,"500",9.49034406199727,"IV"
27,"500",4.27812526170308,"IV"
28,"500",24.5882797707285,"IV"
29,"500",3.94918612852994,"IV"
30,"500",13.5683060407813,"IV"
31,"500",4.30660042624378,"IV"
32,"500",18.4387827030074,"IV"
33,"500",4.88444095114116,"IV"
34,"500",3.89273355633165,"IV"
35,"500",6.42640017596458,"IV"
36,"500",5.27112933750552,"IV"
37,"500",4.74779737802353,"IV"
38,"500",4.81024831766991,"IV"
39,"500",25.2440718722157,"IV"
40,"500",30.1131303064291,"IV"
41,"500",72.7876820446336,"IV"
42,"500",5.09344956160719,"IV"
43,"500",18.5299948440538,"IV"
44,"500",4.18418075450196,"IV"
45,"500",12.4169702489955,"IV"
46,"500",-394.007633359219,"IV"
47,"500",-21.9465295465687,"IV"
48,"500",5.33314423801835,"IV"
49,"500",4.43597076823906,"IV"
50,"500",5.86944228656237,"IV"
51,"500",11.4257847997962,"IV"
52,"500",6.0538908396343,"IV"
53,"500",5.52447746349983,"IV"
54,"500",15.1237763271892,"IV"
55,"500",3.8107719523254,"IV"
56,"500",8.92958937660646,"IV"
57,"500",6.1489423487489,"IV"
58,"500",7.13063410591253,"IV"
59,"500",13.3811002009071,"IV"
60,"500",4.13327978535217,"IV"
61,"500",7.82202253646265,"IV"
62,"500",5.31332654922147,"IV"
63,"500",4.19442129944576,"IV"
64,"500",12.1443035658138,"IV"
65,"500",7.24917718811225,"IV"
66,"500",11.5469967047099,"IV"
67,"500",4.37166823742971,"IV"
68,"500",10.3259475129169,"IV"
69,"500",5.09778306048663,"IV"
70,"500",8.34132408244192,"IV"
71,"500",33.5441771545909,"IV"
72,"500",7.82963151870096,"IV"
73,"500",4.12112631757641,"IV"
74,"500",38.0194438952542,"IV"
75,"500",18.2312541328529,"IV"
76,"500",11.0559342320338,"IV"
77,"500",4.68519363685103,"IV"
78,"500",4.34458075222839,"IV"
79,"500",8.53017620298043,"IV"
80,"500",13.8314270432579,"IV"
81,"500",29.2231354878264,"IV"
82,"500",5.08137123110157,"IV"
83,"500",13.2169548832745,"IV"
84,"500",10.1444149750502,"IV"
85,"500",4.64808604601998,"IV"
86,"500",9.32827032059651,"IV"
87,"500",-53.7537751969424,"IV"
88,"500",27.6864972704066,"IV"
89,"500",12.8478767876036,"IV"
90,"500",3.90577613467912,"IV"
91,"500",55.417681125607,"IV"
92,"500",27.9183932707919,"IV"
93,"500",6.38910366022153,"IV"
94,"500",4.04128931127239,"IV"
95,"500",8.70490437853062,"IV"
96,"500",5.75960609135129,"IV"
97,"500",4.03710702063673,"IV"
98,"500",-78.3340113589068,"IV"
99,"500",8.83046209966407,"IV"
100,"500",47.1241503347102,"IV"
101,"500",4.3413268799671,"IV"
102,"500",5.13490473218468,"IV"
103,"500",19.3475976235068,"IV"
104,"500",6.68627989989729,"IV"
105,"500",7.61351953492649,"IV"
106,"500",4.92321928487068,"IV"
107,"500",6.8562517648505,"IV"
108,"500",15.6655262701028,"IV"
109,"500",-241.691386584582,"IV"
110,"500",11.7706626612369,"IV"
111,"500",46.2990605558591,"IV"
112,"500",7.79953217046845,"IV"
113,"500",13.9577595902328,"IV"
114,"500",8.19785247490872,"IV"
115,"500",10.1755077382405,"IV"
116,"500",-8.20047894262897,"IV"
117,"500",6.2705658678836,"IV"
118,"500",6.05558860943162,"IV"
119,"500",10.2762505934576,"IV"
120,"500",-129.165441284348,"IV"
121,"500",7.20639831120822,"IV"
122,"500",15.2899245474601,"IV"
123,"500",12.7467204733403,"IV"
124,"500",6.68102306201136,"IV"
125,"500",4.18708981620172,"IV"
126,"500",5.95612656484793,"IV"
127,"500",4.38711041799123,"IV"
128,"500",4.09667008493153,"IV"
129,"500",3.87132639955205,"IV"
130,"500",9.30991260403074,"IV"
131,"500",5.42798692003282,"IV"
132,"500",23.6101830322809,"IV"
133,"500",10.6701725343515,"IV"
134,"500",5.50094944470167,"IV"
135,"500",5.78833198563334,"IV"
136,"500",8.74995158609404,"IV"
137,"500",9.60267046291457,"IV"
138,"500",3.91644480019078,"IV"
139,"500",-80.4438483072189,"IV"
140,"500",4.31202753746562,"IV"
141,"500",6.18943864968536,"IV"
142,"500",-103.100259510799,"IV"
143,"500",5.1069119860105,"IV"
144,"500",7.43517297824598,"IV"
145,"500",8.0709601665222,"IV"
146,"500",16.2040646774619,"IV"
147,"500",4.61638678979638,"IV"
148,"500",8.65677898900705,"IV"
149,"500",3.91664976891793,"IV"
150,"500",-60.9945873854439,"IV"
151,"500",4.87763118301187,"IV"
152,"500",17.954264842713,"IV"
153,"500",10.3398167527164,"IV"
154,"500",14.0598288056533,"IV"
155,"500",5.57471921816359,"IV"
156,"500",-28.4257148024089,"IV"
157,"500",-6719.5812235371,"IV"
158,"500",5.61429606487371,"IV"
159,"500",6.6732146439561,"IV"
160,"500",8.66474495885971,"IV"
161,"500",4.72478298957478,"IV"
162,"500",5.82116180621495,"IV"
163,"500",6.67504860311392,"IV"
164,"500",6.20050470684748,"IV"
165,"500",7.40553195551281,"IV"
166,"500",6.70463017620031,"IV"
167,"500",7.83431398816976,"IV"
168,"500",10.5760413588218,"IV"
169,"500",5.26340850805785,"IV"
170,"500",19.4645615418237,"IV"
171,"500",112.436206654088,"IV"
172,"500",6.44046788492195,"IV"
173,"500",5.6535761055352,"IV"
174,"500",15.5584304515069,"IV"
175,"500",11.2822675639519,"IV"
176,"500",4.23156004189092,"IV"
177,"500",22.0085184578325,"IV"
178,"500",8.71609338102724,"IV"
179,"500",4.67749876250312,"IV"
180,"500",375.918837762636,"IV"
181,"500",8.58536339332139,"IV"
182,"500",4.82124178541368,"IV"
183,"500",6.4536985071155,"IV"
184,"500",4.27245450272684,"IV"
185,"500",6.69819410842449,"IV"
186,"500",12.1331661357903,"IV"
187,"500",52.634779993832,"IV"
188,"500",4.6756606862801,"IV"
189,"500",-114.814096122064,"IV"
190,"500",-202.189146893926,"IV"
191,"500",6.82249755518592,"IV"
192,"500",-347.187092566757,"IV"
193,"500",5.70435005067481,"IV"
194,"500",3.93408201744078,"IV"
195,"500",6.39054377663064,"IV"
196,"500",5.15943208490769,"IV"
197,"500",8.78093505121649,"IV"
198,"500",11.572025382465,"IV"
199,"500",6.05766567906531,"IV"
200,"500",5.1109272342151,"IV"
201,"500",7.99278387757023,"IV"
202,"500",10.8355999755538,"IV"
203,"500",12.6706949325622,"IV"
204,"500",8.2767228046701,"IV"
205,"500",4.77856930247859,"IV"
206,"500",5.04871244310423,"IV"
207,"500",4.5112505435851,"IV"
208,"500",5.21249067773493,"IV"
209,"500",9.1962909950928,"IV"
210,"500",6.33943940582097,"IV"
211,"500",4.61515557465865,"IV"
212,"500",8.83870037593817,"IV"
213,"500",9.89018228212474,"IV"
214,"500",5.95060676198845,"IV"
215,"500",11.7516105344158,"IV"
216,"500",5.87947190162073,"IV"
217,"500",13.897041977093,"IV"
218,"500",4.6238422537008,"IV"
219,"500",6.4273334263216,"IV"
220,"500",4.56778616166945,"IV"
221,"500",8.94945482287227,"IV"
222,"500",6.00638041673545,"IV"
223,"500",5.35448160389157,"IV"
224,"500",4.30363453136574,"IV"
225,"500",8.81557104292362,"IV"
226,"500",5.35265870046158,"IV"
227,"500",-10.4312065230061,"IV"
228,"500",7.28352816046997,"IV"
229,"500",4.12545094993326,"IV"
230,"500",8.59474120922157,"IV"
231,"500",10.2960258913936,"IV"
232,"500",16.6944633584222,"IV"
233,"500",7.793117910729,"IV"
234,"500",4.16230476789009,"IV"
235,"500",6.336775048096,"IV"
236,"500",4.84661930610205,"IV"
237,"500",11.523413230344,"IV"
238,"500",101.129170691862,"IV"
239,"500",6.08697828685253,"IV"
240,"500",6.54729330676921,"IV"
241,"500",9.34071214012661,"IV"
242,"500",86.4880108056575,"IV"
243,"500",12.207938376394,"IV"
244,"500",6.58447883987158,"IV"
245,"500",8.49978477584594,"IV"
246,"500",7.06371924946597,"IV"
247,"500",10.1765567811501,"IV"
248,"500",5.09253332437217,"IV"
249,"500",4.44118655490636,"IV"
250,"500",8.95319648734927,"IV"
251,"500",6.32152799906823,"IV"
252,"500",5.45304767876693,"IV"
253,"500",4.55671031477259,"IV"
254,"500",4.9310623289588,"IV"
255,"500",7.74477437308833,"IV"
256,"500",5.39403959643176,"IV"
257,"500",12.2749972568803,"IV"
258,"500",9.01566538848184,"IV"
259,"500",14.3687349685254,"IV"
260,"500",6.6781290633929,"IV"
261,"500",8.97188984331127,"IV"
262,"500",9.93507457746227,"IV"
263,"500",4.67732386308879,"IV"
264,"500",5.01249795050178,"IV"
265,"500",11.8884031927722,"IV"
266,"500",319.703519087484,"IV"
267,"500",13.7521176462896,"IV"
268,"500",4.78866993647476,"IV"
269,"500",41.2392438014015,"IV"
270,"500",4.13101209606755,"IV"
271,"500",21.1704860059462,"IV"
272,"500",152.800628988925,"IV"
273,"500",-17.7438296859269,"IV"
274,"500",69.9187326063535,"IV"
275,"500",15.9392432565927,"IV"
276,"500",13.5150258754118,"IV"
277,"500",6.58085076921095,"IV"
278,"500",13.1023811837371,"IV"
279,"500",9.05312707962927,"IV"
280,"500",7.33814695728386,"IV"
281,"500",7.13480942534386,"IV"
282,"500",5.41255059475875,"IV"
283,"500",4.55508910824664,"IV"
284,"500",4.73704464953514,"IV"
285,"500",6.28908675764669,"IV"
286,"500",4.80048004871477,"IV"
287,"500",8.84119777389138,"IV"
288,"500",17.1044424045484,"IV"
289,"500",13.1962914988021,"IV"
290,"500",309.637678839149,"IV"
291,"500",-144.963677400797,"IV"
292,"500",7.1941845635154,"IV"
293,"500",7.65374883592602,"IV"
294,"500",9.23491135898888,"IV"
295,"500",119.223300800353,"IV"
296,"500",13.8834107220161,"IV"
297,"500",5.24627493752367,"IV"
298,"500",-95.216479602666,"IV"
299,"500",6.19597363193902,"IV"
300,"500",15.6598062850108,"IV"
301,"500",13.9802305942891,"IV"
302,"500",13.1929337703774,"IV"
303,"500",7.6204863944482,"IV"
304,"500",7.26254972608863,"IV"
305,"500",4.54667602226737,"IV"
306,"500",6.07670679497449,"IV"
307,"500",8.45544171683617,"IV"
308,"500",13.6938469065029,"IV"
309,"500",9.30918697793847,"IV"
310,"500",4.66523542891229,"IV"
311,"500",9.72632663186032,"IV"
312,"500",70.3477167554345,"IV"
313,"500",5.34497305988572,"IV"
314,"500",3.94561189186501,"IV"
315,"500",4.95096798920462,"IV"
316,"500",-35.8284281515497,"IV"
317,"500",5.36136575493555,"IV"
318,"500",16.3783712414376,"IV"
319,"500",7.94235329400151,"IV"
320,"500",4.91814618454405,"IV"
321,"500",6.64255704085992,"IV"
322,"500",-68.6430660034429,"IV"
323,"500",6.52449719414043,"IV"
324,"500",7.88074813159265,"IV"
325,"500",24.2607353675163,"IV"
326,"500",16.5123455768655,"IV"
327,"500",17.1661202612538,"IV"
328,"500",6.60471683280625,"IV"
329,"500",10.588127853571,"IV"
330,"500",6.06670122806779,"IV"
331,"500",-20.2680833981628,"IV"
332,"500",8.57242289870698,"IV"
333,"500",4.93548710346353,"IV"
334,"500",6.44054195903303,"IV"
335,"500",5.5072914700065,"IV"
336,"500",6.89166346245415,"IV"
337,"500",4.67398471162639,"IV"
338,"500",6.27402067420976,"IV"
339,"500",4.66803123563771,"IV"
340,"500",-94.6587745966624,"IV"
341,"500",-18.8578887627808,"IV"
342,"500",5.60613888352663,"IV"
343,"500",5.63427892279585,"IV"
344,"500",43.6338376283384,"IV"
345,"500",11.2759592270863,"IV"
346,"500",-22.2602698635545,"IV"
347,"500",5.91062169463067,"IV"
348,"500",6.22124542031615,"IV"
349,"500",8.24511548299636,"IV"
350,"500",4.8190314833796,"IV"
351,"500",6.82547007146656,"IV"
352,"500",4.80037113999194,"IV"
353,"500",8.93713525133546,"IV"
354,"500",7.45531996183596,"IV"
355,"500",11.7754029506356,"IV"
356,"500",6.99108568171864,"IV"
357,"500",9.36202295590515,"IV"
358,"500",6.69187348084799,"IV"
359,"500",9.64279640617315,"IV"
360,"500",6.25184857466007,"IV"
361,"500",7.47910506622696,"IV"
362,"500",32.3098033158072,"IV"
363,"500",104.737175620046,"IV"
364,"500",58.064078951816,"IV"
365,"500",4.70971600180001,"IV"
366,"500",4.67217892966765,"IV"
367,"500",6.58446230280303,"IV"
368,"500",9.07473288521734,"IV"
369,"500",3.94499438379909,"IV"
370,"500",5.64738696383105,"IV"
371,"500",7.76622490954542,"IV"
372,"500",4.96649115009961,"IV"
373,"500",27.5678471655542,"IV"
374,"500",-36.7722248321663,"IV"
375,"500",8.57569906242643,"IV"
376,"500",4.62962977427756,"IV"
377,"500",4.16005681596648,"IV"
378,"500",5.5468056546291,"IV"
379,"500",4.47986008443708,"IV"
380,"500",8.85418430153134,"IV"
381,"500",16.7459576783583,"IV"
382,"500",-9.88263305727973,"IV"
383,"500",3.88942461356473,"IV"
384,"500",5.77203250531782,"IV"
385,"500",6.79699355053577,"IV"
386,"500",6.69361063953851,"IV"
387,"500",8.22448598791144,"IV"
388,"500",3.79958890176987,"IV"
389,"500",5.88408006227109,"IV"
390,"500",26.0083961413506,"IV"
391,"500",13.0835389460686,"IV"
392,"500",5.80955774918306,"IV"
393,"500",36.7456255599662,"IV"
394,"500",25.6799019542944,"IV"
395,"500",8.82218692593901,"IV"
396,"500",5.91489838448303,"IV"
397,"500",7.8422430512362,"IV"
398,"500",9.4182747093086,"IV"
399,"500",8.06597407507353,"IV"
400,"500",4.63096960428122,"IV"
401,"500",13.0147533099815,"IV"
402,"500",131.239228790204,"IV"
403,"500",5.32731437978858,"IV"
404,"500",28.0421245699186,"IV"
405,"500",17.7285543318241,"IV"
406,"500",11.7317431885302,"IV"
407,"500",4.61386829387189,"IV"
408,"500",5.8995999586511,"IV"
409,"500",7.31854355608142,"IV"
410,"500",10.8862215520797,"IV"
411,"500",11.9329021868731,"IV"
412,"500",85.0471640348427,"IV"
413,"500",11.2670097714841,"IV"
414,"500",5.40698351675849,"IV"
415,"500",-9.17713412532759,"IV"
416,"500",6.33542309994377,"IV"
417,"500",-13.9945216700023,"IV"
418,"500",10.5788692895457,"IV"
419,"500",7.12924648718022,"IV"
420,"500",8.48805652504944,"IV"
421,"500",10.7114515255991,"IV"
422,"500",5.34068980493783,"IV"
423,"500",3.73885101154294,"IV"
424,"500",8.99116688179568,"IV"
425,"500",-50.7619754541067,"IV"
426,"500",4.8146244398532,"IV"
427,"500",5.77095264293324,"IV"
428,"500",5.8641309855859,"IV"
429,"500",5.93613570230851,"IV"
430,"500",-34.8425854588006,"IV"
431,"500",24.8500579437381,"IV"
432,"500",14.9561295780174,"IV"
433,"500",8.29666305282396,"IV"
434,"500",5.88855738770961,"IV"
435,"500",5.33274079054696,"IV"
436,"500",10.3088168950336,"IV"
437,"500",4.78078884832543,"IV"
438,"500",7.14230779413884,"IV"
439,"500",5.96618179549733,"IV"
440,"500",4.08732146399224,"IV"
441,"500",27.0617386029078,"IV"
442,"500",53.0943785719027,"IV"
443,"500",11.8647376854593,"IV"
444,"500",18.4569784532728,"IV"
445,"500",5.45458912710795,"IV"
446,"500",9.2210786290816,"IV"
447,"500",5.87886602681838,"IV"
448,"500",5.92681221754531,"IV"
449,"500",4.84138467292516,"IV"
450,"500",10.1979013889437,"IV"
451,"500",8.46463965246313,"IV"
452,"500",9.96797688098535,"IV"
453,"500",-14.5465971243601,"IV"
454,"500",13.6711411473353,"IV"
455,"500",13.906763767843,"IV"
456,"500",4.52584508234727,"IV"
457,"500",9.13749056973655,"IV"
458,"500",164.393046131557,"IV"
459,"500",4.80769230225067,"IV"
460,"500",9.4400389422286,"IV"
461,"500",6.53674939288394,"IV"
462,"500",4.73792106074035,"IV"
463,"500",13.8986614167779,"IV"
464,"500",-49.211623374399,"IV"
465,"500",12.5271911530076,"IV"
466,"500",4.79375065619556,"IV"
467,"500",7.03622025627794,"IV"
468,"500",6.94005442094803,"IV"
469,"500",12.1988741359052,"IV"
470,"500",5.78242541190478,"IV"
471,"500",6.96638546789907,"IV"
472,"500",7.91172614646169,"IV"
473,"500",31.8831170055714,"IV"
474,"500",5.41009192491036,"IV"
475,"500",4.8846564274728,"IV"
476,"500",5.59884342504151,"IV"
477,"500",13.2103402856792,"IV"
478,"500",4.47649161805764,"IV"
479,"500",5.69382847989257,"IV"
480,"500",12.6416938829006,"IV"
481,"500",16.8248900028886,"IV"
482,"500",43.5135944935455,"IV"
483,"500",5.09178552092216,"IV"
484,"500",9.65039194683586,"IV"
485,"500",-17.3145781067202,"IV"
486,"500",10.1296205686868,"IV"
487,"500",6.43097261468866,"IV"
488,"500",4.75064631296842,"IV"
489,"500",8.49170167078574,"IV"
490,"500",9.19826935738875,"IV"
491,"500",14.6312491280275,"IV"
492,"500",4.29759845482994,"IV"
493,"500",9.32634623081596,"IV"
494,"500",4.13939852910451,"IV"
495,"500",12.1173771613924,"IV"
496,"500",8.79362118101734,"IV"
497,"500",9.70270049585911,"IV"
498,"500",9.13800087576981,"IV"
499,"500",13.4287498472179,"IV"
500,"500",22.2603219785254,"IV"
501,"500",15.6582576428896,"IV"
502,"500",7.97588045483544,"IV"
503,"500",11.9911618048038,"IV"
504,"500",16.3143577728687,"IV"
505,"500",8.19149713985887,"IV"
506,"500",-37.0826550634587,"IV"
507,"500",6.85953195723984,"IV"
508,"500",7.07926819571485,"IV"
509,"500",35.1420676258005,"IV"
510,"500",6.00204116051722,"IV"
511,"500",6.08563163023022,"IV"
512,"500",5.15870407853701,"IV"
513,"500",7.98984426033099,"IV"
514,"500",-24.8569224139723,"IV"
515,"500",3.98765113668219,"IV"
516,"500",52.9083018834182,"IV"
517,"500",7.14147326044959,"IV"
518,"500",4.80431464740744,"IV"
519,"500",6.61398870389449,"IV"
520,"500",7.79305707476493,"IV"
521,"500",8.93095997110603,"IV"
522,"500",4.98574975772901,"IV"
523,"500",4.46230187753581,"IV"
524,"500",14.7770593584137,"IV"
525,"500",-84.4253831662374,"IV"
526,"500",5.03463017520701,"IV"
527,"500",5.08779423973027,"IV"
528,"500",16.1073723219476,"IV"
529,"500",7.33390306287996,"IV"
530,"500",4.4802689585108,"IV"
531,"500",27.1680184669826,"IV"
532,"500",77.0973859577189,"IV"
533,"500",4.43538545198015,"IV"
534,"500",4.31593224560388,"IV"
535,"500",24.1276182317084,"IV"
536,"500",7.600897698033,"IV"
537,"500",5.73644394573764,"IV"
538,"500",5.30549375062817,"IV"
539,"500",10.5762776799319,"IV"
540,"500",6.42944900735943,"IV"
541,"500",6.41235582127255,"IV"
542,"500",7.50953810032918,"IV"
543,"500",756.604778546506,"IV"
544,"500",7.43920685713746,"IV"
545,"500",7.56029467660184,"IV"
546,"500",6.20821071678451,"IV"
547,"500",6.89168022201301,"IV"
548,"500",17.6162196218992,"IV"
549,"500",15.3673077178498,"IV"
550,"500",12.2131829502834,"IV"
551,"500",69.0924629864524,"IV"
552,"500",6.19218650216488,"IV"
553,"500",6.79892342134264,"IV"
554,"500",7.19309665747046,"IV"
555,"500",5.09391913107766,"IV"
556,"500",4.65116152955875,"IV"
557,"500",5.57593066540633,"IV"
558,"500",7.4777622100599,"IV"
559,"500",6.05461906565238,"IV"
560,"500",9.07621817731498,"IV"
561,"500",5.61602200759544,"IV"
562,"500",34.9027050469211,"IV"
563,"500",5.80488171080709,"IV"
564,"500",5.30045530196241,"IV"
565,"500",4.83500137365156,"IV"
566,"500",9.32646584529986,"IV"
567,"500",13.1954117818889,"IV"
568,"500",17.2090827121411,"IV"
569,"500",128.123638164004,"IV"
570,"500",6.04537133753398,"IV"
571,"500",11.1384863139039,"IV"
572,"500",15.5999557613702,"IV"
573,"500",10.5132859627096,"IV"
574,"500",3.78531281848437,"IV"
575,"500",4.36532352618559,"IV"
576,"500",-10.7728336167987,"IV"
577,"500",7.8460145489781,"IV"
578,"500",15.9678890310803,"IV"
579,"500",7.78946904241248,"IV"
580,"500",-22.996511810993,"IV"
581,"500",15.2961035943676,"IV"
582,"500",4.52352895313401,"IV"
583,"500",-52.8955526476145,"IV"
584,"500",244.0969846735,"IV"
585,"500",-15.6528182390465,"IV"
586,"500",6.92960600082136,"IV"
587,"500",7.89121268715256,"IV"
588,"500",19.6913538020193,"IV"
589,"500",18.9416928284015,"IV"
590,"500",66.2920893837538,"IV"
591,"500",3.96008048060588,"IV"
592,"500",7.61853428121205,"IV"
593,"500",5.57964257142545,"IV"
594,"500",7.43409121281341,"IV"
595,"500",12.9090849255674,"IV"
596,"500",11.6378187968233,"IV"
597,"500",21.1790085495826,"IV"
598,"500",3.76474274359476,"IV"
599,"500",5.3712013986439,"IV"
600,"500",138.197878344036,"IV"
601,"500",8.04094599211295,"IV"
602,"500",9.15701408992609,"IV"
603,"500",19.3735776981098,"IV"
604,"500",9.80478626067843,"IV"
605,"500",-5725.39191406851,"IV"
606,"500",8.5841631565895,"IV"
607,"500",4.06172253894622,"IV"
608,"500",14.7895145661143,"IV"
609,"500",6.68303405007059,"IV"
610,"500",7.55523388848831,"IV"
611,"500",5.50691906300936,"IV"
612,"500",5.22265896954043,"IV"
613,"500",-57.8149806639748,"IV"
614,"500",6.7873663144099,"IV"
615,"500",7.91301524031992,"IV"
616,"500",5.61044061075139,"IV"
617,"500",7.6188183972416,"IV"
618,"500",7.43744665914265,"IV"
619,"500",6.83710993351852,"IV"
620,"500",10.1461914683682,"IV"
621,"500",7.46952384223022,"IV"
622,"500",10.1720635666939,"IV"
623,"500",29.3043400543024,"IV"
624,"500",7.43939073659603,"IV"
625,"500",5.19349974713743,"IV"
626,"500",5.76433001479827,"IV"
627,"500",6.19393094384295,"IV"
628,"500",19.0139495078539,"IV"
629,"500",4.62419000175939,"IV"
630,"500",23.3229626070247,"IV"
631,"500",7.51117448481145,"IV"
632,"500",8.96075869262704,"IV"
633,"500",52.6715794055138,"IV"
634,"500",-63.2186598378069,"IV"
635,"500",4.60122699041786,"IV"
636,"500",4.46390504432681,"IV"
637,"500",9.58700476575911,"IV"
638,"500",10.7677441802054,"IV"
639,"500",9.44749367061234,"IV"
640,"500",7.29821025720725,"IV"
641,"500",8.91466520083621,"IV"
642,"500",-32.0722214663071,"IV"
643,"500",49.3763356611729,"IV"
644,"500",10.2655330550221,"IV"
645,"500",16.3580212641257,"IV"
646,"500",182.367825020386,"IV"
647,"500",13.2995658598222,"IV"
648,"500",5.77878977085199,"IV"
649,"500",7.12601997315316,"IV"
650,"500",11.8982764601747,"IV"
651,"500",12.8039335756014,"IV"
652,"500",-6162.30159884228,"IV"
653,"500",5.51920962717997,"IV"
654,"500",12.4599030982455,"IV"
655,"500",10.7826105651968,"IV"
656,"500",4.79774651870816,"IV"
657,"500",7.12636681525384,"IV"
658,"500",8.29065026264864,"IV"
659,"500",-227.327120987614,"IV"
660,"500",617.009797240265,"IV"
661,"500",10.527213293707,"IV"
662,"500",11.923519487801,"IV"
663,"500",11.0655452930285,"IV"
664,"500",5.63275369257447,"IV"
665,"500",4.83991064985638,"IV"
666,"500",7.55715622135197,"IV"
667,"500",7.18275502304983,"IV"
668,"500",-91.7929813720151,"IV"
669,"500",17.6049620223098,"IV"
670,"500",131.824898052991,"IV"
671,"500",5.49004959638472,"IV"
672,"500",9.18388076452686,"IV"
673,"500",5.36233669486347,"IV"
674,"500",4.12670831718728,"IV"
675,"500",27.7684002689354,"IV"
676,"500",-12.72786465485,"IV"
677,"500",3.96904321278768,"IV"
678,"500",11.9379074121447,"IV"
679,"500",16.4042057928666,"IV"
680,"500",4.19521808132143,"IV"
681,"500",7.8854932039135,"IV"
682,"500",-14.1995841631191,"IV"
683,"500",4.46328278186085,"IV"
684,"500",14.6939631215584,"IV"
685,"500",10.4090791954697,"IV"
686,"500",4.60737179061082,"IV"
687,"500",10.3917356841577,"IV"
688,"500",65.8545841220947,"IV"
689,"500",4.85023134248556,"IV"
690,"500",113.986618988825,"IV"
691,"500",6.47500153721388,"IV"
692,"500",8.18754885419425,"IV"
693,"500",6.51159249771596,"IV"
694,"500",7.83809870714903,"IV"
695,"500",7.23149601900136,"IV"
696,"500",5.5526271238749,"IV"
697,"500",-10.3528671548669,"IV"
698,"500",7.15382640790028,"IV"
699,"500",-11.5317806172025,"IV"
700,"500",6.58038862431355,"IV"
701,"500",7.3047922509419,"IV"
702,"500",6.68029413793469,"IV"
703,"500",6.78444896318496,"IV"
704,"500",47.8633439123158,"IV"
705,"500",4.6403299736431,"IV"
706,"500",12.1723496486088,"IV"
707,"500",9.77950557342701,"IV"
708,"500",6.64272998618638,"IV"
709,"500",21.9395469552321,"IV"
710,"500",4.9106997471271,"IV"
711,"500",8.13362052425897,"IV"
712,"500",5.25601767064933,"IV"
713,"500",12.5630847451426,"IV"
714,"500",15.2891769497393,"IV"
715,"500",10.9182021403383,"IV"
716,"500",5.95167164774758,"IV"
717,"500",11.2884145332067,"IV"
718,"500",15.6269845155353,"IV"
719,"500",11.3265944003035,"IV"
720,"500",11.6120350682825,"IV"
721,"500",7.06024835110838,"IV"
722,"500",13.1810566983306,"IV"
723,"500",11.4775420660288,"IV"
724,"500",5.02298257441036,"IV"
725,"500",26.7699444784856,"IV"
726,"500",54.9466138904301,"IV"
727,"500",10.0885447762182,"IV"
728,"500",4.05995510286502,"IV"
729,"500",5.08129398083944,"IV"
730,"500",5.67642687236368,"IV"
731,"500",12.5751808545436,"IV"
732,"500",4.57206095645326,"IV"
733,"500",7.78009583775894,"IV"
734,"500",4.48835098826018,"IV"
735,"500",8.05972063831342,"IV"
736,"500",4.04401144884553,"IV"
737,"500",16.3190321687838,"IV"
738,"500",8.27956676307963,"IV"
739,"500",7.38614624724176,"IV"
740,"500",6.54950005386789,"IV"
741,"500",6.66658371410584,"IV"
742,"500",6.41204962597005,"IV"
743,"500",6.58129583346975,"IV"
744,"500",-17.7585124406184,"IV"
745,"500",27.259357388647,"IV"
746,"500",9.13091022887372,"IV"
747,"500",10.8092088970974,"IV"
748,"500",18.9156269439827,"IV"
749,"500",4.92127142452554,"IV"
750,"500",10.232177337421,"IV"
751,"500",7.96203024451127,"IV"
752,"500",5.7830786668326,"IV"
753,"500",64.6888155127977,"IV"
754,"500",6.39404248739087,"IV"
755,"500",5.08800925732921,"IV"
756,"500",13.7698014299507,"IV"
757,"500",8.64149004608443,"IV"
758,"500",5.04555100455635,"IV"
759,"500",22.7442881072583,"IV"
760,"500",6.31092473551562,"IV"
761,"500",17.9941348622175,"IV"
762,"500",20.6102417221364,"IV"
763,"500",5.32532265758185,"IV"
764,"500",4.6313111265913,"IV"
765,"500",3.95543298020479,"IV"
766,"500",4.31598980381834,"IV"
767,"500",8.25584792125776,"IV"
768,"500",8.84434772897945,"IV"
769,"500",16.0064474160619,"IV"
770,"500",4.74509499069812,"IV"
771,"500",12.1607950847591,"IV"
772,"500",4.44276070912318,"IV"
773,"500",6.56147086682291,"IV"
774,"500",3.81165918728764,"IV"
775,"500",10.0860368072402,"IV"
776,"500",8.4860182814622,"IV"
777,"500",6.19772589305179,"IV"
778,"500",6.90619221581008,"IV"
779,"500",8.09190211557498,"IV"
780,"500",7.02355246761491,"IV"
781,"500",10.6780697949095,"IV"
782,"500",7.30094224426341,"IV"
783,"500",4.93695814751582,"IV"
784,"500",4.06381680447002,"IV"
785,"500",15.5892575812965,"IV"
786,"500",4.67238361786096,"IV"
787,"500",16.0959637101399,"IV"
788,"500",12.7335591437048,"IV"
789,"500",6.61562175804373,"IV"
790,"500",14.9710960177029,"IV"
791,"500",8.20316408324838,"IV"
792,"500",5.7349463135143,"IV"
793,"500",140.530756355094,"IV"
794,"500",4.26494456158914,"IV"
795,"500",12.74625438642,"IV"
796,"500",4.40011148944401,"IV"
797,"500",4.55117294571674,"IV"
798,"500",5.48157123048612,"IV"
799,"500",5.91472966903685,"IV"
800,"500",26.9000354161573,"IV"
801,"500",7.79005228114142,"IV"
802,"500",22.8558741830877,"IV"
803,"500",24.7297281895948,"IV"
804,"500",10.7570967681799,"IV"
805,"500",11.3331997582523,"IV"
806,"500",8.62432856808582,"IV"
807,"500",6.25040461741022,"IV"
808,"500",4.2027308153235,"IV"
809,"500",79.2503109892592,"IV"
810,"500",9.06435710635516,"IV"
811,"500",6.37598805346496,"IV"
812,"500",56.7222341721378,"IV"
813,"500",10.1933442684271,"IV"
814,"500",3.84498619314662,"IV"
815,"500",19.4836481762892,"IV"
816,"500",14.130187582573,"IV"
817,"500",-22.7521217146824,"IV"
818,"500",-17.746065594204,"IV"
819,"500",14.5466440461181,"IV"
820,"500",14.7708396178165,"IV"
821,"500",11.6178297553238,"IV"
822,"500",8.17420179819993,"IV"
823,"500",6.05686405919288,"IV"
824,"500",18.9628116209611,"IV"
825,"500",9.11199004624102,"IV"
826,"500",6.00008710827906,"IV"
827,"500",9.44271660731042,"IV"
828,"500",6.34520934343961,"IV"
829,"500",13.1580200682901,"IV"
830,"500",6.63253320238964,"IV"
831,"500",4.89126041593403,"IV"
832,"500",5.81677189858195,"IV"
833,"500",7.65902942019548,"IV"
834,"500",5.9482895193273,"IV"
835,"500",6.9894623836234,"IV"
836,"500",6.21145408542362,"IV"
837,"500",9.02906490059959,"IV"
838,"500",5.46491489756684,"IV"
839,"500",5.1762894805199,"IV"
840,"500",8.82159950757609,"IV"
841,"500",5.08599412728077,"IV"
842,"500",9.24690011605166,"IV"
843,"500",4.47761193200308,"IV"
844,"500",3.92724570263057,"IV"
845,"500",7.76224115362603,"IV"
846,"500",-48.3301179920491,"IV"
847,"500",18.8364135720909,"IV"
848,"500",14.9103637021416,"IV"
849,"500",14.3509761615592,"IV"
850,"500",26.2732731320826,"IV"
851,"500",4.58039151725317,"IV"
852,"500",13.5209103039118,"IV"
853,"500",5.80453773880934,"IV"
854,"500",7.68156257833739,"IV"
855,"500",6.84605428405274,"IV"
856,"500",4.23015003243346,"IV"
857,"500",11.9547101154099,"IV"
858,"500",469.929443869806,"IV"
859,"500",5.04853696923629,"IV"
860,"500",13.1693778261169,"IV"
861,"500",8.05613663007979,"IV"
862,"500",9.99877697986245,"IV"
863,"500",4.8591421406387,"IV"
864,"500",7.60762477222016,"IV"
865,"500",6.44276780221663,"IV"
866,"500",12.0561967537534,"IV"
867,"500",9.83640828050878,"IV"
868,"500",48.4822910834421,"IV"
869,"500",10.2147379919947,"IV"
870,"500",11.9905082558642,"IV"
871,"500",22.3306392743516,"IV"
872,"500",4.95104226709288,"IV"
873,"500",-55.8072941985665,"IV"
874,"500",6.98790869060524,"IV"
875,"500",11.1310350898802,"IV"
876,"500",5.0010563186475,"IV"
877,"500",4.57991525225244,"IV"
878,"500",151.734679886638,"IV"
879,"500",-57.6396019925168,"IV"
880,"500",52.0468301810111,"IV"
881,"500",4.1193949186266,"IV"
882,"500",5.44261234248345,"IV"
883,"500",30.0241354482638,"IV"
884,"500",8.58930543164857,"IV"
885,"500",4.11327940205269,"IV"
886,"500",35.0133531699469,"IV"
887,"500",4.58700180653349,"IV"
888,"500",34.8936867580836,"IV"
889,"500",8.84343548361666,"IV"
890,"500",7.22257892935761,"IV"
891,"500",23.7260187677057,"IV"
892,"500",46.822209322979,"IV"
893,"500",5.83253953750117,"IV"
894,"500",5.95281631691153,"IV"
895,"500",5.77934369150961,"IV"
896,"500",54.0706279332017,"IV"
897,"500",-45.3961972049413,"IV"
898,"500",11.3706441979101,"IV"
899,"500",24.2608602016484,"IV"
900,"500",3.85135134769993,"IV"
901,"500",-16.6464330332647,"IV"
902,"500",6.9614896648846,"IV"
903,"500",6.92323204375367,"IV"
904,"500",7.55800959096455,"IV"
905,"500",3.78784910961972,"IV"
906,"500",9.94917788658416,"IV"
907,"500",3.98494759200202,"IV"
908,"500",83.6728840897654,"IV"
909,"500",4.10288485083078,"IV"
910,"500",3.93676378659466,"IV"
911,"500",8.67567700114307,"IV"
912,"500",10.548654512177,"IV"
913,"500",6.21351955812863,"IV"
914,"500",22.4604996145864,"IV"
915,"500",4.34396428075257,"IV"
916,"500",6.02009618858495,"IV"
917,"500",4.2051974783669,"IV"
918,"500",5.05737793697956,"IV"
919,"500",5.24392010058732,"IV"
920,"500",6.98734419548395,"IV"
921,"500",6.29795836436646,"IV"
922,"500",7.8307529096326,"IV"
923,"500",9.68236020922395,"IV"
924,"500",16.6074961073462,"IV"
925,"500",4.85428665660111,"IV"
926,"500",16.1615882997647,"IV"
927,"500",5.31629259081286,"IV"
928,"500",6.99503035495521,"IV"
929,"500",-20.1096457874925,"IV"
930,"500",5.22914773520021,"IV"
931,"500",33.1430600728189,"IV"
932,"500",5.7338307684656,"IV"
933,"500",8.7439691205184,"IV"
934,"500",9.53510710790185,"IV"
935,"500",8.69488546218465,"IV"
936,"500",8.93534455493521,"IV"
937,"500",4.2455313274693,"IV"
938,"500",25.6217682601604,"IV"
939,"500",5.55526929331841,"IV"
940,"500",7.31521619839918,"IV"
941,"500",12.1958081172751,"IV"
942,"500",5.65313933672529,"IV"
943,"500",5.00110669472309,"IV"
944,"500",5.58711094958602,"IV"
945,"500",7.95176571531943,"IV"
946,"500",19.5606047291578,"IV"
947,"500",6.58929193949696,"IV"
948,"500",-35.1900046500983,"IV"
949,"500",5.45432074965048,"IV"
950,"500",14.8976767345426,"IV"
951,"500",8.87265749357101,"IV"
952,"500",8.02389045635953,"IV"
953,"500",10.2899850148844,"IV"
954,"500",4.27216639080147,"IV"
955,"500",12.4525349953221,"IV"
956,"500",4.60904071712934,"IV"
957,"500",-64.0033108038305,"IV"
958,"500",-70.2093166216493,"IV"
959,"500",5.38592979410702,"IV"
960,"500",5.04091400819229,"IV"
961,"500",24.3006793210619,"IV"
962,"500",4.89026089503772,"IV"
963,"500",-549.464031890959,"IV"
964,"500",7.9409887134578,"IV"
965,"500",10.2245824482699,"IV"
966,"500",4.44794099180647,"IV"
967,"500",7.53618018762153,"IV"
968,"500",4.97858802295106,"IV"
969,"500",3.81575691527142,"IV"
970,"500",9.58697852155602,"IV"
971,"500",32.0882858252123,"IV"
972,"500",5.43795605752239,"IV"
973,"500",4.93455131438094,"IV"
974,"500",9.58228808279548,"IV"
975,"500",10.5342494873024,"IV"
976,"500",9.37315323380093,"IV"
977,"500",5.0188857847786,"IV"
978,"500",4.51882249197194,"IV"
979,"500",3.85293843880552,"IV"
980,"500",21.1431351345933,"IV"
981,"500",5.55530746747881,"IV"
982,"500",11.4865694791907,"IV"
983,"500",9.68532990776236,"IV"
984,"500",4.03532815116074,"IV"
985,"500",6.54115691921057,"IV"
986,"500",6.25725214235855,"IV"
987,"500",10.1959078283688,"IV"
988,"500",24.0672892251702,"IV"
989,"500",5.62315657031368,"IV"
990,"500",-17.4233130846189,"IV"
991,"500",4.29087094543886,"IV"
992,"500",7.38196427727437,"IV"
993,"500",9.02898408240127,"IV"
994,"500",5.64376972552828,"IV"
995,"500",22.4180850975717,"IV"
996,"500",9.68534142214262,"IV"
997,"500",4.1976838306882,"IV"
998,"500",4.351600327542,"IV"
999,"500",8.31521632104028,"IV"
1000,"500",-16.9230300073347,"IV"
1,"1000",8.56628538956982,"IV"
2,"1000",8.90317699421066,"IV"
3,"1000",5.21340121391429,"IV"
4,"1000",7.038666522136,"IV"
5,"1000",13.2363705374746,"IV"
6,"1000",7.56549041863802,"IV"
7,"1000",24.9979363299807,"IV"
8,"1000",6.24524798322663,"IV"
9,"1000",6.86548088803069,"IV"
10,"1000",29.2318983542224,"IV"
11,"1000",6.81601414815219,"IV"
12,"1000",7.18864638121067,"IV"
13,"1000",4.81636298713357,"IV"
14,"1000",11.9145027124656,"IV"
15,"1000",6.21234065371911,"IV"
16,"1000",8.08331346552276,"IV"
17,"1000",7.82135653392068,"IV"
18,"1000",11.4650780013618,"IV"
19,"1000",5.32472718652194,"IV"
20,"1000",7.31193845865149,"IV"
21,"1000",4.46664114482032,"IV"
22,"1000",18.0721779169627,"IV"
23,"1000",9.20120408796075,"IV"
24,"1000",6.95292926378791,"IV"
25,"1000",5.40826047441344,"IV"
26,"1000",12.1751120662617,"IV"
27,"1000",6.01698627702848,"IV"
28,"1000",5.02135062832401,"IV"
29,"1000",8.96674309570704,"IV"
30,"1000",32.2445379817514,"IV"
31,"1000",4.20887251397509,"IV"
32,"1000",12.8460529794712,"IV"
33,"1000",10.7695732594508,"IV"
34,"1000",9.6000301211752,"IV"
35,"1000",12.8602046021502,"IV"
36,"1000",8.55170725648139,"IV"
37,"1000",8.08770710648995,"IV"
38,"1000",6.33784577213325,"IV"
39,"1000",-114.9959678541,"IV"
40,"1000",10.382114524835,"IV"
41,"1000",11.2094144394572,"IV"
42,"1000",6.97743941460677,"IV"
43,"1000",10.9639160902921,"IV"
44,"1000",5.25054827463094,"IV"
45,"1000",5.83936833037661,"IV"
46,"1000",74.4041636627869,"IV"
47,"1000",6.50290435694209,"IV"
48,"1000",7.00785022886325,"IV"
49,"1000",7.53685891498086,"IV"
50,"1000",5.34255989515911,"IV"
51,"1000",15.8443479477519,"IV"
52,"1000",6.12046108716769,"IV"
53,"1000",5.39770017413969,"IV"
54,"1000",22.3629347610406,"IV"
55,"1000",7.9366314157742,"IV"
56,"1000",27.1406818157978,"IV"
57,"1000",8.81411400989203,"IV"
58,"1000",7.25122239788102,"IV"
59,"1000",6.79925692813704,"IV"
60,"1000",9.9605736699114,"IV"
61,"1000",7.33108382846535,"IV"
62,"1000",11.9859364628142,"IV"
63,"1000",6.86077327306989,"IV"
64,"1000",4.92374434659548,"IV"
65,"1000",6.99979551747316,"IV"
66,"1000",46.1559122946383,"IV"
67,"1000",5.60775595004445,"IV"
68,"1000",8.38413680217282,"IV"
69,"1000",13.1811210793801,"IV"
70,"1000",18.8392121383834,"IV"
71,"1000",6.54643390281232,"IV"
72,"1000",14.0555529500545,"IV"
73,"1000",14.2704730508016,"IV"
74,"1000",10.3438169359729,"IV"
75,"1000",5.78636442006866,"IV"
76,"1000",7.16334236605256,"IV"
77,"1000",8.50937624000975,"IV"
78,"1000",6.98001195178874,"IV"
79,"1000",4.84883330097251,"IV"
80,"1000",10.0287787168338,"IV"
81,"1000",10.8671119441613,"IV"
82,"1000",4.48453050568762,"IV"
83,"1000",4.71082524420613,"IV"
84,"1000",8.02382977926482,"IV"
85,"1000",38.1143514566731,"IV"
86,"1000",7.19304136074874,"IV"
87,"1000",34.8951852732791,"IV"
88,"1000",5.97396764251863,"IV"
89,"1000",6.95833537258639,"IV"
90,"1000",9.98094944733519,"IV"
91,"1000",9.80963044895876,"IV"
92,"1000",13.1549273397069,"IV"
93,"1000",10.6000903571614,"IV"
94,"1000",8.35533081475068,"IV"
95,"1000",26.3594977022674,"IV"
96,"1000",8.09518741957045,"IV"
97,"1000",5.05869613898592,"IV"
98,"1000",8.01980160660414,"IV"
99,"1000",4.2246923127542,"IV"
100,"1000",29.1547711578338,"IV"
101,"1000",6.79490868116266,"IV"
102,"1000",7.21666343465315,"IV"
103,"1000",30.8266106242479,"IV"
104,"1000",7.35858384912499,"IV"
105,"1000",8.98362550478337,"IV"
106,"1000",5.5130092615902,"IV"
107,"1000",8.51341278567715,"IV"
108,"1000",7.80306380078259,"IV"
109,"1000",7.31115844400022,"IV"
110,"1000",5.88749540820702,"IV"
111,"1000",8.57484477931219,"IV"
112,"1000",17.9003758698363,"IV"
113,"1000",11.127721452386,"IV"
114,"1000",7.77855788167976,"IV"
115,"1000",4.03135242883507,"IV"
116,"1000",5.87042330350638,"IV"
117,"1000",544.645703032656,"IV"
118,"1000",32.6795287116057,"IV"
119,"1000",7.74245858749152,"IV"
120,"1000",5.8136498893121,"IV"
121,"1000",5.56080964166335,"IV"
122,"1000",9.99428742708233,"IV"
123,"1000",24.8159318164567,"IV"
124,"1000",4.87198262156237,"IV"
125,"1000",12.9402160764857,"IV"
126,"1000",7.15643144243179,"IV"
127,"1000",9.82337512154127,"IV"
128,"1000",5.62231735635105,"IV"
129,"1000",5.12861765712567,"IV"
130,"1000",17.2928418261428,"IV"
131,"1000",8.6732983393311,"IV"
132,"1000",5.09743514849182,"IV"
133,"1000",10.1677778379986,"IV"
134,"1000",7.89578822472117,"IV"
135,"1000",7.97996149273701,"IV"
136,"1000",6.27496966418007,"IV"
137,"1000",10.9788607039687,"IV"
138,"1000",15.1204158534063,"IV"
139,"1000",9.57542795295476,"IV"
140,"1000",17.106106683572,"IV"
141,"1000",12.4751194767281,"IV"
142,"1000",6.97193354030147,"IV"
143,"1000",9.95108151833337,"IV"
144,"1000",9.04828366547777,"IV"
145,"1000",15.4881425636728,"IV"
146,"1000",7.34384034419052,"IV"
147,"1000",5.72228729399249,"IV"
148,"1000",12.6265608203794,"IV"
149,"1000",8.29960712120403,"IV"
150,"1000",8.14437532308259,"IV"
151,"1000",4.74929808242566,"IV"
152,"1000",7.9940396513844,"IV"
153,"1000",75.894246781048,"IV"
154,"1000",7.72703109571294,"IV"
155,"1000",10.6267029386787,"IV"
156,"1000",11.5025492720119,"IV"
157,"1000",6.01657100708391,"IV"
158,"1000",8.39707898054453,"IV"
159,"1000",8.78942586029046,"IV"
160,"1000",5.71081774946672,"IV"
161,"1000",26.430105657553,"IV"
162,"1000",12.6686107003172,"IV"
163,"1000",5.67591072322703,"IV"
164,"1000",3.97589612063417,"IV"
165,"1000",5.75144542802071,"IV"
166,"1000",9.75869351919991,"IV"
167,"1000",9.40992319964327,"IV"
168,"1000",10.9148874590335,"IV"
169,"1000",5.85617847012354,"IV"
170,"1000",5.23584280977432,"IV"
171,"1000",20.2299850585526,"IV"
172,"1000",63.0766001968943,"IV"
173,"1000",22.7127120816092,"IV"
174,"1000",9.30328703896781,"IV"
175,"1000",4.51761685235366,"IV"
176,"1000",5.58079649712145,"IV"
177,"1000",12.5665716604612,"IV"
178,"1000",4.65942207805346,"IV"
179,"1000",16.5668711260113,"IV"
180,"1000",7.44856210568387,"IV"
181,"1000",6.08986549464093,"IV"
182,"1000",19.3432430198855,"IV"
183,"1000",9.93576508294262,"IV"
184,"1000",11.1059389234726,"IV"
185,"1000",8.12991279792766,"IV"
186,"1000",16.6315119616333,"IV"
187,"1000",14.1461746105579,"IV"
188,"1000",7.43362555419292,"IV"
189,"1000",13.2493715413044,"IV"
190,"1000",-28.81522634685,"IV"
191,"1000",10.3291478190844,"IV"
192,"1000",10.4988099884635,"IV"
193,"1000",8.44408148238718,"IV"
194,"1000",7.54395648179963,"IV"
195,"1000",5.41682825346428,"IV"
196,"1000",6.45417688799283,"IV"
197,"1000",12.3267935074123,"IV"
198,"1000",11.0346808747493,"IV"
199,"1000",9.0708835676221,"IV"
200,"1000",9.72423790470339,"IV"
201,"1000",6.84148489593214,"IV"
202,"1000",5.5912344489693,"IV"
203,"1000",6.83615794669409,"IV"
204,"1000",12.9705976689699,"IV"
205,"1000",-202.715715685449,"IV"
206,"1000",15.1366477809212,"IV"
207,"1000",10.8401615516165,"IV"
208,"1000",17.8006025059031,"IV"
209,"1000",6.12294781359647,"IV"
210,"1000",8.06182213615203,"IV"
211,"1000",20.742164225789,"IV"
212,"1000",11.2575422700646,"IV"
213,"1000",7.84438597134794,"IV"
214,"1000",5.90374158462072,"IV"
215,"1000",6.44406908412089,"IV"
216,"1000",15.3393458616801,"IV"
217,"1000",4.15648502561719,"IV"
218,"1000",15.3422189375988,"IV"
219,"1000",7.49818713580246,"IV"
220,"1000",12.5946303179028,"IV"
221,"1000",86.8945953391081,"IV"
222,"1000",16.0572085976156,"IV"
223,"1000",10.8508196765164,"IV"
224,"1000",5.93407210777569,"IV"
225,"1000",10.5601891411646,"IV"
226,"1000",-310.470780225308,"IV"
227,"1000",8.23814892877357,"IV"
228,"1000",4.75413061046601,"IV"
229,"1000",7.81889183463668,"IV"
230,"1000",12.5871922604919,"IV"
231,"1000",8.55968639408234,"IV"
232,"1000",5.05680380010199,"IV"
233,"1000",6.06390252659077,"IV"
234,"1000",126.927127391463,"IV"
235,"1000",6.66800222695666,"IV"
236,"1000",8.65381334995133,"IV"
237,"1000",9.65927692506545,"IV"
238,"1000",7.00961166608302,"IV"
239,"1000",6.44465748191946,"IV"
240,"1000",13.6722997085088,"IV"
241,"1000",5.51235689452389,"IV"
242,"1000",7.55225964450323,"IV"
243,"1000",4.97820914899535,"IV"
244,"1000",11.0245662657796,"IV"
245,"1000",3.73034608186196,"IV"
246,"1000",4.88664172708309,"IV"
247,"1000",9.68742754872552,"IV"
248,"1000",9.49776661442474,"IV"
249,"1000",14.260648139451,"IV"
250,"1000",7.58659041379919,"IV"
251,"1000",7.60393285965976,"IV"
252,"1000",5.15399883505949,"IV"
253,"1000",10.3445983806425,"IV"
254,"1000",5.66784712296444,"IV"
255,"1000",4.4917020311811,"IV"
256,"1000",8.01895103270953,"IV"
257,"1000",3.75751936430449,"IV"
258,"1000",26.1043058744316,"IV"
259,"1000",5.40820538305527,"IV"
260,"1000",7.15085577061404,"IV"
261,"1000",12.0577725962948,"IV"
262,"1000",16.9555094597549,"IV"
263,"1000",5.45997624348808,"IV"
264,"1000",9.78793192003501,"IV"
265,"1000",20.5328932205336,"IV"
266,"1000",8.84386127016468,"IV"
267,"1000",7.99640938307413,"IV"
268,"1000",8.67362730849604,"IV"
269,"1000",8.07803323200392,"IV"
270,"1000",6.71128015318463,"IV"
271,"1000",10.4397221194076,"IV"
272,"1000",10.4791710903443,"IV"
273,"1000",12.006107649478,"IV"
274,"1000",5.87230857852768,"IV"
275,"1000",6.22527340219838,"IV"
276,"1000",13.4913370572106,"IV"
277,"1000",19.7905911471488,"IV"
278,"1000",20.9201839792763,"IV"
279,"1000",7.94372427716741,"IV"
280,"1000",6.11119661637377,"IV"
281,"1000",7.42310653735192,"IV"
282,"1000",5.24187186583835,"IV"
283,"1000",7.62354316754134,"IV"
284,"1000",16.3108380194865,"IV"
285,"1000",6.46821706619602,"IV"
286,"1000",8.73588365822916,"IV"
287,"1000",5.85774028406477,"IV"
288,"1000",4.89775693609904,"IV"
289,"1000",5.51911388161179,"IV"
290,"1000",14.1815134605315,"IV"
291,"1000",6.66215549879502,"IV"
292,"1000",4.78044468490421,"IV"
293,"1000",79.5490046251551,"IV"
294,"1000",5.05917500978694,"IV"
295,"1000",9.08141634341941,"IV"
296,"1000",465.643839107752,"IV"
297,"1000",20.6870203176878,"IV"
298,"1000",10.9653826816904,"IV"
299,"1000",22.8374366087026,"IV"
300,"1000",5.20568068255815,"IV"
301,"1000",10.752198423478,"IV"
302,"1000",11.3954801262948,"IV"
303,"1000",15.4014341529466,"IV"
304,"1000",5.34542047387796,"IV"
305,"1000",6.04747968240067,"IV"
306,"1000",27.5306170772097,"IV"
307,"1000",5.11660164437549,"IV"
308,"1000",20.2121970676221,"IV"
309,"1000",5.55333100583588,"IV"
310,"1000",10.603660958448,"IV"
311,"1000",9.70549487121997,"IV"
312,"1000",5.10871076018866,"IV"
313,"1000",6.89219317598943,"IV"
314,"1000",5.31689732992057,"IV"
315,"1000",4.50244988524381,"IV"
316,"1000",8.91319245909201,"IV"
317,"1000",10.385235136094,"IV"
318,"1000",6.89946297742737,"IV"
319,"1000",11.8227326792677,"IV"
320,"1000",7.12625082315453,"IV"
321,"1000",6.90980687058198,"IV"
322,"1000",9.23952031688335,"IV"
323,"1000",10.7059377917015,"IV"
324,"1000",18.5768252560723,"IV"
325,"1000",5.43616138429279,"IV"
326,"1000",6.59908602335542,"IV"
327,"1000",-111.854799287469,"IV"
328,"1000",7.57613064552818,"IV"
329,"1000",8.95472289355628,"IV"
330,"1000",7.12662752364458,"IV"
331,"1000",21.2228598163894,"IV"
332,"1000",5.18801396233482,"IV"
333,"1000",12.9987352681698,"IV"
334,"1000",9.70237183121509,"IV"
335,"1000",6.47374315263177,"IV"
336,"1000",6.22422780081765,"IV"
337,"1000",9.26496110832115,"IV"
338,"1000",7.45892095503263,"IV"
339,"1000",6.48000262118232,"IV"
340,"1000",12.4213784804953,"IV"
341,"1000",5.2888069707572,"IV"
342,"1000",10.0509204994729,"IV"
343,"1000",36.1460437626025,"IV"
344,"1000",4.7899705517277,"IV"
345,"1000",26.103395036187,"IV"
346,"1000",11.8048520123793,"IV"
347,"1000",11.0842914710943,"IV"
348,"1000",4.39742864766534,"IV"
349,"1000",6.26142715898999,"IV"
350,"1000",6.92980442239399,"IV"
351,"1000",4.05026620978912,"IV"
352,"1000",5.15231912485611,"IV"
353,"1000",10.1659928456851,"IV"
354,"1000",47.1337478387851,"IV"
355,"1000",11.8391068167867,"IV"
356,"1000",-17.1659570445296,"IV"
357,"1000",6.02643929390325,"IV"
358,"1000",39.9694436482858,"IV"
359,"1000",7.44140173610566,"IV"
360,"1000",11.3428411116932,"IV"
361,"1000",13.4246072301523,"IV"
362,"1000",8.63144795431273,"IV"
363,"1000",11.8030884475911,"IV"
364,"1000",12.1686729293618,"IV"
365,"1000",5.34059334849463,"IV"
366,"1000",4.81361333581565,"IV"
367,"1000",6.65008822768719,"IV"
368,"1000",4.86624815716404,"IV"
369,"1000",5.63173625712281,"IV"
370,"1000",13.0096123058795,"IV"
371,"1000",5.97837737471757,"IV"
372,"1000",4.83160088377246,"IV"
373,"1000",4.75816553795934,"IV"
374,"1000",8.13368862972377,"IV"
375,"1000",10.6786525168355,"IV"
376,"1000",7.29792305508432,"IV"
377,"1000",13.9237588244715,"IV"
378,"1000",8.74474553548679,"IV"
379,"1000",15.8695411453959,"IV"
380,"1000",5.08248470715479,"IV"
381,"1000",29.0972476321596,"IV"
382,"1000",10.7519919241186,"IV"
383,"1000",4.00472068865773,"IV"
384,"1000",6.19782076616766,"IV"
385,"1000",5.76027289115571,"IV"
386,"1000",8.31422385178755,"IV"
387,"1000",15.2839460664519,"IV"
388,"1000",14.0269962914865,"IV"
389,"1000",5.85775581730385,"IV"
390,"1000",42.3283534993083,"IV"
391,"1000",6.51589973422745,"IV"
392,"1000",6.82995457233492,"IV"
393,"1000",4.49983359389514,"IV"
394,"1000",5.01130981948037,"IV"
395,"1000",9.55504267654118,"IV"
396,"1000",7.94995510699974,"IV"
397,"1000",74.8545863044881,"IV"
398,"1000",11.3208149799239,"IV"
399,"1000",6.14719630267582,"IV"
400,"1000",8.36941735876757,"IV"
401,"1000",6.27888487942831,"IV"
402,"1000",6.67287820446785,"IV"
403,"1000",16.4837188116412,"IV"
404,"1000",4.88351600540954,"IV"
405,"1000",18.1286335000541,"IV"
406,"1000",6.29292342583266,"IV"
407,"1000",6.52055436916548,"IV"
408,"1000",10.7185255592105,"IV"
409,"1000",36.3974846856888,"IV"
410,"1000",4.72124866981878,"IV"
411,"1000",27.8849928589711,"IV"
412,"1000",15.4289883760427,"IV"
413,"1000",6.5011662942267,"IV"
414,"1000",4.86155169712098,"IV"
415,"1000",5.39825695915614,"IV"
416,"1000",7.47786553323345,"IV"
417,"1000",6.63030450922207,"IV"
418,"1000",9.60419914323552,"IV"
419,"1000",7.827311865455,"IV"
420,"1000",7.37196274684567,"IV"
421,"1000",8.95472961111235,"IV"
422,"1000",4.47148997121017,"IV"
423,"1000",6.28156136962854,"IV"
424,"1000",7.17159729893302,"IV"
425,"1000",7.28425012432136,"IV"
426,"1000",5.4145857367266,"IV"
427,"1000",5.78843463818877,"IV"
428,"1000",44.4186807685076,"IV"
429,"1000",6.61134128657964,"IV"
430,"1000",4.0491226833357,"IV"
431,"1000",10.8643612459456,"IV"
432,"1000",4.46674384046464,"IV"
433,"1000",5.63822726486519,"IV"
434,"1000",8.80498711253918,"IV"
435,"1000",32.2991911963237,"IV"
436,"1000",7.84687228214422,"IV"
437,"1000",6.48782776521582,"IV"
438,"1000",13.1634235451146,"IV"
439,"1000",8.29335095721787,"IV"
440,"1000",15.7810496640618,"IV"
441,"1000",6.2460842217621,"IV"
442,"1000",8.40937843101588,"IV"
443,"1000",36.1219737544016,"IV"
444,"1000",6.53332279417431,"IV"
445,"1000",8.42703869621814,"IV"
446,"1000",7.30407130206288,"IV"
447,"1000",17.0960177191001,"IV"
448,"1000",4.17553362499755,"IV"
449,"1000",10.8987560484898,"IV"
450,"1000",9.84879340138017,"IV"
451,"1000",9.90339153741898,"IV"
452,"1000",9.69468116059224,"IV"
453,"1000",9.2568465172089,"IV"
454,"1000",9.40288336306154,"IV"
455,"1000",15.4070460014213,"IV"
456,"1000",6.37113905286444,"IV"
457,"1000",8.05920894626455,"IV"
458,"1000",14.0155377915986,"IV"
459,"1000",6.89243594583861,"IV"
460,"1000",6.70125914173499,"IV"
461,"1000",7.71661797253945,"IV"
462,"1000",10.5137817024579,"IV"
463,"1000",8.72428674895073,"IV"
464,"1000",7.4197707387694,"IV"
465,"1000",18.0531908777534,"IV"
466,"1000",8.2346817370061,"IV"
467,"1000",4.4337326611764,"IV"
468,"1000",7.30011907244455,"IV"
469,"1000",11.8440525374796,"IV"
470,"1000",23.0865741871938,"IV"
471,"1000",12.2736411459701,"IV"
472,"1000",8.26752241881542,"IV"
473,"1000",40.519627021021,"IV"
474,"1000",4.25623734044766,"IV"
475,"1000",12.1189560922788,"IV"
476,"1000",25.1654898665739,"IV"
477,"1000",5.80178048257403,"IV"
478,"1000",6.9723293396523,"IV"
479,"1000",21.408588057113,"IV"
480,"1000",13.8442482955456,"IV"
481,"1000",18.4404094917077,"IV"
482,"1000",6.26590345475354,"IV"
483,"1000",8.71629886477089,"IV"
484,"1000",6.50057969124999,"IV"
485,"1000",13.5994201799919,"IV"
486,"1000",18.665635541374,"IV"
487,"1000",11.0057256045965,"IV"
488,"1000",16.8446510303627,"IV"
489,"1000",12.5013031523578,"IV"
490,"1000",10.4846086216696,"IV"
491,"1000",-29.3507142845628,"IV"
492,"1000",11.7451321947249,"IV"
493,"1000",7.55551157099091,"IV"
494,"1000",8.18784936028254,"IV"
495,"1000",18.5309110373994,"IV"
496,"1000",5.51390080320626,"IV"
497,"1000",8.9178568757625,"IV"
498,"1000",5.88218684934652,"IV"
499,"1000",8.47013969589372,"IV"
500,"1000",8.41234606608871,"IV"
501,"1000",6.36144580124697,"IV"
502,"1000",5.58673350474403,"IV"
503,"1000",5.21445609949502,"IV"
504,"1000",23.8482537814097,"IV"
505,"1000",18.3878184129299,"IV"
506,"1000",24.5271977218214,"IV"
507,"1000",9.94982123468007,"IV"
508,"1000",4.21083797721112,"IV"
509,"1000",8.11976840214568,"IV"
510,"1000",6.73704433593338,"IV"
511,"1000",8.21762459842489,"IV"
512,"1000",5.71116194629898,"IV"
513,"1000",8.05029985651168,"IV"
514,"1000",24.9596193957205,"IV"
515,"1000",5.08906177852582,"IV"
516,"1000",4.46656323136557,"IV"
517,"1000",5.07427924941596,"IV"
518,"1000",5.05131075738867,"IV"
519,"1000",7.78034674356392,"IV"
520,"1000",5.83966330462901,"IV"
521,"1000",7.81576195417516,"IV"
522,"1000",6.60802157460122,"IV"
523,"1000",19.2124237734584,"IV"
524,"1000",7.63704052114211,"IV"
525,"1000",9.42908738572158,"IV"
526,"1000",5.76501531343774,"IV"
527,"1000",6.6718938222529,"IV"
528,"1000",4.88866102292905,"IV"
529,"1000",9.7968650929575,"IV"
530,"1000",14.3109904292353,"IV"
531,"1000",9.1156079774358,"IV"
532,"1000",13.8346078668512,"IV"
533,"1000",7.38108719448083,"IV"
534,"1000",7.05641924940077,"IV"
535,"1000",5.28264248575168,"IV"
536,"1000",13.3890815100323,"IV"
537,"1000",6.28858054425906,"IV"
538,"1000",6.74772661044065,"IV"
539,"1000",7.403646367439,"IV"
540,"1000",9.3171397112497,"IV"
541,"1000",13.7042010047879,"IV"
542,"1000",9.13971592587312,"IV"
543,"1000",11.8118508601544,"IV"
544,"1000",6.74127776720304,"IV"
545,"1000",63.1538213228,"IV"
546,"1000",5.36822265471076,"IV"
547,"1000",8.87022314076084,"IV"
548,"1000",10.5519179922561,"IV"
549,"1000",6.06383502790512,"IV"
550,"1000",8.23418723438904,"IV"
551,"1000",4.58678483201304,"IV"
552,"1000",15.8044109874043,"IV"
553,"1000",18.6287440053718,"IV"
554,"1000",5.68123013154758,"IV"
555,"1000",7.12635531979823,"IV"
556,"1000",5.86295688257617,"IV"
557,"1000",4.95187612789732,"IV"
558,"1000",6.79725047113091,"IV"
559,"1000",9.37731720048758,"IV"
560,"1000",8.19767339616157,"IV"
561,"1000",6.2294955877604,"IV"
562,"1000",17.2857304633375,"IV"
563,"1000",5.94547055778448,"IV"
564,"1000",14.5247926896443,"IV"
565,"1000",5.32121449324975,"IV"
566,"1000",6.78819169696477,"IV"
567,"1000",6.58046032212967,"IV"
568,"1000",9.45189640147178,"IV"
569,"1000",5.63516187765326,"IV"
570,"1000",8.31461403264265,"IV"
571,"1000",15.4378852852367,"IV"
572,"1000",48.1589660651301,"IV"
573,"1000",7.48094066819731,"IV"
574,"1000",12.5596558641727,"IV"
575,"1000",9.19886357355555,"IV"
576,"1000",13.2424128364114,"IV"
577,"1000",13.1275868495745,"IV"
578,"1000",12.7142593491412,"IV"
579,"1000",8.1990183761154,"IV"
580,"1000",5.47519488110072,"IV"
581,"1000",12.9447980595939,"IV"
582,"1000",15.2930067976916,"IV"
583,"1000",7.75613122146843,"IV"
584,"1000",12.4003002666828,"IV"
585,"1000",11.5174981076533,"IV"
586,"1000",11.3706299460114,"IV"
587,"1000",-25.8116497664935,"IV"
588,"1000",9.97222488665722,"IV"
589,"1000",16.5053711316163,"IV"
590,"1000",6.39911712545903,"IV"
591,"1000",4.05737294984282,"IV"
592,"1000",5.06519880022693,"IV"
593,"1000",9.68562011805266,"IV"
594,"1000",7.05990982920207,"IV"
595,"1000",10.3949370858852,"IV"
596,"1000",4.91659155252884,"IV"
597,"1000",-19.0155553642384,"IV"
598,"1000",24.3055123535274,"IV"
599,"1000",5.54041441026132,"IV"
600,"1000",13.5394391347828,"IV"
601,"1000",27.2193560090987,"IV"
602,"1000",5.29767601171563,"IV"
603,"1000",11.2363439026296,"IV"
604,"1000",12.3496732110008,"IV"
605,"1000",4.80853052208575,"IV"
606,"1000",6.00714954264118,"IV"
607,"1000",5.56776958475012,"IV"
608,"1000",6.91764303887803,"IV"
609,"1000",8.77891707265954,"IV"
610,"1000",25.3299268699799,"IV"
611,"1000",5.1214611812274,"IV"
612,"1000",17.9089547831061,"IV"
613,"1000",11.7785062330274,"IV"
614,"1000",31.1971882466868,"IV"
615,"1000",10.5805785869942,"IV"
616,"1000",19.6442139226234,"IV"
617,"1000",49.0553697932617,"IV"
618,"1000",11.9230551158649,"IV"
619,"1000",4.25240715582019,"IV"
620,"1000",11.6968044414064,"IV"
621,"1000",6.85914406457037,"IV"
622,"1000",7.63556865329781,"IV"
623,"1000",4.63943056450636,"IV"
624,"1000",4.78619680309239,"IV"
625,"1000",4.82419100442451,"IV"
626,"1000",7.73293848965767,"IV"
627,"1000",4.51751652838367,"IV"
628,"1000",6.68986522872695,"IV"
629,"1000",11.0593967883515,"IV"
630,"1000",6.11605042191168,"IV"
631,"1000",6.50924464713155,"IV"
632,"1000",10.1747724733035,"IV"
633,"1000",5.04791318949107,"IV"
634,"1000",-59.0767079120832,"IV"
635,"1000",12.7338384695767,"IV"
636,"1000",7.09871900276538,"IV"
637,"1000",7.3722001562857,"IV"
638,"1000",8.27139179698809,"IV"
639,"1000",6.47579176942222,"IV"
640,"1000",4.88678306736835,"IV"
641,"1000",4.26284684879277,"IV"
642,"1000",6.89439440927606,"IV"
643,"1000",7.62071257949286,"IV"
644,"1000",32.6593186282417,"IV"
645,"1000",12.1794398071179,"IV"
646,"1000",4.89199471978857,"IV"
647,"1000",13.7945579089867,"IV"
648,"1000",40.1338762423273,"IV"
649,"1000",13.8757777335553,"IV"
650,"1000",-68.883106343698,"IV"
651,"1000",5.02313277495477,"IV"
652,"1000",5.90486831621312,"IV"
653,"1000",12.6387038014028,"IV"
654,"1000",10.1461700139037,"IV"
655,"1000",9.6788073689655,"IV"
656,"1000",7.98108621349727,"IV"
657,"1000",17.3573111434914,"IV"
658,"1000",9.50423537466097,"IV"
659,"1000",5.82810016008882,"IV"
660,"1000",11.2285673936387,"IV"
661,"1000",30.4333305187967,"IV"
662,"1000",4.66826913221904,"IV"
663,"1000",6.92553662350867,"IV"
664,"1000",6.09676103356207,"IV"
665,"1000",26.8549408653963,"IV"
666,"1000",9.00671553750541,"IV"
667,"1000",9.95250125503492,"IV"
668,"1000",5.00839754504618,"IV"
669,"1000",6.42506593102797,"IV"
670,"1000",6.46257239887041,"IV"
671,"1000",19.2054834652422,"IV"
672,"1000",5.29536690791126,"IV"
673,"1000",6.74557868958073,"IV"
674,"1000",5.16101510597481,"IV"
675,"1000",6.54315332211321,"IV"
676,"1000",4.85267872722604,"IV"
677,"1000",4.85038162521207,"IV"
678,"1000",4.54359147104137,"IV"
679,"1000",9.41979181548176,"IV"
680,"1000",5.76066747496004,"IV"
681,"1000",5.64701417519634,"IV"
682,"1000",4.34782608436146,"IV"
683,"1000",7.2655705423716,"IV"
684,"1000",20.4991327399728,"IV"
685,"1000",11.9149666829952,"IV"
686,"1000",8.72194046623362,"IV"
687,"1000",15.1538575121851,"IV"
688,"1000",5.50469695133882,"IV"
689,"1000",4.36863439915558,"IV"
690,"1000",7.86256380937598,"IV"
691,"1000",4.26302657506724,"IV"
692,"1000",9.06510692080158,"IV"
693,"1000",11.7075167634123,"IV"
694,"1000",16.2581317942746,"IV"
695,"1000",9.9307044941612,"IV"
696,"1000",11.5575879990461,"IV"
697,"1000",4.44475469219376,"IV"
698,"1000",5.27776215023068,"IV"
699,"1000",-38.5088169404334,"IV"
700,"1000",6.12539433020664,"IV"
701,"1000",8.30705422887741,"IV"
702,"1000",10.0709679060969,"IV"
703,"1000",18.5398853656314,"IV"
704,"1000",5.7548948410774,"IV"
705,"1000",10.1250749161626,"IV"
706,"1000",9.70280921785123,"IV"
707,"1000",8.68358641223518,"IV"
708,"1000",8.52071434092948,"IV"
709,"1000",6.29644826894416,"IV"
710,"1000",5.38699788355109,"IV"
711,"1000",8.25828931535229,"IV"
712,"1000",7.60769378354047,"IV"
713,"1000",10.0930080861761,"IV"
714,"1000",4.18719110705617,"IV"
715,"1000",11.2110530765462,"IV"
716,"1000",55.6041292396869,"IV"
717,"1000",10.5161685760297,"IV"
718,"1000",9.20343270629876,"IV"
719,"1000",6.11154912574223,"IV"
720,"1000",4.4175780347832,"IV"
721,"1000",7.852229519416,"IV"
722,"1000",7.05656141620367,"IV"
723,"1000",8.92591781317594,"IV"
724,"1000",5.81784054399518,"IV"
725,"1000",19.0094711146319,"IV"
726,"1000",7.12223957562799,"IV"
727,"1000",5.47302768847153,"IV"
728,"1000",7.77706737010081,"IV"
729,"1000",23.5291496843876,"IV"
730,"1000",6.22924023914062,"IV"
731,"1000",11.9795772661633,"IV"
732,"1000",7.80065849053959,"IV"
733,"1000",8.82275674577102,"IV"
734,"1000",5.26655119634074,"IV"
735,"1000",15.7156014202169,"IV"
736,"1000",10.0314785883685,"IV"
737,"1000",6.38681304551302,"IV"
738,"1000",11.4978834510251,"IV"
739,"1000",6.65607624381848,"IV"
740,"1000",12.3138906083781,"IV"
741,"1000",7.25590578076928,"IV"
742,"1000",26.4447613111512,"IV"
743,"1000",6.89523025461181,"IV"
744,"1000",8.17615305015415,"IV"
745,"1000",6.46575644853459,"IV"
746,"1000",6.26325532359659,"IV"
747,"1000",10.8572879041686,"IV"
748,"1000",5.61057590200773,"IV"
749,"1000",5.56804286533388,"IV"
750,"1000",9.07338206379934,"IV"
751,"1000",7.04789712367942,"IV"
752,"1000",9.66005152611926,"IV"
753,"1000",7.47120204685652,"IV"
754,"1000",23.8845937673301,"IV"
755,"1000",35.9811577341428,"IV"
756,"1000",10.8752975181941,"IV"
757,"1000",11.6782815483386,"IV"
758,"1000",6.1973713386062,"IV"
759,"1000",7.17552114456328,"IV"
760,"1000",5.9169653721685,"IV"
761,"1000",13.8405407174907,"IV"
762,"1000",32.3544321599752,"IV"
763,"1000",29.5638503625862,"IV"
764,"1000",12.1027830269736,"IV"
765,"1000",6.49693094968547,"IV"
766,"1000",4.01443354185197,"IV"
767,"1000",-162.425142440404,"IV"
768,"1000",4.56051421976704,"IV"
769,"1000",6.42267623565202,"IV"
770,"1000",11.2378571205039,"IV"
771,"1000",4.6833493982078,"IV"
772,"1000",5.24600095045375,"IV"
773,"1000",6.09624086577083,"IV"
774,"1000",5.18157022909386,"IV"
775,"1000",9.02669709320746,"IV"
776,"1000",8.29423668878823,"IV"
777,"1000",4.92141530999951,"IV"
778,"1000",9.80804021417492,"IV"
779,"1000",5.96866324841994,"IV"
780,"1000",7.16006588148786,"IV"
781,"1000",14.8396247574522,"IV"
782,"1000",5.04981497386829,"IV"
783,"1000",6.40764524926583,"IV"
784,"1000",17.2320075688302,"IV"
785,"1000",6.52386484065981,"IV"
786,"1000",16.1579705899302,"IV"
787,"1000",7.88876979459049,"IV"
788,"1000",7.29243419297114,"IV"
789,"1000",10.6502408943198,"IV"
790,"1000",5.03041689996641,"IV"
791,"1000",6.8348152866256,"IV"
792,"1000",-12.0485049106457,"IV"
793,"1000",7.36194387261794,"IV"
794,"1000",8.32027141785525,"IV"
795,"1000",9.43035545151895,"IV"
796,"1000",5.56853567481412,"IV"
797,"1000",7.68632845559202,"IV"
798,"1000",14.319847439657,"IV"
799,"1000",9.81660131149214,"IV"
800,"1000",4.39629595943149,"IV"
801,"1000",-64.6175573640667,"IV"
802,"1000",15.6331832118164,"IV"
803,"1000",4.77764919228436,"IV"
804,"1000",7.64708182425647,"IV"
805,"1000",4.18954544116835,"IV"
806,"1000",10.0610033947305,"IV"
807,"1000",6.58398992863146,"IV"
808,"1000",8.7797799628285,"IV"
809,"1000",5.88494654022747,"IV"
810,"1000",7.17821269712086,"IV"
811,"1000",9.85567524169464,"IV"
812,"1000",9.71306043240059,"IV"
813,"1000",10.3993742993466,"IV"
814,"1000",5.4056874873503,"IV"
815,"1000",6.25178194106712,"IV"
816,"1000",8.61188335759225,"IV"
817,"1000",11.8490998518821,"IV"
818,"1000",5.28590832557941,"IV"
819,"1000",8.77134236734581,"IV"
820,"1000",10.6920287556987,"IV"
821,"1000",8.41684308476033,"IV"
822,"1000",5.01580858348983,"IV"
823,"1000",5.5985163372085,"IV"
824,"1000",15.0277929042614,"IV"
825,"1000",6.85341315378716,"IV"
826,"1000",8.60174887456912,"IV"
827,"1000",16.6490633999709,"IV"
828,"1000",9.50189348867511,"IV"
829,"1000",9.52416776275452,"IV"
830,"1000",6.61845252480186,"IV"
831,"1000",5.73711967702135,"IV"
832,"1000",10.4984953599493,"IV"
833,"1000",6.01599841767001,"IV"
834,"1000",19.557913148713,"IV"
835,"1000",12.1382216270262,"IV"
836,"1000",12.321547253743,"IV"
837,"1000",5.22797344723621,"IV"
838,"1000",5.4161666986248,"IV"
839,"1000",6.88234282193281,"IV"
840,"1000",11.0354592282158,"IV"
841,"1000",6.02910197255251,"IV"
842,"1000",20.3148103252684,"IV"
843,"1000",5.21557074380705,"IV"
844,"1000",4.69372104280651,"IV"
845,"1000",30.4543602699619,"IV"
846,"1000",6.99005808407555,"IV"
847,"1000",7.35551583542955,"IV"
848,"1000",8.64755947506236,"IV"
849,"1000",18.9809431655419,"IV"
850,"1000",5.48115762870768,"IV"
851,"1000",8.61021308549928,"IV"
852,"1000",7.11835080377307,"IV"
853,"1000",9.12346765489331,"IV"
854,"1000",16.2052176143833,"IV"
855,"1000",5.35144299606407,"IV"
856,"1000",13.8979450366043,"IV"
857,"1000",7.0661521022184,"IV"
858,"1000",9.00040692116546,"IV"
859,"1000",7.69867174547495,"IV"
860,"1000",4.71214412560591,"IV"
861,"1000",4.64247318551154,"IV"
862,"1000",10.4111635322793,"IV"
863,"1000",4.80290869208331,"IV"
864,"1000",11.0875697350076,"IV"
865,"1000",5.59421326251863,"IV"
866,"1000",5.52869372613084,"IV"
867,"1000",7.51314203950732,"IV"
868,"1000",5.83432974698415,"IV"
869,"1000",4.77070329918354,"IV"
870,"1000",7.80248758489215,"IV"
871,"1000",5.70150558908633,"IV"
872,"1000",21.3837171559908,"IV"
873,"1000",20.7493011631615,"IV"
874,"1000",5.70379175656174,"IV"
875,"1000",5.22165055810463,"IV"
876,"1000",4.37429949798632,"IV"
877,"1000",5.77768831829473,"IV"
878,"1000",9.74228309192259,"IV"
879,"1000",12.7626309135994,"IV"
880,"1000",7.32724110684071,"IV"
881,"1000",7.35150006383151,"IV"
882,"1000",8.45076151274222,"IV"
883,"1000",13.1381737816054,"IV"
884,"1000",9.30067273872146,"IV"
885,"1000",10.1260987130375,"IV"
886,"1000",4.2343701335782,"IV"
887,"1000",7.05652516532289,"IV"
888,"1000",12.3329024823016,"IV"
889,"1000",12.860413722591,"IV"
890,"1000",5.53121563048518,"IV"
891,"1000",4.86803632026598,"IV"
892,"1000",6.31124270690634,"IV"
893,"1000",11.4801975024892,"IV"
894,"1000",7.67575433413067,"IV"
895,"1000",7.01633285199877,"IV"
896,"1000",7.79721957636825,"IV"
897,"1000",7.88375873817325,"IV"
898,"1000",7.70349723009195,"IV"
899,"1000",21.463841537274,"IV"
900,"1000",7.37130536910184,"IV"
901,"1000",16.032862593609,"IV"
902,"1000",8.90253864239999,"IV"
903,"1000",11.8475246097564,"IV"
904,"1000",6.77531704828445,"IV"
905,"1000",15.6782209957108,"IV"
906,"1000",22.0107672135122,"IV"
907,"1000",6.46809512271257,"IV"
908,"1000",99.3449692908812,"IV"
909,"1000",8.66511485772376,"IV"
910,"1000",8.78856007755622,"IV"
911,"1000",8.36633828114038,"IV"
912,"1000",4.89824425864453,"IV"
913,"1000",6.20720964632576,"IV"
914,"1000",5.12611326108473,"IV"
915,"1000",6.74228089235432,"IV"
916,"1000",5.08691723244285,"IV"
917,"1000",7.57084869494774,"IV"
918,"1000",13.1502186503967,"IV"
919,"1000",10.7358200463382,"IV"
920,"1000",8.81081708385036,"IV"
921,"1000",15.314851489302,"IV"
922,"1000",6.29569259853439,"IV"
923,"1000",17.6796762301633,"IV"
924,"1000",117.19753831791,"IV"
925,"1000",5.43427063967333,"IV"
926,"1000",5.19718996506139,"IV"
927,"1000",8.73608657148355,"IV"
928,"1000",8.65388718518995,"IV"
929,"1000",9.95068160101319,"IV"
930,"1000",20.5388021060913,"IV"
931,"1000",7.08295636579694,"IV"
932,"1000",4.47088580037445,"IV"
933,"1000",18.9226757319709,"IV"
934,"1000",4.7765717320836,"IV"
935,"1000",30.7738770771859,"IV"
936,"1000",9.46136994033669,"IV"
937,"1000",7.75007531030201,"IV"
938,"1000",5.11949483675007,"IV"
939,"1000",12.6470136959481,"IV"
940,"1000",17.2403454103373,"IV"
941,"1000",6.2170097924585,"IV"
942,"1000",5.19435836006536,"IV"
943,"1000",4.4920625219879,"IV"
944,"1000",10.3765678567822,"IV"
945,"1000",7.19930165895414,"IV"
946,"1000",4.85701455665057,"IV"
947,"1000",13.1322921632596,"IV"
948,"1000",7.1715273410645,"IV"
949,"1000",5.33998839708577,"IV"
950,"1000",8.85808274201362,"IV"
951,"1000",8.8659813950423,"IV"
952,"1000",11.2897241342505,"IV"
953,"1000",7.98813849249861,"IV"
954,"1000",8.3429617396908,"IV"
955,"1000",31.9616145223765,"IV"
956,"1000",6.18098253271053,"IV"
957,"1000",9.53708964380545,"IV"
958,"1000",6.98706758012209,"IV"
959,"1000",4.88348403312721,"IV"
960,"1000",27.2644154992335,"IV"
961,"1000",4.93837685112593,"IV"
962,"1000",14.1187473461149,"IV"
963,"1000",13.4687540608851,"IV"
964,"1000",7.27493482435096,"IV"
965,"1000",4.15778618990887,"IV"
966,"1000",5.39198840914694,"IV"
967,"1000",6.71764300971877,"IV"
968,"1000",-88.509460941223,"IV"
969,"1000",16.0418936775819,"IV"
970,"1000",-44.9399736732811,"IV"
971,"1000",5.50481113879517,"IV"
972,"1000",6.85849272223388,"IV"
973,"1000",8.87962533455141,"IV"
974,"1000",4.48309713881628,"IV"
975,"1000",8.59597819698821,"IV"
976,"1000",8.26350635650072,"IV"
977,"1000",6.67675034943358,"IV"
978,"1000",5.66273353503106,"IV"
979,"1000",7.68754693780252,"IV"
980,"1000",9.83086976620279,"IV"
981,"1000",9.47524859510307,"IV"
982,"1000",14.2414139662338,"IV"
983,"1000",5.38449606564206,"IV"
984,"1000",6.1296523361044,"IV"
985,"1000",4.94569000194376,"IV"
986,"1000",7.90522423138577,"IV"
987,"1000",24.0265888475121,"IV"
988,"1000",17.6110456220009,"IV"
989,"1000",9.48819483981887,"IV"
990,"1000",8.8927396079189,"IV"
991,"1000",5.43959914247957,"IV"
992,"1000",10.5939074026937,"IV"
993,"1000",10.8884386520932,"IV"
994,"1000",5.3413187880049,"IV"
995,"1000",11.9848758094474,"IV"
996,"1000",4.93802926309779,"IV"
997,"1000",6.80666078921848,"IV"
998,"1000",7.7407257509222,"IV"
999,"1000",19.6387478192326,"IV"
1000,"1000",4.2016958199349,"IV"
1,"2000",5.80321514455843,"IV"
2,"2000",4.9729993260249,"IV"
3,"2000",6.19186916499231,"IV"
4,"2000",6.92555797579436,"IV"
5,"2000",8.29900767951715,"IV"
6,"2000",6.6160034032935,"IV"
7,"2000",6.5685264497792,"IV"
8,"2000",13.1410050466254,"IV"
9,"2000",12.601333164742,"IV"
10,"2000",9.50058339783071,"IV"
11,"2000",6.27902298021689,"IV"
12,"2000",12.29186700753,"IV"
13,"2000",7.02277206948702,"IV"
14,"2000",5.61417301987669,"IV"
15,"2000",5.84027986566628,"IV"
16,"2000",10.2788083160662,"IV"
17,"2000",4.45322000837222,"IV"
18,"2000",8.6153446451211,"IV"
19,"2000",7.33804530284687,"IV"
20,"2000",9.47828318099718,"IV"
21,"2000",9.07096306024424,"IV"
22,"2000",6.49069168050144,"IV"
23,"2000",12.0116480217104,"IV"
24,"2000",9.25582276816618,"IV"
25,"2000",26.8046964323862,"IV"
26,"2000",7.04014875353246,"IV"
27,"2000",5.16293088946703,"IV"
28,"2000",6.83396109155224,"IV"
29,"2000",13.1515586513239,"IV"
30,"2000",14.9516294917044,"IV"
31,"2000",6.80521894322943,"IV"
32,"2000",7.46190532268463,"IV"
33,"2000",5.83284658160765,"IV"
34,"2000",7.71706577988018,"IV"
35,"2000",7.9367698786111,"IV"
36,"2000",8.90188028958722,"IV"
37,"2000",6.25229464490861,"IV"
38,"2000",6.95102683954147,"IV"
39,"2000",8.6878069233821,"IV"
40,"2000",4.91162628395316,"IV"
41,"2000",9.55976423331842,"IV"
42,"2000",7.86427955266345,"IV"
43,"2000",6.61329224501506,"IV"
44,"2000",7.03584456848304,"IV"
45,"2000",7.81473190702774,"IV"
46,"2000",6.19094797985162,"IV"
47,"2000",11.0608547629272,"IV"
48,"2000",6.90000851774282,"IV"
49,"2000",7.98332958524569,"IV"
50,"2000",15.0757373416594,"IV"
51,"2000",11.0789960880512,"IV"
52,"2000",8.33621309399048,"IV"
53,"2000",88.4703066637336,"IV"
54,"2000",7.65014359313502,"IV"
55,"2000",8.85415890522157,"IV"
56,"2000",7.02329999517332,"IV"
57,"2000",6.14140542543157,"IV"
58,"2000",10.3242168074197,"IV"
59,"2000",5.78242456447573,"IV"
60,"2000",8.41776670373392,"IV"
61,"2000",13.5027002939225,"IV"
62,"2000",9.10578369931642,"IV"
63,"2000",15.4735340040257,"IV"
64,"2000",9.02254353965081,"IV"
65,"2000",8.18309289374577,"IV"
66,"2000",26.0559842573798,"IV"
67,"2000",36.8436552553675,"IV"
68,"2000",5.68834885553769,"IV"
69,"2000",7.38343869648734,"IV"
70,"2000",6.08762812960035,"IV"
71,"2000",6.79384276232565,"IV"
72,"2000",4.9352755445079,"IV"
73,"2000",11.0073156154226,"IV"
74,"2000",7.63565970505579,"IV"
75,"2000",7.15604328165553,"IV"
76,"2000",8.49152180685386,"IV"
77,"2000",7.42952933141707,"IV"
78,"2000",9.17047314268674,"IV"
79,"2000",5.33582561738021,"IV"
80,"2000",7.83572640528248,"IV"
81,"2000",5.44921678515249,"IV"
82,"2000",6.93645537676137,"IV"
83,"2000",5.9893982190642,"IV"
84,"2000",8.83191569941173,"IV"
85,"2000",11.000652220602,"IV"
86,"2000",5.61054582994718,"IV"
87,"2000",8.08512770365629,"IV"
88,"2000",6.26799029980545,"IV"
89,"2000",11.8814704523414,"IV"
90,"2000",9.05800306020865,"IV"
91,"2000",4.83759713918383,"IV"
92,"2000",10.496557450352,"IV"
93,"2000",4.99734964880829,"IV"
94,"2000",10.7319255162023,"IV"
95,"2000",10.8407062300685,"IV"
96,"2000",6.53507063869257,"IV"
97,"2000",6.01615469697319,"IV"
98,"2000",6.67640104181735,"IV"
99,"2000",8.3271362806677,"IV"
100,"2000",4.68534789486638,"IV"
101,"2000",8.47117500230274,"IV"
102,"2000",6.8028452511924,"IV"
103,"2000",8.19888754468674,"IV"
104,"2000",9.04500605602822,"IV"
105,"2000",10.1164989751815,"IV"
106,"2000",27.434419185414,"IV"
107,"2000",58.7021869897848,"IV"
108,"2000",7.5185665555894,"IV"
109,"2000",15.2288627494513,"IV"
110,"2000",11.9951482497019,"IV"
111,"2000",7.42344860595737,"IV"
112,"2000",9.76043990312366,"IV"
113,"2000",9.65886365924598,"IV"
114,"2000",7.85057171499292,"IV"
115,"2000",11.3848292804264,"IV"
116,"2000",13.6986099659,"IV"
117,"2000",9.42005678444851,"IV"
118,"2000",9.4953921716434,"IV"
119,"2000",9.18618950199437,"IV"
120,"2000",10.87941677318,"IV"
121,"2000",8.37574986498526,"IV"
122,"2000",8.09527715888207,"IV"
123,"2000",7.51164047422943,"IV"
124,"2000",5.57628658415579,"IV"
125,"2000",10.8322338023818,"IV"
126,"2000",7.33371935395792,"IV"
127,"2000",11.7634741931136,"IV"
128,"2000",6.02807008531214,"IV"
129,"2000",9.37462615148239,"IV"
130,"2000",6.9848043988472,"IV"
131,"2000",13.3451427280695,"IV"
132,"2000",5.90372056332651,"IV"
133,"2000",14.0339327292947,"IV"
134,"2000",5.7619246165614,"IV"
135,"2000",5.81798254288493,"IV"
136,"2000",-379.783012842533,"IV"
137,"2000",10.2340559002622,"IV"
138,"2000",9.86791598152022,"IV"
139,"2000",28.3604861525708,"IV"
140,"2000",5.81304960871614,"IV"
141,"2000",8.7304938092185,"IV"
142,"2000",5.32954795732783,"IV"
143,"2000",11.8585723586765,"IV"
144,"2000",12.8427879568416,"IV"
145,"2000",240.531433126375,"IV"
146,"2000",5.54673560157391,"IV"
147,"2000",6.526827155423,"IV"
148,"2000",6.09779700234012,"IV"
149,"2000",10.0580750321269,"IV"
150,"2000",7.9341774459537,"IV"
151,"2000",5.55181087868008,"IV"
152,"2000",6.5188527139825,"IV"
153,"2000",10.8195055891741,"IV"
154,"2000",7.15138307094734,"IV"
155,"2000",8.51314407170145,"IV"
156,"2000",6.35819776777615,"IV"
157,"2000",9.63173017608407,"IV"
158,"2000",5.99761448189992,"IV"
159,"2000",5.49316715663169,"IV"
160,"2000",7.39032875650857,"IV"
161,"2000",11.7023856113766,"IV"
162,"2000",7.7702009154434,"IV"
163,"2000",13.7677198344934,"IV"
164,"2000",5.68583127252347,"IV"
165,"2000",14.5740237792558,"IV"
166,"2000",8.01814551518677,"IV"
167,"2000",6.8800764972231,"IV"
168,"2000",7.6065995042517,"IV"
169,"2000",7.97419487444333,"IV"
170,"2000",7.52114083218251,"IV"
171,"2000",5.71671866076416,"IV"
172,"2000",7.97172880081212,"IV"
173,"2000",50.4094968886411,"IV"
174,"2000",4.75656444278308,"IV"
175,"2000",5.79242607471233,"IV"
176,"2000",5.81944634023789,"IV"
177,"2000",7.95813148167562,"IV"
178,"2000",16.838522523799,"IV"
179,"2000",8.17587601526947,"IV"
180,"2000",7.24742294959798,"IV"
181,"2000",6.18595004761401,"IV"
182,"2000",5.10899558882265,"IV"
183,"2000",5.62435128959898,"IV"
184,"2000",20.5198126586623,"IV"
185,"2000",9.98951749404506,"IV"
186,"2000",10.547841437132,"IV"
187,"2000",8.27076048307445,"IV"
188,"2000",5.82469850143139,"IV"
189,"2000",12.5603578436563,"IV"
190,"2000",10.5077726452343,"IV"
191,"2000",5.77361321952781,"IV"
192,"2000",7.17475142534473,"IV"
193,"2000",9.69193230064126,"IV"
194,"2000",6.87684936394612,"IV"
195,"2000",8.09739509433301,"IV"
196,"2000",10.5913758095111,"IV"
197,"2000",6.22686230006412,"IV"
198,"2000",16.8680313253917,"IV"
199,"2000",9.24617544964247,"IV"
200,"2000",7.85297191500393,"IV"
201,"2000",12.4840286601356,"IV"
202,"2000",7.74198440541821,"IV"
203,"2000",8.01898018872866,"IV"
204,"2000",8.85891614424626,"IV"
205,"2000",8.14572638739472,"IV"
206,"2000",27.5318692961884,"IV"
207,"2000",8.17855200003993,"IV"
208,"2000",12.7848415231888,"IV"
209,"2000",19.0026271391397,"IV"
210,"2000",7.21968309614449,"IV"
211,"2000",7.51759400975362,"IV"
212,"2000",11.9875126513682,"IV"
213,"2000",6.32075103223839,"IV"
214,"2000",6.30668252373976,"IV"
215,"2000",6.9721517914539,"IV"
216,"2000",13.6664536317895,"IV"
217,"2000",8.10765149942413,"IV"
218,"2000",22.1790879493493,"IV"
219,"2000",7.83792100624016,"IV"
220,"2000",5.43769915213046,"IV"
221,"2000",9.46416852369182,"IV"
222,"2000",7.48861002854597,"IV"
223,"2000",17.4273501658673,"IV"
224,"2000",14.0628649780055,"IV"
225,"2000",8.99395509883467,"IV"
226,"2000",10.9137014356062,"IV"
227,"2000",14.0762417376688,"IV"
228,"2000",5.07900933922015,"IV"
229,"2000",16.070187261754,"IV"
230,"2000",8.66532170204273,"IV"
231,"2000",5.88235731301648,"IV"
232,"2000",10.7412199094073,"IV"
233,"2000",12.6651978454517,"IV"
234,"2000",9.07925789615519,"IV"
235,"2000",6.30007194342504,"IV"
236,"2000",9.75636958088167,"IV"
237,"2000",9.83254424121969,"IV"
238,"2000",4.50420930986393,"IV"
239,"2000",10.3394379014674,"IV"
240,"2000",9.05882144746498,"IV"
241,"2000",11.0291116472522,"IV"
242,"2000",13.1165534663551,"IV"
243,"2000",6.58231977076661,"IV"
244,"2000",7.52795104757195,"IV"
245,"2000",6.07820648906096,"IV"
246,"2000",6.27195576701879,"IV"
247,"2000",8.07463834237305,"IV"
248,"2000",6.46301033202617,"IV"
249,"2000",9.55468605956253,"IV"
250,"2000",5.62755591719331,"IV"
251,"2000",8.79106969230204,"IV"
252,"2000",6.95768014055081,"IV"
253,"2000",7.32600568856466,"IV"
254,"2000",6.85328359765107,"IV"
255,"2000",8.1709758629897,"IV"
256,"2000",6.0620192850839,"IV"
257,"2000",7.14219944462535,"IV"
258,"2000",8.52841144865735,"IV"
259,"2000",9.23078597361402,"IV"
260,"2000",18.6877709760999,"IV"
261,"2000",6.95736598614662,"IV"
262,"2000",5.68387734398201,"IV"
263,"2000",17.6641131018803,"IV"
264,"2000",8.98039835154432,"IV"
265,"2000",4.64048149684957,"IV"
266,"2000",5.19770313008598,"IV"
267,"2000",6.59446528789807,"IV"
268,"2000",9.31728477298182,"IV"
269,"2000",8.99166037275901,"IV"
270,"2000",7.76930010987948,"IV"
271,"2000",7.76218845722112,"IV"
272,"2000",8.55502954209766,"IV"
273,"2000",8.91024282390701,"IV"
274,"2000",11.2262998802301,"IV"
275,"2000",6.81039485220941,"IV"
276,"2000",8.88460588996215,"IV"
277,"2000",11.7203666778206,"IV"
278,"2000",14.8625825399687,"IV"
279,"2000",6.83968412375593,"IV"
280,"2000",7.6340739604339,"IV"
281,"2000",7.6429969787428,"IV"
282,"2000",9.56456650905602,"IV"
283,"2000",10.3004169467453,"IV"
284,"2000",10.3914978519484,"IV"
285,"2000",12.7148308958807,"IV"
286,"2000",6.42598706604983,"IV"
287,"2000",6.51657551548996,"IV"
288,"2000",6.79988596305626,"IV"
289,"2000",10.2459956137628,"IV"
290,"2000",8.69778254846171,"IV"
291,"2000",6.65888311706787,"IV"
292,"2000",6.17749923484635,"IV"
293,"2000",6.4452140098809,"IV"
294,"2000",5.60581742169779,"IV"
295,"2000",9.87274656954742,"IV"
296,"2000",10.4577448699786,"IV"
297,"2000",7.70718473067948,"IV"
298,"2000",5.78803465272492,"IV"
299,"2000",5.5494484640982,"IV"
300,"2000",5.92039771848553,"IV"
301,"2000",12.0980558532895,"IV"
302,"2000",5.26003492205457,"IV"
303,"2000",8.66109881094216,"IV"
304,"2000",11.8203510315157,"IV"
305,"2000",7.88878250361807,"IV"
306,"2000",11.0181541316495,"IV"
307,"2000",5.81021452144037,"IV"
308,"2000",19.3697037100599,"IV"
309,"2000",5.91124988802896,"IV"
310,"2000",11.7933424928092,"IV"
311,"2000",7.50333220538286,"IV"
312,"2000",6.45798180543387,"IV"
313,"2000",10.5916356333037,"IV"
314,"2000",7.97792025077212,"IV"
315,"2000",8.76596886379414,"IV"
316,"2000",40.8083707900439,"IV"
317,"2000",8.01514492482462,"IV"
318,"2000",8.99356963725901,"IV"
319,"2000",6.3074134526858,"IV"
320,"2000",6.59656757870421,"IV"
321,"2000",6.7434794481278,"IV"
322,"2000",10.3957115051117,"IV"
323,"2000",5.33141869556056,"IV"
324,"2000",12.142269198393,"IV"
325,"2000",6.13081289746647,"IV"
326,"2000",7.96900303341776,"IV"
327,"2000",8.52315236948266,"IV"
328,"2000",21.8523631734835,"IV"
329,"2000",9.18113855272646,"IV"
330,"2000",11.1460308511885,"IV"
331,"2000",13.0082501948743,"IV"
332,"2000",7.1950627789436,"IV"
333,"2000",5.68753946339948,"IV"
334,"2000",7.0222846915474,"IV"
335,"2000",7.81512705034093,"IV"
336,"2000",9.1173721790032,"IV"
337,"2000",5.22109578519309,"IV"
338,"2000",8.48879155302315,"IV"
339,"2000",6.71505240885579,"IV"
340,"2000",5.13176277469017,"IV"
341,"2000",13.936108675125,"IV"
342,"2000",6.66580132285107,"IV"
343,"2000",10.1268144214289,"IV"
344,"2000",5.26712629759979,"IV"
345,"2000",10.2402705473135,"IV"
346,"2000",7.42506471939973,"IV"
347,"2000",5.99177058896164,"IV"
348,"2000",8.03761356042752,"IV"
349,"2000",6.77449331777095,"IV"
350,"2000",9.79581795484122,"IV"
351,"2000",8.64810342496716,"IV"
352,"2000",23.5650021680734,"IV"
353,"2000",7.78730973086897,"IV"
354,"2000",8.29972681435977,"IV"
355,"2000",8.32026819114384,"IV"
356,"2000",6.55070877707952,"IV"
357,"2000",6.82677573894736,"IV"
358,"2000",6.56818917397263,"IV"
359,"2000",5.06803011892123,"IV"
360,"2000",6.57289963532238,"IV"
361,"2000",11.6241729257213,"IV"
362,"2000",13.5659807660595,"IV"
363,"2000",6.003113385076,"IV"
364,"2000",6.37602592716715,"IV"
365,"2000",8.57817437280165,"IV"
366,"2000",8.29459258392679,"IV"
367,"2000",7.17271564888221,"IV"
368,"2000",8.84530633917741,"IV"
369,"2000",6.42703842471118,"IV"
370,"2000",7.66280199526586,"IV"
371,"2000",11.3178135522301,"IV"
372,"2000",7.36413637340703,"IV"
373,"2000",7.57537419584889,"IV"
374,"2000",10.9072512006043,"IV"
375,"2000",6.94495209237779,"IV"
376,"2000",14.0233028651851,"IV"
377,"2000",9.19224149468125,"IV"
378,"2000",6.04866219139308,"IV"
379,"2000",7.30336914214426,"IV"
380,"2000",10.5770262621714,"IV"
381,"2000",8.25638198121607,"IV"
382,"2000",5.62384128482111,"IV"
383,"2000",19.575837801614,"IV"
384,"2000",9.31713101079701,"IV"
385,"2000",6.59072785719484,"IV"
386,"2000",21.7334149699258,"IV"
387,"2000",8.23732164023103,"IV"
388,"2000",6.16398841524272,"IV"
389,"2000",8.58566562190186,"IV"
390,"2000",6.65701655728501,"IV"
391,"2000",7.716539232471,"IV"
392,"2000",8.13762870450684,"IV"
393,"2000",12.4961200602572,"IV"
394,"2000",5.63349226854598,"IV"
395,"2000",7.11582118408744,"IV"
396,"2000",34.7595974782541,"IV"
397,"2000",8.28583984828825,"IV"
398,"2000",7.51000477375708,"IV"
399,"2000",7.28174693434397,"IV"
400,"2000",44.2038221770527,"IV"
401,"2000",7.0011276144045,"IV"
402,"2000",5.95608986572395,"IV"
403,"2000",13.192029519073,"IV"
404,"2000",9.45611338892005,"IV"
405,"2000",7.52562114219159,"IV"
406,"2000",10.3743343480833,"IV"
407,"2000",6.79527201128617,"IV"
408,"2000",5.56445501935235,"IV"
409,"2000",6.47990398019802,"IV"
410,"2000",6.41344230946532,"IV"
411,"2000",7.26216250916489,"IV"
412,"2000",4.42779493533081,"IV"
413,"2000",9.09889967895783,"IV"
414,"2000",9.37650927723763,"IV"
415,"2000",9.6739926303076,"IV"
416,"2000",10.30578495843,"IV"
417,"2000",9.19943964744997,"IV"
418,"2000",7.0574642289128,"IV"
419,"2000",5.73839927318466,"IV"
420,"2000",11.3268869804565,"IV"
421,"2000",6.68934725161282,"IV"
422,"2000",20.2470808497971,"IV"
423,"2000",4.22979225075536,"IV"
424,"2000",5.38354590161712,"IV"
425,"2000",6.85172158696611,"IV"
426,"2000",8.79965090707631,"IV"
427,"2000",16.4967813057174,"IV"
428,"2000",6.71644691067673,"IV"
429,"2000",17.9629052674571,"IV"
430,"2000",7.65724576402082,"IV"
431,"2000",9.38736480406727,"IV"
432,"2000",5.24803698843403,"IV"
433,"2000",9.13122247786975,"IV"
434,"2000",7.3528663439337,"IV"
435,"2000",8.74498380714354,"IV"
436,"2000",8.81154990011378,"IV"
437,"2000",5.30194498833246,"IV"
438,"2000",9.40294405641278,"IV"
439,"2000",7.64341602080746,"IV"
440,"2000",5.28495225567045,"IV"
441,"2000",8.39713621798179,"IV"
442,"2000",8.82957484446757,"IV"
443,"2000",5.93168396938173,"IV"
444,"2000",9.84979893615881,"IV"
445,"2000",7.91871702422254,"IV"
446,"2000",11.2819335094204,"IV"
447,"2000",7.02769047995293,"IV"
448,"2000",7.16931189172701,"IV"
449,"2000",5.61231398108047,"IV"
450,"2000",6.939631625826,"IV"
451,"2000",7.17901495747597,"IV"
452,"2000",7.24905273686686,"IV"
453,"2000",6.34295964972268,"IV"
454,"2000",5.79693780169889,"IV"
455,"2000",10.0288185922913,"IV"
456,"2000",10.4046896254618,"IV"
457,"2000",6.9658587553432,"IV"
458,"2000",9.95280811082533,"IV"
459,"2000",8.45737021152732,"IV"
460,"2000",11.7537607188029,"IV"
461,"2000",8.75214032326479,"IV"
462,"2000",9.29412605382509,"IV"
463,"2000",8.80766438943224,"IV"
464,"2000",5.67932080166375,"IV"
465,"2000",10.2605248022743,"IV"
466,"2000",8.1244330789305,"IV"
467,"2000",4.60914110941078,"IV"
468,"2000",5.04307419588211,"IV"
469,"2000",15.8461729473368,"IV"
470,"2000",5.52323319816166,"IV"
471,"2000",8.55430612133523,"IV"
472,"2000",11.9645528622413,"IV"
473,"2000",7.92594593115015,"IV"
474,"2000",5.89373371851485,"IV"
475,"2000",4.63230709730998,"IV"
476,"2000",8.43087255542773,"IV"
477,"2000",6.89098263638483,"IV"
478,"2000",9.96474577211039,"IV"
479,"2000",6.16336581476957,"IV"
480,"2000",16.4409678866794,"IV"
481,"2000",13.5142318910356,"IV"
482,"2000",26.0931758624995,"IV"
483,"2000",4.52022579008926,"IV"
484,"2000",9.61550321504156,"IV"
485,"2000",5.04031589265105,"IV"
486,"2000",8.18309619466766,"IV"
487,"2000",9.32414307545852,"IV"
488,"2000",9.56927050001764,"IV"
489,"2000",11.4351430154718,"IV"
490,"2000",7.87260993881735,"IV"
491,"2000",10.9520846141636,"IV"
492,"2000",7.31102392835922,"IV"
493,"2000",8.48141251661352,"IV"
494,"2000",7.90906418274878,"IV"
495,"2000",7.80080397630403,"IV"
496,"2000",8.3825287940986,"IV"
497,"2000",10.0912705705982,"IV"
498,"2000",12.083948373932,"IV"
499,"2000",9.93619666222145,"IV"
500,"2000",18.4023058496672,"IV"
501,"2000",9.62101921297706,"IV"
502,"2000",6.41987550636672,"IV"
503,"2000",9.016346860246,"IV"
504,"2000",7.54977483558337,"IV"
505,"2000",9.0177524775501,"IV"
506,"2000",11.6391454666813,"IV"
507,"2000",6.60149346166664,"IV"
508,"2000",9.80389478853434,"IV"
509,"2000",5.8292181215928,"IV"
510,"2000",6.57401986140984,"IV"
511,"2000",9.90972078401843,"IV"
512,"2000",7.46809654237211,"IV"
513,"2000",7.71215677916913,"IV"
514,"2000",6.52484924970722,"IV"
515,"2000",12.8251352523942,"IV"
516,"2000",8.6838513495361,"IV"
517,"2000",12.3679635451947,"IV"
518,"2000",8.56518482795173,"IV"
519,"2000",8.11518597057715,"IV"
520,"2000",6.01539133070838,"IV"
521,"2000",6.89932677411586,"IV"
522,"2000",6.51338754108415,"IV"
523,"2000",9.79701878843,"IV"
524,"2000",12.3053606814949,"IV"
525,"2000",6.16865932065949,"IV"
526,"2000",8.72273279168217,"IV"
527,"2000",5.82518473059122,"IV"
528,"2000",7.45291451403268,"IV"
529,"2000",8.09790719237192,"IV"
530,"2000",9.53331061657476,"IV"
531,"2000",7.67866163746507,"IV"
532,"2000",8.78815223263203,"IV"
533,"2000",4.60888822490388,"IV"
534,"2000",10.5977061948322,"IV"
535,"2000",6.28731290884459,"IV"
536,"2000",7.08902157295237,"IV"
537,"2000",17.695482465043,"IV"
538,"2000",8.22728897522863,"IV"
539,"2000",11.848201231039,"IV"
540,"2000",12.2932259701968,"IV"
541,"2000",24.1186503521588,"IV"
542,"2000",11.392587604461,"IV"
543,"2000",6.82579965986402,"IV"
544,"2000",5.91981767495078,"IV"
545,"2000",11.3224132324805,"IV"
546,"2000",6.00596998223133,"IV"
547,"2000",12.7511209321604,"IV"
548,"2000",10.8349246023649,"IV"
549,"2000",6.26807030465452,"IV"
550,"2000",9.31663083338092,"IV"
551,"2000",11.4524593264239,"IV"
552,"2000",7.18219433663436,"IV"
553,"2000",4.8780873364908,"IV"
554,"2000",4.98411415830219,"IV"
555,"2000",6.85284600713375,"IV"
556,"2000",6.70098934205414,"IV"
557,"2000",9.91039812899635,"IV"
558,"2000",6.24906333856891,"IV"
559,"2000",5.19128703335668,"IV"
560,"2000",7.38359744896355,"IV"
561,"2000",9.37402361090457,"IV"
562,"2000",5.94066163409249,"IV"
563,"2000",7.16845392802192,"IV"
564,"2000",5.98232077534701,"IV"
565,"2000",6.26122045581324,"IV"
566,"2000",17.1751637118301,"IV"
567,"2000",5.4114320365701,"IV"
568,"2000",4.6069392974497,"IV"
569,"2000",11.111261118822,"IV"
570,"2000",12.3176442204342,"IV"
571,"2000",7.4940425473803,"IV"
572,"2000",5.75610437267146,"IV"
573,"2000",5.72102854304321,"IV"
574,"2000",11.6250660021488,"IV"
575,"2000",7.54721967921545,"IV"
576,"2000",6.90738126434673,"IV"
577,"2000",6.19773571710956,"IV"
578,"2000",6.41885748595378,"IV"
579,"2000",13.9994617330575,"IV"
580,"2000",8.87228314042655,"IV"
581,"2000",17.7536444763182,"IV"
582,"2000",14.4629640006519,"IV"
583,"2000",15.1380250988808,"IV"
584,"2000",4.9206892559926,"IV"
585,"2000",6.53287948432754,"IV"
586,"2000",103.482608677898,"IV"
587,"2000",7.10368591873656,"IV"
588,"2000",14.716546815483,"IV"
589,"2000",5.98434951277849,"IV"
590,"2000",10.322740294371,"IV"
591,"2000",8.38886715223501,"IV"
592,"2000",7.47007303646399,"IV"
593,"2000",10.0678619729582,"IV"
594,"2000",6.4783550743927,"IV"
595,"2000",8.04310192246074,"IV"
596,"2000",9.19047434713635,"IV"
597,"2000",16.7980593315688,"IV"
598,"2000",5.71135378023915,"IV"
599,"2000",7.13584435569345,"IV"
600,"2000",6.57033829891352,"IV"
601,"2000",32.0285322697347,"IV"
602,"2000",5.97097934065788,"IV"
603,"2000",9.46183006931601,"IV"
604,"2000",7.08348511728053,"IV"
605,"2000",8.06080522818163,"IV"
606,"2000",6.51990853293404,"IV"
607,"2000",14.6116261623341,"IV"
608,"2000",6.4992661014435,"IV"
609,"2000",10.6295230114762,"IV"
610,"2000",4.73052197201517,"IV"
611,"2000",9.11042002943442,"IV"
612,"2000",10.7788405578427,"IV"
613,"2000",7.83768459312208,"IV"
614,"2000",9.69872226771265,"IV"
615,"2000",7.00336550809147,"IV"
616,"2000",42.6003849982225,"IV"
617,"2000",4.95203413033989,"IV"
618,"2000",4.82980602258041,"IV"
619,"2000",7.46740497690103,"IV"
620,"2000",14.5840943692106,"IV"
621,"2000",6.17670380881888,"IV"
622,"2000",5.83707036914166,"IV"
623,"2000",13.6641129134247,"IV"
624,"2000",6.50737948109805,"IV"
625,"2000",54.2360131689656,"IV"
626,"2000",14.594219639939,"IV"
627,"2000",6.87262443119279,"IV"
628,"2000",11.2293131497745,"IV"
629,"2000",5.50941872028683,"IV"
630,"2000",5.24892828829046,"IV"
631,"2000",5.97402456508827,"IV"
632,"2000",5.71213894849493,"IV"
633,"2000",9.37471771354287,"IV"
634,"2000",11.7979257467535,"IV"
635,"2000",6.87609796604262,"IV"
636,"2000",11.1619350500763,"IV"
637,"2000",5.94891260414654,"IV"
638,"2000",10.1306677032478,"IV"
639,"2000",6.95068735592359,"IV"
640,"2000",8.32880559993692,"IV"
641,"2000",11.2254284980191,"IV"
642,"2000",7.4593247210621,"IV"
643,"2000",8.43617834411908,"IV"
644,"2000",11.5607351034345,"IV"
645,"2000",5.89547260700375,"IV"
646,"2000",7.05526443056627,"IV"
647,"2000",6.86435237592493,"IV"
648,"2000",5.5998568126683,"IV"
649,"2000",19.5345887079251,"IV"
650,"2000",30.6292799776797,"IV"
651,"2000",6.16786364532283,"IV"
652,"2000",9.9785346246401,"IV"
653,"2000",9.67305375586578,"IV"
654,"2000",11.0169244481686,"IV"
655,"2000",8.24087519369507,"IV"
656,"2000",12.4455240033963,"IV"
657,"2000",35.3613029339231,"IV"
658,"2000",6.7722974528895,"IV"
659,"2000",7.67981137513368,"IV"
660,"2000",9.17347434703869,"IV"
661,"2000",5.54648164818415,"IV"
662,"2000",7.31976095861261,"IV"
663,"2000",8.932183216671,"IV"
664,"2000",8.5860653548668,"IV"
665,"2000",4.45599116097046,"IV"
666,"2000",23.5238064669757,"IV"
667,"2000",11.8452515044768,"IV"
668,"2000",5.56276426892817,"IV"
669,"2000",10.0566943968702,"IV"
670,"2000",10.3716893325434,"IV"
671,"2000",6.08059926941371,"IV"
672,"2000",7.4495888957365,"IV"
673,"2000",10.9347631719052,"IV"
674,"2000",7.30882220303896,"IV"
675,"2000",5.85030575462785,"IV"
676,"2000",10.9575915852659,"IV"
677,"2000",12.5422751304236,"IV"
678,"2000",11.6849899355495,"IV"
679,"2000",17.3006448577545,"IV"
680,"2000",8.28077234999401,"IV"
681,"2000",12.4689946789144,"IV"
682,"2000",6.71380641865751,"IV"
683,"2000",12.5174348694847,"IV"
684,"2000",7.0277331039276,"IV"
685,"2000",7.23872612554752,"IV"
686,"2000",8.14596603183205,"IV"
687,"2000",12.5438314478214,"IV"
688,"2000",8.63704455367645,"IV"
689,"2000",8.49657599661042,"IV"
690,"2000",9.14977412926218,"IV"
691,"2000",10.1518305539864,"IV"
692,"2000",19.6655815492654,"IV"
693,"2000",9.43796693274938,"IV"
694,"2000",12.0165150621148,"IV"
695,"2000",13.2787178227239,"IV"
696,"2000",7.78838324226373,"IV"
697,"2000",7.79435810124376,"IV"
698,"2000",6.66358839534678,"IV"
699,"2000",6.96677088243233,"IV"
700,"2000",9.39201078050455,"IV"
701,"2000",5.36226878114715,"IV"
702,"2000",8.38329822403057,"IV"
703,"2000",6.56289044537397,"IV"
704,"2000",6.3098134504494,"IV"
705,"2000",7.27984079277656,"IV"
706,"2000",7.59863036616488,"IV"
707,"2000",8.10388185544338,"IV"
708,"2000",14.1825317614371,"IV"
709,"2000",8.18279936328203,"IV"
710,"2000",6.44072861330253,"IV"
711,"2000",7.97167441913006,"IV"
712,"2000",15.1073478613097,"IV"
713,"2000",9.98861306915128,"IV"
714,"2000",6.80117814169497,"IV"
715,"2000",15.1930040998861,"IV"
716,"2000",8.57295090899576,"IV"
717,"2000",13.2258422414512,"IV"
718,"2000",7.85962264373967,"IV"
719,"2000",5.49800046496191,"IV"
720,"2000",8.21758479477721,"IV"
721,"2000",12.7827568257769,"IV"
722,"2000",8.23652835234789,"IV"
723,"2000",10.3322959849403,"IV"
724,"2000",6.44369458950125,"IV"
725,"2000",6.17900806454565,"IV"
726,"2000",8.02448458363953,"IV"
727,"2000",8.35054924152361,"IV"
728,"2000",8.69879639125669,"IV"
729,"2000",6.19041092349874,"IV"
730,"2000",4.93763772445917,"IV"
731,"2000",13.6544726049229,"IV"
732,"2000",6.78654228415056,"IV"
733,"2000",6.56838223050743,"IV"
734,"2000",24.9911284340744,"IV"
735,"2000",14.7758974783354,"IV"
736,"2000",19.9367657824964,"IV"
737,"2000",5.60137918144593,"IV"
738,"2000",6.0335104895321,"IV"
739,"2000",8.40874458396408,"IV"
740,"2000",11.444882300291,"IV"
741,"2000",6.9004702683142,"IV"
742,"2000",6.83929841205632,"IV"
743,"2000",6.95683039673741,"IV"
744,"2000",7.06871083185,"IV"
745,"2000",6.97973867759228,"IV"
746,"2000",6.36616294123776,"IV"
747,"2000",8.10519839706473,"IV"
748,"2000",7.1474008358566,"IV"
749,"2000",5.99221861090202,"IV"
750,"2000",8.41447106589638,"IV"
751,"2000",12.2059926459186,"IV"
752,"2000",6.30896903333195,"IV"
753,"2000",8.71526424291027,"IV"
754,"2000",7.40775625098283,"IV"
755,"2000",9.47857711478242,"IV"
756,"2000",7.83985475016397,"IV"
757,"2000",5.12697375331521,"IV"
758,"2000",10.9832532937893,"IV"
759,"2000",7.41871307095336,"IV"
760,"2000",-234.063275725315,"IV"
761,"2000",10.2381464814022,"IV"
762,"2000",6.48034995065548,"IV"
763,"2000",7.64731340322675,"IV"
764,"2000",10.045673307827,"IV"
765,"2000",9.38004378821598,"IV"
766,"2000",7.42308427175266,"IV"
767,"2000",13.2458326052924,"IV"
768,"2000",10.8178268376345,"IV"
769,"2000",5.31652070262707,"IV"
770,"2000",11.0363743600128,"IV"
771,"2000",13.1302777380113,"IV"
772,"2000",10.7508883523896,"IV"
773,"2000",5.69339529505465,"IV"
774,"2000",7.44413310898779,"IV"
775,"2000",8.26398020660289,"IV"
776,"2000",11.5948346455191,"IV"
777,"2000",14.1209620740726,"IV"
778,"2000",5.2446792591809,"IV"
779,"2000",8.83465091323615,"IV"
780,"2000",17.6315089330743,"IV"
781,"2000",8.45531970330037,"IV"
782,"2000",6.94401768074671,"IV"
783,"2000",9.47459316578598,"IV"
784,"2000",19.5473855180849,"IV"
785,"2000",6.61833366924778,"IV"
786,"2000",14.4694393344037,"IV"
787,"2000",9.74360677217691,"IV"
788,"2000",7.0499200569709,"IV"
789,"2000",10.2910721476831,"IV"
790,"2000",7.42231774228265,"IV"
791,"2000",4.75137658979875,"IV"
792,"2000",7.05471200625197,"IV"
793,"2000",9.29478779777006,"IV"
794,"2000",7.9193812578751,"IV"
795,"2000",5.08077166965674,"IV"
796,"2000",4.83436051765185,"IV"
797,"2000",5.66328741832554,"IV"
798,"2000",11.2038214510456,"IV"
799,"2000",9.62003495472453,"IV"
800,"2000",8.47311805140634,"IV"
801,"2000",7.89358580089652,"IV"
802,"2000",19.5261140361801,"IV"
803,"2000",9.46403478615081,"IV"
804,"2000",5.39010714757933,"IV"
805,"2000",16.8031662106929,"IV"
806,"2000",7.12241472118822,"IV"
807,"2000",14.7871643373194,"IV"
808,"2000",7.10127665257448,"IV"
809,"2000",8.66171977401122,"IV"
810,"2000",14.7609785564172,"IV"
811,"2000",10.0275089832072,"IV"
812,"2000",10.4818765703375,"IV"
813,"2000",5.72204069778531,"IV"
814,"2000",6.24619071984961,"IV"
815,"2000",6.95803778962348,"IV"
816,"2000",5.0228388107643,"IV"
817,"2000",12.4685678973317,"IV"
818,"2000",7.78817753762798,"IV"
819,"2000",7.38530260689841,"IV"
820,"2000",9.7865476576277,"IV"
821,"2000",7.60830681998553,"IV"
822,"2000",6.12670948468187,"IV"
823,"2000",9.77010791319646,"IV"
824,"2000",13.2072435035224,"IV"
825,"2000",9.70747419124231,"IV"
826,"2000",19.3165939134436,"IV"
827,"2000",12.935337281154,"IV"
828,"2000",5.54767175176889,"IV"
829,"2000",8.89007992242714,"IV"
830,"2000",7.69874852333753,"IV"
831,"2000",9.86958025275157,"IV"
832,"2000",8.06731218175216,"IV"
833,"2000",11.8421103756308,"IV"
834,"2000",6.86226047802199,"IV"
835,"2000",7.99515811142488,"IV"
836,"2000",7.68065766542702,"IV"
837,"2000",10.5952774843123,"IV"
838,"2000",7.17077694149907,"IV"
839,"2000",6.12203583828894,"IV"
840,"2000",9.58637325704278,"IV"
841,"2000",12.5031075125659,"IV"
842,"2000",7.25793328643928,"IV"
843,"2000",8.98498665596403,"IV"
844,"2000",22.922098149384,"IV"
845,"2000",5.04496877218703,"IV"
846,"2000",8.08098152038408,"IV"
847,"2000",17.3039086507061,"IV"
848,"2000",6.55191241410669,"IV"
849,"2000",5.67717067766531,"IV"
850,"2000",15.0037050419526,"IV"
851,"2000",6.19140517558867,"IV"
852,"2000",6.35154366449087,"IV"
853,"2000",13.7226093569917,"IV"
854,"2000",8.70813080784812,"IV"
855,"2000",12.0294051534166,"IV"
856,"2000",8.59066896845253,"IV"
857,"2000",10.1885318234238,"IV"
858,"2000",7.96228113418318,"IV"
859,"2000",5.80528449747022,"IV"
860,"2000",9.97200653319363,"IV"
861,"2000",7.78924379968305,"IV"
862,"2000",5.24196828707452,"IV"
863,"2000",5.7704232667624,"IV"
864,"2000",6.59300601888997,"IV"
865,"2000",8.1184866934133,"IV"
866,"2000",6.91378162999757,"IV"
867,"2000",10.5175353047161,"IV"
868,"2000",9.60816346751243,"IV"
869,"2000",8.34964306955908,"IV"
870,"2000",10.1087183677139,"IV"
871,"2000",8.83875643267724,"IV"
872,"2000",7.97003899773636,"IV"
873,"2000",6.83501671871026,"IV"
874,"2000",5.98298149753846,"IV"
875,"2000",5.91153771996362,"IV"
876,"2000",8.98494970118934,"IV"
877,"2000",9.63304212773824,"IV"
878,"2000",6.08826406523727,"IV"
879,"2000",10.6918845577362,"IV"
880,"2000",12.7667299360261,"IV"
881,"2000",9.40312553888638,"IV"
882,"2000",8.94037694647519,"IV"
883,"2000",10.4582825627451,"IV"
884,"2000",7.11563171423444,"IV"
885,"2000",8.5782157756766,"IV"
886,"2000",6.95692609727445,"IV"
887,"2000",4.99324868276579,"IV"
888,"2000",9.49111881979363,"IV"
889,"2000",9.42447849496195,"IV"
890,"2000",6.53914862708617,"IV"
891,"2000",6.47187771409919,"IV"
892,"2000",6.66505207999196,"IV"
893,"2000",5.16672434303892,"IV"
894,"2000",10.2380073192435,"IV"
895,"2000",10.8830729844383,"IV"
896,"2000",13.4668085332251,"IV"
897,"2000",8.96158229550231,"IV"
898,"2000",7.17314092468967,"IV"
899,"2000",7.15048015748055,"IV"
900,"2000",6.4792976839283,"IV"
901,"2000",17.7344632945173,"IV"
902,"2000",9.02378144577851,"IV"
903,"2000",7.2939205922425,"IV"
904,"2000",10.4791671803152,"IV"
905,"2000",10.6134256651436,"IV"
906,"2000",7.44735209305889,"IV"
907,"2000",8.10018659195937,"IV"
908,"2000",4.79180812996161,"IV"
909,"2000",5.42805615425976,"IV"
910,"2000",13.3510209110543,"IV"
911,"2000",6.5784818922396,"IV"
912,"2000",6.42057613593412,"IV"
913,"2000",6.08069912161745,"IV"
914,"2000",7.56173753656049,"IV"
915,"2000",7.36156021172367,"IV"
916,"2000",9.39853289377937,"IV"
917,"2000",8.28290777796325,"IV"
918,"2000",7.49212081830273,"IV"
919,"2000",7.75858594660019,"IV"
920,"2000",9.13855755787342,"IV"
921,"2000",6.46196955694458,"IV"
922,"2000",11.6195704155516,"IV"
923,"2000",5.38414578789186,"IV"
924,"2000",22.4911921296126,"IV"
925,"2000",9.02359759113694,"IV"
926,"2000",9.75380098054532,"IV"
927,"2000",4.84892759481088,"IV"
928,"2000",6.09859347199633,"IV"
929,"2000",5.521659463438,"IV"
930,"2000",8.98256789218227,"IV"
931,"2000",9.7279492299372,"IV"
932,"2000",11.7502021652374,"IV"
933,"2000",15.6614110074505,"IV"
934,"2000",7.0304557351551,"IV"
935,"2000",14.5943153413944,"IV"
936,"2000",6.70489997604013,"IV"
937,"2000",8.57466420397424,"IV"
938,"2000",6.7254983985573,"IV"
939,"2000",18.0112242549781,"IV"
940,"2000",5.05818296711208,"IV"
941,"2000",9.2404745566259,"IV"
942,"2000",5.41069674360027,"IV"
943,"2000",11.1634836757409,"IV"
944,"2000",8.49604017813724,"IV"
945,"2000",6.7451303192992,"IV"
946,"2000",8.8698671005006,"IV"
947,"2000",8.78423035541667,"IV"
948,"2000",6.31529839400456,"IV"
949,"2000",7.76228336040958,"IV"
950,"2000",17.4384301766883,"IV"
951,"2000",11.1856754980634,"IV"
952,"2000",10.226389982699,"IV"
953,"2000",7.48862673952896,"IV"
954,"2000",7.29305630457865,"IV"
955,"2000",9.35416155644061,"IV"
956,"2000",7.67728302330608,"IV"
957,"2000",8.76709110048214,"IV"
958,"2000",17.8746221559162,"IV"
959,"2000",6.50568508708121,"IV"
960,"2000",17.7825196870936,"IV"
961,"2000",10.0500545585537,"IV"
962,"2000",8.08752396552716,"IV"
963,"2000",13.729940129511,"IV"
964,"2000",11.9163654747936,"IV"
965,"2000",11.1620430802415,"IV"
966,"2000",8.5864599618652,"IV"
967,"2000",14.1746944047951,"IV"
968,"2000",8.34212776834976,"IV"
969,"2000",11.7038149829586,"IV"
970,"2000",6.00466975986268,"IV"
971,"2000",12.9353415573752,"IV"
972,"2000",8.36993350253407,"IV"
973,"2000",6.70970499420989,"IV"
974,"2000",8.93477901146277,"IV"
975,"2000",4.51397386103206,"IV"
976,"2000",11.275704961351,"IV"
977,"2000",15.7335274763289,"IV"
978,"2000",7.33674686030862,"IV"
979,"2000",9.59242151184304,"IV"
980,"2000",9.13652250691654,"IV"
981,"2000",7.32270550397719,"IV"
982,"2000",9.15307255359552,"IV"
983,"2000",7.28448102142186,"IV"
984,"2000",10.2712196185523,"IV"
985,"2000",10.9897714505886,"IV"
986,"2000",8.86023357718419,"IV"
987,"2000",11.7878009385962,"IV"
988,"2000",6.26420180703349,"IV"
989,"2000",16.77964861502,"IV"
990,"2000",10.5381336436684,"IV"
991,"2000",8.18177165992003,"IV"
992,"2000",7.35569659672749,"IV"
993,"2000",7.32246667686349,"IV"
994,"2000",5.22834942791152,"IV"
995,"2000",5.09015665026518,"IV"
996,"2000",9.97795488750489,"IV"
997,"2000",20.2778063124567,"IV"
998,"2000",8.75388788419694,"IV"
999,"2000",7.37755051919078,"IV"
1000,"2000",13.1289846962909,"IV"
1,"4000",9.16824603797997,"IV"
2,"4000",7.64068983382327,"IV"
3,"4000",8.71800432305806,"IV"
4,"4000",6.5540098118435,"IV"
5,"4000",7.61247780276984,"IV"
6,"4000",10.2729834279168,"IV"
7,"4000",12.2407582108423,"IV"
8,"4000",9.64692701023549,"IV"
9,"4000",12.5850709805728,"IV"
10,"4000",9.13971600823249,"IV"
11,"4000",10.3110854065252,"IV"
12,"4000",6.34949796381817,"IV"
13,"4000",7.21523617918475,"IV"
14,"4000",10.890118175135,"IV"
15,"4000",5.62118853401114,"IV"
16,"4000",9.18388621713336,"IV"
17,"4000",5.55674131122903,"IV"
18,"4000",11.6772003242511,"IV"
19,"4000",9.54517730210436,"IV"
20,"4000",11.8314035511564,"IV"
21,"4000",6.26639469740485,"IV"
22,"4000",16.6120569401561,"IV"
23,"4000",9.95556689937181,"IV"
24,"4000",6.68063148740032,"IV"
25,"4000",5.88337001713796,"IV"
26,"4000",4.87530144708944,"IV"
27,"4000",10.8610129595482,"IV"
28,"4000",8.73026689492176,"IV"
29,"4000",6.79922910379901,"IV"
30,"4000",8.10647302395018,"IV"
31,"4000",14.2121406233613,"IV"
32,"4000",14.2280142418269,"IV"
33,"4000",8.24226136425699,"IV"
34,"4000",8.36216972128723,"IV"
35,"4000",8.44343124150872,"IV"
36,"4000",13.5348365658417,"IV"
37,"4000",5.21939357631068,"IV"
38,"4000",12.1424841749764,"IV"
39,"4000",6.105891571912,"IV"
40,"4000",10.6465724703166,"IV"
41,"4000",7.65722720911197,"IV"
42,"4000",8.0307418105892,"IV"
43,"4000",14.3571877009329,"IV"
44,"4000",7.69180271520589,"IV"
45,"4000",5.06614697068932,"IV"
46,"4000",7.59264468526233,"IV"
47,"4000",6.78054145170492,"IV"
48,"4000",10.9101851284775,"IV"
49,"4000",10.4017789550818,"IV"
50,"4000",6.59438425130249,"IV"
51,"4000",6.98675648666034,"IV"
52,"4000",6.14084265412297,"IV"
53,"4000",7.21508847357484,"IV"
54,"4000",7.43875652791946,"IV"
55,"4000",10.1701547095908,"IV"
56,"4000",7.22024132717516,"IV"
57,"4000",10.2362550985341,"IV"
58,"4000",8.62125154933028,"IV"
59,"4000",8.91586575019121,"IV"
60,"4000",7.80995789657322,"IV"
61,"4000",7.08848186072199,"IV"
62,"4000",11.8851250889526,"IV"
63,"4000",12.2356997123981,"IV"
64,"4000",6.5858941880127,"IV"
65,"4000",5.57042360732042,"IV"
66,"4000",7.45670400818015,"IV"
67,"4000",12.9888127928382,"IV"
68,"4000",7.19188508605435,"IV"
69,"4000",15.7320854233761,"IV"
70,"4000",6.8523601003684,"IV"
71,"4000",7.29408977155249,"IV"
72,"4000",13.3031714279288,"IV"
73,"4000",10.7021280557362,"IV"
74,"4000",10.3792465369243,"IV"
75,"4000",7.34224717467389,"IV"
76,"4000",8.44075527846843,"IV"
77,"4000",8.93110771486405,"IV"
78,"4000",10.5985292166542,"IV"
79,"4000",9.95259700448335,"IV"
80,"4000",7.41115000238326,"IV"
81,"4000",10.8594239046349,"IV"
82,"4000",8.32069220562805,"IV"
83,"4000",6.5866353320082,"IV"
84,"4000",9.18423074638864,"IV"
85,"4000",8.07446604308407,"IV"
86,"4000",7.37167915153758,"IV"
87,"4000",6.51003904111858,"IV"
88,"4000",5.82191159214007,"IV"
89,"4000",8.16217534571063,"IV"
90,"4000",8.83471471094456,"IV"
91,"4000",5.8071375483578,"IV"
92,"4000",7.99360940219759,"IV"
93,"4000",12.4303465309759,"IV"
94,"4000",5.94446113890933,"IV"
95,"4000",41.5183768935683,"IV"
96,"4000",8.63168533938653,"IV"
97,"4000",10.5049337894251,"IV"
98,"4000",6.32968508788115,"IV"
99,"4000",6.80976855823887,"IV"
100,"4000",8.12066972735894,"IV"
101,"4000",9.96973389119345,"IV"
102,"4000",7.84628014861346,"IV"
103,"4000",6.89518673874868,"IV"
104,"4000",8.61510646526913,"IV"
105,"4000",8.48707950627776,"IV"
106,"4000",10.4752550503103,"IV"
107,"4000",8.91814706439272,"IV"
108,"4000",7.14435067517942,"IV"
109,"4000",13.7632626628592,"IV"
110,"4000",7.38870118433161,"IV"
111,"4000",7.55423551165781,"IV"
112,"4000",8.10892427698764,"IV"
113,"4000",6.61215273375901,"IV"
114,"4000",12.5540939321686,"IV"
115,"4000",8.62295633397319,"IV"
116,"4000",6.23282288791438,"IV"
117,"4000",9.2713480301154,"IV"
118,"4000",8.41754993428076,"IV"
119,"4000",8.63641410348551,"IV"
120,"4000",8.95054221186586,"IV"
121,"4000",6.57792181890304,"IV"
122,"4000",7.50241697147898,"IV"
123,"4000",12.6173734238134,"IV"
124,"4000",6.6097773138865,"IV"
125,"4000",8.44260621676072,"IV"
126,"4000",7.82413467910355,"IV"
127,"4000",5.28864706991222,"IV"
128,"4000",6.86430988737432,"IV"
129,"4000",14.9218994923259,"IV"
130,"4000",15.767527313412,"IV"
131,"4000",6.93300343689287,"IV"
132,"4000",7.45689871353145,"IV"
133,"4000",5.4613424855271,"IV"
134,"4000",8.10957739225651,"IV"
135,"4000",7.92258352753298,"IV"
136,"4000",6.06230260715312,"IV"
137,"4000",8.43343940575983,"IV"
138,"4000",13.0625614631846,"IV"
139,"4000",5.30461149028188,"IV"
140,"4000",6.82950864625255,"IV"
141,"4000",9.08977209692812,"IV"
142,"4000",12.7477777718919,"IV"
143,"4000",8.90427768617857,"IV"
144,"4000",13.8008332511154,"IV"
145,"4000",8.39543373871273,"IV"
146,"4000",8.09569976373127,"IV"
147,"4000",6.42386101223542,"IV"
148,"4000",6.11446179321976,"IV"
149,"4000",7.00070024211472,"IV"
150,"4000",7.15731179468034,"IV"
151,"4000",6.7258629574592,"IV"
152,"4000",9.32645416674538,"IV"
153,"4000",8.79735333570005,"IV"
154,"4000",7.93300990006703,"IV"
155,"4000",7.85821678662223,"IV"
156,"4000",6.68888013254799,"IV"
157,"4000",8.60789047864659,"IV"
158,"4000",6.30726463231088,"IV"
159,"4000",7.50606771632565,"IV"
160,"4000",12.8921045832515,"IV"
161,"4000",9.86596726815497,"IV"
162,"4000",7.97062657337396,"IV"
163,"4000",7.25469182136978,"IV"
164,"4000",8.22796339722365,"IV"
165,"4000",5.83827150892798,"IV"
166,"4000",10.4279128419324,"IV"
167,"4000",6.89591397617527,"IV"
168,"4000",10.9623902395379,"IV"
169,"4000",10.2356834165118,"IV"
170,"4000",14.1800822851245,"IV"
171,"4000",6.44998373029908,"IV"
172,"4000",7.62497720953473,"IV"
173,"4000",5.95015181311156,"IV"
174,"4000",6.36065218446031,"IV"
175,"4000",8.3888022518497,"IV"
176,"4000",6.37449053983447,"IV"
177,"4000",8.42161379023097,"IV"
178,"4000",6.58496955321887,"IV"
179,"4000",8.01012039343051,"IV"
180,"4000",8.90783369858894,"IV"
181,"4000",7.78498008303474,"IV"
182,"4000",6.3459950820775,"IV"
183,"4000",9.91840335689189,"IV"
184,"4000",9.75868087450766,"IV"
185,"4000",9.56805221275802,"IV"
186,"4000",7.65593142646337,"IV"
187,"4000",9.54530704983489,"IV"
188,"4000",7.82179534787757,"IV"
189,"4000",5.90717870053206,"IV"
190,"4000",8.33428847868376,"IV"
191,"4000",7.08241784391877,"IV"
192,"4000",7.50406584073049,"IV"
193,"4000",6.77761353079161,"IV"
194,"4000",10.2940608972838,"IV"
195,"4000",7.38660042368444,"IV"
196,"4000",4.54379372004317,"IV"
197,"4000",7.99597367572496,"IV"
198,"4000",7.81443441133767,"IV"
199,"4000",6.5682486984111,"IV"
200,"4000",9.62530749823088,"IV"
201,"4000",8.27889953115559,"IV"
202,"4000",7.83758560394059,"IV"
203,"4000",8.34202294012239,"IV"
204,"4000",13.1076481746053,"IV"
205,"4000",7.65497013117503,"IV"
206,"4000",7.06231623432329,"IV"
207,"4000",9.33244492573114,"IV"
208,"4000",6.9584274441726,"IV"
209,"4000",6.93453520880533,"IV"
210,"4000",7.80094713309968,"IV"
211,"4000",8.34481863580579,"IV"
212,"4000",9.5188854964355,"IV"
213,"4000",5.76440706398049,"IV"
214,"4000",6.92123398765573,"IV"
215,"4000",7.56738244801323,"IV"
216,"4000",8.58484533322957,"IV"
217,"4000",6.38461314103102,"IV"
218,"4000",5.86272896243072,"IV"
219,"4000",4.84688785487,"IV"
220,"4000",8.38157100959447,"IV"
221,"4000",7.31357550653459,"IV"
222,"4000",8.47990937815914,"IV"
223,"4000",8.41997444878616,"IV"
224,"4000",6.25738213622775,"IV"
225,"4000",9.11483232802797,"IV"
226,"4000",8.72528024682595,"IV"
227,"4000",7.19343660253383,"IV"
228,"4000",8.46549963037003,"IV"
229,"4000",6.53428490671374,"IV"
230,"4000",7.10144189788183,"IV"
231,"4000",6.92895377823171,"IV"
232,"4000",7.28909071818504,"IV"
233,"4000",8.00584647284923,"IV"
234,"4000",12.0680799033009,"IV"
235,"4000",7.080737964826,"IV"
236,"4000",10.668544257613,"IV"
237,"4000",7.23603505031754,"IV"
238,"4000",10.1345862174388,"IV"
239,"4000",7.75597414127965,"IV"
240,"4000",10.6481528805916,"IV"
241,"4000",5.79626092517716,"IV"
242,"4000",7.15979774872764,"IV"
243,"4000",8.36149941817914,"IV"
244,"4000",9.13425491541187,"IV"
245,"4000",10.8238129143196,"IV"
246,"4000",7.32031965278037,"IV"
247,"4000",6.09788620896353,"IV"
248,"4000",7.77995276062525,"IV"
249,"4000",7.08102514950619,"IV"
250,"4000",6.02148370584057,"IV"
251,"4000",6.79327101026175,"IV"
252,"4000",6.49955335849593,"IV"
253,"4000",11.0383079757411,"IV"
254,"4000",9.95758670529486,"IV"
255,"4000",6.54189714370199,"IV"
256,"4000",10.0594357183732,"IV"
257,"4000",12.2600224477973,"IV"
258,"4000",7.06608194487136,"IV"
259,"4000",13.820271441045,"IV"
260,"4000",10.6525510360206,"IV"
261,"4000",7.60648035807836,"IV"
262,"4000",9.37103896230143,"IV"
263,"4000",5.82341869390422,"IV"
264,"4000",5.50963069347064,"IV"
265,"4000",6.28245149029476,"IV"
266,"4000",8.62187208590065,"IV"
267,"4000",9.42517830713494,"IV"
268,"4000",9.27955038366006,"IV"
269,"4000",6.41075327935759,"IV"
270,"4000",6.80168514971074,"IV"
271,"4000",8.23708759080291,"IV"
272,"4000",7.48570987031316,"IV"
273,"4000",8.7118245497045,"IV"
274,"4000",8.87544755831889,"IV"
275,"4000",11.0725934585459,"IV"
276,"4000",5.50741629865031,"IV"
277,"4000",13.3956128798717,"IV"
278,"4000",5.64873802026244,"IV"
279,"4000",5.21704274228037,"IV"
280,"4000",6.28815594327851,"IV"
281,"4000",6.81227128573956,"IV"
282,"4000",6.66845330167185,"IV"
283,"4000",7.10135722843837,"IV"
284,"4000",9.34360813112058,"IV"
285,"4000",8.76657768467201,"IV"
286,"4000",10.8330397272166,"IV"
287,"4000",7.49555116323432,"IV"
288,"4000",7.48916185326821,"IV"
289,"4000",12.571289596321,"IV"
290,"4000",10.4592748729705,"IV"
291,"4000",9.25130102923848,"IV"
292,"4000",5.63989916969901,"IV"
293,"4000",9.22672610092006,"IV"
294,"4000",7.35574739889076,"IV"
295,"4000",7.09494534983414,"IV"
296,"4000",7.19816040054284,"IV"
297,"4000",7.76606404526414,"IV"
298,"4000",6.86188283511284,"IV"
299,"4000",8.29942729370111,"IV"
300,"4000",8.18423085940448,"IV"
301,"4000",8.49082877443397,"IV"
302,"4000",5.63887745080062,"IV"
303,"4000",5.49581462142887,"IV"
304,"4000",7.44691576895644,"IV"
305,"4000",7.22691777964924,"IV"
306,"4000",16.3948638858235,"IV"
307,"4000",8.15891515428557,"IV"
308,"4000",7.86018264000345,"IV"
309,"4000",8.04706476645267,"IV"
310,"4000",8.48740425593985,"IV"
311,"4000",6.86241611498297,"IV"
312,"4000",7.66879157081953,"IV"
313,"4000",7.41209487636882,"IV"
314,"4000",6.51278229148296,"IV"
315,"4000",11.6736724924822,"IV"
316,"4000",8.82000853989453,"IV"
317,"4000",13.4450795458415,"IV"
318,"4000",8.51155465828936,"IV"
319,"4000",9.21189073992324,"IV"
320,"4000",6.318072844655,"IV"
321,"4000",12.0866513207538,"IV"
322,"4000",6.42514742132916,"IV"
323,"4000",7.64990308687216,"IV"
324,"4000",7.92676254384001,"IV"
325,"4000",8.91454247578145,"IV"
326,"4000",7.86094356387387,"IV"
327,"4000",8.11330508525124,"IV"
328,"4000",9.07170621203726,"IV"
329,"4000",9.17545163217398,"IV"
330,"4000",10.2224224301046,"IV"
331,"4000",10.4762709633114,"IV"
332,"4000",8.59586515367514,"IV"
333,"4000",9.72506356824813,"IV"
334,"4000",14.5334459559295,"IV"
335,"4000",12.5642712483083,"IV"
336,"4000",11.183734529161,"IV"
337,"4000",7.77492460334738,"IV"
338,"4000",6.76504964371236,"IV"
339,"4000",6.0031069704357,"IV"
340,"4000",8.97526623867085,"IV"
341,"4000",7.11777911116283,"IV"
342,"4000",8.32256496505779,"IV"
343,"4000",8.06290244993019,"IV"
344,"4000",9.8035105792694,"IV"
345,"4000",6.06669077318259,"IV"
346,"4000",7.87087119411082,"IV"
347,"4000",5.70572524875102,"IV"
348,"4000",8.33173986895985,"IV"
349,"4000",5.16056830973311,"IV"
350,"4000",8.32444763992519,"IV"
351,"4000",6.20345371886142,"IV"
352,"4000",8.9377007040035,"IV"
353,"4000",9.0367938358477,"IV"
354,"4000",15.8222241756155,"IV"
355,"4000",6.72794505931042,"IV"
356,"4000",7.36708183913717,"IV"
357,"4000",13.2541683631048,"IV"
358,"4000",12.5033752590411,"IV"
359,"4000",9.73154129929826,"IV"
360,"4000",8.48667375685029,"IV"
361,"4000",9.74198449683635,"IV"
362,"4000",7.67082721535077,"IV"
363,"4000",10.071398050037,"IV"
364,"4000",10.8196349011645,"IV"
365,"4000",7.49424372873162,"IV"
366,"4000",6.19470524923956,"IV"
367,"4000",7.77785568325893,"IV"
368,"4000",9.9061252663859,"IV"
369,"4000",5.1804735513361,"IV"
370,"4000",7.27675968898079,"IV"
371,"4000",8.68522529079743,"IV"
372,"4000",6.33414895839757,"IV"
373,"4000",6.49393995422294,"IV"
374,"4000",8.34583566380647,"IV"
375,"4000",10.3017313075272,"IV"
376,"4000",7.49565262158717,"IV"
377,"4000",6.6681665961319,"IV"
378,"4000",6.18691673099685,"IV"
379,"4000",5.45156648997332,"IV"
380,"4000",7.87416311238093,"IV"
381,"4000",7.78190645231746,"IV"
382,"4000",6.34182381124453,"IV"
383,"4000",7.25137533896064,"IV"
384,"4000",8.30007018440507,"IV"
385,"4000",14.5771478538473,"IV"
386,"4000",6.0027222098751,"IV"
387,"4000",9.66531816717131,"IV"
388,"4000",10.096407531756,"IV"
389,"4000",5.79096538004742,"IV"
390,"4000",10.0850011795704,"IV"
391,"4000",7.10652587841788,"IV"
392,"4000",10.9544704291571,"IV"
393,"4000",11.402611328292,"IV"
394,"4000",10.9777983083502,"IV"
395,"4000",5.25694452459256,"IV"
396,"4000",6.47059083126994,"IV"
397,"4000",6.39017281497969,"IV"
398,"4000",15.2814261632724,"IV"
399,"4000",5.58228215640361,"IV"
400,"4000",5.67171024227553,"IV"
401,"4000",6.80915516630266,"IV"
402,"4000",8.14153341715026,"IV"
403,"4000",7.3917005046712,"IV"
404,"4000",9.80334824269674,"IV"
405,"4000",6.38080919822516,"IV"
406,"4000",5.6233385139968,"IV"
407,"4000",13.5388106878605,"IV"
408,"4000",5.92243491108882,"IV"
409,"4000",8.03631577520841,"IV"
410,"4000",6.29697795297423,"IV"
411,"4000",9.55422722376195,"IV"
412,"4000",6.903152134994,"IV"
413,"4000",4.58298762259288,"IV"
414,"4000",9.515163851267,"IV"
415,"4000",5.51634846297683,"IV"
416,"4000",10.1070036948079,"IV"
417,"4000",8.85152635194806,"IV"
418,"4000",8.98121741412026,"IV"
419,"4000",7.15689492813529,"IV"
420,"4000",10.8977039382232,"IV"
421,"4000",5.15640607321572,"IV"
422,"4000",7.39888803912187,"IV"
423,"4000",6.95649644989179,"IV"
424,"4000",6.73636620169934,"IV"
425,"4000",6.52551268099233,"IV"
426,"4000",6.79544987492121,"IV"
427,"4000",7.33631053049421,"IV"
428,"4000",9.46393253586183,"IV"
429,"4000",6.62266169557707,"IV"
430,"4000",8.00992394020274,"IV"
431,"4000",6.99059237925876,"IV"
432,"4000",12.2650672771215,"IV"
433,"4000",8.65116590058184,"IV"
434,"4000",10.4631095878654,"IV"
435,"4000",9.31329039736382,"IV"
436,"4000",11.6795589524345,"IV"
437,"4000",9.63825250068301,"IV"
438,"4000",6.77884682134613,"IV"
439,"4000",7.16119804323,"IV"
440,"4000",8.44419351064581,"IV"
441,"4000",11.1066294723307,"IV"
442,"4000",5.98096685832149,"IV"
443,"4000",7.864706513486,"IV"
444,"4000",8.14014644510832,"IV"
445,"4000",6.91560558639409,"IV"
446,"4000",10.1456420107559,"IV"
447,"4000",6.72338316851124,"IV"
448,"4000",6.23415982929506,"IV"
449,"4000",7.19478501056443,"IV"
450,"4000",6.10388961813159,"IV"
451,"4000",7.81436337122278,"IV"
452,"4000",7.58818685789764,"IV"
453,"4000",7.38011953252446,"IV"
454,"4000",15.2058093170325,"IV"
455,"4000",11.2188069658398,"IV"
456,"4000",12.4859812860919,"IV"
457,"4000",6.13047055103821,"IV"
458,"4000",6.20822454678929,"IV"
459,"4000",7.29505759154716,"IV"
460,"4000",10.8278885811812,"IV"
461,"4000",8.36506953079538,"IV"
462,"4000",10.9424242633418,"IV"
463,"4000",7.87263843944681,"IV"
464,"4000",10.9882210402987,"IV"
465,"4000",6.34892812291371,"IV"
466,"4000",5.43054394805859,"IV"
467,"4000",8.29870499560166,"IV"
468,"4000",6.0834751118301,"IV"
469,"4000",10.9545639725429,"IV"
470,"4000",9.02314331600596,"IV"
471,"4000",5.79390784537785,"IV"
472,"4000",7.7535250848177,"IV"
473,"4000",7.21366388534677,"IV"
474,"4000",7.99969791473389,"IV"
475,"4000",7.70507195424262,"IV"
476,"4000",9.13396182618212,"IV"
477,"4000",6.30215213512554,"IV"
478,"4000",6.85485752938553,"IV"
479,"4000",6.31874105293301,"IV"
480,"4000",11.4872411646326,"IV"
481,"4000",6.24731430759463,"IV"
482,"4000",8.77905351873138,"IV"
483,"4000",8.98949427755983,"IV"
484,"4000",6.62415740332163,"IV"
485,"4000",8.21409489196706,"IV"
486,"4000",9.74504438701633,"IV"
487,"4000",7.4358767497953,"IV"
488,"4000",8.86087020565616,"IV"
489,"4000",6.96216474134736,"IV"
490,"4000",6.89046858630035,"IV"
491,"4000",9.59830897338862,"IV"
492,"4000",6.26929572246473,"IV"
493,"4000",5.42899665589061,"IV"
494,"4000",9.66293505644343,"IV"
495,"4000",7.06398959022215,"IV"
496,"4000",10.5468590901812,"IV"
497,"4000",6.19852635843866,"IV"
498,"4000",10.7370670304574,"IV"
499,"4000",6.51206287751278,"IV"
500,"4000",7.51396921092266,"IV"
501,"4000",7.14898631952445,"IV"
502,"4000",8.22195299613743,"IV"
503,"4000",13.7147596138804,"IV"
504,"4000",8.03950551407633,"IV"
505,"4000",6.72820465335368,"IV"
506,"4000",10.336152381656,"IV"
507,"4000",5.23862047076446,"IV"
508,"4000",8.42638448152741,"IV"
509,"4000",7.41640883722966,"IV"
510,"4000",9.52763544335424,"IV"
511,"4000",7.33381539001028,"IV"
512,"4000",8.64762263474051,"IV"
513,"4000",6.20917996792469,"IV"
514,"4000",8.27540450696951,"IV"
515,"4000",9.36608363933621,"IV"
516,"4000",8.72317893870133,"IV"
517,"4000",7.47803330418344,"IV"
518,"4000",11.9772943477565,"IV"
519,"4000",7.95771474683495,"IV"
520,"4000",6.57829480607482,"IV"
521,"4000",9.62621536710471,"IV"
522,"4000",10.1536006608043,"IV"
523,"4000",9.44682251723591,"IV"
524,"4000",14.2272229130641,"IV"
525,"4000",10.5513854657103,"IV"
526,"4000",9.12527363300717,"IV"
527,"4000",7.05102469450937,"IV"
528,"4000",7.18165500797642,"IV"
529,"4000",9.32339734735784,"IV"
530,"4000",6.5659347328619,"IV"
531,"4000",10.764775264654,"IV"
532,"4000",13.032121171938,"IV"
533,"4000",6.9719097747428,"IV"
534,"4000",6.79578639647285,"IV"
535,"4000",9.0238488631624,"IV"
536,"4000",7.19138771177922,"IV"
537,"4000",11.2379857577282,"IV"
538,"4000",12.4497904459823,"IV"
539,"4000",7.32457860582006,"IV"
540,"4000",9.19537877529071,"IV"
541,"4000",11.2778629664046,"IV"
542,"4000",6.18333930004117,"IV"
543,"4000",7.28590712316824,"IV"
544,"4000",7.57500166109035,"IV"
545,"4000",6.95975324278104,"IV"
546,"4000",9.11605244605703,"IV"
547,"4000",7.22471888810533,"IV"
548,"4000",6.50793608460999,"IV"
549,"4000",9.3600241422458,"IV"
550,"4000",9.33971228843292,"IV"
551,"4000",7.06375896715254,"IV"
552,"4000",6.38480487584764,"IV"
553,"4000",8.6759775658424,"IV"
554,"4000",7.88344265937205,"IV"
555,"4000",6.81069992189628,"IV"
556,"4000",9.85197820960683,"IV"
557,"4000",6.26085450993572,"IV"
558,"4000",9.58423055526263,"IV"
559,"4000",9.8486337547135,"IV"
560,"4000",6.34305530769165,"IV"
561,"4000",6.96907471610508,"IV"
562,"4000",14.4060779981997,"IV"
563,"4000",7.10294790623746,"IV"
564,"4000",7.86042888947977,"IV"
565,"4000",9.99039725763649,"IV"
566,"4000",6.55018678062915,"IV"
567,"4000",13.4617558214593,"IV"
568,"4000",11.4947925567992,"IV"
569,"4000",10.0255282608782,"IV"
570,"4000",10.3259468781458,"IV"
571,"4000",7.67153531844382,"IV"
572,"4000",8.77940613955387,"IV"
573,"4000",9.55582222097574,"IV"
574,"4000",9.99834109326673,"IV"
575,"4000",7.62780856816206,"IV"
576,"4000",6.34156494523398,"IV"
577,"4000",11.066733239208,"IV"
578,"4000",6.35373532539507,"IV"
579,"4000",5.1019373378309,"IV"
580,"4000",7.05648136231515,"IV"
581,"4000",10.8358319490391,"IV"
582,"4000",5.96255504126453,"IV"
583,"4000",9.76314717300717,"IV"
584,"4000",10.4731900297525,"IV"
585,"4000",9.46462024446571,"IV"
586,"4000",11.0292813268477,"IV"
587,"4000",5.3921563995353,"IV"
588,"4000",5.98358569657859,"IV"
589,"4000",9.16209958830417,"IV"
590,"4000",6.83438770396354,"IV"
591,"4000",9.51391818180757,"IV"
592,"4000",7.80671971079982,"IV"
593,"4000",7.0861250863257,"IV"
594,"4000",8.00489703409066,"IV"
595,"4000",8.77116611595524,"IV"
596,"4000",7.48015359952448,"IV"
597,"4000",8.78366257598642,"IV"
598,"4000",5.70000936184894,"IV"
599,"4000",8.47811733188585,"IV"
600,"4000",10.2801155063455,"IV"
601,"4000",10.0703252945603,"IV"
602,"4000",7.28044669781384,"IV"
603,"4000",10.3683678975445,"IV"
604,"4000",6.68812718858466,"IV"
605,"4000",10.5191558149955,"IV"
606,"4000",5.92534126025914,"IV"
607,"4000",7.50520245533852,"IV"
608,"4000",5.48457157748797,"IV"
609,"4000",8.52217379226052,"IV"
610,"4000",8.78321055593616,"IV"
611,"4000",11.5521902083123,"IV"
612,"4000",6.29508428291596,"IV"
613,"4000",6.34746809962967,"IV"
614,"4000",8.65503383914105,"IV"
615,"4000",10.7262769701686,"IV"
616,"4000",14.4686690585787,"IV"
617,"4000",6.55935746395019,"IV"
618,"4000",10.4952357227476,"IV"
619,"4000",8.94270889767724,"IV"
620,"4000",8.13042293372213,"IV"
621,"4000",7.96305076993323,"IV"
622,"4000",7.81588212000058,"IV"
623,"4000",7.56524999539018,"IV"
624,"4000",6.77289731772953,"IV"
625,"4000",7.58782563609354,"IV"
626,"4000",7.0300672625784,"IV"
627,"4000",12.0224811241084,"IV"
628,"4000",7.05430101028451,"IV"
629,"4000",5.8669294321085,"IV"
630,"4000",7.87609715625234,"IV"
631,"4000",6.87113882995394,"IV"
632,"4000",11.2286007385044,"IV"
633,"4000",8.86621276515334,"IV"
634,"4000",13.5284784259637,"IV"
635,"4000",9.09122893106059,"IV"
636,"4000",6.57297230721222,"IV"
637,"4000",6.62611901996718,"IV"
638,"4000",6.54193081411702,"IV"
639,"4000",7.28752442452427,"IV"
640,"4000",8.47895533148037,"IV"
641,"4000",6.97928345570979,"IV"
642,"4000",6.94661266503359,"IV"
643,"4000",6.74118641783917,"IV"
644,"4000",7.76984944971977,"IV"
645,"4000",14.3129900748582,"IV"
646,"4000",7.72279181478304,"IV"
647,"4000",6.72904233094456,"IV"
648,"4000",5.97024182307357,"IV"
649,"4000",8.22287740625593,"IV"
650,"4000",7.24606177458434,"IV"
651,"4000",15.0337431903517,"IV"
652,"4000",6.32159380628168,"IV"
653,"4000",9.30334041711891,"IV"
654,"4000",9.34044804861097,"IV"
655,"4000",8.36160698364027,"IV"
656,"4000",9.09743006963077,"IV"
657,"4000",10.2099761996814,"IV"
658,"4000",11.3010199459298,"IV"
659,"4000",9.32002322360822,"IV"
660,"4000",7.43229180803983,"IV"
661,"4000",8.77549091837035,"IV"
662,"4000",8.43685980210579,"IV"
663,"4000",12.3668723292445,"IV"
664,"4000",8.05090179439173,"IV"
665,"4000",7.95540929905075,"IV"
666,"4000",8.05302453842155,"IV"
667,"4000",9.06947410552983,"IV"
668,"4000",11.6474032829904,"IV"
669,"4000",6.49110546205593,"IV"
670,"4000",6.42217334635762,"IV"
671,"4000",6.54625895027993,"IV"
672,"4000",6.80505532356382,"IV"
673,"4000",7.65302972255508,"IV"
674,"4000",10.7723068109592,"IV"
675,"4000",19.8428948596536,"IV"
676,"4000",18.8377563538405,"IV"
677,"4000",6.65799831446041,"IV"
678,"4000",7.35996048991966,"IV"
679,"4000",11.1248470807017,"IV"
680,"4000",8.38781082267214,"IV"
681,"4000",7.83501613833813,"IV"
682,"4000",11.6796736265156,"IV"
683,"4000",9.25312669023532,"IV"
684,"4000",6.97789481447213,"IV"
685,"4000",12.3106235139621,"IV"
686,"4000",13.6599597708558,"IV"
687,"4000",10.0674858223205,"IV"
688,"4000",6.62361462688441,"IV"
689,"4000",7.14821008369654,"IV"
690,"4000",12.5268819285836,"IV"
691,"4000",11.1263474440613,"IV"
692,"4000",9.53846809510398,"IV"
693,"4000",7.83379991136602,"IV"
694,"4000",7.99627208830885,"IV"
695,"4000",8.43453396166948,"IV"
696,"4000",8.92517964226824,"IV"
697,"4000",7.74183565583704,"IV"
698,"4000",10.4892768399573,"IV"
699,"4000",10.6471661612338,"IV"
700,"4000",6.77401892695487,"IV"
701,"4000",8.75100803600732,"IV"
702,"4000",11.1156019919706,"IV"
703,"4000",8.74351364709376,"IV"
704,"4000",7.12557233322069,"IV"
705,"4000",8.99657329511833,"IV"
706,"4000",8.08018047640252,"IV"
707,"4000",12.5033700462608,"IV"
708,"4000",5.46381675178025,"IV"
709,"4000",6.6206646667122,"IV"
710,"4000",11.6899516418769,"IV"
711,"4000",6.39235047091061,"IV"
712,"4000",9.4670952773412,"IV"
713,"4000",11.9606049753515,"IV"
714,"4000",6.65312009266564,"IV"
715,"4000",10.9549344819988,"IV"
716,"4000",11.842973110148,"IV"
717,"4000",6.98398491862693,"IV"
718,"4000",9.47844235105384,"IV"
719,"4000",9.31037391840639,"IV"
720,"4000",8.21880419724473,"IV"
721,"4000",5.68637295531075,"IV"
722,"4000",8.99055513405506,"IV"
723,"4000",15.2741768458218,"IV"
724,"4000",7.72404429832302,"IV"
725,"4000",6.89522246032605,"IV"
726,"4000",7.98003302015356,"IV"
727,"4000",7.39852886930545,"IV"
728,"4000",8.70336977515465,"IV"
729,"4000",6.91397061077924,"IV"
730,"4000",7.48195240158691,"IV"
731,"4000",9.04571157279051,"IV"
732,"4000",10.5066999291383,"IV"
733,"4000",6.49378151775484,"IV"
734,"4000",10.6149410362211,"IV"
735,"4000",10.1473726753627,"IV"
736,"4000",6.31572310497166,"IV"
737,"4000",7.99306867768978,"IV"
738,"4000",5.65854693152718,"IV"
739,"4000",6.41767388701734,"IV"
740,"4000",7.03283546195717,"IV"
741,"4000",7.76648430484856,"IV"
742,"4000",7.79871387754974,"IV"
743,"4000",8.53018046031244,"IV"
744,"4000",8.84925372155978,"IV"
745,"4000",9.28219499816615,"IV"
746,"4000",7.94331294823242,"IV"
747,"4000",10.0932401897762,"IV"
748,"4000",5.75485022599295,"IV"
749,"4000",8.47746069637131,"IV"
750,"4000",9.17859760568047,"IV"
751,"4000",7.20000044635766,"IV"
752,"4000",7.82653287108563,"IV"
753,"4000",7.31228296655184,"IV"
754,"4000",6.63532447002238,"IV"
755,"4000",9.29421558153557,"IV"
756,"4000",8.17580847628122,"IV"
757,"4000",9.52532525348972,"IV"
758,"4000",6.81372542937761,"IV"
759,"4000",10.6943513666217,"IV"
760,"4000",6.73861643185311,"IV"
761,"4000",6.9526489955274,"IV"
762,"4000",5.70699848375361,"IV"
763,"4000",8.87600568644363,"IV"
764,"4000",7.09407823264443,"IV"
765,"4000",7.20740539453168,"IV"
766,"4000",7.10845714781468,"IV"
767,"4000",5.9799030379264,"IV"
768,"4000",6.93813114026128,"IV"
769,"4000",8.47467152852236,"IV"
770,"4000",6.38489551279614,"IV"
771,"4000",7.26638451042283,"IV"
772,"4000",10.1379532525418,"IV"
773,"4000",5.53554540790782,"IV"
774,"4000",6.87457210525788,"IV"
775,"4000",8.62323096035543,"IV"
776,"4000",6.23285361023687,"IV"
777,"4000",8.49669269031141,"IV"
778,"4000",6.18621677330867,"IV"
779,"4000",6.36615654241327,"IV"
780,"4000",17.2669203969194,"IV"
781,"4000",14.5517661644257,"IV"
782,"4000",8.20219085643607,"IV"
783,"4000",13.8299231448171,"IV"
784,"4000",14.1552073121974,"IV"
785,"4000",9.41066140028691,"IV"
786,"4000",12.731007848755,"IV"
787,"4000",5.87448984651013,"IV"
788,"4000",7.60996765062744,"IV"
789,"4000",6.98208898026162,"IV"
790,"4000",6.83814483544568,"IV"
791,"4000",8.4009955669208,"IV"
792,"4000",7.40308922414834,"IV"
793,"4000",7.27017626359512,"IV"
794,"4000",8.1345432020571,"IV"
795,"4000",7.9908313088506,"IV"
796,"4000",6.56236366631905,"IV"
797,"4000",6.60544558631756,"IV"
798,"4000",8.73477615388871,"IV"
799,"4000",5.80391751348206,"IV"
800,"4000",6.94100471314212,"IV"
801,"4000",9.6971470229922,"IV"
802,"4000",6.50242651979588,"IV"
803,"4000",11.4105514828788,"IV"
804,"4000",8.8869959904216,"IV"
805,"4000",7.46671756441213,"IV"
806,"4000",5.59885833103648,"IV"
807,"4000",8.92215730596592,"IV"
808,"4000",8.38364919761563,"IV"
809,"4000",7.63760850319742,"IV"
810,"4000",7.57991422841046,"IV"
811,"4000",10.3877198358079,"IV"
812,"4000",7.2063259619605,"IV"
813,"4000",5.74871236363768,"IV"
814,"4000",7.84528521500846,"IV"
815,"4000",8.8504909186325,"IV"
816,"4000",8.9096592710876,"IV"
817,"4000",5.66572879695457,"IV"
818,"4000",16.0022597441821,"IV"
819,"4000",6.12517368707252,"IV"
820,"4000",7.6219351718164,"IV"
821,"4000",7.81763164564738,"IV"
822,"4000",6.45713680781904,"IV"
823,"4000",9.48231863546275,"IV"
824,"4000",10.439919518945,"IV"
825,"4000",8.10555903029081,"IV"
826,"4000",11.104079785442,"IV"
827,"4000",6.75137357771407,"IV"
828,"4000",6.95952609381863,"IV"
829,"4000",7.92839814833135,"IV"
830,"4000",7.65960095602207,"IV"
831,"4000",7.6527380355182,"IV"
832,"4000",10.2829934026321,"IV"
833,"4000",5.82803720732296,"IV"
834,"4000",6.28897306854392,"IV"
835,"4000",9.92781886426799,"IV"
836,"4000",8.0142508319092,"IV"
837,"4000",7.14965597716818,"IV"
838,"4000",9.68670286251529,"IV"
839,"4000",8.19339637168201,"IV"
840,"4000",8.40087115102091,"IV"
841,"4000",9.006327011954,"IV"
842,"4000",6.24055912295003,"IV"
843,"4000",6.09506970477082,"IV"
844,"4000",8.80584067083318,"IV"
845,"4000",12.9385257457847,"IV"
846,"4000",10.6931901871418,"IV"
847,"4000",5.26456371735005,"IV"
848,"4000",14.1577230294136,"IV"
849,"4000",10.1605560837846,"IV"
850,"4000",9.6619089198189,"IV"
851,"4000",6.77882490260525,"IV"
852,"4000",8.09957575568494,"IV"
853,"4000",7.70329426325578,"IV"
854,"4000",8.21040717636451,"IV"
855,"4000",7.70093037223437,"IV"
856,"4000",7.33389436640182,"IV"
857,"4000",8.51352115709498,"IV"
858,"4000",6.91089711501747,"IV"
859,"4000",12.5241295531208,"IV"
860,"4000",6.58688821622592,"IV"
861,"4000",6.27411279172381,"IV"
862,"4000",6.79649953454293,"IV"
863,"4000",9.75393260798097,"IV"
864,"4000",10.9865016588063,"IV"
865,"4000",10.4009505174713,"IV"
866,"4000",8.08529553992075,"IV"
867,"4000",7.43451495505437,"IV"
868,"4000",8.30588657701642,"IV"
869,"4000",9.84960040288085,"IV"
870,"4000",9.92142428230514,"IV"
871,"4000",7.95237266006172,"IV"
872,"4000",10.0367047561612,"IV"
873,"4000",6.06334272559488,"IV"
874,"4000",6.84642412569909,"IV"
875,"4000",11.963519200214,"IV"
876,"4000",12.2409354186513,"IV"
877,"4000",6.92442774117098,"IV"
878,"4000",8.25839545442245,"IV"
879,"4000",9.46714721981817,"IV"
880,"4000",9.00400480139742,"IV"
881,"4000",13.5712521381657,"IV"
882,"4000",8.3421209645042,"IV"
883,"4000",9.13949108884628,"IV"
884,"4000",8.04655525764949,"IV"
885,"4000",8.38939942836749,"IV"
886,"4000",10.4249046118322,"IV"
887,"4000",4.74241725142015,"IV"
888,"4000",6.9766101194755,"IV"
889,"4000",8.0941726912632,"IV"
890,"4000",16.477206938851,"IV"
891,"4000",7.47340939747272,"IV"
892,"4000",8.22499736811616,"IV"
893,"4000",13.0960633257526,"IV"
894,"4000",10.6625071092969,"IV"
895,"4000",10.2779894048495,"IV"
896,"4000",6.89190256112754,"IV"
897,"4000",8.18809119826818,"IV"
898,"4000",7.39003501939379,"IV"
899,"4000",8.95765575056353,"IV"
900,"4000",9.888567818623,"IV"
901,"4000",9.17592810056104,"IV"
902,"4000",7.77004857200079,"IV"
903,"4000",10.8760813191612,"IV"
904,"4000",6.66003729985823,"IV"
905,"4000",13.7779778772406,"IV"
906,"4000",4.85708730057494,"IV"
907,"4000",7.51702489451967,"IV"
908,"4000",7.75624039176512,"IV"
909,"4000",6.22513180816091,"IV"
910,"4000",5.95135020547251,"IV"
911,"4000",12.3367878400137,"IV"
912,"4000",7.59635331537096,"IV"
913,"4000",9.68328531300777,"IV"
914,"4000",6.52495858288181,"IV"
915,"4000",6.54467546014833,"IV"
916,"4000",11.3489527702695,"IV"
917,"4000",8.81132241672802,"IV"
918,"4000",10.5177793558132,"IV"
919,"4000",8.14097606666716,"IV"
920,"4000",8.16036827981163,"IV"
921,"4000",9.10154430310076,"IV"
922,"4000",6.58175434368921,"IV"
923,"4000",7.84426335306591,"IV"
924,"4000",11.5684215560647,"IV"
925,"4000",8.48692221573073,"IV"
926,"4000",8.53973933535727,"IV"
927,"4000",6.05518319007709,"IV"
928,"4000",8.4107464605147,"IV"
929,"4000",6.77729865521253,"IV"
930,"4000",7.77656791446345,"IV"
931,"4000",10.0904325013961,"IV"
932,"4000",8.13429478236512,"IV"
933,"4000",8.19239195029111,"IV"
934,"4000",7.36302638874402,"IV"
935,"4000",8.56758800920054,"IV"
936,"4000",6.89891034356791,"IV"
937,"4000",12.337627009159,"IV"
938,"4000",5.27042316141727,"IV"
939,"4000",5.89454062165692,"IV"
940,"4000",7.24642269879269,"IV"
941,"4000",6.55181204182164,"IV"
942,"4000",7.43658195715345,"IV"
943,"4000",10.1248047640446,"IV"
944,"4000",7.62247520286101,"IV"
945,"4000",7.68347794317277,"IV"
946,"4000",11.0085884190407,"IV"
947,"4000",8.70869084596728,"IV"
948,"4000",7.61031753160702,"IV"
949,"4000",8.65119403413859,"IV"
950,"4000",6.80456454406739,"IV"
951,"4000",11.5563386209323,"IV"
952,"4000",8.76740883102988,"IV"
953,"4000",15.3067534340748,"IV"
954,"4000",5.33310841058669,"IV"
955,"4000",12.4076557642189,"IV"
956,"4000",7.44466055536553,"IV"
957,"4000",5.80021519689047,"IV"
958,"4000",7.45690423674324,"IV"
959,"4000",11.6064642444422,"IV"
960,"4000",6.84533492044149,"IV"
961,"4000",8.0803147675945,"IV"
962,"4000",7.31688522770286,"IV"
963,"4000",5.41302277841429,"IV"
964,"4000",10.083524050998,"IV"
965,"4000",11.3364358109096,"IV"
966,"4000",10.2439524101285,"IV"
967,"4000",6.63128594471747,"IV"
968,"4000",7.74677969202271,"IV"
969,"4000",7.3091070113335,"IV"
970,"4000",5.96376946232123,"IV"
971,"4000",9.77598325431842,"IV"
972,"4000",10.0139011184893,"IV"
973,"4000",7.33654390368376,"IV"
974,"4000",6.63279515018532,"IV"
975,"4000",5.73664588222556,"IV"
976,"4000",9.62696562940035,"IV"
977,"4000",7.95298565283371,"IV"
978,"4000",8.79927753609147,"IV"
979,"4000",10.5157235831019,"IV"
980,"4000",7.52631425766914,"IV"
981,"4000",7.3515140560706,"IV"
982,"4000",7.00865994816745,"IV"
983,"4000",8.33380500583872,"IV"
984,"4000",8.11436081243711,"IV"
985,"4000",7.587715503515,"IV"
986,"4000",8.12993975118755,"IV"
987,"4000",7.53695776344525,"IV"
988,"4000",9.05750256371278,"IV"
989,"4000",13.7454735143377,"IV"
990,"4000",11.0642925489419,"IV"
991,"4000",8.26294305813538,"IV"
992,"4000",7.43655754323159,"IV"
993,"4000",7.16161636930629,"IV"
994,"4000",6.6791773729546,"IV"
995,"4000",7.7142856686623,"IV"
996,"4000",7.81077158938123,"IV"
997,"4000",5.30377089079548,"IV"
998,"4000",9.49060091349597,"IV"
999,"4000",8.34535676740939,"IV"
1000,"4000",8.76632345860831,"IV"
1,"500",21.4463276836158,"Unadjusted"
2,"500",47.8314049586777,"Unadjusted"
3,"500",33.2597926267281,"Unadjusted"
4,"500",-10.0873519821521,"Unadjusted"
5,"500",169.096317280452,"Unadjusted"
6,"500",7547.9999999984,"Unadjusted"
7,"500",65.1228813559321,"Unadjusted"
8,"500",-43.5077720207254,"Unadjusted"
9,"500",64.7252747252747,"Unadjusted"
10,"500",-63.7241379310344,"Unadjusted"
11,"500",-19.7661290322581,"Unadjusted"
12,"500",15.7549668874172,"Unadjusted"
13,"500",75.6528497409328,"Unadjusted"
14,"500",42.887323943662,"Unadjusted"
15,"500",-838.666666666645,"Unadjusted"
16,"500",-23.0980392156863,"Unadjusted"
17,"500",48.1069692058347,"Unadjusted"
18,"500",-249.592592592593,"Unadjusted"
19,"500",-21.4963503649635,"Unadjusted"
20,"500",-16.8571025134143,"Unadjusted"
21,"500",-276.032258064516,"Unadjusted"
22,"500",-12.9812279151943,"Unadjusted"
23,"500",-74.4359296482412,"Unadjusted"
24,"500",-549.336448598132,"Unadjusted"
25,"500",-47.6220285261489,"Unadjusted"
26,"500",60,"Unadjusted"
27,"500",30.4701378254211,"Unadjusted"
28,"500",-48.6776859504132,"Unadjusted"
29,"500",29.0447834645669,"Unadjusted"
30,"500",59.4213592233009,"Unadjusted"
31,"500",16.013589128697,"Unadjusted"
32,"500",-145.722891566265,"Unadjusted"
33,"500",-24.9774436090225,"Unadjusted"
34,"500",47.7534992223951,"Unadjusted"
35,"500",338.545454545458,"Unadjusted"
36,"500",37.702395964691,"Unadjusted"
37,"500",-14.7327856970283,"Unadjusted"
38,"500",51.7088607594937,"Unadjusted"
39,"500",75.0000000000001,"Unadjusted"
40,"500",65.8546255506606,"Unadjusted"
41,"500",43.4314574314574,"Unadjusted"
42,"500",-90.1463414634146,"Unadjusted"
43,"500",-27.1513392857143,"Unadjusted"
44,"500",69.2204362801379,"Unadjusted"
45,"500",23.2171314741036,"Unadjusted"
46,"500",80.346256684492,"Unadjusted"
47,"500",-67.2776548672567,"Unadjusted"
48,"500",24.2745018300122,"Unadjusted"
49,"500",14.7930288461538,"Unadjusted"
50,"500",-273.323008849557,"Unadjusted"
51,"500",489.048000000004,"Unadjusted"
52,"500",158.190476190476,"Unadjusted"
53,"500",-21.3287862889122,"Unadjusted"
54,"500",18.7973676155494,"Unadjusted"
55,"500",26.025641025641,"Unadjusted"
56,"500",-16.6044492674986,"Unadjusted"
57,"500",-600.000000000006,"Unadjusted"
58,"500",-58.1688679245283,"Unadjusted"
59,"500",-11.2020503261883,"Unadjusted"
60,"500",19.0365699873896,"Unadjusted"
61,"500",-15.9391304347826,"Unadjusted"
62,"500",-22.8127222441722,"Unadjusted"
63,"500",15.0435323383085,"Unadjusted"
64,"500",-34.9976133651551,"Unadjusted"
65,"500",12.8828125,"Unadjusted"
66,"500",52.0408340573415,"Unadjusted"
67,"500",8.77727930535456,"Unadjusted"
68,"500",50.9388297872341,"Unadjusted"
69,"500",15.2777777777778,"Unadjusted"
70,"500",-12.1584058264212,"Unadjusted"
71,"500",-32.947869955157,"Unadjusted"
72,"500",28.4,"Unadjusted"
73,"500",107.068965517242,"Unadjusted"
74,"500",-20.3323150033944,"Unadjusted"
75,"500",-30.5010030090271,"Unadjusted"
76,"500",-25.1383114128129,"Unadjusted"
77,"500",21.4285714285714,"Unadjusted"
78,"500",48.744204636291,"Unadjusted"
79,"500",-238.304347826085,"Unadjusted"
80,"500",25.5709281961471,"Unadjusted"
81,"500",89.4360902255637,"Unadjusted"
82,"500",-80.882113821138,"Unadjusted"
83,"500",-46.8087091757387,"Unadjusted"
84,"500",12.0292921074044,"Unadjusted"
85,"500",-131.922746781116,"Unadjusted"
86,"500",-65.9430167597765,"Unadjusted"
87,"500",-15.5973741794311,"Unadjusted"
88,"500",-191.053333333333,"Unadjusted"
89,"500",-24.6334012219959,"Unadjusted"
90,"500",18.75,"Unadjusted"
91,"500",-16.7058011049724,"Unadjusted"
92,"500",-22.1289224952741,"Unadjusted"
93,"500",-29.4104046242775,"Unadjusted"
94,"500",18.885078776645,"Unadjusted"
95,"500",16.2952713594842,"Unadjusted"
96,"500",22.0649446494465,"Unadjusted"
97,"500",31.4416796267496,"Unadjusted"
98,"500",72.75,"Unadjusted"
99,"500",166.479224376731,"Unadjusted"
100,"500",34.5637622619735,"Unadjusted"
101,"500",21.4640883977901,"Unadjusted"
102,"500",17.2567215958369,"Unadjusted"
103,"500",-48.7292993630574,"Unadjusted"
104,"500",-19.71484375,"Unadjusted"
105,"500",-640.382978723408,"Unadjusted"
106,"500",-13.5324232081911,"Unadjusted"
107,"500",34.3655172413793,"Unadjusted"
108,"500",121.8,"Unadjusted"
109,"500",42.893063583815,"Unadjusted"
110,"500",-38.5443037974684,"Unadjusted"
111,"500",839.699999999985,"Unadjusted"
112,"500",353.571428571426,"Unadjusted"
113,"500",-93.1000000000001,"Unadjusted"
114,"500",-23.7718040621266,"Unadjusted"
115,"500",-47.3896713615024,"Unadjusted"
116,"500",-19.9384615384615,"Unadjusted"
117,"500",7.71999482669426,"Unadjusted"
118,"500",-12.4004524886878,"Unadjusted"
119,"500",-34.4216799091941,"Unadjusted"
120,"500",-125.240506329114,"Unadjusted"
121,"500",-17.0943396226415,"Unadjusted"
122,"500",-313.026315789478,"Unadjusted"
123,"500",93.813846153846,"Unadjusted"
124,"500",114.602316602316,"Unadjusted"
125,"500",19.1904918032787,"Unadjusted"
126,"500",-291.591346153847,"Unadjusted"
127,"500",-96.3701298701297,"Unadjusted"
128,"500",47.3571428571429,"Unadjusted"
129,"500",15.3723924800412,"Unadjusted"
130,"500",14.146175504458,"Unadjusted"
131,"500",142.153846153847,"Unadjusted"
132,"500",-37.5621118012422,"Unadjusted"
133,"500",-716.61904761904,"Unadjusted"
134,"500",336.000000000001,"Unadjusted"
135,"500",100.944444444444,"Unadjusted"
136,"500",-32.0775316455696,"Unadjusted"
137,"500",25.5162127107653,"Unadjusted"
138,"500",44.0137880986937,"Unadjusted"
139,"500",-630.329787234043,"Unadjusted"
140,"500",151.409999999999,"Unadjusted"
141,"500",15.3803571428571,"Unadjusted"
142,"500",-25.6285714285715,"Unadjusted"
143,"500",382.968750000002,"Unadjusted"
144,"500",-31.578947368421,"Unadjusted"
145,"500",17.0167224080267,"Unadjusted"
146,"500",-116.298076923077,"Unadjusted"
147,"500",41.9730103806229,"Unadjusted"
148,"500",-85.7142857142858,"Unadjusted"
149,"500",21.2410714285714,"Unadjusted"
150,"500",-21.9529455353835,"Unadjusted"
151,"500",21.6398121387283,"Unadjusted"
152,"500",88.9582712369597,"Unadjusted"
153,"500",-94.6193447737909,"Unadjusted"
154,"500",2015.83333333348,"Unadjusted"
155,"500",28.39896373057,"Unadjusted"
156,"500",-19.3389391979301,"Unadjusted"
157,"500",-18.9781771501926,"Unadjusted"
158,"500",-31.5825396825397,"Unadjusted"
159,"500",-14.8094027954257,"Unadjusted"
160,"500",28.5517073170732,"Unadjusted"
161,"500",244.196721311473,"Unadjusted"
162,"500",-50.9223468507334,"Unadjusted"
163,"500",-173.749279538905,"Unadjusted"
164,"500",19.0613577023499,"Unadjusted"
165,"500",44.9552352048558,"Unadjusted"
166,"500",-33.3367103694875,"Unadjusted"
167,"500",36.3906439854192,"Unadjusted"
168,"500",14.371062992126,"Unadjusted"
169,"500",50.4025423728814,"Unadjusted"
170,"500",-56.5182692307692,"Unadjusted"
171,"500",-19.247572815534,"Unadjusted"
172,"500",627.861702127672,"Unadjusted"
173,"500",-47.275596612779,"Unadjusted"
174,"500",-13.4918181818182,"Unadjusted"
175,"500",-11.8752941176471,"Unadjusted"
176,"500",-13.7514450867052,"Unadjusted"
177,"500",-65.748322147651,"Unadjusted"
178,"500",-171.630372492837,"Unadjusted"
179,"500",40.7563930013459,"Unadjusted"
180,"500",-247.354838709678,"Unadjusted"
181,"500",93.8971061093248,"Unadjusted"
182,"500",85.1760563380283,"Unadjusted"
183,"500",-12.1323170731707,"Unadjusted"
184,"500",-41.139423076923,"Unadjusted"
185,"500",-36.3280680437424,"Unadjusted"
186,"500",18.2151357949344,"Unadjusted"
187,"500",69.1517647058823,"Unadjusted"
188,"500",-27.7079726651481,"Unadjusted"
189,"500",-15.1414219474498,"Unadjusted"
190,"500",24.0781758957655,"Unadjusted"
191,"500",45.32109375,"Unadjusted"
192,"500",-14.0821753713464,"Unadjusted"
193,"500",-838.666666666645,"Unadjusted"
194,"500",12.6777408637874,"Unadjusted"
195,"500",42.0357142857143,"Unadjusted"
196,"500",-33.1477663230241,"Unadjusted"
197,"500",-28.5185185185185,"Unadjusted"
198,"500",18.5307057745188,"Unadjusted"
199,"500",-186.48012232416,"Unadjusted"
200,"500",23.7387247278383,"Unadjusted"
201,"500",50,"Unadjusted"
202,"500",26.9090909090909,"Unadjusted"
203,"500",-26.4472271914132,"Unadjusted"
204,"500",-87.2405797101449,"Unadjusted"
205,"500",754.80000000003,"Unadjusted"
206,"500",-1137.24074074073,"Unadjusted"
207,"500",18.0227272727273,"Unadjusted"
208,"500",-41.5378378378378,"Unadjusted"
209,"500",41.8289106145252,"Unadjusted"
210,"500",27.4324324324324,"Unadjusted"
211,"500",-40.283378746594,"Unadjusted"
212,"500",-215.884057971014,"Unadjusted"
213,"500",-41.139423076923,"Unadjusted"
214,"500",-57.4890995260664,"Unadjusted"
215,"500",46.7006369426752,"Unadjusted"
216,"500",46.629290617849,"Unadjusted"
217,"500",43.8224637681159,"Unadjusted"
218,"500",17.3209302325581,"Unadjusted"
219,"500",-10.9846757615399,"Unadjusted"
220,"500",113.280230326295,"Unadjusted"
221,"500",39.1746442432083,"Unadjusted"
222,"500",-15.4830769230769,"Unadjusted"
223,"500",-43.2052023121388,"Unadjusted"
224,"500",12.2104525430517,"Unadjusted"
225,"500",-19.2,"Unadjusted"
226,"500",86.6608695652175,"Unadjusted"
227,"500",-36.460358056266,"Unadjusted"
228,"500",-20.7431693989071,"Unadjusted"
229,"500",54.823315118397,"Unadjusted"
230,"500",-27.4575045207957,"Unadjusted"
231,"500",45.0511111111111,"Unadjusted"
232,"500",-23.4577897160399,"Unadjusted"
233,"500",-34.5837182448037,"Unadjusted"
234,"500",-21.3258426966292,"Unadjusted"
235,"500",44.2434782608696,"Unadjusted"
236,"500",15.4711830131446,"Unadjusted"
237,"500",-19.426250398216,"Unadjusted"
238,"500",-8.68248175182482,"Unadjusted"
239,"500",-205.387959866221,"Unadjusted"
240,"500",21,"Unadjusted"
241,"500",-36.0656136087485,"Unadjusted"
242,"500",-99.6153846153844,"Unadjusted"
243,"500",-18.4758999389872,"Unadjusted"
244,"500",-279.555555555553,"Unadjusted"
245,"500",-21.3859154929578,"Unadjusted"
246,"500",19.6634482758621,"Unadjusted"
247,"500",1109.24074074069,"Unadjusted"
248,"500",-1455.8780487805,"Unadjusted"
249,"500",12.0267423014587,"Unadjusted"
250,"500",-31.7388535031847,"Unadjusted"
251,"500",36.0477987421384,"Unadjusted"
252,"500",110.700716845878,"Unadjusted"
253,"500",34.2122562674095,"Unadjusted"
254,"500",-192.947368421052,"Unadjusted"
255,"500",-67.6666666666667,"Unadjusted"
256,"500",43.7066761363636,"Unadjusted"
257,"500",-52.0198446937014,"Unadjusted"
258,"500",18.2129411764706,"Unadjusted"
259,"500",508.800000000004,"Unadjusted"
260,"500",-125.096234309624,"Unadjusted"
261,"500",43.9552238805971,"Unadjusted"
262,"500",-30.2796780684105,"Unadjusted"
263,"500",15.8299681190223,"Unadjusted"
264,"500",-26.2362924281985,"Unadjusted"
265,"500",-443.696296296292,"Unadjusted"
266,"500",-18.84,"Unadjusted"
267,"500",-55.4837545126355,"Unadjusted"
268,"500",-82.1024590163935,"Unadjusted"
269,"500",-41.3732970027248,"Unadjusted"
270,"500",33.4847161572052,"Unadjusted"
271,"500",-16.2162162162162,"Unadjusted"
272,"500",-19.5367741935484,"Unadjusted"
273,"500",-34.2335468841002,"Unadjusted"
274,"500",-13.9795633999071,"Unadjusted"
275,"500",238.915322580645,"Unadjusted"
276,"500",92.3292496171519,"Unadjusted"
277,"500",22.223008190618,"Unadjusted"
278,"500",42.1959798994975,"Unadjusted"
279,"500",-43.1251768033946,"Unadjusted"
280,"500",-48.8222578062451,"Unadjusted"
281,"500",27.4886363636364,"Unadjusted"
282,"500",88.4314024390245,"Unadjusted"
283,"500",600.000000000006,"Unadjusted"
284,"500",-133.651685393259,"Unadjusted"
285,"500",13.6895604395604,"Unadjusted"
286,"500",88.0058479532163,"Unadjusted"
287,"500",16.1968085106383,"Unadjusted"
288,"500",-55.0467289719626,"Unadjusted"
289,"500",31.6488188976378,"Unadjusted"
290,"500",-76.6456692913387,"Unadjusted"
291,"500",-72.3546365914789,"Unadjusted"
292,"500",1956.48387096772,"Unadjusted"
293,"500",150.35162094763,"Unadjusted"
294,"500",-124.268498942918,"Unadjusted"
295,"500",-126.542553191489,"Unadjusted"
296,"500",134.785714285714,"Unadjusted"
297,"500",12.635593220339,"Unadjusted"
298,"500",100.994845360825,"Unadjusted"
299,"500",-18.094537815126,"Unadjusted"
300,"500",9.7565745111261,"Unadjusted"
301,"500",-239.183999999999,"Unadjusted"
302,"500",-16.3109656301146,"Unadjusted"
303,"500",16.5915492957746,"Unadjusted"
304,"500",56.1349862258954,"Unadjusted"
305,"500",17.1656458797327,"Unadjusted"
306,"500",-121.19381443299,"Unadjusted"
307,"500",-16.8476821192053,"Unadjusted"
308,"500",-30.0186721991701,"Unadjusted"
309,"500",-619.826086956533,"Unadjusted"
310,"500",18.0712166172107,"Unadjusted"
311,"500",34.6845637583893,"Unadjusted"
312,"500",18.014742014742,"Unadjusted"
313,"500",-24.2335378323108,"Unadjusted"
314,"500",-42.9740820734341,"Unadjusted"
315,"500",-22.5300891530461,"Unadjusted"
316,"500",-10.0485555168813,"Unadjusted"
317,"500",-53.9955357142858,"Unadjusted"
318,"500",20.659344373099,"Unadjusted"
319,"500",-224.59489051095,"Unadjusted"
320,"500",-21.841642228739,"Unadjusted"
321,"500",-67.8888888888887,"Unadjusted"
322,"500",-28.2801556420233,"Unadjusted"
323,"500",-63.5733471074381,"Unadjusted"
324,"500",-20.2640545144804,"Unadjusted"
325,"500",-10.9788519637462,"Unadjusted"
326,"500",302.375000000002,"Unadjusted"
327,"500",-12.4524312896406,"Unadjusted"
328,"500",11.8895102198226,"Unadjusted"
329,"500",-14.4726428920371,"Unadjusted"
330,"500",71.5517647058823,"Unadjusted"
331,"500",-85.0487106017195,"Unadjusted"
332,"500",22.2334801762115,"Unadjusted"
333,"500",22.3444691907944,"Unadjusted"
334,"500",50.7236180904522,"Unadjusted"
335,"500",20.78591160221,"Unadjusted"
336,"500",-137.046728971962,"Unadjusted"
337,"500",89.1849710982659,"Unadjusted"
338,"500",20.2325581395349,"Unadjusted"
339,"500",66.8918918918917,"Unadjusted"
340,"500",-84.811403508772,"Unadjusted"
341,"500",-26.35559566787,"Unadjusted"
342,"500",72.8614457831326,"Unadjusted"
343,"500",-22.8633655994043,"Unadjusted"
344,"500",-16.6607142857143,"Unadjusted"
345,"500",684.045454545431,"Unadjusted"
346,"500",-35.9146341463414,"Unadjusted"
347,"500",97.3333333333335,"Unadjusted"
348,"500",-48.2278582930756,"Unadjusted"
349,"500",19.9192587690271,"Unadjusted"
350,"500",185.681818181817,"Unadjusted"
351,"500",-89.5231481481483,"Unadjusted"
352,"500",207.243243243243,"Unadjusted"
353,"500",-123.161825726142,"Unadjusted"
354,"500",88.9582712369597,"Unadjusted"
355,"500",-51.6925675675677,"Unadjusted"
356,"500",-16.4949381327334,"Unadjusted"
357,"500",19.8580968280467,"Unadjusted"
358,"500",8.20473278383409,"Unadjusted"
359,"500",125.930379746836,"Unadjusted"
360,"500",257.93670886076,"Unadjusted"
361,"500",163.148936170213,"Unadjusted"
362,"500",-201.297297297296,"Unadjusted"
363,"500",-15.6469321851453,"Unadjusted"
364,"500",-65.5442329227324,"Unadjusted"
365,"500",38.2524999999999,"Unadjusted"
366,"500",96.6666666666665,"Unadjusted"
367,"500",22.7962529274005,"Unadjusted"
368,"500",-15.4844573234984,"Unadjusted"
369,"500",10.9219858156028,"Unadjusted"
370,"500",160.472295514512,"Unadjusted"
371,"500",23.5108695652174,"Unadjusted"
372,"500",-28.5081813931744,"Unadjusted"
373,"500",-49.6310679611651,"Unadjusted"
374,"500",-30.9765625,"Unadjusted"
375,"500",-96.7692307692306,"Unadjusted"
376,"500",-427.85,"Unadjusted"
377,"500",33.2982456140351,"Unadjusted"
378,"500",8.81572052401747,"Unadjusted"
379,"500",-9.96040268456376,"Unadjusted"
380,"500",-16.6007773459189,"Unadjusted"
381,"500",-55.7932330827068,"Unadjusted"
382,"500",-13.7044649184975,"Unadjusted"
383,"500",12.9153094462541,"Unadjusted"
384,"500",29.5762795275591,"Unadjusted"
385,"500",-59.2892156862746,"Unadjusted"
386,"500",26.0869565217391,"Unadjusted"
387,"500",-18.1531966224367,"Unadjusted"
388,"500",21.3218930635838,"Unadjusted"
389,"500",10.2020185029436,"Unadjusted"
390,"500",-111.3,"Unadjusted"
391,"500",17.5686335403727,"Unadjusted"
392,"500",-99.9999999999999,"Unadjusted"
393,"500",105.512195121951,"Unadjusted"
394,"500",56.6567164179104,"Unadjusted"
395,"500",120,"Unadjusted"
396,"500",-28.0568019093079,"Unadjusted"
397,"500",-28.4878048780488,"Unadjusted"
398,"500",50.9388297872341,"Unadjusted"
399,"500",27.7661365762395,"Unadjusted"
400,"500",-41.2201646090535,"Unadjusted"
401,"500",21.5776462395543,"Unadjusted"
402,"500",-27.0055248618784,"Unadjusted"
403,"500",-17.3011363636364,"Unadjusted"
404,"500",-38.3773946360153,"Unadjusted"
405,"500",-17.9953022236141,"Unadjusted"
406,"500",-93.1000000000001,"Unadjusted"
407,"500",55.2694444444444,"Unadjusted"
408,"500",19.3538461538462,"Unadjusted"
409,"500",26.578856152513,"Unadjusted"
410,"500",13.4242492155984,"Unadjusted"
411,"500",-20.3518455807653,"Unadjusted"
412,"500",32.6256051640667,"Unadjusted"
413,"500",-146.969072164949,"Unadjusted"
414,"500",19.8604269293925,"Unadjusted"
415,"500",-14.6933867735471,"Unadjusted"
416,"500",22.7234446130501,"Unadjusted"
417,"500",-40.0566801619433,"Unadjusted"
418,"500",-108.091726618705,"Unadjusted"
419,"500",64.2529601722284,"Unadjusted"
420,"500",35.0331753554502,"Unadjusted"
421,"500",199.277777777777,"Unadjusted"
422,"500",27.1797752808989,"Unadjusted"
423,"500",11.5710116731517,"Unadjusted"
424,"500",22.7217391304348,"Unadjusted"
425,"500",122.349593495934,"Unadjusted"
426,"500",19.6029173419773,"Unadjusted"
427,"500",199.250847457627,"Unadjusted"
428,"500",-110.727272727273,"Unadjusted"
429,"500",24.5904255319149,"Unadjusted"
430,"500",-10.4986760812004,"Unadjusted"
431,"500",-82.2789115646257,"Unadjusted"
432,"500",-62.9852786540483,"Unadjusted"
433,"500",56.296052631579,"Unadjusted"
434,"500",48.3499597747384,"Unadjusted"
435,"500",167.84985835694,"Unadjusted"
436,"500",-60.4602040816328,"Unadjusted"
437,"500",-116.208494208494,"Unadjusted"
438,"500",41.8060109289617,"Unadjusted"
439,"500",-10.1452324397693,"Unadjusted"
440,"500",128.076923076924,"Unadjusted"
441,"500",116.918918918918,"Unadjusted"
442,"500",-46.6382470119522,"Unadjusted"
443,"500",84.3238636363635,"Unadjusted"
444,"500",110.883763837639,"Unadjusted"
445,"500",19.7324080051646,"Unadjusted"
446,"500",33.3400765445599,"Unadjusted"
447,"500",68.4484304932736,"Unadjusted"
448,"500",259.982608695652,"Unadjusted"
449,"500",814.743243243244,"Unadjusted"
450,"500",-45.6932515337423,"Unadjusted"
451,"500",-69.3936651583711,"Unadjusted"
452,"500",34.3654618473895,"Unadjusted"
453,"500",323.022222222223,"Unadjusted"
454,"500",-33.7427925381571,"Unadjusted"
455,"500",-37.9565217391305,"Unadjusted"
456,"500",-13.9941176470588,"Unadjusted"
457,"500",44.8165548098435,"Unadjusted"
458,"500",-517.173913043485,"Unadjusted"
459,"500",-28.8663484486874,"Unadjusted"
460,"500",-1038.28571428574,"Unadjusted"
461,"500",33.644128113879,"Unadjusted"
462,"500",11.6286158027567,"Unadjusted"
463,"500",76.5052631578945,"Unadjusted"
464,"500",47.9959935897436,"Unadjusted"
465,"500",28.0032512772875,"Unadjusted"
466,"500",17.6470588235294,"Unadjusted"
467,"500",17.9070254110613,"Unadjusted"
468,"500",241.899999999998,"Unadjusted"
469,"500",108.155555555555,"Unadjusted"
470,"500",-54.7582417582418,"Unadjusted"
471,"500",-14.9087591240876,"Unadjusted"
472,"500",40.0430107526882,"Unadjusted"
473,"500",920.28358208953,"Unadjusted"
474,"500",18.5172413793103,"Unadjusted"
475,"500",37.7913846153846,"Unadjusted"
476,"500",-110.330935251798,"Unadjusted"
477,"500",-15.9373513084853,"Unadjusted"
478,"500",52.26,"Unadjusted"
479,"500",77.5020134228189,"Unadjusted"
480,"500",-16.2617647058824,"Unadjusted"
481,"500",-40.744709897611,"Unadjusted"
482,"500",-465.499999999993,"Unadjusted"
483,"500",-19.7920133111481,"Unadjusted"
484,"500",-22.054932735426,"Unadjusted"
485,"500",-69.4084507042254,"Unadjusted"
486,"500",17.1428571428571,"Unadjusted"
487,"500",-599.999999999986,"Unadjusted"
488,"500",-41.4086538461538,"Unadjusted"
489,"500",-15.86,"Unadjusted"
490,"500",-10.9916515426497,"Unadjusted"
491,"500",23.0980392156863,"Unadjusted"
492,"500",14.2100024277737,"Unadjusted"
493,"500",15.7763371150729,"Unadjusted"
494,"500",26.1952461799661,"Unadjusted"
495,"500",-62.4080996884735,"Unadjusted"
496,"500",23.6011904761905,"Unadjusted"
497,"500",181.195718654433,"Unadjusted"
498,"500",-185.681818181819,"Unadjusted"
499,"500",24.28125,"Unadjusted"
500,"500",-65.2885032537962,"Unadjusted"
501,"500",183.3,"Unadjusted"
502,"500",-67.2,"Unadjusted"
503,"500",35.3877182420228,"Unadjusted"
504,"500",86.0600600600598,"Unadjusted"
505,"500",47.5959677419354,"Unadjusted"
506,"500",-162.429729729729,"Unadjusted"
507,"500",75.3098236775818,"Unadjusted"
508,"500",86.7657142857144,"Unadjusted"
509,"500",-46.5245518316446,"Unadjusted"
510,"500",-14.1906708343352,"Unadjusted"
511,"500",22.025974025974,"Unadjusted"
512,"500",1109.24074074069,"Unadjusted"
513,"500",-488.800000000003,"Unadjusted"
514,"500",-23.6435294117647,"Unadjusted"
515,"500",23.8939024390244,"Unadjusted"
516,"500",29.0166984732825,"Unadjusted"
517,"500",10.9790310918294,"Unadjusted"
518,"500",63.2192066805845,"Unadjusted"
519,"500",-26.9698046181172,"Unadjusted"
520,"500",-21.6233766233766,"Unadjusted"
521,"500",-11.1451346893898,"Unadjusted"
522,"500",-72.7941176470589,"Unadjusted"
523,"500",150,"Unadjusted"
524,"500",8.4113365990203,"Unadjusted"
525,"500",227.828244274808,"Unadjusted"
526,"500",19.8705059920107,"Unadjusted"
527,"500",20.6896551724138,"Unadjusted"
528,"500",-43.5666189111748,"Unadjusted"
529,"500",-184.650306748465,"Unadjusted"
530,"500",-190.192429022082,"Unadjusted"
531,"500",-15.9116022099448,"Unadjusted"
532,"500",-43.3531093638313,"Unadjusted"
533,"500",50.3958333333333,"Unadjusted"
534,"500",22.8783682634731,"Unadjusted"
535,"500",82.3647540983606,"Unadjusted"
536,"500",38.5326633165829,"Unadjusted"
537,"500",100.271523178808,"Unadjusted"
538,"500",-26.5,"Unadjusted"
539,"500",280.018867924529,"Unadjusted"
540,"500",29.4923076923077,"Unadjusted"
541,"500",3526.00000000006,"Unadjusted"
542,"500",-84.48,"Unadjusted"
543,"500",-36.4127659574468,"Unadjusted"
544,"500",51.9855072463768,"Unadjusted"
545,"500",-43.8976848394324,"Unadjusted"
546,"500",37.8831980012492,"Unadjusted"
547,"500",-54.3202846975089,"Unadjusted"
548,"500",133.651685393259,"Unadjusted"
549,"500",-34.7226107226107,"Unadjusted"
550,"500",-739.200000000014,"Unadjusted"
551,"500",-51.6803852889666,"Unadjusted"
552,"500",35.1923076923077,"Unadjusted"
553,"500",-18.7743809232651,"Unadjusted"
554,"500",-26.1629116117851,"Unadjusted"
555,"500",-21.6640316205533,"Unadjusted"
556,"500",91.6500000000002,"Unadjusted"
557,"500",39.1014964216005,"Unadjusted"
558,"500",21.9032967032967,"Unadjusted"
559,"500",25.8493150684932,"Unadjusted"
560,"500",32.2717864923748,"Unadjusted"
561,"500",39.9581151832461,"Unadjusted"
562,"500",-19.8131212723658,"Unadjusted"
563,"500",28.1835501858736,"Unadjusted"
564,"500",23.6046511627907,"Unadjusted"
565,"500",-30.8516427104722,"Unadjusted"
566,"500",-200,"Unadjusted"
567,"500",19.4453376205788,"Unadjusted"
568,"500",-48.0344827586207,"Unadjusted"
569,"500",62.9159751037343,"Unadjusted"
570,"500",54.5454545454544,"Unadjusted"
571,"500",11.3375486381323,"Unadjusted"
572,"500",-86.7586206896552,"Unadjusted"
573,"500",56.1050049067713,"Unadjusted"
574,"500",16.0243445692884,"Unadjusted"
575,"500",-39.254735467015,"Unadjusted"
576,"500",-30.4969696969697,"Unadjusted"
577,"500",14.5174572598122,"Unadjusted"
578,"500",-15.6665812403895,"Unadjusted"
579,"500",-67.4027149321266,"Unadjusted"
580,"500",-20.164402173913,"Unadjusted"
581,"500",-23.5079051383399,"Unadjusted"
582,"500",141.504672897197,"Unadjusted"
583,"500",-360.000000000001,"Unadjusted"
584,"500",11.5383423702556,"Unadjusted"
585,"500",-32.4114441416894,"Unadjusted"
586,"500",37.6647361647362,"Unadjusted"
587,"500",16.4111261872456,"Unadjusted"
588,"500",-27.4972677595628,"Unadjusted"
589,"500",106.20390070922,"Unadjusted"
590,"500",-35.3654970760234,"Unadjusted"
591,"500",22.7437858508604,"Unadjusted"
592,"500",23.9620872401141,"Unadjusted"
593,"500",-32.635866593767,"Unadjusted"
594,"500",26.5824175824176,"Unadjusted"
595,"500",-200,"Unadjusted"
596,"500",36.6763285024154,"Unadjusted"
597,"500",48.823151125402,"Unadjusted"
598,"500",15.2177419354839,"Unadjusted"
599,"500",72,"Unadjusted"
600,"500",340.335227272729,"Unadjusted"
601,"500",51.8165057067603,"Unadjusted"
602,"500",-9.10713187826622,"Unadjusted"
603,"500",-60.0889830508473,"Unadjusted"
604,"500",95.5207667731632,"Unadjusted"
605,"500",35.7458432304038,"Unadjusted"
606,"500",-50.9793103448277,"Unadjusted"
607,"500",16.7316798196167,"Unadjusted"
608,"500",44.0673499267936,"Unadjusted"
609,"500",-57.4731385485391,"Unadjusted"
610,"500",-19.8949694085656,"Unadjusted"
611,"500",12.2448979591837,"Unadjusted"
612,"500",161.25,"Unadjusted"
613,"500",-74.6014760147601,"Unadjusted"
614,"500",-15.6504981646565,"Unadjusted"
615,"500",24.5497553017945,"Unadjusted"
616,"500",-96.4394904458599,"Unadjusted"
617,"500",21.4482390608324,"Unadjusted"
618,"500",36.4185628742515,"Unadjusted"
619,"500",304.000000000002,"Unadjusted"
620,"500",96.9066666666668,"Unadjusted"
621,"500",34.4225352112676,"Unadjusted"
622,"500",-100.084158415841,"Unadjusted"
623,"500",-24.9182415776499,"Unadjusted"
624,"500",-18.8936170212766,"Unadjusted"
625,"500",-28.8813559322034,"Unadjusted"
626,"500",15.4823621635746,"Unadjusted"
627,"500",-586.235294117639,"Unadjusted"
628,"500",-70.7047058823532,"Unadjusted"
629,"500",81.9450402144771,"Unadjusted"
630,"500",-32.1694915254237,"Unadjusted"
631,"500",-14.0926739080194,"Unadjusted"
632,"500",36.97542997543,"Unadjusted"
633,"500",-21.8256880733945,"Unadjusted"
634,"500",299.999999999998,"Unadjusted"
635,"500",42.2295081967214,"Unadjusted"
636,"500",133.651685393259,"Unadjusted"
637,"500",-26.9469026548672,"Unadjusted"
638,"500",-11.4103773584906,"Unadjusted"
639,"500",-535.888888888886,"Unadjusted"
640,"500",48.7176079734219,"Unadjusted"
641,"500",-44.4525547445256,"Unadjusted"
642,"500",-24.2335378323108,"Unadjusted"
643,"500",177.867647058822,"Unadjusted"
644,"500",-30.3841463414634,"Unadjusted"
645,"500",-22.5135542168675,"Unadjusted"
646,"500",-48.0589622641509,"Unadjusted"
647,"500",746.137499999998,"Unadjusted"
648,"500",-83.4137931034484,"Unadjusted"
649,"500",299.265306122449,"Unadjusted"
650,"500",-29.8295341922696,"Unadjusted"
651,"500",-18.8203853325047,"Unadjusted"
652,"500",-84.084985835694,"Unadjusted"
653,"500",268.777777777775,"Unadjusted"
654,"500",-31.3917525773196,"Unadjusted"
655,"500",89.047619047619,"Unadjusted"
656,"500",-13.4497816593887,"Unadjusted"
657,"500",-98.0390879478827,"Unadjusted"
658,"500",-1099.54545454543,"Unadjusted"
659,"500",-9.50651828298887,"Unadjusted"
660,"500",-39.0923694779117,"Unadjusted"
661,"500",-19.6175710594315,"Unadjusted"
662,"500",132.376651982379,"Unadjusted"
663,"500",-27.963167587477,"Unadjusted"
664,"500",166.38611111111,"Unadjusted"
665,"500",-60.2539682539682,"Unadjusted"
666,"500",-108.705882352941,"Unadjusted"
667,"500",-8.79497334348819,"Unadjusted"
668,"500",-34.0645161290323,"Unadjusted"
669,"500",-13.9805825242718,"Unadjusted"
670,"500",-38.2264516129032,"Unadjusted"
671,"500",19.8613333333333,"Unadjusted"
672,"500",19.1219512195122,"Unadjusted"
673,"500",82.8972972972972,"Unadjusted"
674,"500",171.140000000001,"Unadjusted"
675,"500",-11.3769201228879,"Unadjusted"
676,"500",-33.5167037861916,"Unadjusted"
677,"500",21.6002091321018,"Unadjusted"
678,"500",-56.9897196261681,"Unadjusted"
679,"500",-9.37160815575655,"Unadjusted"
680,"500",15.7582331416623,"Unadjusted"
681,"500",84.9194244604318,"Unadjusted"
682,"500",-7.51924619085806,"Unadjusted"
683,"500",18.5605311920939,"Unadjusted"
684,"500",-34.5571428571429,"Unadjusted"
685,"500",62.5959183673469,"Unadjusted"
686,"500",23.9162406606371,"Unadjusted"
687,"500",-19.8236636245111,"Unadjusted"
688,"500",-16.4265505984766,"Unadjusted"
689,"500",-77.7354430379745,"Unadjusted"
690,"500",-18.5141552511415,"Unadjusted"
691,"500",16.6393442622951,"Unadjusted"
692,"500",35.721723518851,"Unadjusted"
693,"500",20.6089125374127,"Unadjusted"
694,"500",19.6937086092715,"Unadjusted"
695,"500",-17.8669212690952,"Unadjusted"
696,"500",-11.9227180527383,"Unadjusted"
697,"500",24.3076923076923,"Unadjusted"
698,"500",25.6195372750643,"Unadjusted"
699,"500",-8.65781976308292,"Unadjusted"
700,"500",54.0613333333334,"Unadjusted"
701,"500",-25.8857142857143,"Unadjusted"
702,"500",-47.3032258064516,"Unadjusted"
703,"500",16.3843222645618,"Unadjusted"
704,"500",-18.3333333333333,"Unadjusted"
705,"500",-15.6782752902156,"Unadjusted"
706,"500",16.3974082073434,"Unadjusted"
707,"500",87.0131195335274,"Unadjusted"
708,"500",38.2313479623825,"Unadjusted"
709,"500",-572.179245283021,"Unadjusted"
710,"500",48.313725490196,"Unadjusted"
711,"500",24,"Unadjusted"
712,"500",89.5925925925927,"Unadjusted"
713,"500",-34.9423076923077,"Unadjusted"
714,"500",-16.4106849315068,"Unadjusted"
715,"500",-67.5760368663592,"Unadjusted"
716,"500",10.0189048239896,"Unadjusted"
717,"500",-89.4525547445251,"Unadjusted"
718,"500",-22.7862993298585,"Unadjusted"
719,"500",148.862745098039,"Unadjusted"
720,"500",-85.27374301676,"Unadjusted"
721,"500",-235.673076923077,"Unadjusted"
722,"500",-21.7964008468596,"Unadjusted"
723,"500",21.8287472845764,"Unadjusted"
724,"500",57.1444444444445,"Unadjusted"
725,"500",-16.0686015831135,"Unadjusted"
726,"500",57.9610894941634,"Unadjusted"
727,"500",101.667774086379,"Unadjusted"
728,"500",29.3567279767667,"Unadjusted"
729,"500",52.2218430034128,"Unadjusted"
730,"500",-14.3149184149184,"Unadjusted"
731,"500",94.3499999999998,"Unadjusted"
732,"500",-111,"Unadjusted"
733,"500",-21.9816753926702,"Unadjusted"
734,"500",49.5121951219512,"Unadjusted"
735,"500",91.4552238805973,"Unadjusted"
736,"500",-44.9953775038521,"Unadjusted"
737,"500",-15.0875912408759,"Unadjusted"
738,"500",23.2707847707848,"Unadjusted"
739,"500",-361.28658536586,"Unadjusted"
740,"500",51.1764705882352,"Unadjusted"
741,"500",-20.3518455807653,"Unadjusted"
742,"500",-27.6295620437956,"Unadjusted"
743,"500",-2330.99999999984,"Unadjusted"
744,"500",-22.8638059701493,"Unadjusted"
745,"500",67.2933333333332,"Unadjusted"
746,"500",-21.657466383581,"Unadjusted"
747,"500",30.1981132075471,"Unadjusted"
748,"500",21.7252252252252,"Unadjusted"
749,"500",15.3870967741935,"Unadjusted"
750,"500",-353.11627906977,"Unadjusted"
751,"500",1030.83050847462,"Unadjusted"
752,"500",-3044.9999999998,"Unadjusted"
753,"500",41.7171428571429,"Unadjusted"
754,"500",-22.3270925110132,"Unadjusted"
755,"500",13.7287173666288,"Unadjusted"
756,"500",-36.0089874176153,"Unadjusted"
757,"500",21.7566765578635,"Unadjusted"
758,"500",15.9602984279243,"Unadjusted"
759,"500",78.639614855571,"Unadjusted"
760,"500",-556.400000000004,"Unadjusted"
761,"500",-15.569689119171,"Unadjusted"
762,"500",-72.0036188178529,"Unadjusted"
763,"500",-258.185344827587,"Unadjusted"
764,"500",58.3775100401606,"Unadjusted"
765,"500",-65.7101293103448,"Unadjusted"
766,"500",93.416666666667,"Unadjusted"
767,"500",-30.2305358948433,"Unadjusted"
768,"500",81.7983193277313,"Unadjusted"
769,"500",-12.9172685489166,"Unadjusted"
770,"500",-54.6406810035844,"Unadjusted"
771,"500",60.2970297029703,"Unadjusted"
772,"500",70.4694117647058,"Unadjusted"
773,"500",14.223815309842,"Unadjusted"
774,"500",17.1820231051,"Unadjusted"
775,"500",258.402597402598,"Unadjusted"
776,"500",69.2837209302327,"Unadjusted"
777,"500",33.460773480663,"Unadjusted"
778,"500",29.1725452812202,"Unadjusted"
779,"500",-57.7061657032754,"Unadjusted"
780,"500",13.953488372093,"Unadjusted"
781,"500",-74.7450000000001,"Unadjusted"
782,"500",96.0307941653163,"Unadjusted"
783,"500",12.3739495798319,"Unadjusted"
784,"500",44.3495508982036,"Unadjusted"
785,"500",26.3819569120287,"Unadjusted"
786,"500",-90.3809523809526,"Unadjusted"
787,"500",17.9984811664642,"Unadjusted"
788,"500",-9.78733031674208,"Unadjusted"
789,"500",-1160.22000000003,"Unadjusted"
790,"500",-1442,"Unadjusted"
791,"500",23.0087253414264,"Unadjusted"
792,"500",-48.3,"Unadjusted"
793,"500",-150.569620253165,"Unadjusted"
794,"500",-21.2719723183391,"Unadjusted"
795,"500",394.058823529414,"Unadjusted"
796,"500",22.6494998147462,"Unadjusted"
797,"500",-26.1231101511879,"Unadjusted"
798,"500",155.948186528496,"Unadjusted"
799,"500",-17.5558518518518,"Unadjusted"
800,"500",-14.185873605948,"Unadjusted"
801,"500",34.5794016110472,"Unadjusted"
802,"500",-114.007575757575,"Unadjusted"
803,"500",-12.4299896587384,"Unadjusted"
804,"500",41.3763966480447,"Unadjusted"
805,"500",39.5294117647059,"Unadjusted"
806,"500",-985.229508196695,"Unadjusted"
807,"500",41.3953006219765,"Unadjusted"
808,"500",-725.94047619047,"Unadjusted"
809,"500",-7.55916125811283,"Unadjusted"
810,"500",-235.123015873018,"Unadjusted"
811,"500",431.294117647059,"Unadjusted"
812,"500",32.3708609271523,"Unadjusted"
813,"500",34.5693606755127,"Unadjusted"
814,"500",14.5630784218217,"Unadjusted"
815,"500",-23.4498084291188,"Unadjusted"
816,"500",-357.491228070177,"Unadjusted"
817,"500",257.288793103446,"Unadjusted"
818,"500",-32.4923076923077,"Unadjusted"
819,"500",-36.9214659685863,"Unadjusted"
820,"500",55.8430656934306,"Unadjusted"
821,"500",-29.536889332004,"Unadjusted"
822,"500",-156.536082474228,"Unadjusted"
823,"500",-169.023255813953,"Unadjusted"
824,"500",-65.2885032537962,"Unadjusted"
825,"500",18.3989962358846,"Unadjusted"
826,"500",-13.1074090311267,"Unadjusted"
827,"500",37.4081632653061,"Unadjusted"
828,"500",414.475862068973,"Unadjusted"
829,"500",34.4323243860651,"Unadjusted"
830,"500",-21.7609970674487,"Unadjusted"
831,"500",-74.6848635235734,"Unadjusted"
832,"500",16.3251336898396,"Unadjusted"
833,"500",35.4043191361728,"Unadjusted"
834,"500",-22.8928024502297,"Unadjusted"
835,"500",-21.8150289017341,"Unadjusted"
836,"500",-25.9077393965894,"Unadjusted"
837,"500",59.7546798029558,"Unadjusted"
838,"500",19.8855737704918,"Unadjusted"
839,"500",19.4666666666667,"Unadjusted"
840,"500",-16.8587109484942,"Unadjusted"
841,"500",15.4493927125506,"Unadjusted"
842,"500",19.3548387096774,"Unadjusted"
843,"500",-196.636363636364,"Unadjusted"
844,"500",29.0132890365449,"Unadjusted"
845,"500",-34.6865756541524,"Unadjusted"
846,"500",62.9659936238044,"Unadjusted"
847,"500",12.164032026278,"Unadjusted"
848,"500",11.6503428011753,"Unadjusted"
849,"500",40.6204986149585,"Unadjusted"
850,"500",83.1965811965813,"Unadjusted"
851,"500",-29.8238636363636,"Unadjusted"
852,"500",-69.8086642599277,"Unadjusted"
853,"500",-45.4007633587787,"Unadjusted"
854,"500",16.204909284952,"Unadjusted"
855,"500",12.5226302305722,"Unadjusted"
856,"500",83.3181818181816,"Unadjusted"
857,"500",-79.4041666666667,"Unadjusted"
858,"500",-13.2391304347826,"Unadjusted"
859,"500",27.0570135746606,"Unadjusted"
860,"500",-663.681818181804,"Unadjusted"
861,"500",-18.6778846153846,"Unadjusted"
862,"500",44.7327327327328,"Unadjusted"
863,"500",36.4736842105263,"Unadjusted"
864,"500",27.3589743589743,"Unadjusted"
865,"500",364.236363636364,"Unadjusted"
866,"500",-11.9513196480938,"Unadjusted"
867,"500",-49.4130794701986,"Unadjusted"
868,"500",-147.385185185186,"Unadjusted"
869,"500",35.2212543554007,"Unadjusted"
870,"500",-19.1062210456651,"Unadjusted"
871,"500",-80.1315789473685,"Unadjusted"
872,"500",38.4909560723515,"Unadjusted"
873,"500",-36.6397058823529,"Unadjusted"
874,"500",40.6,"Unadjusted"
875,"500",54.4225352112676,"Unadjusted"
876,"500",-72.8765133171914,"Unadjusted"
877,"500",-21.0057803468208,"Unadjusted"
878,"500",79.0224274406331,"Unadjusted"
879,"500",-493.495726495727,"Unadjusted"
880,"500",-37.9896373056995,"Unadjusted"
881,"500",25.871186440678,"Unadjusted"
882,"500",-38.4000000000001,"Unadjusted"
883,"500",26.3885941644562,"Unadjusted"
884,"500",52.4882096069869,"Unadjusted"
885,"500",15.2978227060653,"Unadjusted"
886,"500",-452.204545454545,"Unadjusted"
887,"500",-147.25,"Unadjusted"
888,"500",-18.2325581395349,"Unadjusted"
889,"500",35,"Unadjusted"
890,"500",21.6823529411765,"Unadjusted"
891,"500",-45.4477611940298,"Unadjusted"
892,"500",-32.2097716409984,"Unadjusted"
893,"500",-13.0021468441391,"Unadjusted"
894,"500",-41.4239280774551,"Unadjusted"
895,"500",-147.385185185186,"Unadjusted"
896,"500",-56.211320754717,"Unadjusted"
897,"500",-46.65,"Unadjusted"
898,"500",-20.8,"Unadjusted"
899,"500",-31.9430379746836,"Unadjusted"
900,"500",8.97882352941177,"Unadjusted"
901,"500",-234.711382113823,"Unadjusted"
902,"500",-20.3185929648241,"Unadjusted"
903,"500",19.0689206762028,"Unadjusted"
904,"500",47.8971061093249,"Unadjusted"
905,"500",11.4074074074074,"Unadjusted"
906,"500",-18.1062874251497,"Unadjusted"
907,"500",34.3998868778281,"Unadjusted"
908,"500",118.560574948665,"Unadjusted"
909,"500",-138.055813953489,"Unadjusted"
910,"500",23.8823529411765,"Unadjusted"
911,"500",43.460235640648,"Unadjusted"
912,"500",23.8041401273885,"Unadjusted"
913,"500",-209.666666666666,"Unadjusted"
914,"500",-17.2067039106145,"Unadjusted"
915,"500",8.5658700087438,"Unadjusted"
916,"500",-18.0294292508918,"Unadjusted"
917,"500",16.9129588431591,"Unadjusted"
918,"500",193.683544303797,"Unadjusted"
919,"500",-167.733333333332,"Unadjusted"
920,"500",-40.2794017675052,"Unadjusted"
921,"500",34.8368753589891,"Unadjusted"
922,"500",-37.8524999999999,"Unadjusted"
923,"500",102.915517241379,"Unadjusted"
924,"500",-37.8240740740741,"Unadjusted"
925,"500",-23.0769230769231,"Unadjusted"
926,"500",31.7724324324324,"Unadjusted"
927,"500",-137.220689655172,"Unadjusted"
928,"500",-44.9933234421366,"Unadjusted"
929,"500",-8.51156069364162,"Unadjusted"
930,"500",12.9574468085106,"Unadjusted"
931,"500",-19.0761146496815,"Unadjusted"
932,"500",-38.7876275510204,"Unadjusted"
933,"500",45.8558282208589,"Unadjusted"
934,"500",-12.3196457326892,"Unadjusted"
935,"500",24.7697841726619,"Unadjusted"
936,"500",-46,"Unadjusted"
937,"500",140.528604118994,"Unadjusted"
938,"500",23.0980392156863,"Unadjusted"
939,"500",15.680981595092,"Unadjusted"
940,"500",22.5115931189229,"Unadjusted"
941,"500",37.0440251572327,"Unadjusted"
942,"500",31.6999468932554,"Unadjusted"
943,"500",176.806451612903,"Unadjusted"
944,"500",121.8,"Unadjusted"
945,"500",-21.7906626506024,"Unadjusted"
946,"500",26.2181818181818,"Unadjusted"
947,"500",-39.2351421188631,"Unadjusted"
948,"500",-7.406600249066,"Unadjusted"
949,"500",12.2485101311085,"Unadjusted"
950,"500",-19.6029173419773,"Unadjusted"
951,"500",34.1220657276996,"Unadjusted"
952,"500",2176.9999999998,"Unadjusted"
953,"500",743.437499999977,"Unadjusted"
954,"500",48.2966507177034,"Unadjusted"
955,"500",81.4349593495936,"Unadjusted"
956,"500",17.6289473684211,"Unadjusted"
957,"500",-87.1701492537313,"Unadjusted"
958,"500",-18.7059763502717,"Unadjusted"
959,"500",54.4229390681003,"Unadjusted"
960,"500",79.2052631578947,"Unadjusted"
961,"500",-15.3846153846154,"Unadjusted"
962,"500",-16.7402015677492,"Unadjusted"
963,"500",1123.15384615384,"Unadjusted"
964,"500",-42.8571428571429,"Unadjusted"
965,"500",72.2296650717705,"Unadjusted"
966,"500",-353.11627906977,"Unadjusted"
967,"500",11.875,"Unadjusted"
968,"500",13.0917790343628,"Unadjusted"
969,"500",13.4863945578231,"Unadjusted"
970,"500",29.8679149797571,"Unadjusted"
971,"500",-22.5103313840156,"Unadjusted"
972,"500",27.8704225352113,"Unadjusted"
973,"500",17.3209302325581,"Unadjusted"
974,"500",-10.6376429199648,"Unadjusted"
975,"500",-45.4698795180723,"Unadjusted"
976,"500",-14.6388888888889,"Unadjusted"
977,"500",-61.3004115226338,"Unadjusted"
978,"500",120,"Unadjusted"
979,"500",64.0675105485231,"Unadjusted"
980,"500",-242.506072874495,"Unadjusted"
981,"500",31.7544502617801,"Unadjusted"
982,"500",-337.810344827588,"Unadjusted"
983,"500",-18.5356478611283,"Unadjusted"
984,"500",235.135458167332,"Unadjusted"
985,"500",-67.9282352941176,"Unadjusted"
986,"500",24.6263507896924,"Unadjusted"
987,"500",-27.9901869158879,"Unadjusted"
988,"500",10.955615942029,"Unadjusted"
989,"500",-67.1439820022496,"Unadjusted"
990,"500",-12.0877192982456,"Unadjusted"
991,"500",35.0538373424971,"Unadjusted"
992,"500",341.679775280898,"Unadjusted"
993,"500",20.5625859697387,"Unadjusted"
994,"500",14.9751964636542,"Unadjusted"
995,"500",-233.848249027235,"Unadjusted"
996,"500",-37.5,"Unadjusted"
997,"500",24.428629690049,"Unadjusted"
998,"500",-35.8290548424737,"Unadjusted"
999,"500",47.1392405063291,"Unadjusted"
1000,"500",-189.583333333333,"Unadjusted"
1,"1000",40.9899688689035,"Unadjusted"
2,"1000",102.5,"Unadjusted"
3,"1000",34.8683168316831,"Unadjusted"
4,"1000",77.8775510204082,"Unadjusted"
5,"1000",-33.5974295190713,"Unadjusted"
6,"1000",-33.4151841994678,"Unadjusted"
7,"1000",-29.4098360655738,"Unadjusted"
8,"1000",-65.1336898395721,"Unadjusted"
9,"1000",59.2551980198019,"Unadjusted"
10,"1000",-28.2743071864725,"Unadjusted"
11,"1000",42.3506151142354,"Unadjusted"
12,"1000",29.0208333333333,"Unadjusted"
13,"1000",95.4292565947244,"Unadjusted"
14,"1000",-16.5682389059447,"Unadjusted"
15,"1000",17.9962247390628,"Unadjusted"
16,"1000",-30.9522837458535,"Unadjusted"
17,"1000",-114.126062322946,"Unadjusted"
18,"1000",-194.718954248366,"Unadjusted"
19,"1000",29.1255540912903,"Unadjusted"
20,"1000",-108.630136986302,"Unadjusted"
21,"1000",159.121031746032,"Unadjusted"
22,"1000",-853.543795620429,"Unadjusted"
23,"1000",-60.7444249561514,"Unadjusted"
24,"1000",-243.852040816327,"Unadjusted"
25,"1000",221.085264133457,"Unadjusted"
26,"1000",-57.1555343511451,"Unadjusted"
27,"1000",40.6994535519126,"Unadjusted"
28,"1000",353.407185628743,"Unadjusted"
29,"1000",-25.0256089943785,"Unadjusted"
30,"1000",29897.9999999577,"Unadjusted"
31,"1000",19.2258064516129,"Unadjusted"
32,"1000",-39.3613738178198,"Unadjusted"
33,"1000",-40.8865926558497,"Unadjusted"
34,"1000",58.2885269810402,"Unadjusted"
35,"1000",-12.336231884058,"Unadjusted"
36,"1000",179.833333333334,"Unadjusted"
37,"1000",-38.1803777208707,"Unadjusted"
38,"1000",50.6130749574106,"Unadjusted"
39,"1000",46.9244256348246,"Unadjusted"
40,"1000",50.7661357921207,"Unadjusted"
41,"1000",-34.7335722819594,"Unadjusted"
42,"1000",-29.45,"Unadjusted"
43,"1000",-52.6457680250783,"Unadjusted"
44,"1000",-59.7403465346534,"Unadjusted"
45,"1000",188.7,"Unadjusted"
46,"1000",-25.2400614979134,"Unadjusted"
47,"1000",369.165109034264,"Unadjusted"
48,"1000",-169.292957746478,"Unadjusted"
49,"1000",155.647979139504,"Unadjusted"
50,"1000",-24.6144024514811,"Unadjusted"
51,"1000",-25.4710920770878,"Unadjusted"
52,"1000",89.4262844378256,"Unadjusted"
53,"1000",76.3498402555911,"Unadjusted"
54,"1000",-93.0879593432369,"Unadjusted"
55,"1000",-45.996923076923,"Unadjusted"
56,"1000",-45.5809215536939,"Unadjusted"
57,"1000",57.870813397129,"Unadjusted"
58,"1000",35.2941176470588,"Unadjusted"
59,"1000",-195.783761391881,"Unadjusted"
60,"1000",-62.4924360980697,"Unadjusted"
61,"1000",-51.9063114217079,"Unadjusted"
62,"1000",128.90834248079,"Unadjusted"
63,"1000",26.1402597402597,"Unadjusted"
64,"1000",277.87790697674,"Unadjusted"
65,"1000",-15.280215257993,"Unadjusted"
66,"1000",-23.0694444444445,"Unadjusted"
67,"1000",47.6507403751234,"Unadjusted"
68,"1000",253.714285714287,"Unadjusted"
69,"1000",-136.352513966481,"Unadjusted"
70,"1000",-18.8828724145945,"Unadjusted"
71,"1000",-39.0564736082143,"Unadjusted"
72,"1000",-41.487183988764,"Unadjusted"
73,"1000",-635.01063829788,"Unadjusted"
74,"1000",-12.5790026798382,"Unadjusted"
75,"1000",-45.0835654596099,"Unadjusted"
76,"1000",20.5359245152355,"Unadjusted"
77,"1000",-47.5,"Unadjusted"
78,"1000",113.313432835821,"Unadjusted"
79,"1000",-23.4971363115693,"Unadjusted"
80,"1000",-553.747663551402,"Unadjusted"
81,"1000",27.5931350114416,"Unadjusted"
82,"1000",18.1987678090104,"Unadjusted"
83,"1000",-107.506944444444,"Unadjusted"
84,"1000",301.455000000001,"Unadjusted"
85,"1000",79.2707774798929,"Unadjusted"
86,"1000",95.4372206420155,"Unadjusted"
87,"1000",-29.7269303201507,"Unadjusted"
88,"1000",10.11021550284,"Unadjusted"
89,"1000",90.926966292135,"Unadjusted"
90,"1000",-153.355263157894,"Unadjusted"
91,"1000",-22.1179043364973,"Unadjusted"
92,"1000",-194.718954248366,"Unadjusted"
93,"1000",-72.3100303951369,"Unadjusted"
94,"1000",9.22032818225267,"Unadjusted"
95,"1000",47.2286158631415,"Unadjusted"
96,"1000",86.8412462908013,"Unadjusted"
97,"1000",80.0860215053766,"Unadjusted"
98,"1000",71.4837209302324,"Unadjusted"
99,"1000",75.3611793611794,"Unadjusted"
100,"1000",-47.2274872198191,"Unadjusted"
101,"1000",89.8571428571431,"Unadjusted"
102,"1000",14.3414634146341,"Unadjusted"
103,"1000",229.124999999998,"Unadjusted"
104,"1000",23.2401392111369,"Unadjusted"
105,"1000",52.2079674448489,"Unadjusted"
106,"1000",30.270007573845,"Unadjusted"
107,"1000",174.77874186551,"Unadjusted"
108,"1000",-31.6647606382979,"Unadjusted"
109,"1000",-28.8909069040173,"Unadjusted"
110,"1000",18.1233382002613,"Unadjusted"
111,"1000",32.7490494296578,"Unadjusted"
112,"1000",52.4008810572687,"Unadjusted"
113,"1000",-33.0075966850828,"Unadjusted"
114,"1000",-65.8897659227001,"Unadjusted"
115,"1000",39.0523654159869,"Unadjusted"
116,"1000",505.106060606053,"Unadjusted"
117,"1000",29.9100775193799,"Unadjusted"
118,"1000",-39.3394736842105,"Unadjusted"
119,"1000",105.508075076386,"Unadjusted"
120,"1000",75.9332493702769,"Unadjusted"
121,"1000",118.03137254902,"Unadjusted"
122,"1000",-146.162079510704,"Unadjusted"
123,"1000",-62.4500257599177,"Unadjusted"
124,"1000",835.523809523811,"Unadjusted"
125,"1000",-28.1553363860514,"Unadjusted"
126,"1000",18.0335530257639,"Unadjusted"
127,"1000",-27.5800815375655,"Unadjusted"
128,"1000",41.3793103448276,"Unadjusted"
129,"1000",36.2607027773516,"Unadjusted"
130,"1000",-91.8210161662818,"Unadjusted"
131,"1000",-96.8018600889612,"Unadjusted"
132,"1000",31.2652929813265,"Unadjusted"
133,"1000",444.521739130431,"Unadjusted"
134,"1000",-169.74860724234,"Unadjusted"
135,"1000",-68.2609686609687,"Unadjusted"
136,"1000",18.3906744775174,"Unadjusted"
137,"1000",-99.5480769230767,"Unadjusted"
138,"1000",99.1293208621394,"Unadjusted"
139,"1000",136.124575311439,"Unadjusted"
140,"1000",-76.9519354838712,"Unadjusted"
141,"1000",-14.2261754259226,"Unadjusted"
142,"1000",-35.7438988095238,"Unadjusted"
143,"1000",-59.1627906976744,"Unadjusted"
144,"1000",-61.3158438873094,"Unadjusted"
145,"1000",96.9950495049504,"Unadjusted"
146,"1000",-93.2280155642025,"Unadjusted"
147,"1000",68.5531732418524,"Unadjusted"
148,"1000",151.556603773585,"Unadjusted"
149,"1000",104.166666666667,"Unadjusted"
150,"1000",27.156450137237,"Unadjusted"
151,"1000",54.481981981982,"Unadjusted"
152,"1000",-392.39072847682,"Unadjusted"
153,"1000",-24.990089811087,"Unadjusted"
154,"1000",-61.1411042944784,"Unadjusted"
155,"1000",-122.519000520562,"Unadjusted"
156,"1000",118.223076923077,"Unadjusted"
157,"1000",17.4780612244898,"Unadjusted"
158,"1000",269.571428571432,"Unadjusted"
159,"1000",-274.647260273973,"Unadjusted"
160,"1000",45.7285339332584,"Unadjusted"
161,"1000",-51.9963075586447,"Unadjusted"
162,"1000",-36.7426695174099,"Unadjusted"
163,"1000",52.9506607929516,"Unadjusted"
164,"1000",27.7877906976744,"Unadjusted"
165,"1000",-50.9496327387198,"Unadjusted"
166,"1000",-32.6337448559671,"Unadjusted"
167,"1000",123.746835443038,"Unadjusted"
168,"1000",-112.452715355806,"Unadjusted"
169,"1000",-28.6821247892074,"Unadjusted"
170,"1000",34.1615003538571,"Unadjusted"
171,"1000",18.8344872525861,"Unadjusted"
172,"1000",236.285856573705,"Unadjusted"
173,"1000",-39.448069241012,"Unadjusted"
174,"1000",346.81805157593,"Unadjusted"
175,"1000",48,"Unadjusted"
176,"1000",78.4781491002571,"Unadjusted"
177,"1000",-56.3461902508283,"Unadjusted"
178,"1000",20.1854219948849,"Unadjusted"
179,"1000",-305.623115577889,"Unadjusted"
180,"1000",Inf,"Unadjusted"
181,"1000",-59.1316306483301,"Unadjusted"
182,"1000",-458.669829222018,"Unadjusted"
183,"1000",-21.2057808455565,"Unadjusted"
184,"1000",62.2817012339197,"Unadjusted"
185,"1000",-1503.69375000006,"Unadjusted"
186,"1000",39.6220472440944,"Unadjusted"
187,"1000",599.795969773307,"Unadjusted"
188,"1000",35.5434322033899,"Unadjusted"
189,"1000",-17.8530276308054,"Unadjusted"
190,"1000",-23.0353982300885,"Unadjusted"
191,"1000",-26.7554776511832,"Unadjusted"
192,"1000",-37.1867930296545,"Unadjusted"
193,"1000",-62.9852786540483,"Unadjusted"
194,"1000",71.1865470852016,"Unadjusted"
195,"1000",-95.6990595611284,"Unadjusted"
196,"1000",-33.5312586445367,"Unadjusted"
197,"1000",75.7448494453249,"Unadjusted"
198,"1000",-134.634023503078,"Unadjusted"
199,"1000",42.1675977653632,"Unadjusted"
200,"1000",-83.6847713991064,"Unadjusted"
201,"1000",70.2627565982404,"Unadjusted"
202,"1000",-29.3904845154845,"Unadjusted"
203,"1000",126.496062992126,"Unadjusted"
204,"1000",56.1227821149751,"Unadjusted"
205,"1000",-39.6608040201005,"Unadjusted"
206,"1000",42.6708197905381,"Unadjusted"
207,"1000",600.000000000006,"Unadjusted"
208,"1000",-699.953488372077,"Unadjusted"
209,"1000",31.8925750394945,"Unadjusted"
210,"1000",32.2131678359417,"Unadjusted"
211,"1000",45.3649262202043,"Unadjusted"
212,"1000",-25.3046137339056,"Unadjusted"
213,"1000",77.6299773389446,"Unadjusted"
214,"1000",57.0415297982168,"Unadjusted"
215,"1000",25.9627462014632,"Unadjusted"
216,"1000",26.4482449254233,"Unadjusted"
217,"1000",-126.237288135593,"Unadjusted"
218,"1000",-29.9036264282166,"Unadjusted"
219,"1000",-231.443378119001,"Unadjusted"
220,"1000",-62.1456692913385,"Unadjusted"
221,"1000",36.2804360993337,"Unadjusted"
222,"1000",-180.505617977529,"Unadjusted"
223,"1000",-31.7552674230146,"Unadjusted"
224,"1000",11.6685483870968,"Unadjusted"
225,"1000",-57.1328671328671,"Unadjusted"
226,"1000",32.289614487584,"Unadjusted"
227,"1000",29.177449168207,"Unadjusted"
228,"1000",40.6301253812267,"Unadjusted"
229,"1000",24.8014790126029,"Unadjusted"
230,"1000",-56.6112676056337,"Unadjusted"
231,"1000",45.1391129032258,"Unadjusted"
232,"1000",25.226359832636,"Unadjusted"
233,"1000",-140.87917888563,"Unadjusted"
234,"1000",-29.9752168525403,"Unadjusted"
235,"1000",470.514792899412,"Unadjusted"
236,"1000",-54.5923611111112,"Unadjusted"
237,"1000",39.0076812289967,"Unadjusted"
238,"1000",-65.7839607201308,"Unadjusted"
239,"1000",27.5314580941446,"Unadjusted"
240,"1000",-36.5765765765765,"Unadjusted"
241,"1000",-471.749999999999,"Unadjusted"
242,"1000",-43.5077720207254,"Unadjusted"
243,"1000",-52.2623056994817,"Unadjusted"
244,"1000",-19.5292000654343,"Unadjusted"
245,"1000",26.7004347826087,"Unadjusted"
246,"1000",65.2863293864369,"Unadjusted"
247,"1000",-20.9151079136691,"Unadjusted"
248,"1000",-124.374149659863,"Unadjusted"
249,"1000",-24.9069767441861,"Unadjusted"
250,"1000",245.305785123968,"Unadjusted"
251,"1000",19.4295105916727,"Unadjusted"
252,"1000",-60.8888598326361,"Unadjusted"
253,"1000",99.4791492910761,"Unadjusted"
254,"1000",-750.160377358476,"Unadjusted"
255,"1000",21.4940239043825,"Unadjusted"
256,"1000",-32.7089309878214,"Unadjusted"
257,"1000",13.8817891373802,"Unadjusted"
258,"1000",55.3748286888989,"Unadjusted"
259,"1000",-29.1966101694915,"Unadjusted"
260,"1000",38.7096774193549,"Unadjusted"
261,"1000",32.3111385121249,"Unadjusted"
262,"1000",-54.3014034306081,"Unadjusted"
263,"1000",70.7152065631409,"Unadjusted"
264,"1000",292.708128078821,"Unadjusted"
265,"1000",-13.7724867724868,"Unadjusted"
266,"1000",27.1575342465753,"Unadjusted"
267,"1000",-115.700383509108,"Unadjusted"
268,"1000",-335.51476793249,"Unadjusted"
269,"1000",68.1634451392835,"Unadjusted"
270,"1000",-26.5833333333333,"Unadjusted"
271,"1000",28.785046728972,"Unadjusted"
272,"1000",-18.6407956318253,"Unadjusted"
273,"1000",57.5151515151515,"Unadjusted"
274,"1000",28.9219047619048,"Unadjusted"
275,"1000",55.7051282051282,"Unadjusted"
276,"1000",699.705882352945,"Unadjusted"
277,"1000",-19.5951207491375,"Unadjusted"
278,"1000",-32.6426637791013,"Unadjusted"
279,"1000",-14.8571428571429,"Unadjusted"
280,"1000",-44.3389734912578,"Unadjusted"
281,"1000",43.0817204301075,"Unadjusted"
282,"1000",41.9070796460177,"Unadjusted"
283,"1000",172.371223021581,"Unadjusted"
284,"1000",273.43778280543,"Unadjusted"
285,"1000",-68.5588235294119,"Unadjusted"
286,"1000",-16.7309178743961,"Unadjusted"
287,"1000",128.042283298097,"Unadjusted"
288,"1000",-73.6926605504588,"Unadjusted"
289,"1000",-51.369191049914,"Unadjusted"
290,"1000",29.5317220543807,"Unadjusted"
291,"1000",34.9062049062049,"Unadjusted"
292,"1000",32.9081375838926,"Unadjusted"
293,"1000",-26.7167707404103,"Unadjusted"
294,"1000",149,"Unadjusted"
295,"1000",71.622641509434,"Unadjusted"
296,"1000",-32.8351343862566,"Unadjusted"
297,"1000",-134.134090909091,"Unadjusted"
298,"1000",-24.8213114754098,"Unadjusted"
299,"1000",39.5305062018102,"Unadjusted"
300,"1000",35.8720131421744,"Unadjusted"
301,"1000",-23.5787671232877,"Unadjusted"
302,"1000",-28.7751928783383,"Unadjusted"
303,"1000",-83.8525526597644,"Unadjusted"
304,"1000",-59.4308445532436,"Unadjusted"
305,"1000",18.543071450665,"Unadjusted"
306,"1000",-62.1521456436932,"Unadjusted"
307,"1000",32.4597270537864,"Unadjusted"
308,"1000",180.29527559055,"Unadjusted"
309,"1000",65.9795584627963,"Unadjusted"
310,"1000",-21.5260318316698,"Unadjusted"
311,"1000",-70.5974025974024,"Unadjusted"
312,"1000",43.4712477396022,"Unadjusted"
313,"1000",-101.970383275262,"Unadjusted"
314,"1000",-68.9173789173789,"Unadjusted"
315,"1000",32.4994569644312,"Unadjusted"
316,"1000",-243.642116182573,"Unadjusted"
317,"1000",64.0930295633306,"Unadjusted"
318,"1000",30.2526997840173,"Unadjusted"
319,"1000",-36.5078597339782,"Unadjusted"
320,"1000",-32.2963951935915,"Unadjusted"
321,"1000",28.2487357403269,"Unadjusted"
322,"1000",-31.8135048231511,"Unadjusted"
323,"1000",-56.2137209302327,"Unadjusted"
324,"1000",47.7092791716447,"Unadjusted"
325,"1000",-105.422066549913,"Unadjusted"
326,"1000",48.3001980198019,"Unadjusted"
327,"1000",-101.656565656566,"Unadjusted"
328,"1000",19.9045889732585,"Unadjusted"
329,"1000",71.876187648456,"Unadjusted"
330,"1000",-18.7638218777189,"Unadjusted"
331,"1000",-263.85557986871,"Unadjusted"
332,"1000",209.288793103448,"Unadjusted"
333,"1000",-38.1587429492345,"Unadjusted"
334,"1000",68.2602739726027,"Unadjusted"
335,"1000",53.5267993874427,"Unadjusted"
336,"1000",36.9310344827586,"Unadjusted"
337,"1000",-196.051948051948,"Unadjusted"
338,"1000",53.6874443455031,"Unadjusted"
339,"1000",184.768461538461,"Unadjusted"
340,"1000",17.1077809798271,"Unadjusted"
341,"1000",32.4324324324324,"Unadjusted"
342,"1000",-60,"Unadjusted"
343,"1000",-40.0986657881733,"Unadjusted"
344,"1000",-18.5367266077415,"Unadjusted"
345,"1000",-86.1341991341994,"Unadjusted"
346,"1000",61.4285714285714,"Unadjusted"
347,"1000",280.414893617021,"Unadjusted"
348,"1000",-468.461538461532,"Unadjusted"
349,"1000",-149.999999999999,"Unadjusted"
350,"1000",102.345762711864,"Unadjusted"
351,"1000",38.3634053367217,"Unadjusted"
352,"1000",-148.410000000001,"Unadjusted"
353,"1000",346.322627737227,"Unadjusted"
354,"1000",-19.5230960264901,"Unadjusted"
355,"1000",-113.235521235521,"Unadjusted"
356,"1000",60.1462227912933,"Unadjusted"
357,"1000",-23.8897323212146,"Unadjusted"
358,"1000",-59.1937965260545,"Unadjusted"
359,"1000",-492.400410677628,"Unadjusted"
360,"1000",-27.4928693667998,"Unadjusted"
361,"1000",-193.789768185451,"Unadjusted"
362,"1000",48.4580838323353,"Unadjusted"
363,"1000",122.13986013986,"Unadjusted"
364,"1000",34.6430222479052,"Unadjusted"
365,"1000",75.8868338557992,"Unadjusted"
366,"1000",-53.6559542152764,"Unadjusted"
367,"1000",83.2867545076284,"Unadjusted"
368,"1000",-84.7700831024931,"Unadjusted"
369,"1000",24.9314616019818,"Unadjusted"
370,"1000",-23.0009474182852,"Unadjusted"
371,"1000",-221.217391304348,"Unadjusted"
372,"1000",321.1914893617,"Unadjusted"
373,"1000",-171.533622559652,"Unadjusted"
374,"1000",-66.2324368825465,"Unadjusted"
375,"1000",-19.821375433956,"Unadjusted"
376,"1000",-85.9137931034481,"Unadjusted"
377,"1000",31.2932131495228,"Unadjusted"
378,"1000",400,"Unadjusted"
379,"1000",-94.2815533980582,"Unadjusted"
380,"1000",26.450459770115,"Unadjusted"
381,"1000",-709.707964601781,"Unadjusted"
382,"1000",51.0490052356021,"Unadjusted"
383,"1000",14.4790243902439,"Unadjusted"
384,"1000",25.0191188694929,"Unadjusted"
385,"1000",-17.8849870896348,"Unadjusted"
386,"1000",-155.712140992167,"Unadjusted"
387,"1000",Inf,"Unadjusted"
388,"1000",-103.778368794326,"Unadjusted"
389,"1000",49.0780893042576,"Unadjusted"
390,"1000",-318.378378378382,"Unadjusted"
391,"1000",-38.9550488599349,"Unadjusted"
392,"1000",105.633187772926,"Unadjusted"
393,"1000",149.825552825553,"Unadjusted"
394,"1000",-21.8632109431246,"Unadjusted"
395,"1000",-18.8518746158574,"Unadjusted"
396,"1000",-35.2081784386617,"Unadjusted"
397,"1000",60.0190380761524,"Unadjusted"
398,"1000",-55.1135073779796,"Unadjusted"
399,"1000",15.3487968086475,"Unadjusted"
400,"1000",37.6993127147766,"Unadjusted"
401,"1000",51.0737394957982,"Unadjusted"
402,"1000",31.24247064829,"Unadjusted"
403,"1000",-13.639598540146,"Unadjusted"
404,"1000",-25.571792693288,"Unadjusted"
405,"1000",-37.7427484545886,"Unadjusted"
406,"1000",44.2313554708764,"Unadjusted"
407,"1000",33.0240663900415,"Unadjusted"
408,"1000",122.032653061224,"Unadjusted"
409,"1000",-107.736723672367,"Unadjusted"
410,"1000",-34.1094972067039,"Unadjusted"
411,"1000",-43.4199204627622,"Unadjusted"
412,"1000",-267.542372881356,"Unadjusted"
413,"1000",66.7674418604651,"Unadjusted"
414,"1000",90.064334085779,"Unadjusted"
415,"1000",21.1381578947368,"Unadjusted"
416,"1000",-33.5348224195338,"Unadjusted"
417,"1000",-135.059751972942,"Unadjusted"
418,"1000",-62.9710144927536,"Unadjusted"
419,"1000",47.1391712275215,"Unadjusted"
420,"1000",120,"Unadjusted"
421,"1000",-101.638655462185,"Unadjusted"
422,"1000",105.508075076386,"Unadjusted"
423,"1000",606.200000000003,"Unadjusted"
424,"1000",35.6378314323804,"Unadjusted"
425,"1000",25.1507360563964,"Unadjusted"
426,"1000",-267.857142857141,"Unadjusted"
427,"1000",46.380999020568,"Unadjusted"
428,"1000",-20.6336357292394,"Unadjusted"
429,"1000",47.5200317334391,"Unadjusted"
430,"1000",27.8496266513498,"Unadjusted"
431,"1000",54.3950867703403,"Unadjusted"
432,"1000",20.1562578801378,"Unadjusted"
433,"1000",92.3076923076925,"Unadjusted"
434,"1000",-205.961538461539,"Unadjusted"
435,"1000",-24.0257289879931,"Unadjusted"
436,"1000",17.7157045777014,"Unadjusted"
437,"1000",-5176.49999999904,"Unadjusted"
438,"1000",-46.2860759493671,"Unadjusted"
439,"1000",-18.8172683002242,"Unadjusted"
440,"1000",-30.8516427104722,"Unadjusted"
441,"1000",368.494573643412,"Unadjusted"
442,"1000",-25.1142857142857,"Unadjusted"
443,"1000",-21.8388511095204,"Unadjusted"
444,"1000",-92.3649216660296,"Unadjusted"
445,"1000",68.9701704545455,"Unadjusted"
446,"1000",185.170731707316,"Unadjusted"
447,"1000",32.8260387811634,"Unadjusted"
448,"1000",31.1958115183246,"Unadjusted"
449,"1000",-11.599061623295,"Unadjusted"
450,"1000",-595.840000000005,"Unadjusted"
451,"1000",94.2399999999999,"Unadjusted"
452,"1000",-254.392241379311,"Unadjusted"
453,"1000",-36.5237804878048,"Unadjusted"
454,"1000",-24.3636734693878,"Unadjusted"
455,"1000",-126.965217391304,"Unadjusted"
456,"1000",-76.9519354838712,"Unadjusted"
457,"1000",39.5326716294458,"Unadjusted"
458,"1000",-165.705636743214,"Unadjusted"
459,"1000",37.5410958904109,"Unadjusted"
460,"1000",50.1873570388855,"Unadjusted"
461,"1000",31.0274431057564,"Unadjusted"
462,"1000",-78.3775303643726,"Unadjusted"
463,"1000",48.0029880478087,"Unadjusted"
464,"1000",-36.8234836702955,"Unadjusted"
465,"1000",-24.7500257599176,"Unadjusted"
466,"1000",-33.7535310734463,"Unadjusted"
467,"1000",18.96180338134,"Unadjusted"
468,"1000",-88.3084558823529,"Unadjusted"
469,"1000",-136.036529680365,"Unadjusted"
470,"1000",-66.9375000000002,"Unadjusted"
471,"1000",-183.512859304083,"Unadjusted"
472,"1000",-377.03110419907,"Unadjusted"
473,"1000",-19.1370607028754,"Unadjusted"
474,"1000",93.0715109573239,"Unadjusted"
475,"1000",45.1748582230624,"Unadjusted"
476,"1000",-19.2247803449398,"Unadjusted"
477,"1000",35.7375558867362,"Unadjusted"
478,"1000",38.6005221932115,"Unadjusted"
479,"1000",-24.197609561753,"Unadjusted"
480,"1000",-25.1110509209101,"Unadjusted"
481,"1000",-35.5272835112693,"Unadjusted"
482,"1000",70.5882352941177,"Unadjusted"
483,"1000",-24.5040290088638,"Unadjusted"
484,"1000",-26.4782608695652,"Unadjusted"
485,"1000",4306.49999999956,"Unadjusted"
486,"1000",-32.4324324324324,"Unadjusted"
487,"1000",-82.1551839464885,"Unadjusted"
488,"1000",-126.108179419525,"Unadjusted"
489,"1000",-24.0124273401483,"Unadjusted"
490,"1000",-45.2831135054802,"Unadjusted"
491,"1000",-42.8771929824561,"Unadjusted"
492,"1000",-46.7797805642633,"Unadjusted"
493,"1000",-559.421800947878,"Unadjusted"
494,"1000",-54.5510672481065,"Unadjusted"
495,"1000",-58.0436670687576,"Unadjusted"
496,"1000",-43.6566703017085,"Unadjusted"
497,"1000",22.7972350230415,"Unadjusted"
498,"1000",-43.8124765829899,"Unadjusted"
499,"1000",-46.236202238518,"Unadjusted"
500,"1000",74.9907407407408,"Unadjusted"
501,"1000",227.446153846155,"Unadjusted"
502,"1000",499.15145228215,"Unadjusted"
503,"1000",70.1958584987058,"Unadjusted"
504,"1000",-20.1568381430364,"Unadjusted"
505,"1000",27.7068538398018,"Unadjusted"
506,"1000",-225.988416988416,"Unadjusted"
507,"1000",-81.472602739726,"Unadjusted"
508,"1000",16.7544810337641,"Unadjusted"
509,"1000",49.1772151898734,"Unadjusted"
510,"1000",-24.9650297619048,"Unadjusted"
511,"1000",31.6523178807947,"Unadjusted"
512,"1000",-34.3851894374283,"Unadjusted"
513,"1000",-17.9276563677468,"Unadjusted"
514,"1000",46.019701606733,"Unadjusted"
515,"1000",24.9374672122548,"Unadjusted"
516,"1000",-97.9345118521494,"Unadjusted"
517,"1000",21.6807713397916,"Unadjusted"
518,"1000",29.3595505617977,"Unadjusted"
519,"1000",80.2248659517426,"Unadjusted"
520,"1000",29.3639024390244,"Unadjusted"
521,"1000",-67.4055944055944,"Unadjusted"
522,"1000",382.322834645669,"Unadjusted"
523,"1000",481.950000000005,"Unadjusted"
524,"1000",29.2434908389586,"Unadjusted"
525,"1000",-61.3969735182851,"Unadjusted"
526,"1000",-531.055555555551,"Unadjusted"
527,"1000",121.091878172589,"Unadjusted"
528,"1000",28.74175035868,"Unadjusted"
529,"1000",-193.244372990353,"Unadjusted"
530,"1000",-24.9565038982355,"Unadjusted"
531,"1000",91.9134615384615,"Unadjusted"
532,"1000",-39.2805862012185,"Unadjusted"
533,"1000",-24.6650195593988,"Unadjusted"
534,"1000",123.392821031345,"Unadjusted"
535,"1000",35.7458432304038,"Unadjusted"
536,"1000",41.7068478644546,"Unadjusted"
537,"1000",107.942028985508,"Unadjusted"
538,"1000",35.2155477031802,"Unadjusted"
539,"1000",-58.4600788565797,"Unadjusted"
540,"1000",-96.8931762794479,"Unadjusted"
541,"1000",275.74212368728,"Unadjusted"
542,"1000",-48.7488038277512,"Unadjusted"
543,"1000",354.65294117647,"Unadjusted"
544,"1000",723.951219512198,"Unadjusted"
545,"1000",-27.7786980867942,"Unadjusted"
546,"1000",36.0022308149911,"Unadjusted"
547,"1000",28.3769138755981,"Unadjusted"
548,"1000",-37.2130030959753,"Unadjusted"
549,"1000",14.3778209172531,"Unadjusted"
550,"1000",82.1254944264653,"Unadjusted"
551,"1000",2335.66666666649,"Unadjusted"
552,"1000",-299.065110565111,"Unadjusted"
553,"1000",-41.9839820874957,"Unadjusted"
554,"1000",-38.1421838177534,"Unadjusted"
555,"1000",78.0148270181217,"Unadjusted"
556,"1000",23.6695855224752,"Unadjusted"
557,"1000",24.3450567426644,"Unadjusted"
558,"1000",51.3076105442177,"Unadjusted"
559,"1000",131.177285318559,"Unadjusted"
560,"1000",39.253396627926,"Unadjusted"
561,"1000",66.4965986394558,"Unadjusted"
562,"1000",-85.7788565264296,"Unadjusted"
563,"1000",1145.84615384617,"Unadjusted"
564,"1000",22.6630557648832,"Unadjusted"
565,"1000",-27.5255102040816,"Unadjusted"
566,"1000",152.0101010101,"Unadjusted"
567,"1000",-59.7867719644621,"Unadjusted"
568,"1000",187.675738724727,"Unadjusted"
569,"1000",-848.904255319138,"Unadjusted"
570,"1000",-600.000000000006,"Unadjusted"
571,"1000",55.6446700507614,"Unadjusted"
572,"1000",-12.6470681963034,"Unadjusted"
573,"1000",24.2958093672966,"Unadjusted"
574,"1000",65.3984547461367,"Unadjusted"
575,"1000",277.838709677419,"Unadjusted"
576,"1000",-33.5284697508896,"Unadjusted"
577,"1000",-29.6105648008068,"Unadjusted"
578,"1000",-26.2885760693016,"Unadjusted"
579,"1000",-15.2975269985303,"Unadjusted"
580,"1000",-110.826597744361,"Unadjusted"
581,"1000",91.557923285548,"Unadjusted"
582,"1000",-20.978835978836,"Unadjusted"
583,"1000",12.1878922858878,"Unadjusted"
584,"1000",-139.214953271027,"Unadjusted"
585,"1000",725.253012048175,"Unadjusted"
586,"1000",-72.0572792362767,"Unadjusted"
587,"1000",85.2551319648093,"Unadjusted"
588,"1000",-22.8579203666571,"Unadjusted"
589,"1000",43.378979739508,"Unadjusted"
590,"1000",16.3317642243144,"Unadjusted"
591,"1000",30.8384415584416,"Unadjusted"
592,"1000",-41.2751918158567,"Unadjusted"
593,"1000",37.5,"Unadjusted"
594,"1000",-92.8339181286547,"Unadjusted"
595,"1000",-15.001512001512,"Unadjusted"
596,"1000",55.4674665436087,"Unadjusted"
597,"1000",-26.054794520548,"Unadjusted"
598,"1000",-31.8365140798078,"Unadjusted"
599,"1000",65.1550987720234,"Unadjusted"
600,"1000",-35.5626011475651,"Unadjusted"
601,"1000",-78.2940594059405,"Unadjusted"
602,"1000",34.3631728045326,"Unadjusted"
603,"1000",76.3646759847524,"Unadjusted"
604,"1000",-27.2727272727273,"Unadjusted"
605,"1000",50.5095541401275,"Unadjusted"
606,"1000",-34.2857142857143,"Unadjusted"
607,"1000",33.4479856512141,"Unadjusted"
608,"1000",-16.1531914893617,"Unadjusted"
609,"1000",477.532803180919,"Unadjusted"
610,"1000",142.045535186281,"Unadjusted"
611,"1000",-127.989417989418,"Unadjusted"
612,"1000",-136.922511312217,"Unadjusted"
613,"1000",-20.6620594333103,"Unadjusted"
614,"1000",-46.4630071599045,"Unadjusted"
615,"1000",17.9307692307692,"Unadjusted"
616,"1000",-105.272084805654,"Unadjusted"
617,"1000",19.011497005988,"Unadjusted"
618,"1000",-43.0520231213873,"Unadjusted"
619,"1000",104.145328719724,"Unadjusted"
620,"1000",-31.3232058669461,"Unadjusted"
621,"1000",11.5717092337918,"Unadjusted"
622,"1000",-36.1552888222055,"Unadjusted"
623,"1000",126.48686244204,"Unadjusted"
624,"1000",32.8751351351351,"Unadjusted"
625,"1000",-65.7164781906302,"Unadjusted"
626,"1000",32.8554560260586,"Unadjusted"
627,"1000",15.3372107725376,"Unadjusted"
628,"1000",20.434137132069,"Unadjusted"
629,"1000",-20.5896238651103,"Unadjusted"
630,"1000",-85.3497899159661,"Unadjusted"
631,"1000",143.294117647058,"Unadjusted"
632,"1000",-72.2977099236641,"Unadjusted"
633,"1000",37.3236923076923,"Unadjusted"
634,"1000",-14.835596149099,"Unadjusted"
635,"1000",-116.721714010592,"Unadjusted"
636,"1000",-142.579511614057,"Unadjusted"
637,"1000",40.4810996563574,"Unadjusted"
638,"1000",31.0928147659855,"Unadjusted"
639,"1000",25.9371282922685,"Unadjusted"
640,"1000",21.2872908508366,"Unadjusted"
641,"1000",-96.1032258064513,"Unadjusted"
642,"1000",-15.8001306335728,"Unadjusted"
643,"1000",-101.456753302088,"Unadjusted"
644,"1000",-16.1477908937605,"Unadjusted"
645,"1000",-83.5555555555556,"Unadjusted"
646,"1000",23.7530803351404,"Unadjusted"
647,"1000",-27.6506024096385,"Unadjusted"
648,"1000",-26.0647419072616,"Unadjusted"
649,"1000",89.5930622901901,"Unadjusted"
650,"1000",81.5787482806051,"Unadjusted"
651,"1000",397.659468438539,"Unadjusted"
652,"1000",31.5489673550966,"Unadjusted"
653,"1000",-39.2417905570985,"Unadjusted"
654,"1000",-22.222616771374,"Unadjusted"
655,"1000",27.492972231745,"Unadjusted"
656,"1000",42.388198213973,"Unadjusted"
657,"1000",-44.6671692423672,"Unadjusted"
658,"1000",242.08906882591,"Unadjusted"
659,"1000",46.0946564885496,"Unadjusted"
660,"1000",26.6337546976426,"Unadjusted"
661,"1000",-17.9448093620234,"Unadjusted"
662,"1000",42.9566238930056,"Unadjusted"
663,"1000",20.6504548635409,"Unadjusted"
664,"1000",35.4758446947244,"Unadjusted"
665,"1000",-42.7260638297872,"Unadjusted"
666,"1000",-223.119402985074,"Unadjusted"
667,"1000",114.905660377358,"Unadjusted"
668,"1000",-563.988066825789,"Unadjusted"
669,"1000",-572.923076923084,"Unadjusted"
670,"1000",-35.0997084548105,"Unadjusted"
671,"1000",-50.2065491183879,"Unadjusted"
672,"1000",-62.6994708994709,"Unadjusted"
673,"1000",-120.694444444444,"Unadjusted"
674,"1000",27.0744668587896,"Unadjusted"
675,"1000",239.909644670053,"Unadjusted"
676,"1000",-1235.76923076921,"Unadjusted"
677,"1000",14.5299937382592,"Unadjusted"
678,"1000",-58.59375,"Unadjusted"
679,"1000",-81.8953290146607,"Unadjusted"
680,"1000",17.3732539332451,"Unadjusted"
681,"1000",-127.503253796096,"Unadjusted"
682,"1000",35.4302530900529,"Unadjusted"
683,"1000",205.38775510204,"Unadjusted"
684,"1000",-88.9158050221564,"Unadjusted"
685,"1000",-18.282722513089,"Unadjusted"
686,"1000",-648.576601671307,"Unadjusted"
687,"1000",17.3286937901499,"Unadjusted"
688,"1000",-69.2281665702718,"Unadjusted"
689,"1000",23.4082352941176,"Unadjusted"
690,"1000",27.0909090909091,"Unadjusted"
691,"1000",15.2032227488152,"Unadjusted"
692,"1000",-81.2265285666558,"Unadjusted"
693,"1000",34.0438533429187,"Unadjusted"
694,"1000",42.9143686502176,"Unadjusted"
695,"1000",-65.2885032537962,"Unadjusted"
696,"1000",-76.1850670070197,"Unadjusted"
697,"1000",38.0875158831004,"Unadjusted"
698,"1000",67.349237718803,"Unadjusted"
699,"1000",-21.0674157303371,"Unadjusted"
700,"1000",26.8286167081729,"Unadjusted"
701,"1000",38.9533011272142,"Unadjusted"
702,"1000",1278.70212765953,"Unadjusted"
703,"1000",-23.7262311557789,"Unadjusted"
704,"1000",-2163.9549549549,"Unadjusted"
705,"1000",-38.1863665803109,"Unadjusted"
706,"1000",39.6749750747757,"Unadjusted"
707,"1000",-39.5064745872451,"Unadjusted"
708,"1000",-16.9904383026242,"Unadjusted"
709,"1000",823.324137931039,"Unadjusted"
710,"1000",240.783999999998,"Unadjusted"
711,"1000",18.1961098398169,"Unadjusted"
712,"1000",-96.8352553542013,"Unadjusted"
713,"1000",49.9366402667777,"Unadjusted"
714,"1000",20.2391304347826,"Unadjusted"
715,"1000",69.5128805620609,"Unadjusted"
716,"1000",181.195718654433,"Unadjusted"
717,"1000",-16.1502870420995,"Unadjusted"
718,"1000",-29.0396158463385,"Unadjusted"
719,"1000",194.787096774195,"Unadjusted"
720,"1000",-53.773381294964,"Unadjusted"
721,"1000",-111.429442100328,"Unadjusted"
722,"1000",-63.1578947368422,"Unadjusted"
723,"1000",79.5471447543161,"Unadjusted"
724,"1000",45.3766691394658,"Unadjusted"
725,"1000",44.4528301886793,"Unadjusted"
726,"1000",29.2413793103448,"Unadjusted"
727,"1000",-136.932840068299,"Unadjusted"
728,"1000",21.1381578947368,"Unadjusted"
729,"1000",-105.633165829145,"Unadjusted"
730,"1000",-33.6837750666106,"Unadjusted"
731,"1000",-37.056766504626,"Unadjusted"
732,"1000",-87.2655059847659,"Unadjusted"
733,"1000",-96.9080882352945,"Unadjusted"
734,"1000",29.7375,"Unadjusted"
735,"1000",190.433121019109,"Unadjusted"
736,"1000",28.5173031026253,"Unadjusted"
737,"1000",65.9128065395097,"Unadjusted"
738,"1000",-30.6840950167828,"Unadjusted"
739,"1000",95.5421686746987,"Unadjusted"
740,"1000",-28.4829383886256,"Unadjusted"
741,"1000",139.824489795918,"Unadjusted"
742,"1000",-86.9749723960249,"Unadjusted"
743,"1000",34.0841584158415,"Unadjusted"
744,"1000",56.9012584704744,"Unadjusted"
745,"1000",34.5571428571428,"Unadjusted"
746,"1000",36.7071320182094,"Unadjusted"
747,"1000",-37.5,"Unadjusted"
748,"1000",36.6054757630161,"Unadjusted"
749,"1000",46.8119490695398,"Unadjusted"
750,"1000",-28.5167259786477,"Unadjusted"
751,"1000",20.2577639751553,"Unadjusted"
752,"1000",-39.8877904102818,"Unadjusted"
753,"1000",41.217458677686,"Unadjusted"
754,"1000",-28.8111495762206,"Unadjusted"
755,"1000",-49.6508510638298,"Unadjusted"
756,"1000",1691.00724637691,"Unadjusted"
757,"1000",90.1777691711851,"Unadjusted"
758,"1000",71.7919463087247,"Unadjusted"
759,"1000",16.6764705882353,"Unadjusted"
760,"1000",78.5045871559633,"Unadjusted"
761,"1000",73.7356608478803,"Unadjusted"
762,"1000",-31.6487907465825,"Unadjusted"
763,"1000",-73.0757575757575,"Unadjusted"
764,"1000",-32.3808499193114,"Unadjusted"
765,"1000",83.8895027624313,"Unadjusted"
766,"1000",15.4465002508781,"Unadjusted"
767,"1000",-31.9654054054054,"Unadjusted"
768,"1000",14.2203439401029,"Unadjusted"
769,"1000",49.7088842975206,"Unadjusted"
770,"1000",-20.9289087318623,"Unadjusted"
771,"1000",-176.168571428571,"Unadjusted"
772,"1000",33.7068965517241,"Unadjusted"
773,"1000",33.4615384615385,"Unadjusted"
774,"1000",-188.91304347826,"Unadjusted"
775,"1000",54.4362186788155,"Unadjusted"
776,"1000",-22.6130728775357,"Unadjusted"
777,"1000",97.6271186440679,"Unadjusted"
778,"1000",121.704545454546,"Unadjusted"
779,"1000",73.17567159674,"Unadjusted"
780,"1000",-65.5900467418201,"Unadjusted"
781,"1000",98.6772464962905,"Unadjusted"
782,"1000",806.930000000012,"Unadjusted"
783,"1000",-70.8010128090559,"Unadjusted"
784,"1000",52.2495590828924,"Unadjusted"
785,"1000",-23.5904317386231,"Unadjusted"
786,"1000",-28.2450105658606,"Unadjusted"
787,"1000",-140.057725947521,"Unadjusted"
788,"1000",202.353535353535,"Unadjusted"
789,"1000",-31.4659989457037,"Unadjusted"
790,"1000",-49.4941370088459,"Unadjusted"
791,"1000",-338.308450704229,"Unadjusted"
792,"1000",-17.5233644859813,"Unadjusted"
793,"1000",-28.8111495762206,"Unadjusted"
794,"1000",162.363136176065,"Unadjusted"
795,"1000",-159.09756097561,"Unadjusted"
796,"1000",17.0308663626798,"Unadjusted"
797,"1000",-20.9719023887266,"Unadjusted"
798,"1000",908.93103448276,"Unadjusted"
799,"1000",-50.0827759197324,"Unadjusted"
800,"1000",25.225341588386,"Unadjusted"
801,"1000",-60.9459459459459,"Unadjusted"
802,"1000",-19.019089456869,"Unadjusted"
803,"1000",-260.491525423728,"Unadjusted"
804,"1000",-185.928129829984,"Unadjusted"
805,"1000",18.5282559025133,"Unadjusted"
806,"1000",162.625331564987,"Unadjusted"
807,"1000",-26.7603195739015,"Unadjusted"
808,"1000",-72.9981735159817,"Unadjusted"
809,"1000",28.4853256979241,"Unadjusted"
810,"1000",37.6132691112493,"Unadjusted"
811,"1000",34.1694238448374,"Unadjusted"
812,"1000",-51.6102564102564,"Unadjusted"
813,"1000",-86.481586402266,"Unadjusted"
814,"1000",-29.2507249879168,"Unadjusted"
815,"1000",37.9425837320574,"Unadjusted"
816,"1000",37.9073573812172,"Unadjusted"
817,"1000",-205.325396825397,"Unadjusted"
818,"1000",-181.419184290031,"Unadjusted"
819,"1000",-22.8191123015114,"Unadjusted"
820,"1000",-62.6196286472148,"Unadjusted"
821,"1000",-171.630372492837,"Unadjusted"
822,"1000",89.3176470588235,"Unadjusted"
823,"1000",20.0478369384359,"Unadjusted"
824,"1000",45.7894736842105,"Unadjusted"
825,"1000",83.4179875947623,"Unadjusted"
826,"1000",87.9297926518736,"Unadjusted"
827,"1000",108.093406593406,"Unadjusted"
828,"1000",21.9869565217391,"Unadjusted"
829,"1000",55.3707865168539,"Unadjusted"
830,"1000",61.3292307692307,"Unadjusted"
831,"1000",-614.82216494845,"Unadjusted"
832,"1000",-22.8090803259604,"Unadjusted"
833,"1000",29.9429143715573,"Unadjusted"
834,"1000",-131.694915254238,"Unadjusted"
835,"1000",43.7557883131202,"Unadjusted"
836,"1000",21.6725978647687,"Unadjusted"
837,"1000",13.2275048902413,"Unadjusted"
838,"1000",-659.600000000002,"Unadjusted"
839,"1000",1504.89999999996,"Unadjusted"
840,"1000",-1044.8025751073,"Unadjusted"
841,"1000",60.4562624254473,"Unadjusted"
842,"1000",-78.2226640159045,"Unadjusted"
843,"1000",-29.123487544484,"Unadjusted"
844,"1000",57.5151515151515,"Unadjusted"
845,"1000",-158.338167435728,"Unadjusted"
846,"1000",-238.97445972495,"Unadjusted"
847,"1000",43.1931330472103,"Unadjusted"
848,"1000",-190.702260327356,"Unadjusted"
849,"1000",-14.2555420956996,"Unadjusted"
850,"1000",23.0023121387283,"Unadjusted"
851,"1000",-299.882926829267,"Unadjusted"
852,"1000",46.347982572457,"Unadjusted"
853,"1000",-76.0139593908629,"Unadjusted"
854,"1000",677.698275862081,"Unadjusted"
855,"1000",38.9845024469821,"Unadjusted"
856,"1000",83.8719639139487,"Unadjusted"
857,"1000",37.5833590138675,"Unadjusted"
858,"1000",1006.39999999998,"Unadjusted"
859,"1000",-55.2429442312036,"Unadjusted"
860,"1000",31.031746031746,"Unadjusted"
861,"1000",142.020564042303,"Unadjusted"
862,"1000",56.4835589941972,"Unadjusted"
863,"1000",24.3660502117988,"Unadjusted"
864,"1000",37.0593444151002,"Unadjusted"
865,"1000",25.8392442823997,"Unadjusted"
866,"1000",73.5302663438257,"Unadjusted"
867,"1000",25.375,"Unadjusted"
868,"1000",44.2478245105149,"Unadjusted"
869,"1000",24.2588199819077,"Unadjusted"
870,"1000",-13115.3333333273,"Unadjusted"
871,"1000",587.790000000006,"Unadjusted"
872,"1000",-122.532786885246,"Unadjusted"
873,"1000",-58.7228710462287,"Unadjusted"
874,"1000",86.2544987146529,"Unadjusted"
875,"1000",-70.9794499848896,"Unadjusted"
876,"1000",369.292682926829,"Unadjusted"
877,"1000",-163.611111111112,"Unadjusted"
878,"1000",33.7170422535211,"Unadjusted"
879,"1000",-51.5379219640508,"Unadjusted"
880,"1000",331.022222222226,"Unadjusted"
881,"1000",-21.2302457132756,"Unadjusted"
882,"1000",-44.1319648093842,"Unadjusted"
883,"1000",-22.4485046728972,"Unadjusted"
884,"1000",-95.8384,"Unadjusted"
885,"1000",-21.6028550512445,"Unadjusted"
886,"1000",-120.803571428572,"Unadjusted"
887,"1000",-40.6221883984441,"Unadjusted"
888,"1000",-39.8798938287989,"Unadjusted"
889,"1000",-22.6415094339623,"Unadjusted"
890,"1000",26.2392849211637,"Unadjusted"
891,"1000",-108.85,"Unadjusted"
892,"1000",-89.9256505576208,"Unadjusted"
893,"1000",-48.9226286173634,"Unadjusted"
894,"1000",1107.33333333333,"Unadjusted"
895,"1000",145.89552238806,"Unadjusted"
896,"1000",26,"Unadjusted"
897,"1000",79.8127490039838,"Unadjusted"
898,"1000",20.2944749051033,"Unadjusted"
899,"1000",497.306418219465,"Unadjusted"
900,"1000",-85.0487106017195,"Unadjusted"
901,"1000",-300.000000000003,"Unadjusted"
902,"1000",-78.5729729729731,"Unadjusted"
903,"1000",-59.4418604651162,"Unadjusted"
904,"1000",43.2206748794858,"Unadjusted"
905,"1000",-60.2302664655606,"Unadjusted"
906,"1000",-444.656716417907,"Unadjusted"
907,"1000",38.5663224781573,"Unadjusted"
908,"1000",234.494117647059,"Unadjusted"
909,"1000",34.9117215041128,"Unadjusted"
910,"1000",-126.0828125,"Unadjusted"
911,"1000",18.3823529411765,"Unadjusted"
912,"1000",41.2459541469993,"Unadjusted"
913,"1000",21.1875558734132,"Unadjusted"
914,"1000",-110.956700091157,"Unadjusted"
915,"1000",48.7186075424783,"Unadjusted"
916,"1000",-240.673228346456,"Unadjusted"
917,"1000",-309.555555555557,"Unadjusted"
918,"1000",-17.1368691189051,"Unadjusted"
919,"1000",-18.310188336737,"Unadjusted"
920,"1000",387.07692307692,"Unadjusted"
921,"1000",520.243421052636,"Unadjusted"
922,"1000",19.0476190476191,"Unadjusted"
923,"1000",-77.4918566775243,"Unadjusted"
924,"1000",-16.0410385259631,"Unadjusted"
925,"1000",146.935975609755,"Unadjusted"
926,"1000",22.8709373528026,"Unadjusted"
927,"1000",107.635220125786,"Unadjusted"
928,"1000",16.9420382165605,"Unadjusted"
929,"1000",-295.680000000001,"Unadjusted"
930,"1000",26.7269945602901,"Unadjusted"
931,"1000",-53.2826581702321,"Unadjusted"
932,"1000",58.442718446602,"Unadjusted"
933,"1000",50.751111111111,"Unadjusted"
934,"1000",-41.3153657682883,"Unadjusted"
935,"1000",-51.1628553109638,"Unadjusted"
936,"1000",58.2885269810402,"Unadjusted"
937,"1000",-167.545454545454,"Unadjusted"
938,"1000",15.2138364779874,"Unadjusted"
939,"1000",55.0633640552995,"Unadjusted"
940,"1000",-31.578947368421,"Unadjusted"
941,"1000",-61.8387096774194,"Unadjusted"
942,"1000",-41.3802426343155,"Unadjusted"
943,"1000",44.3100298284861,"Unadjusted"
944,"1000",-30.3563579277865,"Unadjusted"
945,"1000",26.862215749972,"Unadjusted"
946,"1000",23.910767400357,"Unadjusted"
947,"1000",104.215123859191,"Unadjusted"
948,"1000",118.494559841741,"Unadjusted"
949,"1000",13.9562575245084,"Unadjusted"
950,"1000",-575.951923076926,"Unadjusted"
951,"1000",-24.9375591296121,"Unadjusted"
952,"1000",76.5486381322959,"Unadjusted"
953,"1000",-98.3333333333333,"Unadjusted"
954,"1000",-325.641891891892,"Unadjusted"
955,"1000",-142.121428571429,"Unadjusted"
956,"1000",-68.7855097365408,"Unadjusted"
957,"1000",-62.3467549668872,"Unadjusted"
958,"1000",-209.037833190025,"Unadjusted"
959,"1000",41.3793103448276,"Unadjusted"
960,"1000",295.343283582091,"Unadjusted"
961,"1000",-142.47429906542,"Unadjusted"
962,"1000",-21.7844120328168,"Unadjusted"
963,"1000",-50.8800000000001,"Unadjusted"
964,"1000",41.0530702500425,"Unadjusted"
965,"1000",15.3088803088803,"Unadjusted"
966,"1000",19.4763399124618,"Unadjusted"
967,"1000",-17.5415462427746,"Unadjusted"
968,"1000",-22.5537757437071,"Unadjusted"
969,"1000",98.2064908722109,"Unadjusted"
970,"1000",175.031860970312,"Unadjusted"
971,"1000",-63.4842767295597,"Unadjusted"
972,"1000",77.5983792544571,"Unadjusted"
973,"1000",41.6974305191401,"Unadjusted"
974,"1000",30.4517779164068,"Unadjusted"
975,"1000",32.9137186065353,"Unadjusted"
976,"1000",58.4305555555555,"Unadjusted"
977,"1000",131.242290748899,"Unadjusted"
978,"1000",-104.187250996016,"Unadjusted"
979,"1000",51.2807757166948,"Unadjusted"
980,"1000",-77.1641221374046,"Unadjusted"
981,"1000",48.9911147011309,"Unadjusted"
982,"1000",87.6778793418647,"Unadjusted"
983,"1000",87.9328005811843,"Unadjusted"
984,"1000",19.6483623920482,"Unadjusted"
985,"1000",-112.227900552486,"Unadjusted"
986,"1000",114.368932038835,"Unadjusted"
987,"1000",2962.54999999984,"Unadjusted"
988,"1000",-32.4324324324324,"Unadjusted"
989,"1000",150.325077399381,"Unadjusted"
990,"1000",104.166666666667,"Unadjusted"
991,"1000",56.4885152735023,"Unadjusted"
992,"1000",66.2602588818507,"Unadjusted"
993,"1000",-28.6291255119248,"Unadjusted"
994,"1000",14.6973929236499,"Unadjusted"
995,"1000",-54.9084315503173,"Unadjusted"
996,"1000",68.4559999999999,"Unadjusted"
997,"1000",34.006718924972,"Unadjusted"
998,"1000",52.2349726775957,"Unadjusted"
999,"1000",-36.3709677419355,"Unadjusted"
1000,"1000",74.0880503144655,"Unadjusted"
1,"2000",-713.341246290781,"Unadjusted"
2,"2000",34.0869565217391,"Unadjusted"
3,"2000",-79.1788511749349,"Unadjusted"
4,"2000",-60.6197689831472,"Unadjusted"
5,"2000",-38.5212606500473,"Unadjusted"
6,"2000",-37.4075500770416,"Unadjusted"
7,"2000",-62.9369841477793,"Unadjusted"
8,"2000",129.277248960987,"Unadjusted"
9,"2000",192.934189406101,"Unadjusted"
10,"2000",-105.828621908127,"Unadjusted"
11,"2000",-167.069373072969,"Unadjusted"
12,"2000",54.7101656196459,"Unadjusted"
13,"2000",144.271186440678,"Unadjusted"
14,"2000",-44.1941000230468,"Unadjusted"
15,"2000",83.7908678982225,"Unadjusted"
16,"2000",24.6300361603365,"Unadjusted"
17,"2000",27.8491540005736,"Unadjusted"
18,"2000",57.9251507840772,"Unadjusted"
19,"2000",512.782258064512,"Unadjusted"
20,"2000",472.053624627603,"Unadjusted"
21,"2000",-71.6739520958086,"Unadjusted"
22,"2000",51.8151041666667,"Unadjusted"
23,"2000",-303.25440806045,"Unadjusted"
24,"2000",1374.24999999996,"Unadjusted"
25,"2000",1301.11428571432,"Unadjusted"
26,"2000",235.509881422926,"Unadjusted"
27,"2000",106.735718975706,"Unadjusted"
28,"2000",-110.881171067738,"Unadjusted"
29,"2000",123.15368852459,"Unadjusted"
30,"2000",-411.148068669531,"Unadjusted"
31,"2000",137.23906830523,"Unadjusted"
32,"2000",288.105072463765,"Unadjusted"
33,"2000",129.021287919106,"Unadjusted"
34,"2000",141.944673337257,"Unadjusted"
35,"2000",76.4190528634361,"Unadjusted"
36,"2000",41.8786885245901,"Unadjusted"
37,"2000",-25.6515544387714,"Unadjusted"
38,"2000",38.2873173069244,"Unadjusted"
39,"2000",-29.9196042053185,"Unadjusted"
40,"2000",-205.770992366412,"Unadjusted"
41,"2000",-196.471662468514,"Unadjusted"
42,"2000",256.273458445038,"Unadjusted"
43,"2000",-279.470200573064,"Unadjusted"
44,"2000",-171.383333333333,"Unadjusted"
45,"2000",39.5259173934507,"Unadjusted"
46,"2000",33.2842842842843,"Unadjusted"
47,"2000",402.889125799573,"Unadjusted"
48,"2000",-27.4405990399264,"Unadjusted"
49,"2000",-68.0134378499441,"Unadjusted"
50,"2000",32.5800954328562,"Unadjusted"
51,"2000",-190.244444444446,"Unadjusted"
52,"2000",192.916367265468,"Unadjusted"
53,"2000",-45.8192285549798,"Unadjusted"
54,"2000",-317.285809682804,"Unadjusted"
55,"2000",232.358267716535,"Unadjusted"
56,"2000",92.5074160811863,"Unadjusted"
57,"2000",103.271604938271,"Unadjusted"
58,"2000",-416.811962134251,"Unadjusted"
59,"2000",33.967390537968,"Unadjusted"
60,"2000",-97.17269035533,"Unadjusted"
61,"2000",-147.117483811286,"Unadjusted"
62,"2000",333.922276197088,"Unadjusted"
63,"2000",-33.8278063486434,"Unadjusted"
64,"2000",58.9205882352939,"Unadjusted"
65,"2000",118.826925454321,"Unadjusted"
66,"2000",-74.3381115612342,"Unadjusted"
67,"2000",-30.1965347160743,"Unadjusted"
68,"2000",30.7432926061217,"Unadjusted"
69,"2000",49.8134701531409,"Unadjusted"
70,"2000",80.9058843479737,"Unadjusted"
71,"2000",28.952305055183,"Unadjusted"
72,"2000",-89.8189944134078,"Unadjusted"
73,"2000",-18.5772122161316,"Unadjusted"
74,"2000",89.8202614379086,"Unadjusted"
75,"2000",52.9844097995546,"Unadjusted"
76,"2000",-37.9252907549773,"Unadjusted"
77,"2000",-104.955206202218,"Unadjusted"
78,"2000",-44.9341955656624,"Unadjusted"
79,"2000",79.0952380952381,"Unadjusted"
80,"2000",50.6793322734499,"Unadjusted"
81,"2000",61.9535563494641,"Unadjusted"
82,"2000",361.488549618318,"Unadjusted"
83,"2000",41.148218507261,"Unadjusted"
84,"2000",1023.75570032573,"Unadjusted"
85,"2000",112.455532212886,"Unadjusted"
86,"2000",33.9813378660717,"Unadjusted"
87,"2000",-828.750000000003,"Unadjusted"
88,"2000",54.4873973378646,"Unadjusted"
89,"2000",27.8321325648415,"Unadjusted"
90,"2000",-127.467032967033,"Unadjusted"
91,"2000",37.887948011028,"Unadjusted"
92,"2000",36.8377288240769,"Unadjusted"
93,"2000",52.5803958634493,"Unadjusted"
94,"2000",-28.2986511379167,"Unadjusted"
95,"2000",123.460470497493,"Unadjusted"
96,"2000",-42.4988554322944,"Unadjusted"
97,"2000",71.4638297872339,"Unadjusted"
98,"2000",-23.8173027238503,"Unadjusted"
99,"2000",-70.4373679444612,"Unadjusted"
100,"2000",18.3920454545455,"Unadjusted"
101,"2000",-28.9043939257795,"Unadjusted"
102,"2000",113.91218298175,"Unadjusted"
103,"2000",-201.297297297296,"Unadjusted"
104,"2000",35.3170506912442,"Unadjusted"
105,"2000",31.1560404890232,"Unadjusted"
106,"2000",-953.763779527598,"Unadjusted"
107,"2000",-43.2356172949794,"Unadjusted"
108,"2000",168.066642971387,"Unadjusted"
109,"2000",-100.168421052632,"Unadjusted"
110,"2000",65.725582036093,"Unadjusted"
111,"2000",-39.0376134889754,"Unadjusted"
112,"2000",-127.861952861953,"Unadjusted"
113,"2000",-109.628808864266,"Unadjusted"
114,"2000",-114.018973747017,"Unadjusted"
115,"2000",-23.1980434782609,"Unadjusted"
116,"2000",366.618937644336,"Unadjusted"
117,"2000",38.6159545072284,"Unadjusted"
118,"2000",-24.715866308106,"Unadjusted"
119,"2000",250.519726459757,"Unadjusted"
120,"2000",179.30820399113,"Unadjusted"
121,"2000",-92.2308886301902,"Unadjusted"
122,"2000",350.219904866448,"Unadjusted"
123,"2000",-117.7,"Unadjusted"
124,"2000",29.176072234763,"Unadjusted"
125,"2000",-117.581872435658,"Unadjusted"
126,"2000",102.816666666666,"Unadjusted"
127,"2000",-97.9199632952691,"Unadjusted"
128,"2000",38.3005181347151,"Unadjusted"
129,"2000",1198.49251870328,"Unadjusted"
130,"2000",-54.9361948955917,"Unadjusted"
131,"2000",-90.6564950401513,"Unadjusted"
132,"2000",-437.340163934425,"Unadjusted"
133,"2000",-65.6166849165069,"Unadjusted"
134,"2000",473.868656716415,"Unadjusted"
135,"2000",-57.5608452902683,"Unadjusted"
136,"2000",-31.154215304799,"Unadjusted"
137,"2000",-65.9933665008292,"Unadjusted"
138,"2000",-136.732127476313,"Unadjusted"
139,"2000",-51.7351685872812,"Unadjusted"
140,"2000",-98.7346938775508,"Unadjusted"
141,"2000",-195.58118770764,"Unadjusted"
142,"2000",-303.218492716907,"Unadjusted"
143,"2000",40.6833702511808,"Unadjusted"
144,"2000",-190.068281063913,"Unadjusted"
145,"2000",-49.011350559682,"Unadjusted"
146,"2000",-45.8486692015209,"Unadjusted"
147,"2000",-55.8264883418156,"Unadjusted"
148,"2000",99.316543774016,"Unadjusted"
149,"2000",48.1792887963101,"Unadjusted"
150,"2000",18.4345592687357,"Unadjusted"
151,"2000",50.4331249999999,"Unadjusted"
152,"2000",44.1437125748504,"Unadjusted"
153,"2000",-167.772984441301,"Unadjusted"
154,"2000",-36.9981659789087,"Unadjusted"
155,"2000",-363.237140695916,"Unadjusted"
156,"2000",51.5121951219512,"Unadjusted"
157,"2000",32.900158533223,"Unadjusted"
158,"2000",863.536231884034,"Unadjusted"
159,"2000",-44.2859584295612,"Unadjusted"
160,"2000",101.260593220339,"Unadjusted"
161,"2000",-111.198491004063,"Unadjusted"
162,"2000",-75.9393579072534,"Unadjusted"
163,"2000",-37.1881016557566,"Unadjusted"
164,"2000",65.3743491367499,"Unadjusted"
165,"2000",-123.915463917525,"Unadjusted"
166,"2000",40.0397824722861,"Unadjusted"
167,"2000",322.640211640214,"Unadjusted"
168,"2000",20187.9999999903,"Unadjusted"
169,"2000",99.8145723336851,"Unadjusted"
170,"2000",86.4988713318284,"Unadjusted"
171,"2000",-591.680564071119,"Unadjusted"
172,"2000",-85.7142857142858,"Unadjusted"
173,"2000",-20,"Unadjusted"
174,"2000",-93.2785686802614,"Unadjusted"
175,"2000",20.7102830479377,"Unadjusted"
176,"2000",32.7911784975878,"Unadjusted"
177,"2000",-75.1923076923076,"Unadjusted"
178,"2000",1098.12385321099,"Unadjusted"
179,"2000",-213.155570204352,"Unadjusted"
180,"2000",-39.4352407197277,"Unadjusted"
181,"2000",182.838514025777,"Unadjusted"
182,"2000",-24.4318899643403,"Unadjusted"
183,"2000",-1961.90322580654,"Unadjusted"
184,"2000",100.206589958159,"Unadjusted"
185,"2000",82.3776223776223,"Unadjusted"
186,"2000",-134.128691113859,"Unadjusted"
187,"2000",-24.5225563909775,"Unadjusted"
188,"2000",148.066768759572,"Unadjusted"
189,"2000",-45.4903351742526,"Unadjusted"
190,"2000",44.8984632789667,"Unadjusted"
191,"2000",94.379371143109,"Unadjusted"
192,"2000",110.728821416155,"Unadjusted"
193,"2000",-26.9988221767296,"Unadjusted"
194,"2000",25.4040313667702,"Unadjusted"
195,"2000",42.1759354234491,"Unadjusted"
196,"2000",-59.4437519476473,"Unadjusted"
197,"2000",67.3120928915321,"Unadjusted"
198,"2000",-40.2753672125612,"Unadjusted"
199,"2000",37.6735018280082,"Unadjusted"
200,"2000",-9693.75000000027,"Unadjusted"
201,"2000",97.5762185656633,"Unadjusted"
202,"2000",-32.444165059245,"Unadjusted"
203,"2000",214.116175156388,"Unadjusted"
204,"2000",-48.3214285714286,"Unadjusted"
205,"2000",47.3203273418092,"Unadjusted"
206,"2000",39.701081612586,"Unadjusted"
207,"2000",-127.720759256784,"Unadjusted"
208,"2000",-1125.15887850466,"Unadjusted"
209,"2000",-116.366949152542,"Unadjusted"
210,"2000",-156.657236842105,"Unadjusted"
211,"2000",-775.500000000005,"Unadjusted"
212,"2000",-8786.33333333364,"Unadjusted"
213,"2000",62.936507936508,"Unadjusted"
214,"2000",125.39094488189,"Unadjusted"
215,"2000",32.1071664247063,"Unadjusted"
216,"2000",-45.7001545595054,"Unadjusted"
217,"2000",-41.4236174563808,"Unadjusted"
218,"2000",179.499622213828,"Unadjusted"
219,"2000",77.798058252427,"Unadjusted"
220,"2000",39.0839744639057,"Unadjusted"
221,"2000",190.472211194919,"Unadjusted"
222,"2000",-36.7815970386039,"Unadjusted"
223,"2000",-24.7422680412371,"Unadjusted"
224,"2000",191.940337484934,"Unadjusted"
225,"2000",58.731032357473,"Unadjusted"
226,"2000",100.109925739985,"Unadjusted"
227,"2000",-39.131073353355,"Unadjusted"
228,"2000",79.8300995024879,"Unadjusted"
229,"2000",-96.5910089910093,"Unadjusted"
230,"2000",-64.8734526372445,"Unadjusted"
231,"2000",35.4094792959906,"Unadjusted"
232,"2000",-29.4262828535669,"Unadjusted"
233,"2000",-67.244820295983,"Unadjusted"
234,"2000",-51.3421835174171,"Unadjusted"
235,"2000",-1637.14601018688,"Unadjusted"
236,"2000",-59.9043109892847,"Unadjusted"
237,"2000",59.8858287431147,"Unadjusted"
238,"2000",75.9512367491167,"Unadjusted"
239,"2000",-31.6873911471854,"Unadjusted"
240,"2000",531.261800219537,"Unadjusted"
241,"2000",-37.957495029821,"Unadjusted"
242,"2000",-158.902211874273,"Unadjusted"
243,"2000",29.0913064594464,"Unadjusted"
244,"2000",34.8324377672991,"Unadjusted"
245,"2000",-665.535269709546,"Unadjusted"
246,"2000",16.5082248998745,"Unadjusted"
247,"2000",-25.8402597402597,"Unadjusted"
248,"2000",-161.556451612904,"Unadjusted"
249,"2000",-54.9148694665153,"Unadjusted"
250,"2000",-47.340558484671,"Unadjusted"
251,"2000",180.619848771267,"Unadjusted"
252,"2000",42.9306800090971,"Unadjusted"
253,"2000",324.938255033552,"Unadjusted"
254,"2000",110.903773584906,"Unadjusted"
255,"2000",-124.291514836023,"Unadjusted"
256,"2000",-159.999999999999,"Unadjusted"
257,"2000",267.134017758046,"Unadjusted"
258,"2000",-145.225572979494,"Unadjusted"
259,"2000",73.1503747778381,"Unadjusted"
260,"2000",-155.035465694398,"Unadjusted"
261,"2000",-41.0699965582516,"Unadjusted"
262,"2000",-100.066142557652,"Unadjusted"
263,"2000",-65.9696342305039,"Unadjusted"
264,"2000",-799.999999999982,"Unadjusted"
265,"2000",77.2756669361358,"Unadjusted"
266,"2000",45.2830188679245,"Unadjusted"
267,"2000",699.537356321841,"Unadjusted"
268,"2000",-46.5913312693498,"Unadjusted"
269,"2000",-79.0380729731986,"Unadjusted"
270,"2000",-134.49916504314,"Unadjusted"
271,"2000",-210.550264550264,"Unadjusted"
272,"2000",-53.9108036012004,"Unadjusted"
273,"2000",-3855.59999999983,"Unadjusted"
274,"2000",-135.191353649894,"Unadjusted"
275,"2000",100.361386138614,"Unadjusted"
276,"2000",-38.6976047904192,"Unadjusted"
277,"2000",-215.116022099447,"Unadjusted"
278,"2000",73.3992360580597,"Unadjusted"
279,"2000",25.1921553090333,"Unadjusted"
280,"2000",63.6484560570069,"Unadjusted"
281,"2000",456.604026845646,"Unadjusted"
282,"2000",-31.2969647251846,"Unadjusted"
283,"2000",-27.7501156737999,"Unadjusted"
284,"2000",75.8245432883241,"Unadjusted"
285,"2000",2274.26941747594,"Unadjusted"
286,"2000",-24.0475313190862,"Unadjusted"
287,"2000",-74.7891547300487,"Unadjusted"
288,"2000",-283.492957746479,"Unadjusted"
289,"2000",502.332978156644,"Unadjusted"
290,"2000",101.50161394448,"Unadjusted"
291,"2000",41.0232528481551,"Unadjusted"
292,"2000",-120.98839556004,"Unadjusted"
293,"2000",-73.7637312058913,"Unadjusted"
294,"2000",80.346256684492,"Unadjusted"
295,"2000",-46.4198203504638,"Unadjusted"
296,"2000",48.2556243394232,"Unadjusted"
297,"2000",53.5768669286918,"Unadjusted"
298,"2000",336.466666666662,"Unadjusted"
299,"2000",-42.0870037827731,"Unadjusted"
300,"2000",47.9000399840064,"Unadjusted"
301,"2000",285.120941316653,"Unadjusted"
302,"2000",31.5126050420168,"Unadjusted"
303,"2000",-106.603126744835,"Unadjusted"
304,"2000",44.7781690140845,"Unadjusted"
305,"2000",42.5446397188049,"Unadjusted"
306,"2000",-4473.9198113211,"Unadjusted"
307,"2000",66.5813041683863,"Unadjusted"
308,"2000",1022.24347826092,"Unadjusted"
309,"2000",-119.670727159726,"Unadjusted"
310,"2000",-68.0151666905137,"Unadjusted"
311,"2000",-43.8526253794228,"Unadjusted"
312,"2000",45.75935828877,"Unadjusted"
313,"2000",-75.5847953216372,"Unadjusted"
314,"2000",-59.9043109892847,"Unadjusted"
315,"2000",-51.9027258150723,"Unadjusted"
316,"2000",-23.2532675768913,"Unadjusted"
317,"2000",25.3166666666667,"Unadjusted"
318,"2000",119.977966950425,"Unadjusted"
319,"2000",-130.255044390638,"Unadjusted"
320,"2000",-37.0967741935484,"Unadjusted"
321,"2000",37.9819434545022,"Unadjusted"
322,"2000",-53.9623191656387,"Unadjusted"
323,"2000",104.835725157643,"Unadjusted"
324,"2000",-78.4903727980337,"Unadjusted"
325,"2000",27.513977453883,"Unadjusted"
326,"2000",75.7448494453249,"Unadjusted"
327,"2000",657.775862068963,"Unadjusted"
328,"2000",-25.662610619469,"Unadjusted"
329,"2000",82.3485576923075,"Unadjusted"
330,"2000",-123.874806201551,"Unadjusted"
331,"2000",359.874251497012,"Unadjusted"
332,"2000",28.8987037926068,"Unadjusted"
333,"2000",-31.9859943977591,"Unadjusted"
334,"2000",50.8302631578947,"Unadjusted"
335,"2000",-41.2906709459166,"Unadjusted"
336,"2000",-29.6015711304775,"Unadjusted"
337,"2000",93.0101668904662,"Unadjusted"
338,"2000",-129.297715053763,"Unadjusted"
339,"2000",28.703890533438,"Unadjusted"
340,"2000",44.0433823529411,"Unadjusted"
341,"2000",31.4883913764511,"Unadjusted"
342,"2000",-123.167629315877,"Unadjusted"
343,"2000",161.836491698809,"Unadjusted"
344,"2000",-69.6969762888839,"Unadjusted"
345,"2000",-41.2492330294257,"Unadjusted"
346,"2000",103.739952718676,"Unadjusted"
347,"2000",-54.3510351035103,"Unadjusted"
348,"2000",377.445133772783,"Unadjusted"
349,"2000",-2082.20689655186,"Unadjusted"
350,"2000",41.1691637630662,"Unadjusted"
351,"2000",-48.6144427786107,"Unadjusted"
352,"2000",-633.737541528239,"Unadjusted"
353,"2000",-52.9443385436524,"Unadjusted"
354,"2000",-45.9354730054855,"Unadjusted"
355,"2000",-2579.46031746038,"Unadjusted"
356,"2000",-1637.14601018688,"Unadjusted"
357,"2000",-179.763274336283,"Unadjusted"
358,"2000",-32.2283278067267,"Unadjusted"
359,"2000",-1094.82857142856,"Unadjusted"
360,"2000",194.95914279992,"Unadjusted"
361,"2000",-202.520547945206,"Unadjusted"
362,"2000",-233.794440380393,"Unadjusted"
363,"2000",49.7003891050584,"Unadjusted"
364,"2000",37.6197718631178,"Unadjusted"
365,"2000",-135.435707289772,"Unadjusted"
366,"2000",-27.9018236036243,"Unadjusted"
367,"2000",-1078.33783783782,"Unadjusted"
368,"2000",1471.00773993805,"Unadjusted"
369,"2000",20.1139909411173,"Unadjusted"
370,"2000",234.948433734941,"Unadjusted"
371,"2000",-64.2277121374867,"Unadjusted"
372,"2000",-163.576250856751,"Unadjusted"
373,"2000",-37.0160673297628,"Unadjusted"
374,"2000",29.048310674801,"Unadjusted"
375,"2000",-22.7169359806662,"Unadjusted"
376,"2000",-51.6125929164846,"Unadjusted"
377,"2000",160.192635983264,"Unadjusted"
378,"2000",-223.591894439208,"Unadjusted"
379,"2000",35.2820746132848,"Unadjusted"
380,"2000",-153.171315372425,"Unadjusted"
381,"2000",-160.369083585096,"Unadjusted"
382,"2000",-120.12,"Unadjusted"
383,"2000",134.508598815901,"Unadjusted"
384,"2000",36.3604615026028,"Unadjusted"
385,"2000",136.15,"Unadjusted"
386,"2000",-120.976230031948,"Unadjusted"
387,"2000",-34.0665005614824,"Unadjusted"
388,"2000",45.6906722850029,"Unadjusted"
389,"2000",85.6087268165933,"Unadjusted"
390,"2000",70.5663774877886,"Unadjusted"
391,"2000",249.539559014267,"Unadjusted"
392,"2000",541.374859075521,"Unadjusted"
393,"2000",167.834006674864,"Unadjusted"
394,"2000",15.5215353679499,"Unadjusted"
395,"2000",24.8733985856308,"Unadjusted"
396,"2000",34.429892086331,"Unadjusted"
397,"2000",144.136219640971,"Unadjusted"
398,"2000",-80.7253414264036,"Unadjusted"
399,"2000",70.5971563981045,"Unadjusted"
400,"2000",-131.916724787278,"Unadjusted"
401,"2000",40.4531118587048,"Unadjusted"
402,"2000",81.8397430406854,"Unadjusted"
403,"2000",-54.7805491990847,"Unadjusted"
404,"2000",-28.8147706968433,"Unadjusted"
405,"2000",147.574097135741,"Unadjusted"
406,"2000",-41.6380885453268,"Unadjusted"
407,"2000",-1640.68965517241,"Unadjusted"
408,"2000",46.5635957457141,"Unadjusted"
409,"2000",-43.6832134074141,"Unadjusted"
410,"2000",111.751865671642,"Unadjusted"
411,"2000",89.754617414248,"Unadjusted"
412,"2000",-794.364321608038,"Unadjusted"
413,"2000",52.6679759956357,"Unadjusted"
414,"2000",80.6992398648649,"Unadjusted"
415,"2000",130.712493180578,"Unadjusted"
416,"2000",1560.54901960776,"Unadjusted"
417,"2000",-99.6876574307303,"Unadjusted"
418,"2000",26.7641950567802,"Unadjusted"
419,"2000",26.9872163901117,"Unadjusted"
420,"2000",226.571428571431,"Unadjusted"
421,"2000",-966.174796747969,"Unadjusted"
422,"2000",-50.8248682824025,"Unadjusted"
423,"2000",24.5609288238263,"Unadjusted"
424,"2000",106.650765277623,"Unadjusted"
425,"2000",32.8897270607598,"Unadjusted"
426,"2000",76.0620640456563,"Unadjusted"
427,"2000",-18.2706439760201,"Unadjusted"
428,"2000",372.068965517241,"Unadjusted"
429,"2000",-1504.21126760558,"Unadjusted"
430,"2000",-275.369819948558,"Unadjusted"
431,"2000",64.7397454031118,"Unadjusted"
432,"2000",43.8920846755637,"Unadjusted"
433,"2000",153.953964194373,"Unadjusted"
434,"2000",30.1168730650155,"Unadjusted"
435,"2000",61.5872944501541,"Unadjusted"
436,"2000",-184.543757292883,"Unadjusted"
437,"2000",55.6374171230902,"Unadjusted"
438,"2000",-152.152715654952,"Unadjusted"
439,"2000",-37.9670930232559,"Unadjusted"
440,"2000",70.6433937251437,"Unadjusted"
441,"2000",227.197559831067,"Unadjusted"
442,"2000",-110.503194159252,"Unadjusted"
443,"2000",-36.8862440870388,"Unadjusted"
444,"2000",212.703348214285,"Unadjusted"
445,"2000",39.9408885701026,"Unadjusted"
446,"2000",-29.4599008545969,"Unadjusted"
447,"2000",29.4905391153297,"Unadjusted"
448,"2000",35.1640648011782,"Unadjusted"
449,"2000",36.8484848484849,"Unadjusted"
450,"2000",39.9733130474115,"Unadjusted"
451,"2000",-32.6476868327402,"Unadjusted"
452,"2000",29.6901123879277,"Unadjusted"
453,"2000",114.135899263483,"Unadjusted"
454,"2000",33.2283241917351,"Unadjusted"
455,"2000",-961.124623115565,"Unadjusted"
456,"2000",-265.4375,"Unadjusted"
457,"2000",148.900709219858,"Unadjusted"
458,"2000",701.444690265489,"Unadjusted"
459,"2000",97.5995728234337,"Unadjusted"
460,"2000",-60.7430711610486,"Unadjusted"
461,"2000",165.933997937435,"Unadjusted"
462,"2000",68.696665471495,"Unadjusted"
463,"2000",-94.0582995149952,"Unadjusted"
464,"2000",-376.927461139898,"Unadjusted"
465,"2000",-184.8,"Unadjusted"
466,"2000",-73.8938985919829,"Unadjusted"
467,"2000",28.9025541701973,"Unadjusted"
468,"2000",35.3890797456327,"Unadjusted"
469,"2000",-68.3885730528709,"Unadjusted"
470,"2000",56.1201313937119,"Unadjusted"
471,"2000",-197.531582238899,"Unadjusted"
472,"2000",32.6877573942344,"Unadjusted"
473,"2000",19.8420040147206,"Unadjusted"
474,"2000",-52.2954607230226,"Unadjusted"
475,"2000",34.6803652968037,"Unadjusted"
476,"2000",26.2724845380487,"Unadjusted"
477,"2000",27.0012860817377,"Unadjusted"
478,"2000",-47.3784481918316,"Unadjusted"
479,"2000",43.6363636363636,"Unadjusted"
480,"2000",42.8059113746436,"Unadjusted"
481,"2000",-175.619424990785,"Unadjusted"
482,"2000",-43.9325195762322,"Unadjusted"
483,"2000",172.371223021581,"Unadjusted"
484,"2000",44.5001844507978,"Unadjusted"
485,"2000",109.504900843401,"Unadjusted"
486,"2000",353.95234549516,"Unadjusted"
487,"2000",-85.884995507637,"Unadjusted"
488,"2000",773.513147410377,"Unadjusted"
489,"2000",63.6000406393931,"Unadjusted"
490,"2000",-72.0253393665157,"Unadjusted"
491,"2000",45.4036924248192,"Unadjusted"
492,"2000",472.045275590544,"Unadjusted"
493,"2000",-39.0178027265437,"Unadjusted"
494,"2000",-37.6274418060591,"Unadjusted"
495,"2000",73.6160727940053,"Unadjusted"
496,"2000",31.399329291887,"Unadjusted"
497,"2000",102.470360824742,"Unadjusted"
498,"2000",246.448026824864,"Unadjusted"
499,"2000",-98.61138161899,"Unadjusted"
500,"2000",-48.049748995984,"Unadjusted"
501,"2000",-40.9213362068965,"Unadjusted"
502,"2000",Inf,"Unadjusted"
503,"2000",129.37982832618,"Unadjusted"
504,"2000",59.7978723404257,"Unadjusted"
505,"2000",96.9489306416152,"Unadjusted"
506,"2000",-93.2026474596066,"Unadjusted"
507,"2000",23.3075792104683,"Unadjusted"
508,"2000",-385.678770949718,"Unadjusted"
509,"2000",46.890203685742,"Unadjusted"
510,"2000",-149.221601489759,"Unadjusted"
511,"2000",41.8463253617803,"Unadjusted"
512,"2000",36.5221120853984,"Unadjusted"
513,"2000",26.3246241064826,"Unadjusted"
514,"2000",-51.063829787234,"Unadjusted"
515,"2000",133.20610581572,"Unadjusted"
516,"2000",28.742774566474,"Unadjusted"
517,"2000",-487.790238836969,"Unadjusted"
518,"2000",-849.291038154379,"Unadjusted"
519,"2000",47.0748715439199,"Unadjusted"
520,"2000",-45.9539869910866,"Unadjusted"
521,"2000",158.473945409429,"Unadjusted"
522,"2000",535.063457330416,"Unadjusted"
523,"2000",-69.8740975394137,"Unadjusted"
524,"2000",59.5610896396958,"Unadjusted"
525,"2000",-463.655976676382,"Unadjusted"
526,"2000",378.953137410644,"Unadjusted"
527,"2000",45.6806722689076,"Unadjusted"
528,"2000",59.2108374384238,"Unadjusted"
529,"2000",-274.758179231866,"Unadjusted"
530,"2000",-1056.47787610622,"Unadjusted"
531,"2000",-45.2650522943559,"Unadjusted"
532,"2000",-32.9767641996558,"Unadjusted"
533,"2000",-182.211720226843,"Unadjusted"
534,"2000",-184.11004784689,"Unadjusted"
535,"2000",38.9885057471265,"Unadjusted"
536,"2000",91.6587605202756,"Unadjusted"
537,"2000",-110.260997067449,"Unadjusted"
538,"2000",-192.012759170655,"Unadjusted"
539,"2000",-34.6351912881502,"Unadjusted"
540,"2000",57.5297611904478,"Unadjusted"
541,"2000",-306.833333333334,"Unadjusted"
542,"2000",74.989430509544,"Unadjusted"
543,"2000",-98.4105136436594,"Unadjusted"
544,"2000",24.1510864072764,"Unadjusted"
545,"2000",-94.0731280955618,"Unadjusted"
546,"2000",71.501833420639,"Unadjusted"
547,"2000",37.2051756007393,"Unadjusted"
548,"2000",49.1122590593678,"Unadjusted"
549,"2000",43.622197309417,"Unadjusted"
550,"2000",47.387432980909,"Unadjusted"
551,"2000",-57.3190271816882,"Unadjusted"
552,"2000",143.651266766021,"Unadjusted"
553,"2000",62.7496757457848,"Unadjusted"
554,"2000",28.6281588447653,"Unadjusted"
555,"2000",47.6905263157895,"Unadjusted"
556,"2000",63.4947835159102,"Unadjusted"
557,"2000",-883.153061224493,"Unadjusted"
558,"2000",36.2053745683832,"Unadjusted"
559,"2000",-359.428571428567,"Unadjusted"
560,"2000",199.497085761865,"Unadjusted"
561,"2000",-597.729729729717,"Unadjusted"
562,"2000",44.6398263548523,"Unadjusted"
563,"2000",46.2062678062679,"Unadjusted"
564,"2000",-34.5856102003643,"Unadjusted"
565,"2000",-40.0426191558845,"Unadjusted"
566,"2000",-75.0318471337579,"Unadjusted"
567,"2000",103.23670886076,"Unadjusted"
568,"2000",117.373838721665,"Unadjusted"
569,"2000",-42.932414286993,"Unadjusted"
570,"2000",-61.1154138674104,"Unadjusted"
571,"2000",-58.1435174069628,"Unadjusted"
572,"2000",-49.353677459398,"Unadjusted"
573,"2000",43.6486486486486,"Unadjusted"
574,"2000",47.0588235294118,"Unadjusted"
575,"2000",365.075901328276,"Unadjusted"
576,"2000",-94.965517241379,"Unadjusted"
577,"2000",38.0805435600808,"Unadjusted"
578,"2000",-31.3687193774618,"Unadjusted"
579,"2000",68.5175165983895,"Unadjusted"
580,"2000",-82.5685071574641,"Unadjusted"
581,"2000",-214.955746218107,"Unadjusted"
582,"2000",-27.9672677902069,"Unadjusted"
583,"2000",65.2703482382033,"Unadjusted"
584,"2000",26.3365731134651,"Unadjusted"
585,"2000",-68.3617021276597,"Unadjusted"
586,"2000",-54.8323377369328,"Unadjusted"
587,"2000",-30.4274558551667,"Unadjusted"
588,"2000",-42.7877697841726,"Unadjusted"
589,"2000",93.6285491267441,"Unadjusted"
590,"2000",477.793293293294,"Unadjusted"
591,"2000",47.187619280646,"Unadjusted"
592,"2000",46.3948100537221,"Unadjusted"
593,"2000",-636.037414965978,"Unadjusted"
594,"2000",68.8567293777135,"Unadjusted"
595,"2000",418.221981826046,"Unadjusted"
596,"2000",192.051302931594,"Unadjusted"
597,"2000",-33.7433955618176,"Unadjusted"
598,"2000",101.850237467019,"Unadjusted"
599,"2000",234.438356164384,"Unadjusted"
600,"2000",-2399.99999999994,"Unadjusted"
601,"2000",24.2114727522135,"Unadjusted"
602,"2000",21.382608115323,"Unadjusted"
603,"2000",-89.2112939416602,"Unadjusted"
604,"2000",31.1903003207309,"Unadjusted"
605,"2000",120.693731117825,"Unadjusted"
606,"2000",-274.700056274619,"Unadjusted"
607,"2000",62.0294117647059,"Unadjusted"
608,"2000",64.1256188527296,"Unadjusted"
609,"2000",153.500810372772,"Unadjusted"
610,"2000",186.847926267281,"Unadjusted"
611,"2000",-556.825332562174,"Unadjusted"
612,"2000",173.235294117648,"Unadjusted"
613,"2000",-126.9262697255,"Unadjusted"
614,"2000",-69.6499270072992,"Unadjusted"
615,"2000",61.9229182779065,"Unadjusted"
616,"2000",41.5066899607977,"Unadjusted"
617,"2000",22.9758551307847,"Unadjusted"
618,"2000",151.984256926951,"Unadjusted"
619,"2000",-990.01950718683,"Unadjusted"
620,"2000",-56.2824101182807,"Unadjusted"
621,"2000",62.1069587628867,"Unadjusted"
622,"2000",-33.4714498941303,"Unadjusted"
623,"2000",-476.868395303335,"Unadjusted"
624,"2000",70.7022770959634,"Unadjusted"
625,"2000",-73.6974894745048,"Unadjusted"
626,"2000",-59.3274549842213,"Unadjusted"
627,"2000",-1768.62222222224,"Unadjusted"
628,"2000",472.99303482587,"Unadjusted"
629,"2000",277.838709677419,"Unadjusted"
630,"2000",40.0395302679457,"Unadjusted"
631,"2000",64.1052631578948,"Unadjusted"
632,"2000",54.2113387594723,"Unadjusted"
633,"2000",-219.574744027303,"Unadjusted"
634,"2000",-105.603207506001,"Unadjusted"
635,"2000",-198.248149671052,"Unadjusted"
636,"2000",-99.2277628032344,"Unadjusted"
637,"2000",-147.856298600311,"Unadjusted"
638,"2000",-43.3885312783318,"Unadjusted"
639,"2000",58.822539897714,"Unadjusted"
640,"2000",141.186943620178,"Unadjusted"
641,"2000",-28.6291273584906,"Unadjusted"
642,"2000",80.0000000000003,"Unadjusted"
643,"2000",-4397.33333333335,"Unadjusted"
644,"2000",-47.3932677723959,"Unadjusted"
645,"2000",83.8928283642225,"Unadjusted"
646,"2000",27.390458545623,"Unadjusted"
647,"2000",-110.508608815427,"Unadjusted"
648,"2000",31.1447719413799,"Unadjusted"
649,"2000",-25.6448331108144,"Unadjusted"
650,"2000",-46.9976988494247,"Unadjusted"
651,"2000",157.077922077922,"Unadjusted"
652,"2000",-45.0205555555556,"Unadjusted"
653,"2000",-98.3094969777689,"Unadjusted"
654,"2000",-110.730538922155,"Unadjusted"
655,"2000",-177.978775356874,"Unadjusted"
656,"2000",-119.032094803111,"Unadjusted"
657,"2000",820.344827586204,"Unadjusted"
658,"2000",125.2979869214,"Unadjusted"
659,"2000",35.5223463687151,"Unadjusted"
660,"2000",-57.9401197604791,"Unadjusted"
661,"2000",64.4471160340402,"Unadjusted"
662,"2000",56.3298337707787,"Unadjusted"
663,"2000",146.233226837061,"Unadjusted"
664,"2000",94.6139240506329,"Unadjusted"
665,"2000",-501.95041322313,"Unadjusted"
666,"2000",-6611.38194444485,"Unadjusted"
667,"2000",5892.9937500001,"Unadjusted"
668,"2000",115.714285714286,"Unadjusted"
669,"2000",-176.828220858897,"Unadjusted"
670,"2000",-39.7432706222865,"Unadjusted"
671,"2000",47.1743784530387,"Unadjusted"
672,"2000",63.8392566025433,"Unadjusted"
673,"2000",46.9509689356315,"Unadjusted"
674,"2000",-47.6606730286289,"Unadjusted"
675,"2000",-666.567961165037,"Unadjusted"
676,"2000",-53.7224199288257,"Unadjusted"
677,"2000",-23.4028422273782,"Unadjusted"
678,"2000",-37.881465943721,"Unadjusted"
679,"2000",-29.4518394648829,"Unadjusted"
680,"2000",-86.8796530538488,"Unadjusted"
681,"2000",-54.2569091934573,"Unadjusted"
682,"2000",72.1743421052631,"Unadjusted"
683,"2000",60.0062774639046,"Unadjusted"
684,"2000",29.1990476768167,"Unadjusted"
685,"2000",179.631777108434,"Unadjusted"
686,"2000",93.3617041555473,"Unadjusted"
687,"2000",-112.504403992953,"Unadjusted"
688,"2000",-69.9774130292687,"Unadjusted"
689,"2000",114.551724137931,"Unadjusted"
690,"2000",-45.9465638015902,"Unadjusted"
691,"2000",49.4519600707081,"Unadjusted"
692,"2000",-66.2343750000001,"Unadjusted"
693,"2000",-61.5384615384614,"Unadjusted"
694,"2000",1065.41592920359,"Unadjusted"
695,"2000",-79.2387654320988,"Unadjusted"
696,"2000",36.1300063454145,"Unadjusted"
697,"2000",73.0402010050253,"Unadjusted"
698,"2000",116.640937957988,"Unadjusted"
699,"2000",87.536842105263,"Unadjusted"
700,"2000",-23.2352827871813,"Unadjusted"
701,"2000",42.6381138269086,"Unadjusted"
702,"2000",-80.0860215053766,"Unadjusted"
703,"2000",211.283950617285,"Unadjusted"
704,"2000",37.8691837693874,"Unadjusted"
705,"2000",-749.516279069776,"Unadjusted"
706,"2000",52.4495040824155,"Unadjusted"
707,"2000",-53.3333333333334,"Unadjusted"
708,"2000",-105.186145764937,"Unadjusted"
709,"2000",-649.290322580634,"Unadjusted"
710,"2000",103.176363246029,"Unadjusted"
711,"2000",-230.151515151514,"Unadjusted"
712,"2000",-32.2357265129393,"Unadjusted"
713,"2000",-48.8656291323365,"Unadjusted"
714,"2000",-54.4973216320949,"Unadjusted"
715,"2000",-24.8426707597851,"Unadjusted"
716,"2000",190.639175257732,"Unadjusted"
717,"2000",172.45050215208,"Unadjusted"
718,"2000",-39.2383029018585,"Unadjusted"
719,"2000",-41.8702453987731,"Unadjusted"
720,"2000",41.1980198019802,"Unadjusted"
721,"2000",30.4777493606138,"Unadjusted"
722,"2000",90.9354338342218,"Unadjusted"
723,"2000",50.9289069171648,"Unadjusted"
724,"2000",337.132290184921,"Unadjusted"
725,"2000",56.0233045910044,"Unadjusted"
726,"2000",-409.496598639458,"Unadjusted"
727,"2000",77.4193548387096,"Unadjusted"
728,"2000",54.5657309140705,"Unadjusted"
729,"2000",49.7903366743769,"Unadjusted"
730,"2000",42.3820853743877,"Unadjusted"
731,"2000",-144.487163907033,"Unadjusted"
732,"2000",428.274606741575,"Unadjusted"
733,"2000",-140.362637362638,"Unadjusted"
734,"2000",-56.1619454836984,"Unadjusted"
735,"2000",92.3076923076925,"Unadjusted"
736,"2000",-26.1962181419567,"Unadjusted"
737,"2000",-74.3044740973312,"Unadjusted"
738,"2000",187.198233562316,"Unadjusted"
739,"2000",134.6921108742,"Unadjusted"
740,"2000",55.13196125908,"Unadjusted"
741,"2000",37.291206225681,"Unadjusted"
742,"2000",-20.451777932167,"Unadjusted"
743,"2000",40.2379679144385,"Unadjusted"
744,"2000",-36.3620105421686,"Unadjusted"
745,"2000",251.072475143903,"Unadjusted"
746,"2000",55.3366960907945,"Unadjusted"
747,"2000",-29.0802115074386,"Unadjusted"
748,"2000",-123.915463917525,"Unadjusted"
749,"2000",25.0115255821198,"Unadjusted"
750,"2000",-523.32743362833,"Unadjusted"
751,"2000",31.5741867230891,"Unadjusted"
752,"2000",44.6398263548523,"Unadjusted"
753,"2000",-28.6328515346182,"Unadjusted"
754,"2000",120.362515566625,"Unadjusted"
755,"2000",1091.18799546999,"Unadjusted"
756,"2000",997.036923076921,"Unadjusted"
757,"2000",33.4481851657022,"Unadjusted"
758,"2000",141.361702127659,"Unadjusted"
759,"2000",29.2300755988706,"Unadjusted"
760,"2000",-110.389984825493,"Unadjusted"
761,"2000",-171.509460906818,"Unadjusted"
762,"2000",-83.4782345828294,"Unadjusted"
763,"2000",-274.713956834531,"Unadjusted"
764,"2000",-109.92577767612,"Unadjusted"
765,"2000",-41.5620802479765,"Unadjusted"
766,"2000",163.928571428571,"Unadjusted"
767,"2000",-44.6682719022042,"Unadjusted"
768,"2000",-40.2853361344538,"Unadjusted"
769,"2000",22.7506505909037,"Unadjusted"
770,"2000",68.4256566095075,"Unadjusted"
771,"2000",-88.8686720469555,"Unadjusted"
772,"2000",-755.983399209472,"Unadjusted"
773,"2000",-100.525392044864,"Unadjusted"
774,"2000",-118.246925725528,"Unadjusted"
775,"2000",48.4773662551441,"Unadjusted"
776,"2000",74.779326364692,"Unadjusted"
777,"2000",-42.8317799917359,"Unadjusted"
778,"2000",38.9071701879887,"Unadjusted"
779,"2000",2103.49999999983,"Unadjusted"
780,"2000",-35.640161573849,"Unadjusted"
781,"2000",118.813578394598,"Unadjusted"
782,"2000",307.082670906201,"Unadjusted"
783,"2000",-92.6078299345902,"Unadjusted"
784,"2000",-25.5712062256809,"Unadjusted"
785,"2000",472.053624627603,"Unadjusted"
786,"2000",71.2225554889022,"Unadjusted"
787,"2000",100.560501567398,"Unadjusted"
788,"2000",39.521295765419,"Unadjusted"
789,"2000",213.216633575999,"Unadjusted"
790,"2000",36.1437092054918,"Unadjusted"
791,"2000",80.1246882793019,"Unadjusted"
792,"2000",90.2019002375297,"Unadjusted"
793,"2000",-62.4288294098679,"Unadjusted"
794,"2000",56.4336448598132,"Unadjusted"
795,"2000",62.0817454640046,"Unadjusted"
796,"2000",-78.2035483870969,"Unadjusted"
797,"2000",64.3351063829788,"Unadjusted"
798,"2000",56.4204492003763,"Unadjusted"
799,"2000",54.3638015215171,"Unadjusted"
800,"2000",-296.585358255448,"Unadjusted"
801,"2000",640.426063470641,"Unadjusted"
802,"2000",143.717754172989,"Unadjusted"
803,"2000",64.5285885645742,"Unadjusted"
804,"2000",25.7045103161486,"Unadjusted"
805,"2000",109.171205772812,"Unadjusted"
806,"2000",-47.237426035503,"Unadjusted"
807,"2000",-199.839349799451,"Unadjusted"
808,"2000",55.8139534883722,"Unadjusted"
809,"2000",-93.0034833091433,"Unadjusted"
810,"2000",217.4598540146,"Unadjusted"
811,"2000",602.002506265648,"Unadjusted"
812,"2000",-21.6185685866715,"Unadjusted"
813,"2000",1421.21428571421,"Unadjusted"
814,"2000",-205.189189189188,"Unadjusted"
815,"2000",-55.810720461095,"Unadjusted"
816,"2000",54.8421515204782,"Unadjusted"
817,"2000",-30.4188809402146,"Unadjusted"
818,"2000",34.1077389984825,"Unadjusted"
819,"2000",231.644592663171,"Unadjusted"
820,"2000",-108.729927007299,"Unadjusted"
821,"2000",40.830851800554,"Unadjusted"
822,"2000",39.0565320470896,"Unadjusted"
823,"2000",26.5947538968658,"Unadjusted"
824,"2000",-132.996683250414,"Unadjusted"
825,"2000",96.9308681672028,"Unadjusted"
826,"2000",-26.2293016263496,"Unadjusted"
827,"2000",-72.7023433979268,"Unadjusted"
828,"2000",-24.7432286023835,"Unadjusted"
829,"2000",-57.1797319734346,"Unadjusted"
830,"2000",-77.7791586998089,"Unadjusted"
831,"2000",-83.2081545064376,"Unadjusted"
832,"2000",-38.4578696343403,"Unadjusted"
833,"2000",111.245486518171,"Unadjusted"
834,"2000",56.0630920360193,"Unadjusted"
835,"2000",346.382801161102,"Unadjusted"
836,"2000",4212.85903083688,"Unadjusted"
837,"2000",-71.4426290382473,"Unadjusted"
838,"2000",23.1899055918664,"Unadjusted"
839,"2000",57.1428571428573,"Unadjusted"
840,"2000",-323.710067114094,"Unadjusted"
841,"2000",66.5688715953307,"Unadjusted"
842,"2000",36.0349576271186,"Unadjusted"
843,"2000",-126.997877984085,"Unadjusted"
844,"2000",-39.6934173437241,"Unadjusted"
845,"2000",-69.1768421052632,"Unadjusted"
846,"2000",-252.313421052632,"Unadjusted"
847,"2000",-49.4411210057622,"Unadjusted"
848,"2000",23.7027226807934,"Unadjusted"
849,"2000",-46.4024205748865,"Unadjusted"
850,"2000",-401.630212765961,"Unadjusted"
851,"2000",-76.700600695542,"Unadjusted"
852,"2000",-103.823034616629,"Unadjusted"
853,"2000",-69.2281665702718,"Unadjusted"
854,"2000",192.924383340072,"Unadjusted"
855,"2000",255.883333333334,"Unadjusted"
856,"2000",-32.605247184191,"Unadjusted"
857,"2000",42.9910052910053,"Unadjusted"
858,"2000",117.968460111317,"Unadjusted"
859,"2000",40.2395693135936,"Unadjusted"
860,"2000",-64.357027788965,"Unadjusted"
861,"2000",56.6108786610878,"Unadjusted"
862,"2000",64.8648648648648,"Unadjusted"
863,"2000",-49.4312883435584,"Unadjusted"
864,"2000",54.3918274687855,"Unadjusted"
865,"2000",-39.3102543068089,"Unadjusted"
866,"2000",78.651115618661,"Unadjusted"
867,"2000",-38.3877872206484,"Unadjusted"
868,"2000",-42.9788491446345,"Unadjusted"
869,"2000",-38.4133633020024,"Unadjusted"
870,"2000",-154.387917329093,"Unadjusted"
871,"2000",225.053871268658,"Unadjusted"
872,"2000",66.2981790591806,"Unadjusted"
873,"2000",-61.9932898773007,"Unadjusted"
874,"2000",29.4394825993225,"Unadjusted"
875,"2000",28.4515224831819,"Unadjusted"
876,"2000",157.175239331495,"Unadjusted"
877,"2000",-589.668910648719,"Unadjusted"
878,"2000",31.6697019325254,"Unadjusted"
879,"2000",-236.454342431762,"Unadjusted"
880,"2000",223.825934579438,"Unadjusted"
881,"2000",262.296406376657,"Unadjusted"
882,"2000",-232.260700389104,"Unadjusted"
883,"2000",-106.35335689046,"Unadjusted"
884,"2000",80.767701342282,"Unadjusted"
885,"2000",78.1242130750603,"Unadjusted"
886,"2000",39.8613126649077,"Unadjusted"
887,"2000",59.0686567164179,"Unadjusted"
888,"2000",-178.181632653063,"Unadjusted"
889,"2000",-46.8344627299129,"Unadjusted"
890,"2000",720.909090909082,"Unadjusted"
891,"2000",120.803571428571,"Unadjusted"
892,"2000",-37.9532805919628,"Unadjusted"
893,"2000",49.8059210526316,"Unadjusted"
894,"2000",-147.299166409385,"Unadjusted"
895,"2000",-41.4925225186399,"Unadjusted"
896,"2000",-115.038608198284,"Unadjusted"
897,"2000",27.7342284986688,"Unadjusted"
898,"2000",-117.267383600147,"Unadjusted"
899,"2000",-36.6444444444444,"Unadjusted"
900,"2000",-144.417910447761,"Unadjusted"
901,"2000",-35.3939929328622,"Unadjusted"
902,"2000",-474.660839160844,"Unadjusted"
903,"2000",-130.863821138211,"Unadjusted"
904,"2000",-276.669745958429,"Unadjusted"
905,"2000",-57.9335621475853,"Unadjusted"
906,"2000",44.9270579411212,"Unadjusted"
907,"2000",45.5960264900661,"Unadjusted"
908,"2000",20.1848925410872,"Unadjusted"
909,"2000",-44.2956441149212,"Unadjusted"
910,"2000",497.663422131151,"Unadjusted"
911,"2000",46.7018423844892,"Unadjusted"
912,"2000",-77.0936960631217,"Unadjusted"
913,"2000",140.571767497034,"Unadjusted"
914,"2000",-419.161220043572,"Unadjusted"
915,"2000",616.163265306113,"Unadjusted"
916,"2000",-1395.86588921284,"Unadjusted"
917,"2000",-37.8629655934344,"Unadjusted"
918,"2000",429.278571428577,"Unadjusted"
919,"2000",231.433078393881,"Unadjusted"
920,"2000",65.2902385247544,"Unadjusted"
921,"2000",-59.9483729662077,"Unadjusted"
922,"2000",-40.5807101485772,"Unadjusted"
923,"2000",93.417971014493,"Unadjusted"
924,"2000",-51.3212747631352,"Unadjusted"
925,"2000",57.5690821256039,"Unadjusted"
926,"2000",79.1720341087839,"Unadjusted"
927,"2000",98.1195476575119,"Unadjusted"
928,"2000",-71.8860534124632,"Unadjusted"
929,"2000",21.8959923880293,"Unadjusted"
930,"2000",-54.7148850574713,"Unadjusted"
931,"2000",-330.345666324084,"Unadjusted"
932,"2000",80.4575971731449,"Unadjusted"
933,"2000",-60.2475411930005,"Unadjusted"
934,"2000",115.044061757719,"Unadjusted"
935,"2000",225.955446699323,"Unadjusted"
936,"2000",-107.64705882353,"Unadjusted"
937,"2000",35.348948374761,"Unadjusted"
938,"2000",36.2530619935933,"Unadjusted"
939,"2000",-52.9713114754099,"Unadjusted"
940,"2000",115.445020624632,"Unadjusted"
941,"2000",-93.0469902912621,"Unadjusted"
942,"2000",95.9999999999998,"Unadjusted"
943,"2000",-52.2665649520487,"Unadjusted"
944,"2000",32.9596330275229,"Unadjusted"
945,"2000",-45.2830188679246,"Unadjusted"
946,"2000",-38.1419055308841,"Unadjusted"
947,"2000",-44.0722132843024,"Unadjusted"
948,"2000",59.8272450532724,"Unadjusted"
949,"2000",-120,"Unadjusted"
950,"2000",-23.2320335080586,"Unadjusted"
951,"2000",-306.680064308684,"Unadjusted"
952,"2000",73.1363052512279,"Unadjusted"
953,"2000",-50.3291060934117,"Unadjusted"
954,"2000",38.7096774193549,"Unadjusted"
955,"2000",-865.079040852594,"Unadjusted"
956,"2000",42.4121475054229,"Unadjusted"
957,"2000",115.0457970332,"Unadjusted"
958,"2000",-30.2264624654783,"Unadjusted"
959,"2000",-84.404872899991,"Unadjusted"
960,"2000",-180.912547528517,"Unadjusted"
961,"2000",253.470308788598,"Unadjusted"
962,"2000",-38.0385466034755,"Unadjusted"
963,"2000",-36.904761904762,"Unadjusted"
964,"2000",-367.064442759671,"Unadjusted"
965,"2000",-171.428571428572,"Unadjusted"
966,"2000",106.490658362989,"Unadjusted"
967,"2000",-52.0833333333333,"Unadjusted"
968,"2000",-151.100157728706,"Unadjusted"
969,"2000",-34.31933511386,"Unadjusted"
970,"2000",32.3528062601187,"Unadjusted"
971,"2000",156.18583485024,"Unadjusted"
972,"2000",209.125863557858,"Unadjusted"
973,"2000",53.5799687709123,"Unadjusted"
974,"2000",189.184669672614,"Unadjusted"
975,"2000",116.413043478261,"Unadjusted"
976,"2000",100.365434941903,"Unadjusted"
977,"2000",-151.643037974684,"Unadjusted"
978,"2000",156.478189570351,"Unadjusted"
979,"2000",168.044148563421,"Unadjusted"
980,"2000",-63.2934415584414,"Unadjusted"
981,"2000",51.9479006375027,"Unadjusted"
982,"2000",940.562499999995,"Unadjusted"
983,"2000",272.997732426304,"Unadjusted"
984,"2000",-46.610251450677,"Unadjusted"
985,"2000",-29.7319212933952,"Unadjusted"
986,"2000",89.4200187090736,"Unadjusted"
987,"2000",-44.006468305304,"Unadjusted"
988,"2000",-61.0917407878018,"Unadjusted"
989,"2000",-58.8931769064527,"Unadjusted"
990,"2000",107.551863041289,"Unadjusted"
991,"2000",-88.5579776515845,"Unadjusted"
992,"2000",-33.319130158506,"Unadjusted"
993,"2000",58.2129763627593,"Unadjusted"
994,"2000",115.0457970332,"Unadjusted"
995,"2000",189.6971294669,"Unadjusted"
996,"2000",-140.593795942369,"Unadjusted"
997,"2000",-49.2941327184217,"Unadjusted"
998,"2000",468.45136186771,"Unadjusted"
999,"2000",61.1580839861308,"Unadjusted"
1000,"2000",486.983739837394,"Unadjusted"
1,"4000",224.006585136408,"Unadjusted"
2,"4000",-348.158933138471,"Unadjusted"
3,"4000",79.3536641157876,"Unadjusted"
4,"4000",-81.7933398214362,"Unadjusted"
5,"4000",101.966060443969,"Unadjusted"
6,"4000",52.5969820464808,"Unadjusted"
7,"4000",1104.07312826466,"Unadjusted"
8,"4000",-129.3509766218,"Unadjusted"
9,"4000",-64.7375034143677,"Unadjusted"
10,"4000",38.5593869731801,"Unadjusted"
11,"4000",350.755807572706,"Unadjusted"
12,"4000",-29.3950692436464,"Unadjusted"
13,"4000",67.0320806599451,"Unadjusted"
14,"4000",-69.7670930106162,"Unadjusted"
15,"4000",38.6899515249445,"Unadjusted"
16,"4000",152.857074109721,"Unadjusted"
17,"4000",296.640781908778,"Unadjusted"
18,"4000",-75.8569043644171,"Unadjusted"
19,"4000",-124.031962881815,"Unadjusted"
20,"4000",-1422.7823660714,"Unadjusted"
21,"4000",-1314.62713019773,"Unadjusted"
22,"4000",-57.5429877730949,"Unadjusted"
23,"4000",-39.9367488931056,"Unadjusted"
24,"4000",-72.8439454235363,"Unadjusted"
25,"4000",107.000727272727,"Unadjusted"
26,"4000",99.2968493009865,"Unadjusted"
27,"4000",-54.6910965564581,"Unadjusted"
28,"4000",-119.489638107022,"Unadjusted"
29,"4000",29.2529637060003,"Unadjusted"
30,"4000",1222.2,"Unadjusted"
31,"4000",-199.465094584088,"Unadjusted"
32,"4000",121.824192721681,"Unadjusted"
33,"4000",107.124975645058,"Unadjusted"
34,"4000",81.5927092709272,"Unadjusted"
35,"4000",82.6946350120111,"Unadjusted"
36,"4000",-132.931932627192,"Unadjusted"
37,"4000",73.0314658480429,"Unadjusted"
38,"4000",173.44616986599,"Unadjusted"
39,"4000",75.6287657920313,"Unadjusted"
40,"4000",-99.2532356595567,"Unadjusted"
41,"4000",43.4061892929749,"Unadjusted"
42,"4000",-394.820314114489,"Unadjusted"
43,"4000",-77.1340050377834,"Unadjusted"
44,"4000",-51.8225174041771,"Unadjusted"
45,"4000",57.4733724296638,"Unadjusted"
46,"4000",460.417046271874,"Unadjusted"
47,"4000",-303.648009459996,"Unadjusted"
48,"4000",52.8552056714204,"Unadjusted"
49,"4000",-157.171351798264,"Unadjusted"
50,"4000",87.382920110193,"Unadjusted"
51,"4000",100.41604010025,"Unadjusted"
52,"4000",-328.043596730247,"Unadjusted"
53,"4000",67.2424137031561,"Unadjusted"
54,"4000",-593.073474470746,"Unadjusted"
55,"4000",-5056.14741035883,"Unadjusted"
56,"4000",142.218426616223,"Unadjusted"
57,"4000",-5176.49999999904,"Unadjusted"
58,"4000",58.7722218818918,"Unadjusted"
59,"4000",203.08547368421,"Unadjusted"
60,"4000",-245.266111467009,"Unadjusted"
61,"4000",77.6824558207326,"Unadjusted"
62,"4000",-203.17644566829,"Unadjusted"
63,"4000",115.583105853806,"Unadjusted"
64,"4000",91.9207908898712,"Unadjusted"
65,"4000",82.3164912584012,"Unadjusted"
66,"4000",316.506792918894,"Unadjusted"
67,"4000",-53.5382494927587,"Unadjusted"
68,"4000",181.24772492729,"Unadjusted"
69,"4000",91.7074190177638,"Unadjusted"
70,"4000",81.586026495654,"Unadjusted"
71,"4000",243.262158054711,"Unadjusted"
72,"4000",103.260685364938,"Unadjusted"
73,"4000",-2332.7307692307,"Unadjusted"
74,"4000",-80.2925851703406,"Unadjusted"
75,"4000",24.1961432819272,"Unadjusted"
76,"4000",-39.2157743923808,"Unadjusted"
77,"4000",73.7064730418662,"Unadjusted"
78,"4000",-195.191883819136,"Unadjusted"
79,"4000",-241.884700524951,"Unadjusted"
80,"4000",66.8725208493939,"Unadjusted"
81,"4000",-62.3241973375098,"Unadjusted"
82,"4000",47.9872399582939,"Unadjusted"
83,"4000",251.361486486489,"Unadjusted"
84,"4000",231.24842615012,"Unadjusted"
85,"4000",63.0618526142446,"Unadjusted"
86,"4000",92.5580924996344,"Unadjusted"
87,"4000",33.7045410251413,"Unadjusted"
88,"4000",194.101575121163,"Unadjusted"
89,"4000",-436.865580915247,"Unadjusted"
90,"4000",195.706472525212,"Unadjusted"
91,"4000",41.6146405228758,"Unadjusted"
92,"4000",38.6926759651005,"Unadjusted"
93,"4000",-48.6753273114786,"Unadjusted"
94,"4000",-68.5256451099076,"Unadjusted"
95,"4000",-64.7639890701108,"Unadjusted"
96,"4000",-769.775960752254,"Unadjusted"
97,"4000",131.10137775036,"Unadjusted"
98,"4000",30.5732484076433,"Unadjusted"
99,"4000",128.526556714911,"Unadjusted"
100,"4000",-101.226013130488,"Unadjusted"
101,"4000",70.0600234678219,"Unadjusted"
102,"4000",2751.26785714301,"Unadjusted"
103,"4000",25220.6315789451,"Unadjusted"
104,"4000",144.387451098405,"Unadjusted"
105,"4000",-97.5336796756207,"Unadjusted"
106,"4000",70.8571875690402,"Unadjusted"
107,"4000",30.0058568842006,"Unadjusted"
108,"4000",-196.051948051948,"Unadjusted"
109,"4000",1023.00158269586,"Unadjusted"
110,"4000",-105.391400220507,"Unadjusted"
111,"4000",74.48,"Unadjusted"
112,"4000",-359.373558368494,"Unadjusted"
113,"4000",42.2327247313707,"Unadjusted"
114,"4000",-50.9987206823027,"Unadjusted"
115,"4000",58.5257605495584,"Unadjusted"
116,"4000",83.5833044457923,"Unadjusted"
117,"4000",-150.996514713453,"Unadjusted"
118,"4000",-35.1963982393015,"Unadjusted"
119,"4000",-346.575107296136,"Unadjusted"
120,"4000",52.6877133105802,"Unadjusted"
121,"4000",-246.23872527193,"Unadjusted"
122,"4000",-242.943285280729,"Unadjusted"
123,"4000",-211.12,"Unadjusted"
124,"4000",45.4427069831019,"Unadjusted"
125,"4000",-78.2108851820286,"Unadjusted"
126,"4000",1909.68750000001,"Unadjusted"
127,"4000",172.044285906582,"Unadjusted"
128,"4000",-65.3312611012435,"Unadjusted"
129,"4000",69.2704257767549,"Unadjusted"
130,"4000",68.3721824880798,"Unadjusted"
131,"4000",105.161224766292,"Unadjusted"
132,"4000",286.482642019838,"Unadjusted"
133,"4000",-83.4353446387099,"Unadjusted"
134,"4000",1876.31231813767,"Unadjusted"
135,"4000",-70.820501442201,"Unadjusted"
136,"4000",111.281995661605,"Unadjusted"
137,"4000",102.387299633386,"Unadjusted"
138,"4000",-83.3584345243295,"Unadjusted"
139,"4000",53.5651038773471,"Unadjusted"
140,"4000",-56.3504718421473,"Unadjusted"
141,"4000",70.1806948261115,"Unadjusted"
142,"4000",172.938287153652,"Unadjusted"
143,"4000",-64.9897270176035,"Unadjusted"
144,"4000",-18.2650314260841,"Unadjusted"
145,"4000",-125.539436619718,"Unadjusted"
146,"4000",16687.6147186146,"Unadjusted"
147,"4000",-299.337628865979,"Unadjusted"
148,"4000",92.6339652139925,"Unadjusted"
149,"4000",-347.408909815285,"Unadjusted"
150,"4000",-170.178961564396,"Unadjusted"
151,"4000",73.0699774266367,"Unadjusted"
152,"4000",131.018323810811,"Unadjusted"
153,"4000",394.657263028307,"Unadjusted"
154,"4000",57.7381270496781,"Unadjusted"
155,"4000",59.2458637997272,"Unadjusted"
156,"4000",36.9214247995776,"Unadjusted"
157,"4000",195.921009771987,"Unadjusted"
158,"4000",130.874155232439,"Unadjusted"
159,"4000",-170.28855721393,"Unadjusted"
160,"4000",-95.7821475032521,"Unadjusted"
161,"4000",-30.751893834231,"Unadjusted"
162,"4000",51.0637308607006,"Unadjusted"
163,"4000",-80.1742021276595,"Unadjusted"
164,"4000",36.8886337543054,"Unadjusted"
165,"4000",138.049021368288,"Unadjusted"
166,"4000",76.0905675301564,"Unadjusted"
167,"4000",50.1644295302014,"Unadjusted"
168,"4000",100.301768990634,"Unadjusted"
169,"4000",-102.201902888883,"Unadjusted"
170,"4000",-77.2289910089912,"Unadjusted"
171,"4000",75.2685887708649,"Unadjusted"
172,"4000",-49.2481662122202,"Unadjusted"
173,"4000",29.7902226999743,"Unadjusted"
174,"4000",43.1471276787323,"Unadjusted"
175,"4000",305.587936865837,"Unadjusted"
176,"4000",84.3634083573235,"Unadjusted"
177,"4000",-51.6129032258064,"Unadjusted"
178,"4000",-73.5445219845176,"Unadjusted"
179,"4000",-319.999665383972,"Unadjusted"
180,"4000",176.259395725866,"Unadjusted"
181,"4000",1181.50705088907,"Unadjusted"
182,"4000",55.0959335624284,"Unadjusted"
183,"4000",91.8637129785698,"Unadjusted"
184,"4000",114.403332332633,"Unadjusted"
185,"4000",-70.0280366918183,"Unadjusted"
186,"4000",148.219488188976,"Unadjusted"
187,"4000",-50.7691614066727,"Unadjusted"
188,"4000",-139.322096152448,"Unadjusted"
189,"4000",-1006.58375098921,"Unadjusted"
190,"4000",70.9380490060102,"Unadjusted"
191,"4000",-36.5024270458568,"Unadjusted"
192,"4000",-87.602755453502,"Unadjusted"
193,"4000",152.715666003976,"Unadjusted"
194,"4000",-64.6188870151772,"Unadjusted"
195,"4000",-519.713959424975,"Unadjusted"
196,"4000",68.0258966263438,"Unadjusted"
197,"4000",34.6907681211684,"Unadjusted"
198,"4000",51.5365059369054,"Unadjusted"
199,"4000",59.2885786997763,"Unadjusted"
200,"4000",-139.238922675934,"Unadjusted"
201,"4000",317.756913877582,"Unadjusted"
202,"4000",53.4758080313418,"Unadjusted"
203,"4000",-167.346078559311,"Unadjusted"
204,"4000",4496.6857142859,"Unadjusted"
205,"4000",173.455056179775,"Unadjusted"
206,"4000",122.351515151515,"Unadjusted"
207,"4000",64.0773792378984,"Unadjusted"
208,"4000",-150.984938690219,"Unadjusted"
209,"4000",-125.580219493075,"Unadjusted"
210,"4000",-52.1601629327902,"Unadjusted"
211,"4000",1422.606386929,"Unadjusted"
212,"4000",787.112863070546,"Unadjusted"
213,"4000",51.146635420154,"Unadjusted"
214,"4000",35.2086165314624,"Unadjusted"
215,"4000",120.646541985691,"Unadjusted"
216,"4000",-83.9504781868207,"Unadjusted"
217,"4000",70.6994160907647,"Unadjusted"
218,"4000",-68.0231455165554,"Unadjusted"
219,"4000",57.7707078313253,"Unadjusted"
220,"4000",-11080.3604651145,"Unadjusted"
221,"4000",-2131.8214285714,"Unadjusted"
222,"4000",158.841708542714,"Unadjusted"
223,"4000",68.6710521611672,"Unadjusted"
224,"4000",72.578475336323,"Unadjusted"
225,"4000",94.7760779201612,"Unadjusted"
226,"4000",-92.4449357301634,"Unadjusted"
227,"4000",66.3981754531188,"Unadjusted"
228,"4000",-117.7203125,"Unadjusted"
229,"4000",85.3886431983018,"Unadjusted"
230,"4000",63.2836809003642,"Unadjusted"
231,"4000",98.2699806063076,"Unadjusted"
232,"4000",-56.853115727003,"Unadjusted"
233,"4000",-210.162488291365,"Unadjusted"
234,"4000",-35.638858642544,"Unadjusted"
235,"4000",45.5621626739892,"Unadjusted"
236,"4000",321.233581584295,"Unadjusted"
237,"4000",-71.200323101777,"Unadjusted"
238,"4000",-400,"Unadjusted"
239,"4000",-47.8594527363184,"Unadjusted"
240,"4000",-513.045636509213,"Unadjusted"
241,"4000",70.1684673136788,"Unadjusted"
242,"4000",183.522533669633,"Unadjusted"
243,"4000",599.078129902728,"Unadjusted"
244,"4000",-388.476827276438,"Unadjusted"
245,"4000",48.3569452130603,"Unadjusted"
246,"4000",110.411460577337,"Unadjusted"
247,"4000",25.8623525301658,"Unadjusted"
248,"4000",-317.707740916274,"Unadjusted"
249,"4000",203.151799020651,"Unadjusted"
250,"4000",42.5674033635643,"Unadjusted"
251,"4000",-486.623519032021,"Unadjusted"
252,"4000",-868.039772727267,"Unadjusted"
253,"4000",-37.7694402873392,"Unadjusted"
254,"4000",-77.0411610233556,"Unadjusted"
255,"4000",58.4236432477912,"Unadjusted"
256,"4000",181.469359792109,"Unadjusted"
257,"4000",352.08791613022,"Unadjusted"
258,"4000",-491.297831632662,"Unadjusted"
259,"4000",-89.2775623268695,"Unadjusted"
260,"4000",-78.3411620545288,"Unadjusted"
261,"4000",-99.2197240807011,"Unadjusted"
262,"4000",-63.5819494584837,"Unadjusted"
263,"4000",56.3860319051691,"Unadjusted"
264,"4000",-266.159078442126,"Unadjusted"
265,"4000",29.7354294478528,"Unadjusted"
266,"4000",72.813690248566,"Unadjusted"
267,"4000",-52.5979557069847,"Unadjusted"
268,"4000",-112.829474872953,"Unadjusted"
269,"4000",-197.216448885473,"Unadjusted"
270,"4000",23.5423456379559,"Unadjusted"
271,"4000",-108.68235530316,"Unadjusted"
272,"4000",193.873052245647,"Unadjusted"
273,"4000",33.5350955131052,"Unadjusted"
274,"4000",-403.836734693879,"Unadjusted"
275,"4000",37.7078127145407,"Unadjusted"
276,"4000",-62.1761298743678,"Unadjusted"
277,"4000",-182.154764168885,"Unadjusted"
278,"4000",112.216566458467,"Unadjusted"
279,"4000",139.906684984995,"Unadjusted"
280,"4000",127.261270761929,"Unadjusted"
281,"4000",647.729692832772,"Unadjusted"
282,"4000",-47.9071215139442,"Unadjusted"
283,"4000",-39.1587859294012,"Unadjusted"
284,"4000",188.460879952219,"Unadjusted"
285,"4000",-73.4554275318373,"Unadjusted"
286,"4000",170.62493280774,"Unadjusted"
287,"4000",130.23431230401,"Unadjusted"
288,"4000",45.7192116477272,"Unadjusted"
289,"4000",137.766473988439,"Unadjusted"
290,"4000",-90.0420364315741,"Unadjusted"
291,"4000",-153.710717163578,"Unadjusted"
292,"4000",45.0448772226926,"Unadjusted"
293,"4000",-65.7055214723926,"Unadjusted"
294,"4000",-89.273769011737,"Unadjusted"
295,"4000",48.9402916405741,"Unadjusted"
296,"4000",223.380281690141,"Unadjusted"
297,"4000",713.252771618642,"Unadjusted"
298,"4000",-48.688263229308,"Unadjusted"
299,"4000",114.785444630872,"Unadjusted"
300,"4000",182.090316835396,"Unadjusted"
301,"4000",-149.885015772871,"Unadjusted"
302,"4000",40.8103584648971,"Unadjusted"
303,"4000",46.2611478763086,"Unadjusted"
304,"4000",143.066852990498,"Unadjusted"
305,"4000",75.2743502025089,"Unadjusted"
306,"4000",-73.4314202334628,"Unadjusted"
307,"4000",149.699074800063,"Unadjusted"
308,"4000",-71.1582516400089,"Unadjusted"
309,"4000",382.061350303276,"Unadjusted"
310,"4000",111.198007220217,"Unadjusted"
311,"4000",-338.069518716578,"Unadjusted"
312,"4000",-29.1964825147824,"Unadjusted"
313,"4000",86.1700448430494,"Unadjusted"
314,"4000",-154.953658536586,"Unadjusted"
315,"4000",-97.4997713414633,"Unadjusted"
316,"4000",-78.7996766337159,"Unadjusted"
317,"4000",266.681151397731,"Unadjusted"
318,"4000",195.21737574146,"Unadjusted"
319,"4000",-47.5078012437658,"Unadjusted"
320,"4000",-87.1638086642601,"Unadjusted"
321,"4000",-139.889739437657,"Unadjusted"
322,"4000",-392.255226744781,"Unadjusted"
323,"4000",91.4745529573594,"Unadjusted"
324,"4000",58.7028014616323,"Unadjusted"
325,"4000",324.770236087686,"Unadjusted"
326,"4000",178.672897196261,"Unadjusted"
327,"4000",215.467210807768,"Unadjusted"
328,"4000",42.7887323943662,"Unadjusted"
329,"4000",34454.4054054032,"Unadjusted"
330,"4000",-135.748407192412,"Unadjusted"
331,"4000",311.510150044131,"Unadjusted"
332,"4000",179.384426533259,"Unadjusted"
333,"4000",97.793979111202,"Unadjusted"
334,"4000",-21.4707927677329,"Unadjusted"
335,"4000",37.1530382011982,"Unadjusted"
336,"4000",-455.402964008479,"Unadjusted"
337,"4000",51.5614733698357,"Unadjusted"
338,"4000",-76.3745941159106,"Unadjusted"
339,"4000",39.1661793571604,"Unadjusted"
340,"4000",60.1095002745743,"Unadjusted"
341,"4000",-59.3070652173913,"Unadjusted"
342,"4000",131.915166563211,"Unadjusted"
343,"4000",-46.0936685244098,"Unadjusted"
344,"4000",-33.7598945976941,"Unadjusted"
345,"4000",-44.4846561947363,"Unadjusted"
346,"4000",-293.274311152047,"Unadjusted"
347,"4000",-1491.54714064912,"Unadjusted"
348,"4000",147.469072362618,"Unadjusted"
349,"4000",198.812114673242,"Unadjusted"
350,"4000",-214.677060133631,"Unadjusted"
351,"4000",115.389046555159,"Unadjusted"
352,"4000",-51.6086569459244,"Unadjusted"
353,"4000",80.7504180602009,"Unadjusted"
354,"4000",-261.497396546996,"Unadjusted"
355,"4000",27.9416119731676,"Unadjusted"
356,"4000",528.929021649766,"Unadjusted"
357,"4000",-87.9104477611941,"Unadjusted"
358,"4000",-73.0173634909758,"Unadjusted"
359,"4000",57.8671076732111,"Unadjusted"
360,"4000",-417.523535166862,"Unadjusted"
361,"4000",59.3960631257425,"Unadjusted"
362,"4000",89.7980592891799,"Unadjusted"
363,"4000",-95.7097015297228,"Unadjusted"
364,"4000",-137.773503967971,"Unadjusted"
365,"4000",43.5043380027112,"Unadjusted"
366,"4000",45.1236457842675,"Unadjusted"
367,"4000",-94.815882700256,"Unadjusted"
368,"4000",-64.7965554359528,"Unadjusted"
369,"4000",30.7829199693173,"Unadjusted"
370,"4000",97.0871614844536,"Unadjusted"
371,"4000",142.881720430108,"Unadjusted"
372,"4000",-293.083792048933,"Unadjusted"
373,"4000",-177.687141535615,"Unadjusted"
374,"4000",170.594003606853,"Unadjusted"
375,"4000",-11978.6211180136,"Unadjusted"
376,"4000",-240.805562453438,"Unadjusted"
377,"4000",77.9903060602364,"Unadjusted"
378,"4000",51.6808033315423,"Unadjusted"
379,"4000",-246.304439611056,"Unadjusted"
380,"4000",-56.2653493295694,"Unadjusted"
381,"4000",58.8548461609534,"Unadjusted"
382,"4000",63.5176625949159,"Unadjusted"
383,"4000",26384.0000000001,"Unadjusted"
384,"4000",101.995496220042,"Unadjusted"
385,"4000",-55.5425593936744,"Unadjusted"
386,"4000",33.6123719361951,"Unadjusted"
387,"4000",-94.7073104737544,"Unadjusted"
388,"4000",87.5323917436816,"Unadjusted"
389,"4000",84.0947995666305,"Unadjusted"
390,"4000",-62.6233928102859,"Unadjusted"
391,"4000",53.3238128011011,"Unadjusted"
392,"4000",-1063.04982009412,"Unadjusted"
393,"4000",-59.0396688353736,"Unadjusted"
394,"4000",-466.675230247211,"Unadjusted"
395,"4000",-128.830094466937,"Unadjusted"
396,"4000",41.0190344827586,"Unadjusted"
397,"4000",129.818474326317,"Unadjusted"
398,"4000",55.1332560834298,"Unadjusted"
399,"4000",727.939024390252,"Unadjusted"
400,"4000",-135.726651480638,"Unadjusted"
401,"4000",-57.8043737274716,"Unadjusted"
402,"4000",119.461509563911,"Unadjusted"
403,"4000",138.396885900248,"Unadjusted"
404,"4000",-36.9567367119901,"Unadjusted"
405,"4000",37.2715935334874,"Unadjusted"
406,"4000",87.7976588628761,"Unadjusted"
407,"4000",76.1435927348796,"Unadjusted"
408,"4000",30.7959320572099,"Unadjusted"
409,"4000",72.8011058209185,"Unadjusted"
410,"4000",92.9162011173185,"Unadjusted"
411,"4000",-31.6781354878807,"Unadjusted"
412,"4000",244.285604113111,"Unadjusted"
413,"4000",394.84370860927,"Unadjusted"
414,"4000",160.567585743107,"Unadjusted"
415,"4000",-114.797544005709,"Unadjusted"
416,"4000",130.073677795084,"Unadjusted"
417,"4000",-39.0661677345979,"Unadjusted"
418,"4000",204.959956942949,"Unadjusted"
419,"4000",-55.7768130598093,"Unadjusted"
420,"4000",-56.1137485311399,"Unadjusted"
421,"4000",-64.4398573561122,"Unadjusted"
422,"4000",287.41799775028,"Unadjusted"
423,"4000",36.0039782522212,"Unadjusted"
424,"4000",235.972602739727,"Unadjusted"
425,"4000",-123.024888321634,"Unadjusted"
426,"4000",56.0394284047827,"Unadjusted"
427,"4000",-143.376053015838,"Unadjusted"
428,"4000",47.5368044192369,"Unadjusted"
429,"4000",122.62734480758,"Unadjusted"
430,"4000",68.5281011211885,"Unadjusted"
431,"4000",-272.645827358762,"Unadjusted"
432,"4000",160.26268055089,"Unadjusted"
433,"4000",-167.36974350026,"Unadjusted"
434,"4000",-221.261794634598,"Unadjusted"
435,"4000",63.3176362563125,"Unadjusted"
436,"4000",-94.8927250308259,"Unadjusted"
437,"4000",66.8009847110651,"Unadjusted"
438,"4000",93.8076545632974,"Unadjusted"
439,"4000",-62.9463684939641,"Unadjusted"
440,"4000",-137.488215488216,"Unadjusted"
441,"4000",-286.176250933534,"Unadjusted"
442,"4000",47.2168859432189,"Unadjusted"
443,"4000",-69.9780450965583,"Unadjusted"
444,"4000",-28.9999395455335,"Unadjusted"
445,"4000",758.167127071836,"Unadjusted"
446,"4000",-2458.34560723532,"Unadjusted"
447,"4000",-1781.43518518515,"Unadjusted"
448,"4000",49.2140498852176,"Unadjusted"
449,"4000",38.6553741263325,"Unadjusted"
450,"4000",419.779919416306,"Unadjusted"
451,"4000",-50.8187134502923,"Unadjusted"
452,"4000",121.91011235955,"Unadjusted"
453,"4000",71.2343256653135,"Unadjusted"
454,"4000",-40.9220819381945,"Unadjusted"
455,"4000",95.8479359730416,"Unadjusted"
456,"4000",73.1540822590547,"Unadjusted"
457,"4000",126.1781401965,"Unadjusted"
458,"4000",-291.949924127464,"Unadjusted"
459,"4000",32.1049648680896,"Unadjusted"
460,"4000",-655.662224500249,"Unadjusted"
461,"4000",-263.88888888889,"Unadjusted"
462,"4000",-62.7289251844048,"Unadjusted"
463,"4000",-879.600510677819,"Unadjusted"
464,"4000",-292.44538198404,"Unadjusted"
465,"4000",44.4015534115844,"Unadjusted"
466,"4000",73.4031342828854,"Unadjusted"
467,"4000",59.1091430421311,"Unadjusted"
468,"4000",42.364936042137,"Unadjusted"
469,"4000",-64.5238617116669,"Unadjusted"
470,"4000",200.131533601378,"Unadjusted"
471,"4000",-90.2825260490005,"Unadjusted"
472,"4000",121.405698388335,"Unadjusted"
473,"4000",-57.2343632253203,"Unadjusted"
474,"4000",-67.5295768717984,"Unadjusted"
475,"4000",85.8716119828815,"Unadjusted"
476,"4000",-62.2971874491952,"Unadjusted"
477,"4000",32.2695441588254,"Unadjusted"
478,"4000",-493.503604531415,"Unadjusted"
479,"4000",32.185756884757,"Unadjusted"
480,"4000",-126.869985262813,"Unadjusted"
481,"4000",171.919630156473,"Unadjusted"
482,"4000",-37.5232854015031,"Unadjusted"
483,"4000",-245.052631578948,"Unadjusted"
484,"4000",139.844826338639,"Unadjusted"
485,"4000",-193.382613957241,"Unadjusted"
486,"4000",190.814089245078,"Unadjusted"
487,"4000",-60.8900849858358,"Unadjusted"
488,"4000",100.775065963061,"Unadjusted"
489,"4000",119.852663016426,"Unadjusted"
490,"4000",31.6645025211746,"Unadjusted"
491,"4000",-34.0090395480226,"Unadjusted"
492,"4000",23.174575698725,"Unadjusted"
493,"4000",126.617502458211,"Unadjusted"
494,"4000",-41.6828763579927,"Unadjusted"
495,"4000",-32.1320590790617,"Unadjusted"
496,"4000",76.3392995336839,"Unadjusted"
497,"4000",122.369843123638,"Unadjusted"
498,"4000",645.187132538216,"Unadjusted"
499,"4000",150.251990632318,"Unadjusted"
500,"4000",-165.050463439753,"Unadjusted"
501,"4000",-78.6506221349051,"Unadjusted"
502,"4000",-37.4973499084514,"Unadjusted"
503,"4000",284.74285714286,"Unadjusted"
504,"4000",39.2696387409991,"Unadjusted"
505,"4000",47.5855488744223,"Unadjusted"
506,"4000",-45.9066267584555,"Unadjusted"
507,"4000",-89.2527968869431,"Unadjusted"
508,"4000",-793.217617659329,"Unadjusted"
509,"4000",-89.0393753927068,"Unadjusted"
510,"4000",57.8249890570992,"Unadjusted"
511,"4000",-164.641301540845,"Unadjusted"
512,"4000",266.666666666664,"Unadjusted"
513,"4000",89.3431281383671,"Unadjusted"
514,"4000",-35.9806763285024,"Unadjusted"
515,"4000",-128.383720930232,"Unadjusted"
516,"4000",44.4842031686859,"Unadjusted"
517,"4000",31.1262654668167,"Unadjusted"
518,"4000",-60.0770635270415,"Unadjusted"
519,"4000",68.6301962739998,"Unadjusted"
520,"4000",65.5478229652803,"Unadjusted"
521,"4000",591.855244863292,"Unadjusted"
522,"4000",-55.7028243665142,"Unadjusted"
523,"4000",166.062916040369,"Unadjusted"
524,"4000",-35.4279888309207,"Unadjusted"
525,"4000",-60.979094076655,"Unadjusted"
526,"4000",-38.3093798185714,"Unadjusted"
527,"4000",-198.171357615894,"Unadjusted"
528,"4000",52.4639423076923,"Unadjusted"
529,"4000",-607.078537360886,"Unadjusted"
530,"4000",220.379548088063,"Unadjusted"
531,"4000",362.223893303068,"Unadjusted"
532,"4000",-88.6394318207981,"Unadjusted"
533,"4000",-269.444444444444,"Unadjusted"
534,"4000",-104.281851512374,"Unadjusted"
535,"4000",246.448026824864,"Unadjusted"
536,"4000",177.769897959185,"Unadjusted"
537,"4000",328.107526881717,"Unadjusted"
538,"4000",98.8716578920203,"Unadjusted"
539,"4000",-591.392172029703,"Unadjusted"
540,"4000",60.2835460503623,"Unadjusted"
541,"4000",-53.7111716621253,"Unadjusted"
542,"4000",52.2370467025499,"Unadjusted"
543,"4000",-543.685606060606,"Unadjusted"
544,"4000",60.1249202907793,"Unadjusted"
545,"4000",-342.94861695461,"Unadjusted"
546,"4000",-40.1512906309751,"Unadjusted"
547,"4000",128.706823925864,"Unadjusted"
548,"4000",174.329664281784,"Unadjusted"
549,"4000",65.0961136648557,"Unadjusted"
550,"4000",273.902787705502,"Unadjusted"
551,"4000",-908.030075187969,"Unadjusted"
552,"4000",53.3246977547496,"Unadjusted"
553,"4000",-37.3400641648843,"Unadjusted"
554,"4000",-169.846136816472,"Unadjusted"
555,"4000",94.0706858677081,"Unadjusted"
556,"4000",47.2718353260199,"Unadjusted"
557,"4000",146.90371389271,"Unadjusted"
558,"4000",-45.0796695190322,"Unadjusted"
559,"4000",-93.7065659785221,"Unadjusted"
560,"4000",49.9491132491017,"Unadjusted"
561,"4000",-263.843673134735,"Unadjusted"
562,"4000",869.981574158332,"Unadjusted"
563,"4000",75.624783634933,"Unadjusted"
564,"4000",87.1236946509192,"Unadjusted"
565,"4000",-239.523575210215,"Unadjusted"
566,"4000",-236.558798230525,"Unadjusted"
567,"4000",-89.241314199396,"Unadjusted"
568,"4000",121.926020408163,"Unadjusted"
569,"4000",-100.166910229645,"Unadjusted"
570,"4000",77.8017848370724,"Unadjusted"
571,"4000",489.741758241758,"Unadjusted"
572,"4000",-100.502514668902,"Unadjusted"
573,"4000",-134.406779661018,"Unadjusted"
574,"4000",-35.230851854912,"Unadjusted"
575,"4000",80.4209337349399,"Unadjusted"
576,"4000",-62.8540915349814,"Unadjusted"
577,"4000",-65.4298397830079,"Unadjusted"
578,"4000",49.6649701604361,"Unadjusted"
579,"4000",54.0582178217821,"Unadjusted"
580,"4000",88.137118420454,"Unadjusted"
581,"4000",-115.533600048128,"Unadjusted"
582,"4000",275.079902453018,"Unadjusted"
583,"4000",-44.0598420833911,"Unadjusted"
584,"4000",-280.681818181816,"Unadjusted"
585,"4000",-214.447814451383,"Unadjusted"
586,"4000",-87.0815051311291,"Unadjusted"
587,"4000",325.479693486591,"Unadjusted"
588,"4000",37.7101745557477,"Unadjusted"
589,"4000",-75.3046205600078,"Unadjusted"
590,"4000",178.495522388059,"Unadjusted"
591,"4000",-304.701052964926,"Unadjusted"
592,"4000",103.767230169051,"Unadjusted"
593,"4000",184.412026832773,"Unadjusted"
594,"4000",114.68053254616,"Unadjusted"
595,"4000",-41.1026011872639,"Unadjusted"
596,"4000",72.9779272451687,"Unadjusted"
597,"4000",-60.7563905930471,"Unadjusted"
598,"4000",60.7316076294279,"Unadjusted"
599,"4000",-110.499625834676,"Unadjusted"
600,"4000",-604.391805577201,"Unadjusted"
601,"4000",-943.677924012904,"Unadjusted"
602,"4000",101.315636458879,"Unadjusted"
603,"4000",-140.916434540391,"Unadjusted"
604,"4000",126.280387647831,"Unadjusted"
605,"4000",-42.8849671590934,"Unadjusted"
606,"4000",105.459518599562,"Unadjusted"
607,"4000",75.1826267008481,"Unadjusted"
608,"4000",256.384844473861,"Unadjusted"
609,"4000",274.373638968479,"Unadjusted"
610,"4000",141.948855243722,"Unadjusted"
611,"4000",-26.0631050041017,"Unadjusted"
612,"4000",26.9266455277187,"Unadjusted"
613,"4000",44.4167623155136,"Unadjusted"
614,"4000",-68.8826192400971,"Unadjusted"
615,"4000",37.9260776824247,"Unadjusted"
616,"4000",49.0182777390811,"Unadjusted"
617,"4000",85.7142857142854,"Unadjusted"
618,"4000",-88.0378304466728,"Unadjusted"
619,"4000",-413.746147260275,"Unadjusted"
620,"4000",57.8460186298077,"Unadjusted"
621,"4000",-64.2525205624836,"Unadjusted"
622,"4000",77.3506968745627,"Unadjusted"
623,"4000",345.182923558337,"Unadjusted"
624,"4000",34.4960578186596,"Unadjusted"
625,"4000",51.3373292294401,"Unadjusted"
626,"4000",42.089131318458,"Unadjusted"
627,"4000",99.117951370926,"Unadjusted"
628,"4000",-79.5462875457123,"Unadjusted"
629,"4000",62.3724816117684,"Unadjusted"
630,"4000",-382.381375386771,"Unadjusted"
631,"4000",80.9597081218275,"Unadjusted"
632,"4000",-234.078038379531,"Unadjusted"
633,"4000",110.865665148922,"Unadjusted"
634,"4000",-61.1077759774117,"Unadjusted"
635,"4000",-90.6204593391143,"Unadjusted"
636,"4000",101.781900404623,"Unadjusted"
637,"4000",128.356080606891,"Unadjusted"
638,"4000",-347.244245870569,"Unadjusted"
639,"4000",135.382666433689,"Unadjusted"
640,"4000",73.0059171597635,"Unadjusted"
641,"4000",380.796261497379,"Unadjusted"
642,"4000",64,"Unadjusted"
643,"4000",69.6319144299568,"Unadjusted"
644,"4000",31.1557425595973,"Unadjusted"
645,"4000",-70.837991823748,"Unadjusted"
646,"4000",-1478.63726613203,"Unadjusted"
647,"4000",41.985418600841,"Unadjusted"
648,"4000",90.5307346326839,"Unadjusted"
649,"4000",53.5290437890974,"Unadjusted"
650,"4000",91.4469147005444,"Unadjusted"
651,"4000",-56.8007626310772,"Unadjusted"
652,"4000",-203.700370566436,"Unadjusted"
653,"4000",-132.581439788757,"Unadjusted"
654,"4000",97.970477450881,"Unadjusted"
655,"4000",-65.0821940899819,"Unadjusted"
656,"4000",530.681506849314,"Unadjusted"
657,"4000",370.187076148031,"Unadjusted"
658,"4000",307.442155437064,"Unadjusted"
659,"4000",-67.1683449972949,"Unadjusted"
660,"4000",-68.2214520248084,"Unadjusted"
661,"4000",308.007259672915,"Unadjusted"
662,"4000",69.3478479919389,"Unadjusted"
663,"4000",-212.759254026561,"Unadjusted"
664,"4000",-60.4800000000001,"Unadjusted"
665,"4000",543.59550561797,"Unadjusted"
666,"4000",259.244139701411,"Unadjusted"
667,"4000",65.1078838174274,"Unadjusted"
668,"4000",-97.8400941687798,"Unadjusted"
669,"4000",-1067.78571428572,"Unadjusted"
670,"4000",86.4740765842088,"Unadjusted"
671,"4000",1496.83593749997,"Unadjusted"
672,"4000",-172.868686868687,"Unadjusted"
673,"4000",-55.8757151196731,"Unadjusted"
674,"4000",347.428571428568,"Unadjusted"
675,"4000",-405.922368142339,"Unadjusted"
676,"4000",-58.8196328074546,"Unadjusted"
677,"4000",35.2652098336231,"Unadjusted"
678,"4000",534.58809655937,"Unadjusted"
679,"4000",-456.276849641994,"Unadjusted"
680,"4000",41.4403838569739,"Unadjusted"
681,"4000",67.1508973263337,"Unadjusted"
682,"4000",341.808316157363,"Unadjusted"
683,"4000",-118.128016660542,"Unadjusted"
684,"4000",222.740495391705,"Unadjusted"
685,"4000",-279.999708454811,"Unadjusted"
686,"4000",-79.9532577903682,"Unadjusted"
687,"4000",138.452914798206,"Unadjusted"
688,"4000",61.4928229665071,"Unadjusted"
689,"4000",-81.9123287671234,"Unadjusted"
690,"4000",-77.6863525588954,"Unadjusted"
691,"4000",3972.26666666679,"Unadjusted"
692,"4000",1161.92307692305,"Unadjusted"
693,"4000",528.01854395604,"Unadjusted"
694,"4000",-69.6804391794279,"Unadjusted"
695,"4000",-320.483720930238,"Unadjusted"
696,"4000",55.7009126841537,"Unadjusted"
697,"4000",121.562033641077,"Unadjusted"
698,"4000",758.774225186324,"Unadjusted"
699,"4000",51.2703560474731,"Unadjusted"
700,"4000",-47.4657869375046,"Unadjusted"
701,"4000",-53.0030724315308,"Unadjusted"
702,"4000",-106.318597560976,"Unadjusted"
703,"4000",70.642555535157,"Unadjusted"
704,"4000",221.07946245983,"Unadjusted"
705,"4000",-361.538659793814,"Unadjusted"
706,"4000",787.499999999975,"Unadjusted"
707,"4000",-74.4758152597909,"Unadjusted"
708,"4000",114.380616975749,"Unadjusted"
709,"4000",137.619758759333,"Unadjusted"
710,"4000",61.0446016463908,"Unadjusted"
711,"4000",-122.597813354158,"Unadjusted"
712,"4000",-210.535543460333,"Unadjusted"
713,"4000",43.8187862433255,"Unadjusted"
714,"4000",139.416666666667,"Unadjusted"
715,"4000",-45.9586166443211,"Unadjusted"
716,"4000",-5040.89342105148,"Unadjusted"
717,"4000",130.503509545285,"Unadjusted"
718,"4000",-45.4356659142212,"Unadjusted"
719,"4000",-252.790778251601,"Unadjusted"
720,"4000",-36.2832280714965,"Unadjusted"
721,"4000",-359.476639880399,"Unadjusted"
722,"4000",-138.836956521739,"Unadjusted"
723,"4000",394.729289177758,"Unadjusted"
724,"4000",37.2839833359411,"Unadjusted"
725,"4000",-181.696512723845,"Unadjusted"
726,"4000",100.100270438943,"Unadjusted"
727,"4000",158.884911757394,"Unadjusted"
728,"4000",86.8101447327148,"Unadjusted"
729,"4000",73.9548357313227,"Unadjusted"
730,"4000",-401.449622035828,"Unadjusted"
731,"4000",-164.331961591222,"Unadjusted"
732,"4000",-936.774703557348,"Unadjusted"
733,"4000",48.0645691005954,"Unadjusted"
734,"4000",-60.3235803324098,"Unadjusted"
735,"4000",-42.7982482499192,"Unadjusted"
736,"4000",42.7914827201784,"Unadjusted"
737,"4000",147.882460083708,"Unadjusted"
738,"4000",-12372.1923076945,"Unadjusted"
739,"4000",32.4813166059625,"Unadjusted"
740,"4000",-188.778191072827,"Unadjusted"
741,"4000",59.3009365309398,"Unadjusted"
742,"4000",-66.4935340368299,"Unadjusted"
743,"4000",-44.2208163030337,"Unadjusted"
744,"4000",231.365250823874,"Unadjusted"
745,"4000",-110.285050699598,"Unadjusted"
746,"4000",-305.072727272726,"Unadjusted"
747,"4000",274.270309130121,"Unadjusted"
748,"4000",78.3680697200074,"Unadjusted"
749,"4000",99.9176037835001,"Unadjusted"
750,"4000",44.8623058542413,"Unadjusted"
751,"4000",-324.137638062873,"Unadjusted"
752,"4000",-41.6926299690896,"Unadjusted"
753,"4000",-54.044241474809,"Unadjusted"
754,"4000",78.8375472007882,"Unadjusted"
755,"4000",181.134428252718,"Unadjusted"
756,"4000",-37.9974557695319,"Unadjusted"
757,"4000",-396.310914760909,"Unadjusted"
758,"4000",31.495881383855,"Unadjusted"
759,"4000",-1554.04215174621,"Unadjusted"
760,"4000",34.8554382744378,"Unadjusted"
761,"4000",53.5524871931249,"Unadjusted"
762,"4000",-101.119366818553,"Unadjusted"
763,"4000",97.0834110794523,"Unadjusted"
764,"4000",136.326929843079,"Unadjusted"
765,"4000",-97.1801498506554,"Unadjusted"
766,"4000",555.494913311361,"Unadjusted"
767,"4000",74.3621293485877,"Unadjusted"
768,"4000",58.0236636382844,"Unadjusted"
769,"4000",55.0461088815216,"Unadjusted"
770,"4000",43.0800179462733,"Unadjusted"
771,"4000",619.281853281843,"Unadjusted"
772,"4000",-289.570310736589,"Unadjusted"
773,"4000",27.1920306296086,"Unadjusted"
774,"4000",-109.949094342862,"Unadjusted"
775,"4000",356.630321135174,"Unadjusted"
776,"4000",-53.1171301262479,"Unadjusted"
777,"4000",26.6876995462947,"Unadjusted"
778,"4000",-41.7229729729729,"Unadjusted"
779,"4000",536.052631578949,"Unadjusted"
780,"4000",-96.1759541888449,"Unadjusted"
781,"4000",-31.1883724311748,"Unadjusted"
782,"4000",113.471939379587,"Unadjusted"
783,"4000",-129.113398955404,"Unadjusted"
784,"4000",-306.825684380028,"Unadjusted"
785,"4000",45.5329926972686,"Unadjusted"
786,"4000",-145.257771038666,"Unadjusted"
787,"4000",552.880633200231,"Unadjusted"
788,"4000",482.380327868857,"Unadjusted"
789,"4000",-143.082280832095,"Unadjusted"
790,"4000",-163.615909575603,"Unadjusted"
791,"4000",132.630099228225,"Unadjusted"
792,"4000",223.825934579438,"Unadjusted"
793,"4000",-853.6778761062,"Unadjusted"
794,"4000",-45.0050287441125,"Unadjusted"
795,"4000",-91.0355239786857,"Unadjusted"
796,"4000",36.972470380737,"Unadjusted"
797,"4000",37.421073304856,"Unadjusted"
798,"4000",-58.4301482953676,"Unadjusted"
799,"4000",25.8679546932582,"Unadjusted"
800,"4000",-746.925875486384,"Unadjusted"
801,"4000",-217.636224836008,"Unadjusted"
802,"4000",-76.7888335987262,"Unadjusted"
803,"4000",-81.1350322265004,"Unadjusted"
804,"4000",115.54708046809,"Unadjusted"
805,"4000",164.300847457627,"Unadjusted"
806,"4000",238.676532769559,"Unadjusted"
807,"4000",425.152744630075,"Unadjusted"
808,"4000",-126.551300932744,"Unadjusted"
809,"4000",-67.5474354030082,"Unadjusted"
810,"4000",-75.7184998140427,"Unadjusted"
811,"4000",162.000000000001,"Unadjusted"
812,"4000",-983.715053763491,"Unadjusted"
813,"4000",-685.714285714283,"Unadjusted"
814,"4000",-42.9966072943172,"Unadjusted"
815,"4000",-27.3808353808354,"Unadjusted"
816,"4000",132.860096485182,"Unadjusted"
817,"4000",52.684693093225,"Unadjusted"
818,"4000",-31.1258406008149,"Unadjusted"
819,"4000",-164.28002730725,"Unadjusted"
820,"4000",-55.5251183739463,"Unadjusted"
821,"4000",59.8792407548817,"Unadjusted"
822,"4000",43.1777025956686,"Unadjusted"
823,"4000",114.057964100423,"Unadjusted"
824,"4000",-98.6591606960078,"Unadjusted"
825,"4000",-294.97553422112,"Unadjusted"
826,"4000",-80.7133056394766,"Unadjusted"
827,"4000",40.407110665999,"Unadjusted"
828,"4000",86.9790999684359,"Unadjusted"
829,"4000",24.9556665625976,"Unadjusted"
830,"4000",-165.881782945735,"Unadjusted"
831,"4000",70.0558791642933,"Unadjusted"
832,"4000",3318.37142857136,"Unadjusted"
833,"4000",51.1723768736617,"Unadjusted"
834,"4000",40.726813873422,"Unadjusted"
835,"4000",-36.3387035883497,"Unadjusted"
836,"4000",-144.153791584214,"Unadjusted"
837,"4000",55.5971690451329,"Unadjusted"
838,"4000",-37.4585474643653,"Unadjusted"
839,"4000",-129.194039959363,"Unadjusted"
840,"4000",55.3658053427332,"Unadjusted"
841,"4000",-912.710837671537,"Unadjusted"
842,"4000",218.181818181816,"Unadjusted"
843,"4000",-132.862520683949,"Unadjusted"
844,"4000",294.12307692308,"Unadjusted"
845,"4000",-42.3858749586504,"Unadjusted"
846,"4000",83.9255649091712,"Unadjusted"
847,"4000",-97.8812121212124,"Unadjusted"
848,"4000",914.99999999998,"Unadjusted"
849,"4000",-56.5925514499533,"Unadjusted"
850,"4000",472.404443353386,"Unadjusted"
851,"4000",90.4556723382194,"Unadjusted"
852,"4000",48.2494168108963,"Unadjusted"
853,"4000",130.874155232439,"Unadjusted"
854,"4000",-387.753807106594,"Unadjusted"
855,"4000",88.9323617076201,"Unadjusted"
856,"4000",-524.83252032521,"Unadjusted"
857,"4000",140.498918217223,"Unadjusted"
858,"4000",195.205384303386,"Unadjusted"
859,"4000",-48.8529218647408,"Unadjusted"
860,"4000",76.8827557378028,"Unadjusted"
861,"4000",477.126425384231,"Unadjusted"
862,"4000",248.137780066958,"Unadjusted"
863,"4000",261.222665764547,"Unadjusted"
864,"4000",180.706548405358,"Unadjusted"
865,"4000",78.1090403624383,"Unadjusted"
866,"4000",52.6274469569499,"Unadjusted"
867,"4000",111.865942028985,"Unadjusted"
868,"4000",502.549342105254,"Unadjusted"
869,"4000",-62.3756672488941,"Unadjusted"
870,"4000",-390.059457794203,"Unadjusted"
871,"4000",-111.457242582897,"Unadjusted"
872,"4000",-328.521802325576,"Unadjusted"
873,"4000",28.2801715561647,"Unadjusted"
874,"4000",65.6022110689095,"Unadjusted"
875,"4000",-354.14387755102,"Unadjusted"
876,"4000",-145.354750719806,"Unadjusted"
877,"4000",-196.572472594397,"Unadjusted"
878,"4000",113.539737631625,"Unadjusted"
879,"4000",-156.535328514578,"Unadjusted"
880,"4000",-70.3142877780989,"Unadjusted"
881,"4000",-78.823605626851,"Unadjusted"
882,"4000",-53.3171677982541,"Unadjusted"
883,"4000",-175.600689338235,"Unadjusted"
884,"4000",40.4221497885576,"Unadjusted"
885,"4000",-110.908057340584,"Unadjusted"
886,"4000",-50.3723714606296,"Unadjusted"
887,"4000",142.898516320474,"Unadjusted"
888,"4000",79.1166694092477,"Unadjusted"
889,"4000",77.0141706085145,"Unadjusted"
890,"4000",-57.5704856058446,"Unadjusted"
891,"4000",-74.8387121890451,"Unadjusted"
892,"4000",-158.679094540613,"Unadjusted"
893,"4000",115.910305803034,"Unadjusted"
894,"4000",1740.45562671551,"Unadjusted"
895,"4000",-1111.74202049782,"Unadjusted"
896,"4000",981.693333333308,"Unadjusted"
897,"4000",95.4543578657761,"Unadjusted"
898,"4000",-272.896995708155,"Unadjusted"
899,"4000",52.7248170380725,"Unadjusted"
900,"4000",-56.0763536072,"Unadjusted"
901,"4000",-143.721478408449,"Unadjusted"
902,"4000",61.2276952260514,"Unadjusted"
903,"4000",335.684507042252,"Unadjusted"
904,"4000",319.781186783547,"Unadjusted"
905,"4000",-462.304662088905,"Unadjusted"
906,"4000",53.9899698958145,"Unadjusted"
907,"4000",-45.3635266129318,"Unadjusted"
908,"4000",-95.7496251874065,"Unadjusted"
909,"4000",89.0093220919871,"Unadjusted"
910,"4000",220.113571017826,"Unadjusted"
911,"4000",-67.040979244279,"Unadjusted"
912,"4000",-108.013620885358,"Unadjusted"
913,"4000",75.4365229748932,"Unadjusted"
914,"4000",-37.9137773541444,"Unadjusted"
915,"4000",90.2093482554311,"Unadjusted"
916,"4000",-120.712230215828,"Unadjusted"
917,"4000",-191.854539010684,"Unadjusted"
918,"4000",-87.5629253243805,"Unadjusted"
919,"4000",-204.174919614149,"Unadjusted"
920,"4000",-36.4879388583712,"Unadjusted"
921,"4000",-66.6131165998169,"Unadjusted"
922,"4000",-1159.87750151607,"Unadjusted"
923,"4000",-235.854649376192,"Unadjusted"
924,"4000",-80.3830672998471,"Unadjusted"
925,"4000",-91.8268168396989,"Unadjusted"
926,"4000",-653.385790286612,"Unadjusted"
927,"4000",75.4808704532956,"Unadjusted"
928,"4000",-197.53205918619,"Unadjusted"
929,"4000",-79.0280968514998,"Unadjusted"
930,"4000",116.375,"Unadjusted"
931,"4000",-114.773441018405,"Unadjusted"
932,"4000",-89.0183494698021,"Unadjusted"
933,"4000",1616.56160938814,"Unadjusted"
934,"4000",43.9520979979888,"Unadjusted"
935,"4000",808.167904903427,"Unadjusted"
936,"4000",175.908178904835,"Unadjusted"
937,"4000",-34.3486143463204,"Unadjusted"
938,"4000",-254.736580516898,"Unadjusted"
939,"4000",87.3990638990639,"Unadjusted"
940,"4000",41.0565190015261,"Unadjusted"
941,"4000",129.514717769096,"Unadjusted"
942,"4000",123.73587742307,"Unadjusted"
943,"4000",-67.7031241804927,"Unadjusted"
944,"4000",269.791509037411,"Unadjusted"
945,"4000",77.1428571428572,"Unadjusted"
946,"4000",-33.2087684473979,"Unadjusted"
947,"4000",41.3813121229454,"Unadjusted"
948,"4000",-57.1313519968157,"Unadjusted"
949,"4000",-566.903182827542,"Unadjusted"
950,"4000",-125.808039806207,"Unadjusted"
951,"4000",150.474948713902,"Unadjusted"
952,"4000",-108.506738544474,"Unadjusted"
953,"4000",-51.7205898137712,"Unadjusted"
954,"4000",72.3868122401589,"Unadjusted"
955,"4000",74.1301792421616,"Unadjusted"
956,"4000",-105.366847826087,"Unadjusted"
957,"4000",39.4781746031746,"Unadjusted"
958,"4000",241.457871536524,"Unadjusted"
959,"4000",118.939477303989,"Unadjusted"
960,"4000",-99.8377641622102,"Unadjusted"
961,"4000",-449.84381551363,"Unadjusted"
962,"4000",56.4780402449694,"Unadjusted"
963,"4000",64.5171809729146,"Unadjusted"
964,"4000",136.062111801242,"Unadjusted"
965,"4000",-76.2246283128635,"Unadjusted"
966,"4000",-494.181818181825,"Unadjusted"
967,"4000",270.264406779661,"Unadjusted"
968,"4000",-440.100976450314,"Unadjusted"
969,"4000",56.9596367305752,"Unadjusted"
970,"4000",72.414319952067,"Unadjusted"
971,"4000",-231.847833935016,"Unadjusted"
972,"4000",518.307441607823,"Unadjusted"
973,"4000",-382.766564021059,"Unadjusted"
974,"4000",73.6490613697685,"Unadjusted"
975,"4000",-385.975223395614,"Unadjusted"
976,"4000",54.4255674518202,"Unadjusted"
977,"4000",2627.9591836733,"Unadjusted"
978,"4000",260.906120508119,"Unadjusted"
979,"4000",-52.0957095709572,"Unadjusted"
980,"4000",93.8009346723677,"Unadjusted"
981,"4000",35.554357550659,"Unadjusted"
982,"4000",-296.437810945274,"Unadjusted"
983,"4000",-58.2204791180835,"Unadjusted"
984,"4000",451.122569239839,"Unadjusted"
985,"4000",46.0656884057971,"Unadjusted"
986,"4000",-30.6633210519629,"Unadjusted"
987,"4000",371.283665651705,"Unadjusted"
988,"4000",-96.3793241752732,"Unadjusted"
989,"4000",-367.908745247152,"Unadjusted"
990,"4000",-32.7522935779816,"Unadjusted"
991,"4000",-238.80213270142,"Unadjusted"
992,"4000",-79.2232400058029,"Unadjusted"
993,"4000",151.536169710327,"Unadjusted"
994,"4000",39.1643101970865,"Unadjusted"
995,"4000",-118.127253218884,"Unadjusted"
996,"4000",-216.971659919029,"Unadjusted"
997,"4000",259.221759890863,"Unadjusted"
998,"4000",85243.8888887397,"Unadjusted"
999,"4000",-49.5323974783908,"Unadjusted"
1000,"4000",-103.40877047203,"Unadjusted"
