"id","n","EIN","TYPE"
1,"500",3.88490212294155,"IV"
2,"500",NA,"IV"
3,"500",3.99841951767746,"IV"
4,"500",3.71894469026272,"IV"
5,"500",4.04961756974066,"IV"
6,"500",5.477067887783,"IV"
7,"500",3.3171683548716,"IV"
8,"500",5.84570941082504,"IV"
9,"500",6.97068265196663,"IV"
10,"500",6.09176805719755,"IV"
11,"500",4.5546682319048,"IV"
12,"500",3.46600335534189,"IV"
13,"500",3.41304347826091,"IV"
14,"500",3.92401452841631,"IV"
15,"500",5.13771630446647,"IV"
16,"500",5.97902074816861,"IV"
17,"500",5.28959438617608,"IV"
18,"500",3.80558507018685,"IV"
19,"500",NA,"IV"
20,"500",4.12205258552463,"IV"
21,"500",5.34839480402081,"IV"
22,"500",NA,"IV"
23,"500",7.29318988668439,"IV"
24,"500",5.17440279337726,"IV"
25,"500",4.35558723632688,"IV"
26,"500",5.89082571187446,"IV"
27,"500",3.4878844617399,"IV"
28,"500",5.92002382488699,"IV"
29,"500",3.20299863696598,"IV"
30,"500",6.67918775526546,"IV"
31,"500",3.17786075421795,"IV"
32,"500",6.24049558811434,"IV"
33,"500",3.67560915625944,"IV"
34,"500",3.10989010989015,"IV"
35,"500",4.09402063784923,"IV"
36,"500",3.42243971746984,"IV"
37,"500",3.5722335097054,"IV"
38,"500",3.5864046389578,"IV"
39,"500",7.33285429076003,"IV"
40,"500",5.47898769827671,"IV"
41,"500",6.40300222223025,"IV"
42,"500",3.80603636834445,"IV"
43,"500",7.28484231997818,"IV"
44,"500",3.30000292060172,"IV"
45,"500",6.28017798649846,"IV"
46,"500",9.35390679750566,"IV"
47,"500",NA,"IV"
48,"500",3.87728609840156,"IV"
49,"500",3.36278682895581,"IV"
50,"500",4.16538735044168,"IV"
51,"500",6.03783708392714,"IV"
52,"500",3.93842731163971,"IV"
53,"500",4.20717336013627,"IV"
54,"500",5.78876389360543,"IV"
55,"500",3.1521739310064,"IV"
56,"500",4.2692622236559,"IV"
57,"500",4.96505410393021,"IV"
58,"500",5.0144501548135,"IV"
59,"500",6.91531986358056,"IV"
60,"500",3.28888891455321,"IV"
61,"500",4.06150604769997,"IV"
62,"500",3.62500000000001,"IV"
63,"500",3.24175824175825,"IV"
64,"500",5.45493089639289,"IV"
65,"500",5.01227794546502,"IV"
66,"500",5.8469481315646,"IV"
67,"500",3.34764686475987,"IV"
68,"500",4.24285574244975,"IV"
69,"500",3.72487186904435,"IV"
70,"500",4.19760843486538,"IV"
71,"500",NA,"IV"
72,"500",3.95217278781781,"IV"
73,"500",3.41772151898734,"IV"
74,"500",7.96444972324969,"IV"
75,"500",7.3217637248505,"IV"
76,"500",4.88584697007668,"IV"
77,"500",3.41084814755109,"IV"
78,"500",3.56790123464258,"IV"
79,"500",5.36505244633951,"IV"
80,"500",6.4688244369576,"IV"
81,"500",6.96629998042801,"IV"
82,"500",3.44318185687847,"IV"
83,"500",5.1083131752562,"IV"
84,"500",4.83151736594442,"IV"
85,"500",3.37334406347812,"IV"
86,"500",4.8167482347871,"IV"
87,"500",6.82806957245917,"IV"
88,"500",5.20592018731251,"IV"
89,"500",5.46019257325012,"IV"
90,"500",3.12563360237081,"IV"
91,"500",5.3628978623355,"IV"
92,"500",6.89369441166044,"IV"
93,"500",4.65380364201533,"IV"
94,"500",3.15400529144911,"IV"
95,"500",3.57365623050879,"IV"
96,"500",4.20732914954339,"IV"
97,"500",3.40697675149632,"IV"
98,"500",NA,"IV"
99,"500",4.75002333062148,"IV"
100,"500",6.5662986591527,"IV"
101,"500",3.40728696273075,"IV"
102,"500",3.25806473040437,"IV"
103,"500",6.33947582837755,"IV"
104,"500",4.73750145228929,"IV"
105,"500",5.18903803019411,"IV"
106,"500",4.17808219178082,"IV"
107,"500",4.37894331116637,"IV"
108,"500",5.51635361989574,"IV"
109,"500",NA,"IV"
110,"500",5.56862316144981,"IV"
111,"500",NA,"IV"
112,"500",4.29362455695055,"IV"
113,"500",5.50075383422146,"IV"
114,"500",4.77914621148273,"IV"
115,"500",6.26155210883528,"IV"
116,"500",NA,"IV"
117,"500",3.59509364421751,"IV"
118,"500",3.85714308288804,"IV"
119,"500",5.19145150040522,"IV"
120,"500",NA,"IV"
121,"500",4.76057978527425,"IV"
122,"500",4.89606641061392,"IV"
123,"500",6.56860931254664,"IV"
124,"500",3.95601401360955,"IV"
125,"500",3.27385255783801,"IV"
126,"500",4.52307567765773,"IV"
127,"500",3.92307692307697,"IV"
128,"500",3.07779379101479,"IV"
129,"500",3.52325581395354,"IV"
130,"500",4.46513825048345,"IV"
131,"500",3.71229502344706,"IV"
132,"500",NA,"IV"
133,"500",5.18918408286067,"IV"
134,"500",3.36685142145857,"IV"
135,"500",3.81806339319394,"IV"
136,"500",3.59985082699986,"IV"
137,"500",4.33876904839684,"IV"
138,"500",3.40697674426277,"IV"
139,"500",NA,"IV"
140,"500",3.45884748223101,"IV"
141,"500",4.44739403563594,"IV"
142,"500",NA,"IV"
143,"500",4.19118532745035,"IV"
144,"500",5.20567124317644,"IV"
145,"500",4.96358215822421,"IV"
146,"500",5.51698611977474,"IV"
147,"500",3.90666666666669,"IV"
148,"500",5.57964375035395,"IV"
149,"500",3.54651162790696,"IV"
150,"500",7.84978803453807,"IV"
151,"500",4.1820219689027,"IV"
152,"500",7.03271199710993,"IV"
153,"500",4.55162314309501,"IV"
154,"500",3.69492064816443,"IV"
155,"500",4.45439098930384,"IV"
156,"500",6.9261591589564,"IV"
157,"500",8.55355560567793,"IV"
158,"500",4.13645606513779,"IV"
159,"500",3.70588835310616,"IV"
160,"500",3.62268152732913,"IV"
161,"500",3.80000006722693,"IV"
162,"500",3.67888850589361,"IV"
163,"500",4.31980014082474,"IV"
164,"500",4.22824554712486,"IV"
165,"500",5.47645868587707,"IV"
166,"500",4.29160158359054,"IV"
167,"500",4.4247949646602,"IV"
168,"500",5.03789332292883,"IV"
169,"500",3.71976078296539,"IV"
170,"500",6.45104853557674,"IV"
171,"500",9.31440626821909,"IV"
172,"500",4.70829078502907,"IV"
173,"500",4.10376836473456,"IV"
174,"500",7.34155030828421,"IV"
175,"500",6.57763015644988,"IV"
176,"500",3.46590909090908,"IV"
177,"500",7.09407194981238,"IV"
178,"500",4.78178645888251,"IV"
179,"500",3.72352349783413,"IV"
180,"500",NA,"IV"
181,"500",5.46391438976203,"IV"
182,"500",3.57706126393316,"IV"
183,"500",4.32241335754608,"IV"
184,"500",3.45987669774311,"IV"
185,"500",4.35706746306567,"IV"
186,"500",5.05189873655884,"IV"
187,"500",6.56507711376452,"IV"
188,"500",3.68354430379754,"IV"
189,"500",NA,"IV"
190,"500",9.83585196477609,"IV"
191,"500",3.59906329560253,"IV"
192,"500",8.90547290120281,"IV"
193,"500",4.34919998927557,"IV"
194,"500",3.16483517635661,"IV"
195,"500",3.76699967327723,"IV"
196,"500",4.07633738400045,"IV"
197,"500",4.68486445927955,"IV"
198,"500",4.24639825125719,"IV"
199,"500",3.7395136944116,"IV"
200,"500",3.40188386471698,"IV"
201,"500",5.07751399110072,"IV"
202,"500",5.418695272747,"IV"
203,"500",4.75060820309632,"IV"
204,"500",4.04597663496218,"IV"
205,"500",3.68524682097903,"IV"
206,"500",4.04983056742714,"IV"
207,"500",3.54651162790696,"IV"
208,"500",3.86307574181237,"IV"
209,"500",3.27944460917855,"IV"
210,"500",3.97261596483715,"IV"
211,"500",3.80246913580249,"IV"
212,"500",4.85527331224891,"IV"
213,"500",5.41337841924921,"IV"
214,"500",4.15701879145854,"IV"
215,"500",5.94875795016942,"IV"
216,"500",3.76356946479811,"IV"
217,"500",6.73757726607468,"IV"
218,"500",3.54140670213763,"IV"
219,"500",4.23500132800643,"IV"
220,"500",3.86250000000002,"IV"
221,"500",4.41399339027003,"IV"
222,"500",3.65692398244729,"IV"
223,"500",3.85171403041087,"IV"
224,"500",3.24871905851261,"IV"
225,"500",5.50432556325008,"IV"
226,"500",3.43939621868956,"IV"
227,"500",NA,"IV"
228,"500",4.79853279155761,"IV"
229,"500",3.27472675687602,"IV"
230,"500",4.93220351966735,"IV"
231,"500",4.54819137909363,"IV"
232,"500",7.35414533686363,"IV"
233,"500",5.40469289290821,"IV"
234,"500",3.28090550258647,"IV"
235,"500",4.86282242676009,"IV"
236,"500",3.14310783582224,"IV"
237,"500",6.03142386763327,"IV"
238,"500",7.82931816524148,"IV"
239,"500",3.68947710225399,"IV"
240,"500",3.51552131694975,"IV"
241,"500",4.37795668973952,"IV"
242,"500",7.37165152306492,"IV"
243,"500",4.12677729368621,"IV"
244,"500",4.39924123658746,"IV"
245,"500",4.65861075675546,"IV"
246,"500",4.00305409872469,"IV"
247,"500",4.50016997737237,"IV"
248,"500",3.30852683748516,"IV"
249,"500",3.48887741626976,"IV"
250,"500",5.33371164917447,"IV"
251,"500",3.97821982024901,"IV"
252,"500",3.47558394124108,"IV"
253,"500",3.53749999999999,"IV"
254,"500",3.64481537773605,"IV"
255,"500",4.13809354887097,"IV"
256,"500",3.95964648890914,"IV"
257,"500",5.65877385588456,"IV"
258,"500",4.04203051152651,"IV"
259,"500",9.05029115682295,"IV"
260,"500",4.50214285869111,"IV"
261,"500",6.66149868276021,"IV"
262,"500",5.08421349514271,"IV"
263,"500",3.61400478316504,"IV"
264,"500",4.18309859154932,"IV"
265,"500",6.83085052990966,"IV"
266,"500",NA,"IV"
267,"500",3.89822156364207,"IV"
268,"500",3.24715261059062,"IV"
269,"500",9.48961891063081,"IV"
270,"500",3.30232558139539,"IV"
271,"500",5.86074985826463,"IV"
272,"500",9.17934514980015,"IV"
273,"500",NA,"IV"
274,"500",9.20508636922484,"IV"
275,"500",5.70107823140315,"IV"
276,"500",5.18592474651437,"IV"
277,"500",4.71303696023539,"IV"
278,"500",5.07569376078803,"IV"
279,"500",6.87571898555141,"IV"
280,"500",4.76790314253655,"IV"
281,"500",4.72211078564634,"IV"
282,"500",3.60227272745532,"IV"
283,"500",3.14038232706736,"IV"
284,"500",3.74609383647917,"IV"
285,"500",4.24431917287168,"IV"
286,"500",3.53550491800766,"IV"
287,"500",5.44360682732412,"IV"
288,"500",7.51306869191604,"IV"
289,"500",5.9136958068857,"IV"
290,"500",8.85955952531138,"IV"
291,"500",NA,"IV"
292,"500",4.54394617425253,"IV"
293,"500",3.86503279102195,"IV"
294,"500",5.4825402433903,"IV"
295,"500",6.70203396637347,"IV"
296,"500",7.00041689087068,"IV"
297,"500",3.46195078580251,"IV"
298,"500",9.62058611928309,"IV"
299,"500",4.00898589546703,"IV"
300,"500",5.21232117936215,"IV"
301,"500",4.50746269556178,"IV"
302,"500",5.56797986411134,"IV"
303,"500",5.23138937075751,"IV"
304,"500",4.07798386723975,"IV"
305,"500",3.36390965412954,"IV"
306,"500",4.41298753467378,"IV"
307,"500",4.99045969774417,"IV"
308,"500",7.10389008942137,"IV"
309,"500",6.10431612079784,"IV"
310,"500",3.29579780380374,"IV"
311,"500",4.83013893500384,"IV"
312,"500",NA,"IV"
313,"500",4.10549971071708,"IV"
314,"500",3.25806451612902,"IV"
315,"500",4.01657577838275,"IV"
316,"500",NA,"IV"
317,"500",4.27800082587806,"IV"
318,"500",6.09566078369055,"IV"
319,"500",4.28498973531182,"IV"
320,"500",3.53888774678718,"IV"
321,"500",4.01537485777004,"IV"
322,"500",NA,"IV"
323,"500",4.35319827672276,"IV"
324,"500",4.17657812921115,"IV"
325,"500",6.09602823641297,"IV"
326,"500",8.12290947742146,"IV"
327,"500",7.63676009010273,"IV"
328,"500",4.03620365938201,"IV"
329,"500",6.20008632652223,"IV"
330,"500",4.43136862161346,"IV"
331,"500",6.62104269779946,"IV"
332,"500",3.76823824144925,"IV"
333,"500",3.35078340326829,"IV"
334,"500",3.90091619974391,"IV"
335,"500",3.66366632558597,"IV"
336,"500",3.98483607740969,"IV"
337,"500",3.86112679242645,"IV"
338,"500",4.25099345812234,"IV"
339,"500",3.37862905480007,"IV"
340,"500",4.85298374082552,"IV"
341,"500",NA,"IV"
342,"500",3.8828999774254,"IV"
343,"500",4.16480202507125,"IV"
344,"500",8.58413647623642,"IV"
345,"500",5.02183845437108,"IV"
346,"500",NA,"IV"
347,"500",4.76076255944364,"IV"
348,"500",4.47921324684911,"IV"
349,"500",4.54565303554702,"IV"
350,"500",3.33946090529317,"IV"
351,"500",3.83257447552154,"IV"
352,"500",3.73684210526315,"IV"
353,"500",5.50967195182534,"IV"
354,"500",4.58731739120752,"IV"
355,"500",7.2199840404995,"IV"
356,"500",4.265374885616,"IV"
357,"500",5.134661875784,"IV"
358,"500",3.69474816302942,"IV"
359,"500",5.78695270378399,"IV"
360,"500",4.19547871105148,"IV"
361,"500",4.51377828011039,"IV"
362,"500",5.48409591862324,"IV"
363,"500",6.20554445902736,"IV"
364,"500",9.0340327408613,"IV"
365,"500",3.36576714431194,"IV"
366,"500",3.41177262556036,"IV"
367,"500",4.49068111979096,"IV"
368,"500",5.39677022710029,"IV"
369,"500",3.25594205597695,"IV"
370,"500",4.4487722135681,"IV"
371,"500",3.48658315595555,"IV"
372,"500",3.68513840410814,"IV"
373,"500",3.56224929936929,"IV"
374,"500",NA,"IV"
375,"500",5.67135681854755,"IV"
376,"500",3.62690866691858,"IV"
377,"500",3.39534925739362,"IV"
378,"500",3.42676567332841,"IV"
379,"500",3.77777777777765,"IV"
380,"500",5.50830120367336,"IV"
381,"500",4.21129474113318,"IV"
382,"500",NA,"IV"
383,"500",3.426966292135,"IV"
384,"500",4.35332205454823,"IV"
385,"500",3.96560437593702,"IV"
386,"500",4.32637565538493,"IV"
387,"500",4.03892639962787,"IV"
388,"500",3.55172413793103,"IV"
389,"500",3.98388994681697,"IV"
390,"500",7.2507624091276,"IV"
391,"500",6.98708905017081,"IV"
392,"500",4.28514192482868,"IV"
393,"500",6.48333208464149,"IV"
394,"500",5.81462187751294,"IV"
395,"500",4.78701249241521,"IV"
396,"500",3.95459263624558,"IV"
397,"500",4.75574423188571,"IV"
398,"500",4.56066637486643,"IV"
399,"500",5.00264665520815,"IV"
400,"500",3.88311688326542,"IV"
401,"500",6.78720304174093,"IV"
402,"500",9.71851389135374,"IV"
403,"500",4.32839068229153,"IV"
404,"500",9.38587539945398,"IV"
405,"500",6.66349772089014,"IV"
406,"500",6.69964328293189,"IV"
407,"500",3.61380707704541,"IV"
408,"500",3.84619750941083,"IV"
409,"500",4.42883511465151,"IV"
410,"500",4.61325540395498,"IV"
411,"500",6.72820270782272,"IV"
412,"500",8.76454483585349,"IV"
413,"500",5.75395128811138,"IV"
414,"500",4.48692120273668,"IV"
415,"500",NA,"IV"
416,"500",4.1923768031767,"IV"
417,"500",NA,"IV"
418,"500",4.52797741719238,"IV"
419,"500",4.56627224629262,"IV"
420,"500",4.1381725357246,"IV"
421,"500",4.62544096885032,"IV"
422,"500",3.68735622549066,"IV"
423,"500",3.11224499016464,"IV"
424,"500",5.90706004267644,"IV"
425,"500",NA,"IV"
426,"500",3.60490835792946,"IV"
427,"500",3.43486466648434,"IV"
428,"500",3.48994486408712,"IV"
429,"500",4.11130093409483,"IV"
430,"500",8.06941577480748,"IV"
431,"500",8.94928516068932,"IV"
432,"500",5.03510620860316,"IV"
433,"500",4.92305068457372,"IV"
434,"500",3.79745290676379,"IV"
435,"500",4.32394366225262,"IV"
436,"500",6.4608912213241,"IV"
437,"500",3.72661645761603,"IV"
438,"500",4.92413023273123,"IV"
439,"500",3.77687177047265,"IV"
440,"500",3.50000000009936,"IV"
441,"500",8.15261758244641,"IV"
442,"500",NA,"IV"
443,"500",4.59859601711034,"IV"
444,"500",5.22573173607816,"IV"
445,"500",3.389786922257,"IV"
446,"500",5.24572942729628,"IV"
447,"500",3.97614794666171,"IV"
448,"500",4.24199192658256,"IV"
449,"500",3.36489670319376,"IV"
450,"500",5.97389216278378,"IV"
451,"500",5.31091369274224,"IV"
452,"500",4.82947463798628,"IV"
453,"500",NA,"IV"
454,"500",5.92857613286669,"IV"
455,"500",5.95506871889617,"IV"
456,"500",3.71951219512198,"IV"
457,"500",5.32601527313772,"IV"
458,"500",7.12536279909697,"IV"
459,"500",3.93815172886457,"IV"
460,"500",4.66153323342771,"IV"
461,"500",5.16184755777571,"IV"
462,"500",3.9875232662782,"IV"
463,"500",5.00285682844784,"IV"
464,"500",7.22004693076995,"IV"
465,"500",4.62650903539418,"IV"
466,"500",3.46909021647034,"IV"
467,"500",4.00550256459069,"IV"
468,"500",3.6622899988694,"IV"
469,"500",4.12341147534886,"IV"
470,"500",4.0429693627294,"IV"
471,"500",3.65662419245945,"IV"
472,"500",4.4792015370782,"IV"
473,"500",8.89203027665689,"IV"
474,"500",3.0571428624654,"IV"
475,"500",3.82432432432436,"IV"
476,"500",4.26926919249427,"IV"
477,"500",7.62368564452305,"IV"
478,"500",3.32222222230533,"IV"
479,"500",3.63244176187623,"IV"
480,"500",6.7768997623911,"IV"
481,"500",6.84871562129312,"IV"
482,"500",8.21039274627484,"IV"
483,"500",3.8125,"IV"
484,"500",4.78176716308258,"IV"
485,"500",NA,"IV"
486,"500",4.81420916490318,"IV"
487,"500",3.70435103810801,"IV"
488,"500",3.65885761630667,"IV"
489,"500",4.51775232124583,"IV"
490,"500",3.69506376999155,"IV"
491,"500",4.96243203523085,"IV"
492,"500",3.26041666666663,"IV"
493,"500",3.98499635981279,"IV"
494,"500",3.43209878110782,"IV"
495,"500",5.68801360118681,"IV"
496,"500",5.78583802491243,"IV"
497,"500",4.82316737690941,"IV"
498,"500",4.8449590614358,"IV"
499,"500",3.67387075330823,"IV"
500,"500",6.54121954349991,"IV"
501,"500",7.98712595611801,"IV"
502,"500",4.98272638796062,"IV"
503,"500",5.30641233029935,"IV"
504,"500",4.24422499844303,"IV"
505,"500",4.25919768507036,"IV"
506,"500",NA,"IV"
507,"500",5.11369098187993,"IV"
508,"500",3.80406574471228,"IV"
509,"500",8.30112269764273,"IV"
510,"500",3.90391690276877,"IV"
511,"500",4.25170705537677,"IV"
512,"500",3.38513015453732,"IV"
513,"500",4.63232357749342,"IV"
514,"500",NA,"IV"
515,"500",3.45555555555549,"IV"
516,"500",7.55280578077936,"IV"
517,"500",4.04624563534338,"IV"
518,"500",3.58536642850122,"IV"
519,"500",4.51292306124089,"IV"
520,"500",4.59847808041155,"IV"
521,"500",5.09353692033389,"IV"
522,"500",3.74717590279408,"IV"
523,"500",3.61453760191474,"IV"
524,"500",6.37210984609156,"IV"
525,"500",NA,"IV"
526,"500",4.00496278375507,"IV"
527,"500",3.69972536325587,"IV"
528,"500",5.75672931449265,"IV"
529,"500",5.12456183131999,"IV"
530,"500",3.41611842204251,"IV"
531,"500",5.14725148880385,"IV"
532,"500",NA,"IV"
533,"500",3.65893807075971,"IV"
534,"500",3.42668021932911,"IV"
535,"500",7.22903178315945,"IV"
536,"500",4.65676251291606,"IV"
537,"500",4.45777143889658,"IV"
538,"500",4.01669843586374,"IV"
539,"500",4.95293689646766,"IV"
540,"500",4.44268767488269,"IV"
541,"500",4.23409828325298,"IV"
542,"500",4.98943727260072,"IV"
543,"500",8.71755230941576,"IV"
544,"500",4.97426420591427,"IV"
545,"500",5.31294117317487,"IV"
546,"500",3.63561984999868,"IV"
547,"500",4.76478875514263,"IV"
548,"500",9.38469191141611,"IV"
549,"500",5.82981839066692,"IV"
550,"500",4.95389893720016,"IV"
551,"500",8.42990508428868,"IV"
552,"500",4.26627220429019,"IV"
553,"500",4.68096971826502,"IV"
554,"500",4.21872955543481,"IV"
555,"500",4.02483212749429,"IV"
556,"500",3.6061935231594,"IV"
557,"500",3.67653505944014,"IV"
558,"500",4.83813113572578,"IV"
559,"500",4.27082134826403,"IV"
560,"500",3.49871626682977,"IV"
561,"500",3.727661556222,"IV"
562,"500",5.98238979333746,"IV"
563,"500",3.54710302767242,"IV"
564,"500",3.46781906736236,"IV"
565,"500",3.55952381041303,"IV"
566,"500",4.97799115031147,"IV"
567,"500",6.25059716001681,"IV"
568,"500",6.96631106505918,"IV"
569,"500",NA,"IV"
570,"500",4.60451050713455,"IV"
571,"500",5.21609730082022,"IV"
572,"500",7.2677762587145,"IV"
573,"500",4.84879485399311,"IV"
574,"500",3.06053043662031,"IV"
575,"500",3.5221497973559,"IV"
576,"500",NA,"IV"
577,"500",4.80533998502975,"IV"
578,"500",9.46958343802174,"IV"
579,"500",4.03961164930199,"IV"
580,"500",8.00051205859344,"IV"
581,"500",5.82272756405138,"IV"
582,"500",3.63167796888808,"IV"
583,"500",NA,"IV"
584,"500",7.78389563709734,"IV"
585,"500",NA,"IV"
586,"500",3.8732157142095,"IV"
587,"500",4.93555825229279,"IV"
588,"500",8.13558216692402,"IV"
589,"500",8.18337617678168,"IV"
590,"500",7.13450176511015,"IV"
591,"500",3.0808080811767,"IV"
592,"500",3.21934382038395,"IV"
593,"500",4.36069233272338,"IV"
594,"500",5.29707973190868,"IV"
595,"500",5.6634015182187,"IV"
596,"500",6.10322284026639,"IV"
597,"500",3.83041911951165,"IV"
598,"500",3.11578947368425,"IV"
599,"500",3.60359544055556,"IV"
600,"500",9.44362928735728,"IV"
601,"500",4.94533045773495,"IV"
602,"500",4.57428927362739,"IV"
603,"500",6.70434877573398,"IV"
604,"500",6.60187037101538,"IV"
605,"500",8.1806790039591,"IV"
606,"500",4.67445869925985,"IV"
607,"500",3.51724137932696,"IV"
608,"500",6.50550481716602,"IV"
609,"500",3.52052888474081,"IV"
610,"500",4.82036142485689,"IV"
611,"500",4.07253292759787,"IV"
612,"500",4.01440448252027,"IV"
613,"500",NA,"IV"
614,"500",4.33596612441547,"IV"
615,"500",4.96884765484859,"IV"
616,"500",3.39444620804796,"IV"
617,"500",4.1596821797141,"IV"
618,"500",5.06369922127545,"IV"
619,"500",4.89105918897158,"IV"
620,"500",4.99229131224957,"IV"
621,"500",4.28717615884315,"IV"
622,"500",5.405283314708,"IV"
623,"500",8.44970719238284,"IV"
624,"500",4.48445398831213,"IV"
625,"500",3.95666930928092,"IV"
626,"500",3.91788398176523,"IV"
627,"500",3.76132684236268,"IV"
628,"500",5.65506924229182,"IV"
629,"500",3.81898287379905,"IV"
630,"500",8.63843663923628,"IV"
631,"500",4.84034954384882,"IV"
632,"500",4.00428834436029,"IV"
633,"500",7.1067487961957,"IV"
634,"500",NA,"IV"
635,"500",3.73059868632753,"IV"
636,"500",3.46590909090905,"IV"
637,"500",4.86305691753661,"IV"
638,"500",5.35276924028254,"IV"
639,"500",4.45139517432997,"IV"
640,"500",4.69402200697675,"IV"
641,"500",3.6417941402244,"IV"
642,"500",8.03969510960108,"IV"
643,"500",7.42689439327707,"IV"
644,"500",5.00047535623547,"IV"
645,"500",7.03823625071184,"IV"
646,"500",6.85458938228706,"IV"
647,"500",4.68568660354506,"IV"
648,"500",4.40734152201328,"IV"
649,"500",4.58448143688697,"IV"
650,"500",5.48970704414116,"IV"
651,"500",7.12325565242181,"IV"
652,"500",6.70244369294199,"IV"
653,"500",3.99117885618587,"IV"
654,"500",5.63840033759173,"IV"
655,"500",4.75528819184357,"IV"
656,"500",3.55659648250784,"IV"
657,"500",3.85724380329864,"IV"
658,"500",5.51023673264743,"IV"
659,"500",NA,"IV"
660,"500",NA,"IV"
661,"500",5.24489930545496,"IV"
662,"500",5.02647838953466,"IV"
663,"500",5.26097231756934,"IV"
664,"500",3.5511691418283,"IV"
665,"500",3.45885004581803,"IV"
666,"500",4.78954067847553,"IV"
667,"500",4.40331348754051,"IV"
668,"500",NA,"IV"
669,"500",6.38363238154402,"IV"
670,"500",8.55269512055261,"IV"
671,"500",3.77776025484767,"IV"
672,"500",3.98136607556602,"IV"
673,"500",3.81954993430928,"IV"
674,"500",3.4597701157189,"IV"
675,"500",NA,"IV"
676,"500",NA,"IV"
677,"500",3.54545454545452,"IV"
678,"500",5.22587608121264,"IV"
679,"500",6.22139268853539,"IV"
680,"500",3.37499999999996,"IV"
681,"500",5.04360505610192,"IV"
682,"500",NA,"IV"
683,"500",3.60240963855421,"IV"
684,"500",6.23238468608125,"IV"
685,"500",5.61300114938183,"IV"
686,"500",3.77922089664912,"IV"
687,"500",3.98028466506199,"IV"
688,"500",5.8130314951861,"IV"
689,"500",4.1014492753623,"IV"
690,"500",9.11815611660005,"IV"
691,"500",3.84495015458541,"IV"
692,"500",4.27375278330882,"IV"
693,"500",4.92589738187501,"IV"
694,"500",5.58995552703962,"IV"
695,"500",4.31915977210879,"IV"
696,"500",4.60416316330205,"IV"
697,"500",NA,"IV"
698,"500",5.05473584098068,"IV"
699,"500",NA,"IV"
700,"500",4.5388583981914,"IV"
701,"500",4.52821928393698,"IV"
702,"500",4.15992034740734,"IV"
703,"500",3.64048533586293,"IV"
704,"500",6.63165102472883,"IV"
705,"500",4.17948717948723,"IV"
706,"500",4.32981254156644,"IV"
707,"500",5.93217515092818,"IV"
708,"500",3.8354393289729,"IV"
709,"500",7.3479071001111,"IV"
710,"500",3.27669613863456,"IV"
711,"500",4.0943222486678,"IV"
712,"500",3.93462658921509,"IV"
713,"500",6.80333433581869,"IV"
714,"500",5.67159063847043,"IV"
715,"500",4.11370202104341,"IV"
716,"500",3.99959637761584,"IV"
717,"500",4.3788399135312,"IV"
718,"500",6.33668763681947,"IV"
719,"500",4.44498011761678,"IV"
720,"500",6.22830505088343,"IV"
721,"500",4.0429422046268,"IV"
722,"500",6.82127638156673,"IV"
723,"500",4.81000602520619,"IV"
724,"500",3.95325533037563,"IV"
725,"500",8.39663200755177,"IV"
726,"500",7.88630900019694,"IV"
727,"500",5.09469319970195,"IV"
728,"500",3.53012048192771,"IV"
729,"500",3.99621309449505,"IV"
730,"500",4.28787878787876,"IV"
731,"500",5.83306605376953,"IV"
732,"500",3.34319287142077,"IV"
733,"500",4.64661819878545,"IV"
734,"500",3.05308426372679,"IV"
735,"500",4.76076302017831,"IV"
736,"500",3.48888888888888,"IV"
737,"500",6.08894710722329,"IV"
738,"500",3.92473558152227,"IV"
739,"500",3.88446464140237,"IV"
740,"500",4.50675616167377,"IV"
741,"500",3.90904053666849,"IV"
742,"500",4.65243707871946,"IV"
743,"500",4.65165740361751,"IV"
744,"500",NA,"IV"
745,"500",8.5229280130814,"IV"
746,"500",4.72430821582643,"IV"
747,"500",5.12640642938353,"IV"
748,"500",6.99786782672495,"IV"
749,"500",3.87606247260214,"IV"
750,"500",5.34452451460339,"IV"
751,"500",4.26143727164444,"IV"
752,"500",4.13321066238164,"IV"
753,"500",6.88751444353464,"IV"
754,"500",4.14640285237049,"IV"
755,"500",3.77391451515554,"IV"
756,"500",4.73302426475359,"IV"
757,"500",5.80644637697111,"IV"
758,"500",3.79038592658218,"IV"
759,"500",6.90972868879777,"IV"
760,"500",3.48855882836702,"IV"
761,"500",5.98304858109256,"IV"
762,"500",6.25747199741005,"IV"
763,"500",3.87144943788492,"IV"
764,"500",3.5052565107431,"IV"
765,"500",3.44047619047618,"IV"
766,"500",3.44378922714716,"IV"
767,"500",4.01843780077725,"IV"
768,"500",5.2813782675991,"IV"
769,"500",6.76554162044764,"IV"
770,"500",3.80272453740886,"IV"
771,"500",5.38316320684548,"IV"
772,"500",3.28865081905021,"IV"
773,"500",4.58324140705342,"IV"
774,"500",3.1758241849237,"IV"
775,"500",4.77254468329189,"IV"
776,"500",4.27630969161163,"IV"
777,"500",3.77782216405649,"IV"
778,"500",4.27069461746909,"IV"
779,"500",5.55116197077478,"IV"
780,"500",4.35388960500157,"IV"
781,"500",3.66389812437344,"IV"
782,"500",4.15416663390248,"IV"
783,"500",3.28339019913452,"IV"
784,"500",3.30108227836565,"IV"
785,"500",6.23530737148961,"IV"
786,"500",3.47646982017005,"IV"
787,"500",6.15595170466003,"IV"
788,"500",7.22621923299106,"IV"
789,"500",4.33604935883054,"IV"
790,"500",5.52567048529126,"IV"
791,"500",5.53183168517322,"IV"
792,"500",4.39809525169921,"IV"
793,"500",6.12442423272259,"IV"
794,"500",3.86301369863015,"IV"
795,"500",7.90180371753449,"IV"
796,"500",3.82666666666688,"IV"
797,"500",3.43723058581411,"IV"
798,"500",3.74568915634539,"IV"
799,"500",4.44928732187021,"IV"
800,"500",8.75768725340573,"IV"
801,"500",3.94739346453401,"IV"
802,"500",8.50188697831444,"IV"
803,"500",6.33507448679343,"IV"
804,"500",5.53059712505706,"IV"
805,"500",4.90078944997277,"IV"
806,"500",4.48582885276899,"IV"
807,"500",3.99932982681899,"IV"
808,"500",3.41728537203769,"IV"
809,"500",6.65748502566063,"IV"
810,"500",5.31489441686029,"IV"
811,"500",4.49158876397362,"IV"
812,"500",5.22063412931413,"IV"
813,"500",6.80622700849847,"IV"
814,"500",3.17965911604985,"IV"
815,"500",8.83540142820661,"IV"
816,"500",8.9822153120941,"IV"
817,"500",NA,"IV"
818,"500",9.94281825150638,"IV"
819,"500",6.5581926135307,"IV"
820,"500",4.93843460341377,"IV"
821,"500",5.69621163742963,"IV"
822,"500",4.29189138808405,"IV"
823,"500",4.08427863343379,"IV"
824,"500",8.79478628734675,"IV"
825,"500",4.81815970746274,"IV"
826,"500",4.13698630136985,"IV"
827,"500",5.02064879645784,"IV"
828,"500",4.33879448941803,"IV"
829,"500",5.20588338034359,"IV"
830,"500",4.23210281005076,"IV"
831,"500",3.77297495671269,"IV"
832,"500",4.02848076542225,"IV"
833,"500",4.99743304445379,"IV"
834,"500",3.94389073287408,"IV"
835,"500",3.98331383748116,"IV"
836,"500",4.09333333335087,"IV"
837,"500",4.42946192412667,"IV"
838,"500",3.67080384255474,"IV"
839,"500",3.92824970454945,"IV"
840,"500",4.52557453535905,"IV"
841,"500",3.099362369006,"IV"
842,"500",3.21654313988596,"IV"
843,"500",3.81818181818182,"IV"
844,"500",3.50000000000003,"IV"
845,"500",4.56492234292889,"IV"
846,"500",NA,"IV"
847,"500",5.55519036104895,"IV"
848,"500",5.68875662992392,"IV"
849,"500",7.75617152748441,"IV"
850,"500",4.31709778322436,"IV"
851,"500",3.89024390505988,"IV"
852,"500",4.10917010823305,"IV"
853,"500",4.57960915150968,"IV"
854,"500",4.595287872411,"IV"
855,"500",4.62479556008747,"IV"
856,"500",3.02912621359223,"IV"
857,"500",3.96766990928298,"IV"
858,"500",6.2766844597602,"IV"
859,"500",3.93691772883843,"IV"
860,"500",5.91747730312364,"IV"
861,"500",4.60339791354768,"IV"
862,"500",6.13253716488191,"IV"
863,"500",3.6943276941855,"IV"
864,"500",4.1090791118094,"IV"
865,"500",3.49101852863513,"IV"
866,"500",6.394138504254,"IV"
867,"500",5.24540074924303,"IV"
868,"500",8.95177417224291,"IV"
869,"500",4.32233239274722,"IV"
870,"500",5.17252467712173,"IV"
871,"500",4.78624477400703,"IV"
872,"500",3.73818532826777,"IV"
873,"500",9.32573087286115,"IV"
874,"500",4.42770904642344,"IV"
875,"500",4.91638120302615,"IV"
876,"500",3.87247927464676,"IV"
877,"500",3.67441860468485,"IV"
878,"500",NA,"IV"
879,"500",NA,"IV"
880,"500",5.71348864431147,"IV"
881,"500",3.20000689521915,"IV"
882,"500",4.39652594966994,"IV"
883,"500",7.55458265285602,"IV"
884,"500",5.49085402487736,"IV"
885,"500",3.61431912968103,"IV"
886,"500",6.77622693161414,"IV"
887,"500",3.48365282393571,"IV"
888,"500",6.47292558952624,"IV"
889,"500",6.23516023589503,"IV"
890,"500",3.64105095064243,"IV"
891,"500",5.99221767047834,"IV"
892,"500",8.81138310505349,"IV"
893,"500",3.93579463415395,"IV"
894,"500",4.37458126059745,"IV"
895,"500",3.94993819608686,"IV"
896,"500",7.64509290308564,"IV"
897,"500",5.94646665580955,"IV"
898,"500",5.75261833951778,"IV"
899,"500",6.22848879882486,"IV"
900,"500",3.04236217762355,"IV"
901,"500",NA,"IV"
902,"500",4.80825662951223,"IV"
903,"500",5.16341180017672,"IV"
904,"500",4.11039313277597,"IV"
905,"500",2.86303873059101,"IV"
906,"500",4.66905338386907,"IV"
907,"500",3.30703566614419,"IV"
908,"500",NA,"IV"
909,"500",3.36263736263739,"IV"
910,"500",3.25843764578919,"IV"
911,"500",5.43725784067764,"IV"
912,"500",3.5163292111762,"IV"
913,"500",4.33964503198005,"IV"
914,"500",6.50796306579697,"IV"
915,"500",3.39626837187674,"IV"
916,"500",3.96049997898306,"IV"
917,"500",3.27075623772499,"IV"
918,"500",4.00345969329319,"IV"
919,"500",3.28888888888889,"IV"
920,"500",4.06203844105449,"IV"
921,"500",4.4988063436796,"IV"
922,"500",4.61968933165029,"IV"
923,"500",6.52439135651723,"IV"
924,"500",6.34729476000311,"IV"
925,"500",3.94736842105284,"IV"
926,"500",3.85176621038568,"IV"
927,"500",3.744168578927,"IV"
928,"500",4.29228203344747,"IV"
929,"500",5.91342586673841,"IV"
930,"500",3.44594571384286,"IV"
931,"500",7.83828523523517,"IV"
932,"500",3.85655365891815,"IV"
933,"500",3.82556689055569,"IV"
934,"500",5.57894684518154,"IV"
935,"500",3.78710224232834,"IV"
936,"500",3.64940899615118,"IV"
937,"500",3.32946307720629,"IV"
938,"500",7.60160402533303,"IV"
939,"500",3.66921312668297,"IV"
940,"500",3.73807086264884,"IV"
941,"500",4.11370428118211,"IV"
942,"500",4.06576664072498,"IV"
943,"500",3.85073551457461,"IV"
944,"500",3.88257812472759,"IV"
945,"500",4.39758799429412,"IV"
946,"500",4.54872270706462,"IV"
947,"500",4.32935428290582,"IV"
948,"500",9.70535758141223,"IV"
949,"500",3.98530194075618,"IV"
950,"500",6.52139023001242,"IV"
951,"500",4.07159588462548,"IV"
952,"500",5.29329347180727,"IV"
953,"500",4.27560833458116,"IV"
954,"500",3.33742953598282,"IV"
955,"500",6.12305373510428,"IV"
956,"500",3.59507797218444,"IV"
957,"500",NA,"IV"
958,"500",9.6995369580802,"IV"
959,"500",4.08750356322111,"IV"
960,"500",3.7985218653093,"IV"
961,"500",7.12614307183504,"IV"
962,"500",4.31428571428569,"IV"
963,"500",9.35037532801851,"IV"
964,"500",4.19118413376821,"IV"
965,"500",4.6376941716642,"IV"
966,"500",3.696202550797,"IV"
967,"500",5.18166119045303,"IV"
968,"500",3.90994841419287,"IV"
969,"500",3.38888888888885,"IV"
970,"500",4.83918852156279,"IV"
971,"500",8.22955667557545,"IV"
972,"500",3.63919610473474,"IV"
973,"500",3.72521820644854,"IV"
974,"500",4.54141443723315,"IV"
975,"500",3.92215417096099,"IV"
976,"500",4.76253167987587,"IV"
977,"500",3.75541065555884,"IV"
978,"500",3.17395165930804,"IV"
979,"500",3.1739130434782,"IV"
980,"500",6.22926912041753,"IV"
981,"500",4.00658613757264,"IV"
982,"500",8.01440985334804,"IV"
983,"500",4.44397535682652,"IV"
984,"500",3.26907961495307,"IV"
985,"500",3.56329017827018,"IV"
986,"500",3.72743874771995,"IV"
987,"500",5.62880515163596,"IV"
988,"500",6.07396360813219,"IV"
989,"500",3.507457140138,"IV"
990,"500",NA,"IV"
991,"500",3.36470588235291,"IV"
992,"500",4.22408033334287,"IV"
993,"500",5.04583568740321,"IV"
994,"500",3.7032528119476,"IV"
995,"500",6.3911332296257,"IV"
996,"500",6.4364160809464,"IV"
997,"500",3.27177831666543,"IV"
998,"500",3.49382757939382,"IV"
999,"500",5.13449456866698,"IV"
1000,"500",NA,"IV"
1,"1000",5.5817056648641,"IV"
2,"1000",4.11223695666328,"IV"
3,"1000",3.91474825773847,"IV"
4,"1000",4.17535299917805,"IV"
5,"1000",5.31910632960454,"IV"
6,"1000",4.75805031483185,"IV"
7,"1000",6.15800727085077,"IV"
8,"1000",4.0529124346428,"IV"
9,"1000",3.80015032031624,"IV"
10,"1000",7.01399626738369,"IV"
11,"1000",4.44552944587181,"IV"
12,"1000",3.99859619271496,"IV"
13,"1000",3.66865391359475,"IV"
14,"1000",3.75537219185723,"IV"
15,"1000",3.99573808527944,"IV"
16,"1000",4.57078193147975,"IV"
17,"1000",4.30042680538571,"IV"
18,"1000",5.08643301336689,"IV"
19,"1000",3.81178786725601,"IV"
20,"1000",4.38937215775759,"IV"
21,"1000",3.37339025691469,"IV"
22,"1000",7.55080670578878,"IV"
23,"1000",5.09924317300736,"IV"
24,"1000",4.40054190625774,"IV"
25,"1000",3.87527968385456,"IV"
26,"1000",4.9118281861636,"IV"
27,"1000",4.27046152875333,"IV"
28,"1000",3.72143513544813,"IV"
29,"1000",3.79524980456095,"IV"
30,"1000",7.55943258024519,"IV"
31,"1000",3.67901234567911,"IV"
32,"1000",6.13874123054527,"IV"
33,"1000",5.9309391903011,"IV"
34,"1000",4.56418224941922,"IV"
35,"1000",5.91702059836082,"IV"
36,"1000",4.66736164852152,"IV"
37,"1000",4.54331744377596,"IV"
38,"1000",3.75938439751126,"IV"
39,"1000",5.79386800741234,"IV"
40,"1000",5.22684794933068,"IV"
41,"1000",4.97933484041762,"IV"
42,"1000",4.20003324914096,"IV"
43,"1000",4.64984542339792,"IV"
44,"1000",3.90164395761207,"IV"
45,"1000",4.28683024591027,"IV"
46,"1000",6.78834278495784,"IV"
47,"1000",4.03547267577412,"IV"
48,"1000",4.34407952317713,"IV"
49,"1000",4.08266973221312,"IV"
50,"1000",4.0476190476192,"IV"
51,"1000",5.80520154228469,"IV"
52,"1000",3.88779126081464,"IV"
53,"1000",3.51838099618163,"IV"
54,"1000",6.69658284496221,"IV"
55,"1000",5.04398500038385,"IV"
56,"1000",5.78448052111886,"IV"
57,"1000",4.92662545088929,"IV"
58,"1000",4.02752289915833,"IV"
59,"1000",4.25654412982782,"IV"
60,"1000",5.21273745538113,"IV"
61,"1000",4.34834205093079,"IV"
62,"1000",5.44120506973471,"IV"
63,"1000",4.05453623747063,"IV"
64,"1000",3.87037645633016,"IV"
65,"1000",4.55993591576677,"IV"
66,"1000",7.47416529322195,"IV"
67,"1000",4.13037247595279,"IV"
68,"1000",5.25229229639116,"IV"
69,"1000",4.62058749877338,"IV"
70,"1000",6.09100559374451,"IV"
71,"1000",3.75142207637038,"IV"
72,"1000",5.50908572128381,"IV"
73,"1000",4.72537393131698,"IV"
74,"1000",5.40156158855589,"IV"
75,"1000",3.80066610278964,"IV"
76,"1000",4.03720512902456,"IV"
77,"1000",4.83797980988414,"IV"
78,"1000",3.88477487828766,"IV"
79,"1000",3.60256410298537,"IV"
80,"1000",5.01693670657825,"IV"
81,"1000",5.35154680467781,"IV"
82,"1000",3.49871385990645,"IV"
83,"1000",3.49044753425779,"IV"
84,"1000",3.72471218866682,"IV"
85,"1000",6.7451407857862,"IV"
86,"1000",4.19422699316037,"IV"
87,"1000",5.16590962414151,"IV"
88,"1000",3.35076959390878,"IV"
89,"1000",3.58608746598742,"IV"
90,"1000",5.46492617189563,"IV"
91,"1000",4.79387259428229,"IV"
92,"1000",5.880675597155,"IV"
93,"1000",5.67305988932379,"IV"
94,"1000",4.04946549197504,"IV"
95,"1000",5.1793919550065,"IV"
96,"1000",4.22735222113979,"IV"
97,"1000",3.72512212308658,"IV"
98,"1000",4.333621443289,"IV"
99,"1000",3.57232704402519,"IV"
100,"1000",6.67942029678455,"IV"
101,"1000",4.05676665541891,"IV"
102,"1000",4.33266268333666,"IV"
103,"1000",9.21634085620139,"IV"
104,"1000",4.22153098413792,"IV"
105,"1000",5.03707093433018,"IV"
106,"1000",3.74214595400276,"IV"
107,"1000",4.66248008585424,"IV"
108,"1000",5.12784755589716,"IV"
109,"1000",4.68864864525659,"IV"
110,"1000",3.70122610654411,"IV"
111,"1000",4.7097420886763,"IV"
112,"1000",6.28040220185519,"IV"
113,"1000",5.30217559401446,"IV"
114,"1000",4.97528628261458,"IV"
115,"1000",3.350000659278,"IV"
116,"1000",3.57065178916435,"IV"
117,"1000",8.05819051260988,"IV"
118,"1000",4.86053149638576,"IV"
119,"1000",4.56196006944761,"IV"
120,"1000",3.64717532318225,"IV"
121,"1000",3.89570448848733,"IV"
122,"1000",4.75281120305775,"IV"
123,"1000",5.5534896834907,"IV"
124,"1000",3.76697791751422,"IV"
125,"1000",5.66154982578216,"IV"
126,"1000",4.41458585058561,"IV"
127,"1000",5.42757818787213,"IV"
128,"1000",3.612618614526,"IV"
129,"1000",3.3649953175094,"IV"
130,"1000",5.92962369331662,"IV"
131,"1000",4.96817796757714,"IV"
132,"1000",3.90740215835836,"IV"
133,"1000",5.20098437367357,"IV"
134,"1000",5.33476916699662,"IV"
135,"1000",4.85076576697238,"IV"
136,"1000",4.2721407173349,"IV"
137,"1000",6.34214142340092,"IV"
138,"1000",6.58417448159127,"IV"
139,"1000",4.53508512117014,"IV"
140,"1000",6.18975988488318,"IV"
141,"1000",6.06234697037968,"IV"
142,"1000",4.7089528294686,"IV"
143,"1000",4.45321094462096,"IV"
144,"1000",4.67539958541997,"IV"
145,"1000",4.05647037108132,"IV"
146,"1000",4.90310310659803,"IV"
147,"1000",3.98423322371663,"IV"
148,"1000",6.06901328322591,"IV"
149,"1000",4.56853976321917,"IV"
150,"1000",5.0327452457005,"IV"
151,"1000",3.55970236617562,"IV"
152,"1000",5.00809352829137,"IV"
153,"1000",8.32090553732889,"IV"
154,"1000",3.77500202538076,"IV"
155,"1000",5.47337703348501,"IV"
156,"1000",5.38371502681667,"IV"
157,"1000",4.08094856585396,"IV"
158,"1000",4.5409676647576,"IV"
159,"1000",4.79957315183907,"IV"
160,"1000",4.00333703380536,"IV"
161,"1000",6.90185166787704,"IV"
162,"1000",5.84341624406886,"IV"
163,"1000",4.32961502493068,"IV"
164,"1000",3.53801169590626,"IV"
165,"1000",3.54591854977131,"IV"
166,"1000",4.97130318221743,"IV"
167,"1000",5.04483353713063,"IV"
168,"1000",5.53649485585063,"IV"
169,"1000",3.90975913046108,"IV"
170,"1000",3.86212346926311,"IV"
171,"1000",5.83080576461653,"IV"
172,"1000",6.89577454658417,"IV"
173,"1000",6.71715737860208,"IV"
174,"1000",4.45244419570222,"IV"
175,"1000",3.44985002291933,"IV"
176,"1000",3.45628429765465,"IV"
177,"1000",5.73179156055716,"IV"
178,"1000",3.35812869455033,"IV"
179,"1000",6.22828255684646,"IV"
180,"1000",4.53150055349992,"IV"
181,"1000",4.03561014560042,"IV"
182,"1000",5.70156074534476,"IV"
183,"1000",5.87035917317469,"IV"
184,"1000",6.4224605794825,"IV"
185,"1000",4.84603090986056,"IV"
186,"1000",5.94102814759839,"IV"
187,"1000",6.05550586672182,"IV"
188,"1000",3.80436644819148,"IV"
189,"1000",6.81259061139334,"IV"
190,"1000",NA,"IV"
191,"1000",4.05820735708137,"IV"
192,"1000",5.12295976491733,"IV"
193,"1000",4.41774951125006,"IV"
194,"1000",4.371487110591,"IV"
195,"1000",4.00000000003556,"IV"
196,"1000",3.62081336918946,"IV"
197,"1000",5.05222914419326,"IV"
198,"1000",4.19883796716405,"IV"
199,"1000",4.91520508303296,"IV"
200,"1000",4.95309725842205,"IV"
201,"1000",3.77705961999115,"IV"
202,"1000",4.50000000000001,"IV"
203,"1000",4.20090186853586,"IV"
204,"1000",5.21673578311284,"IV"
205,"1000",NA,"IV"
206,"1000",4.66752935609076,"IV"
207,"1000",5.35250823097392,"IV"
208,"1000",6.7645782713613,"IV"
209,"1000",4.26457594520595,"IV"
210,"1000",4.82060817097263,"IV"
211,"1000",5.60643536166074,"IV"
212,"1000",6.35514617492427,"IV"
213,"1000",3.38787108789079,"IV"
214,"1000",3.58815422084249,"IV"
215,"1000",4.21611928337395,"IV"
216,"1000",7.4794968107246,"IV"
217,"1000",3.59763313609455,"IV"
218,"1000",5.61894605244864,"IV"
219,"1000",4.39146730660472,"IV"
220,"1000",5.98920694269409,"IV"
221,"1000",8.03040848987748,"IV"
222,"1000",4.3449480241413,"IV"
223,"1000",4.50910527966161,"IV"
224,"1000",3.58728781882005,"IV"
225,"1000",4.90282944218327,"IV"
226,"1000",7.61035270099626,"IV"
227,"1000",4.1104748169519,"IV"
228,"1000",3.30219780219777,"IV"
229,"1000",3.61643696765072,"IV"
230,"1000",6.07488043200125,"IV"
231,"1000",5.05969243990668,"IV"
232,"1000",4.20622380954325,"IV"
233,"1000",3.6303042546734,"IV"
234,"1000",NA,"IV"
235,"1000",4.01960942316616,"IV"
236,"1000",4.72242905953704,"IV"
237,"1000",5.42378584675462,"IV"
238,"1000",3.72160662873127,"IV"
239,"1000",4.23488386782074,"IV"
240,"1000",6.16147385500783,"IV"
241,"1000",4.08554584556412,"IV"
242,"1000",4.49779935643668,"IV"
243,"1000",3.82467540232436,"IV"
244,"1000",4.70235673309725,"IV"
245,"1000",3.12707182320444,"IV"
246,"1000",3.51966996244307,"IV"
247,"1000",4.89954286749765,"IV"
248,"1000",5.61836306598966,"IV"
249,"1000",6.60407918949229,"IV"
250,"1000",4.48007342616709,"IV"
251,"1000",3.9370397624396,"IV"
252,"1000",3.63667184210499,"IV"
253,"1000",5.45033474620446,"IV"
254,"1000",3.69085507173934,"IV"
255,"1000",3.44578211025016,"IV"
256,"1000",5.05222838176401,"IV"
257,"1000",3.0099502487562,"IV"
258,"1000",7.83471921940866,"IV"
259,"1000",3.64417178032389,"IV"
260,"1000",4.1416969986981,"IV"
261,"1000",5.162562236188,"IV"
262,"1000",7.42136056449129,"IV"
263,"1000",3.83767057490921,"IV"
264,"1000",4.16009244217299,"IV"
265,"1000",7.19542156690294,"IV"
266,"1000",4.38775841818851,"IV"
267,"1000",4.61912754525156,"IV"
268,"1000",5.39236370543405,"IV"
269,"1000",5.01006364131185,"IV"
270,"1000",4.62102522331706,"IV"
271,"1000",5.02861191441953,"IV"
272,"1000",5.77202330837446,"IV"
273,"1000",5.42537464399011,"IV"
274,"1000",4.21981022831009,"IV"
275,"1000",4.09489543811694,"IV"
276,"1000",5.3912564717352,"IV"
277,"1000",6.44776662724974,"IV"
278,"1000",5.80190603091293,"IV"
279,"1000",4.3148515206798,"IV"
280,"1000",4.33975975517034,"IV"
281,"1000",3.98413368268131,"IV"
282,"1000",3.72161741655459,"IV"
283,"1000",4.12134208540262,"IV"
284,"1000",6.11177824472134,"IV"
285,"1000",4.82477232548858,"IV"
286,"1000",4.52784159979721,"IV"
287,"1000",3.82162269550822,"IV"
288,"1000",3.88923181058323,"IV"
289,"1000",3.36666666666672,"IV"
290,"1000",6.55675497975925,"IV"
291,"1000",3.88245135719544,"IV"
292,"1000",3.46927478864123,"IV"
293,"1000",6.17010810206974,"IV"
294,"1000",4.13890081954511,"IV"
295,"1000",4.74387961888071,"IV"
296,"1000",9.44188649293659,"IV"
297,"1000",5.33111691362421,"IV"
298,"1000",6.34555352570304,"IV"
299,"1000",5.5131528454822,"IV"
300,"1000",3.69639983555422,"IV"
301,"1000",6.01890566649037,"IV"
302,"1000",4.37737477018847,"IV"
303,"1000",5.0438871893817,"IV"
304,"1000",3.52409638638735,"IV"
305,"1000",4.1012091476115,"IV"
306,"1000",7.04568624467103,"IV"
307,"1000",3.34963138337831,"IV"
308,"1000",4.03718455120734,"IV"
309,"1000",4.24193528563942,"IV"
310,"1000",4.82046797084914,"IV"
311,"1000",4.47380178993948,"IV"
312,"1000",3.81933370742774,"IV"
313,"1000",4.74855775891751,"IV"
314,"1000",3.6279485234818,"IV"
315,"1000",3.57408313758538,"IV"
316,"1000",5.28767987920656,"IV"
317,"1000",5.21958077240277,"IV"
318,"1000",4.42918366524328,"IV"
319,"1000",4.89198252204839,"IV"
320,"1000",4.26991239595127,"IV"
321,"1000",3.870603027544,"IV"
322,"1000",5.50083659714982,"IV"
323,"1000",5.09994844696374,"IV"
324,"1000",6.91886686874277,"IV"
325,"1000",3.94752981253426,"IV"
326,"1000",4.09346237379686,"IV"
327,"1000",9.57142975132913,"IV"
328,"1000",4.67939744266943,"IV"
329,"1000",4.99726857072755,"IV"
330,"1000",4.24339749057779,"IV"
331,"1000",5.5745812186745,"IV"
332,"1000",3.57027779931366,"IV"
333,"1000",5.60251391967131,"IV"
334,"1000",5.61684312154187,"IV"
335,"1000",4.55348980695916,"IV"
336,"1000",3.83091411289513,"IV"
337,"1000",5.34897949734953,"IV"
338,"1000",4.32867930984468,"IV"
339,"1000",4.28632810360212,"IV"
340,"1000",5.71401951676396,"IV"
341,"1000",3.74513455544518,"IV"
342,"1000",5.44117713040415,"IV"
343,"1000",6.28349767878041,"IV"
344,"1000",3.93243243243943,"IV"
345,"1000",9.68323547580269,"IV"
346,"1000",5.87767750564436,"IV"
347,"1000",6.14011353250735,"IV"
348,"1000",3.39181562020678,"IV"
349,"1000",3.95500447837476,"IV"
350,"1000",4.12146017865765,"IV"
351,"1000",3.18280009409853,"IV"
352,"1000",3.45293680624368,"IV"
353,"1000",4.38941881288641,"IV"
354,"1000",9.66539323184949,"IV"
355,"1000",4.65111331355735,"IV"
356,"1000",NA,"IV"
357,"1000",3.79570481298089,"IV"
358,"1000",7.41934953205288,"IV"
359,"1000",4.48136972761025,"IV"
360,"1000",6.34506384897646,"IV"
361,"1000",5.70149551803719,"IV"
362,"1000",5.34503483704334,"IV"
363,"1000",5.44376308944424,"IV"
364,"1000",3.95033767946991,"IV"
365,"1000",3.36708059974535,"IV"
366,"1000",3.34682080924851,"IV"
367,"1000",3.75346845255831,"IV"
368,"1000",3.49238790356289,"IV"
369,"1000",3.81693215908478,"IV"
370,"1000",5.07297583596029,"IV"
371,"1000",3.40835505112794,"IV"
372,"1000",3.56700210028607,"IV"
373,"1000",3.59917326108484,"IV"
374,"1000",4.48241592464882,"IV"
375,"1000",5.35903273317912,"IV"
376,"1000",4.41390538570604,"IV"
377,"1000",4.80699950359694,"IV"
378,"1000",4.86675136036818,"IV"
379,"1000",6.25845332616604,"IV"
380,"1000",3.6978682754855,"IV"
381,"1000",6.17606829149949,"IV"
382,"1000",5.15046345941914,"IV"
383,"1000",3.12257771525817,"IV"
384,"1000",3.94964384107656,"IV"
385,"1000",4.33373213735109,"IV"
386,"1000",4.99100167770558,"IV"
387,"1000",5.37930860051487,"IV"
388,"1000",5.60936045884811,"IV"
389,"1000",3.89168606658646,"IV"
390,"1000",4.17216877850247,"IV"
391,"1000",4.2317985209541,"IV"
392,"1000",4.69728739854781,"IV"
393,"1000",3.82674185506179,"IV"
394,"1000",3.80671852099589,"IV"
395,"1000",5.31642886254702,"IV"
396,"1000",3.65748954139247,"IV"
397,"1000",8.84311760459707,"IV"
398,"1000",3.77341843816453,"IV"
399,"1000",3.95463006247145,"IV"
400,"1000",5.88614401369571,"IV"
401,"1000",4.39081279054536,"IV"
402,"1000",3.86051526766673,"IV"
403,"1000",5.18041836449454,"IV"
404,"1000",3.84520651105342,"IV"
405,"1000",6.88497014075055,"IV"
406,"1000",3.8583232766974,"IV"
407,"1000",4.66516295258752,"IV"
408,"1000",5.75790187712578,"IV"
409,"1000",8.00784919327522,"IV"
410,"1000",3.7164198052477,"IV"
411,"1000",NA,"IV"
412,"1000",4.50215514002973,"IV"
413,"1000",4.83570660725026,"IV"
414,"1000",3.31100050077391,"IV"
415,"1000",3.6997504912774,"IV"
416,"1000",4.05892726517736,"IV"
417,"1000",3.98313427286272,"IV"
418,"1000",4.99719180929052,"IV"
419,"1000",4.46858192143835,"IV"
420,"1000",3.42875797699882,"IV"
421,"1000",5.21581609447351,"IV"
422,"1000",3.44488804931408,"IV"
423,"1000",4.55199231815829,"IV"
424,"1000",4.15662272396405,"IV"
425,"1000",4.41943819019723,"IV"
426,"1000",3.41499251330813,"IV"
427,"1000",4.15773589688477,"IV"
428,"1000",6.13995693125945,"IV"
429,"1000",3.6560109737814,"IV"
430,"1000",3.47337278106492,"IV"
431,"1000",4.7708422292435,"IV"
432,"1000",3.20297410833354,"IV"
433,"1000",3.90522279048098,"IV"
434,"1000",4.97715659472314,"IV"
435,"1000",7.52697221903109,"IV"
436,"1000",4.25211190615117,"IV"
437,"1000",4.03731517751812,"IV"
438,"1000",5.46179563484919,"IV"
439,"1000",4.46355074435696,"IV"
440,"1000",6.45940629157132,"IV"
441,"1000",4.14647148582071,"IV"
442,"1000",4.67070024090189,"IV"
443,"1000",7.28846799180668,"IV"
444,"1000",3.83732022891959,"IV"
445,"1000",4.9108995073985,"IV"
446,"1000",4.92250764965237,"IV"
447,"1000",5.31986709579805,"IV"
448,"1000",3.2527952954292,"IV"
449,"1000",5.40610531660685,"IV"
450,"1000",4.85637086779686,"IV"
451,"1000",4.84853537635463,"IV"
452,"1000",4.94115445632938,"IV"
453,"1000",4.73415836661457,"IV"
454,"1000",5.40910781419606,"IV"
455,"1000",5.45341070241625,"IV"
456,"1000",3.98014625414993,"IV"
457,"1000",4.65129934507086,"IV"
458,"1000",4.23887286184675,"IV"
459,"1000",4.435271556942,"IV"
460,"1000",4.13516756056483,"IV"
461,"1000",5.49388706449388,"IV"
462,"1000",6.13377697345957,"IV"
463,"1000",5.07177894354459,"IV"
464,"1000",3.97439548372319,"IV"
465,"1000",6.29675107665714,"IV"
466,"1000",4.67349596172407,"IV"
467,"1000",3.41889493939092,"IV"
468,"1000",4.5498645264385,"IV"
469,"1000",4.0693293007451,"IV"
470,"1000",6.17121791147187,"IV"
471,"1000",6.45447246597605,"IV"
472,"1000",4.92842296295437,"IV"
473,"1000",6.28925278976363,"IV"
474,"1000",3.3850574712648,"IV"
475,"1000",4.60617135722864,"IV"
476,"1000",6.5414258700678,"IV"
477,"1000",3.99604811486463,"IV"
478,"1000",4.25663067926372,"IV"
479,"1000",7.16754665284971,"IV"
480,"1000",5.12229462468456,"IV"
481,"1000",8.12295719334012,"IV"
482,"1000",3.95168235622478,"IV"
483,"1000",4.7982841649893,"IV"
484,"1000",3.58027314647178,"IV"
485,"1000",5.90939248288519,"IV"
486,"1000",7.02195563215743,"IV"
487,"1000",4.18571833037632,"IV"
488,"1000",6.43990906003788,"IV"
489,"1000",3.96817586906407,"IV"
490,"1000",5.51525152041491,"IV"
491,"1000",9.42425923227404,"IV"
492,"1000",6.20849628370981,"IV"
493,"1000",4.50368517129482,"IV"
494,"1000",5.20514460054068,"IV"
495,"1000",7.9418349490652,"IV"
496,"1000",3.43985381745961,"IV"
497,"1000",5.15037046936159,"IV"
498,"1000",3.88270219040563,"IV"
499,"1000",4.59642225618539,"IV"
500,"1000",4.62245598932687,"IV"
501,"1000",3.92356658966417,"IV"
502,"1000",3.59746428607441,"IV"
503,"1000",3.3742718919086,"IV"
504,"1000",6.87167905964239,"IV"
505,"1000",6.90884069734224,"IV"
506,"1000",6.33548960936393,"IV"
507,"1000",6.03061745991475,"IV"
508,"1000",3.25988119230711,"IV"
509,"1000",4.17839914675761,"IV"
510,"1000",4.63525757730878,"IV"
511,"1000",3.50783585368015,"IV"
512,"1000",3.7839197891035,"IV"
513,"1000",4.30836898882206,"IV"
514,"1000",6.40720777724419,"IV"
515,"1000",3.92486373502179,"IV"
516,"1000",3.55214723931588,"IV"
517,"1000",3.91938095708692,"IV"
518,"1000",3.41746423971857,"IV"
519,"1000",4.72254727029666,"IV"
520,"1000",4.03876429571951,"IV"
521,"1000",4.42412792220416,"IV"
522,"1000",4.02761711127747,"IV"
523,"1000",7.51767366253287,"IV"
524,"1000",4.99678894885728,"IV"
525,"1000",5.22839211846752,"IV"
526,"1000",4.01592943422164,"IV"
527,"1000",4.1779689658871,"IV"
528,"1000",3.5808383233533,"IV"
529,"1000",5.33415401429896,"IV"
530,"1000",4.35593758012773,"IV"
531,"1000",4.64679957209246,"IV"
532,"1000",5.14328934859569,"IV"
533,"1000",5.07555017434691,"IV"
534,"1000",4.81073810612126,"IV"
535,"1000",3.54945832802327,"IV"
536,"1000",5.45063057673462,"IV"
537,"1000",4.02923055625664,"IV"
538,"1000",4.52798903391991,"IV"
539,"1000",4.33441352907384,"IV"
540,"1000",5.30493827130358,"IV"
541,"1000",5.47168221336309,"IV"
542,"1000",4.42051740792125,"IV"
543,"1000",5.8010704012287,"IV"
544,"1000",4.03237995967944,"IV"
545,"1000",7.32229899974156,"IV"
546,"1000",3.40618011785831,"IV"
547,"1000",4.94181792365488,"IV"
548,"1000",6.11216073885826,"IV"
549,"1000",3.67875638099986,"IV"
550,"1000",4.59339481850731,"IV"
551,"1000",3.78475809017245,"IV"
552,"1000",8.10966541797909,"IV"
553,"1000",6.292743016087,"IV"
554,"1000",4.09568838748531,"IV"
555,"1000",4.38432087423827,"IV"
556,"1000",4.04493034529548,"IV"
557,"1000",3.36908521788387,"IV"
558,"1000",4.09340920594251,"IV"
559,"1000",4.88975259515862,"IV"
560,"1000",4.18507035185575,"IV"
561,"1000",3.95920932830445,"IV"
562,"1000",5.099063117163,"IV"
563,"1000",4.22469062977818,"IV"
564,"1000",4.80509539466987,"IV"
565,"1000",3.82075316050741,"IV"
566,"1000",4.09955151343567,"IV"
567,"1000",4.15491996627793,"IV"
568,"1000",4.84160208172808,"IV"
569,"1000",4.18028271373528,"IV"
570,"1000",4.29959712500078,"IV"
571,"1000",6.20716215649664,"IV"
572,"1000",7.60086968015763,"IV"
573,"1000",4.38153873239369,"IV"
574,"1000",5.48555128433666,"IV"
575,"1000",4.97468042099869,"IV"
576,"1000",6.01115324919758,"IV"
577,"1000",5.47821618153869,"IV"
578,"1000",5.41684654865162,"IV"
579,"1000",4.82838105544847,"IV"
580,"1000",3.60603437751368,"IV"
581,"1000",5.55347474259767,"IV"
582,"1000",4.50845439275172,"IV"
583,"1000",4.59908431384644,"IV"
584,"1000",5.55519996417948,"IV"
585,"1000",5.47695071046818,"IV"
586,"1000",5.84591197345388,"IV"
587,"1000",NA,"IV"
588,"1000",5.30716144777742,"IV"
589,"1000",5.37444348658363,"IV"
590,"1000",3.55657031313127,"IV"
591,"1000",3.64285714285717,"IV"
592,"1000",3.60936157753541,"IV"
593,"1000",5.63776415442149,"IV"
594,"1000",4.47891739690954,"IV"
595,"1000",5.03543680018313,"IV"
596,"1000",3.90574186127824,"IV"
597,"1000",5.67640280188696,"IV"
598,"1000",6.85009460369194,"IV"
599,"1000",3.43193998630407,"IV"
600,"1000",4.81783082014421,"IV"
601,"1000",6.21529494997262,"IV"
602,"1000",3.85529267785452,"IV"
603,"1000",5.00245300469117,"IV"
604,"1000",5.91795044080742,"IV"
605,"1000",3.41997046747043,"IV"
606,"1000",3.76782461221786,"IV"
607,"1000",3.55628796107562,"IV"
608,"1000",4.18571265212818,"IV"
609,"1000",4.62843216961309,"IV"
610,"1000",5.81659489741083,"IV"
611,"1000",3.90728510323682,"IV"
612,"1000",6.80673378103247,"IV"
613,"1000",6.29921155809367,"IV"
614,"1000",6.24755165725666,"IV"
615,"1000",5.21582884425942,"IV"
616,"1000",6.50569149895437,"IV"
617,"1000",6.38913337277437,"IV"
618,"1000",5.72767294894243,"IV"
619,"1000",3.54761904761918,"IV"
620,"1000",5.85101844729917,"IV"
621,"1000",4.3383757251627,"IV"
622,"1000",4.57623599765695,"IV"
623,"1000",3.61147063215284,"IV"
624,"1000",3.27184538862911,"IV"
625,"1000",3.65367012992744,"IV"
626,"1000",4.23964381923306,"IV"
627,"1000",3.45105665645056,"IV"
628,"1000",4.44871104905711,"IV"
629,"1000",5.71229634445725,"IV"
630,"1000",4.16682210623577,"IV"
631,"1000",3.669921441991,"IV"
632,"1000",5.49625728771595,"IV"
633,"1000",4.01586437348632,"IV"
634,"1000",NA,"IV"
635,"1000",5.93668819008367,"IV"
636,"1000",4.31895605791791,"IV"
637,"1000",4.28792567341496,"IV"
638,"1000",5.63802529725764,"IV"
639,"1000",4.01063054032592,"IV"
640,"1000",3.74484660083887,"IV"
641,"1000",3.47428571428571,"IV"
642,"1000",4.01583229645392,"IV"
643,"1000",4.9861389964555,"IV"
644,"1000",7.86305321061306,"IV"
645,"1000",4.46578286306642,"IV"
646,"1000",3.182454539794,"IV"
647,"1000",5.53438668723326,"IV"
648,"1000",9.08957376084793,"IV"
649,"1000",5.39164560389023,"IV"
650,"1000",NA,"IV"
651,"1000",3.97300328098079,"IV"
652,"1000",3.73527077058142,"IV"
653,"1000",5.9184770561212,"IV"
654,"1000",5.42744688757636,"IV"
655,"1000",4.38459325694915,"IV"
656,"1000",4.25778188195207,"IV"
657,"1000",7.23049556941199,"IV"
658,"1000",4.89361834581738,"IV"
659,"1000",4.23027781047269,"IV"
660,"1000",3.81352429855308,"IV"
661,"1000",7.71726162465643,"IV"
662,"1000",3.39444444444444,"IV"
663,"1000",4.38859096977848,"IV"
664,"1000",3.82295652588935,"IV"
665,"1000",5.1809075462004,"IV"
666,"1000",5.13147301416596,"IV"
667,"1000",4.73879660192289,"IV"
668,"1000",3.42777777937329,"IV"
669,"1000",4.2344796649779,"IV"
670,"1000",3.68102270800347,"IV"
671,"1000",5.31397546252646,"IV"
672,"1000",3.65476541227227,"IV"
673,"1000",4.43616014318601,"IV"
674,"1000",3.56763580121353,"IV"
675,"1000",4.42690684943039,"IV"
676,"1000",3.59847705715505,"IV"
677,"1000",3.67286759676121,"IV"
678,"1000",3.65498862431821,"IV"
679,"1000",5.54058976782631,"IV"
680,"1000",3.93588999609284,"IV"
681,"1000",3.70666504904404,"IV"
682,"1000",3.46058986598458,"IV"
683,"1000",4.41456111208573,"IV"
684,"1000",6.7731952330828,"IV"
685,"1000",5.17304937227068,"IV"
686,"1000",5.45782676166796,"IV"
687,"1000",7.04508454134448,"IV"
688,"1000",4.21859412751297,"IV"
689,"1000",3.35734406892101,"IV"
690,"1000",4.56368307909462,"IV"
691,"1000",3.51176481617354,"IV"
692,"1000",5.06087264018477,"IV"
693,"1000",5.2504436838609,"IV"
694,"1000",5.32699988931686,"IV"
695,"1000",3.97042357815592,"IV"
696,"1000",5.72135717449094,"IV"
697,"1000",3.37506234565473,"IV"
698,"1000",3.41763444734402,"IV"
699,"1000",NA,"IV"
700,"1000",3.68540494957819,"IV"
701,"1000",5.23450371573381,"IV"
702,"1000",5.3327741452647,"IV"
703,"1000",5.60214078724615,"IV"
704,"1000",3.52352989046321,"IV"
705,"1000",5.17785970632863,"IV"
706,"1000",4.45094453913233,"IV"
707,"1000",5.16811305352553,"IV"
708,"1000",4.77915902165624,"IV"
709,"1000",4.3452232440262,"IV"
710,"1000",4.13888888888906,"IV"
711,"1000",4.63566108489613,"IV"
712,"1000",4.33186513655917,"IV"
713,"1000",5.10143231960222,"IV"
714,"1000",3.18324712153397,"IV"
715,"1000",5.10757853936398,"IV"
716,"1000",NA,"IV"
717,"1000",6.18584806121487,"IV"
718,"1000",5.12813207654721,"IV"
719,"1000",3.99910053932841,"IV"
720,"1000",3.49135817512128,"IV"
721,"1000",4.12871034258773,"IV"
722,"1000",4.53575757921488,"IV"
723,"1000",4.76419716759752,"IV"
724,"1000",3.93375912625683,"IV"
725,"1000",5.43855184452318,"IV"
726,"1000",4.79756170858706,"IV"
727,"1000",3.69164388003424,"IV"
728,"1000",4.08100700706793,"IV"
729,"1000",5.84113920203189,"IV"
730,"1000",4.2973689242273,"IV"
731,"1000",4.65926509692473,"IV"
732,"1000",4.81347054439289,"IV"
733,"1000",4.74734577959805,"IV"
734,"1000",3.62125714653692,"IV"
735,"1000",4.0589366752459,"IV"
736,"1000",6.1812370015374,"IV"
737,"1000",4.24445984012068,"IV"
738,"1000",6.48338112471369,"IV"
739,"1000",4.02838376018154,"IV"
740,"1000",6.28151948484847,"IV"
741,"1000",3.92625113900274,"IV"
742,"1000",7.35358845991154,"IV"
743,"1000",3.90646757571164,"IV"
744,"1000",4.6560267608474,"IV"
745,"1000",4.23616709758214,"IV"
746,"1000",4.34992772862227,"IV"
747,"1000",5.62497173260688,"IV"
748,"1000",3.60828794835495,"IV"
749,"1000",3.85478767882422,"IV"
750,"1000",4.6890589599491,"IV"
751,"1000",3.8733491988326,"IV"
752,"1000",4.76217942881933,"IV"
753,"1000",5.38921234157643,"IV"
754,"1000",6.31911565099577,"IV"
755,"1000",5.90965612914356,"IV"
756,"1000",5.4036108900216,"IV"
757,"1000",5.86008382562031,"IV"
758,"1000",3.90973107993103,"IV"
759,"1000",4.43333652404564,"IV"
760,"1000",4.0061341337237,"IV"
761,"1000",5.97560136718889,"IV"
762,"1000",6.89598629118664,"IV"
763,"1000",6.89905387327516,"IV"
764,"1000",5.2184018833119,"IV"
765,"1000",4.32653981580575,"IV"
766,"1000",3.1695649814931,"IV"
767,"1000",NA,"IV"
768,"1000",3.60767666557889,"IV"
769,"1000",3.76117380289359,"IV"
770,"1000",5.64721867992134,"IV"
771,"1000",3.54123284046527,"IV"
772,"1000",3.89843361991516,"IV"
773,"1000",3.86535848953408,"IV"
774,"1000",3.88215744107967,"IV"
775,"1000",4.33015769136008,"IV"
776,"1000",4.67959940401477,"IV"
777,"1000",3.81078915705439,"IV"
778,"1000",5.44463055234617,"IV"
779,"1000",4.19253179095036,"IV"
780,"1000",4.17132686919429,"IV"
781,"1000",6.65058372689078,"IV"
782,"1000",3.36634065562305,"IV"
783,"1000",4.15600537323045,"IV"
784,"1000",5.83569418927714,"IV"
785,"1000",3.76043727138668,"IV"
786,"1000",5.6640443504989,"IV"
787,"1000",4.81827210286443,"IV"
788,"1000",4.13842439152663,"IV"
789,"1000",4.9983720018742,"IV"
790,"1000",3.71179476417065,"IV"
791,"1000",3.52492356320434,"IV"
792,"1000",NA,"IV"
793,"1000",4.69337305757692,"IV"
794,"1000",5.04687538304239,"IV"
795,"1000",4.52228033837637,"IV"
796,"1000",3.87547453492912,"IV"
797,"1000",4.3455896548185,"IV"
798,"1000",4.78252036695153,"IV"
799,"1000",4.37098917591446,"IV"
800,"1000",3.37483286104966,"IV"
801,"1000",NA,"IV"
802,"1000",6.23095180376473,"IV"
803,"1000",3.56964613145797,"IV"
804,"1000",4.53490794019377,"IV"
805,"1000",3.3448551365415,"IV"
806,"1000",5.28533746958906,"IV"
807,"1000",3.92300913494724,"IV"
808,"1000",4.87127307439821,"IV"
809,"1000",4.07597603317279,"IV"
810,"1000",4.69340382081194,"IV"
811,"1000",5.11070804098793,"IV"
812,"1000",4.76477961339005,"IV"
813,"1000",5.21703613300848,"IV"
814,"1000",3.85595628298441,"IV"
815,"1000",3.75766639428375,"IV"
816,"1000",4.57115507901853,"IV"
817,"1000",5.35287102417409,"IV"
818,"1000",3.90867667640909,"IV"
819,"1000",3.62532742791244,"IV"
820,"1000",4.96199867059101,"IV"
821,"1000",4.86039286016225,"IV"
822,"1000",3.64150343132899,"IV"
823,"1000",4.07291149086786,"IV"
824,"1000",5.68813003985458,"IV"
825,"1000",4.639449296123,"IV"
826,"1000",4.86792969693574,"IV"
827,"1000",5.74413710366635,"IV"
828,"1000",4.10283547106942,"IV"
829,"1000",4.42272498579869,"IV"
830,"1000",4.22187627858259,"IV"
831,"1000",3.72256683503885,"IV"
832,"1000",5.06622751771081,"IV"
833,"1000",4.37421437665569,"IV"
834,"1000",5.86302394459865,"IV"
835,"1000",5.75075399055135,"IV"
836,"1000",6.80475017693222,"IV"
837,"1000",3.37802229578887,"IV"
838,"1000",3.69718530877692,"IV"
839,"1000",4.59336352896196,"IV"
840,"1000",5.32380520319551,"IV"
841,"1000",4.29870308237216,"IV"
842,"1000",6.66546771780362,"IV"
843,"1000",3.65822079542229,"IV"
844,"1000",3.47953591026198,"IV"
845,"1000",6.79455661713382,"IV"
846,"1000",4.16461468475214,"IV"
847,"1000",5.20467752432271,"IV"
848,"1000",5.80489499551419,"IV"
849,"1000",6.46984576858591,"IV"
850,"1000",4.16504967380763,"IV"
851,"1000",4.86934439216206,"IV"
852,"1000",4.6860377152396,"IV"
853,"1000",5.07753848212937,"IV"
854,"1000",6.79819346520865,"IV"
855,"1000",3.84171565092391,"IV"
856,"1000",5.18465184512117,"IV"
857,"1000",3.91690117346022,"IV"
858,"1000",4.17828850945937,"IV"
859,"1000",3.95303234135682,"IV"
860,"1000",3.17679659651481,"IV"
861,"1000",3.62576687116566,"IV"
862,"1000",6.96071066186633,"IV"
863,"1000",4.24656818592491,"IV"
864,"1000",3.88724931154653,"IV"
865,"1000",3.76523611219798,"IV"
866,"1000",3.77976725198974,"IV"
867,"1000",4.1986392213586,"IV"
868,"1000",3.78233094634516,"IV"
869,"1000",3.25385770414748,"IV"
870,"1000",4.36352524245055,"IV"
871,"1000",3.66679787236657,"IV"
872,"1000",5.70462631706271,"IV"
873,"1000",5.57910749176109,"IV"
874,"1000",3.8848525378612,"IV"
875,"1000",4.04276480615679,"IV"
876,"1000",3.4792899408286,"IV"
877,"1000",3.60225504694491,"IV"
878,"1000",4.65586357347084,"IV"
879,"1000",3.97747368449367,"IV"
880,"1000",4.7968877092229,"IV"
881,"1000",4.08635285235029,"IV"
882,"1000",4.41942361910361,"IV"
883,"1000",4.58510314166035,"IV"
884,"1000",4.95719969902958,"IV"
885,"1000",5.17229376090009,"IV"
886,"1000",3.36065573770486,"IV"
887,"1000",4.86187789483631,"IV"
888,"1000",4.18781195363181,"IV"
889,"1000",5.43501516833508,"IV"
890,"1000",3.9518795597248,"IV"
891,"1000",3.84640739156122,"IV"
892,"1000",4.26313886921824,"IV"
893,"1000",5.60759348145062,"IV"
894,"1000",4.49069628685847,"IV"
895,"1000",4.62011621425577,"IV"
896,"1000",4.26490862308143,"IV"
897,"1000",4.62501401580111,"IV"
898,"1000",4.99563988273975,"IV"
899,"1000",6.68161673360177,"IV"
900,"1000",5.02635878363872,"IV"
901,"1000",6.04945605716813,"IV"
902,"1000",5.47829802835668,"IV"
903,"1000",5.64781219937203,"IV"
904,"1000",3.90102595219923,"IV"
905,"1000",6.08744195438886,"IV"
906,"1000",6.50352868106182,"IV"
907,"1000",4.07138186692759,"IV"
908,"1000",6.89654515458735,"IV"
909,"1000",5.1802803750452,"IV"
910,"1000",4.92941619529433,"IV"
911,"1000",4.81116601148079,"IV"
912,"1000",3.59683745614538,"IV"
913,"1000",3.97946857806249,"IV"
914,"1000",3.82574077075514,"IV"
915,"1000",3.63052193505505,"IV"
916,"1000",3.80497613691863,"IV"
917,"1000",4.49662100232118,"IV"
918,"1000",4.80329233828598,"IV"
919,"1000",4.96336689855498,"IV"
920,"1000",4.7127404377234,"IV"
921,"1000",5.54506237794918,"IV"
922,"1000",3.91270236592848,"IV"
923,"1000",5.78902733018434,"IV"
924,"1000",NA,"IV"
925,"1000",3.98573101407456,"IV"
926,"1000",3.6281570021711,"IV"
927,"1000",5.27362822187451,"IV"
928,"1000",4.00461785552415,"IV"
929,"1000",4.84471404754653,"IV"
930,"1000",6.02015962799263,"IV"
931,"1000",4.80814720727187,"IV"
932,"1000",3.67901366025581,"IV"
933,"1000",6.55022476650084,"IV"
934,"1000",3.79141104294472,"IV"
935,"1000",8.88982379605694,"IV"
936,"1000",5.16469661620968,"IV"
937,"1000",4.77097440601355,"IV"
938,"1000",3.20710929802386,"IV"
939,"1000",5.22682796506213,"IV"
940,"1000",4.07619245008396,"IV"
941,"1000",3.77832433571717,"IV"
942,"1000",3.717791411043,"IV"
943,"1000",3.57309941520463,"IV"
944,"1000",4.61627283318092,"IV"
945,"1000",4.75032005897353,"IV"
946,"1000",3.4116750833113,"IV"
947,"1000",4.97444660917843,"IV"
948,"1000",4.33061186749347,"IV"
949,"1000",3.56695513348828,"IV"
950,"1000",4.67564631661282,"IV"
951,"1000",4.80015100344296,"IV"
952,"1000",5.67570807322114,"IV"
953,"1000",4.81728790765969,"IV"
954,"1000",4.707805726342,"IV"
955,"1000",8.63104321407525,"IV"
956,"1000",3.6043290757448,"IV"
957,"1000",4.67105398723487,"IV"
958,"1000",4.43011639410814,"IV"
959,"1000",3.57885529397494,"IV"
960,"1000",6.78672750425436,"IV"
961,"1000",3.61250476124016,"IV"
962,"1000",3.89888834484978,"IV"
963,"1000",5.7349819139851,"IV"
964,"1000",4.40825510574015,"IV"
965,"1000",3.2795712673639,"IV"
966,"1000",3.95674965426166,"IV"
967,"1000",4.35108663456295,"IV"
968,"1000",9.42071735293035,"IV"
969,"1000",5.1587821556109,"IV"
970,"1000",NA,"IV"
971,"1000",3.82851708167147,"IV"
972,"1000",3.87523577843227,"IV"
973,"1000",4.80396738037919,"IV"
974,"1000",3.3437872497745,"IV"
975,"1000",4.67049009176026,"IV"
976,"1000",4.84750523084705,"IV"
977,"1000",4.41992033636943,"IV"
978,"1000",3.94994513571962,"IV"
979,"1000",3.81808216723886,"IV"
980,"1000",4.68341746365869,"IV"
981,"1000",3.81377215522482,"IV"
982,"1000",5.91437272868265,"IV"
983,"1000",3.80059706290718,"IV"
984,"1000",3.97483992968695,"IV"
985,"1000",4.07746478873246,"IV"
986,"1000",4.55270357584748,"IV"
987,"1000",6.07923088433559,"IV"
988,"1000",5.27902027371972,"IV"
989,"1000",4.02449797542199,"IV"
990,"1000",4.14271096398533,"IV"
991,"1000",3.93264749784973,"IV"
992,"1000",5.00309416168634,"IV"
993,"1000",4.93992862338871,"IV"
994,"1000",4.08502070425707,"IV"
995,"1000",5.77783303254093,"IV"
996,"1000",3.96052631583648,"IV"
997,"1000",3.5266212178218,"IV"
998,"1000",4.70203385523778,"IV"
999,"1000",6.46004122104517,"IV"
1000,"1000",3.35135135135133,"IV"
1,"2000",4.13495878987389,"IV"
2,"2000",3.37778090054017,"IV"
3,"2000",3.91546390204791,"IV"
4,"2000",4.80852152469101,"IV"
5,"2000",4.41281310918882,"IV"
6,"2000",4.19234301913041,"IV"
7,"2000",4.53914334261953,"IV"
8,"2000",4.87164932319796,"IV"
9,"2000",5.96905525052977,"IV"
10,"2000",5.20742244950634,"IV"
11,"2000",4.35542545534541,"IV"
12,"2000",5.42608856993795,"IV"
13,"2000",4.44844980237309,"IV"
14,"2000",3.71296358590893,"IV"
15,"2000",4.01896416950404,"IV"
16,"2000",4.99364592490714,"IV"
17,"2000",3.39131269356968,"IV"
18,"2000",4.62242207885381,"IV"
19,"2000",4.44660115144503,"IV"
20,"2000",4.91750187443176,"IV"
21,"2000",5.04307014601973,"IV"
22,"2000",3.88823881841475,"IV"
23,"2000",5.37518321136697,"IV"
24,"2000",4.78370398049069,"IV"
25,"2000",5.6510452910778,"IV"
26,"2000",4.2570628589268,"IV"
27,"2000",3.68892926649734,"IV"
28,"2000",4.15894246543658,"IV"
29,"2000",5.03941948290929,"IV"
30,"2000",5.52693798942023,"IV"
31,"2000",4.14426868625658,"IV"
32,"2000",4.66740545974131,"IV"
33,"2000",3.67867037740313,"IV"
34,"2000",4.82882221358191,"IV"
35,"2000",4.43955215797182,"IV"
36,"2000",4.65055949860039,"IV"
37,"2000",3.90216746691965,"IV"
38,"2000",4.52490149223029,"IV"
39,"2000",4.65849211654302,"IV"
40,"2000",3.40697674432139,"IV"
41,"2000",4.64820707572014,"IV"
42,"2000",4.21216158321464,"IV"
43,"2000",4.29504599950034,"IV"
44,"2000",4.3092106362099,"IV"
45,"2000",4.69070003481735,"IV"
46,"2000",4.01815615405875,"IV"
47,"2000",5.30091119842997,"IV"
48,"2000",4.42440090682348,"IV"
49,"2000",4.73402239829414,"IV"
50,"2000",5.72335874496758,"IV"
51,"2000",6.2074761733519,"IV"
52,"2000",4.72727433214617,"IV"
53,"2000",6.82138909341914,"IV"
54,"2000",4.48410094470657,"IV"
55,"2000",4.4274815931839,"IV"
56,"2000",3.82643075957093,"IV"
57,"2000",4.3655933293174,"IV"
58,"2000",5.10584555310038,"IV"
59,"2000",3.85831009760548,"IV"
60,"2000",5.10289851973178,"IV"
61,"2000",5.74076195130334,"IV"
62,"2000",5.2468026735504,"IV"
63,"2000",5.75580525198288,"IV"
64,"2000",4.52000405030545,"IV"
65,"2000",4.81319130449243,"IV"
66,"2000",7.90449743374574,"IV"
67,"2000",8.14130456643966,"IV"
68,"2000",3.97452809295193,"IV"
69,"2000",4.23230593891317,"IV"
70,"2000",3.95464943642405,"IV"
71,"2000",4.34937872486434,"IV"
72,"2000",3.59838636205852,"IV"
73,"2000",5.53882475690038,"IV"
74,"2000",3.73707978283237,"IV"
75,"2000",4.50731858077997,"IV"
76,"2000",4.78131602965644,"IV"
77,"2000",4.36752427104682,"IV"
78,"2000",4.65452892880422,"IV"
79,"2000",3.9215788769985,"IV"
80,"2000",4.46447227909108,"IV"
81,"2000",3.69396380186156,"IV"
82,"2000",4.13191533774829,"IV"
83,"2000",4.05187119578371,"IV"
84,"2000",4.95220965722431,"IV"
85,"2000",5.39997643712025,"IV"
86,"2000",3.74968732696508,"IV"
87,"2000",5.05159449586862,"IV"
88,"2000",4.02876391184129,"IV"
89,"2000",4.99787408807401,"IV"
90,"2000",4.25857488720229,"IV"
91,"2000",3.44160666771404,"IV"
92,"2000",5.30711666819227,"IV"
93,"2000",3.99702107638097,"IV"
94,"2000",5.25625003004586,"IV"
95,"2000",5.28813913680843,"IV"
96,"2000",4.00455600875317,"IV"
97,"2000",4.22397557323484,"IV"
98,"2000",4.47090280801367,"IV"
99,"2000",4.59482171011926,"IV"
100,"2000",3.40116279069767,"IV"
101,"2000",4.5130334987166,"IV"
102,"2000",4.51346734946513,"IV"
103,"2000",4.44422656813593,"IV"
104,"2000",5.37838845917495,"IV"
105,"2000",5.14519818342755,"IV"
106,"2000",6.37919858961979,"IV"
107,"2000",6.59095764007587,"IV"
108,"2000",4.47100611922666,"IV"
109,"2000",6.36702631081563,"IV"
110,"2000",5.46050895119536,"IV"
111,"2000",4.43400537983382,"IV"
112,"2000",4.5944800775743,"IV"
113,"2000",5.59806184966945,"IV"
114,"2000",4.83869866709681,"IV"
115,"2000",5.67611275036163,"IV"
116,"2000",5.38827527419615,"IV"
117,"2000",4.96799584247334,"IV"
118,"2000",4.82486519408882,"IV"
119,"2000",4.43437783071298,"IV"
120,"2000",5.61725184064908,"IV"
121,"2000",3.74929649975199,"IV"
122,"2000",4.49507440416181,"IV"
123,"2000",4.70136977660359,"IV"
124,"2000",3.84121944210782,"IV"
125,"2000",5.41535917509839,"IV"
126,"2000",3.88345498433921,"IV"
127,"2000",5.17892686848117,"IV"
128,"2000",3.73325280369111,"IV"
129,"2000",5.21234215756984,"IV"
130,"2000",4.23380103161386,"IV"
131,"2000",4.62143551893985,"IV"
132,"2000",3.94086747066613,"IV"
133,"2000",6.1300935941782,"IV"
134,"2000",4.01950161166381,"IV"
135,"2000",3.88469055982226,"IV"
136,"2000",8.89323638501861,"IV"
137,"2000",4.30910130325309,"IV"
138,"2000",4.611905771764,"IV"
139,"2000",6.81060866222293,"IV"
140,"2000",3.68387181829098,"IV"
141,"2000",4.39889747997929,"IV"
142,"2000",3.63300850700985,"IV"
143,"2000",5.69571941751877,"IV"
144,"2000",4.84400102401263,"IV"
145,"2000",7.50161102263745,"IV"
146,"2000",3.83667609692432,"IV"
147,"2000",4.04380091313801,"IV"
148,"2000",3.77990526015124,"IV"
149,"2000",4.83984435422179,"IV"
150,"2000",4.69845528216329,"IV"
151,"2000",3.57587319852953,"IV"
152,"2000",3.85423725636505,"IV"
153,"2000",5.53315572250822,"IV"
154,"2000",4.48189539014708,"IV"
155,"2000",4.73296286257136,"IV"
156,"2000",3.60508766823566,"IV"
157,"2000",5.05083330197118,"IV"
158,"2000",4.11541674351827,"IV"
159,"2000",3.80696202541209,"IV"
160,"2000",4.7917769238473,"IV"
161,"2000",4.61375707719977,"IV"
162,"2000",4.34453053471896,"IV"
163,"2000",5.74066858696873,"IV"
164,"2000",4.00386667252618,"IV"
165,"2000",6.97689405458334,"IV"
166,"2000",4.80792239326262,"IV"
167,"2000",4.14800779824835,"IV"
168,"2000",4.17638047804993,"IV"
169,"2000",4.55185870086914,"IV"
170,"2000",3.62856954142308,"IV"
171,"2000",3.50695132715378,"IV"
172,"2000",4.06401967895525,"IV"
173,"2000",7.53720092080064,"IV"
174,"2000",3.81168831168819,"IV"
175,"2000",3.98051374375321,"IV"
176,"2000",3.43099108572263,"IV"
177,"2000",4.94487014183633,"IV"
178,"2000",6.26207788346451,"IV"
179,"2000",4.50485430072026,"IV"
180,"2000",4.58717396121719,"IV"
181,"2000",3.862821503456,"IV"
182,"2000",3.56783862680581,"IV"
183,"2000",3.9209952956151,"IV"
184,"2000",6.37757788872976,"IV"
185,"2000",4.74885199803263,"IV"
186,"2000",4.90896799600939,"IV"
187,"2000",4.74997466880116,"IV"
188,"2000",4.12734897427268,"IV"
189,"2000",4.93814381593213,"IV"
190,"2000",4.44164018761994,"IV"
191,"2000",3.78619583358572,"IV"
192,"2000",4.17864144735339,"IV"
193,"2000",5.15485296296238,"IV"
194,"2000",4.53686883373617,"IV"
195,"2000",4.69107862492148,"IV"
196,"2000",5.33443135425036,"IV"
197,"2000",4.12254826249779,"IV"
198,"2000",5.44448765662872,"IV"
199,"2000",4.82762760758969,"IV"
200,"2000",4.81470803972528,"IV"
201,"2000",5.85248267502312,"IV"
202,"2000",4.35362286847438,"IV"
203,"2000",4.62419273332303,"IV"
204,"2000",5.07653975210958,"IV"
205,"2000",4.54266396718175,"IV"
206,"2000",6.1407108870814,"IV"
207,"2000",4.44976419793938,"IV"
208,"2000",5.47382150225003,"IV"
209,"2000",8.01914046705341,"IV"
210,"2000",4.45618834778868,"IV"
211,"2000",4.35804581885666,"IV"
212,"2000",4.82586930586295,"IV"
213,"2000",3.86817180187006,"IV"
214,"2000",4.30559949069906,"IV"
215,"2000",4.3262726144511,"IV"
216,"2000",5.92855396816473,"IV"
217,"2000",4.96764889770749,"IV"
218,"2000",6.89303060323756,"IV"
219,"2000",4.35308936395182,"IV"
220,"2000",3.49275904688768,"IV"
221,"2000",4.91442504974462,"IV"
222,"2000",4.02091166053386,"IV"
223,"2000",6.4586710956226,"IV"
224,"2000",6.53497515659499,"IV"
225,"2000",4.12421625816652,"IV"
226,"2000",5.15648893859385,"IV"
227,"2000",5.42400846812909,"IV"
228,"2000",3.41807946117753,"IV"
229,"2000",5.24488201055027,"IV"
230,"2000",5.06388505452245,"IV"
231,"2000",4.05569767019713,"IV"
232,"2000",5.54987371421085,"IV"
233,"2000",5.3704008080863,"IV"
234,"2000",4.27947182414505,"IV"
235,"2000",4.23727591243344,"IV"
236,"2000",5.19386981925715,"IV"
237,"2000",5.61402200952538,"IV"
238,"2000",3.51488095238089,"IV"
239,"2000",5.53841149748605,"IV"
240,"2000",5.13624775498631,"IV"
241,"2000",4.90111646009409,"IV"
242,"2000",6.26632665367001,"IV"
243,"2000",4.36641989357119,"IV"
244,"2000",3.9587915485056,"IV"
245,"2000",4.19304663827647,"IV"
246,"2000",4.11696421005909,"IV"
247,"2000",4.30264034473885,"IV"
248,"2000",3.8168407599366,"IV"
249,"2000",5.15254493271385,"IV"
250,"2000",3.78668041151524,"IV"
251,"2000",5.17273857393992,"IV"
252,"2000",4.43301804341943,"IV"
253,"2000",4.38050311318141,"IV"
254,"2000",3.70553905108261,"IV"
255,"2000",4.02775671220565,"IV"
256,"2000",3.9210500855531,"IV"
257,"2000",4.28398674143093,"IV"
258,"2000",4.96163487433096,"IV"
259,"2000",4.72945571532174,"IV"
260,"2000",7.00969983232309,"IV"
261,"2000",4.73704204046014,"IV"
262,"2000",3.85361309957114,"IV"
263,"2000",6.19546375674468,"IV"
264,"2000",4.64420502929587,"IV"
265,"2000",3.39887809536797,"IV"
266,"2000",3.66972477064486,"IV"
267,"2000",3.53371186105871,"IV"
268,"2000",4.92949805721585,"IV"
269,"2000",5.11549489525754,"IV"
270,"2000",4.55208260870072,"IV"
271,"2000",4.56038161537032,"IV"
272,"2000",4.85004504277704,"IV"
273,"2000",4.57591362953324,"IV"
274,"2000",4.28319980172354,"IV"
275,"2000",3.59396364082558,"IV"
276,"2000",4.19520694284594,"IV"
277,"2000",5.26272099429877,"IV"
278,"2000",5.1605430965097,"IV"
279,"2000",3.71838349078071,"IV"
280,"2000",4.58373817435779,"IV"
281,"2000",4.65402190797191,"IV"
282,"2000",5.49339010269436,"IV"
283,"2000",5.25068454474314,"IV"
284,"2000",4.95699572054118,"IV"
285,"2000",5.78483882663005,"IV"
286,"2000",3.72964727220065,"IV"
287,"2000",4.09598403865722,"IV"
288,"2000",3.67836210051075,"IV"
289,"2000",5.51360671181229,"IV"
290,"2000",4.59117168398878,"IV"
291,"2000",4.43411270822203,"IV"
292,"2000",4.02293360118903,"IV"
293,"2000",3.9471948418605,"IV"
294,"2000",3.74080710005558,"IV"
295,"2000",5.08006410141826,"IV"
296,"2000",5.54153284400513,"IV"
297,"2000",4.1372999585371,"IV"
298,"2000",3.75380778628464,"IV"
299,"2000",3.82840213478748,"IV"
300,"2000",3.90177881861244,"IV"
301,"2000",6.11745054547592,"IV"
302,"2000",3.81494386926253,"IV"
303,"2000",4.98822587295878,"IV"
304,"2000",5.54055030260141,"IV"
305,"2000",4.29209339088388,"IV"
306,"2000",5.48857016359776,"IV"
307,"2000",3.97500453258982,"IV"
308,"2000",5.24303572917951,"IV"
309,"2000",3.89371596826538,"IV"
310,"2000",5.51237861101252,"IV"
311,"2000",4.39864512880166,"IV"
312,"2000",3.88483539750763,"IV"
313,"2000",5.81646807549543,"IV"
314,"2000",4.95479302882174,"IV"
315,"2000",5.03842480601096,"IV"
316,"2000",5.71630106862998,"IV"
317,"2000",4.39085151765622,"IV"
318,"2000",4.39523120324585,"IV"
319,"2000",4.10590084571483,"IV"
320,"2000",4.35499253090594,"IV"
321,"2000",4.01740040376128,"IV"
322,"2000",5.58584811365519,"IV"
323,"2000",3.55759025079716,"IV"
324,"2000",5.46983933594815,"IV"
325,"2000",3.7871536845202,"IV"
326,"2000",4.52037842430691,"IV"
327,"2000",4.54197337638555,"IV"
328,"2000",5.58869045780826,"IV"
329,"2000",5.1601694490322,"IV"
330,"2000",5.14087341440735,"IV"
331,"2000",5.19770013297379,"IV"
332,"2000",4.22634065086549,"IV"
333,"2000",3.80811688342959,"IV"
334,"2000",4.37837083698367,"IV"
335,"2000",4.4038377842146,"IV"
336,"2000",5.59608675824694,"IV"
337,"2000",3.37356322114446,"IV"
338,"2000",4.38958192336436,"IV"
339,"2000",4.31075986767161,"IV"
340,"2000",3.59411778099812,"IV"
341,"2000",5.7119839447679,"IV"
342,"2000",4.39771368140754,"IV"
343,"2000",5.35679416918081,"IV"
344,"2000",3.63617116434318,"IV"
345,"2000",5.03104872893725,"IV"
346,"2000",4.60068434607503,"IV"
347,"2000",3.64516326661628,"IV"
348,"2000",4.16351339463219,"IV"
349,"2000",4.49085904948648,"IV"
350,"2000",5.19365272182156,"IV"
351,"2000",4.82677931647617,"IV"
352,"2000",4.77749147263054,"IV"
353,"2000",4.71521631918362,"IV"
354,"2000",4.57581918496797,"IV"
355,"2000",4.41012998579794,"IV"
356,"2000",4.40578795202172,"IV"
357,"2000",4.39568988650941,"IV"
358,"2000",4.20999333193072,"IV"
359,"2000",3.70001828104058,"IV"
360,"2000",4.01926799189174,"IV"
361,"2000",5.18624497591625,"IV"
362,"2000",5.64713804510807,"IV"
363,"2000",4.42913917333279,"IV"
364,"2000",4.18522925613719,"IV"
365,"2000",3.86185648527741,"IV"
366,"2000",4.36990683459567,"IV"
367,"2000",4.49684184243696,"IV"
368,"2000",4.30271224456173,"IV"
369,"2000",3.97471227237367,"IV"
370,"2000",4.1985850074689,"IV"
371,"2000",5.59553795384007,"IV"
372,"2000",4.53515975026619,"IV"
373,"2000",4.54387422274275,"IV"
374,"2000",5.61649936250426,"IV"
375,"2000",3.62920084906276,"IV"
376,"2000",4.81289161621055,"IV"
377,"2000",4.73292272248705,"IV"
378,"2000",3.8105011258856,"IV"
379,"2000",4.20100710638576,"IV"
380,"2000",5.24298694770424,"IV"
381,"2000",5.00653910107479,"IV"
382,"2000",3.80066398083391,"IV"
383,"2000",4.66396271832141,"IV"
384,"2000",5.11695100847901,"IV"
385,"2000",4.26871851228984,"IV"
386,"2000",6.2394545014673,"IV"
387,"2000",4.67967614897616,"IV"
388,"2000",3.67654096401146,"IV"
389,"2000",4.71130436377952,"IV"
390,"2000",4.37161929667786,"IV"
391,"2000",4.31619210908438,"IV"
392,"2000",4.84373520496221,"IV"
393,"2000",6.18436196477665,"IV"
394,"2000",3.71640411309056,"IV"
395,"2000",4.52872527592221,"IV"
396,"2000",6.41770206294745,"IV"
397,"2000",4.74245151360085,"IV"
398,"2000",4.45570690266043,"IV"
399,"2000",4.48566019266494,"IV"
400,"2000",7.80147978688798,"IV"
401,"2000",4.33532524741289,"IV"
402,"2000",3.82470764518948,"IV"
403,"2000",5.14952271491665,"IV"
404,"2000",4.92372380709786,"IV"
405,"2000",4.77716558069522,"IV"
406,"2000",5.20611156380553,"IV"
407,"2000",4.32362457507126,"IV"
408,"2000",3.5442536698551,"IV"
409,"2000",3.93877111034756,"IV"
410,"2000",4.39074807289264,"IV"
411,"2000",4.38621193997816,"IV"
412,"2000",3.38016528925622,"IV"
413,"2000",4.75774328739419,"IV"
414,"2000",4.78621878497432,"IV"
415,"2000",4.61317687146444,"IV"
416,"2000",5.97555156466079,"IV"
417,"2000",4.33457072586711,"IV"
418,"2000",4.42048245726302,"IV"
419,"2000",4.02771604119498,"IV"
420,"2000",5.86001533950606,"IV"
421,"2000",4.22431700608867,"IV"
422,"2000",6.41439406372414,"IV"
423,"2000",3.50602409638563,"IV"
424,"2000",3.92624100498686,"IV"
425,"2000",4.20698824917105,"IV"
426,"2000",4.54630878205406,"IV"
427,"2000",5.7893353036666,"IV"
428,"2000",4.56883257463445,"IV"
429,"2000",5.63534429434357,"IV"
430,"2000",4.22733681906825,"IV"
431,"2000",4.23164328514548,"IV"
432,"2000",3.61014430685225,"IV"
433,"2000",4.37309767980426,"IV"
434,"2000",3.97100902780416,"IV"
435,"2000",4.70691933508743,"IV"
436,"2000",4.83943282849014,"IV"
437,"2000",3.56457556016598,"IV"
438,"2000",4.40217106376852,"IV"
439,"2000",4.56526644960843,"IV"
440,"2000",3.40510146880174,"IV"
441,"2000",5.47274324879258,"IV"
442,"2000",4.68232361239889,"IV"
443,"2000",3.98277164033226,"IV"
444,"2000",4.64438231726723,"IV"
445,"2000",3.68985118860891,"IV"
446,"2000",4.95600833868668,"IV"
447,"2000",4.2736878405158,"IV"
448,"2000",4.64790865067685,"IV"
449,"2000",3.78082829247907,"IV"
450,"2000",4.19723944095754,"IV"
451,"2000",4.39753411283418,"IV"
452,"2000",4.16362444632367,"IV"
453,"2000",3.70199126616726,"IV"
454,"2000",4.12602845462311,"IV"
455,"2000",4.84887490848984,"IV"
456,"2000",5.26375412544244,"IV"
457,"2000",4.55425674830908,"IV"
458,"2000",4.71409130579135,"IV"
459,"2000",5.00577931143762,"IV"
460,"2000",5.75251646474379,"IV"
461,"2000",5.04950647907838,"IV"
462,"2000",5.44222419403656,"IV"
463,"2000",5.19577187530177,"IV"
464,"2000",3.84320897837247,"IV"
465,"2000",4.65117076685602,"IV"
466,"2000",4.63098679947954,"IV"
467,"2000",3.47428701974029,"IV"
468,"2000",3.69353221141774,"IV"
469,"2000",5.3177525402748,"IV"
470,"2000",4.03385679361106,"IV"
471,"2000",4.01320307385837,"IV"
472,"2000",5.65772849413219,"IV"
473,"2000",4.12060629940464,"IV"
474,"2000",3.9359832072078,"IV"
475,"2000",3.34699453559559,"IV"
476,"2000",4.22844076609045,"IV"
477,"2000",4.36136179151074,"IV"
478,"2000",5.29680511833371,"IV"
479,"2000",4.12844298724047,"IV"
480,"2000",6.4603884167308,"IV"
481,"2000",5.84553845657162,"IV"
482,"2000",6.90334755402004,"IV"
483,"2000",3.40284694042683,"IV"
484,"2000",4.52724407034159,"IV"
485,"2000",3.68480773174092,"IV"
486,"2000",4.73591029680858,"IV"
487,"2000",5.0062578967457,"IV"
488,"2000",4.79819100197706,"IV"
489,"2000",5.06762834109444,"IV"
490,"2000",4.57223648312856,"IV"
491,"2000",5.42016202154223,"IV"
492,"2000",4.29261880447762,"IV"
493,"2000",4.27001998511884,"IV"
494,"2000",4.6253330520007,"IV"
495,"2000",4.38359034106749,"IV"
496,"2000",4.41835398432921,"IV"
497,"2000",4.34765258855972,"IV"
498,"2000",4.75856417267678,"IV"
499,"2000",5.01509621497384,"IV"
500,"2000",6.37745361479228,"IV"
501,"2000",4.91501371443343,"IV"
502,"2000",3.7748917389404,"IV"
503,"2000",4.6295295407374,"IV"
504,"2000",4.38378655508645,"IV"
505,"2000",4.10837538887577,"IV"
506,"2000",5.04323589183299,"IV"
507,"2000",4.21020001730014,"IV"
508,"2000",4.79538599370638,"IV"
509,"2000",3.7457741172751,"IV"
510,"2000",4.23830832965688,"IV"
511,"2000",4.24593170475594,"IV"
512,"2000",4.59794195259523,"IV"
513,"2000",4.48018285405882,"IV"
514,"2000",3.76729718969816,"IV"
515,"2000",5.3419277885631,"IV"
516,"2000",5.00074988883379,"IV"
517,"2000",5.1074493944864,"IV"
518,"2000",4.28535018549434,"IV"
519,"2000",4.20109818236573,"IV"
520,"2000",4.27439528757716,"IV"
521,"2000",4.55602136373659,"IV"
522,"2000",4.10262024471983,"IV"
523,"2000",5.07936556205443,"IV"
524,"2000",5.80303738994454,"IV"
525,"2000",4.05222037634667,"IV"
526,"2000",4.35441744239597,"IV"
527,"2000",3.71611101766804,"IV"
528,"2000",4.51170296686907,"IV"
529,"2000",4.2438947222475,"IV"
530,"2000",5.86093550542468,"IV"
531,"2000",4.67959661377218,"IV"
532,"2000",4.85151869151229,"IV"
533,"2000",3.4524335939831,"IV"
534,"2000",4.31031743736264,"IV"
535,"2000",4.38665331506721,"IV"
536,"2000",4.00922583328642,"IV"
537,"2000",6.95223158790744,"IV"
538,"2000",3.89301499697309,"IV"
539,"2000",5.30453611025382,"IV"
540,"2000",5.39548088506344,"IV"
541,"2000",6.46978088913171,"IV"
542,"2000",5.19974818023459,"IV"
543,"2000",4.41208421656931,"IV"
544,"2000",3.65632974641725,"IV"
545,"2000",5.69074279033329,"IV"
546,"2000",3.80255581373171,"IV"
547,"2000",5.64757802782305,"IV"
548,"2000",4.9493766924916,"IV"
549,"2000",4.20655028120319,"IV"
550,"2000",5.16368039855296,"IV"
551,"2000",5.24672762138875,"IV"
552,"2000",4.56138164562423,"IV"
553,"2000",3.39368896672419,"IV"
554,"2000",3.49570204072484,"IV"
555,"2000",4.23271355142375,"IV"
556,"2000",3.6633275779863,"IV"
557,"2000",5.13232048275641,"IV"
558,"2000",3.9929845409756,"IV"
559,"2000",3.61500831144399,"IV"
560,"2000",4.49094700579848,"IV"
561,"2000",4.47257447514584,"IV"
562,"2000",4.04868935512034,"IV"
563,"2000",4.1945000067553,"IV"
564,"2000",3.88090287155397,"IV"
565,"2000",3.92071424644438,"IV"
566,"2000",5.96278906876765,"IV"
567,"2000",3.34936355253615,"IV"
568,"2000",3.6909047411279,"IV"
569,"2000",5.13456587745881,"IV"
570,"2000",6.11777821624123,"IV"
571,"2000",4.61854907333739,"IV"
572,"2000",3.99825189484241,"IV"
573,"2000",3.35642463835206,"IV"
574,"2000",5.88319974768589,"IV"
575,"2000",4.26910431896836,"IV"
576,"2000",4.35591683048287,"IV"
577,"2000",4.47736735371187,"IV"
578,"2000",4.00092103346624,"IV"
579,"2000",6.16138133699322,"IV"
580,"2000",5.0640978326482,"IV"
581,"2000",5.06179019465939,"IV"
582,"2000",6.3909525394372,"IV"
583,"2000",5.5395000184398,"IV"
584,"2000",3.34857999852353,"IV"
585,"2000",4.15505373742408,"IV"
586,"2000",6.70939319192703,"IV"
587,"2000",4.38620893551526,"IV"
588,"2000",5.72634156846524,"IV"
589,"2000",4.14347956568937,"IV"
590,"2000",5.57332656110921,"IV"
591,"2000",4.5086406417324,"IV"
592,"2000",4.45256796295863,"IV"
593,"2000",4.88921914016002,"IV"
594,"2000",3.80650176580759,"IV"
595,"2000",4.77156720632687,"IV"
596,"2000",4.23909572657776,"IV"
597,"2000",6.43006697528588,"IV"
598,"2000",3.8279926648325,"IV"
599,"2000",4.54874754806025,"IV"
600,"2000",4.1266676078823,"IV"
601,"2000",6.21743722834802,"IV"
602,"2000",3.91753801660355,"IV"
603,"2000",5.38327922739046,"IV"
604,"2000",4.18034706134819,"IV"
605,"2000",5.24514908082856,"IV"
606,"2000",3.70357311037414,"IV"
607,"2000",6.8937747657223,"IV"
608,"2000",4.0206640582159,"IV"
609,"2000",4.62006389764101,"IV"
610,"2000",3.51661631465534,"IV"
611,"2000",4.99064274264588,"IV"
612,"2000",5.32360390106786,"IV"
613,"2000",4.40570416512962,"IV"
614,"2000",4.5861340789064,"IV"
615,"2000",4.54424431085684,"IV"
616,"2000",7.24343044350525,"IV"
617,"2000",3.62048883414479,"IV"
618,"2000",3.63944031018903,"IV"
619,"2000",4.42453757171732,"IV"
620,"2000",6.5690808883615,"IV"
621,"2000",3.83173411947291,"IV"
622,"2000",3.6936263062606,"IV"
623,"2000",6.2973222301377,"IV"
624,"2000",4.37358668833492,"IV"
625,"2000",6.50818414041473,"IV"
626,"2000",5.40205336366581,"IV"
627,"2000",4.48367151954914,"IV"
628,"2000",4.96301759820055,"IV"
629,"2000",3.72915245389185,"IV"
630,"2000",3.58196688274888,"IV"
631,"2000",4.15058077511336,"IV"
632,"2000",3.83105807118704,"IV"
633,"2000",5.09343546859034,"IV"
634,"2000",5.02123502929651,"IV"
635,"2000",4.11084231018161,"IV"
636,"2000",5.12887518481563,"IV"
637,"2000",3.64807538501143,"IV"
638,"2000",4.95864009288815,"IV"
639,"2000",4.5511635115993,"IV"
640,"2000",4.87797223430709,"IV"
641,"2000",5.12529186114149,"IV"
642,"2000",4.36381512630474,"IV"
643,"2000",5.06165935901927,"IV"
644,"2000",5.14275914951772,"IV"
645,"2000",4.03053390452757,"IV"
646,"2000",3.99842241232319,"IV"
647,"2000",4.42363928892655,"IV"
648,"2000",3.80415349577432,"IV"
649,"2000",7.41792894769332,"IV"
650,"2000",7.22132139103891,"IV"
651,"2000",3.92867243973547,"IV"
652,"2000",4.52677593209122,"IV"
653,"2000",5.1247621546335,"IV"
654,"2000",5.67873813991708,"IV"
655,"2000",5.14802648370999,"IV"
656,"2000",5.13807249372084,"IV"
657,"2000",8.32957803714208,"IV"
658,"2000",4.32872932417504,"IV"
659,"2000",3.85848533875072,"IV"
660,"2000",4.83994891993206,"IV"
661,"2000",3.57841408560114,"IV"
662,"2000",4.2441803853705,"IV"
663,"2000",4.77743455826033,"IV"
664,"2000",4.45985025236412,"IV"
665,"2000",3.51807228915666,"IV"
666,"2000",6.5592781956441,"IV"
667,"2000",5.63902277919158,"IV"
668,"2000",3.71956022215961,"IV"
669,"2000",4.87801721042704,"IV"
670,"2000",4.72378230726108,"IV"
671,"2000",3.80706996487277,"IV"
672,"2000",4.9600110222324,"IV"
673,"2000",5.50361492040015,"IV"
674,"2000",4.71244352411823,"IV"
675,"2000",3.97000540240443,"IV"
676,"2000",4.61248263482525,"IV"
677,"2000",4.53539155967636,"IV"
678,"2000",4.94360559811311,"IV"
679,"2000",5.62569783550996,"IV"
680,"2000",4.45048117144769,"IV"
681,"2000",5.17894056551169,"IV"
682,"2000",4.46024839173811,"IV"
683,"2000",5.20098298868886,"IV"
684,"2000",3.524926283794,"IV"
685,"2000",4.1202792722317,"IV"
686,"2000",4.18055960592322,"IV"
687,"2000",6.03402211517013,"IV"
688,"2000",4.65690058781362,"IV"
689,"2000",4.72147111362665,"IV"
690,"2000",5.23406652266716,"IV"
691,"2000",4.50564325297287,"IV"
692,"2000",5.98103474778898,"IV"
693,"2000",4.87070193140218,"IV"
694,"2000",4.84709888009329,"IV"
695,"2000",5.47303875883833,"IV"
696,"2000",4.43723983386231,"IV"
697,"2000",4.20949178490194,"IV"
698,"2000",4.37911664922984,"IV"
699,"2000",4.35166440405219,"IV"
700,"2000",5.86804729117872,"IV"
701,"2000",3.79053411834907,"IV"
702,"2000",4.52550212691294,"IV"
703,"2000",4.29559909109427,"IV"
704,"2000",3.68573612002349,"IV"
705,"2000",4.20345544340068,"IV"
706,"2000",4.43721820239094,"IV"
707,"2000",4.87944765548415,"IV"
708,"2000",5.78676327514462,"IV"
709,"2000",4.27352726196152,"IV"
710,"2000",4.20396893363122,"IV"
711,"2000",4.20609070069362,"IV"
712,"2000",5.32281754162702,"IV"
713,"2000",4.85770196352208,"IV"
714,"2000",4.27340100417598,"IV"
715,"2000",5.27002867892487,"IV"
716,"2000",4.68170998449184,"IV"
717,"2000",5.33556178591869,"IV"
718,"2000",4.28400718491928,"IV"
719,"2000",3.85246249697311,"IV"
720,"2000",4.36581432078616,"IV"
721,"2000",5.39083356991796,"IV"
722,"2000",4.23244594948887,"IV"
723,"2000",5.21050898902543,"IV"
724,"2000",4.06045091472931,"IV"
725,"2000",4.13207078869515,"IV"
726,"2000",4.74841039051281,"IV"
727,"2000",5.31598440556633,"IV"
728,"2000",3.97280026591298,"IV"
729,"2000",3.53609586324718,"IV"
730,"2000",3.6394580089807,"IV"
731,"2000",5.19567748061271,"IV"
732,"2000",4.42317584408714,"IV"
733,"2000",3.66494621908871,"IV"
734,"2000",6.72389973625683,"IV"
735,"2000",5.25456369536707,"IV"
736,"2000",6.9458041538077,"IV"
737,"2000",4.24010001659712,"IV"
738,"2000",3.93783021010132,"IV"
739,"2000",4.17696470162384,"IV"
740,"2000",4.7588981679338,"IV"
741,"2000",4.08584455175053,"IV"
742,"2000",3.96660428232962,"IV"
743,"2000",4.44882271540574,"IV"
744,"2000",4.43078313553805,"IV"
745,"2000",3.95913335270044,"IV"
746,"2000",3.95662971416525,"IV"
747,"2000",4.45997250111434,"IV"
748,"2000",4.22292075689856,"IV"
749,"2000",3.94829843736625,"IV"
750,"2000",4.59449205682625,"IV"
751,"2000",4.80838135811396,"IV"
752,"2000",3.95999074646371,"IV"
753,"2000",5.15181981816014,"IV"
754,"2000",3.74389393995494,"IV"
755,"2000",5.06890711709448,"IV"
756,"2000",4.27479856772751,"IV"
757,"2000",3.87772999416224,"IV"
758,"2000",6.01414876963453,"IV"
759,"2000",4.33674762856585,"IV"
760,"2000",8.63225618649628,"IV"
761,"2000",4.53240537629288,"IV"
762,"2000",4.12284909927181,"IV"
763,"2000",4.85509080012889,"IV"
764,"2000",5.31062671676844,"IV"
765,"2000",5.12575661467734,"IV"
766,"2000",4.504506987434,"IV"
767,"2000",5.17511789152876,"IV"
768,"2000",4.64261240700154,"IV"
769,"2000",3.92752426180716,"IV"
770,"2000",5.12101747082855,"IV"
771,"2000",5.64171151248568,"IV"
772,"2000",4.32405735217334,"IV"
773,"2000",3.86961396808422,"IV"
774,"2000",4.20581016159531,"IV"
775,"2000",4.41856483255512,"IV"
776,"2000",5.24765594704365,"IV"
777,"2000",5.06869224313393,"IV"
778,"2000",3.67662878600693,"IV"
779,"2000",4.54506957531768,"IV"
780,"2000",6.16252641599872,"IV"
781,"2000",4.61814455170587,"IV"
782,"2000",4.09644640000476,"IV"
783,"2000",4.88169448322677,"IV"
784,"2000",6.37771387613987,"IV"
785,"2000",3.99287893374921,"IV"
786,"2000",6.8517191681876,"IV"
787,"2000",4.39707084489266,"IV"
788,"2000",4.3076489459405,"IV"
789,"2000",5.42361671741759,"IV"
790,"2000",4.77428268496772,"IV"
791,"2000",3.69710409526944,"IV"
792,"2000",3.94378046751492,"IV"
793,"2000",5.61351484299317,"IV"
794,"2000",4.80880407449863,"IV"
795,"2000",3.72085889570553,"IV"
796,"2000",3.49404761904786,"IV"
797,"2000",3.82312449255509,"IV"
798,"2000",5.10626356573405,"IV"
799,"2000",4.86285682220639,"IV"
800,"2000",5.53307599366503,"IV"
801,"2000",4.63577592140531,"IV"
802,"2000",6.00621475737941,"IV"
803,"2000",4.24145667328182,"IV"
804,"2000",3.66825726938145,"IV"
805,"2000",5.7867521186956,"IV"
806,"2000",4.19386945204615,"IV"
807,"2000",6.83921658854038,"IV"
808,"2000",3.99239715700663,"IV"
809,"2000",4.87765051546395,"IV"
810,"2000",6.19690368401432,"IV"
811,"2000",4.80014494783364,"IV"
812,"2000",4.40483339537988,"IV"
813,"2000",3.68389061315232,"IV"
814,"2000",4.28092626398883,"IV"
815,"2000",4.17169682670422,"IV"
816,"2000",3.79081701376265,"IV"
817,"2000",4.69540545512969,"IV"
818,"2000",4.45821784128783,"IV"
819,"2000",4.89413553540992,"IV"
820,"2000",4.62153598995712,"IV"
821,"2000",4.68257261075145,"IV"
822,"2000",4.02747731601647,"IV"
823,"2000",5.02448299373133,"IV"
824,"2000",5.04323046835761,"IV"
825,"2000",5.28126342155726,"IV"
826,"2000",6.89461379249198,"IV"
827,"2000",4.97854047863059,"IV"
828,"2000",3.70255882785094,"IV"
829,"2000",4.50911443630747,"IV"
830,"2000",4.66472214029875,"IV"
831,"2000",4.83490613759781,"IV"
832,"2000",3.69164462945274,"IV"
833,"2000",4.81740793753804,"IV"
834,"2000",4.52748055686798,"IV"
835,"2000",4.51535972472134,"IV"
836,"2000",4.03015644147612,"IV"
837,"2000",5.09446954273868,"IV"
838,"2000",3.89011460955075,"IV"
839,"2000",4.03783717342815,"IV"
840,"2000",4.44611980830097,"IV"
841,"2000",5.51910074384501,"IV"
842,"2000",4.33928180044418,"IV"
843,"2000",4.58003351619541,"IV"
844,"2000",6.82048451025152,"IV"
845,"2000",3.58547159301492,"IV"
846,"2000",4.62152512971436,"IV"
847,"2000",6.35240438737443,"IV"
848,"2000",4.33280717817433,"IV"
849,"2000",3.96763638006227,"IV"
850,"2000",6.93259358001589,"IV"
851,"2000",4.12888782891179,"IV"
852,"2000",4.26924124964808,"IV"
853,"2000",5.61707381897497,"IV"
854,"2000",4.78613711234751,"IV"
855,"2000",4.65530928250571,"IV"
856,"2000",4.68178660519399,"IV"
857,"2000",4.52441951083906,"IV"
858,"2000",4.48449911670175,"IV"
859,"2000",3.78794026417686,"IV"
860,"2000",4.91023100292118,"IV"
861,"2000",4.68264083327455,"IV"
862,"2000",3.71184915338463,"IV"
863,"2000",3.77741473262924,"IV"
864,"2000",3.60919769497548,"IV"
865,"2000",4.63485251565336,"IV"
866,"2000",4.23899044713364,"IV"
867,"2000",5.62477253492499,"IV"
868,"2000",5.24719407996331,"IV"
869,"2000",4.83415198795466,"IV"
870,"2000",4.80653813518991,"IV"
871,"2000",4.65929050023716,"IV"
872,"2000",4.5587027167388,"IV"
873,"2000",3.96791542169307,"IV"
874,"2000",3.74577081248151,"IV"
875,"2000",3.69855021063699,"IV"
876,"2000",3.72002730203501,"IV"
877,"2000",5.12118150137394,"IV"
878,"2000",4.03059355476441,"IV"
879,"2000",5.72423335109237,"IV"
880,"2000",5.39511799278597,"IV"
881,"2000",4.79313029670349,"IV"
882,"2000",4.57518635332816,"IV"
883,"2000",5.50661126854134,"IV"
884,"2000",4.24216000549815,"IV"
885,"2000",4.60938460521713,"IV"
886,"2000",3.96487075501028,"IV"
887,"2000",3.60166913936397,"IV"
888,"2000",4.54358968033443,"IV"
889,"2000",4.71895512104556,"IV"
890,"2000",3.80056385069396,"IV"
891,"2000",4.43833749123338,"IV"
892,"2000",4.1067885996029,"IV"
893,"2000",3.36793229605022,"IV"
894,"2000",5.65389378248366,"IV"
895,"2000",5.07840291103851,"IV"
896,"2000",5.12038044267421,"IV"
897,"2000",5.08097556724603,"IV"
898,"2000",4.19041481802692,"IV"
899,"2000",4.50335582906579,"IV"
900,"2000",4.18863764221078,"IV"
901,"2000",5.4938300486175,"IV"
902,"2000",4.33656037248246,"IV"
903,"2000",4.26095559713167,"IV"
904,"2000",5.37730966736676,"IV"
905,"2000",4.1779748863655,"IV"
906,"2000",3.98720001352576,"IV"
907,"2000",4.31720859106147,"IV"
908,"2000",3.49670787517149,"IV"
909,"2000",3.575163099338,"IV"
910,"2000",5.67805718671775,"IV"
911,"2000",4.08262960612012,"IV"
912,"2000",4.23127640257749,"IV"
913,"2000",3.77517744506274,"IV"
914,"2000",4.7181734442567,"IV"
915,"2000",4.41022175525972,"IV"
916,"2000",4.35757584814816,"IV"
917,"2000",4.67863154426002,"IV"
918,"2000",4.64635658638043,"IV"
919,"2000",4.41112636922349,"IV"
920,"2000",4.93404000155571,"IV"
921,"2000",4.63663236180028,"IV"
922,"2000",5.83817561518984,"IV"
923,"2000",3.88549863272521,"IV"
924,"2000",6.12203726475873,"IV"
925,"2000",4.3717269337241,"IV"
926,"2000",4.59307625853418,"IV"
927,"2000",3.5287313182179,"IV"
928,"2000",3.99643263583995,"IV"
929,"2000",3.90914175804039,"IV"
930,"2000",4.83043195832323,"IV"
931,"2000",4.46939952770874,"IV"
932,"2000",5.67635649581079,"IV"
933,"2000",5.06547922100787,"IV"
934,"2000",4.65647776829867,"IV"
935,"2000",5.09474971668179,"IV"
936,"2000",4.30622400294743,"IV"
937,"2000",4.84408784711866,"IV"
938,"2000",4.40796406292314,"IV"
939,"2000",6.84646350514459,"IV"
940,"2000",3.40178642411752,"IV"
941,"2000",4.93571592413127,"IV"
942,"2000",3.73587558601903,"IV"
943,"2000",4.57143270406743,"IV"
944,"2000",4.54264026943167,"IV"
945,"2000",4.07778822542175,"IV"
946,"2000",4.48608821655711,"IV"
947,"2000",5.11050646029654,"IV"
948,"2000",3.59384115122319,"IV"
949,"2000",4.29415942062029,"IV"
950,"2000",5.26032529070999,"IV"
951,"2000",5.04210659866703,"IV"
952,"2000",5.45622524969077,"IV"
953,"2000",4.57714587263288,"IV"
954,"2000",4.14848371982845,"IV"
955,"2000",4.61287295738837,"IV"
956,"2000",3.82630588107079,"IV"
957,"2000",4.68878711152788,"IV"
958,"2000",6.78586417304405,"IV"
959,"2000",4.37337418599347,"IV"
960,"2000",5.7423074626871,"IV"
961,"2000",5.14245432115435,"IV"
962,"2000",4.6041314707052,"IV"
963,"2000",6.57813896220062,"IV"
964,"2000",5.4627744659489,"IV"
965,"2000",5.34480943741229,"IV"
966,"2000",4.51370632548015,"IV"
967,"2000",6.4968493963814,"IV"
968,"2000",4.85415416004853,"IV"
969,"2000",4.87216821157389,"IV"
970,"2000",3.99449727354211,"IV"
971,"2000",5.55548063885833,"IV"
972,"2000",4.55834329526804,"IV"
973,"2000",4.25687076381975,"IV"
974,"2000",4.55467710906149,"IV"
975,"2000",3.60610915932654,"IV"
976,"2000",5.54361516974159,"IV"
977,"2000",5.7556314725673,"IV"
978,"2000",4.57000056165963,"IV"
979,"2000",5.32026309324652,"IV"
980,"2000",4.77819144590326,"IV"
981,"2000",3.69517592217978,"IV"
982,"2000",5.30394540279692,"IV"
983,"2000",4.53989983570376,"IV"
984,"2000",4.92726051269328,"IV"
985,"2000",5.13119657782078,"IV"
986,"2000",4.53344148025381,"IV"
987,"2000",5.1767546018271,"IV"
988,"2000",4.02341729648428,"IV"
989,"2000",5.10798224921213,"IV"
990,"2000",4.88429329772941,"IV"
991,"2000",4.22495631744946,"IV"
992,"2000",4.33347006112063,"IV"
993,"2000",4.60007960326585,"IV"
994,"2000",3.74703482288577,"IV"
995,"2000",3.51076253023142,"IV"
996,"2000",5.18638874436469,"IV"
997,"2000",7.2465487156563,"IV"
998,"2000",4.69491229171611,"IV"
999,"2000",4.43105705794363,"IV"
1000,"2000",5.05264388926306,"IV"
1,"4000",4.84614919379032,"IV"
2,"4000",4.24073162362563,"IV"
3,"4000",4.65595880371563,"IV"
4,"4000",3.93954340361188,"IV"
5,"4000",4.21441600021927,"IV"
6,"4000",4.90235449632924,"IV"
7,"4000",5.16376125654655,"IV"
8,"4000",5.00258723094682,"IV"
9,"4000",5.26811291313321,"IV"
10,"4000",4.85476190141235,"IV"
11,"4000",5.05661396740727,"IV"
12,"4000",3.83503496488639,"IV"
13,"4000",4.28565669654127,"IV"
14,"4000",5.53786036013451,"IV"
15,"4000",3.52494956901859,"IV"
16,"4000",4.60700141632838,"IV"
17,"4000",3.71497738197656,"IV"
18,"4000",5.02043046289601,"IV"
19,"4000",4.86019771380414,"IV"
20,"4000",5.68229257402022,"IV"
21,"4000",3.90201200832911,"IV"
22,"4000",5.96952689761501,"IV"
23,"4000",5.05097258506469,"IV"
24,"4000",4.20662137069765,"IV"
25,"4000",3.8695619717056,"IV"
26,"4000",3.41356618038736,"IV"
27,"4000",5.52105547825046,"IV"
28,"4000",5.28237648481916,"IV"
29,"4000",4.00816189914314,"IV"
30,"4000",4.41454025985993,"IV"
31,"4000",6.0691616599892,"IV"
32,"4000",5.75466908401793,"IV"
33,"4000",4.4269622347769,"IV"
34,"4000",4.57679002463333,"IV"
35,"4000",4.67430826373313,"IV"
36,"4000",5.22186242250106,"IV"
37,"4000",3.76602524805005,"IV"
38,"4000",5.59410743322473,"IV"
39,"4000",4.15978163968672,"IV"
40,"4000",4.60401967588351,"IV"
41,"4000",4.0948829876906,"IV"
42,"4000",4.41220813034677,"IV"
43,"4000",5.72212755434531,"IV"
44,"4000",4.21503427863432,"IV"
45,"4000",3.54710846749208,"IV"
46,"4000",4.28630973119712,"IV"
47,"4000",4.1009532366841,"IV"
48,"4000",5.02148982660655,"IV"
49,"4000",5.34694819200406,"IV"
50,"4000",4.309190503244,"IV"
51,"4000",4.18533453714402,"IV"
52,"4000",4.03003563919676,"IV"
53,"4000",4.01086179605465,"IV"
54,"4000",4.373119547151,"IV"
55,"4000",4.97972607848793,"IV"
56,"4000",4.14573437283959,"IV"
57,"4000",4.7260435122955,"IV"
58,"4000",4.73675562163787,"IV"
59,"4000",4.71612754197666,"IV"
60,"4000",4.56916203289269,"IV"
61,"4000",4.39755782576985,"IV"
62,"4000",5.08719789433334,"IV"
63,"4000",4.88726485736415,"IV"
64,"4000",4.19078751661973,"IV"
65,"4000",3.44237527508966,"IV"
66,"4000",4.29703374055095,"IV"
67,"4000",5.13791061845591,"IV"
68,"4000",4.05824840432728,"IV"
69,"4000",5.93656300351787,"IV"
70,"4000",4.04726177311892,"IV"
71,"4000",4.5385455312357,"IV"
72,"4000",5.49857617456069,"IV"
73,"4000",5.7051611988443,"IV"
74,"4000",5.09051053908041,"IV"
75,"4000",4.29037059744386,"IV"
76,"4000",4.75596191710105,"IV"
77,"4000",4.79542332730578,"IV"
78,"4000",5.18922441645353,"IV"
79,"4000",5.00967658019297,"IV"
80,"4000",4.22134204371841,"IV"
81,"4000",5.15651956844787,"IV"
82,"4000",4.69890606371366,"IV"
83,"4000",3.92371984673667,"IV"
84,"4000",4.78241606831382,"IV"
85,"4000",4.27235601703438,"IV"
86,"4000",4.28956570845518,"IV"
87,"4000",4.08201931005878,"IV"
88,"4000",4.00094990109836,"IV"
89,"4000",4.81712346871872,"IV"
90,"4000",4.39626038394536,"IV"
91,"4000",3.88534817575582,"IV"
92,"4000",4.5252349350624,"IV"
93,"4000",5.50033519218711,"IV"
94,"4000",3.81795001213925,"IV"
95,"4000",6.85483243549093,"IV"
96,"4000",4.96456733060598,"IV"
97,"4000",5.02339274745026,"IV"
98,"4000",3.77921101936158,"IV"
99,"4000",4.0391587867759,"IV"
100,"4000",4.66044530627091,"IV"
101,"4000",4.82779873680599,"IV"
102,"4000",4.38087908828999,"IV"
103,"4000",4.34150067243892,"IV"
104,"4000",4.33422538857738,"IV"
105,"4000",4.68864324116011,"IV"
106,"4000",4.95275363927646,"IV"
107,"4000",4.50971082430946,"IV"
108,"4000",3.97992996130999,"IV"
109,"4000",5.75688832746476,"IV"
110,"4000",4.48473076845095,"IV"
111,"4000",4.13717857988443,"IV"
112,"4000",4.54237329355242,"IV"
113,"4000",4.11694488477108,"IV"
114,"4000",5.44933902649281,"IV"
115,"4000",4.28993155851375,"IV"
116,"4000",3.88930325255199,"IV"
117,"4000",4.76761161804151,"IV"
118,"4000",4.70613211703717,"IV"
119,"4000",5.00463044477615,"IV"
120,"4000",4.62286868326642,"IV"
121,"4000",4.1769154426796,"IV"
122,"4000",4.59162657822072,"IV"
123,"4000",6.01044198736428,"IV"
124,"4000",3.97607839761683,"IV"
125,"4000",4.47664408845606,"IV"
126,"4000",4.3874350010766,"IV"
127,"4000",3.68816591942009,"IV"
128,"4000",4.15633621150099,"IV"
129,"4000",5.768801729743,"IV"
130,"4000",5.94254292859316,"IV"
131,"4000",4.23422125474555,"IV"
132,"4000",4.47540803501328,"IV"
133,"4000",3.70875069700146,"IV"
134,"4000",4.58358141229041,"IV"
135,"4000",4.64358152809884,"IV"
136,"4000",3.45897648281455,"IV"
137,"4000",4.47790619443479,"IV"
138,"4000",5.2752115422092,"IV"
139,"4000",3.52795594581074,"IV"
140,"4000",4.0382948892776,"IV"
141,"4000",4.33798572733091,"IV"
142,"4000",5.21671333704448,"IV"
143,"4000",4.65319912890597,"IV"
144,"4000",6.25442110890852,"IV"
145,"4000",4.67630989841818,"IV"
146,"4000",4.36965386149215,"IV"
147,"4000",4.17931624410926,"IV"
148,"4000",3.5798272502934,"IV"
149,"4000",4.29730154250621,"IV"
150,"4000",4.13692367789692,"IV"
151,"4000",4.19896757349694,"IV"
152,"4000",4.51502587648444,"IV"
153,"4000",4.5016322166853,"IV"
154,"4000",4.38882983811304,"IV"
155,"4000",4.36535130154992,"IV"
156,"4000",4.29994248119609,"IV"
157,"4000",4.58856855890963,"IV"
158,"4000",3.74333053728983,"IV"
159,"4000",4.18190324268893,"IV"
160,"4000",4.67158313126459,"IV"
161,"4000",5.03121746756932,"IV"
162,"4000",4.22184386344986,"IV"
163,"4000",4.6176448313638,"IV"
164,"4000",4.01352065186615,"IV"
165,"4000",3.8668708651297,"IV"
166,"4000",5.3057923238371,"IV"
167,"4000",4.04266835332933,"IV"
168,"4000",5.14634392441216,"IV"
169,"4000",4.63193265498926,"IV"
170,"4000",4.7367514636667,"IV"
171,"4000",4.16902123720601,"IV"
172,"4000",4.24566433374504,"IV"
173,"4000",3.79942031799024,"IV"
174,"4000",4.02575321637805,"IV"
175,"4000",4.42097309491708,"IV"
176,"4000",3.75788194624654,"IV"
177,"4000",4.61127416666733,"IV"
178,"4000",4.10236725281657,"IV"
179,"4000",4.26681941223499,"IV"
180,"4000",4.69477494404094,"IV"
181,"4000",4.99078806487092,"IV"
182,"4000",4.01642038583426,"IV"
183,"4000",4.83785153377661,"IV"
184,"4000",4.61377986081499,"IV"
185,"4000",4.61145723876423,"IV"
186,"4000",4.57240718155437,"IV"
187,"4000",4.91149283002819,"IV"
188,"4000",4.72989702637751,"IV"
189,"4000",3.78924951578482,"IV"
190,"4000",4.60124929368905,"IV"
191,"4000",4.31213869882116,"IV"
192,"4000",4.23051874911711,"IV"
193,"4000",4.36417695271498,"IV"
194,"4000",4.97070488725248,"IV"
195,"4000",3.87190013400244,"IV"
196,"4000",3.60720557561409,"IV"
197,"4000",4.52138426271333,"IV"
198,"4000",4.56524029604487,"IV"
199,"4000",4.25139750199324,"IV"
200,"4000",4.84343559314406,"IV"
201,"4000",4.54873229901912,"IV"
202,"4000",4.60932389331599,"IV"
203,"4000",4.41927889781913,"IV"
204,"4000",5.44022921537992,"IV"
205,"4000",4.41414469878373,"IV"
206,"4000",4.41612052363512,"IV"
207,"4000",5.08994977269845,"IV"
208,"4000",4.30680066587234,"IV"
209,"4000",4.12387570358209,"IV"
210,"4000",4.4308230484385,"IV"
211,"4000",4.35261145251711,"IV"
212,"4000",5.17365430674286,"IV"
213,"4000",3.62261228530574,"IV"
214,"4000",4.22305116196039,"IV"
215,"4000",4.02720717727061,"IV"
216,"4000",4.69743144436564,"IV"
217,"4000",3.91582792347982,"IV"
218,"4000",3.93996922642363,"IV"
219,"4000",3.62747285363317,"IV"
220,"4000",4.5466204484524,"IV"
221,"4000",4.76362912727637,"IV"
222,"4000",5.05099058456854,"IV"
223,"4000",3.96808367758899,"IV"
224,"4000",4.08771256715929,"IV"
225,"4000",5.00808424131926,"IV"
226,"4000",4.93806898878747,"IV"
227,"4000",4.31314559304875,"IV"
228,"4000",4.98339722093071,"IV"
229,"4000",4.04986079413822,"IV"
230,"4000",4.19395373487021,"IV"
231,"4000",4.34966743601237,"IV"
232,"4000",4.3285122022549,"IV"
233,"4000",4.78334038018753,"IV"
234,"4000",5.5962995198798,"IV"
235,"4000",4.09792664181892,"IV"
236,"4000",5.3590283692452,"IV"
237,"4000",4.16878799234757,"IV"
238,"4000",4.56510451267748,"IV"
239,"4000",4.77335233616482,"IV"
240,"4000",5.03713379212962,"IV"
241,"4000",3.58397019358618,"IV"
242,"4000",4.02114112600887,"IV"
243,"4000",4.40894358136756,"IV"
244,"4000",4.68234595577058,"IV"
245,"4000",5.3055110599894,"IV"
246,"4000",4.22720310345266,"IV"
247,"4000",3.77115789192668,"IV"
248,"4000",4.43353685567546,"IV"
249,"4000",4.64150973663696,"IV"
250,"4000",3.66454626269624,"IV"
251,"4000",4.03349825552983,"IV"
252,"4000",3.90928985392306,"IV"
253,"4000",4.75427059642221,"IV"
254,"4000",4.98412186431174,"IV"
255,"4000",3.82412024178754,"IV"
256,"4000",4.8739097561467,"IV"
257,"4000",5.76849265196496,"IV"
258,"4000",4.02262446432485,"IV"
259,"4000",5.82281968735571,"IV"
260,"4000",5.21085006210778,"IV"
261,"4000",4.53461400900765,"IV"
262,"4000",4.01224497839007,"IV"
263,"4000",3.81802214797024,"IV"
264,"4000",3.74256741167192,"IV"
265,"4000",3.87945627843278,"IV"
266,"4000",4.38344889868613,"IV"
267,"4000",4.67556273672736,"IV"
268,"4000",4.83664059887548,"IV"
269,"4000",4.03362799306035,"IV"
270,"4000",4.16389640412117,"IV"
271,"4000",4.54737588149005,"IV"
272,"4000",4.47295034720144,"IV"
273,"4000",4.47154399030134,"IV"
274,"4000",4.88503353284982,"IV"
275,"4000",5.15131162630969,"IV"
276,"4000",3.78693624267318,"IV"
277,"4000",5.6201594273673,"IV"
278,"4000",3.74535936870959,"IV"
279,"4000",3.6813337190422,"IV"
280,"4000",3.91462512473582,"IV"
281,"4000",3.93215232418434,"IV"
282,"4000",4.25674419617471,"IV"
283,"4000",4.42153761149761,"IV"
284,"4000",4.47093066058633,"IV"
285,"4000",4.69050239902288,"IV"
286,"4000",5.01326605257388,"IV"
287,"4000",4.53857344628586,"IV"
288,"4000",4.52333311874326,"IV"
289,"4000",4.96199568297205,"IV"
290,"4000",5.01223718806096,"IV"
291,"4000",4.7202527677301,"IV"
292,"4000",4.15891859298317,"IV"
293,"4000",4.64724346418962,"IV"
294,"4000",4.47278064905622,"IV"
295,"4000",4.07938479488986,"IV"
296,"4000",4.45084938411012,"IV"
297,"4000",4.65468271215754,"IV"
298,"4000",4.04299477608306,"IV"
299,"4000",4.55189276123557,"IV"
300,"4000",4.41766000155598,"IV"
301,"4000",5.07125873779334,"IV"
302,"4000",3.88739048254509,"IV"
303,"4000",3.59465137504409,"IV"
304,"4000",4.66443329553225,"IV"
305,"4000",4.10293837365583,"IV"
306,"4000",6.04678699534695,"IV"
307,"4000",4.76828962150613,"IV"
308,"4000",4.86702845915034,"IV"
309,"4000",4.32479472180901,"IV"
310,"4000",4.86963068654208,"IV"
311,"4000",4.44726317628984,"IV"
312,"4000",4.3005691154477,"IV"
313,"4000",3.54232891541604,"IV"
314,"4000",4.08114898260406,"IV"
315,"4000",5.23368020030562,"IV"
316,"4000",4.584899105736,"IV"
317,"4000",5.69669574995291,"IV"
318,"4000",4.66300351535735,"IV"
319,"4000",5.19508449090697,"IV"
320,"4000",3.88280122704398,"IV"
321,"4000",5.27720828498113,"IV"
322,"4000",4.27479052624717,"IV"
323,"4000",4.55183384611707,"IV"
324,"4000",4.68699181869995,"IV"
325,"4000",4.74756948079723,"IV"
326,"4000",4.59483114662428,"IV"
327,"4000",4.89550560574785,"IV"
328,"4000",4.64963276667139,"IV"
329,"4000",4.7034375718544,"IV"
330,"4000",4.90005092284938,"IV"
331,"4000",4.98532360137217,"IV"
332,"4000",4.81141267706208,"IV"
333,"4000",4.43085368738178,"IV"
334,"4000",5.34323091105283,"IV"
335,"4000",5.25463783661838,"IV"
336,"4000",5.15956484870479,"IV"
337,"4000",4.46295699156512,"IV"
338,"4000",4.48220587848565,"IV"
339,"4000",3.81221183611137,"IV"
340,"4000",5.02815151642837,"IV"
341,"4000",3.95681208837774,"IV"
342,"4000",4.58730107305444,"IV"
343,"4000",4.66484292769704,"IV"
344,"4000",4.19739973768899,"IV"
345,"4000",3.66959828011318,"IV"
346,"4000",4.81119012326479,"IV"
347,"4000",3.69391958053257,"IV"
348,"4000",4.21739280958352,"IV"
349,"4000",3.49420659156087,"IV"
350,"4000",4.61615283756136,"IV"
351,"4000",4.06253477667965,"IV"
352,"4000",4.51041049665603,"IV"
353,"4000",4.80788691579418,"IV"
354,"4000",5.93824408995982,"IV"
355,"4000",4.31766111620128,"IV"
356,"4000",4.4973434977496,"IV"
357,"4000",4.85069416877788,"IV"
358,"4000",5.19430167232442,"IV"
359,"4000",4.53013548552784,"IV"
360,"4000",4.21095548662151,"IV"
361,"4000",4.61465239950781,"IV"
362,"4000",4.66343020263354,"IV"
363,"4000",5.32146129202666,"IV"
364,"4000",4.89092036826039,"IV"
365,"4000",4.19054882107828,"IV"
366,"4000",3.97964767517468,"IV"
367,"4000",4.16265130394407,"IV"
368,"4000",5.00827019577905,"IV"
369,"4000",3.51622596563571,"IV"
370,"4000",4.14711375227801,"IV"
371,"4000",4.39451512904537,"IV"
372,"4000",3.66463274186768,"IV"
373,"4000",3.92306848207567,"IV"
374,"4000",4.6776269042861,"IV"
375,"4000",5.42888489988251,"IV"
376,"4000",4.38454518188111,"IV"
377,"4000",4.1330350580666,"IV"
378,"4000",3.92696686351073,"IV"
379,"4000",3.69446597239958,"IV"
380,"4000",4.63927734913113,"IV"
381,"4000",4.12010715498455,"IV"
382,"4000",4.04592361004303,"IV"
383,"4000",4.33281655039352,"IV"
384,"4000",4.89050652763057,"IV"
385,"4000",5.04248459515231,"IV"
386,"4000",3.75448611607767,"IV"
387,"4000",5.29737450606971,"IV"
388,"4000",5.15846104698444,"IV"
389,"4000",3.61840855119266,"IV"
390,"4000",4.85953187849198,"IV"
391,"4000",4.32862041572767,"IV"
392,"4000",5.10590866442026,"IV"
393,"4000",5.4449369563762,"IV"
394,"4000",5.1757733054592,"IV"
395,"4000",3.70375536057626,"IV"
396,"4000",3.73257883587598,"IV"
397,"4000",3.92067684635787,"IV"
398,"4000",5.80131052694543,"IV"
399,"4000",4.0096446481109,"IV"
400,"4000",3.70824505405731,"IV"
401,"4000",3.94228156304842,"IV"
402,"4000",4.43290961362933,"IV"
403,"4000",4.33709019972103,"IV"
404,"4000",4.71450413075606,"IV"
405,"4000",3.67371512355243,"IV"
406,"4000",3.79566283779848,"IV"
407,"4000",5.57087032503718,"IV"
408,"4000",3.60919814639538,"IV"
409,"4000",4.49437219427097,"IV"
410,"4000",4.12112419464785,"IV"
411,"4000",4.49700308315819,"IV"
412,"4000",4.22882948261319,"IV"
413,"4000",3.55438240020821,"IV"
414,"4000",4.84399689477056,"IV"
415,"4000",3.8341116111159,"IV"
416,"4000",4.94720762712395,"IV"
417,"4000",4.63292083291726,"IV"
418,"4000",4.77509574854189,"IV"
419,"4000",4.33066617243445,"IV"
420,"4000",4.68746010558291,"IV"
421,"4000",3.76729564881813,"IV"
422,"4000",4.12147795821489,"IV"
423,"4000",4.36431602936444,"IV"
424,"4000",3.86039517137391,"IV"
425,"4000",4.20495641087326,"IV"
426,"4000",4.36491907798132,"IV"
427,"4000",4.04653990367573,"IV"
428,"4000",4.71345757564757,"IV"
429,"4000",4.14051016788768,"IV"
430,"4000",4.45565529557081,"IV"
431,"4000",4.0472120359001,"IV"
432,"4000",5.03216639997561,"IV"
433,"4000",4.1139433221854,"IV"
434,"4000",4.99041993763536,"IV"
435,"4000",5.09045056882943,"IV"
436,"4000",5.19462189612744,"IV"
437,"4000",4.42488826068947,"IV"
438,"4000",4.09717888009896,"IV"
439,"4000",4.19491617201295,"IV"
440,"4000",4.68261064672543,"IV"
441,"4000",5.0455759348387,"IV"
442,"4000",3.72984041426731,"IV"
443,"4000",4.48500954150888,"IV"
444,"4000",4.53813967522839,"IV"
445,"4000",4.26509352805593,"IV"
446,"4000",5.10197526744382,"IV"
447,"4000",3.8597759475696,"IV"
448,"4000",4.15839593552077,"IV"
449,"4000",4.34772557615183,"IV"
450,"4000",3.66026681100081,"IV"
451,"4000",4.45295893952911,"IV"
452,"4000",4.26163747740695,"IV"
453,"4000",4.39399754092177,"IV"
454,"4000",5.87099145760918,"IV"
455,"4000",5.11857148073218,"IV"
456,"4000",5.01169370660606,"IV"
457,"4000",4.06377623718366,"IV"
458,"4000",4.04497052701308,"IV"
459,"4000",4.09628109234419,"IV"
460,"4000",5.28741270912441,"IV"
461,"4000",4.77147870302965,"IV"
462,"4000",4.75350585720705,"IV"
463,"4000",4.38465435974098,"IV"
464,"4000",4.66672064724296,"IV"
465,"4000",4.07065401451077,"IV"
466,"4000",3.40630090094012,"IV"
467,"4000",4.49446848401477,"IV"
468,"4000",4.03077673277121,"IV"
469,"4000",5.51015285984276,"IV"
470,"4000",4.95191626238911,"IV"
471,"4000",3.96659774144513,"IV"
472,"4000",4.67215508533123,"IV"
473,"4000",4.43821443202432,"IV"
474,"4000",4.54961334900664,"IV"
475,"4000",4.44757919559437,"IV"
476,"4000",4.66572752257492,"IV"
477,"4000",3.99868330179557,"IV"
478,"4000",4.00018950443458,"IV"
479,"4000",3.89020330689448,"IV"
480,"4000",5.27876174276155,"IV"
481,"4000",4.14239029265874,"IV"
482,"4000",4.60345829561401,"IV"
483,"4000",4.99493606522748,"IV"
484,"4000",4.28890702948416,"IV"
485,"4000",4.78214022069291,"IV"
486,"4000",5.46206107068682,"IV"
487,"4000",4.50066485621709,"IV"
488,"4000",4.87327936760068,"IV"
489,"4000",4.10289147115184,"IV"
490,"4000",4.03219622699702,"IV"
491,"4000",4.44297415249,"IV"
492,"4000",4.12466579630164,"IV"
493,"4000",3.54069445455257,"IV"
494,"4000",4.78848800438065,"IV"
495,"4000",4.37645782962842,"IV"
496,"4000",5.21148834058354,"IV"
497,"4000",3.92616116782117,"IV"
498,"4000",5.23880891024922,"IV"
499,"4000",4.06551038202307,"IV"
500,"4000",4.27649155788286,"IV"
501,"4000",3.93559442261182,"IV"
502,"4000",4.38203473104382,"IV"
503,"4000",5.81089304944984,"IV"
504,"4000",4.80248681036592,"IV"
505,"4000",4.21504955732838,"IV"
506,"4000",5.22442698552197,"IV"
507,"4000",3.62158227390668,"IV"
508,"4000",4.62549393214481,"IV"
509,"4000",4.15723980236917,"IV"
510,"4000",5.17844427644305,"IV"
511,"4000",4.56348860905855,"IV"
512,"4000",4.62693323282429,"IV"
513,"4000",3.86013043877368,"IV"
514,"4000",4.45060814237057,"IV"
515,"4000",4.40383721451802,"IV"
516,"4000",4.46265867464754,"IV"
517,"4000",4.54346453147278,"IV"
518,"4000",5.50943393517274,"IV"
519,"4000",4.89823613804897,"IV"
520,"4000",4.26083320286246,"IV"
521,"4000",5.07841568337548,"IV"
522,"4000",5.11511185073565,"IV"
523,"4000",4.6530513618309,"IV"
524,"4000",5.80630572429604,"IV"
525,"4000",5.41607644066841,"IV"
526,"4000",4.48537481981469,"IV"
527,"4000",4.250400714743,"IV"
528,"4000",4.35860030523916,"IV"
529,"4000",4.91461526698003,"IV"
530,"4000",4.01013850789427,"IV"
531,"4000",5.48987623862196,"IV"
532,"4000",4.78114681343254,"IV"
533,"4000",4.05951996469105,"IV"
534,"4000",4.11401227219366,"IV"
535,"4000",4.70978458716567,"IV"
536,"4000",4.25486869368929,"IV"
537,"4000",5.31573327518532,"IV"
538,"4000",5.53358854839138,"IV"
539,"4000",4.41771319284025,"IV"
540,"4000",4.75027983735011,"IV"
541,"4000",5.18606928375634,"IV"
542,"4000",3.97622250909684,"IV"
543,"4000",4.43462830192589,"IV"
544,"4000",4.27468726922118,"IV"
545,"4000",4.08926490236464,"IV"
546,"4000",4.78189170409743,"IV"
547,"4000",4.41175822828538,"IV"
548,"4000",4.04702328152316,"IV"
549,"4000",5.18840165150694,"IV"
550,"4000",4.88719960022705,"IV"
551,"4000",4.27190775338775,"IV"
552,"4000",4.2721398168865,"IV"
553,"4000",4.7259251971021,"IV"
554,"4000",4.44701762539086,"IV"
555,"4000",4.29486292236,"IV"
556,"4000",4.76536879619575,"IV"
557,"4000",3.87482528273277,"IV"
558,"4000",4.68176146668921,"IV"
559,"4000",5.01021236750807,"IV"
560,"4000",3.8135749326744,"IV"
561,"4000",4.3031089002562,"IV"
562,"4000",5.08715377253975,"IV"
563,"4000",4.28971257988576,"IV"
564,"4000",4.39908309602139,"IV"
565,"4000",5.15176051706711,"IV"
566,"4000",4.5373317728966,"IV"
567,"4000",5.89611957934799,"IV"
568,"4000",5.10218590295513,"IV"
569,"4000",5.07310037782445,"IV"
570,"4000",4.9656145375732,"IV"
571,"4000",4.57296962351669,"IV"
572,"4000",4.86055915814579,"IV"
573,"4000",5.14065281939165,"IV"
574,"4000",5.59454041727787,"IV"
575,"4000",4.17339408674639,"IV"
576,"4000",3.90718048031979,"IV"
577,"4000",5.25536292751117,"IV"
578,"4000",4.05231114897877,"IV"
579,"4000",3.7044158996596,"IV"
580,"4000",4.15358279923816,"IV"
581,"4000",4.54190576652312,"IV"
582,"4000",4.01033713799101,"IV"
583,"4000",5.0448202300751,"IV"
584,"4000",4.97169568735374,"IV"
585,"4000",4.80263358246659,"IV"
586,"4000",5.33761147534634,"IV"
587,"4000",3.66871714366101,"IV"
588,"4000",3.71962801869695,"IV"
589,"4000",5.09542607577126,"IV"
590,"4000",4.41474208930226,"IV"
591,"4000",4.88560128112662,"IV"
592,"4000",4.59201148954219,"IV"
593,"4000",4.07492552027181,"IV"
594,"4000",4.473312873418,"IV"
595,"4000",4.92531827799436,"IV"
596,"4000",4.33526004327893,"IV"
597,"4000",4.9125599754127,"IV"
598,"4000",3.84290654728591,"IV"
599,"4000",4.73028656254929,"IV"
600,"4000",5.69667069721623,"IV"
601,"4000",5.289555800341,"IV"
602,"4000",4.44929958395754,"IV"
603,"4000",5.29260843105587,"IV"
604,"4000",4.35670350018155,"IV"
605,"4000",5.65477185100899,"IV"
606,"4000",3.9910214097257,"IV"
607,"4000",4.43248969623092,"IV"
608,"4000",3.84284553034204,"IV"
609,"4000",4.36115204984373,"IV"
610,"4000",4.76386037954252,"IV"
611,"4000",5.20640327245373,"IV"
612,"4000",4.07515058940155,"IV"
613,"4000",4.02982920360345,"IV"
614,"4000",4.73457271712491,"IV"
615,"4000",5.52295194271517,"IV"
616,"4000",5.37503802100057,"IV"
617,"4000",3.9661884960319,"IV"
618,"4000",4.62484211488775,"IV"
619,"4000",5.14776132166786,"IV"
620,"4000",4.70979063794292,"IV"
621,"4000",4.57695473487473,"IV"
622,"4000",4.44107821529597,"IV"
623,"4000",4.49292584610143,"IV"
624,"4000",4.1256752936245,"IV"
625,"4000",4.29662994888334,"IV"
626,"4000",3.78772720807503,"IV"
627,"4000",5.53835842765025,"IV"
628,"4000",4.04857363647744,"IV"
629,"4000",3.7044481446103,"IV"
630,"4000",4.68205530585566,"IV"
631,"4000",4.12195565521766,"IV"
632,"4000",4.64691368658663,"IV"
633,"4000",4.59749042896818,"IV"
634,"4000",6.04957111808467,"IV"
635,"4000",4.44026800381654,"IV"
636,"4000",3.87058543571269,"IV"
637,"4000",4.10919909061452,"IV"
638,"4000",4.2946068956863,"IV"
639,"4000",3.78773302713233,"IV"
640,"4000",4.5464905584208,"IV"
641,"4000",3.89474799258054,"IV"
642,"4000",4.24610056254087,"IV"
643,"4000",3.84671162640056,"IV"
644,"4000",4.48377101494629,"IV"
645,"4000",6.19952415384511,"IV"
646,"4000",4.23864327841291,"IV"
647,"4000",4.23354995795729,"IV"
648,"4000",3.89319354324502,"IV"
649,"4000",4.33870354656655,"IV"
650,"4000",4.2851961779609,"IV"
651,"4000",5.93576150706295,"IV"
652,"4000",4.19515930316813,"IV"
653,"4000",5.19592309208045,"IV"
654,"4000",5.00659356473336,"IV"
655,"4000",4.80466221658114,"IV"
656,"4000",4.84914756120363,"IV"
657,"4000",4.93930740031202,"IV"
658,"4000",4.98171049435034,"IV"
659,"4000",5.10060006018998,"IV"
660,"4000",4.27877936054024,"IV"
661,"4000",4.33968547815842,"IV"
662,"4000",4.80737424774889,"IV"
663,"4000",5.25844850945181,"IV"
664,"4000",4.45136521796905,"IV"
665,"4000",4.65293171989174,"IV"
666,"4000",4.54223165247742,"IV"
667,"4000",4.71633834968325,"IV"
668,"4000",5.15427573933989,"IV"
669,"4000",3.99467701254892,"IV"
670,"4000",3.83389064348827,"IV"
671,"4000",4.15912708303023,"IV"
672,"4000",4.21838973271975,"IV"
673,"4000",4.07656818603174,"IV"
674,"4000",5.47761195080303,"IV"
675,"4000",6.15742518279675,"IV"
676,"4000",5.89503408949096,"IV"
677,"4000",3.87701191527553,"IV"
678,"4000",4.11560724987242,"IV"
679,"4000",5.33292337776682,"IV"
680,"4000",4.57811503383802,"IV"
681,"4000",4.74684982993048,"IV"
682,"4000",5.60300174304046,"IV"
683,"4000",4.39987338963396,"IV"
684,"4000",4.47248421392062,"IV"
685,"4000",5.5927613968725,"IV"
686,"4000",5.14571438951972,"IV"
687,"4000",5.03760266719574,"IV"
688,"4000",4.22247112698407,"IV"
689,"4000",4.19196591660737,"IV"
690,"4000",5.30390680310207,"IV"
691,"4000",5.49347349224934,"IV"
692,"4000",4.87161636633163,"IV"
693,"4000",4.40731138632571,"IV"
694,"4000",4.68768259978041,"IV"
695,"4000",4.66957331527825,"IV"
696,"4000",4.563711009958,"IV"
697,"4000",4.2743493055801,"IV"
698,"4000",5.35252361647902,"IV"
699,"4000",4.69710890911029,"IV"
700,"4000",4.19258111603367,"IV"
701,"4000",4.72318931546939,"IV"
702,"4000",5.57598400585966,"IV"
703,"4000",4.47691796312627,"IV"
704,"4000",4.23712638240014,"IV"
705,"4000",4.8138998025954,"IV"
706,"4000",4.55535543448641,"IV"
707,"4000",5.34123397389934,"IV"
708,"4000",3.46218603793508,"IV"
709,"4000",4.1500024285126,"IV"
710,"4000",5.05150445657565,"IV"
711,"4000",4.02518198281163,"IV"
712,"4000",4.80780384717607,"IV"
713,"4000",4.85189249938561,"IV"
714,"4000",3.96765939542495,"IV"
715,"4000",5.6089272780341,"IV"
716,"4000",4.95053268825273,"IV"
717,"4000",4.30083180878335,"IV"
718,"4000",4.46263857565764,"IV"
719,"4000",4.5630967584989,"IV"
720,"4000",4.70996045977728,"IV"
721,"4000",3.90369060714301,"IV"
722,"4000",4.78347589546814,"IV"
723,"4000",5.25703489917557,"IV"
724,"4000",4.37268711726599,"IV"
725,"4000",4.23131345882719,"IV"
726,"4000",4.07453278085878,"IV"
727,"4000",4.09474350630784,"IV"
728,"4000",4.63668930975918,"IV"
729,"4000",3.88677278794853,"IV"
730,"4000",4.22116079820658,"IV"
731,"4000",4.40973704721606,"IV"
732,"4000",4.91189254684613,"IV"
733,"4000",3.88882296922648,"IV"
734,"4000",5.30780230092729,"IV"
735,"4000",4.59688888589629,"IV"
736,"4000",4.15765043973017,"IV"
737,"4000",4.45372299925043,"IV"
738,"4000",3.77526109622792,"IV"
739,"4000",4.35705067154645,"IV"
740,"4000",4.05878656641706,"IV"
741,"4000",4.45129822019678,"IV"
742,"4000",5.19325307441766,"IV"
743,"4000",4.76690039699751,"IV"
744,"4000",5.27124021545102,"IV"
745,"4000",4.76681411113312,"IV"
746,"4000",4.42103636154979,"IV"
747,"4000",5.05686687741655,"IV"
748,"4000",4.02050272027398,"IV"
749,"4000",4.98527284459535,"IV"
750,"4000",4.65775284499209,"IV"
751,"4000",4.09050879745408,"IV"
752,"4000",4.74250315435991,"IV"
753,"4000",4.57936574555459,"IV"
754,"4000",4.3364941355678,"IV"
755,"4000",4.58158603795272,"IV"
756,"4000",4.96073412482904,"IV"
757,"4000",4.82994377396886,"IV"
758,"4000",4.20911258230293,"IV"
759,"4000",5.00861720911256,"IV"
760,"4000",4.11135917643036,"IV"
761,"4000",4.10336873475367,"IV"
762,"4000",3.77626241791145,"IV"
763,"4000",4.80094910926052,"IV"
764,"4000",4.26305913552429,"IV"
765,"4000",4.1460984097012,"IV"
766,"4000",4.29505996210416,"IV"
767,"4000",4.33395458700745,"IV"
768,"4000",3.95800278862086,"IV"
769,"4000",4.92547107069474,"IV"
770,"4000",3.88637032836852,"IV"
771,"4000",4.41933632237845,"IV"
772,"4000",4.98699502186882,"IV"
773,"4000",3.65291998353786,"IV"
774,"4000",4.36675732237258,"IV"
775,"4000",4.38640292933267,"IV"
776,"4000",4.0720774993125,"IV"
777,"4000",4.57118735844638,"IV"
778,"4000",3.66663753885286,"IV"
779,"4000",3.84946113340589,"IV"
780,"4000",5.65242971828804,"IV"
781,"4000",5.9975256821865,"IV"
782,"4000",4.29249634396033,"IV"
783,"4000",6.13312240345119,"IV"
784,"4000",5.78323604336981,"IV"
785,"4000",4.81806817077594,"IV"
786,"4000",6.21197063670178,"IV"
787,"4000",3.93841639736157,"IV"
788,"4000",4.42443872716441,"IV"
789,"4000",4.15974012655241,"IV"
790,"4000",3.86616131960626,"IV"
791,"4000",4.47709890279451,"IV"
792,"4000",4.28178268122172,"IV"
793,"4000",4.47117853880468,"IV"
794,"4000",4.27160002735915,"IV"
795,"4000",4.13623400524285,"IV"
796,"4000",4.23094075240341,"IV"
797,"4000",4.41700173098158,"IV"
798,"4000",3.99524933824443,"IV"
799,"4000",3.80553459086539,"IV"
800,"4000",4.18135897144837,"IV"
801,"4000",4.76407930801739,"IV"
802,"4000",4.01044915882478,"IV"
803,"4000",5.3065306067065,"IV"
804,"4000",4.51426416584635,"IV"
805,"4000",4.15991035564052,"IV"
806,"4000",3.51757613176892,"IV"
807,"4000",4.80726754355281,"IV"
808,"4000",4.62762263126386,"IV"
809,"4000",4.4157271611464,"IV"
810,"4000",4.10051175173971,"IV"
811,"4000",4.7701726830904,"IV"
812,"4000",4.48700209890716,"IV"
813,"4000",3.79359751252743,"IV"
814,"4000",4.78163387186843,"IV"
815,"4000",4.38078613119701,"IV"
816,"4000",4.95417241472939,"IV"
817,"4000",4.04345204520926,"IV"
818,"4000",5.56425657560782,"IV"
819,"4000",4.10821808471506,"IV"
820,"4000",4.76507221048771,"IV"
821,"4000",4.33806767527885,"IV"
822,"4000",3.98232733087881,"IV"
823,"4000",4.69102463906646,"IV"
824,"4000",5.16909555086477,"IV"
825,"4000",4.34025508122553,"IV"
826,"4000",5.58367302224191,"IV"
827,"4000",4.37249078047447,"IV"
828,"4000",4.11843248518248,"IV"
829,"4000",4.59157780014199,"IV"
830,"4000",4.25914145752255,"IV"
831,"4000",4.63156750365825,"IV"
832,"4000",4.97218942040517,"IV"
833,"4000",3.4182857367004,"IV"
834,"4000",3.88032451840086,"IV"
835,"4000",5.22726575895383,"IV"
836,"4000",4.59146538160779,"IV"
837,"4000",4.42317167339492,"IV"
838,"4000",5.20179853626758,"IV"
839,"4000",4.70879975644594,"IV"
840,"4000",4.57552894783633,"IV"
841,"4000",4.35284422625611,"IV"
842,"4000",3.95139956050946,"IV"
843,"4000",3.99218959874674,"IV"
844,"4000",4.22690282348393,"IV"
845,"4000",6.04271430501562,"IV"
846,"4000",5.26408431651287,"IV"
847,"4000",3.53684223132086,"IV"
848,"4000",5.41147599214277,"IV"
849,"4000",4.94341723330819,"IV"
850,"4000",4.70298993310871,"IV"
851,"4000",3.97170936508861,"IV"
852,"4000",4.48970023721453,"IV"
853,"4000",4.36489144062679,"IV"
854,"4000",4.41589571962196,"IV"
855,"4000",4.33983502976116,"IV"
856,"4000",4.52297636664232,"IV"
857,"4000",4.98090872261304,"IV"
858,"4000",4.39955823973931,"IV"
859,"4000",5.69443575697574,"IV"
860,"4000",3.64293724930198,"IV"
861,"4000",3.75743983225261,"IV"
862,"4000",3.93379318822076,"IV"
863,"4000",5.0809436038882,"IV"
864,"4000",4.88458084205293,"IV"
865,"4000",4.80958337424537,"IV"
866,"4000",4.20988683667623,"IV"
867,"4000",4.41737423070772,"IV"
868,"4000",4.88207711502952,"IV"
869,"4000",4.70297986944106,"IV"
870,"4000",5.31299411723531,"IV"
871,"4000",4.24286463941134,"IV"
872,"4000",4.76851027602489,"IV"
873,"4000",4.02541665120626,"IV"
874,"4000",4.07217840842138,"IV"
875,"4000",5.51714323865412,"IV"
876,"4000",5.27604215696012,"IV"
877,"4000",4.36315382500471,"IV"
878,"4000",4.56133859538105,"IV"
879,"4000",4.58223628038648,"IV"
880,"4000",4.73091942723017,"IV"
881,"4000",5.68036624468871,"IV"
882,"4000",4.6747869671314,"IV"
883,"4000",4.71380824401385,"IV"
884,"4000",4.8796318951186,"IV"
885,"4000",4.48636622163217,"IV"
886,"4000",5.09973563550834,"IV"
887,"4000",3.47521875525879,"IV"
888,"4000",4.20241544211043,"IV"
889,"4000",3.9539522267604,"IV"
890,"4000",6.07075426790442,"IV"
891,"4000",4.51780119843081,"IV"
892,"4000",4.40554223991074,"IV"
893,"4000",5.19208555362708,"IV"
894,"4000",5.12904618354616,"IV"
895,"4000",4.61761177282204,"IV"
896,"4000",4.47048439784127,"IV"
897,"4000",4.70681445947772,"IV"
898,"4000",4.03663982128604,"IV"
899,"4000",4.9179496041655,"IV"
900,"4000",5.09610566588612,"IV"
901,"4000",4.87431251924048,"IV"
902,"4000",4.41682840839283,"IV"
903,"4000",4.83528678240632,"IV"
904,"4000",4.39648639442475,"IV"
905,"4000",5.75327307448366,"IV"
906,"4000",3.47093950317173,"IV"
907,"4000",4.5969613630979,"IV"
908,"4000",4.61385658647491,"IV"
909,"4000",4.04808795128724,"IV"
910,"4000",3.90057645014109,"IV"
911,"4000",4.9602615564143,"IV"
912,"4000",4.50376194098821,"IV"
913,"4000",4.94236671465498,"IV"
914,"4000",3.87334830939159,"IV"
915,"4000",4.09433830905104,"IV"
916,"4000",5.3262690916596,"IV"
917,"4000",4.79195090632074,"IV"
918,"4000",5.04619795326529,"IV"
919,"4000",4.35006603974451,"IV"
920,"4000",4.54466256801442,"IV"
921,"4000",4.59792732873936,"IV"
922,"4000",4.35789760324947,"IV"
923,"4000",4.59680876971781,"IV"
924,"4000",5.29886320511064,"IV"
925,"4000",5.2158615979183,"IV"
926,"4000",4.99261168088815,"IV"
927,"4000",3.6546552593128,"IV"
928,"4000",4.96628432141053,"IV"
929,"4000",3.96040310238724,"IV"
930,"4000",4.36478662841837,"IV"
931,"4000",4.79574760202042,"IV"
932,"4000",4.75747208684025,"IV"
933,"4000",4.62727972682936,"IV"
934,"4000",4.1435752484656,"IV"
935,"4000",4.56738656554414,"IV"
936,"4000",4.4358768783854,"IV"
937,"4000",5.28886028311572,"IV"
938,"4000",3.64021283158316,"IV"
939,"4000",3.74116293405242,"IV"
940,"4000",4.19948216660998,"IV"
941,"4000",4.27943679837131,"IV"
942,"4000",4.51370623951815,"IV"
943,"4000",5.29232919122843,"IV"
944,"4000",4.19444667324117,"IV"
945,"4000",4.19451732457783,"IV"
946,"4000",5.37598723702442,"IV"
947,"4000",4.69951613620426,"IV"
948,"4000",4.38657498985942,"IV"
949,"4000",4.70802119282069,"IV"
950,"4000",3.81707199150881,"IV"
951,"4000",5.63350262200937,"IV"
952,"4000",4.49696208365987,"IV"
953,"4000",5.47857374435254,"IV"
954,"4000",3.80116657342205,"IV"
955,"4000",5.50166526974581,"IV"
956,"4000",4.7232001340934,"IV"
957,"4000",3.8324971583932,"IV"
958,"4000",4.5938489320104,"IV"
959,"4000",5.2425265479488,"IV"
960,"4000",4.22483757965587,"IV"
961,"4000",4.68523561582426,"IV"
962,"4000",4.18047732912475,"IV"
963,"4000",3.71021250007513,"IV"
964,"4000",4.95963675591963,"IV"
965,"4000",5.28856966486685,"IV"
966,"4000",5.01627583117186,"IV"
967,"4000",3.81014737473064,"IV"
968,"4000",4.67382206744595,"IV"
969,"4000",4.41847356973717,"IV"
970,"4000",3.91477457172935,"IV"
971,"4000",4.46569101659604,"IV"
972,"4000",5.01214306279392,"IV"
973,"4000",4.34219469133776,"IV"
974,"4000",4.21234793951105,"IV"
975,"4000",3.83954108088334,"IV"
976,"4000",5.0517065799174,"IV"
977,"4000",4.1360682723647,"IV"
978,"4000",4.71869577458509,"IV"
979,"4000",5.29489095356231,"IV"
980,"4000",4.14008245983028,"IV"
981,"4000",4.02215131074972,"IV"
982,"4000",4.46124931337913,"IV"
983,"4000",4.60707638131669,"IV"
984,"4000",4.71641994867366,"IV"
985,"4000",4.18860253194946,"IV"
986,"4000",4.61403877818485,"IV"
987,"4000",4.48698395827054,"IV"
988,"4000",4.91149724254109,"IV"
989,"4000",5.85547259320733,"IV"
990,"4000",5.44732584463895,"IV"
991,"4000",4.45882491792982,"IV"
992,"4000",4.35924557820937,"IV"
993,"4000",4.3689709992592,"IV"
994,"4000",4.12588816313272,"IV"
995,"4000",4.51671326720501,"IV"
996,"4000",4.66301157011447,"IV"
997,"4000",3.47608397195321,"IV"
998,"4000",4.96313782505043,"IV"
999,"4000",4.40604007470089,"IV"
1000,"4000",4.70782843992577,"IV"
1,"500",-1.96469406322978,"Unadjusted"
2,"500",-1.97463505623299,"Unadjusted"
3,"500",-2.21450897184273,"Unadjusted"
4,"500",-1.92542396001633,"Unadjusted"
5,"500",-2.13283746076537,"Unadjusted"
6,"500",-2.15193215817477,"Unadjusted"
7,"500",-2.09565984556285,"Unadjusted"
8,"500",-1.88081726145661,"Unadjusted"
9,"500",-1.96363375147118,"Unadjusted"
10,"500",-2.13625554471238,"Unadjusted"
11,"500",-2.0092604184892,"Unadjusted"
12,"500",-2.10201557595626,"Unadjusted"
13,"500",-2.18112724308586,"Unadjusted"
14,"500",-2.09687462439628,"Unadjusted"
15,"500",-2.01041430875908,"Unadjusted"
16,"500",-2.0304256546058,"Unadjusted"
17,"500",-2.07361973988445,"Unadjusted"
18,"500",-2.18954919946977,"Unadjusted"
19,"500",-1.878510287072,"Unadjusted"
20,"500",-1.88750467318586,"Unadjusted"
21,"500",-1.90486332382182,"Unadjusted"
22,"500",-1.91866672274106,"Unadjusted"
23,"500",-1.75135249552758,"Unadjusted"
24,"500",-1.99587449634326,"Unadjusted"
25,"500",-2.0713608703336,"Unadjusted"
26,"500",-2.32713845972939,"Unadjusted"
27,"500",-2.26913337970227,"Unadjusted"
28,"500",-2.10353591508973,"Unadjusted"
29,"500",-2.1684211716366,"Unadjusted"
30,"500",-2.07769366063537,"Unadjusted"
31,"500",-2.00601514559251,"Unadjusted"
32,"500",-2.07883115739579,"Unadjusted"
33,"500",-1.93004486961148,"Unadjusted"
34,"500",-2.07300985204134,"Unadjusted"
35,"500",-2.04177352986507,"Unadjusted"
36,"500",-2.34354329266995,"Unadjusted"
37,"500",-1.93704255055262,"Unadjusted"
38,"500",-2.15180866302172,"Unadjusted"
39,"500",-2.0165807752878,"Unadjusted"
40,"500",-2.18313264280939,"Unadjusted"
41,"500",-2.04691185630737,"Unadjusted"
42,"500",-1.94659653996009,"Unadjusted"
43,"500",-1.78261533273785,"Unadjusted"
44,"500",-2.34893491040921,"Unadjusted"
45,"500",-1.95950989774839,"Unadjusted"
46,"500",-2.1780161573499,"Unadjusted"
47,"500",-2.13986324706624,"Unadjusted"
48,"500",-2.21394405952944,"Unadjusted"
49,"500",-2.30404499366624,"Unadjusted"
50,"500",-1.90301665741703,"Unadjusted"
51,"500",-1.78266674836756,"Unadjusted"
52,"500",-2.09271802641231,"Unadjusted"
53,"500",-2.17273839336842,"Unadjusted"
54,"500",-2.32268657235945,"Unadjusted"
55,"500",-2.32836721762309,"Unadjusted"
56,"500",-1.96807364924539,"Unadjusted"
57,"500",-1.91491647193132,"Unadjusted"
58,"500",-2.02996767583818,"Unadjusted"
59,"500",-1.86760174264187,"Unadjusted"
60,"500",-2.16047518946093,"Unadjusted"
61,"500",-2.06889434855596,"Unadjusted"
62,"500",-1.87074839145918,"Unadjusted"
63,"500",-2.14334468832882,"Unadjusted"
64,"500",-2.07484886019081,"Unadjusted"
65,"500",-1.94856486385181,"Unadjusted"
66,"500",-2.15803980282791,"Unadjusted"
67,"500",-2.04203903429527,"Unadjusted"
68,"500",-1.97534599922008,"Unadjusted"
69,"500",-2.10291715232829,"Unadjusted"
70,"500",-2.08698413216887,"Unadjusted"
71,"500",-2.01581851157062,"Unadjusted"
72,"500",-2.0458346837207,"Unadjusted"
73,"500",-1.86900967924609,"Unadjusted"
74,"500",-2.02702488035058,"Unadjusted"
75,"500",-1.76458334903442,"Unadjusted"
76,"500",-2.08956107253489,"Unadjusted"
77,"500",-2.25321888503055,"Unadjusted"
78,"500",-2.14512414156745,"Unadjusted"
79,"500",-2.04230779688528,"Unadjusted"
80,"500",-2.19299648730578,"Unadjusted"
81,"500",-1.94707197262187,"Unadjusted"
82,"500",-2.01594435723306,"Unadjusted"
83,"500",-2.20568758540139,"Unadjusted"
84,"500",-2.62234597802336,"Unadjusted"
85,"500",-2.30434463308959,"Unadjusted"
86,"500",-1.99792321845387,"Unadjusted"
87,"500",-1.90558746183641,"Unadjusted"
88,"500",-2.04364895078763,"Unadjusted"
89,"500",-1.874687702306,"Unadjusted"
90,"500",-2.3593635657251,"Unadjusted"
91,"500",-1.79266668282633,"Unadjusted"
92,"500",-2.19963262149088,"Unadjusted"
93,"500",-1.73133172216035,"Unadjusted"
94,"500",-2.0904713759238,"Unadjusted"
95,"500",-1.97401357398113,"Unadjusted"
96,"500",-2.18534659991351,"Unadjusted"
97,"500",-2.20785719891419,"Unadjusted"
98,"500",-2.08737837173289,"Unadjusted"
99,"500",-2.24891933160117,"Unadjusted"
100,"500",-2.3487227130526,"Unadjusted"
101,"500",-1.96843665716114,"Unadjusted"
102,"500",-2.12153969596666,"Unadjusted"
103,"500",-1.96469317318354,"Unadjusted"
104,"500",-1.76012385513395,"Unadjusted"
105,"500",-2.14472175542898,"Unadjusted"
106,"500",-1.89443098393651,"Unadjusted"
107,"500",-1.93725345661659,"Unadjusted"
108,"500",-1.94254406651814,"Unadjusted"
109,"500",-1.91782755335437,"Unadjusted"
110,"500",-1.88311697666771,"Unadjusted"
111,"500",-2.03650805558263,"Unadjusted"
112,"500",-2.07986699335336,"Unadjusted"
113,"500",-2.15852072651356,"Unadjusted"
114,"500",-1.82091354897893,"Unadjusted"
115,"500",-1.83794425509946,"Unadjusted"
116,"500",-1.94530406621191,"Unadjusted"
117,"500",-2.22212567347993,"Unadjusted"
118,"500",-1.77922276124117,"Unadjusted"
119,"500",-1.7831987257795,"Unadjusted"
120,"500",-1.91266603004049,"Unadjusted"
121,"500",-1.86662338117898,"Unadjusted"
122,"500",-1.84250278997388,"Unadjusted"
123,"500",-2.02956949938827,"Unadjusted"
124,"500",-1.97419364712902,"Unadjusted"
125,"500",-2.27933510799729,"Unadjusted"
126,"500",-2.12297592259897,"Unadjusted"
127,"500",-1.97105377420195,"Unadjusted"
128,"500",-2.37783306039394,"Unadjusted"
129,"500",-2.21472958757463,"Unadjusted"
130,"500",-2.41919977743132,"Unadjusted"
131,"500",-2.19917018079382,"Unadjusted"
132,"500",-1.94149918367924,"Unadjusted"
133,"500",-1.9955873106196,"Unadjusted"
134,"500",-1.99010920630734,"Unadjusted"
135,"500",-2.03513240343661,"Unadjusted"
136,"500",-1.95437712592728,"Unadjusted"
137,"500",-2.113203099142,"Unadjusted"
138,"500",-2.1585687862548,"Unadjusted"
139,"500",-1.92807747141756,"Unadjusted"
140,"500",-2.08678829891863,"Unadjusted"
141,"500",-2.17508415679027,"Unadjusted"
142,"500",-1.95750120549751,"Unadjusted"
143,"500",-2.02759867198222,"Unadjusted"
144,"500",-1.964651255099,"Unadjusted"
145,"500",-1.98914680859971,"Unadjusted"
146,"500",-2.21666073459598,"Unadjusted"
147,"500",-1.93226709016893,"Unadjusted"
148,"500",-1.91539458552248,"Unadjusted"
149,"500",-2.05737748796091,"Unadjusted"
150,"500",-2.12400223771915,"Unadjusted"
151,"500",-2.03106148141849,"Unadjusted"
152,"500",-2.00170734942222,"Unadjusted"
153,"500",-1.88193275904497,"Unadjusted"
154,"500",-2.04426207272332,"Unadjusted"
155,"500",-2.07004570358754,"Unadjusted"
156,"500",-1.89834191501456,"Unadjusted"
157,"500",-1.86370839971275,"Unadjusted"
158,"500",-1.82517193810149,"Unadjusted"
159,"500",-1.92235044766404,"Unadjusted"
160,"500",-2.12428707419056,"Unadjusted"
161,"500",-2.02824135410964,"Unadjusted"
162,"500",-1.97795082113683,"Unadjusted"
163,"500",-1.97412605418941,"Unadjusted"
164,"500",-1.9880864164392,"Unadjusted"
165,"500",-2.12491760058423,"Unadjusted"
166,"500",-2.16835406107353,"Unadjusted"
167,"500",-2.12156512613022,"Unadjusted"
168,"500",-1.9026283161247,"Unadjusted"
169,"500",-2.19755537496233,"Unadjusted"
170,"500",-1.9861316774122,"Unadjusted"
171,"500",-1.8049190120921,"Unadjusted"
172,"500",-1.98506797668628,"Unadjusted"
173,"500",-2.04303995650596,"Unadjusted"
174,"500",-1.84957842864746,"Unadjusted"
175,"500",-1.87048169151417,"Unadjusted"
176,"500",-2.09144598516064,"Unadjusted"
177,"500",-1.98664353969865,"Unadjusted"
178,"500",-2.28492507368838,"Unadjusted"
179,"500",-1.9807722416908,"Unadjusted"
180,"500",-1.89193199486134,"Unadjusted"
181,"500",-1.85186895801628,"Unadjusted"
182,"500",-2.11200108386507,"Unadjusted"
183,"500",-1.79193556602816,"Unadjusted"
184,"500",-2.05460761344378,"Unadjusted"
185,"500",-1.86804468332163,"Unadjusted"
186,"500",-2.07094047874173,"Unadjusted"
187,"500",-1.86305842154999,"Unadjusted"
188,"500",-1.92053863715223,"Unadjusted"
189,"500",-1.89676991359315,"Unadjusted"
190,"500",-1.91412438964733,"Unadjusted"
191,"500",-2.06874675501388,"Unadjusted"
192,"500",-1.97869994356652,"Unadjusted"
193,"500",-1.7755611812756,"Unadjusted"
194,"500",-2.21291362155321,"Unadjusted"
195,"500",-2.217820134855,"Unadjusted"
196,"500",-1.9466825588671,"Unadjusted"
197,"500",-1.83256343722997,"Unadjusted"
198,"500",-2.0993770600758,"Unadjusted"
199,"500",-2.06712896019612,"Unadjusted"
200,"500",-2.20270305910757,"Unadjusted"
201,"500",-1.9263883856393,"Unadjusted"
202,"500",-2.02954976688307,"Unadjusted"
203,"500",-1.80168363501056,"Unadjusted"
204,"500",-2.00883320218175,"Unadjusted"
205,"500",-2.00211633262152,"Unadjusted"
206,"500",-1.93662117632201,"Unadjusted"
207,"500",-2.04596423811681,"Unadjusted"
208,"500",-1.95177504484562,"Unadjusted"
209,"500",-2.51670823254825,"Unadjusted"
210,"500",-1.84904368633058,"Unadjusted"
211,"500",-2.02631588829,"Unadjusted"
212,"500",-1.92560056363209,"Unadjusted"
213,"500",-2.03932715594922,"Unadjusted"
214,"500",-1.9868288042651,"Unadjusted"
215,"500",-1.99689462706915,"Unadjusted"
216,"500",-1.93360004069093,"Unadjusted"
217,"500",-2.08325380813927,"Unadjusted"
218,"500",-2.14395110748402,"Unadjusted"
219,"500",-1.92662504350297,"Unadjusted"
220,"500",-2.03332754882334,"Unadjusted"
221,"500",-2.0334673054393,"Unadjusted"
222,"500",-2.02736677998602,"Unadjusted"
223,"500",-1.9204881120941,"Unadjusted"
224,"500",-2.1215111568274,"Unadjusted"
225,"500",-1.87341182236837,"Unadjusted"
226,"500",-2.14490750552816,"Unadjusted"
227,"500",-1.95203492239777,"Unadjusted"
228,"500",-1.88442367560043,"Unadjusted"
229,"500",-2.10306920670889,"Unadjusted"
230,"500",-1.92181585014238,"Unadjusted"
231,"500",-2.22124142871775,"Unadjusted"
232,"500",-1.70551043899218,"Unadjusted"
233,"500",-1.82202556248898,"Unadjusted"
234,"500",-2.18707685380398,"Unadjusted"
235,"500",-1.74976275349529,"Unadjusted"
236,"500",-2.20161941554854,"Unadjusted"
237,"500",-1.96298417550995,"Unadjusted"
238,"500",-1.89902553753157,"Unadjusted"
239,"500",-2.08702075729686,"Unadjusted"
240,"500",-2.40167926041416,"Unadjusted"
241,"500",-1.99598605176178,"Unadjusted"
242,"500",-2.07096112537613,"Unadjusted"
243,"500",-1.85532445302029,"Unadjusted"
244,"500",-1.90353707072881,"Unadjusted"
245,"500",-2.04715523817205,"Unadjusted"
246,"500",-2.21504039790006,"Unadjusted"
247,"500",-1.96189811792991,"Unadjusted"
248,"500",-2.27425401696929,"Unadjusted"
249,"500",-2.29945428129533,"Unadjusted"
250,"500",-2.01448527143437,"Unadjusted"
251,"500",-2.07854417307578,"Unadjusted"
252,"500",-2.22937038626984,"Unadjusted"
253,"500",-2.17469262524724,"Unadjusted"
254,"500",-1.98813732383874,"Unadjusted"
255,"500",-2.28807498332886,"Unadjusted"
256,"500",-1.96155804062662,"Unadjusted"
257,"500",-1.95185680245256,"Unadjusted"
258,"500",-2.04093081564938,"Unadjusted"
259,"500",-1.89250286910257,"Unadjusted"
260,"500",-1.92875083089917,"Unadjusted"
261,"500",-2.1155082199263,"Unadjusted"
262,"500",-1.88669725881083,"Unadjusted"
263,"500",-2.17544736858846,"Unadjusted"
264,"500",-1.81199166867693,"Unadjusted"
265,"500",-1.89840107243011,"Unadjusted"
266,"500",-1.86442937340171,"Unadjusted"
267,"500",-2.16692314842582,"Unadjusted"
268,"500",-2.1141926798703,"Unadjusted"
269,"500",-2.20638613764927,"Unadjusted"
270,"500",-2.33072952206877,"Unadjusted"
271,"500",-1.92068702043516,"Unadjusted"
272,"500",-1.98471621401364,"Unadjusted"
273,"500",-1.97392377779973,"Unadjusted"
274,"500",-1.75447457774741,"Unadjusted"
275,"500",-2.07431716090267,"Unadjusted"
276,"500",-2.06962483283562,"Unadjusted"
277,"500",-1.99371590740407,"Unadjusted"
278,"500",-2.34086021645022,"Unadjusted"
279,"500",-1.85796548549094,"Unadjusted"
280,"500",-2.04215946912978,"Unadjusted"
281,"500",-1.97986587392168,"Unadjusted"
282,"500",-2.18360416048069,"Unadjusted"
283,"500",-2.20492878529961,"Unadjusted"
284,"500",-1.88774006855533,"Unadjusted"
285,"500",-2.24153994248265,"Unadjusted"
286,"500",-1.94668287578505,"Unadjusted"
287,"500",-2.21116600835615,"Unadjusted"
288,"500",-2.11464815702299,"Unadjusted"
289,"500",-2.18528458921378,"Unadjusted"
290,"500",-1.96196945172003,"Unadjusted"
291,"500",-1.90551515788039,"Unadjusted"
292,"500",-1.89560215636546,"Unadjusted"
293,"500",-2.21641802855456,"Unadjusted"
294,"500",-1.87188315260853,"Unadjusted"
295,"500",-2.09796909129564,"Unadjusted"
296,"500",-1.87614306646619,"Unadjusted"
297,"500",-1.97166175914868,"Unadjusted"
298,"500",-2.00645171237824,"Unadjusted"
299,"500",-1.92968369132142,"Unadjusted"
300,"500",-1.97205732332733,"Unadjusted"
301,"500",-1.7871031820675,"Unadjusted"
302,"500",-1.91866316367101,"Unadjusted"
303,"500",-2.42704626334531,"Unadjusted"
304,"500",-2.31346470917186,"Unadjusted"
305,"500",-2.08472249470151,"Unadjusted"
306,"500",-1.84867157898527,"Unadjusted"
307,"500",-1.7758714000557,"Unadjusted"
308,"500",-1.83848456348638,"Unadjusted"
309,"500",-1.89848574863111,"Unadjusted"
310,"500",-2.08034035791107,"Unadjusted"
311,"500",-2.09936316586259,"Unadjusted"
312,"500",-2.14032521988919,"Unadjusted"
313,"500",-1.73846484577195,"Unadjusted"
314,"500",-2.25729085107955,"Unadjusted"
315,"500",-1.93158131694168,"Unadjusted"
316,"500",-1.71106170895835,"Unadjusted"
317,"500",-1.93524742070967,"Unadjusted"
318,"500",-1.89929374372801,"Unadjusted"
319,"500",-2.02385785587083,"Unadjusted"
320,"500",-2.22213203833277,"Unadjusted"
321,"500",-1.97785990521138,"Unadjusted"
322,"500",-1.85412914430844,"Unadjusted"
323,"500",-2.17954616756513,"Unadjusted"
324,"500",-2.04791323016993,"Unadjusted"
325,"500",-1.85379613276363,"Unadjusted"
326,"500",-2.28382732077958,"Unadjusted"
327,"500",-1.84045380523109,"Unadjusted"
328,"500",-2.30549656385041,"Unadjusted"
329,"500",-1.83655296884661,"Unadjusted"
330,"500",-2.23515152828685,"Unadjusted"
331,"500",-2.04659475677742,"Unadjusted"
332,"500",-2.42062151833521,"Unadjusted"
333,"500",-2.19707431485069,"Unadjusted"
334,"500",-1.93606072676377,"Unadjusted"
335,"500",-2.34832654560707,"Unadjusted"
336,"500",-2.08160057710914,"Unadjusted"
337,"500",-1.89243718657671,"Unadjusted"
338,"500",-1.96510967194641,"Unadjusted"
339,"500",-2.07627954159921,"Unadjusted"
340,"500",-2.08315259012531,"Unadjusted"
341,"500",-1.96735958838774,"Unadjusted"
342,"500",-1.88815030952246,"Unadjusted"
343,"500",-2.1744351210605,"Unadjusted"
344,"500",-1.77162100450243,"Unadjusted"
345,"500",-1.97439152106991,"Unadjusted"
346,"500",-1.82752956273637,"Unadjusted"
347,"500",-1.91143636409336,"Unadjusted"
348,"500",-1.84820800080361,"Unadjusted"
349,"500",-2.17949683371128,"Unadjusted"
350,"500",-2.3557907268292,"Unadjusted"
351,"500",-2.28350682970784,"Unadjusted"
352,"500",-2.00637556360795,"Unadjusted"
353,"500",-2.02507847243652,"Unadjusted"
354,"500",-1.81449768633306,"Unadjusted"
355,"500",-1.86183083250178,"Unadjusted"
356,"500",-1.80182032511458,"Unadjusted"
357,"500",-1.92825121848629,"Unadjusted"
358,"500",-2.38452645384297,"Unadjusted"
359,"500",-1.88809907359174,"Unadjusted"
360,"500",-2.03134903185218,"Unadjusted"
361,"500",-1.95412853637682,"Unadjusted"
362,"500",-2.08456215042737,"Unadjusted"
363,"500",-1.96520516275478,"Unadjusted"
364,"500",-2.33437666481471,"Unadjusted"
365,"500",-2.14232220923601,"Unadjusted"
366,"500",-2.13956699709159,"Unadjusted"
367,"500",-2.29557666166254,"Unadjusted"
368,"500",-1.86036184919865,"Unadjusted"
369,"500",-2.08987727049054,"Unadjusted"
370,"500",-1.80016146076623,"Unadjusted"
371,"500",-2.18906589338378,"Unadjusted"
372,"500",-1.96317891520984,"Unadjusted"
373,"500",-2.03299107857781,"Unadjusted"
374,"500",-1.86055700029955,"Unadjusted"
375,"500",-1.91541734872984,"Unadjusted"
376,"500",-1.99322319532376,"Unadjusted"
377,"500",-2.25742974423253,"Unadjusted"
378,"500",-2.4218317818598,"Unadjusted"
379,"500",-1.84800008766038,"Unadjusted"
380,"500",-1.84504016931683,"Unadjusted"
381,"500",-1.98293039571605,"Unadjusted"
382,"500",-1.79429931099257,"Unadjusted"
383,"500",-2.25746774044147,"Unadjusted"
384,"500",-2.13563011147946,"Unadjusted"
385,"500",-2.05448405768587,"Unadjusted"
386,"500",-1.87725386017624,"Unadjusted"
387,"500",-2.04879035170185,"Unadjusted"
388,"500",-1.96661600681493,"Unadjusted"
389,"500",-2.45547056867813,"Unadjusted"
390,"500",-1.8643806216595,"Unadjusted"
391,"500",-1.96891003397883,"Unadjusted"
392,"500",-2.10196754279699,"Unadjusted"
393,"500",-2.32044434733165,"Unadjusted"
394,"500",-2.15153157639498,"Unadjusted"
395,"500",-2.02187476003687,"Unadjusted"
396,"500",-1.93988548003812,"Unadjusted"
397,"500",-1.83026982702429,"Unadjusted"
398,"500",-2.07653719249469,"Unadjusted"
399,"500",-1.85905233850584,"Unadjusted"
400,"500",-1.86149573064676,"Unadjusted"
401,"500",-2.24074065069545,"Unadjusted"
402,"500",-1.95244064831708,"Unadjusted"
403,"500",-1.91516664421173,"Unadjusted"
404,"500",-1.84051491599884,"Unadjusted"
405,"500",-1.67869366876766,"Unadjusted"
406,"500",-2.22069573682259,"Unadjusted"
407,"500",-2.21362557337282,"Unadjusted"
408,"500",-2.11302807289742,"Unadjusted"
409,"500",-2.15145544862495,"Unadjusted"
410,"500",-2.21299555892959,"Unadjusted"
411,"500",-1.86529877654352,"Unadjusted"
412,"500",-1.82794295493429,"Unadjusted"
413,"500",-1.90474059989156,"Unadjusted"
414,"500",-2.32469992204384,"Unadjusted"
415,"500",-1.80869573310415,"Unadjusted"
416,"500",-2.20253019840777,"Unadjusted"
417,"500",-2.09055785905138,"Unadjusted"
418,"500",-2.08648277656271,"Unadjusted"
419,"500",-2.08414819382972,"Unadjusted"
420,"500",-2.01844118250023,"Unadjusted"
421,"500",-2.05623145482102,"Unadjusted"
422,"500",-2.08537259231359,"Unadjusted"
423,"500",-2.24255018829955,"Unadjusted"
424,"500",-2.11445493231511,"Unadjusted"
425,"500",-2.11749677360963,"Unadjusted"
426,"500",-1.95343040901403,"Unadjusted"
427,"500",-2.26901819806971,"Unadjusted"
428,"500",-2.0711035435708,"Unadjusted"
429,"500",-2.14072641204591,"Unadjusted"
430,"500",-1.93760653575405,"Unadjusted"
431,"500",-1.73093050864844,"Unadjusted"
432,"500",-2.1016021650935,"Unadjusted"
433,"500",-1.86723280313085,"Unadjusted"
434,"500",-2.01192853345644,"Unadjusted"
435,"500",-2.03724635636558,"Unadjusted"
436,"500",-2.11255385374784,"Unadjusted"
437,"500",-2.16722961385774,"Unadjusted"
438,"500",-2.05382195079202,"Unadjusted"
439,"500",-2.00301116347277,"Unadjusted"
440,"500",-2.07456989699139,"Unadjusted"
441,"500",-1.9447226371481,"Unadjusted"
442,"500",-1.79940797966087,"Unadjusted"
443,"500",-2.22945506212875,"Unadjusted"
444,"500",-1.89046669371891,"Unadjusted"
445,"500",-2.14095025254321,"Unadjusted"
446,"500",-1.96512556382375,"Unadjusted"
447,"500",-2.03962942779232,"Unadjusted"
448,"500",-1.83452040781624,"Unadjusted"
449,"500",-2.0948897091705,"Unadjusted"
450,"500",-1.95780247701049,"Unadjusted"
451,"500",-1.91741096927563,"Unadjusted"
452,"500",-2.15158996133095,"Unadjusted"
453,"500",-1.87270775813418,"Unadjusted"
454,"500",-1.76335586220251,"Unadjusted"
455,"500",-2.19779653891355,"Unadjusted"
456,"500",-2.09268822260354,"Unadjusted"
457,"500",-1.8373786453678,"Unadjusted"
458,"500",-1.98569221398767,"Unadjusted"
459,"500",-1.93778989212737,"Unadjusted"
460,"500",-1.92990245580564,"Unadjusted"
461,"500",-1.85877202243848,"Unadjusted"
462,"500",-2.08696993580238,"Unadjusted"
463,"500",-1.97294949818071,"Unadjusted"
464,"500",-2.23000948469177,"Unadjusted"
465,"500",-2.37610873822012,"Unadjusted"
466,"500",-2.10758742509115,"Unadjusted"
467,"500",-2.32749013211901,"Unadjusted"
468,"500",-2.14338492217655,"Unadjusted"
469,"500",-2.06705656731623,"Unadjusted"
470,"500",-1.93443867680347,"Unadjusted"
471,"500",-1.90617653082181,"Unadjusted"
472,"500",-1.99401621409293,"Unadjusted"
473,"500",-2.03940269523041,"Unadjusted"
474,"500",-2.28812605778023,"Unadjusted"
475,"500",-1.90599139365769,"Unadjusted"
476,"500",-2.14312665073948,"Unadjusted"
477,"500",-1.87325589992609,"Unadjusted"
478,"500",-2.30925573042092,"Unadjusted"
479,"500",-2.02787296539614,"Unadjusted"
480,"500",-1.91309468069462,"Unadjusted"
481,"500",-1.93486599532903,"Unadjusted"
482,"500",-2.02330720062981,"Unadjusted"
483,"500",-1.96525168335529,"Unadjusted"
484,"500",-2.16996171774256,"Unadjusted"
485,"500",-2.0316623671007,"Unadjusted"
486,"500",-2.0368136223227,"Unadjusted"
487,"500",-1.99343170376035,"Unadjusted"
488,"500",-1.84445260534071,"Unadjusted"
489,"500",-2.05854429599499,"Unadjusted"
490,"500",-1.96210234725169,"Unadjusted"
491,"500",-2.11612603258568,"Unadjusted"
492,"500",-2.20948108265065,"Unadjusted"
493,"500",-2.32242158663064,"Unadjusted"
494,"500",-2.12104711142843,"Unadjusted"
495,"500",-1.9471391980481,"Unadjusted"
496,"500",-1.95455879425332,"Unadjusted"
497,"500",-1.89094212086418,"Unadjusted"
498,"500",-2.18497724609544,"Unadjusted"
499,"500",-2.02902594803103,"Unadjusted"
500,"500",-1.75582628200305,"Unadjusted"
501,"500",-2.01966162518435,"Unadjusted"
502,"500",-1.72850925551229,"Unadjusted"
503,"500",-2.11854579800183,"Unadjusted"
504,"500",-2.12738589357336,"Unadjusted"
505,"500",-2.05260795032448,"Unadjusted"
506,"500",-1.86812586779416,"Unadjusted"
507,"500",-2.14092350963661,"Unadjusted"
508,"500",-2.08358817876238,"Unadjusted"
509,"500",-2.11934780624306,"Unadjusted"
510,"500",-1.96655849525217,"Unadjusted"
511,"500",-1.9413894361176,"Unadjusted"
512,"500",-2.1388163080406,"Unadjusted"
513,"500",-1.91808023362772,"Unadjusted"
514,"500",-2.0144933968775,"Unadjusted"
515,"500",-2.17990665687578,"Unadjusted"
516,"500",-2.22320541680883,"Unadjusted"
517,"500",-2.29243179936666,"Unadjusted"
518,"500",-2.04089360845017,"Unadjusted"
519,"500",-2.01009977415595,"Unadjusted"
520,"500",-2.06802416564917,"Unadjusted"
521,"500",-1.72734475522927,"Unadjusted"
522,"500",-2.07212066485824,"Unadjusted"
523,"500",-2.10703588110413,"Unadjusted"
524,"500",-2.72074990732,"Unadjusted"
525,"500",-1.9412649949497,"Unadjusted"
526,"500",-2.25911401734087,"Unadjusted"
527,"500",-2.05351597513822,"Unadjusted"
528,"500",-2.14240421756477,"Unadjusted"
529,"500",-2.02316445276261,"Unadjusted"
530,"500",-2.11053615502399,"Unadjusted"
531,"500",-2.03373632464408,"Unadjusted"
532,"500",-1.94095622141129,"Unadjusted"
533,"500",-1.89937070858505,"Unadjusted"
534,"500",-2.09504929181043,"Unadjusted"
535,"500",-2.00238413983474,"Unadjusted"
536,"500",-2.07821588447544,"Unadjusted"
537,"500",-1.96751234645669,"Unadjusted"
538,"500",-1.87959237495342,"Unadjusted"
539,"500",-2.09388935067592,"Unadjusted"
540,"500",-2.15173010962655,"Unadjusted"
541,"500",-1.90012753927209,"Unadjusted"
542,"500",-2.05235602137938,"Unadjusted"
543,"500",-1.90215742389868,"Unadjusted"
544,"500",-1.95416989329503,"Unadjusted"
545,"500",-2.01496169574767,"Unadjusted"
546,"500",-1.96998845411321,"Unadjusted"
547,"500",-1.98397714132691,"Unadjusted"
548,"500",-2.191868884448,"Unadjusted"
549,"500",-1.88535989485678,"Unadjusted"
550,"500",-2.15169661850883,"Unadjusted"
551,"500",-1.87311840012106,"Unadjusted"
552,"500",-2.14639404777206,"Unadjusted"
553,"500",-2.02236053480884,"Unadjusted"
554,"500",-2.04714003723392,"Unadjusted"
555,"500",-1.87072594337416,"Unadjusted"
556,"500",-2.06981045910555,"Unadjusted"
557,"500",-2.15928281017757,"Unadjusted"
558,"500",-2.04535913419931,"Unadjusted"
559,"500",-1.9949155714962,"Unadjusted"
560,"500",-2.49715308384386,"Unadjusted"
561,"500",-2.11885223450382,"Unadjusted"
562,"500",-2.00378005898986,"Unadjusted"
563,"500",-2.0226825487876,"Unadjusted"
564,"500",-2.19501098591709,"Unadjusted"
565,"500",-2.06673534361177,"Unadjusted"
566,"500",-2.00680412258581,"Unadjusted"
567,"500",-2.51447630674146,"Unadjusted"
568,"500",-1.89979443215475,"Unadjusted"
569,"500",-2.10960011207301,"Unadjusted"
570,"500",-1.99736703888515,"Unadjusted"
571,"500",-2.1651118123241,"Unadjusted"
572,"500",-1.93062565179434,"Unadjusted"
573,"500",-2.22651107961853,"Unadjusted"
574,"500",-2.14194768370967,"Unadjusted"
575,"500",-2.09079838297694,"Unadjusted"
576,"500",-2.24345877591609,"Unadjusted"
577,"500",-2.54104705797697,"Unadjusted"
578,"500",-2.00179719492352,"Unadjusted"
579,"500",-1.96023653259565,"Unadjusted"
580,"500",-1.96917099826015,"Unadjusted"
581,"500",-1.92891474898366,"Unadjusted"
582,"500",-2.10662081968155,"Unadjusted"
583,"500",-1.96238783394279,"Unadjusted"
584,"500",-2.52184144510894,"Unadjusted"
585,"500",-1.84555857458293,"Unadjusted"
586,"500",-2.61028725144392,"Unadjusted"
587,"500",-2.21491695240689,"Unadjusted"
588,"500",-1.82867407000297,"Unadjusted"
589,"500",-1.97929004585968,"Unadjusted"
590,"500",-2.05982010289735,"Unadjusted"
591,"500",-2.31797458283288,"Unadjusted"
592,"500",-2.4247932304521,"Unadjusted"
593,"500",-1.84929586099769,"Unadjusted"
594,"500",-2.1084340138928,"Unadjusted"
595,"500",-2.11923110238212,"Unadjusted"
596,"500",-2.38667950589248,"Unadjusted"
597,"500",-2.07720059284647,"Unadjusted"
598,"500",-2.20335189214093,"Unadjusted"
599,"500",-2.16046694044838,"Unadjusted"
600,"500",-2.01014393688407,"Unadjusted"
601,"500",-1.81821672139981,"Unadjusted"
602,"500",-1.84681371838375,"Unadjusted"
603,"500",-2.12845584342596,"Unadjusted"
604,"500",-2.15881056512231,"Unadjusted"
605,"500",-1.94847801614387,"Unadjusted"
606,"500",-1.96850043949555,"Unadjusted"
607,"500",-2.17295045020138,"Unadjusted"
608,"500",-1.86655782603535,"Unadjusted"
609,"500",-1.9052816825992,"Unadjusted"
610,"500",-1.84858448759125,"Unadjusted"
611,"500",-2.13754292435264,"Unadjusted"
612,"500",-1.92007349858074,"Unadjusted"
613,"500",-1.91523576433798,"Unadjusted"
614,"500",-1.98546013709974,"Unadjusted"
615,"500",-2.09358394151688,"Unadjusted"
616,"500",-2.26371188033454,"Unadjusted"
617,"500",-2.14521194722237,"Unadjusted"
618,"500",-2.08384799002272,"Unadjusted"
619,"500",-1.84320361006266,"Unadjusted"
620,"500",-1.88207275682385,"Unadjusted"
621,"500",-2.12644266324838,"Unadjusted"
622,"500",-2.14274414624964,"Unadjusted"
623,"500",-1.77704536999248,"Unadjusted"
624,"500",-1.92200185462681,"Unadjusted"
625,"500",-1.84947163710414,"Unadjusted"
626,"500",-1.98198343595837,"Unadjusted"
627,"500",-2.02605055712502,"Unadjusted"
628,"500",-1.99010820891786,"Unadjusted"
629,"500",-2.13466196078222,"Unadjusted"
630,"500",-1.96853942601945,"Unadjusted"
631,"500",-2.04249866447269,"Unadjusted"
632,"500",-2.41855280456462,"Unadjusted"
633,"500",-1.81854108769201,"Unadjusted"
634,"500",-1.82804347576155,"Unadjusted"
635,"500",-2.07398854317112,"Unadjusted"
636,"500",-1.90964985159895,"Unadjusted"
637,"500",-1.9121895993036,"Unadjusted"
638,"500",-1.92074540686289,"Unadjusted"
639,"500",-2.24811479075851,"Unadjusted"
640,"500",-2.27595067457443,"Unadjusted"
641,"500",-2.01798290028531,"Unadjusted"
642,"500",-1.85618433739267,"Unadjusted"
643,"500",-2.74728760474642,"Unadjusted"
644,"500",-1.89640934197849,"Unadjusted"
645,"500",-1.75118616201234,"Unadjusted"
646,"500",-2.20642175134076,"Unadjusted"
647,"500",-1.95865914677462,"Unadjusted"
648,"500",-2.09654045686991,"Unadjusted"
649,"500",-1.95185941140391,"Unadjusted"
650,"500",-2.059164779223,"Unadjusted"
651,"500",-1.86209126406296,"Unadjusted"
652,"500",-2.05563689733098,"Unadjusted"
653,"500",-1.82778295288103,"Unadjusted"
654,"500",-1.75568800314249,"Unadjusted"
655,"500",-2.05858062202242,"Unadjusted"
656,"500",-2.03787941444111,"Unadjusted"
657,"500",-1.93791835333736,"Unadjusted"
658,"500",-2.01022146510008,"Unadjusted"
659,"500",-1.94355276420902,"Unadjusted"
660,"500",-1.80710247469474,"Unadjusted"
661,"500",-2.00143911313756,"Unadjusted"
662,"500",-1.94686235435063,"Unadjusted"
663,"500",-1.74723139554988,"Unadjusted"
664,"500",-1.98979757910896,"Unadjusted"
665,"500",-1.95160185179002,"Unadjusted"
666,"500",-2.14864502417604,"Unadjusted"
667,"500",-1.72988429521648,"Unadjusted"
668,"500",-1.81528229286412,"Unadjusted"
669,"500",-1.91239890615224,"Unadjusted"
670,"500",-1.98724098743526,"Unadjusted"
671,"500",-2.23902582735198,"Unadjusted"
672,"500",-2.09496505382225,"Unadjusted"
673,"500",-2.00634525585839,"Unadjusted"
674,"500",-2.1523937067636,"Unadjusted"
675,"500",-1.98279151817727,"Unadjusted"
676,"500",-1.90116791080024,"Unadjusted"
677,"500",-2.49075416673732,"Unadjusted"
678,"500",-1.84958391651883,"Unadjusted"
679,"500",-1.89331321579638,"Unadjusted"
680,"500",-2.1880012558414,"Unadjusted"
681,"500",-2.00960059372086,"Unadjusted"
682,"500",-1.75351375145729,"Unadjusted"
683,"500",-1.99498653036351,"Unadjusted"
684,"500",-1.7817084523427,"Unadjusted"
685,"500",-1.98070940550888,"Unadjusted"
686,"500",-2.07284017745384,"Unadjusted"
687,"500",-2.03631753336839,"Unadjusted"
688,"500",-1.89279067692133,"Unadjusted"
689,"500",-1.89830150734544,"Unadjusted"
690,"500",-1.91200082341883,"Unadjusted"
691,"500",-2.05024907414062,"Unadjusted"
692,"500",-2.20790954306218,"Unadjusted"
693,"500",-1.99185798632787,"Unadjusted"
694,"500",-2.10048531814747,"Unadjusted"
695,"500",-2.03902212729801,"Unadjusted"
696,"500",-1.88376229515712,"Unadjusted"
697,"500",-2.43352663339734,"Unadjusted"
698,"500",-2.07556261715903,"Unadjusted"
699,"500",-1.75914842545341,"Unadjusted"
700,"500",-2.01732611919312,"Unadjusted"
701,"500",-2.18523879248403,"Unadjusted"
702,"500",-1.91264377264758,"Unadjusted"
703,"500",-1.88132657042276,"Unadjusted"
704,"500",-1.78023376184229,"Unadjusted"
705,"500",-1.94749693535225,"Unadjusted"
706,"500",-2.06543440375077,"Unadjusted"
707,"500",-1.81239812940755,"Unadjusted"
708,"500",-2.36815180575649,"Unadjusted"
709,"500",-2.02769200435964,"Unadjusted"
710,"500",-2.05547972594871,"Unadjusted"
711,"500",-2.20408622740801,"Unadjusted"
712,"500",-2.08268336180393,"Unadjusted"
713,"500",-2.19550309487472,"Unadjusted"
714,"500",-1.94716990726036,"Unadjusted"
715,"500",-1.88626497081481,"Unadjusted"
716,"500",-2.25319212741747,"Unadjusted"
717,"500",-1.99724168395966,"Unadjusted"
718,"500",-2.02284787514723,"Unadjusted"
719,"500",-2.17160238820271,"Unadjusted"
720,"500",-2.19051835028417,"Unadjusted"
721,"500",-1.87216786311771,"Unadjusted"
722,"500",-1.99870196997944,"Unadjusted"
723,"500",-2.29610084010178,"Unadjusted"
724,"500",-1.96681640011766,"Unadjusted"
725,"500",-1.86474974732836,"Unadjusted"
726,"500",-2.06241530141062,"Unadjusted"
727,"500",-1.86921649680967,"Unadjusted"
728,"500",-2.26308534001362,"Unadjusted"
729,"500",-2.06028446667233,"Unadjusted"
730,"500",-1.74231258362702,"Unadjusted"
731,"500",-2.03641350041098,"Unadjusted"
732,"500",-2.0769231173012,"Unadjusted"
733,"500",-2.10198556312239,"Unadjusted"
734,"500",-2.47721321738194,"Unadjusted"
735,"500",-1.97435413101726,"Unadjusted"
736,"500",-2.28024428248229,"Unadjusted"
737,"500",-1.83001336651173,"Unadjusted"
738,"500",-1.9838561342449,"Unadjusted"
739,"500",-2.36154628004425,"Unadjusted"
740,"500",-2.03152364314265,"Unadjusted"
741,"500",-2.09223919711791,"Unadjusted"
742,"500",-1.71107095081412,"Unadjusted"
743,"500",-1.84864521390598,"Unadjusted"
744,"500",-1.9432307048533,"Unadjusted"
745,"500",-2.08507884739749,"Unadjusted"
746,"500",-1.85739631973448,"Unadjusted"
747,"500",-1.83596223727391,"Unadjusted"
748,"500",-2.03238187039503,"Unadjusted"
749,"500",-1.91763265052398,"Unadjusted"
750,"500",-1.8874525652361,"Unadjusted"
751,"500",-2.05123011926815,"Unadjusted"
752,"500",-2.09621080184308,"Unadjusted"
753,"500",-2.32297611505422,"Unadjusted"
754,"500",-1.92189849547932,"Unadjusted"
755,"500",-2.41932608315368,"Unadjusted"
756,"500",-1.78055841101982,"Unadjusted"
757,"500",-2.14912794100837,"Unadjusted"
758,"500",-2.39166953665107,"Unadjusted"
759,"500",-1.97064589231367,"Unadjusted"
760,"500",-2.32412742080487,"Unadjusted"
761,"500",-2.07896214211571,"Unadjusted"
762,"500",-1.94035528284546,"Unadjusted"
763,"500",-1.79447765168379,"Unadjusted"
764,"500",-2.12080537268103,"Unadjusted"
765,"500",-2.1436696074211,"Unadjusted"
766,"500",-2.14134193258084,"Unadjusted"
767,"500",-1.90013990962328,"Unadjusted"
768,"500",-1.93609875050422,"Unadjusted"
769,"500",-1.75483074793127,"Unadjusted"
770,"500",-1.88959070051528,"Unadjusted"
771,"500",-1.87756787657577,"Unadjusted"
772,"500",-2.07398911858618,"Unadjusted"
773,"500",-2.16737698986887,"Unadjusted"
774,"500",-2.3147049528419,"Unadjusted"
775,"500",-1.87239974485982,"Unadjusted"
776,"500",-2.06926211110647,"Unadjusted"
777,"500",-1.84188856723161,"Unadjusted"
778,"500",-2.0480929757108,"Unadjusted"
779,"500",-2.07712065260305,"Unadjusted"
780,"500",-2.2354694486124,"Unadjusted"
781,"500",-1.87542772953333,"Unadjusted"
782,"500",-2.13852518431179,"Unadjusted"
783,"500",-2.49860611462733,"Unadjusted"
784,"500",-2.16819263455384,"Unadjusted"
785,"500",-2.18232032766333,"Unadjusted"
786,"500",-2.05925469504497,"Unadjusted"
787,"500",-2.05722879194305,"Unadjusted"
788,"500",-1.67768602691129,"Unadjusted"
789,"500",-2.0260014527139,"Unadjusted"
790,"500",-1.97114132832125,"Unadjusted"
791,"500",-2.0097782705513,"Unadjusted"
792,"500",-1.96815084793718,"Unadjusted"
793,"500",-2.15125391853267,"Unadjusted"
794,"500",-1.90362892851617,"Unadjusted"
795,"500",-1.98680372432789,"Unadjusted"
796,"500",-2.1529533620494,"Unadjusted"
797,"500",-2.11330602985106,"Unadjusted"
798,"500",-2.28699257234514,"Unadjusted"
799,"500",-1.74335187965978,"Unadjusted"
800,"500",-1.7467989621138,"Unadjusted"
801,"500",-2.16131758776097,"Unadjusted"
802,"500",-2.14491074795837,"Unadjusted"
803,"500",-2.08611585784287,"Unadjusted"
804,"500",-2.13568096643279,"Unadjusted"
805,"500",-2.01046209570057,"Unadjusted"
806,"500",-1.92903235412447,"Unadjusted"
807,"500",-2.14728314318338,"Unadjusted"
808,"500",-2.12935084136227,"Unadjusted"
809,"500",-1.80337102150804,"Unadjusted"
810,"500",-2.02314753190885,"Unadjusted"
811,"500",-2.17386102848229,"Unadjusted"
812,"500",-1.8406759243162,"Unadjusted"
813,"500",-2.07212249968621,"Unadjusted"
814,"500",-2.33981242621387,"Unadjusted"
815,"500",-2.00157498488205,"Unadjusted"
816,"500",-2.08822191910997,"Unadjusted"
817,"500",-2.27347803850724,"Unadjusted"
818,"500",-2.0298770772266,"Unadjusted"
819,"500",-2.026421489318,"Unadjusted"
820,"500",-2.07483782975562,"Unadjusted"
821,"500",-2.03460982196213,"Unadjusted"
822,"500",-2.09505699389835,"Unadjusted"
823,"500",-2.02544505682495,"Unadjusted"
824,"500",-1.87780262378523,"Unadjusted"
825,"500",-1.97263930439115,"Unadjusted"
826,"500",-1.82293771031235,"Unadjusted"
827,"500",-1.88748424188602,"Unadjusted"
828,"500",-1.93469134985856,"Unadjusted"
829,"500",-1.77578483675914,"Unadjusted"
830,"500",-1.83447881134205,"Unadjusted"
831,"500",-2.00673410414499,"Unadjusted"
832,"500",-2.18060742444362,"Unadjusted"
833,"500",-1.8823806008401,"Unadjusted"
834,"500",-1.98164224920002,"Unadjusted"
835,"500",-2.04692818949266,"Unadjusted"
836,"500",-1.81617011104889,"Unadjusted"
837,"500",-2.06802151118963,"Unadjusted"
838,"500",-2.04376831048595,"Unadjusted"
839,"500",-2.15027182864088,"Unadjusted"
840,"500",-2.03526611545198,"Unadjusted"
841,"500",-2.29389228357599,"Unadjusted"
842,"500",-2.24106880682791,"Unadjusted"
843,"500",-1.93292467128432,"Unadjusted"
844,"500",-2.08264125889825,"Unadjusted"
845,"500",-1.84416905752396,"Unadjusted"
846,"500",-1.95417668922187,"Unadjusted"
847,"500",-2.39581383287761,"Unadjusted"
848,"500",-1.95540702173289,"Unadjusted"
849,"500",-1.9531432551414,"Unadjusted"
850,"500",-2.23362423891867,"Unadjusted"
851,"500",-1.94186388414799,"Unadjusted"
852,"500",-1.95896064263492,"Unadjusted"
853,"500",-1.82809627140964,"Unadjusted"
854,"500",-2.161433683492,"Unadjusted"
855,"500",-2.0464417745752,"Unadjusted"
856,"500",-2.26888477364097,"Unadjusted"
857,"500",-1.86177815777818,"Unadjusted"
858,"500",-1.89597559845826,"Unadjusted"
859,"500",-2.00981148184882,"Unadjusted"
860,"500",-1.87940599040703,"Unadjusted"
861,"500",-1.83797136329564,"Unadjusted"
862,"500",-2.34024458336791,"Unadjusted"
863,"500",-2.11860729271513,"Unadjusted"
864,"500",-1.9778558348665,"Unadjusted"
865,"500",-2.21778385685486,"Unadjusted"
866,"500",-1.68339185112224,"Unadjusted"
867,"500",-2.18157177397346,"Unadjusted"
868,"500",-1.85756624670186,"Unadjusted"
869,"500",-2.17574020782938,"Unadjusted"
870,"500",-1.96839701137888,"Unadjusted"
871,"500",-1.93508569216227,"Unadjusted"
872,"500",-2.17706873644569,"Unadjusted"
873,"500",-1.91842931599914,"Unadjusted"
874,"500",-2.09131868498479,"Unadjusted"
875,"500",-2.12646132066404,"Unadjusted"
876,"500",-2.07839533619258,"Unadjusted"
877,"500",-1.95353092340715,"Unadjusted"
878,"500",-2.08342298674463,"Unadjusted"
879,"500",-1.82128630839734,"Unadjusted"
880,"500",-2.21069530167759,"Unadjusted"
881,"500",-2.13963809074556,"Unadjusted"
882,"500",-1.98897223309605,"Unadjusted"
883,"500",-2.08267651092291,"Unadjusted"
884,"500",-1.96596202812612,"Unadjusted"
885,"500",-2.06838182354447,"Unadjusted"
886,"500",-1.85614711085681,"Unadjusted"
887,"500",-1.92342440566801,"Unadjusted"
888,"500",-2.08714987659903,"Unadjusted"
889,"500",-2.18812440277392,"Unadjusted"
890,"500",-2.29521632842593,"Unadjusted"
891,"500",-1.85936101048564,"Unadjusted"
892,"500",-1.90353788593948,"Unadjusted"
893,"500",-1.88270989889509,"Unadjusted"
894,"500",-1.91740810977131,"Unadjusted"
895,"500",-1.93436302757988,"Unadjusted"
896,"500",-1.9044134082456,"Unadjusted"
897,"500",-2.06401489083186,"Unadjusted"
898,"500",-1.98215671360651,"Unadjusted"
899,"500",-1.85662879260274,"Unadjusted"
900,"500",-2.43867809867507,"Unadjusted"
901,"500",-1.84528022917238,"Unadjusted"
902,"500",-1.8227380003833,"Unadjusted"
903,"500",-2.28329809725589,"Unadjusted"
904,"500",-2.1144252202527,"Unadjusted"
905,"500",-2.68629820106297,"Unadjusted"
906,"500",-1.90008190460757,"Unadjusted"
907,"500",-2.17159779299862,"Unadjusted"
908,"500",-1.92684960442041,"Unadjusted"
909,"500",-2.16834911944673,"Unadjusted"
910,"500",-2.05177692158336,"Unadjusted"
911,"500",-1.97918361236443,"Unadjusted"
912,"500",-2.09194661779224,"Unadjusted"
913,"500",-2.05023686128982,"Unadjusted"
914,"500",-1.93009330187221,"Unadjusted"
915,"500",-2.42337662345559,"Unadjusted"
916,"500",-1.8643671341504,"Unadjusted"
917,"500",-2.09579958129652,"Unadjusted"
918,"500",-2.02568561250075,"Unadjusted"
919,"500",-2.27692307692386,"Unadjusted"
920,"500",-2.01456476093061,"Unadjusted"
921,"500",-2.2975099494931,"Unadjusted"
922,"500",-1.93931408247166,"Unadjusted"
923,"500",-2.07013490359815,"Unadjusted"
924,"500",-1.81467515218455,"Unadjusted"
925,"500",-1.85774821359927,"Unadjusted"
926,"500",-2.30144178690656,"Unadjusted"
927,"500",-2.09507357323939,"Unadjusted"
928,"500",-1.97229359681549,"Unadjusted"
929,"500",-1.81095529505881,"Unadjusted"
930,"500",-2.40008049753386,"Unadjusted"
931,"500",-1.99297603621478,"Unadjusted"
932,"500",-1.95771799096705,"Unadjusted"
933,"500",-2.0058697370208,"Unadjusted"
934,"500",-1.70254716276873,"Unadjusted"
935,"500",-2.09775246263576,"Unadjusted"
936,"500",-1.84031167671381,"Unadjusted"
937,"500",-2.07062020629744,"Unadjusted"
938,"500",-2.11604125699542,"Unadjusted"
939,"500",-2.3095391790488,"Unadjusted"
940,"500",-2.29594974211269,"Unadjusted"
941,"500",-2.16313451499188,"Unadjusted"
942,"500",-2.03034078554912,"Unadjusted"
943,"500",-2.07805455733664,"Unadjusted"
944,"500",-2.47442396046103,"Unadjusted"
945,"500",-2.13537711835675,"Unadjusted"
946,"500",-1.98995643263377,"Unadjusted"
947,"500",-2.17143363735339,"Unadjusted"
948,"500",-1.7247087163927,"Unadjusted"
949,"500",-2.70382709135306,"Unadjusted"
950,"500",-1.91670326362073,"Unadjusted"
951,"500",-2.0578310394401,"Unadjusted"
952,"500",-1.92516133690833,"Unadjusted"
953,"500",-2.22364339893522,"Unadjusted"
954,"500",-2.35254893751695,"Unadjusted"
955,"500",-2.04933034242293,"Unadjusted"
956,"500",-2.00487540778665,"Unadjusted"
957,"500",-2.14991230155689,"Unadjusted"
958,"500",-1.9154381085844,"Unadjusted"
959,"500",-1.96102619390544,"Unadjusted"
960,"500",-1.9511904774044,"Unadjusted"
961,"500",-1.8840580599281,"Unadjusted"
962,"500",-1.8392751885377,"Unadjusted"
963,"500",-1.81371065514145,"Unadjusted"
964,"500",-1.87371393962977,"Unadjusted"
965,"500",-1.92424196882939,"Unadjusted"
966,"500",-2.16156811108145,"Unadjusted"
967,"500",-2.00951749062148,"Unadjusted"
968,"500",-2.4042591862301,"Unadjusted"
969,"500",-2.22471080992885,"Unadjusted"
970,"500",-1.98728696369052,"Unadjusted"
971,"500",-1.74045214619172,"Unadjusted"
972,"500",-2.11180997458463,"Unadjusted"
973,"500",-2.05462579606688,"Unadjusted"
974,"500",-1.8209877376425,"Unadjusted"
975,"500",-2.01784521453357,"Unadjusted"
976,"500",-1.86134332267989,"Unadjusted"
977,"500",-2.07525817930592,"Unadjusted"
978,"500",-2.30488160728377,"Unadjusted"
979,"500",-2.13910521447987,"Unadjusted"
980,"500",-1.99656917815799,"Unadjusted"
981,"500",-2.01822404228621,"Unadjusted"
982,"500",-1.96372990312348,"Unadjusted"
983,"500",-2.05987594142691,"Unadjusted"
984,"500",-2.08192440852076,"Unadjusted"
985,"500",-1.92837993577962,"Unadjusted"
986,"500",-2.40796389904482,"Unadjusted"
987,"500",-1.95908125912717,"Unadjusted"
988,"500",-2.22282057367611,"Unadjusted"
989,"500",-2.152043663675,"Unadjusted"
990,"500",-2.19351258604621,"Unadjusted"
991,"500",-1.96000459572724,"Unadjusted"
992,"500",-1.89868798211889,"Unadjusted"
993,"500",-2.24471277306011,"Unadjusted"
994,"500",-2.38082161784238,"Unadjusted"
995,"500",-1.98281848346606,"Unadjusted"
996,"500",-1.85152908270685,"Unadjusted"
997,"500",-2.11267096527637,"Unadjusted"
998,"500",-2.1495632425101,"Unadjusted"
999,"500",-2.01037916439219,"Unadjusted"
1000,"500",-2.09215806493249,"Unadjusted"
1,"1000",-1.92709662176997,"Unadjusted"
2,"1000",-1.96957239100816,"Unadjusted"
3,"1000",-1.84764696277425,"Unadjusted"
4,"1000",-2.10050709047199,"Unadjusted"
5,"1000",-1.91019523267412,"Unadjusted"
6,"1000",-1.91248723150275,"Unadjusted"
7,"1000",-2.08084464083146,"Unadjusted"
8,"1000",-1.93824985213895,"Unadjusted"
9,"1000",-2.08480500316905,"Unadjusted"
10,"1000",-1.86073316151379,"Unadjusted"
11,"1000",-2.13618967469405,"Unadjusted"
12,"1000",-2.07215171144893,"Unadjusted"
13,"1000",-2.18077700094447,"Unadjusted"
14,"1000",-1.92509066198625,"Unadjusted"
15,"1000",-2.08447795334311,"Unadjusted"
16,"1000",-1.98888777153636,"Unadjusted"
17,"1000",-2.1019745657508,"Unadjusted"
18,"1000",-2.02403359130296,"Unadjusted"
19,"1000",-2.10032512665986,"Unadjusted"
20,"1000",-1.82871241536801,"Unadjusted"
21,"1000",-2.1595316080024,"Unadjusted"
22,"1000",-1.8944556463138,"Unadjusted"
23,"1000",-2.13794530682193,"Unadjusted"
24,"1000",-2.14628132146637,"Unadjusted"
25,"1000",-1.95361615436722,"Unadjusted"
26,"1000",-1.90698751159451,"Unadjusted"
27,"1000",-2.05747984076952,"Unadjusted"
28,"1000",-2.00975619845434,"Unadjusted"
29,"1000",-2.01030377254111,"Unadjusted"
30,"1000",-1.97632354726096,"Unadjusted"
31,"1000",-2.10000261379701,"Unadjusted"
32,"1000",-1.89984159377767,"Unadjusted"
33,"1000",-2.06415379865108,"Unadjusted"
34,"1000",-2.0356987578009,"Unadjusted"
35,"1000",-1.77800789703567,"Unadjusted"
36,"1000",-1.96456458829505,"Unadjusted"
37,"1000",-1.86662694229236,"Unadjusted"
38,"1000",-1.93553820749537,"Unadjusted"
39,"1000",-2.24706146043893,"Unadjusted"
40,"1000",-1.94143217644398,"Unadjusted"
41,"1000",-1.8920937189719,"Unadjusted"
42,"1000",-1.92524584666421,"Unadjusted"
43,"1000",-2.00789096127903,"Unadjusted"
44,"1000",-1.89984916135907,"Unadjusted"
45,"1000",-1.91501180881852,"Unadjusted"
46,"1000",-1.99739143998513,"Unadjusted"
47,"1000",-2.09369164570053,"Unadjusted"
48,"1000",-2.0935710795712,"Unadjusted"
49,"1000",-2.04960551851137,"Unadjusted"
50,"1000",-1.99482343173715,"Unadjusted"
51,"1000",-1.8223762997567,"Unadjusted"
52,"1000",-2.07102286962765,"Unadjusted"
53,"1000",-1.99619448894209,"Unadjusted"
54,"1000",-1.86535292269547,"Unadjusted"
55,"1000",-2.02657330009915,"Unadjusted"
56,"1000",-2.0549113852681,"Unadjusted"
57,"1000",-1.98845282063477,"Unadjusted"
58,"1000",-2.09113370458273,"Unadjusted"
59,"1000",-1.87273169917912,"Unadjusted"
60,"1000",-1.94102931136697,"Unadjusted"
61,"1000",-2.00216097506269,"Unadjusted"
62,"1000",-1.98429460688037,"Unadjusted"
63,"1000",-2.05920065578337,"Unadjusted"
64,"1000",-2.08449512587694,"Unadjusted"
65,"1000",-1.88252865224893,"Unadjusted"
66,"1000",-1.9694145611416,"Unadjusted"
67,"1000",-1.94822343129781,"Unadjusted"
68,"1000",-1.96748366535964,"Unadjusted"
69,"1000",-1.88607200401837,"Unadjusted"
70,"1000",-1.92690868680316,"Unadjusted"
71,"1000",-2.27289197679944,"Unadjusted"
72,"1000",-1.84297706880007,"Unadjusted"
73,"1000",-1.99162386838009,"Unadjusted"
74,"1000",-1.89605367772215,"Unadjusted"
75,"1000",-1.94262030912861,"Unadjusted"
76,"1000",-2.12994712695381,"Unadjusted"
77,"1000",-1.97472182908966,"Unadjusted"
78,"1000",-2.08650319180048,"Unadjusted"
79,"1000",-2.04640496174487,"Unadjusted"
80,"1000",-2.06352343368807,"Unadjusted"
81,"1000",-1.96678016834798,"Unadjusted"
82,"1000",-2.16646549235063,"Unadjusted"
83,"1000",-2.04393147412945,"Unadjusted"
84,"1000",-2.21082428107719,"Unadjusted"
85,"1000",-2.20764462829045,"Unadjusted"
86,"1000",-1.95612805927328,"Unadjusted"
87,"1000",-2.01422883969266,"Unadjusted"
88,"1000",-2.39622007082111,"Unadjusted"
89,"1000",-2.13508041045407,"Unadjusted"
90,"1000",-2.01487877766375,"Unadjusted"
91,"1000",-1.81473322109712,"Unadjusted"
92,"1000",-2.1447381014262,"Unadjusted"
93,"1000",-2.03108949084724,"Unadjusted"
94,"1000",-2.18496343011838,"Unadjusted"
95,"1000",-2.05959176953233,"Unadjusted"
96,"1000",-1.95838459086986,"Unadjusted"
97,"1000",-2.05796161138122,"Unadjusted"
98,"1000",-2.00446801303411,"Unadjusted"
99,"1000",-1.97049791338276,"Unadjusted"
100,"1000",-2.04996772397406,"Unadjusted"
101,"1000",-1.9521485999739,"Unadjusted"
102,"1000",-2.07803848340707,"Unadjusted"
103,"1000",-2.15713449362208,"Unadjusted"
104,"1000",-2.29207879375554,"Unadjusted"
105,"1000",-1.9883169515349,"Unadjusted"
106,"1000",-2.03058745993661,"Unadjusted"
107,"1000",-2.04511588583918,"Unadjusted"
108,"1000",-1.94241355684847,"Unadjusted"
109,"1000",-1.91771664444527,"Unadjusted"
110,"1000",-2.05198763170516,"Unadjusted"
111,"1000",-2.00621986600677,"Unadjusted"
112,"1000",-2.03207906649146,"Unadjusted"
113,"1000",-1.98716873407424,"Unadjusted"
114,"1000",-1.90490743742741,"Unadjusted"
115,"1000",-2.0660563387523,"Unadjusted"
116,"1000",-2.12500011472915,"Unadjusted"
117,"1000",-1.96630560161746,"Unadjusted"
118,"1000",-1.9168290936479,"Unadjusted"
119,"1000",-1.95122400687719,"Unadjusted"
120,"1000",-2.03140874472801,"Unadjusted"
121,"1000",-2.3008660490409,"Unadjusted"
122,"1000",-1.97897736090488,"Unadjusted"
123,"1000",-1.88813447401019,"Unadjusted"
124,"1000",-1.87316333415939,"Unadjusted"
125,"1000",-1.94930020066843,"Unadjusted"
126,"1000",-2.34504404653763,"Unadjusted"
127,"1000",-1.85821246512508,"Unadjusted"
128,"1000",-1.98448905110436,"Unadjusted"
129,"1000",-2.11552335299085,"Unadjusted"
130,"1000",-2.1313459836919,"Unadjusted"
131,"1000",-2.00643800307754,"Unadjusted"
132,"1000",-2.01110318332188,"Unadjusted"
133,"1000",-1.9032357891548,"Unadjusted"
134,"1000",-1.93700472974832,"Unadjusted"
135,"1000",-1.77958172888738,"Unadjusted"
136,"1000",-2.06786757259597,"Unadjusted"
137,"1000",-2.13133628890278,"Unadjusted"
138,"1000",-1.97830476076755,"Unadjusted"
139,"1000",-2.09160034185988,"Unadjusted"
140,"1000",-2.22130650424732,"Unadjusted"
141,"1000",-1.77965694025267,"Unadjusted"
142,"1000",-1.90281706335766,"Unadjusted"
143,"1000",-1.96296296297471,"Unadjusted"
144,"1000",-2.01634847513715,"Unadjusted"
145,"1000",-2.08036577674661,"Unadjusted"
146,"1000",-1.94037143992768,"Unadjusted"
147,"1000",-2.05487304115372,"Unadjusted"
148,"1000",-1.97452724442731,"Unadjusted"
149,"1000",-2.21127455184938,"Unadjusted"
150,"1000",-2.02264923332004,"Unadjusted"
151,"1000",-2.04858919708304,"Unadjusted"
152,"1000",-2.016381331642,"Unadjusted"
153,"1000",-1.86376120988567,"Unadjusted"
154,"1000",-2.00030612957576,"Unadjusted"
155,"1000",-1.89315452953235,"Unadjusted"
156,"1000",-1.98443232400523,"Unadjusted"
157,"1000",-2.13057817177003,"Unadjusted"
158,"1000",-1.86433116627291,"Unadjusted"
159,"1000",-1.9429028000098,"Unadjusted"
160,"1000",-2.26070107926328,"Unadjusted"
161,"1000",-1.7750785291131,"Unadjusted"
162,"1000",-2.02095830741184,"Unadjusted"
163,"1000",-1.85634720832768,"Unadjusted"
164,"1000",-1.9850465585931,"Unadjusted"
165,"1000",-1.97806985200877,"Unadjusted"
166,"1000",-1.84526845967158,"Unadjusted"
167,"1000",-1.88192295768958,"Unadjusted"
168,"1000",-1.81829939261708,"Unadjusted"
169,"1000",-1.95558927225795,"Unadjusted"
170,"1000",-2.14475454561673,"Unadjusted"
171,"1000",-2.10191336458981,"Unadjusted"
172,"1000",-1.90965741392236,"Unadjusted"
173,"1000",-1.94468932387217,"Unadjusted"
174,"1000",-1.98440727906134,"Unadjusted"
175,"1000",-2.0989246111674,"Unadjusted"
176,"1000",-2.09692898911123,"Unadjusted"
177,"1000",-2.0540555120758,"Unadjusted"
178,"1000",-2.14279028165492,"Unadjusted"
179,"1000",-1.87232993002985,"Unadjusted"
180,"1000",-2.06685330134116,"Unadjusted"
181,"1000",-2.00636917882274,"Unadjusted"
182,"1000",-2.06870185690229,"Unadjusted"
183,"1000",-1.87658527265787,"Unadjusted"
184,"1000",-2.23549491682022,"Unadjusted"
185,"1000",-2.16036196643393,"Unadjusted"
186,"1000",-2.17938420348121,"Unadjusted"
187,"1000",-1.89624026021096,"Unadjusted"
188,"1000",-2.11197365242914,"Unadjusted"
189,"1000",-1.90330603486791,"Unadjusted"
190,"1000",-1.97055204035996,"Unadjusted"
191,"1000",-1.90824423493393,"Unadjusted"
192,"1000",-1.87756961056558,"Unadjusted"
193,"1000",-1.94590006178939,"Unadjusted"
194,"1000",-2.10971303744157,"Unadjusted"
195,"1000",-1.92784055895083,"Unadjusted"
196,"1000",-2.01700440540133,"Unadjusted"
197,"1000",-1.93624254878463,"Unadjusted"
198,"1000",-2.07146349725812,"Unadjusted"
199,"1000",-1.94883836379422,"Unadjusted"
200,"1000",-2.1750140466345,"Unadjusted"
201,"1000",-2.34856092446864,"Unadjusted"
202,"1000",-1.87842713846942,"Unadjusted"
203,"1000",-2.02054415509274,"Unadjusted"
204,"1000",-2.05402897568592,"Unadjusted"
205,"1000",-1.85478033711081,"Unadjusted"
206,"1000",-2.06181770232908,"Unadjusted"
207,"1000",-1.91688041405091,"Unadjusted"
208,"1000",-1.78173464273924,"Unadjusted"
209,"1000",-2.06587291948262,"Unadjusted"
210,"1000",-2.00722684247078,"Unadjusted"
211,"1000",-2.05615793564629,"Unadjusted"
212,"1000",-1.9460370061996,"Unadjusted"
213,"1000",-2.26079182121446,"Unadjusted"
214,"1000",-2.20050071979952,"Unadjusted"
215,"1000",-1.96389146653931,"Unadjusted"
216,"1000",-1.95721214491223,"Unadjusted"
217,"1000",-1.98205536929477,"Unadjusted"
218,"1000",-1.96513475296457,"Unadjusted"
219,"1000",-1.95695878217084,"Unadjusted"
220,"1000",-1.92404387721841,"Unadjusted"
221,"1000",-2.12934693574669,"Unadjusted"
222,"1000",-1.94462865419445,"Unadjusted"
223,"1000",-1.91487092769972,"Unadjusted"
224,"1000",-2.25932517376125,"Unadjusted"
225,"1000",-1.95161168371893,"Unadjusted"
226,"1000",-2.08999992235556,"Unadjusted"
227,"1000",-2.35773885610151,"Unadjusted"
228,"1000",-2.18061996134257,"Unadjusted"
229,"1000",-2.13436066047591,"Unadjusted"
230,"1000",-1.92128810813012,"Unadjusted"
231,"1000",-1.91166457954411,"Unadjusted"
232,"1000",-1.94845381162256,"Unadjusted"
233,"1000",-2.05221576275335,"Unadjusted"
234,"1000",-1.98774735231346,"Unadjusted"
235,"1000",-2.01639402680943,"Unadjusted"
236,"1000",-1.88198066642979,"Unadjusted"
237,"1000",-2.10072797802383,"Unadjusted"
238,"1000",-2.14691770436922,"Unadjusted"
239,"1000",-2.00701672481873,"Unadjusted"
240,"1000",-1.92762755576911,"Unadjusted"
241,"1000",-2.13900919628981,"Unadjusted"
242,"1000",-1.93346719699856,"Unadjusted"
243,"1000",-1.96361949421537,"Unadjusted"
244,"1000",-2.01482963213269,"Unadjusted"
245,"1000",-2.15377348905369,"Unadjusted"
246,"1000",-1.98170661388055,"Unadjusted"
247,"1000",-1.92089859656418,"Unadjusted"
248,"1000",-1.95739327949695,"Unadjusted"
249,"1000",-1.7465122524683,"Unadjusted"
250,"1000",-2.00420722570589,"Unadjusted"
251,"1000",-2.34752150500129,"Unadjusted"
252,"1000",-2.07338224979421,"Unadjusted"
253,"1000",-2.2649483388244,"Unadjusted"
254,"1000",-1.95156616177785,"Unadjusted"
255,"1000",-2.08790793325246,"Unadjusted"
256,"1000",-1.93989071232274,"Unadjusted"
257,"1000",-2.37814970575177,"Unadjusted"
258,"1000",-1.86738694411046,"Unadjusted"
259,"1000",-1.97785293966483,"Unadjusted"
260,"1000",-2.19543485616109,"Unadjusted"
261,"1000",-2.00928389498754,"Unadjusted"
262,"1000",-1.95058502929823,"Unadjusted"
263,"1000",-1.85253966660878,"Unadjusted"
264,"1000",-2.05630912762466,"Unadjusted"
265,"1000",-1.86318554811976,"Unadjusted"
266,"1000",-2.09371041234268,"Unadjusted"
267,"1000",-2.13424073469755,"Unadjusted"
268,"1000",-1.93415954324376,"Unadjusted"
269,"1000",-1.92382068334797,"Unadjusted"
270,"1000",-1.91853917217885,"Unadjusted"
271,"1000",-2.14493657179058,"Unadjusted"
272,"1000",-1.90482579469241,"Unadjusted"
273,"1000",-1.99835462619779,"Unadjusted"
274,"1000",-2.2147424601966,"Unadjusted"
275,"1000",-2.10170111620523,"Unadjusted"
276,"1000",-2.00556261470953,"Unadjusted"
277,"1000",-1.85706123821636,"Unadjusted"
278,"1000",-1.96922090865911,"Unadjusted"
279,"1000",-1.97425592020029,"Unadjusted"
280,"1000",-1.97721372542704,"Unadjusted"
281,"1000",-2.16451981676621,"Unadjusted"
282,"1000",-2.03996364783094,"Unadjusted"
283,"1000",-2.03350348091339,"Unadjusted"
284,"1000",-1.87864439992985,"Unadjusted"
285,"1000",-1.83713152893784,"Unadjusted"
286,"1000",-1.77282571857633,"Unadjusted"
287,"1000",-2.15128302377071,"Unadjusted"
288,"1000",-1.85348251514029,"Unadjusted"
289,"1000",-2.04491158959677,"Unadjusted"
290,"1000",-2.03646769823852,"Unadjusted"
291,"1000",-2.08771187928628,"Unadjusted"
292,"1000",-1.85941899083655,"Unadjusted"
293,"1000",-1.97501172889276,"Unadjusted"
294,"1000",-2.00111527874046,"Unadjusted"
295,"1000",-1.926137070344,"Unadjusted"
296,"1000",-1.73430438884122,"Unadjusted"
297,"1000",-2.2141998422698,"Unadjusted"
298,"1000",-1.93319749838032,"Unadjusted"
299,"1000",-2.41998438309896,"Unadjusted"
300,"1000",-2.08756273260549,"Unadjusted"
301,"1000",-1.84485530548036,"Unadjusted"
302,"1000",-1.9495742031173,"Unadjusted"
303,"1000",-1.92421598965709,"Unadjusted"
304,"1000",-2.06524134337532,"Unadjusted"
305,"1000",-2.09234084886501,"Unadjusted"
306,"1000",-2.04256947378268,"Unadjusted"
307,"1000",-2.0957401716828,"Unadjusted"
308,"1000",-2.12952002219941,"Unadjusted"
309,"1000",-2.13131720771452,"Unadjusted"
310,"1000",-1.91053580579738,"Unadjusted"
311,"1000",-1.91176507332282,"Unadjusted"
312,"1000",-1.92093309445132,"Unadjusted"
313,"1000",-1.98706722879689,"Unadjusted"
314,"1000",-1.87442214690328,"Unadjusted"
315,"1000",-2.28383367159671,"Unadjusted"
316,"1000",-1.90772403978572,"Unadjusted"
317,"1000",-2.06532161689149,"Unadjusted"
318,"1000",-1.95819945518249,"Unadjusted"
319,"1000",-1.95093898556428,"Unadjusted"
320,"1000",-2.07751859576441,"Unadjusted"
321,"1000",-2.34412472029342,"Unadjusted"
322,"1000",-1.82970285645453,"Unadjusted"
323,"1000",-2.15849886863224,"Unadjusted"
324,"1000",-2.03256801507667,"Unadjusted"
325,"1000",-1.93297306676518,"Unadjusted"
326,"1000",-2.03267607959122,"Unadjusted"
327,"1000",-2.00549606746958,"Unadjusted"
328,"1000",-2.13757973058619,"Unadjusted"
329,"1000",-1.99231929441485,"Unadjusted"
330,"1000",-1.93605838031543,"Unadjusted"
331,"1000",-2.02322112575164,"Unadjusted"
332,"1000",-2.03428581867749,"Unadjusted"
333,"1000",-2.0538072067931,"Unadjusted"
334,"1000",-2.00951388868376,"Unadjusted"
335,"1000",-2.06691610800404,"Unadjusted"
336,"1000",-2.06585109609728,"Unadjusted"
337,"1000",-1.90783633614421,"Unadjusted"
338,"1000",-2.11587059033619,"Unadjusted"
339,"1000",-2.07135831310287,"Unadjusted"
340,"1000",-1.97196568008757,"Unadjusted"
341,"1000",-1.98365746795045,"Unadjusted"
342,"1000",-1.93578265857731,"Unadjusted"
343,"1000",-1.97011700398953,"Unadjusted"
344,"1000",-1.90787401548591,"Unadjusted"
345,"1000",-1.84430503676826,"Unadjusted"
346,"1000",-1.9919045057709,"Unadjusted"
347,"1000",-2.04387506255593,"Unadjusted"
348,"1000",-2.0143969682291,"Unadjusted"
349,"1000",-2.0212862161764,"Unadjusted"
350,"1000",-2.00134478568997,"Unadjusted"
351,"1000",-2.41173276373827,"Unadjusted"
352,"1000",-2.11017243264331,"Unadjusted"
353,"1000",-1.88765722943767,"Unadjusted"
354,"1000",-1.87495574795457,"Unadjusted"
355,"1000",-1.93794454265071,"Unadjusted"
356,"1000",-2.10754295025931,"Unadjusted"
357,"1000",-2.00929859736825,"Unadjusted"
358,"1000",-1.86186219573102,"Unadjusted"
359,"1000",-2.09205347939758,"Unadjusted"
360,"1000",-2.00227134156389,"Unadjusted"
361,"1000",-1.85788496803595,"Unadjusted"
362,"1000",-1.97672985018681,"Unadjusted"
363,"1000",-2.02965617130347,"Unadjusted"
364,"1000",-2.09343655143871,"Unadjusted"
365,"1000",-2.40284878268321,"Unadjusted"
366,"1000",-2.16490670868497,"Unadjusted"
367,"1000",-1.98700849447832,"Unadjusted"
368,"1000",-2.07323197161777,"Unadjusted"
369,"1000",-2.07412342327254,"Unadjusted"
370,"1000",-1.8602183617604,"Unadjusted"
371,"1000",-2.08589919576539,"Unadjusted"
372,"1000",-1.98775407031171,"Unadjusted"
373,"1000",-2.01088140668979,"Unadjusted"
374,"1000",-1.96379920432336,"Unadjusted"
375,"1000",-1.87288839681413,"Unadjusted"
376,"1000",-2.05591015616101,"Unadjusted"
377,"1000",-2.26204323875668,"Unadjusted"
378,"1000",-2.02968239182856,"Unadjusted"
379,"1000",-1.86785518359018,"Unadjusted"
380,"1000",-2.14837265630312,"Unadjusted"
381,"1000",-2.05170610453135,"Unadjusted"
382,"1000",-2.04061025455931,"Unadjusted"
383,"1000",-2.16939109482734,"Unadjusted"
384,"1000",-2.29786203046024,"Unadjusted"
385,"1000",-1.88536199751467,"Unadjusted"
386,"1000",-1.94151635502734,"Unadjusted"
387,"1000",-2.05999938963721,"Unadjusted"
388,"1000",-1.93106863711062,"Unadjusted"
389,"1000",-2.02673676364987,"Unadjusted"
390,"1000",-2.0546713892206,"Unadjusted"
391,"1000",-1.87628762786512,"Unadjusted"
392,"1000",-2.0653874765563,"Unadjusted"
393,"1000",-1.92110407869594,"Unadjusted"
394,"1000",-1.97225271149713,"Unadjusted"
395,"1000",-1.95821020949333,"Unadjusted"
396,"1000",-2.11789511058127,"Unadjusted"
397,"1000",-2.12042650576814,"Unadjusted"
398,"1000",-2.10335895158089,"Unadjusted"
399,"1000",-2.14890787962765,"Unadjusted"
400,"1000",-2.08172388420137,"Unadjusted"
401,"1000",-1.97351752158158,"Unadjusted"
402,"1000",-2.03729993378593,"Unadjusted"
403,"1000",-1.95897229001708,"Unadjusted"
404,"1000",-2.07686981937021,"Unadjusted"
405,"1000",-2.1108836096131,"Unadjusted"
406,"1000",-2.24298251636806,"Unadjusted"
407,"1000",-2.01323229537494,"Unadjusted"
408,"1000",-1.89167096158694,"Unadjusted"
409,"1000",-1.96549377017516,"Unadjusted"
410,"1000",-1.9198023613294,"Unadjusted"
411,"1000",-1.87096810767892,"Unadjusted"
412,"1000",-1.93899138071158,"Unadjusted"
413,"1000",-1.9792873373002,"Unadjusted"
414,"1000",-2.30007832522913,"Unadjusted"
415,"1000",-2.09018975106248,"Unadjusted"
416,"1000",-1.93380326370732,"Unadjusted"
417,"1000",-1.98070193257525,"Unadjusted"
418,"1000",-2.01316816855471,"Unadjusted"
419,"1000",-2.16918890879673,"Unadjusted"
420,"1000",-2.19925775431287,"Unadjusted"
421,"1000",-1.89442491602805,"Unadjusted"
422,"1000",-2.09531818459515,"Unadjusted"
423,"1000",-1.92828266474141,"Unadjusted"
424,"1000",-2.0708640861216,"Unadjusted"
425,"1000",-2.05604217121897,"Unadjusted"
426,"1000",-1.98206274827463,"Unadjusted"
427,"1000",-1.95562059281176,"Unadjusted"
428,"1000",-1.9148497602952,"Unadjusted"
429,"1000",-2.03549607304047,"Unadjusted"
430,"1000",-2.0621149548502,"Unadjusted"
431,"1000",-2.01919453478849,"Unadjusted"
432,"1000",-2.10171546823118,"Unadjusted"
433,"1000",-1.87959827842277,"Unadjusted"
434,"1000",-1.80653643541085,"Unadjusted"
435,"1000",-1.94963758161859,"Unadjusted"
436,"1000",-2.00553604552066,"Unadjusted"
437,"1000",-2.1071959457598,"Unadjusted"
438,"1000",-2.04395117267265,"Unadjusted"
439,"1000",-1.85761492318872,"Unadjusted"
440,"1000",-1.9992570579562,"Unadjusted"
441,"1000",-2.16740010641475,"Unadjusted"
442,"1000",-2.0781019768045,"Unadjusted"
443,"1000",-1.93394506406781,"Unadjusted"
444,"1000",-1.94958118840907,"Unadjusted"
445,"1000",-2.05860858359379,"Unadjusted"
446,"1000",-1.90771753104147,"Unadjusted"
447,"1000",-2.13137887332263,"Unadjusted"
448,"1000",-2.06110023486623,"Unadjusted"
449,"1000",-1.81115830857757,"Unadjusted"
450,"1000",-2.01148430109018,"Unadjusted"
451,"1000",-1.87452767861537,"Unadjusted"
452,"1000",-2.07507650859925,"Unadjusted"
453,"1000",-2.06828642820551,"Unadjusted"
454,"1000",-1.90529257219274,"Unadjusted"
455,"1000",-2.04006261349178,"Unadjusted"
456,"1000",-2.0046121180851,"Unadjusted"
457,"1000",-1.93462339095848,"Unadjusted"
458,"1000",-2.1351826814701,"Unadjusted"
459,"1000",-2.10299334764957,"Unadjusted"
460,"1000",-1.91578498338209,"Unadjusted"
461,"1000",-2.05804019870947,"Unadjusted"
462,"1000",-2.02263046383412,"Unadjusted"
463,"1000",-2.1514859739785,"Unadjusted"
464,"1000",-2.15262881423192,"Unadjusted"
465,"1000",-1.92644870848584,"Unadjusted"
466,"1000",-1.92532827510743,"Unadjusted"
467,"1000",-2.1836562680358,"Unadjusted"
468,"1000",-1.92162047029671,"Unadjusted"
469,"1000",-2.03169355995302,"Unadjusted"
470,"1000",-1.82407201414281,"Unadjusted"
471,"1000",-1.9126887918916,"Unadjusted"
472,"1000",-2.12384205159115,"Unadjusted"
473,"1000",-1.94313259761851,"Unadjusted"
474,"1000",-2.19985037388565,"Unadjusted"
475,"1000",-2.1395185462586,"Unadjusted"
476,"1000",-1.91649403843674,"Unadjusted"
477,"1000",-2.02392576895539,"Unadjusted"
478,"1000",-1.95530327977437,"Unadjusted"
479,"1000",-1.96049493087997,"Unadjusted"
480,"1000",-2.12364558771277,"Unadjusted"
481,"1000",-1.80814842878118,"Unadjusted"
482,"1000",-2.01409644789651,"Unadjusted"
483,"1000",-2.02729607261551,"Unadjusted"
484,"1000",-2.02708128470523,"Unadjusted"
485,"1000",-1.97061705190813,"Unadjusted"
486,"1000",-1.92385666555436,"Unadjusted"
487,"1000",-1.95657579359086,"Unadjusted"
488,"1000",-1.91665458822376,"Unadjusted"
489,"1000",-1.90615480982296,"Unadjusted"
490,"1000",-1.92192068061522,"Unadjusted"
491,"1000",-1.87154923052304,"Unadjusted"
492,"1000",-1.88888427935241,"Unadjusted"
493,"1000",-1.92474322281999,"Unadjusted"
494,"1000",-1.97109199563829,"Unadjusted"
495,"1000",-1.91417216676761,"Unadjusted"
496,"1000",-1.97570223989335,"Unadjusted"
497,"1000",-2.07216476885575,"Unadjusted"
498,"1000",-1.94968852701293,"Unadjusted"
499,"1000",-1.99906787070271,"Unadjusted"
500,"1000",-2.19525804263613,"Unadjusted"
501,"1000",-2.24483842746104,"Unadjusted"
502,"1000",-2.0788665205507,"Unadjusted"
503,"1000",-2.13219608433322,"Unadjusted"
504,"1000",-1.906562420554,"Unadjusted"
505,"1000",-2.25310226873801,"Unadjusted"
506,"1000",-2.19011863181476,"Unadjusted"
507,"1000",-1.85687760593703,"Unadjusted"
508,"1000",-2.34597819583851,"Unadjusted"
509,"1000",-1.94370391484357,"Unadjusted"
510,"1000",-1.87466561642452,"Unadjusted"
511,"1000",-2.07350913652975,"Unadjusted"
512,"1000",-2.0861566592819,"Unadjusted"
513,"1000",-1.95683170371166,"Unadjusted"
514,"1000",-2.08215236750844,"Unadjusted"
515,"1000",-2.07368269574038,"Unadjusted"
516,"1000",-2.16853943658379,"Unadjusted"
517,"1000",-2.14104075068429,"Unadjusted"
518,"1000",-2.12532227025308,"Unadjusted"
519,"1000",-1.87138306689703,"Unadjusted"
520,"1000",-2.48845376634049,"Unadjusted"
521,"1000",-2.15282774258566,"Unadjusted"
522,"1000",-1.90450361856603,"Unadjusted"
523,"1000",-2.08551070093609,"Unadjusted"
524,"1000",-2.02598023340891,"Unadjusted"
525,"1000",-2.00155968564599,"Unadjusted"
526,"1000",-1.96667563536791,"Unadjusted"
527,"1000",-2.06602033027522,"Unadjusted"
528,"1000",-1.99800725837529,"Unadjusted"
529,"1000",-1.91887453842204,"Unadjusted"
530,"1000",-2.03766565649556,"Unadjusted"
531,"1000",-2.12625206917595,"Unadjusted"
532,"1000",-1.83137018151639,"Unadjusted"
533,"1000",-1.75051335007158,"Unadjusted"
534,"1000",-1.9002994939795,"Unadjusted"
535,"1000",-1.99842445049872,"Unadjusted"
536,"1000",-2.06408506355671,"Unadjusted"
537,"1000",-2.21687333983687,"Unadjusted"
538,"1000",-1.84949147460689,"Unadjusted"
539,"1000",-1.98198795050626,"Unadjusted"
540,"1000",-1.87631915015416,"Unadjusted"
541,"1000",-1.95862536771262,"Unadjusted"
542,"1000",-1.9230973979857,"Unadjusted"
543,"1000",-1.78472254422993,"Unadjusted"
544,"1000",-2.0925235108332,"Unadjusted"
545,"1000",-1.97548906900721,"Unadjusted"
546,"1000",-2.16562416085274,"Unadjusted"
547,"1000",-2.06835074552559,"Unadjusted"
548,"1000",-1.91022850103352,"Unadjusted"
549,"1000",-2.28713472659904,"Unadjusted"
550,"1000",-1.98446881106655,"Unadjusted"
551,"1000",-2.01741017820978,"Unadjusted"
552,"1000",-1.92997367806226,"Unadjusted"
553,"1000",-1.95646250442297,"Unadjusted"
554,"1000",-1.8501686442723,"Unadjusted"
555,"1000",-2.09373188234369,"Unadjusted"
556,"1000",-1.97667424334325,"Unadjusted"
557,"1000",-2.03759113364236,"Unadjusted"
558,"1000",-2.06642103432786,"Unadjusted"
559,"1000",-1.98450931159115,"Unadjusted"
560,"1000",-2.06647564470637,"Unadjusted"
561,"1000",-2.06732468306757,"Unadjusted"
562,"1000",-1.97776556014002,"Unadjusted"
563,"1000",-1.96895729001532,"Unadjusted"
564,"1000",-2.69463806292624,"Unadjusted"
565,"1000",-1.87379893770828,"Unadjusted"
566,"1000",-2.00922040837427,"Unadjusted"
567,"1000",-1.96202969055554,"Unadjusted"
568,"1000",-1.87938016592844,"Unadjusted"
569,"1000",-2.0345073817042,"Unadjusted"
570,"1000",-2.14820585023308,"Unadjusted"
571,"1000",-2.00113622663678,"Unadjusted"
572,"1000",-1.90544465677149,"Unadjusted"
573,"1000",-2.09988539660157,"Unadjusted"
574,"1000",-2.04038201175877,"Unadjusted"
575,"1000",-1.90594973657195,"Unadjusted"
576,"1000",-1.89105491525974,"Unadjusted"
577,"1000",-2.00810553886862,"Unadjusted"
578,"1000",-1.96778996384285,"Unadjusted"
579,"1000",-1.93755897392355,"Unadjusted"
580,"1000",-2.22474566042794,"Unadjusted"
581,"1000",-2.14483172999239,"Unadjusted"
582,"1000",-1.92700836935952,"Unadjusted"
583,"1000",-2.1967081869167,"Unadjusted"
584,"1000",-1.89168020268193,"Unadjusted"
585,"1000",-2.04146565270666,"Unadjusted"
586,"1000",-1.84620651383789,"Unadjusted"
587,"1000",-1.88214430736396,"Unadjusted"
588,"1000",-1.89235238181315,"Unadjusted"
589,"1000",-1.9711436081161,"Unadjusted"
590,"1000",-2.2697862813296,"Unadjusted"
591,"1000",-2.00672372510632,"Unadjusted"
592,"1000",-2.04377704560279,"Unadjusted"
593,"1000",-1.84223927537691,"Unadjusted"
594,"1000",-1.9177747614429,"Unadjusted"
595,"1000",-2.01429053623184,"Unadjusted"
596,"1000",-1.89899180349159,"Unadjusted"
597,"1000",-1.9776679345578,"Unadjusted"
598,"1000",-2.02024501356922,"Unadjusted"
599,"1000",-2.08672741249945,"Unadjusted"
600,"1000",-1.96122836569009,"Unadjusted"
601,"1000",-2.10946585482347,"Unadjusted"
602,"1000",-2.10898408479527,"Unadjusted"
603,"1000",-1.99851511336542,"Unadjusted"
604,"1000",-1.97619659690004,"Unadjusted"
605,"1000",-2.10082978768253,"Unadjusted"
606,"1000",-1.88841899213913,"Unadjusted"
607,"1000",-2.03586455385995,"Unadjusted"
608,"1000",-1.88671359717219,"Unadjusted"
609,"1000",-2.03446449782386,"Unadjusted"
610,"1000",-1.92656861165471,"Unadjusted"
611,"1000",-1.93819125496056,"Unadjusted"
612,"1000",-2.07999533962072,"Unadjusted"
613,"1000",-1.91592696550636,"Unadjusted"
614,"1000",-2.10480297314494,"Unadjusted"
615,"1000",-2.15233444244368,"Unadjusted"
616,"1000",-2.01238902611799,"Unadjusted"
617,"1000",-2.16628096178411,"Unadjusted"
618,"1000",-2.08466867317837,"Unadjusted"
619,"1000",-1.87668311222248,"Unadjusted"
620,"1000",-1.96582306029207,"Unadjusted"
621,"1000",-2.07268424606149,"Unadjusted"
622,"1000",-1.90411357725453,"Unadjusted"
623,"1000",-2.06353151240397,"Unadjusted"
624,"1000",-2.15359848857743,"Unadjusted"
625,"1000",-1.89256542400253,"Unadjusted"
626,"1000",-2.10762743081912,"Unadjusted"
627,"1000",-2.00526028412309,"Unadjusted"
628,"1000",-2.01745862343736,"Unadjusted"
629,"1000",-1.96167344155195,"Unadjusted"
630,"1000",-1.94395485647826,"Unadjusted"
631,"1000",-2.09254020749187,"Unadjusted"
632,"1000",-1.8750681463848,"Unadjusted"
633,"1000",-1.86599989913732,"Unadjusted"
634,"1000",-1.9841114070768,"Unadjusted"
635,"1000",-1.93896254023044,"Unadjusted"
636,"1000",-1.95716424987435,"Unadjusted"
637,"1000",-2.13432874510756,"Unadjusted"
638,"1000",-2.01446934236029,"Unadjusted"
639,"1000",-2.21733852140367,"Unadjusted"
640,"1000",-2.03553056965348,"Unadjusted"
641,"1000",-2.21387694107816,"Unadjusted"
642,"1000",-1.9381254899395,"Unadjusted"
643,"1000",-1.8338144976921,"Unadjusted"
644,"1000",-1.77375117602238,"Unadjusted"
645,"1000",-2.13304033331858,"Unadjusted"
646,"1000",-2.20240094591091,"Unadjusted"
647,"1000",-1.98303341903273,"Unadjusted"
648,"1000",-1.96958310968223,"Unadjusted"
649,"1000",-1.98451092990392,"Unadjusted"
650,"1000",-2.106946378626,"Unadjusted"
651,"1000",-2.03983548365307,"Unadjusted"
652,"1000",-2.10577700829756,"Unadjusted"
653,"1000",-1.88965754222559,"Unadjusted"
654,"1000",-1.82228680067661,"Unadjusted"
655,"1000",-2.0147763894682,"Unadjusted"
656,"1000",-2.179682135126,"Unadjusted"
657,"1000",-1.87939844378019,"Unadjusted"
658,"1000",-2.05424082814998,"Unadjusted"
659,"1000",-1.91001981150616,"Unadjusted"
660,"1000",-2.04783137012438,"Unadjusted"
661,"1000",-1.90581945882211,"Unadjusted"
662,"1000",-2.14382056209437,"Unadjusted"
663,"1000",-2.17032057647635,"Unadjusted"
664,"1000",-1.91953419378981,"Unadjusted"
665,"1000",-2.0731708331479,"Unadjusted"
666,"1000",-1.98569290156409,"Unadjusted"
667,"1000",-2.05968567537711,"Unadjusted"
668,"1000",-2.04128864261194,"Unadjusted"
669,"1000",-2.03569508146468,"Unadjusted"
670,"1000",-2.05534165597132,"Unadjusted"
671,"1000",-1.93092528309077,"Unadjusted"
672,"1000",-1.92211524402396,"Unadjusted"
673,"1000",-1.94682955505853,"Unadjusted"
674,"1000",-2.01265379043232,"Unadjusted"
675,"1000",-1.92479636525768,"Unadjusted"
676,"1000",-2.04804989690359,"Unadjusted"
677,"1000",-2.42942230754267,"Unadjusted"
678,"1000",-2.03699996417533,"Unadjusted"
679,"1000",-1.85289274727627,"Unadjusted"
680,"1000",-2.03044760226592,"Unadjusted"
681,"1000",-1.97149335579896,"Unadjusted"
682,"1000",-2.07205313050285,"Unadjusted"
683,"1000",-2.06237375694485,"Unadjusted"
684,"1000",-1.84040488838807,"Unadjusted"
685,"1000",-1.98113066140429,"Unadjusted"
686,"1000",-1.98461931827764,"Unadjusted"
687,"1000",-2.09016404285408,"Unadjusted"
688,"1000",-1.98840194037959,"Unadjusted"
689,"1000",-2.23585859115373,"Unadjusted"
690,"1000",-2.12245773542599,"Unadjusted"
691,"1000",-2.20610264934733,"Unadjusted"
692,"1000",-1.82174347032318,"Unadjusted"
693,"1000",-1.88115333346893,"Unadjusted"
694,"1000",-2.04320780732202,"Unadjusted"
695,"1000",-2.03599766863509,"Unadjusted"
696,"1000",-1.90298556935729,"Unadjusted"
697,"1000",-2.07843836080857,"Unadjusted"
698,"1000",-2.20378394007895,"Unadjusted"
699,"1000",-1.90900451641118,"Unadjusted"
700,"1000",-1.97894042175877,"Unadjusted"
701,"1000",-2.02359498113457,"Unadjusted"
702,"1000",-1.94528873894053,"Unadjusted"
703,"1000",-1.8765410542499,"Unadjusted"
704,"1000",-2.10808184025117,"Unadjusted"
705,"1000",-1.98952274170205,"Unadjusted"
706,"1000",-2.0705607742937,"Unadjusted"
707,"1000",-2.06890005976742,"Unadjusted"
708,"1000",-1.87287574215664,"Unadjusted"
709,"1000",-1.97418218868684,"Unadjusted"
710,"1000",-1.91681431422298,"Unadjusted"
711,"1000",-2.03166554893682,"Unadjusted"
712,"1000",-1.98917650795493,"Unadjusted"
713,"1000",-2.04801495106705,"Unadjusted"
714,"1000",-2.23516985512056,"Unadjusted"
715,"1000",-1.96175917907849,"Unadjusted"
716,"1000",-1.85835375775957,"Unadjusted"
717,"1000",-1.77928617570175,"Unadjusted"
718,"1000",-1.80788440220225,"Unadjusted"
719,"1000",-1.94603439164203,"Unadjusted"
720,"1000",-2.05726039764808,"Unadjusted"
721,"1000",-2.11169298923991,"Unadjusted"
722,"1000",-1.9498608190359,"Unadjusted"
723,"1000",-1.96665929761032,"Unadjusted"
724,"1000",-2.06689256208319,"Unadjusted"
725,"1000",-2.12128284246446,"Unadjusted"
726,"1000",-2.0114514983101,"Unadjusted"
727,"1000",-2.01123288201828,"Unadjusted"
728,"1000",-2.05834749149387,"Unadjusted"
729,"1000",-2.02214428573674,"Unadjusted"
730,"1000",-1.82366589571033,"Unadjusted"
731,"1000",-2.01309576684238,"Unadjusted"
732,"1000",-1.92676463978995,"Unadjusted"
733,"1000",-2.01782522195938,"Unadjusted"
734,"1000",-2.17418354758454,"Unadjusted"
735,"1000",-1.96757456564883,"Unadjusted"
736,"1000",-1.87837065075325,"Unadjusted"
737,"1000",-2.18669262164871,"Unadjusted"
738,"1000",-1.92590734236833,"Unadjusted"
739,"1000",-2.21084229467188,"Unadjusted"
740,"1000",-1.82369298978635,"Unadjusted"
741,"1000",-1.98140058926941,"Unadjusted"
742,"1000",-1.9611755137124,"Unadjusted"
743,"1000",-2.1172148688731,"Unadjusted"
744,"1000",-2.16115091116852,"Unadjusted"
745,"1000",-2.11627570377743,"Unadjusted"
746,"1000",-2.05281185680792,"Unadjusted"
747,"1000",-1.83395475004473,"Unadjusted"
748,"1000",-2.21624054140473,"Unadjusted"
749,"1000",-2.22577977785996,"Unadjusted"
750,"1000",-2.03137899619065,"Unadjusted"
751,"1000",-2.2344567720348,"Unadjusted"
752,"1000",-2.10334030012791,"Unadjusted"
753,"1000",-2.06913557210749,"Unadjusted"
754,"1000",-2.00279695945189,"Unadjusted"
755,"1000",-2.06669508193444,"Unadjusted"
756,"1000",-1.84998339933966,"Unadjusted"
757,"1000",-1.91314024021098,"Unadjusted"
758,"1000",-1.92222122483735,"Unadjusted"
759,"1000",-2.25188810337822,"Unadjusted"
760,"1000",-2.12971604924221,"Unadjusted"
761,"1000",-1.96673987593919,"Unadjusted"
762,"1000",-1.98964207468992,"Unadjusted"
763,"1000",-1.99972668797244,"Unadjusted"
764,"1000",-1.84633471338339,"Unadjusted"
765,"1000",-2.16419612314888,"Unadjusted"
766,"1000",-2.00277678337891,"Unadjusted"
767,"1000",-1.90401526785517,"Unadjusted"
768,"1000",-2.32695353775495,"Unadjusted"
769,"1000",-2.09667961308158,"Unadjusted"
770,"1000",-2.01522942160494,"Unadjusted"
771,"1000",-1.99483936797288,"Unadjusted"
772,"1000",-2.00440556008487,"Unadjusted"
773,"1000",-2.0489886721495,"Unadjusted"
774,"1000",-1.97235603947625,"Unadjusted"
775,"1000",-2.14169161680088,"Unadjusted"
776,"1000",-2.00000009607364,"Unadjusted"
777,"1000",-1.95984293511209,"Unadjusted"
778,"1000",-2.00680282465358,"Unadjusted"
779,"1000",-2.01190643850003,"Unadjusted"
780,"1000",-1.92001297454893,"Unadjusted"
781,"1000",-1.95565192044765,"Unadjusted"
782,"1000",-2.13242225740796,"Unadjusted"
783,"1000",-2.15991925476386,"Unadjusted"
784,"1000",-1.96995723027609,"Unadjusted"
785,"1000",-1.9425194057645,"Unadjusted"
786,"1000",-1.90685462242987,"Unadjusted"
787,"1000",-1.96234650795499,"Unadjusted"
788,"1000",-2.01867258033603,"Unadjusted"
789,"1000",-1.95208384877001,"Unadjusted"
790,"1000",-1.96945349082095,"Unadjusted"
791,"1000",-2.00888687346584,"Unadjusted"
792,"1000",-1.83962348296172,"Unadjusted"
793,"1000",-1.81345574385647,"Unadjusted"
794,"1000",-1.91971335857043,"Unadjusted"
795,"1000",-1.85313320262251,"Unadjusted"
796,"1000",-2.10277926828963,"Unadjusted"
797,"1000",-2.07250620902882,"Unadjusted"
798,"1000",-2.16543638738414,"Unadjusted"
799,"1000",-2.06959783407016,"Unadjusted"
800,"1000",-2.2822949513541,"Unadjusted"
801,"1000",-1.99326122495594,"Unadjusted"
802,"1000",-1.87162030628579,"Unadjusted"
803,"1000",-2.01692016444562,"Unadjusted"
804,"1000",-2.03633713161636,"Unadjusted"
805,"1000",-2.02711582334532,"Unadjusted"
806,"1000",-1.94350322468746,"Unadjusted"
807,"1000",-2.00383352380035,"Unadjusted"
808,"1000",-1.98147105800904,"Unadjusted"
809,"1000",-2.11519297884614,"Unadjusted"
810,"1000",-2.04655280111936,"Unadjusted"
811,"1000",-2.1191054161097,"Unadjusted"
812,"1000",-1.9228517986877,"Unadjusted"
813,"1000",-1.87591033118424,"Unadjusted"
814,"1000",-1.97881739595509,"Unadjusted"
815,"1000",-2.03379475168586,"Unadjusted"
816,"1000",-2.13392502883728,"Unadjusted"
817,"1000",-2.1382155154394,"Unadjusted"
818,"1000",-2.14593870343119,"Unadjusted"
819,"1000",-2.03286573023445,"Unadjusted"
820,"1000",-1.93219582014936,"Unadjusted"
821,"1000",-2.02695585310597,"Unadjusted"
822,"1000",-2.17761330659413,"Unadjusted"
823,"1000",-2.13193300911901,"Unadjusted"
824,"1000",-2.24222180986066,"Unadjusted"
825,"1000",-1.86722667498791,"Unadjusted"
826,"1000",-1.99627879738033,"Unadjusted"
827,"1000",-2.06672899237578,"Unadjusted"
828,"1000",-2.14813825690331,"Unadjusted"
829,"1000",-2.09523820379885,"Unadjusted"
830,"1000",-1.95584676923191,"Unadjusted"
831,"1000",-1.99264824207075,"Unadjusted"
832,"1000",-1.94789698838757,"Unadjusted"
833,"1000",-2.47374926494164,"Unadjusted"
834,"1000",-1.9433737955264,"Unadjusted"
835,"1000",-1.99730286139527,"Unadjusted"
836,"1000",-2.07927891017322,"Unadjusted"
837,"1000",-2.28732192519905,"Unadjusted"
838,"1000",-1.88539048567152,"Unadjusted"
839,"1000",-2.05834941785406,"Unadjusted"
840,"1000",-1.96508656363132,"Unadjusted"
841,"1000",-1.93557204338649,"Unadjusted"
842,"1000",-1.92804523366048,"Unadjusted"
843,"1000",-1.98780295353616,"Unadjusted"
844,"1000",-2.24940746869892,"Unadjusted"
845,"1000",-1.91944570848638,"Unadjusted"
846,"1000",-2.0025075940056,"Unadjusted"
847,"1000",-1.87050614498181,"Unadjusted"
848,"1000",-1.95571899544536,"Unadjusted"
849,"1000",-1.83212943705658,"Unadjusted"
850,"1000",-1.95228425113452,"Unadjusted"
851,"1000",-2.00190891526917,"Unadjusted"
852,"1000",-2.00006907365578,"Unadjusted"
853,"1000",-1.98525658696271,"Unadjusted"
854,"1000",-1.96735748753248,"Unadjusted"
855,"1000",-2.14037565027956,"Unadjusted"
856,"1000",-1.98809399189145,"Unadjusted"
857,"1000",-2.34712473799971,"Unadjusted"
858,"1000",-2.04364443351405,"Unadjusted"
859,"1000",-1.87008042663244,"Unadjusted"
860,"1000",-2.04353129913753,"Unadjusted"
861,"1000",-2.07625249451521,"Unadjusted"
862,"1000",-2.23813035679565,"Unadjusted"
863,"1000",-2.02845686221048,"Unadjusted"
864,"1000",-2.12857988907418,"Unadjusted"
865,"1000",-2.04184226370377,"Unadjusted"
866,"1000",-2.03749082787144,"Unadjusted"
867,"1000",-2.12062081570623,"Unadjusted"
868,"1000",-2.02630032498042,"Unadjusted"
869,"1000",-2.1816007962508,"Unadjusted"
870,"1000",-2.1657569241393,"Unadjusted"
871,"1000",-1.94801707435213,"Unadjusted"
872,"1000",-1.99605038374968,"Unadjusted"
873,"1000",-1.93825854265096,"Unadjusted"
874,"1000",-2.18287100002491,"Unadjusted"
875,"1000",-1.94332479069986,"Unadjusted"
876,"1000",-1.90813788953034,"Unadjusted"
877,"1000",-2.09036186972136,"Unadjusted"
878,"1000",-2.02142544819514,"Unadjusted"
879,"1000",-1.92067082664598,"Unadjusted"
880,"1000",-1.9619343416106,"Unadjusted"
881,"1000",-1.92328041636716,"Unadjusted"
882,"1000",-1.96239696649069,"Unadjusted"
883,"1000",-1.94848573163699,"Unadjusted"
884,"1000",-1.82771582768098,"Unadjusted"
885,"1000",-1.88610996168737,"Unadjusted"
886,"1000",-1.9807754878292,"Unadjusted"
887,"1000",-1.91624264162937,"Unadjusted"
888,"1000",-2.00501529743223,"Unadjusted"
889,"1000",-1.97837706589251,"Unadjusted"
890,"1000",-2.041500201535,"Unadjusted"
891,"1000",-1.96162334035851,"Unadjusted"
892,"1000",-1.90035130412018,"Unadjusted"
893,"1000",-1.86143381090495,"Unadjusted"
894,"1000",-2.13137036193938,"Unadjusted"
895,"1000",-2.03289050881569,"Unadjusted"
896,"1000",-2.17591753521914,"Unadjusted"
897,"1000",-2.20563045746226,"Unadjusted"
898,"1000",-2.13250481528676,"Unadjusted"
899,"1000",-1.92867082137452,"Unadjusted"
900,"1000",-1.84582847924761,"Unadjusted"
901,"1000",-2.11891000721482,"Unadjusted"
902,"1000",-1.85850143525053,"Unadjusted"
903,"1000",-1.92046378573587,"Unadjusted"
904,"1000",-2.14547798882229,"Unadjusted"
905,"1000",-1.94561286213988,"Unadjusted"
906,"1000",-1.94770428166017,"Unadjusted"
907,"1000",-1.92930518640897,"Unadjusted"
908,"1000",-1.86627765921,"Unadjusted"
909,"1000",-1.83410267213122,"Unadjusted"
910,"1000",-1.94125995214472,"Unadjusted"
911,"1000",-2.04592452918085,"Unadjusted"
912,"1000",-2.23290329530006,"Unadjusted"
913,"1000",-2.30304752475618,"Unadjusted"
914,"1000",-1.92768144518327,"Unadjusted"
915,"1000",-2.14841824563473,"Unadjusted"
916,"1000",-1.92264103553727,"Unadjusted"
917,"1000",-1.97265097875977,"Unadjusted"
918,"1000",-1.90747831193478,"Unadjusted"
919,"1000",-1.98873437987041,"Unadjusted"
920,"1000",-2.10899341466356,"Unadjusted"
921,"1000",-2.09893582498236,"Unadjusted"
922,"1000",-2.05863101147953,"Unadjusted"
923,"1000",-2.03965517238003,"Unadjusted"
924,"1000",-1.83582261298524,"Unadjusted"
925,"1000",-1.97208741746241,"Unadjusted"
926,"1000",-2.07780126850643,"Unadjusted"
927,"1000",-1.99629726785807,"Unadjusted"
928,"1000",-2.18154920298525,"Unadjusted"
929,"1000",-2.25650905195206,"Unadjusted"
930,"1000",-1.98756018767383,"Unadjusted"
931,"1000",-1.8771306213263,"Unadjusted"
932,"1000",-1.96406399278486,"Unadjusted"
933,"1000",-1.90960933938341,"Unadjusted"
934,"1000",-2.14381467546608,"Unadjusted"
935,"1000",-1.99989795137548,"Unadjusted"
936,"1000",-2.00219278134377,"Unadjusted"
937,"1000",-1.92127993193944,"Unadjusted"
938,"1000",-2.33940799646719,"Unadjusted"
939,"1000",-2.1580015133771,"Unadjusted"
940,"1000",-1.96605039416404,"Unadjusted"
941,"1000",-1.97883399239416,"Unadjusted"
942,"1000",-2.07832885402322,"Unadjusted"
943,"1000",-1.99902480215282,"Unadjusted"
944,"1000",-1.9308988417097,"Unadjusted"
945,"1000",-1.96421330774797,"Unadjusted"
946,"1000",-2.09375714265894,"Unadjusted"
947,"1000",-2.04704703297981,"Unadjusted"
948,"1000",-1.91455945099454,"Unadjusted"
949,"1000",-2.18182167430423,"Unadjusted"
950,"1000",-2.00516434032472,"Unadjusted"
951,"1000",-1.90481266515529,"Unadjusted"
952,"1000",-2.05803880401228,"Unadjusted"
953,"1000",-2.05746010682762,"Unadjusted"
954,"1000",-2.15346985814883,"Unadjusted"
955,"1000",-2.09057525237476,"Unadjusted"
956,"1000",-2.01163709341888,"Unadjusted"
957,"1000",-1.84989805877978,"Unadjusted"
958,"1000",-1.92046532572856,"Unadjusted"
959,"1000",-2.01305220243728,"Unadjusted"
960,"1000",-1.90336381062346,"Unadjusted"
961,"1000",-2.08974545890575,"Unadjusted"
962,"1000",-1.9888152674893,"Unadjusted"
963,"1000",-1.94645322265821,"Unadjusted"
964,"1000",-2.04635657791659,"Unadjusted"
965,"1000",-2.20569780451777,"Unadjusted"
966,"1000",-2.24499371084898,"Unadjusted"
967,"1000",-1.99323061719868,"Unadjusted"
968,"1000",-1.85589222858214,"Unadjusted"
969,"1000",-2.1401654383055,"Unadjusted"
970,"1000",-1.94418833074264,"Unadjusted"
971,"1000",-1.97130802172283,"Unadjusted"
972,"1000",-2.06873810781422,"Unadjusted"
973,"1000",-2.09175724288128,"Unadjusted"
974,"1000",-2.33716742879108,"Unadjusted"
975,"1000",-2.0923514592898,"Unadjusted"
976,"1000",-1.99440609146829,"Unadjusted"
977,"1000",-1.9400997460404,"Unadjusted"
978,"1000",-1.89060524720495,"Unadjusted"
979,"1000",-2.09051735270093,"Unadjusted"
980,"1000",-2.11644354899415,"Unadjusted"
981,"1000",-2.06620968739247,"Unadjusted"
982,"1000",-2.13333699187546,"Unadjusted"
983,"1000",-2.14259487179863,"Unadjusted"
984,"1000",-2.31009424592923,"Unadjusted"
985,"1000",-1.94497510569641,"Unadjusted"
986,"1000",-1.88905015677922,"Unadjusted"
987,"1000",-1.90096639829509,"Unadjusted"
988,"1000",-1.92450409435687,"Unadjusted"
989,"1000",-2.00630489261725,"Unadjusted"
990,"1000",-2.15078270682362,"Unadjusted"
991,"1000",-2.07712690341711,"Unadjusted"
992,"1000",-2.13217772401165,"Unadjusted"
993,"1000",-1.90433688434775,"Unadjusted"
994,"1000",-1.99287113519954,"Unadjusted"
995,"1000",-1.80126500471512,"Unadjusted"
996,"1000",-2.07363050793933,"Unadjusted"
997,"1000",-2.18893687431605,"Unadjusted"
998,"1000",-2.02416881349379,"Unadjusted"
999,"1000",-1.90705790792215,"Unadjusted"
1000,"1000",-2.13308215843814,"Unadjusted"
1,"2000",-1.94236258295719,"Unadjusted"
2,"2000",-2.2231749929391,"Unadjusted"
3,"2000",-1.91276396276128,"Unadjusted"
4,"2000",-1.96361605431544,"Unadjusted"
5,"2000",-2.08073674575881,"Unadjusted"
6,"2000",-2.03697361408224,"Unadjusted"
7,"2000",-2.01682475582,"Unadjusted"
8,"2000",-1.97956151499734,"Unadjusted"
9,"2000",-1.90122733409981,"Unadjusted"
10,"2000",-1.85094159061732,"Unadjusted"
11,"2000",-2.07293725242462,"Unadjusted"
12,"2000",-2.06964534635532,"Unadjusted"
13,"2000",-1.92249439592572,"Unadjusted"
14,"2000",-1.94718671911256,"Unadjusted"
15,"2000",-2.04362402815485,"Unadjusted"
16,"2000",-2.03726157871561,"Unadjusted"
17,"2000",-2.07384227192249,"Unadjusted"
18,"2000",-2.06137997246249,"Unadjusted"
19,"2000",-1.98065297752973,"Unadjusted"
20,"2000",-2.00700062565148,"Unadjusted"
21,"2000",-1.91714963983398,"Unadjusted"
22,"2000",-2.02297634269011,"Unadjusted"
23,"2000",-1.90031750924306,"Unadjusted"
24,"2000",-1.92464064692335,"Unadjusted"
25,"2000",-1.92299918437404,"Unadjusted"
26,"2000",-2.14352601617523,"Unadjusted"
27,"2000",-1.97084199684187,"Unadjusted"
28,"2000",-1.97798267229947,"Unadjusted"
29,"2000",-1.92649680334223,"Unadjusted"
30,"2000",-2.12744248539144,"Unadjusted"
31,"2000",-2.1305530223956,"Unadjusted"
32,"2000",-1.98124739922879,"Unadjusted"
33,"2000",-1.99721039418715,"Unadjusted"
34,"2000",-1.83879677883515,"Unadjusted"
35,"2000",-2.04688703293451,"Unadjusted"
36,"2000",-2.14620148321638,"Unadjusted"
37,"2000",-1.94014157051073,"Unadjusted"
38,"2000",-2.09478734760015,"Unadjusted"
39,"2000",-1.91152136772264,"Unadjusted"
40,"2000",-2.05691289204604,"Unadjusted"
41,"2000",-2.05721977723791,"Unadjusted"
42,"2000",-2.07167444931496,"Unadjusted"
43,"2000",-1.98854544481255,"Unadjusted"
44,"2000",-2.05647322103915,"Unadjusted"
45,"2000",-1.95067869884103,"Unadjusted"
46,"2000",-2.15999531229028,"Unadjusted"
47,"2000",-1.93073514992971,"Unadjusted"
48,"2000",-1.85630366819806,"Unadjusted"
49,"2000",-2.01522777633733,"Unadjusted"
50,"2000",-2.02268474388881,"Unadjusted"
51,"2000",-1.90234585604857,"Unadjusted"
52,"2000",-1.89626287202629,"Unadjusted"
53,"2000",-1.97486361766926,"Unadjusted"
54,"2000",-2.02604689843216,"Unadjusted"
55,"2000",-2.0293340896616,"Unadjusted"
56,"2000",-1.93833200646507,"Unadjusted"
57,"2000",-1.99730484750825,"Unadjusted"
58,"2000",-2.08725676241381,"Unadjusted"
59,"2000",-2.11448173175601,"Unadjusted"
60,"2000",-1.91258031949941,"Unadjusted"
61,"2000",-1.87090154784818,"Unadjusted"
62,"2000",-1.97282105032879,"Unadjusted"
63,"2000",-1.95591001616879,"Unadjusted"
64,"2000",-2.0252837860855,"Unadjusted"
65,"2000",-1.93286894950455,"Unadjusted"
66,"2000",-1.86729191434306,"Unadjusted"
67,"2000",-1.88515709890409,"Unadjusted"
68,"2000",-2.08527020124118,"Unadjusted"
69,"2000",-2.11760292332843,"Unadjusted"
70,"2000",-1.83095759689851,"Unadjusted"
71,"2000",-2.17273919636761,"Unadjusted"
72,"2000",-2.09330927137135,"Unadjusted"
73,"2000",-1.83202645691843,"Unadjusted"
74,"2000",-2.10723678987842,"Unadjusted"
75,"2000",-2.01205542714451,"Unadjusted"
76,"2000",-1.97308264008229,"Unadjusted"
77,"2000",-1.99814970093859,"Unadjusted"
78,"2000",-2.00115918807112,"Unadjusted"
79,"2000",-2.01859006523713,"Unadjusted"
80,"2000",-2.03406658981372,"Unadjusted"
81,"2000",-1.96661165887849,"Unadjusted"
82,"2000",-2.02665458172814,"Unadjusted"
83,"2000",-2.10740438169603,"Unadjusted"
84,"2000",-2.02525881328863,"Unadjusted"
85,"2000",-1.97269092888371,"Unadjusted"
86,"2000",-2.0258254401311,"Unadjusted"
87,"2000",-1.92082620249392,"Unadjusted"
88,"2000",-2.07906160463215,"Unadjusted"
89,"2000",-2.1584388362033,"Unadjusted"
90,"2000",-2.02689481737433,"Unadjusted"
91,"2000",-2.04240455315079,"Unadjusted"
92,"2000",-2.06203465077307,"Unadjusted"
93,"2000",-1.98178165926551,"Unadjusted"
94,"2000",-1.90238626456049,"Unadjusted"
95,"2000",-1.95650111006882,"Unadjusted"
96,"2000",-1.95324100684256,"Unadjusted"
97,"2000",-2.11340855174344,"Unadjusted"
98,"2000",-1.9859567907101,"Unadjusted"
99,"2000",-2.03350398327034,"Unadjusted"
100,"2000",-2.06289939481278,"Unadjusted"
101,"2000",-1.8947642102377,"Unadjusted"
102,"2000",-2.03297552891704,"Unadjusted"
103,"2000",-2.04081679734693,"Unadjusted"
104,"2000",-1.99965809004278,"Unadjusted"
105,"2000",-2.13789988785712,"Unadjusted"
106,"2000",-2.1674402227789,"Unadjusted"
107,"2000",-1.96892230888311,"Unadjusted"
108,"2000",-2.01482505694368,"Unadjusted"
109,"2000",-1.91898247195008,"Unadjusted"
110,"2000",-2.03702921041561,"Unadjusted"
111,"2000",-1.93281707292536,"Unadjusted"
112,"2000",-1.95664087369223,"Unadjusted"
113,"2000",-1.93527292614331,"Unadjusted"
114,"2000",-2.01247216682433,"Unadjusted"
115,"2000",-1.93727876744252,"Unadjusted"
116,"2000",-2.05797480836437,"Unadjusted"
117,"2000",-2.03048916983903,"Unadjusted"
118,"2000",-1.82796811923275,"Unadjusted"
119,"2000",-2.08341578084367,"Unadjusted"
120,"2000",-2.09574755895645,"Unadjusted"
121,"2000",-2.08991208274721,"Unadjusted"
122,"2000",-2.07631615002962,"Unadjusted"
123,"2000",-2.01298789136289,"Unadjusted"
124,"2000",-2.13777974685969,"Unadjusted"
125,"2000",-1.92408132181649,"Unadjusted"
126,"2000",-2.02943528341693,"Unadjusted"
127,"2000",-1.97806437780452,"Unadjusted"
128,"2000",-2.04489023480724,"Unadjusted"
129,"2000",-1.91504844347882,"Unadjusted"
130,"2000",-1.99771040739685,"Unadjusted"
131,"2000",-2.06554341489895,"Unadjusted"
132,"2000",-2.01905047052463,"Unadjusted"
133,"2000",-1.98529619526851,"Unadjusted"
134,"2000",-1.952995730842,"Unadjusted"
135,"2000",-2.03045552144594,"Unadjusted"
136,"2000",-1.96049605623643,"Unadjusted"
137,"2000",-2.07206049079634,"Unadjusted"
138,"2000",-1.94264314785313,"Unadjusted"
139,"2000",-1.97412918613202,"Unadjusted"
140,"2000",-2.01290502815264,"Unadjusted"
141,"2000",-2.01296229553377,"Unadjusted"
142,"2000",-2.12580152788506,"Unadjusted"
143,"2000",-1.96153394577445,"Unadjusted"
144,"2000",-2.01783276704657,"Unadjusted"
145,"2000",-1.95228879054175,"Unadjusted"
146,"2000",-1.96616076858201,"Unadjusted"
147,"2000",-2.03217500431168,"Unadjusted"
148,"2000",-2.15968221656622,"Unadjusted"
149,"2000",-1.92847628879508,"Unadjusted"
150,"2000",-2.04428138796872,"Unadjusted"
151,"2000",-2.10664819269397,"Unadjusted"
152,"2000",-2.12533657284551,"Unadjusted"
153,"2000",-1.96881861893702,"Unadjusted"
154,"2000",-2.01654458859889,"Unadjusted"
155,"2000",-1.92421965808588,"Unadjusted"
156,"2000",-2.13430770855793,"Unadjusted"
157,"2000",-2.09657618900404,"Unadjusted"
158,"2000",-2.03743421947518,"Unadjusted"
159,"2000",-1.94475111440536,"Unadjusted"
160,"2000",-1.9774362724317,"Unadjusted"
161,"2000",-2.05930022424808,"Unadjusted"
162,"2000",-2.05503414777276,"Unadjusted"
163,"2000",-1.99461931733992,"Unadjusted"
164,"2000",-1.99695254127091,"Unadjusted"
165,"2000",-2.04878965073837,"Unadjusted"
166,"2000",-2.13409023380748,"Unadjusted"
167,"2000",-2.12769525393134,"Unadjusted"
168,"2000",-2.13988192244212,"Unadjusted"
169,"2000",-2.03627950110512,"Unadjusted"
170,"2000",-2.0554303471967,"Unadjusted"
171,"2000",-2.10828973257843,"Unadjusted"
172,"2000",-2.03152763061322,"Unadjusted"
173,"2000",-1.86148034511955,"Unadjusted"
174,"2000",-1.94082173642495,"Unadjusted"
175,"2000",-2.18531641572722,"Unadjusted"
176,"2000",-2.13046616138526,"Unadjusted"
177,"2000",-1.8140532103492,"Unadjusted"
178,"2000",-2.03381229696779,"Unadjusted"
179,"2000",-1.9450955132554,"Unadjusted"
180,"2000",-1.97089771890112,"Unadjusted"
181,"2000",-1.97684410960967,"Unadjusted"
182,"2000",-2.0034081055591,"Unadjusted"
183,"2000",-1.94723777441891,"Unadjusted"
184,"2000",-1.94328569180343,"Unadjusted"
185,"2000",-2.13931422840805,"Unadjusted"
186,"2000",-1.85976632702127,"Unadjusted"
187,"2000",-2.04699531008987,"Unadjusted"
188,"2000",-2.01960017093193,"Unadjusted"
189,"2000",-1.98909674781532,"Unadjusted"
190,"2000",-1.98458294108156,"Unadjusted"
191,"2000",-2.0303236338702,"Unadjusted"
192,"2000",-2.0041390250983,"Unadjusted"
193,"2000",-1.86650324948525,"Unadjusted"
194,"2000",-1.89265533748926,"Unadjusted"
195,"2000",-1.98194034095771,"Unadjusted"
196,"2000",-1.97344085665046,"Unadjusted"
197,"2000",-2.05792550009957,"Unadjusted"
198,"2000",-1.85616561933711,"Unadjusted"
199,"2000",-2.10710445822548,"Unadjusted"
200,"2000",-1.99925135420515,"Unadjusted"
201,"2000",-2.06429313464558,"Unadjusted"
202,"2000",-1.93825897563601,"Unadjusted"
203,"2000",-2.02107406990906,"Unadjusted"
204,"2000",-1.90153441120139,"Unadjusted"
205,"2000",-2.01969721450479,"Unadjusted"
206,"2000",-2.16223440502721,"Unadjusted"
207,"2000",-1.96937274937999,"Unadjusted"
208,"2000",-2.04641015727837,"Unadjusted"
209,"2000",-1.94898151477251,"Unadjusted"
210,"2000",-1.95837222565239,"Unadjusted"
211,"2000",-2.05198316915287,"Unadjusted"
212,"2000",-1.97022081905295,"Unadjusted"
213,"2000",-2.03442527583925,"Unadjusted"
214,"2000",-2.16814753722984,"Unadjusted"
215,"2000",-1.93435821931343,"Unadjusted"
216,"2000",-1.99759681505871,"Unadjusted"
217,"2000",-1.96700705623738,"Unadjusted"
218,"2000",-2.1639317920478,"Unadjusted"
219,"2000",-2.06980043415448,"Unadjusted"
220,"2000",-2.05904427188669,"Unadjusted"
221,"2000",-1.96354863494769,"Unadjusted"
222,"2000",-1.96714975231081,"Unadjusted"
223,"2000",-2.00306768389405,"Unadjusted"
224,"2000",-2.05106104216103,"Unadjusted"
225,"2000",-1.94104348440737,"Unadjusted"
226,"2000",-1.91493518300424,"Unadjusted"
227,"2000",-1.84090647051883,"Unadjusted"
228,"2000",-2.02567453428675,"Unadjusted"
229,"2000",-1.90738306616455,"Unadjusted"
230,"2000",-1.98922385248658,"Unadjusted"
231,"2000",-1.9755841319369,"Unadjusted"
232,"2000",-1.97117186321197,"Unadjusted"
233,"2000",-2.03392101620819,"Unadjusted"
234,"2000",-1.95234808792534,"Unadjusted"
235,"2000",-2.0631858059851,"Unadjusted"
236,"2000",-1.98630407878543,"Unadjusted"
237,"2000",-2.04678554533619,"Unadjusted"
238,"2000",-2.04610786113084,"Unadjusted"
239,"2000",-1.97629392429243,"Unadjusted"
240,"2000",-2.03116710474467,"Unadjusted"
241,"2000",-1.9169189932924,"Unadjusted"
242,"2000",-1.95523874359923,"Unadjusted"
243,"2000",-2.06493090456772,"Unadjusted"
244,"2000",-2.15989209423065,"Unadjusted"
245,"2000",-2.02628796652316,"Unadjusted"
246,"2000",-2.09466674513522,"Unadjusted"
247,"2000",-2.04313960860482,"Unadjusted"
248,"2000",-1.98110120380688,"Unadjusted"
249,"2000",-1.91594706164408,"Unadjusted"
250,"2000",-2.04139911056429,"Unadjusted"
251,"2000",-2.02669477615848,"Unadjusted"
252,"2000",-2.07803136916092,"Unadjusted"
253,"2000",-2.07168906092461,"Unadjusted"
254,"2000",-2.04261012346893,"Unadjusted"
255,"2000",-2.02894296910899,"Unadjusted"
256,"2000",-1.99542897989397,"Unadjusted"
257,"2000",-2.02796882925711,"Unadjusted"
258,"2000",-1.96852707049327,"Unadjusted"
259,"2000",-2.06276958382139,"Unadjusted"
260,"2000",-2.19051435362043,"Unadjusted"
261,"2000",-2.05964672594353,"Unadjusted"
262,"2000",-1.91263648250124,"Unadjusted"
263,"2000",-1.93929627923038,"Unadjusted"
264,"2000",-2.0115133648015,"Unadjusted"
265,"2000",-2.04447670206495,"Unadjusted"
266,"2000",-2.06381761529456,"Unadjusted"
267,"2000",-2.12243116632781,"Unadjusted"
268,"2000",-1.93228855410934,"Unadjusted"
269,"2000",-1.91157228613896,"Unadjusted"
270,"2000",-1.92479056656037,"Unadjusted"
271,"2000",-2.02736629998328,"Unadjusted"
272,"2000",-1.96370879660212,"Unadjusted"
273,"2000",-2.01013999786265,"Unadjusted"
274,"2000",-2.07589233451613,"Unadjusted"
275,"2000",-2.30688063055435,"Unadjusted"
276,"2000",-1.97638015720398,"Unadjusted"
277,"2000",-1.99856092203853,"Unadjusted"
278,"2000",-1.94553341435144,"Unadjusted"
279,"2000",-2.14657332367505,"Unadjusted"
280,"2000",-2.07372350151875,"Unadjusted"
281,"2000",-2.04418105911961,"Unadjusted"
282,"2000",-1.87050288364517,"Unadjusted"
283,"2000",-1.88138212884339,"Unadjusted"
284,"2000",-2.08060985628097,"Unadjusted"
285,"2000",-2.06965138678543,"Unadjusted"
286,"2000",-2.0212532186335,"Unadjusted"
287,"2000",-1.98241311435637,"Unadjusted"
288,"2000",-1.99341723444714,"Unadjusted"
289,"2000",-1.99904322977791,"Unadjusted"
290,"2000",-2.13848148215401,"Unadjusted"
291,"2000",-2.00417658981957,"Unadjusted"
292,"2000",-1.96354175364176,"Unadjusted"
293,"2000",-1.96009821200847,"Unadjusted"
294,"2000",-2.07592238465549,"Unadjusted"
295,"2000",-1.98932820988038,"Unadjusted"
296,"2000",-2.0050220574492,"Unadjusted"
297,"2000",-2.09535193456685,"Unadjusted"
298,"2000",-2.09590307841304,"Unadjusted"
299,"2000",-1.99071865641796,"Unadjusted"
300,"2000",-2.13119651931832,"Unadjusted"
301,"2000",-1.97191135600398,"Unadjusted"
302,"2000",-2.1159346428355,"Unadjusted"
303,"2000",-1.93449661246761,"Unadjusted"
304,"2000",-1.97197942919513,"Unadjusted"
305,"2000",-2.2019628063023,"Unadjusted"
306,"2000",-2.01725275193375,"Unadjusted"
307,"2000",-1.94151607524232,"Unadjusted"
308,"2000",-1.96324183673614,"Unadjusted"
309,"2000",-1.9785298836568,"Unadjusted"
310,"2000",-2.00249509755936,"Unadjusted"
311,"2000",-1.95324999960755,"Unadjusted"
312,"2000",-2.13744828593462,"Unadjusted"
313,"2000",-1.90490123625185,"Unadjusted"
314,"2000",-2.04541755924908,"Unadjusted"
315,"2000",-1.86921480797194,"Unadjusted"
316,"2000",-1.91069403036864,"Unadjusted"
317,"2000",-2.11081944990237,"Unadjusted"
318,"2000",-2.08638499657673,"Unadjusted"
319,"2000",-1.92088913347547,"Unadjusted"
320,"2000",-1.84382904934749,"Unadjusted"
321,"2000",-2.06378180291604,"Unadjusted"
322,"2000",-2.02472353129649,"Unadjusted"
323,"2000",-2.01789706174396,"Unadjusted"
324,"2000",-2.00755997324604,"Unadjusted"
325,"2000",-2.08968528885322,"Unadjusted"
326,"2000",-1.99385198481867,"Unadjusted"
327,"2000",-1.98678267479599,"Unadjusted"
328,"2000",-1.87616394235496,"Unadjusted"
329,"2000",-2.07366316427661,"Unadjusted"
330,"2000",-1.98585103987355,"Unadjusted"
331,"2000",-2.00982526747229,"Unadjusted"
332,"2000",-2.14940316829551,"Unadjusted"
333,"2000",-2.03436956831201,"Unadjusted"
334,"2000",-2.08962580177602,"Unadjusted"
335,"2000",-2.03421573125063,"Unadjusted"
336,"2000",-1.87640971335686,"Unadjusted"
337,"2000",-2.1618466489251,"Unadjusted"
338,"2000",-2.03648608590652,"Unadjusted"
339,"2000",-2.10804684156037,"Unadjusted"
340,"2000",-2.0137635157343,"Unadjusted"
341,"2000",-2.16185808616438,"Unadjusted"
342,"2000",-2.02473083283109,"Unadjusted"
343,"2000",-1.97388235901319,"Unadjusted"
344,"2000",-2.02071161938238,"Unadjusted"
345,"2000",-2.08610502447099,"Unadjusted"
346,"2000",-1.96633761086881,"Unadjusted"
347,"2000",-2.00958718340671,"Unadjusted"
348,"2000",-2.06598889786781,"Unadjusted"
349,"2000",-1.93047061012877,"Unadjusted"
350,"2000",-2.08269748010684,"Unadjusted"
351,"2000",-1.93342389442363,"Unadjusted"
352,"2000",-2.10597859840277,"Unadjusted"
353,"2000",-1.95837423231959,"Unadjusted"
354,"2000",-1.99595149449267,"Unadjusted"
355,"2000",-2.0659978395449,"Unadjusted"
356,"2000",-2.08063254229933,"Unadjusted"
357,"2000",-2.03519914923603,"Unadjusted"
358,"2000",-1.89047405647702,"Unadjusted"
359,"2000",-2.06595173153414,"Unadjusted"
360,"2000",-2.00180059764719,"Unadjusted"
361,"2000",-1.87032702890996,"Unadjusted"
362,"2000",-2.04716901903853,"Unadjusted"
363,"2000",-1.97619484040942,"Unadjusted"
364,"2000",-2.0432226078543,"Unadjusted"
365,"2000",-2.07454094599741,"Unadjusted"
366,"2000",-1.96554120633257,"Unadjusted"
367,"2000",-1.96161442837596,"Unadjusted"
368,"2000",-2.10196932722134,"Unadjusted"
369,"2000",-2.10666194931241,"Unadjusted"
370,"2000",-2.06299902339765,"Unadjusted"
371,"2000",-1.97269805110223,"Unadjusted"
372,"2000",-2.0300544936032,"Unadjusted"
373,"2000",-2.03028829933801,"Unadjusted"
374,"2000",-1.99803537808732,"Unadjusted"
375,"2000",-1.99461088127566,"Unadjusted"
376,"2000",-1.93797387287271,"Unadjusted"
377,"2000",-1.91049547705412,"Unadjusted"
378,"2000",-1.95807734251828,"Unadjusted"
379,"2000",-2.08586974112406,"Unadjusted"
380,"2000",-1.89042085097362,"Unadjusted"
381,"2000",-2.02603290361749,"Unadjusted"
382,"2000",-2.00420163468499,"Unadjusted"
383,"2000",-1.99686095665362,"Unadjusted"
384,"2000",-2.05961142149053,"Unadjusted"
385,"2000",-1.9722118274873,"Unadjusted"
386,"2000",-2.05927283486372,"Unadjusted"
387,"2000",-1.94862047203939,"Unadjusted"
388,"2000",-2.10482477637312,"Unadjusted"
389,"2000",-2.02896144525458,"Unadjusted"
390,"2000",-2.05534411176481,"Unadjusted"
391,"2000",-2.14626708383875,"Unadjusted"
392,"2000",-2.0572137118895,"Unadjusted"
393,"2000",-1.99414731301925,"Unadjusted"
394,"2000",-2.13411334528907,"Unadjusted"
395,"2000",-1.87810194987197,"Unadjusted"
396,"2000",-2.05154180833714,"Unadjusted"
397,"2000",-1.93478741914188,"Unadjusted"
398,"2000",-1.95803294487081,"Unadjusted"
399,"2000",-2.12843729651099,"Unadjusted"
400,"2000",-2.05437785135375,"Unadjusted"
401,"2000",-2.06901204700125,"Unadjusted"
402,"2000",-1.96552533641804,"Unadjusted"
403,"2000",-2.03516769736574,"Unadjusted"
404,"2000",-2.00346061297446,"Unadjusted"
405,"2000",-1.97189658323291,"Unadjusted"
406,"2000",-1.95387928270399,"Unadjusted"
407,"2000",-2.01803217427145,"Unadjusted"
408,"2000",-2.16663518434058,"Unadjusted"
409,"2000",-2.10306087386879,"Unadjusted"
410,"2000",-1.96812720446547,"Unadjusted"
411,"2000",-2.03180306504905,"Unadjusted"
412,"2000",-2.19423707760703,"Unadjusted"
413,"2000",-2.10152597300506,"Unadjusted"
414,"2000",-2.01334609703517,"Unadjusted"
415,"2000",-2.06018125614776,"Unadjusted"
416,"2000",-1.86389075184802,"Unadjusted"
417,"2000",-1.96270861272526,"Unadjusted"
418,"2000",-2.03412341787125,"Unadjusted"
419,"2000",-2.10182086894003,"Unadjusted"
420,"2000",-1.96745215838369,"Unadjusted"
421,"2000",-2.14094348813569,"Unadjusted"
422,"2000",-2.00549405868577,"Unadjusted"
423,"2000",-1.97681394003243,"Unadjusted"
424,"2000",-1.9695080633899,"Unadjusted"
425,"2000",-2.039898496947,"Unadjusted"
426,"2000",-2.10170914770215,"Unadjusted"
427,"2000",-1.97492405935303,"Unadjusted"
428,"2000",-2.0619209547063,"Unadjusted"
429,"2000",-2.15648475401766,"Unadjusted"
430,"2000",-1.99800493139806,"Unadjusted"
431,"2000",-1.98792102570621,"Unadjusted"
432,"2000",-2.08459956886794,"Unadjusted"
433,"2000",-2.04754960738773,"Unadjusted"
434,"2000",-2.07443927030898,"Unadjusted"
435,"2000",-2.0380675571797,"Unadjusted"
436,"2000",-1.93951481193702,"Unadjusted"
437,"2000",-2.028005900086,"Unadjusted"
438,"2000",-2.07725243083204,"Unadjusted"
439,"2000",-2.07396341685918,"Unadjusted"
440,"2000",-2.13367454452097,"Unadjusted"
441,"2000",-1.8231389072852,"Unadjusted"
442,"2000",-1.93210519569053,"Unadjusted"
443,"2000",-1.96062906336947,"Unadjusted"
444,"2000",-1.9013287385209,"Unadjusted"
445,"2000",-2.20872984245184,"Unadjusted"
446,"2000",-1.93455711474338,"Unadjusted"
447,"2000",-2.12286342888948,"Unadjusted"
448,"2000",-2.05087007305967,"Unadjusted"
449,"2000",-2.16891052143535,"Unadjusted"
450,"2000",-1.9239323581196,"Unadjusted"
451,"2000",-1.92820936044389,"Unadjusted"
452,"2000",-2.06761263302324,"Unadjusted"
453,"2000",-2.16980660157375,"Unadjusted"
454,"2000",-2.06636763524679,"Unadjusted"
455,"2000",-1.98994741688742,"Unadjusted"
456,"2000",-2.0870631503662,"Unadjusted"
457,"2000",-2.0086314227702,"Unadjusted"
458,"2000",-1.96383289402988,"Unadjusted"
459,"2000",-2.00197900290296,"Unadjusted"
460,"2000",-1.94900326283932,"Unadjusted"
461,"2000",-2.15127719439168,"Unadjusted"
462,"2000",-1.91026006951585,"Unadjusted"
463,"2000",-1.97751630572596,"Unadjusted"
464,"2000",-2.06188461442585,"Unadjusted"
465,"2000",-1.92947757763855,"Unadjusted"
466,"2000",-2.02794132002799,"Unadjusted"
467,"2000",-2.09475531468516,"Unadjusted"
468,"2000",-2.11100481834061,"Unadjusted"
469,"2000",-1.95546755491942,"Unadjusted"
470,"2000",-1.99861553164687,"Unadjusted"
471,"2000",-2.10816911988046,"Unadjusted"
472,"2000",-2.16917277354437,"Unadjusted"
473,"2000",-2.18206303325817,"Unadjusted"
474,"2000",-1.99135334046136,"Unadjusted"
475,"2000",-2.10207989261387,"Unadjusted"
476,"2000",-2.12956204973963,"Unadjusted"
477,"2000",-2.05117096744629,"Unadjusted"
478,"2000",-1.90609776163007,"Unadjusted"
479,"2000",-2.07078113727108,"Unadjusted"
480,"2000",-2.04651120382146,"Unadjusted"
481,"2000",-2.00785243550394,"Unadjusted"
482,"2000",-1.94076124444712,"Unadjusted"
483,"2000",-1.96400289352913,"Unadjusted"
484,"2000",-2.00367177143587,"Unadjusted"
485,"2000",-2.01181074918036,"Unadjusted"
486,"2000",-2.03061724046452,"Unadjusted"
487,"2000",-1.96189413176215,"Unadjusted"
488,"2000",-2.04970191222666,"Unadjusted"
489,"2000",-2.09511323184489,"Unadjusted"
490,"2000",-1.93444260627271,"Unadjusted"
491,"2000",-2.1414883845048,"Unadjusted"
492,"2000",-1.97842620805805,"Unadjusted"
493,"2000",-1.89320211216348,"Unadjusted"
494,"2000",-1.98641691989839,"Unadjusted"
495,"2000",-1.98959954146671,"Unadjusted"
496,"2000",-2.0620802822252,"Unadjusted"
497,"2000",-2.01575482225286,"Unadjusted"
498,"2000",-2.09180820919278,"Unadjusted"
499,"2000",-2.04694487751886,"Unadjusted"
500,"2000",-1.91015867132124,"Unadjusted"
501,"2000",-1.98824617524882,"Unadjusted"
502,"2000",-1.94063304512227,"Unadjusted"
503,"2000",-2.09219291771083,"Unadjusted"
504,"2000",-2.01802818982227,"Unadjusted"
505,"2000",-2.07701661310374,"Unadjusted"
506,"2000",-1.95510427632718,"Unadjusted"
507,"2000",-2.15282781823253,"Unadjusted"
508,"2000",-1.98810143922573,"Unadjusted"
509,"2000",-2.15434233931471,"Unadjusted"
510,"2000",-2.06489239519105,"Unadjusted"
511,"2000",-2.09387640148478,"Unadjusted"
512,"2000",-2.11206114581334,"Unadjusted"
513,"2000",-2.1596164459354,"Unadjusted"
514,"2000",-1.97193570392842,"Unadjusted"
515,"2000",-2.00022349445568,"Unadjusted"
516,"2000",-2.10061959615304,"Unadjusted"
517,"2000",-2.07616867796205,"Unadjusted"
518,"2000",-2.05689958590307,"Unadjusted"
519,"2000",-1.9663930034565,"Unadjusted"
520,"2000",-1.95754536317299,"Unadjusted"
521,"2000",-1.96459177055694,"Unadjusted"
522,"2000",-2.04600812784413,"Unadjusted"
523,"2000",-1.89570107766248,"Unadjusted"
524,"2000",-2.05817302157742,"Unadjusted"
525,"2000",-2.18840003127159,"Unadjusted"
526,"2000",-1.9955556179626,"Unadjusted"
527,"2000",-2.04464121029933,"Unadjusted"
528,"2000",-2.03365775793064,"Unadjusted"
529,"2000",-2.06235571135823,"Unadjusted"
530,"2000",-1.98063249706224,"Unadjusted"
531,"2000",-1.92897666776273,"Unadjusted"
532,"2000",-1.95251097200322,"Unadjusted"
533,"2000",-2.13673987216458,"Unadjusted"
534,"2000",-2.02541951583304,"Unadjusted"
535,"2000",-1.96069299214122,"Unadjusted"
536,"2000",-2.16916967264988,"Unadjusted"
537,"2000",-1.93289311986024,"Unadjusted"
538,"2000",-2.006932415761,"Unadjusted"
539,"2000",-1.92160670532739,"Unadjusted"
540,"2000",-1.97998724787419,"Unadjusted"
541,"2000",-2.06030846394172,"Unadjusted"
542,"2000",-1.97951527609139,"Unadjusted"
543,"2000",-1.91404571833826,"Unadjusted"
544,"2000",-2.209910939434,"Unadjusted"
545,"2000",-1.99466896351497,"Unadjusted"
546,"2000",-1.97533796597501,"Unadjusted"
547,"2000",-2.03396097560654,"Unadjusted"
548,"2000",-2.08800693183577,"Unadjusted"
549,"2000",-1.96186732889702,"Unadjusted"
550,"2000",-2.00660953820889,"Unadjusted"
551,"2000",-1.98703749630769,"Unadjusted"
552,"2000",-2.06456837517978,"Unadjusted"
553,"2000",-2.22126086786266,"Unadjusted"
554,"2000",-2.14196310014177,"Unadjusted"
555,"2000",-2.05884155589496,"Unadjusted"
556,"2000",-2.1706750595797,"Unadjusted"
557,"2000",-1.95202937094813,"Unadjusted"
558,"2000",-2.04461130685164,"Unadjusted"
559,"2000",-2.00750200293806,"Unadjusted"
560,"2000",-2.08487652179332,"Unadjusted"
561,"2000",-1.9865525532089,"Unadjusted"
562,"2000",-2.15954220996823,"Unadjusted"
563,"2000",-2.02291580642348,"Unadjusted"
564,"2000",-2.01291604378246,"Unadjusted"
565,"2000",-1.93705494709323,"Unadjusted"
566,"2000",-1.93758651181181,"Unadjusted"
567,"2000",-2.04042742073161,"Unadjusted"
568,"2000",-2.10301903599337,"Unadjusted"
569,"2000",-1.88138374992459,"Unadjusted"
570,"2000",-1.99899890966826,"Unadjusted"
571,"2000",-1.92434879451177,"Unadjusted"
572,"2000",-1.96272263344488,"Unadjusted"
573,"2000",-2.181035047679,"Unadjusted"
574,"2000",-2.02061072821727,"Unadjusted"
575,"2000",-2.04772129855504,"Unadjusted"
576,"2000",-1.89365042683121,"Unadjusted"
577,"2000",-2.02692694640223,"Unadjusted"
578,"2000",-1.96733676990069,"Unadjusted"
579,"2000",-1.97701500035703,"Unadjusted"
580,"2000",-1.89672351039715,"Unadjusted"
581,"2000",-2.0614398508508,"Unadjusted"
582,"2000",-1.97149698620479,"Unadjusted"
583,"2000",-2.13595942648331,"Unadjusted"
584,"2000",-2.2039808414124,"Unadjusted"
585,"2000",-2.05824823821107,"Unadjusted"
586,"2000",-1.93004351145212,"Unadjusted"
587,"2000",-1.95421984420898,"Unadjusted"
588,"2000",-1.98631175907919,"Unadjusted"
589,"2000",-1.98643753392364,"Unadjusted"
590,"2000",-2.0319286676431,"Unadjusted"
591,"2000",-2.07826604960356,"Unadjusted"
592,"2000",-2.01195980900432,"Unadjusted"
593,"2000",-1.97255553453223,"Unadjusted"
594,"2000",-1.9663243646778,"Unadjusted"
595,"2000",-1.97263045461353,"Unadjusted"
596,"2000",-2.04960029376689,"Unadjusted"
597,"2000",-1.85160890592315,"Unadjusted"
598,"2000",-2.05737155536235,"Unadjusted"
599,"2000",-1.90692418918925,"Unadjusted"
600,"2000",-1.91288942163708,"Unadjusted"
601,"2000",-2.05829923476732,"Unadjusted"
602,"2000",-2.26139610251207,"Unadjusted"
603,"2000",-1.92218686158256,"Unadjusted"
604,"2000",-2.07765507879025,"Unadjusted"
605,"2000",-1.98114340769684,"Unadjusted"
606,"2000",-2.04354177162556,"Unadjusted"
607,"2000",-2.04968042851706,"Unadjusted"
608,"2000",-2.04359291342162,"Unadjusted"
609,"2000",-2.21500481237203,"Unadjusted"
610,"2000",-2.11879619996841,"Unadjusted"
611,"2000",-1.96009651917215,"Unadjusted"
612,"2000",-1.90912646349379,"Unadjusted"
613,"2000",-1.92351376347515,"Unadjusted"
614,"2000",-1.90680190673492,"Unadjusted"
615,"2000",-2.02677803559376,"Unadjusted"
616,"2000",-2.05842289180619,"Unadjusted"
617,"2000",-2.16379277799977,"Unadjusted"
618,"2000",-1.97868293212344,"Unadjusted"
619,"2000",-1.93664148083795,"Unadjusted"
620,"2000",-1.855250839741,"Unadjusted"
621,"2000",-2.09013981968645,"Unadjusted"
622,"2000",-1.9634505185129,"Unadjusted"
623,"2000",-2.00304711791589,"Unadjusted"
624,"2000",-2.06359799511657,"Unadjusted"
625,"2000",-2.0200499279199,"Unadjusted"
626,"2000",-2.01742862874014,"Unadjusted"
627,"2000",-1.95653817023858,"Unadjusted"
628,"2000",-1.95210718966801,"Unadjusted"
629,"2000",-2.06155311792342,"Unadjusted"
630,"2000",-2.10189581233006,"Unadjusted"
631,"2000",-1.96110472121897,"Unadjusted"
632,"2000",-2.12690642047779,"Unadjusted"
633,"2000",-1.94697809706304,"Unadjusted"
634,"2000",-2.05169437994116,"Unadjusted"
635,"2000",-2.00228740778933,"Unadjusted"
636,"2000",-2.04304765584223,"Unadjusted"
637,"2000",-2.02503192139802,"Unadjusted"
638,"2000",-1.95248488893107,"Unadjusted"
639,"2000",-2.01704914271336,"Unadjusted"
640,"2000",-1.91914127814249,"Unadjusted"
641,"2000",-1.96216902956661,"Unadjusted"
642,"2000",-2.09080568278594,"Unadjusted"
643,"2000",-1.9094313276769,"Unadjusted"
644,"2000",-1.99497735079272,"Unadjusted"
645,"2000",-2.04418900332144,"Unadjusted"
646,"2000",-2.01054932245634,"Unadjusted"
647,"2000",-2.07767382271956,"Unadjusted"
648,"2000",-2.08616667550533,"Unadjusted"
649,"2000",-1.89013659573183,"Unadjusted"
650,"2000",-1.9077914731046,"Unadjusted"
651,"2000",-1.95040230139469,"Unadjusted"
652,"2000",-1.95838121543047,"Unadjusted"
653,"2000",-1.84668493041186,"Unadjusted"
654,"2000",-1.88249445631236,"Unadjusted"
655,"2000",-1.93711686723132,"Unadjusted"
656,"2000",-2.01752875267635,"Unadjusted"
657,"2000",-1.99577989907143,"Unadjusted"
658,"2000",-1.95213785252124,"Unadjusted"
659,"2000",-2.13632149304682,"Unadjusted"
660,"2000",-1.97263455971015,"Unadjusted"
661,"2000",-1.98245483180244,"Unadjusted"
662,"2000",-2.00590208850899,"Unadjusted"
663,"2000",-1.98355074862666,"Unadjusted"
664,"2000",-2.06634849526812,"Unadjusted"
665,"2000",-2.07969820465174,"Unadjusted"
666,"2000",-2.05396073150613,"Unadjusted"
667,"2000",-2.00349277627932,"Unadjusted"
668,"2000",-2.10695569512268,"Unadjusted"
669,"2000",-1.93700802645172,"Unadjusted"
670,"2000",-1.98975095211604,"Unadjusted"
671,"2000",-2.09155157500229,"Unadjusted"
672,"2000",-2.04403514266753,"Unadjusted"
673,"2000",-1.91664250330594,"Unadjusted"
674,"2000",-1.8600517402903,"Unadjusted"
675,"2000",-2.0037875213561,"Unadjusted"
676,"2000",-2.05797651232889,"Unadjusted"
677,"2000",-1.97259357026294,"Unadjusted"
678,"2000",-1.93444214953555,"Unadjusted"
679,"2000",-1.94113269038742,"Unadjusted"
680,"2000",-2.04816199189854,"Unadjusted"
681,"2000",-2.07587865847077,"Unadjusted"
682,"2000",-1.98122538636799,"Unadjusted"
683,"2000",-1.98164260542411,"Unadjusted"
684,"2000",-2.22685888193963,"Unadjusted"
685,"2000",-1.98875858043184,"Unadjusted"
686,"2000",-1.97322898431378,"Unadjusted"
687,"2000",-2.02808838571065,"Unadjusted"
688,"2000",-1.97970785011906,"Unadjusted"
689,"2000",-2.00682343606109,"Unadjusted"
690,"2000",-2.00239262548007,"Unadjusted"
691,"2000",-2.23170339351009,"Unadjusted"
692,"2000",-1.98709459688839,"Unadjusted"
693,"2000",-1.96361781731059,"Unadjusted"
694,"2000",-1.92404087858427,"Unadjusted"
695,"2000",-1.82452299363712,"Unadjusted"
696,"2000",-1.92861358887441,"Unadjusted"
697,"2000",-2.04791538440331,"Unadjusted"
698,"2000",-1.97678184706407,"Unadjusted"
699,"2000",-1.97376860660336,"Unadjusted"
700,"2000",-1.87463633012626,"Unadjusted"
701,"2000",-2.11068326464682,"Unadjusted"
702,"2000",-1.95863706435265,"Unadjusted"
703,"2000",-1.95298868362487,"Unadjusted"
704,"2000",-2.15050673525456,"Unadjusted"
705,"2000",-2.08560939092244,"Unadjusted"
706,"2000",-2.06958413671088,"Unadjusted"
707,"2000",-2.0305746533553,"Unadjusted"
708,"2000",-1.86048130502997,"Unadjusted"
709,"2000",-2.00671348846726,"Unadjusted"
710,"2000",-2.11526224500915,"Unadjusted"
711,"2000",-1.98282128361769,"Unadjusted"
712,"2000",-1.99738862252282,"Unadjusted"
713,"2000",-1.94318296553958,"Unadjusted"
714,"2000",-1.92695474966967,"Unadjusted"
715,"2000",-1.93628574454219,"Unadjusted"
716,"2000",-1.99283701626466,"Unadjusted"
717,"2000",-2.11697771728411,"Unadjusted"
718,"2000",-1.87826562735677,"Unadjusted"
719,"2000",-1.98106284364282,"Unadjusted"
720,"2000",-2.07184935790363,"Unadjusted"
721,"2000",-2.05603540202401,"Unadjusted"
722,"2000",-2.21916108475279,"Unadjusted"
723,"2000",-2.15666821102117,"Unadjusted"
724,"2000",-1.97666823895014,"Unadjusted"
725,"2000",-2.01066858190718,"Unadjusted"
726,"2000",-2.01999276351222,"Unadjusted"
727,"2000",-2.12451230859577,"Unadjusted"
728,"2000",-2.12574513149188,"Unadjusted"
729,"2000",-2.04807979264122,"Unadjusted"
730,"2000",-2.17769362697096,"Unadjusted"
731,"2000",-1.98642208684171,"Unadjusted"
732,"2000",-2.0423546852822,"Unadjusted"
733,"2000",-2.0415261675398,"Unadjusted"
734,"2000",-1.90309442105154,"Unadjusted"
735,"2000",-1.94072586673062,"Unadjusted"
736,"2000",-1.85558764577446,"Unadjusted"
737,"2000",-1.90188254306565,"Unadjusted"
738,"2000",-1.99878785166138,"Unadjusted"
739,"2000",-2.02185745054925,"Unadjusted"
740,"2000",-2.07382235751114,"Unadjusted"
741,"2000",-2.06915062339958,"Unadjusted"
742,"2000",-1.91971638862943,"Unadjusted"
743,"2000",-2.08712839328342,"Unadjusted"
744,"2000",-1.95568011738221,"Unadjusted"
745,"2000",-2.06660086818099,"Unadjusted"
746,"2000",-2.12474766909237,"Unadjusted"
747,"2000",-1.94590803173851,"Unadjusted"
748,"2000",-1.99196758908732,"Unadjusted"
749,"2000",-2.00473232595145,"Unadjusted"
750,"2000",-1.99233265456643,"Unadjusted"
751,"2000",-2.00309097012464,"Unadjusted"
752,"2000",-1.97639638862534,"Unadjusted"
753,"2000",-1.8420709001797,"Unadjusted"
754,"2000",-2.13580490494306,"Unadjusted"
755,"2000",-1.97201541416664,"Unadjusted"
756,"2000",-2.00455062602727,"Unadjusted"
757,"2000",-2.10862751367631,"Unadjusted"
758,"2000",-1.89834873367591,"Unadjusted"
759,"2000",-2.05230609010527,"Unadjusted"
760,"2000",-2.00533712253562,"Unadjusted"
761,"2000",-2.02726719018732,"Unadjusted"
762,"2000",-1.97853227447237,"Unadjusted"
763,"2000",-1.99901516157303,"Unadjusted"
764,"2000",-1.94762502527924,"Unadjusted"
765,"2000",-1.90648692288965,"Unadjusted"
766,"2000",-1.92555054473796,"Unadjusted"
767,"2000",-1.84774799347086,"Unadjusted"
768,"2000",-2.05031021392866,"Unadjusted"
769,"2000",-2.12534339598573,"Unadjusted"
770,"2000",-2.11600734798529,"Unadjusted"
771,"2000",-1.97528673313233,"Unadjusted"
772,"2000",-2.01529807100498,"Unadjusted"
773,"2000",-1.89315886866916,"Unadjusted"
774,"2000",-1.90510626778043,"Unadjusted"
775,"2000",-2.08983593895132,"Unadjusted"
776,"2000",-1.98195779299444,"Unadjusted"
777,"2000",-2.01511724769782,"Unadjusted"
778,"2000",-2.12456666498705,"Unadjusted"
779,"2000",-1.98364040917391,"Unadjusted"
780,"2000",-1.82385649462386,"Unadjusted"
781,"2000",-2.02172553939908,"Unadjusted"
782,"2000",-2.08468126687902,"Unadjusted"
783,"2000",-1.95453798735905,"Unadjusted"
784,"2000",-1.85077276154567,"Unadjusted"
785,"2000",-1.96758501496526,"Unadjusted"
786,"2000",-2.00990865091535,"Unadjusted"
787,"2000",-2.02107425662354,"Unadjusted"
788,"2000",-2.16002445571206,"Unadjusted"
789,"2000",-2.01712980102448,"Unadjusted"
790,"2000",-2.14296583100903,"Unadjusted"
791,"2000",-2.07404426398064,"Unadjusted"
792,"2000",-2.17678149709998,"Unadjusted"
793,"2000",-1.93808428404183,"Unadjusted"
794,"2000",-1.87886811689171,"Unadjusted"
795,"2000",-1.94787810974516,"Unadjusted"
796,"2000",-1.98799792714958,"Unadjusted"
797,"2000",-2.00239673232821,"Unadjusted"
798,"2000",-2.03558354933284,"Unadjusted"
799,"2000",-2.07190980144836,"Unadjusted"
800,"2000",-1.9797481308098,"Unadjusted"
801,"2000",-1.91362170398407,"Unadjusted"
802,"2000",-2.02739554642748,"Unadjusted"
803,"2000",-2.08319104666905,"Unadjusted"
804,"2000",-2.2424635172351,"Unadjusted"
805,"2000",-2.10561268901808,"Unadjusted"
806,"2000",-2.03209659565015,"Unadjusted"
807,"2000",-1.80823623737505,"Unadjusted"
808,"2000",-1.99021343441134,"Unadjusted"
809,"2000",-2.01813995059272,"Unadjusted"
810,"2000",-2.0230636866295,"Unadjusted"
811,"2000",-2.0398201350206,"Unadjusted"
812,"2000",-1.99585861999806,"Unadjusted"
813,"2000",-1.96543455640905,"Unadjusted"
814,"2000",-1.92405801332183,"Unadjusted"
815,"2000",-1.95824072543811,"Unadjusted"
816,"2000",-2.03311483522728,"Unadjusted"
817,"2000",-1.96505477759225,"Unadjusted"
818,"2000",-2.02773086032217,"Unadjusted"
819,"2000",-1.92300688297431,"Unadjusted"
820,"2000",-1.92313829485262,"Unadjusted"
821,"2000",-2.2100557032183,"Unadjusted"
822,"2000",-2.15608258101163,"Unadjusted"
823,"2000",-1.95587319437686,"Unadjusted"
824,"2000",-2.08343045173058,"Unadjusted"
825,"2000",-2.09072755869781,"Unadjusted"
826,"2000",-1.91802565629581,"Unadjusted"
827,"2000",-2.02359054972271,"Unadjusted"
828,"2000",-1.92066760724743,"Unadjusted"
829,"2000",-1.92260057088226,"Unadjusted"
830,"2000",-2.003616288264,"Unadjusted"
831,"2000",-1.98290927435827,"Unadjusted"
832,"2000",-1.98249135070692,"Unadjusted"
833,"2000",-2.08657969548418,"Unadjusted"
834,"2000",-2.02092757809372,"Unadjusted"
835,"2000",-2.04714968499766,"Unadjusted"
836,"2000",-2.15354936422958,"Unadjusted"
837,"2000",-1.95567754726098,"Unadjusted"
838,"2000",-2.21644724130674,"Unadjusted"
839,"2000",-2.11654556792802,"Unadjusted"
840,"2000",-2.07837066294181,"Unadjusted"
841,"2000",-1.94816229626678,"Unadjusted"
842,"2000",-1.9819917408188,"Unadjusted"
843,"2000",-1.99911840176167,"Unadjusted"
844,"2000",-1.89829551487099,"Unadjusted"
845,"2000",-2.01655451946834,"Unadjusted"
846,"2000",-2.04911038281507,"Unadjusted"
847,"2000",-1.9175951958769,"Unadjusted"
848,"2000",-2.08672247318702,"Unadjusted"
849,"2000",-1.9907208918051,"Unadjusted"
850,"2000",-1.90716039180831,"Unadjusted"
851,"2000",-2.04484866032929,"Unadjusted"
852,"2000",-1.96271907804023,"Unadjusted"
853,"2000",-1.93290541744823,"Unadjusted"
854,"2000",-1.96343320709474,"Unadjusted"
855,"2000",-2.16089624980038,"Unadjusted"
856,"2000",-1.91464311215208,"Unadjusted"
857,"2000",-2.01820695323905,"Unadjusted"
858,"2000",-1.96606121596154,"Unadjusted"
859,"2000",-2.03415585761796,"Unadjusted"
860,"2000",-2.00466349939237,"Unadjusted"
861,"2000",-2.0099309392979,"Unadjusted"
862,"2000",-2.02782918739688,"Unadjusted"
863,"2000",-1.95281474457679,"Unadjusted"
864,"2000",-2.10662387219353,"Unadjusted"
865,"2000",-1.9848580084386,"Unadjusted"
866,"2000",-2.00401557346131,"Unadjusted"
867,"2000",-1.96782946572505,"Unadjusted"
868,"2000",-1.89651229766364,"Unadjusted"
869,"2000",-1.98246962793949,"Unadjusted"
870,"2000",-1.85045456941983,"Unadjusted"
871,"2000",-1.99688406393283,"Unadjusted"
872,"2000",-2.09399748591323,"Unadjusted"
873,"2000",-1.9252035940912,"Unadjusted"
874,"2000",-2.19366370721832,"Unadjusted"
875,"2000",-2.115189130855,"Unadjusted"
876,"2000",-2.06628527244339,"Unadjusted"
877,"2000",-1.98405722845479,"Unadjusted"
878,"2000",-2.0981840421499,"Unadjusted"
879,"2000",-2.06349281533261,"Unadjusted"
880,"2000",-2.04635463760737,"Unadjusted"
881,"2000",-2.10037710599836,"Unadjusted"
882,"2000",-1.98325414049724,"Unadjusted"
883,"2000",-1.97497340936194,"Unadjusted"
884,"2000",-2.07938539041578,"Unadjusted"
885,"2000",-2.04086008589846,"Unadjusted"
886,"2000",-2.17073190928552,"Unadjusted"
887,"2000",-1.95444563310292,"Unadjusted"
888,"2000",-2.19597730019816,"Unadjusted"
889,"2000",-2.02377758598945,"Unadjusted"
890,"2000",-2.10467981172118,"Unadjusted"
891,"2000",-2.20557859753078,"Unadjusted"
892,"2000",-1.88344431821224,"Unadjusted"
893,"2000",-2.10215733143242,"Unadjusted"
894,"2000",-1.97102974965357,"Unadjusted"
895,"2000",-1.87625826896148,"Unadjusted"
896,"2000",-1.96456972711689,"Unadjusted"
897,"2000",-1.99091568230076,"Unadjusted"
898,"2000",-2.01955411123216,"Unadjusted"
899,"2000",-1.90880152706167,"Unadjusted"
900,"2000",-2.0012986703688,"Unadjusted"
901,"2000",-2.05149707453888,"Unadjusted"
902,"2000",-2.03943024957145,"Unadjusted"
903,"2000",-1.91511381187892,"Unadjusted"
904,"2000",-2.04265078897338,"Unadjusted"
905,"2000",-1.93681759342959,"Unadjusted"
906,"2000",-2.11311979217242,"Unadjusted"
907,"2000",-2.01624271352891,"Unadjusted"
908,"2000",-2.29040337555447,"Unadjusted"
909,"2000",-1.95196069708235,"Unadjusted"
910,"2000",-1.95270073245279,"Unadjusted"
911,"2000",-2.15288982486875,"Unadjusted"
912,"2000",-2.02490863267072,"Unadjusted"
913,"2000",-2.07226280226432,"Unadjusted"
914,"2000",-2.03896227321812,"Unadjusted"
915,"2000",-2.00419455480374,"Unadjusted"
916,"2000",-2.01918715846399,"Unadjusted"
917,"2000",-1.89492591561325,"Unadjusted"
918,"2000",-2.05117807486765,"Unadjusted"
919,"2000",-1.96018276167855,"Unadjusted"
920,"2000",-2.06689282066639,"Unadjusted"
921,"2000",-1.93114386811111,"Unadjusted"
922,"2000",-1.82432284520838,"Unadjusted"
923,"2000",-2.01843404438196,"Unadjusted"
924,"2000",-1.93887339382691,"Unadjusted"
925,"2000",-2.02271031095075,"Unadjusted"
926,"2000",-1.94765645663416,"Unadjusted"
927,"2000",-2.0633354068409,"Unadjusted"
928,"2000",-2.10575007923103,"Unadjusted"
929,"2000",-2.21980204146052,"Unadjusted"
930,"2000",-2.03980984510451,"Unadjusted"
931,"2000",-2.07210009103341,"Unadjusted"
932,"2000",-1.86734313935386,"Unadjusted"
933,"2000",-1.9890659714377,"Unadjusted"
934,"2000",-1.95127658547355,"Unadjusted"
935,"2000",-1.94240613137137,"Unadjusted"
936,"2000",-1.94677036591783,"Unadjusted"
937,"2000",-2.06794486445374,"Unadjusted"
938,"2000",-2.07932777575214,"Unadjusted"
939,"2000",-2.0038695419101,"Unadjusted"
940,"2000",-2.18244133989549,"Unadjusted"
941,"2000",-1.95995755918731,"Unadjusted"
942,"2000",-1.95812961714284,"Unadjusted"
943,"2000",-1.9968967445405,"Unadjusted"
944,"2000",-2.12630326273522,"Unadjusted"
945,"2000",-2.08131905143875,"Unadjusted"
946,"2000",-1.90567809716344,"Unadjusted"
947,"2000",-1.94145603784342,"Unadjusted"
948,"2000",-2.0243706420655,"Unadjusted"
949,"2000",-1.97911547500555,"Unadjusted"
950,"2000",-1.98005025809124,"Unadjusted"
951,"2000",-1.96092422182916,"Unadjusted"
952,"2000",-1.96948935966724,"Unadjusted"
953,"2000",-1.99366687546101,"Unadjusted"
954,"2000",-2.02488376472566,"Unadjusted"
955,"2000",-1.91625673615705,"Unadjusted"
956,"2000",-2.12118481266714,"Unadjusted"
957,"2000",-2.08441343532273,"Unadjusted"
958,"2000",-1.97020677015006,"Unadjusted"
959,"2000",-2.00916276829808,"Unadjusted"
960,"2000",-1.95281515059657,"Unadjusted"
961,"2000",-2.06532140424723,"Unadjusted"
962,"2000",-1.95892643449261,"Unadjusted"
963,"2000",-1.89196967103074,"Unadjusted"
964,"2000",-2.02318446634693,"Unadjusted"
965,"2000",-1.99368228239227,"Unadjusted"
966,"2000",-2.04294644029237,"Unadjusted"
967,"2000",-2.01832609150837,"Unadjusted"
968,"2000",-1.94957539501092,"Unadjusted"
969,"2000",-1.8862294297202,"Unadjusted"
970,"2000",-2.04011651479134,"Unadjusted"
971,"2000",-1.9767671538902,"Unadjusted"
972,"2000",-2.00530306508997,"Unadjusted"
973,"2000",-2.05418098859276,"Unadjusted"
974,"2000",-1.98946328730199,"Unadjusted"
975,"2000",-2.06015803349117,"Unadjusted"
976,"2000",-1.9953883670224,"Unadjusted"
977,"2000",-2.1378520350634,"Unadjusted"
978,"2000",-2.05837608302681,"Unadjusted"
979,"2000",-2.0280330217205,"Unadjusted"
980,"2000",-1.97358020074056,"Unadjusted"
981,"2000",-2.09350416716106,"Unadjusted"
982,"2000",-2.06365717211247,"Unadjusted"
983,"2000",-1.94762406018454,"Unadjusted"
984,"2000",-1.99570045849091,"Unadjusted"
985,"2000",-1.85742440514264,"Unadjusted"
986,"2000",-2.14043307632453,"Unadjusted"
987,"2000",-1.92339760068211,"Unadjusted"
988,"2000",-1.97752014241383,"Unadjusted"
989,"2000",-1.89205607066592,"Unadjusted"
990,"2000",-2.15316204508979,"Unadjusted"
991,"2000",-1.90786038819475,"Unadjusted"
992,"2000",-1.89693404666315,"Unadjusted"
993,"2000",-1.96802025022016,"Unadjusted"
994,"2000",-2.0943751288576,"Unadjusted"
995,"2000",-2.02525531681181,"Unadjusted"
996,"2000",-1.93586944753935,"Unadjusted"
997,"2000",-1.94104781881042,"Unadjusted"
998,"2000",-2.01977764467203,"Unadjusted"
999,"2000",-1.91572143443996,"Unadjusted"
1000,"2000",-2.00923748851906,"Unadjusted"
1,"4000",-1.98525434794024,"Unadjusted"
2,"4000",-1.96160160340266,"Unadjusted"
3,"4000",-2.01667721129232,"Unadjusted"
4,"4000",-1.96048368415818,"Unadjusted"
5,"4000",-1.94896191893178,"Unadjusted"
6,"4000",-2.03472606810139,"Unadjusted"
7,"4000",-2.00355050609785,"Unadjusted"
8,"4000",-2.01046995625623,"Unadjusted"
9,"4000",-2.00248414327616,"Unadjusted"
10,"4000",-2.13814242099108,"Unadjusted"
11,"4000",-1.9984902767391,"Unadjusted"
12,"4000",-1.96429657957639,"Unadjusted"
13,"4000",-2.07907027022279,"Unadjusted"
14,"4000",-1.92148812786136,"Unadjusted"
15,"4000",-2.1639470841881,"Unadjusted"
16,"4000",-2.08871228011834,"Unadjusted"
17,"4000",-2.07697191723385,"Unadjusted"
18,"4000",-2.0046168589033,"Unadjusted"
19,"4000",-1.97415378506721,"Unadjusted"
20,"4000",-2.11354168446655,"Unadjusted"
21,"4000",-2.01514144529431,"Unadjusted"
22,"4000",-2.00917324212833,"Unadjusted"
23,"4000",-2.01135341592071,"Unadjusted"
24,"4000",-1.99810513939393,"Unadjusted"
25,"4000",-2.02790817799195,"Unadjusted"
26,"4000",-2.07748173987972,"Unadjusted"
27,"4000",-1.95508018322312,"Unadjusted"
28,"4000",-1.99137486691926,"Unadjusted"
29,"4000",-2.06390486908601,"Unadjusted"
30,"4000",-2.01014041125629,"Unadjusted"
31,"4000",-1.92198700073139,"Unadjusted"
32,"4000",-2.05133966518501,"Unadjusted"
33,"4000",-2.00141004776387,"Unadjusted"
34,"4000",-2.02031587657022,"Unadjusted"
35,"4000",-2.05029869190951,"Unadjusted"
36,"4000",-2.02335894001104,"Unadjusted"
37,"4000",-2.06560717455707,"Unadjusted"
38,"4000",-1.99156808393377,"Unadjusted"
39,"4000",-2.0393051587364,"Unadjusted"
40,"4000",-2.04540275228198,"Unadjusted"
41,"4000",-2.11223271746477,"Unadjusted"
42,"4000",-2.02217758134476,"Unadjusted"
43,"4000",-1.98046078511708,"Unadjusted"
44,"4000",-1.93195250178674,"Unadjusted"
45,"4000",-2.15542268577409,"Unadjusted"
46,"4000",-1.97478706751488,"Unadjusted"
47,"4000",-2.03391037439184,"Unadjusted"
48,"4000",-2.01894956494763,"Unadjusted"
49,"4000",-1.95624187054903,"Unadjusted"
50,"4000",-2.03364783210895,"Unadjusted"
51,"4000",-2.07954915884536,"Unadjusted"
52,"4000",-2.03122472884994,"Unadjusted"
53,"4000",-2.0733726169922,"Unadjusted"
54,"4000",-1.89447659694326,"Unadjusted"
55,"4000",-1.99397680287201,"Unadjusted"
56,"4000",-2.012005456582,"Unadjusted"
57,"4000",-1.96747038179547,"Unadjusted"
58,"4000",-2.16156923676123,"Unadjusted"
59,"4000",-1.97908011940838,"Unadjusted"
60,"4000",-1.95662285742648,"Unadjusted"
61,"4000",-1.97270245181365,"Unadjusted"
62,"4000",-2.00135106955223,"Unadjusted"
63,"4000",-1.92399999998769,"Unadjusted"
64,"4000",-2.07226822502371,"Unadjusted"
65,"4000",-2.02897960863975,"Unadjusted"
66,"4000",-1.99109561479229,"Unadjusted"
67,"4000",-1.95486430348341,"Unadjusted"
68,"4000",-2.07837597301589,"Unadjusted"
69,"4000",-2.08433113176354,"Unadjusted"
70,"4000",-1.97969802629198,"Unadjusted"
71,"4000",-1.96951140235114,"Unadjusted"
72,"4000",-1.99358616183366,"Unadjusted"
73,"4000",-2.0285823266829,"Unadjusted"
74,"4000",-1.89089380815958,"Unadjusted"
75,"4000",-2.09833829015061,"Unadjusted"
76,"4000",-1.93119590833814,"Unadjusted"
77,"4000",-2.00375522191527,"Unadjusted"
78,"4000",-1.97427380666855,"Unadjusted"
79,"4000",-1.95866426489201,"Unadjusted"
80,"4000",-2.03452118608894,"Unadjusted"
81,"4000",-1.97757920177748,"Unadjusted"
82,"4000",-2.05181228875994,"Unadjusted"
83,"4000",-2.06570652100678,"Unadjusted"
84,"4000",-2.02708073946232,"Unadjusted"
85,"4000",-2.03976358678754,"Unadjusted"
86,"4000",-2.05250790027297,"Unadjusted"
87,"4000",-2.05927933719058,"Unadjusted"
88,"4000",-2.0691812701832,"Unadjusted"
89,"4000",-2.10671926322465,"Unadjusted"
90,"4000",-2.01718102159084,"Unadjusted"
91,"4000",-2.12323589782701,"Unadjusted"
92,"4000",-2.03717455994959,"Unadjusted"
93,"4000",-1.85683654581671,"Unadjusted"
94,"4000",-1.97429827668604,"Unadjusted"
95,"4000",-2.07569551964902,"Unadjusted"
96,"4000",-2.0535984243786,"Unadjusted"
97,"4000",-2.05261955428436,"Unadjusted"
98,"4000",-2.09130179520508,"Unadjusted"
99,"4000",-2.05249590236367,"Unadjusted"
100,"4000",-1.98395896963406,"Unadjusted"
101,"4000",-2.03542880407219,"Unadjusted"
102,"4000",-1.99265832772185,"Unadjusted"
103,"4000",-1.99816068159081,"Unadjusted"
104,"4000",-2.04138178378003,"Unadjusted"
105,"4000",-1.96866870378678,"Unadjusted"
106,"4000",-2.0726006675516,"Unadjusted"
107,"4000",-2.14004399366749,"Unadjusted"
108,"4000",-2.02160049868193,"Unadjusted"
109,"4000",-2.00464608744149,"Unadjusted"
110,"4000",-1.93296987656135,"Unadjusted"
111,"4000",-2.01021311603125,"Unadjusted"
112,"4000",-1.97248049513113,"Unadjusted"
113,"4000",-2.10084533067396,"Unadjusted"
114,"4000",-2.01969937422349,"Unadjusted"
115,"4000",-2.08015065940091,"Unadjusted"
116,"4000",-2.05286373123805,"Unadjusted"
117,"4000",-1.98449833536173,"Unadjusted"
118,"4000",-1.96208133835114,"Unadjusted"
119,"4000",-1.95708687445011,"Unadjusted"
120,"4000",-2.10343651294128,"Unadjusted"
121,"4000",-1.97810649407629,"Unadjusted"
122,"4000",-1.93646248439072,"Unadjusted"
123,"4000",-1.99823074628624,"Unadjusted"
124,"4000",-2.04816048912293,"Unadjusted"
125,"4000",-1.98721436539684,"Unadjusted"
126,"4000",-2.027133919674,"Unadjusted"
127,"4000",-2.05706038078356,"Unadjusted"
128,"4000",-1.96095357755039,"Unadjusted"
129,"4000",-2.09823166825737,"Unadjusted"
130,"4000",-1.96700946928536,"Unadjusted"
131,"4000",-2.03002672999135,"Unadjusted"
132,"4000",-1.95500002972795,"Unadjusted"
133,"4000",-1.99503932275084,"Unadjusted"
134,"4000",-2.00279653143936,"Unadjusted"
135,"4000",-1.96268929140431,"Unadjusted"
136,"4000",-2.01513885723799,"Unadjusted"
137,"4000",-2.11327135177785,"Unadjusted"
138,"4000",-2.03044372812809,"Unadjusted"
139,"4000",-2.10638930344131,"Unadjusted"
140,"4000",-1.95378703220101,"Unadjusted"
141,"4000",-2.04705363076411,"Unadjusted"
142,"4000",-1.99998070001663,"Unadjusted"
143,"4000",-1.96381317548356,"Unadjusted"
144,"4000",-1.78916003706412,"Unadjusted"
145,"4000",-2.07837229811393,"Unadjusted"
146,"4000",-1.96430129909414,"Unadjusted"
147,"4000",-2.00920112363429,"Unadjusted"
148,"4000",-2.08820698115862,"Unadjusted"
149,"4000",-2.03120049828301,"Unadjusted"
150,"4000",-1.97322784522845,"Unadjusted"
151,"4000",-1.95513903231324,"Unadjusted"
152,"4000",-2.00621982249737,"Unadjusted"
153,"4000",-1.97768193470352,"Unadjusted"
154,"4000",-2.09988390062418,"Unadjusted"
155,"4000",-2.08607051683104,"Unadjusted"
156,"4000",-2.03820137798033,"Unadjusted"
157,"4000",-1.98733949400149,"Unadjusted"
158,"4000",-2.04109262677168,"Unadjusted"
159,"4000",-1.94101957196937,"Unadjusted"
160,"4000",-2.0372154227578,"Unadjusted"
161,"4000",-1.92183370221022,"Unadjusted"
162,"4000",-2.07643194769261,"Unadjusted"
163,"4000",-1.97607469845548,"Unadjusted"
164,"4000",-2.07542821401121,"Unadjusted"
165,"4000",-2.00927444412959,"Unadjusted"
166,"4000",-2.04091382185745,"Unadjusted"
167,"4000",-2.14250738993496,"Unadjusted"
168,"4000",-2.0180029034035,"Unadjusted"
169,"4000",-1.98664655278315,"Unadjusted"
170,"4000",-2.00513215619555,"Unadjusted"
171,"4000",-1.95231388317317,"Unadjusted"
172,"4000",-2.01021070271478,"Unadjusted"
173,"4000",-2.04657402442469,"Unadjusted"
174,"4000",-2.21280904258163,"Unadjusted"
175,"4000",-2.06377713549235,"Unadjusted"
176,"4000",-2.08936132326156,"Unadjusted"
177,"4000",-1.97703854735279,"Unadjusted"
178,"4000",-1.98033543083088,"Unadjusted"
179,"4000",-2.04658004943995,"Unadjusted"
180,"4000",-2.10781419995553,"Unadjusted"
181,"4000",-2.04514251349557,"Unadjusted"
182,"4000",-2.04768195472045,"Unadjusted"
183,"4000",-2.02948262282192,"Unadjusted"
184,"4000",-2.04205171616294,"Unadjusted"
185,"4000",-1.97057050214843,"Unadjusted"
186,"4000",-2.01073954376856,"Unadjusted"
187,"4000",-2.00897245649064,"Unadjusted"
188,"4000",-1.93000786116017,"Unadjusted"
189,"4000",-2.06054646576637,"Unadjusted"
190,"4000",-2.08716641317481,"Unadjusted"
191,"4000",-2.01697792401401,"Unadjusted"
192,"4000",-2.06026068229515,"Unadjusted"
193,"4000",-1.99185019681133,"Unadjusted"
194,"4000",-1.92313780880321,"Unadjusted"
195,"4000",-2.01291197986591,"Unadjusted"
196,"4000",-2.03982505134226,"Unadjusted"
197,"4000",-2.11642890967657,"Unadjusted"
198,"4000",-2.06843086996875,"Unadjusted"
199,"4000",-2.04601955727795,"Unadjusted"
200,"4000",-1.96235881853563,"Unadjusted"
201,"4000",-1.95301114633191,"Unadjusted"
202,"4000",-1.98449685077911,"Unadjusted"
203,"4000",-2.04727543790105,"Unadjusted"
204,"4000",-2.00838530881103,"Unadjusted"
205,"4000",-1.99511102676916,"Unadjusted"
206,"4000",-2.0509325734712,"Unadjusted"
207,"4000",-1.9942062968631,"Unadjusted"
208,"4000",-1.95993920347772,"Unadjusted"
209,"4000",-2.00306780151012,"Unadjusted"
210,"4000",-2.05235624937346,"Unadjusted"
211,"4000",-2.02045821040242,"Unadjusted"
212,"4000",-1.99260824186784,"Unadjusted"
213,"4000",-1.96261447982489,"Unadjusted"
214,"4000",-2.08684718330304,"Unadjusted"
215,"4000",-2.0626603250409,"Unadjusted"
216,"4000",-1.92349144207453,"Unadjusted"
217,"4000",-2.07457357447875,"Unadjusted"
218,"4000",-2.00262947538663,"Unadjusted"
219,"4000",-2.0573742708345,"Unadjusted"
220,"4000",-1.98305092976696,"Unadjusted"
221,"4000",-1.92272852960393,"Unadjusted"
222,"4000",-1.93440125928939,"Unadjusted"
223,"4000",-2.08874848447872,"Unadjusted"
224,"4000",-2.0629661424792,"Unadjusted"
225,"4000",-2.02818120167461,"Unadjusted"
226,"4000",-2.00111053263878,"Unadjusted"
227,"4000",-2.00328820973583,"Unadjusted"
228,"4000",-1.93753070042869,"Unadjusted"
229,"4000",-2.0380234522638,"Unadjusted"
230,"4000",-2.0260275009806,"Unadjusted"
231,"4000",-2.07677689645628,"Unadjusted"
232,"4000",-2.01030070999068,"Unadjusted"
233,"4000",-2.0830183774568,"Unadjusted"
234,"4000",-1.91263775575138,"Unadjusted"
235,"4000",-2.09578894046051,"Unadjusted"
236,"4000",-1.97642853420757,"Unadjusted"
237,"4000",-2.02271632552283,"Unadjusted"
238,"4000",-2.05842187656946,"Unadjusted"
239,"4000",-1.964637307834,"Unadjusted"
240,"4000",-1.94201735475218,"Unadjusted"
241,"4000",-2.08119219336457,"Unadjusted"
242,"4000",-2.06273247104474,"Unadjusted"
243,"4000",-2.00463120354478,"Unadjusted"
244,"4000",-2.06266380525278,"Unadjusted"
245,"4000",-1.94960503504937,"Unadjusted"
246,"4000",-2.07564492400554,"Unadjusted"
247,"4000",-2.02487350602474,"Unadjusted"
248,"4000",-2.01683020646831,"Unadjusted"
249,"4000",-2.07156798430062,"Unadjusted"
250,"4000",-2.12527847793401,"Unadjusted"
251,"4000",-2.0387836893206,"Unadjusted"
252,"4000",-2.13179765258205,"Unadjusted"
253,"4000",-1.97636309188739,"Unadjusted"
254,"4000",-1.95676071208457,"Unadjusted"
255,"4000",-2.07351964492783,"Unadjusted"
256,"4000",-1.9911012689796,"Unadjusted"
257,"4000",-1.94513170891688,"Unadjusted"
258,"4000",-2.03499566590761,"Unadjusted"
259,"4000",-1.93383715198704,"Unadjusted"
260,"4000",-1.93159498116606,"Unadjusted"
261,"4000",-2.01021517262068,"Unadjusted"
262,"4000",-1.92298547261432,"Unadjusted"
263,"4000",-2.12682883671683,"Unadjusted"
264,"4000",-2.03682258493348,"Unadjusted"
265,"4000",-2.05141676572195,"Unadjusted"
266,"4000",-2.09128838709372,"Unadjusted"
267,"4000",-1.95122445456778,"Unadjusted"
268,"4000",-1.96422109113484,"Unadjusted"
269,"4000",-2.03788797288022,"Unadjusted"
270,"4000",-2.11526814546357,"Unadjusted"
271,"4000",-2.03272106376565,"Unadjusted"
272,"4000",-1.98794710824428,"Unadjusted"
273,"4000",-2.07131469628163,"Unadjusted"
274,"4000",-1.98640812908958,"Unadjusted"
275,"4000",-2.00911163232744,"Unadjusted"
276,"4000",-1.92210256533521,"Unadjusted"
277,"4000",-1.91300699406403,"Unadjusted"
278,"4000",-2.02784518155464,"Unadjusted"
279,"4000",-2.09200815805305,"Unadjusted"
280,"4000",-2.04390279524854,"Unadjusted"
281,"4000",-2.03531567277721,"Unadjusted"
282,"4000",-1.96796940183624,"Unadjusted"
283,"4000",-1.94073806743073,"Unadjusted"
284,"4000",-2.00374544740703,"Unadjusted"
285,"4000",-1.96955455840904,"Unadjusted"
286,"4000",-2.1129456305508,"Unadjusted"
287,"4000",-1.93380499343934,"Unadjusted"
288,"4000",-2.06530868264242,"Unadjusted"
289,"4000",-1.98971255998753,"Unadjusted"
290,"4000",-1.94412998742323,"Unadjusted"
291,"4000",-2.00855379369972,"Unadjusted"
292,"4000",-1.99861358614347,"Unadjusted"
293,"4000",-1.99706530730085,"Unadjusted"
294,"4000",-1.90575777411258,"Unadjusted"
295,"4000",-2.13779373848606,"Unadjusted"
296,"4000",-2.010310491963,"Unadjusted"
297,"4000",-2.01630908952618,"Unadjusted"
298,"4000",-1.97379656533794,"Unadjusted"
299,"4000",-2.0923115508548,"Unadjusted"
300,"4000",-2.01197961077728,"Unadjusted"
301,"4000",-2.01906062694508,"Unadjusted"
302,"4000",-2.02491767741494,"Unadjusted"
303,"4000",-2.0940890618759,"Unadjusted"
304,"4000",-2.02871255832666,"Unadjusted"
305,"4000",-2.02050426342217,"Unadjusted"
306,"4000",-1.92772043475259,"Unadjusted"
307,"4000",-1.99427151452249,"Unadjusted"
308,"4000",-1.9759404947025,"Unadjusted"
309,"4000",-2.06761595185094,"Unadjusted"
310,"4000",-1.97428321585798,"Unadjusted"
311,"4000",-1.98803563586854,"Unadjusted"
312,"4000",-1.99574817773621,"Unadjusted"
313,"4000",-2.04125443821622,"Unadjusted"
314,"4000",-1.95268831527597,"Unadjusted"
315,"4000",-1.97068903402362,"Unadjusted"
316,"4000",-1.88363452275175,"Unadjusted"
317,"4000",-2.04338197288285,"Unadjusted"
318,"4000",-2.05135468681927,"Unadjusted"
319,"4000",-1.94601761061568,"Unadjusted"
320,"4000",-2.04757089624898,"Unadjusted"
321,"4000",-1.9617342989018,"Unadjusted"
322,"4000",-2.02394245540914,"Unadjusted"
323,"4000",-2.02703959362468,"Unadjusted"
324,"4000",-2.03566707997841,"Unadjusted"
325,"4000",-2.00424359584911,"Unadjusted"
326,"4000",-2.00028452367752,"Unadjusted"
327,"4000",-1.95416039850778,"Unadjusted"
328,"4000",-2.08816679219908,"Unadjusted"
329,"4000",-2.01616719708298,"Unadjusted"
330,"4000",-2.09686458382468,"Unadjusted"
331,"4000",-1.96995541206794,"Unadjusted"
332,"4000",-2.04408069478004,"Unadjusted"
333,"4000",-2.01554889160826,"Unadjusted"
334,"4000",-1.91854536980306,"Unadjusted"
335,"4000",-2.06006227511214,"Unadjusted"
336,"4000",-2.04496469968944,"Unadjusted"
337,"4000",-2.08682831446388,"Unadjusted"
338,"4000",-1.9205518398022,"Unadjusted"
339,"4000",-2.05774215421065,"Unadjusted"
340,"4000",-2.00785910491957,"Unadjusted"
341,"4000",-1.98734092758424,"Unadjusted"
342,"4000",-1.9925875626835,"Unadjusted"
343,"4000",-1.98743179238747,"Unadjusted"
344,"4000",-1.97697838748291,"Unadjusted"
345,"4000",-2.00557514271387,"Unadjusted"
346,"4000",-1.98006186804332,"Unadjusted"
347,"4000",-2.00617826371845,"Unadjusted"
348,"4000",-2.06518854135521,"Unadjusted"
349,"4000",-2.09409614537318,"Unadjusted"
350,"4000",-1.9903775898687,"Unadjusted"
351,"4000",-2.03816603705522,"Unadjusted"
352,"4000",-1.98043866269949,"Unadjusted"
353,"4000",-2.02274548698155,"Unadjusted"
354,"4000",-2.09566596291156,"Unadjusted"
355,"4000",-2.12767993580316,"Unadjusted"
356,"4000",-1.97527501400781,"Unadjusted"
357,"4000",-2.05251926304287,"Unadjusted"
358,"4000",-2.04076047455621,"Unadjusted"
359,"4000",-2.08914405908348,"Unadjusted"
360,"4000",-2.03040207446139,"Unadjusted"
361,"4000",-2.13618699994549,"Unadjusted"
362,"4000",-1.93113834053789,"Unadjusted"
363,"4000",-1.9045435329956,"Unadjusted"
364,"4000",-2.00462825083771,"Unadjusted"
365,"4000",-2.07440730500936,"Unadjusted"
366,"4000",-2.0551460656435,"Unadjusted"
367,"4000",-2.01144370051876,"Unadjusted"
368,"4000",-1.9207986458822,"Unadjusted"
369,"4000",-2.12911298050591,"Unadjusted"
370,"4000",-2.07303254811246,"Unadjusted"
371,"4000",-2.00679059711351,"Unadjusted"
372,"4000",-2.06225492575909,"Unadjusted"
373,"4000",-2.00991384618458,"Unadjusted"
374,"4000",-2.08127934620877,"Unadjusted"
375,"4000",-2.06959559563488,"Unadjusted"
376,"4000",-1.99692322249954,"Unadjusted"
377,"4000",-2.0612507405106,"Unadjusted"
378,"4000",-2.08657314554147,"Unadjusted"
379,"4000",-2.03120350307978,"Unadjusted"
380,"4000",-1.95366727257982,"Unadjusted"
381,"4000",-2.10238352271174,"Unadjusted"
382,"4000",-2.05767169626938,"Unadjusted"
383,"4000",-2.04802612202634,"Unadjusted"
384,"4000",-1.9916628909541,"Unadjusted"
385,"4000",-1.92804419748608,"Unadjusted"
386,"4000",-2.11728319512047,"Unadjusted"
387,"4000",-2.04403912458068,"Unadjusted"
388,"4000",-2.12872942053473,"Unadjusted"
389,"4000",-2.07779396989717,"Unadjusted"
390,"4000",-1.91636620433326,"Unadjusted"
391,"4000",-2.11840824573153,"Unadjusted"
392,"4000",-2.00864781411084,"Unadjusted"
393,"4000",-1.99588617580839,"Unadjusted"
394,"4000",-2.04369608354563,"Unadjusted"
395,"4000",-2.00565063883812,"Unadjusted"
396,"4000",-2.09801477115381,"Unadjusted"
397,"4000",-2.0177862735077,"Unadjusted"
398,"4000",-1.99297426948737,"Unadjusted"
399,"4000",-2.09592171098229,"Unadjusted"
400,"4000",-2.00455300950654,"Unadjusted"
401,"4000",-2.09938640641861,"Unadjusted"
402,"4000",-1.97870621351062,"Unadjusted"
403,"4000",-2.08642936660306,"Unadjusted"
404,"4000",-1.94859841856321,"Unadjusted"
405,"4000",-2.09696509869596,"Unadjusted"
406,"4000",-2.08048526358351,"Unadjusted"
407,"4000",-1.94228617102162,"Unadjusted"
408,"4000",-2.160868990055,"Unadjusted"
409,"4000",-2.0102385062599,"Unadjusted"
410,"4000",-1.9689144256141,"Unadjusted"
411,"4000",-1.99059111930178,"Unadjusted"
412,"4000",-2.05735454199166,"Unadjusted"
413,"4000",-2.05887057822095,"Unadjusted"
414,"4000",-2.03859226227877,"Unadjusted"
415,"4000",-2.03514161643688,"Unadjusted"
416,"4000",-2.045028240183,"Unadjusted"
417,"4000",-1.95604923567098,"Unadjusted"
418,"4000",-2.01523993483595,"Unadjusted"
419,"4000",-1.97681665746805,"Unadjusted"
420,"4000",-1.98508354101805,"Unadjusted"
421,"4000",-1.96835914864222,"Unadjusted"
422,"4000",-2.10960467190331,"Unadjusted"
423,"4000",-1.97426988092967,"Unadjusted"
424,"4000",-1.99416315002503,"Unadjusted"
425,"4000",-1.99363926271425,"Unadjusted"
426,"4000",-2.03377778548051,"Unadjusted"
427,"4000",-2.07375444438923,"Unadjusted"
428,"4000",-2.09121517613945,"Unadjusted"
429,"4000",-2.06876799583971,"Unadjusted"
430,"4000",-2.04567683610653,"Unadjusted"
431,"4000",-2.03304447925263,"Unadjusted"
432,"4000",-2.04609240464853,"Unadjusted"
433,"4000",-1.95078757723642,"Unadjusted"
434,"4000",-2.022104244897,"Unadjusted"
435,"4000",-2.07859960161476,"Unadjusted"
436,"4000",-2.00293565936468,"Unadjusted"
437,"4000",-1.99607635049502,"Unadjusted"
438,"4000",-2.03774297488328,"Unadjusted"
439,"4000",-2.05533155255321,"Unadjusted"
440,"4000",-2.07186449093089,"Unadjusted"
441,"4000",-2.02384904706779,"Unadjusted"
442,"4000",-2.06236567151582,"Unadjusted"
443,"4000",-1.95750069936263,"Unadjusted"
444,"4000",-1.87250322891634,"Unadjusted"
445,"4000",-1.98633107553399,"Unadjusted"
446,"4000",-2.03680409410861,"Unadjusted"
447,"4000",-2.02137844952922,"Unadjusted"
448,"4000",-1.95658420403565,"Unadjusted"
449,"4000",-2.08007989186491,"Unadjusted"
450,"4000",-2.03485950131984,"Unadjusted"
451,"4000",-1.97722461627219,"Unadjusted"
452,"4000",-2.00407669312999,"Unadjusted"
453,"4000",-1.97506021332743,"Unadjusted"
454,"4000",-1.97777155483781,"Unadjusted"
455,"4000",-2.00434269663361,"Unadjusted"
456,"4000",-2.09930063267,"Unadjusted"
457,"4000",-1.98292809979384,"Unadjusted"
458,"4000",-1.92796142953581,"Unadjusted"
459,"4000",-2.13096006648886,"Unadjusted"
460,"4000",-2.08034951514242,"Unadjusted"
461,"4000",-2.00462093022164,"Unadjusted"
462,"4000",-1.99616415194711,"Unadjusted"
463,"4000",-2.15533880685107,"Unadjusted"
464,"4000",-2.18730241859323,"Unadjusted"
465,"4000",-2.10135074019567,"Unadjusted"
466,"4000",-2.04762145803855,"Unadjusted"
467,"4000",-2.00998178712806,"Unadjusted"
468,"4000",-2.06003705268593,"Unadjusted"
469,"4000",-1.95659915368578,"Unadjusted"
470,"4000",-2.00864441913947,"Unadjusted"
471,"4000",-1.94855458676856,"Unadjusted"
472,"4000",-2.05749218932915,"Unadjusted"
473,"4000",-1.9652769463771,"Unadjusted"
474,"4000",-2.02617115738343,"Unadjusted"
475,"4000",-1.92181451270175,"Unadjusted"
476,"4000",-1.92059025742285,"Unadjusted"
477,"4000",-2.07330409715614,"Unadjusted"
478,"4000",-2.02014150060392,"Unadjusted"
479,"4000",-2.10111431906971,"Unadjusted"
480,"4000",-1.90776180310495,"Unadjusted"
481,"4000",-2.01790222551212,"Unadjusted"
482,"4000",-1.92997989755432,"Unadjusted"
483,"4000",-2.02596808290184,"Unadjusted"
484,"4000",-1.89712819563717,"Unadjusted"
485,"4000",-2.00556049784866,"Unadjusted"
486,"4000",-1.94324466541611,"Unadjusted"
487,"4000",-2.01427337770016,"Unadjusted"
488,"4000",-2.03961814110939,"Unadjusted"
489,"4000",-2.04848464926878,"Unadjusted"
490,"4000",-2.09623522226478,"Unadjusted"
491,"4000",-1.96746514710434,"Unadjusted"
492,"4000",-2.11673685083842,"Unadjusted"
493,"4000",-2.04137630668018,"Unadjusted"
494,"4000",-2.11602646378562,"Unadjusted"
495,"4000",-1.89828534595876,"Unadjusted"
496,"4000",-2.02209829240225,"Unadjusted"
497,"4000",-1.97357590092418,"Unadjusted"
498,"4000",-2.08589600208743,"Unadjusted"
499,"4000",-2.05827307321651,"Unadjusted"
500,"4000",-2.05889051915523,"Unadjusted"
501,"4000",-2.06626515038846,"Unadjusted"
502,"4000",-2.01076992916534,"Unadjusted"
503,"4000",-1.98652565003126,"Unadjusted"
504,"4000",-2.13045513758707,"Unadjusted"
505,"4000",-2.08589785016438,"Unadjusted"
506,"4000",-1.89865577157319,"Unadjusted"
507,"4000",-1.96803914457751,"Unadjusted"
508,"4000",-1.99062615312394,"Unadjusted"
509,"4000",-1.96346938643433,"Unadjusted"
510,"4000",-2.00154156601193,"Unadjusted"
511,"4000",-1.93678032370924,"Unadjusted"
512,"4000",-2.06707390416969,"Unadjusted"
513,"4000",-2.11099460391132,"Unadjusted"
514,"4000",-1.95542861121672,"Unadjusted"
515,"4000",-2.02463477739938,"Unadjusted"
516,"4000",-1.99298139746894,"Unadjusted"
517,"4000",-2.11420531887485,"Unadjusted"
518,"4000",-1.935210698493,"Unadjusted"
519,"4000",-1.97615726857058,"Unadjusted"
520,"4000",-2.01412002432526,"Unadjusted"
521,"4000",-2.01352706659004,"Unadjusted"
522,"4000",-1.93186906464488,"Unadjusted"
523,"4000",-2.09416026115473,"Unadjusted"
524,"4000",-1.86960447626315,"Unadjusted"
525,"4000",-1.9912403739277,"Unadjusted"
526,"4000",-1.96996128768022,"Unadjusted"
527,"4000",-1.9917302163685,"Unadjusted"
528,"4000",-2.06229961332749,"Unadjusted"
529,"4000",-1.98729710118196,"Unadjusted"
530,"4000",-2.03383655083361,"Unadjusted"
531,"4000",-2.01315293533627,"Unadjusted"
532,"4000",-1.99762211371228,"Unadjusted"
533,"4000",-2.01307668884797,"Unadjusted"
534,"4000",-2.00952158427823,"Unadjusted"
535,"4000",-2.08723003019317,"Unadjusted"
536,"4000",-2.00237626545072,"Unadjusted"
537,"4000",-2.0438272602765,"Unadjusted"
538,"4000",-1.9175885171767,"Unadjusted"
539,"4000",-2.08798001505551,"Unadjusted"
540,"4000",-2.01876937473722,"Unadjusted"
541,"4000",-1.96238664015653,"Unadjusted"
542,"4000",-2.04109667270876,"Unadjusted"
543,"4000",-2.0032132069898,"Unadjusted"
544,"4000",-2.10458301720187,"Unadjusted"
545,"4000",-2.02792527673029,"Unadjusted"
546,"4000",-1.92054440232835,"Unadjusted"
547,"4000",-1.99041247699786,"Unadjusted"
548,"4000",-2.05487467433521,"Unadjusted"
549,"4000",-2.01399431957347,"Unadjusted"
550,"4000",-2.0159173813946,"Unadjusted"
551,"4000",-1.99038240389906,"Unadjusted"
552,"4000",-2.03535540595699,"Unadjusted"
553,"4000",-1.90937359754901,"Unadjusted"
554,"4000",-2.06276378951198,"Unadjusted"
555,"4000",-2.01834968136814,"Unadjusted"
556,"4000",-2.06133648451408,"Unadjusted"
557,"4000",-2.06857697473568,"Unadjusted"
558,"4000",-1.93315778396205,"Unadjusted"
559,"4000",-1.99240763896674,"Unadjusted"
560,"4000",-2.15914859157007,"Unadjusted"
561,"4000",-1.94656697249351,"Unadjusted"
562,"4000",-1.94747993726125,"Unadjusted"
563,"4000",-2.19731207162122,"Unadjusted"
564,"4000",-2.0123027796849,"Unadjusted"
565,"4000",-1.9848104501789,"Unadjusted"
566,"4000",-1.99254257113342,"Unadjusted"
567,"4000",-2.02650354748736,"Unadjusted"
568,"4000",-2.07524014306748,"Unadjusted"
569,"4000",-1.96989442068535,"Unadjusted"
570,"4000",-1.97823699327172,"Unadjusted"
571,"4000",-1.98598194008335,"Unadjusted"
572,"4000",-1.92749912445524,"Unadjusted"
573,"4000",-2.00753644840164,"Unadjusted"
574,"4000",-1.88473313175983,"Unadjusted"
575,"4000",-2.06749522226424,"Unadjusted"
576,"4000",-1.94439418432774,"Unadjusted"
577,"4000",-1.98521832476002,"Unadjusted"
578,"4000",-2.15356528378127,"Unadjusted"
579,"4000",-1.99825237931682,"Unadjusted"
580,"4000",-1.97061459195082,"Unadjusted"
581,"4000",-1.96621583072208,"Unadjusted"
582,"4000",-2.05170819024085,"Unadjusted"
583,"4000",-1.86785892589156,"Unadjusted"
584,"4000",-2.01612379220478,"Unadjusted"
585,"4000",-2.01247994318814,"Unadjusted"
586,"4000",-2.03585971237951,"Unadjusted"
587,"4000",-2.06955119457608,"Unadjusted"
588,"4000",-2.05883725787872,"Unadjusted"
589,"4000",-1.94433068724406,"Unadjusted"
590,"4000",-2.05343950578123,"Unadjusted"
591,"4000",-1.9826438372837,"Unadjusted"
592,"4000",-2.01281433081517,"Unadjusted"
593,"4000",-2.05301658773864,"Unadjusted"
594,"4000",-2.11136535082466,"Unadjusted"
595,"4000",-1.99524335147704,"Unadjusted"
596,"4000",-2.01939291965154,"Unadjusted"
597,"4000",-2.00070321651377,"Unadjusted"
598,"4000",-2.05940888796216,"Unadjusted"
599,"4000",-2.01421079351165,"Unadjusted"
600,"4000",-2.01524796328168,"Unadjusted"
601,"4000",-1.96309497815857,"Unadjusted"
602,"4000",-2.00717488128124,"Unadjusted"
603,"4000",-2.01871264538961,"Unadjusted"
604,"4000",-1.98117574123039,"Unadjusted"
605,"4000",-1.95799345764676,"Unadjusted"
606,"4000",-2.04742317801307,"Unadjusted"
607,"4000",-2.04750234622423,"Unadjusted"
608,"4000",-2.01439776611438,"Unadjusted"
609,"4000",-2.03701592927925,"Unadjusted"
610,"4000",-1.94355896013618,"Unadjusted"
611,"4000",-1.94141185122676,"Unadjusted"
612,"4000",-2.14410997844242,"Unadjusted"
613,"4000",-2.10318129314657,"Unadjusted"
614,"4000",-1.90572074696251,"Unadjusted"
615,"4000",-2.05101612474941,"Unadjusted"
616,"4000",-2.04725603681262,"Unadjusted"
617,"4000",-2.06462231049335,"Unadjusted"
618,"4000",-1.94730947477968,"Unadjusted"
619,"4000",-1.9880325206974,"Unadjusted"
620,"4000",-2.06450929251663,"Unadjusted"
621,"4000",-2.01729494219613,"Unadjusted"
622,"4000",-2.06765498469193,"Unadjusted"
623,"4000",-1.9993169776628,"Unadjusted"
624,"4000",-2.03424516331309,"Unadjusted"
625,"4000",-2.0101796113307,"Unadjusted"
626,"4000",-2.10259187273891,"Unadjusted"
627,"4000",-2.05348329381913,"Unadjusted"
628,"4000",-2.01824331427551,"Unadjusted"
629,"4000",-2.03715552892794,"Unadjusted"
630,"4000",-1.99129533753953,"Unadjusted"
631,"4000",-2.02529614292336,"Unadjusted"
632,"4000",-2.09016612825091,"Unadjusted"
633,"4000",-2.05980560849423,"Unadjusted"
634,"4000",-1.99152180410293,"Unadjusted"
635,"4000",-1.92856441965865,"Unadjusted"
636,"4000",-2.01782354429297,"Unadjusted"
637,"4000",-1.97591112703766,"Unadjusted"
638,"4000",-2.00842432359481,"Unadjusted"
639,"4000",-2.07634503470193,"Unadjusted"
640,"4000",-2.00070847434698,"Unadjusted"
641,"4000",-2.00745747940019,"Unadjusted"
642,"4000",-2.05553858058826,"Unadjusted"
643,"4000",-1.98944197590735,"Unadjusted"
644,"4000",-2.08785501646702,"Unadjusted"
645,"4000",-1.99933631109147,"Unadjusted"
646,"4000",-1.97756131435483,"Unadjusted"
647,"4000",-2.07362607614715,"Unadjusted"
648,"4000",-1.96625712950159,"Unadjusted"
649,"4000",-1.98558584548282,"Unadjusted"
650,"4000",-2.04869908731527,"Unadjusted"
651,"4000",-2.00252900658993,"Unadjusted"
652,"4000",-1.97245388065681,"Unadjusted"
653,"4000",-2.00358556219065,"Unadjusted"
654,"4000",-1.99018398792754,"Unadjusted"
655,"4000",-2.01821247390793,"Unadjusted"
656,"4000",-2.04453703865153,"Unadjusted"
657,"4000",-1.97068405357341,"Unadjusted"
658,"4000",-2.07484357463208,"Unadjusted"
659,"4000",-1.94732647764673,"Unadjusted"
660,"4000",-2.00614731304544,"Unadjusted"
661,"4000",-2.02628094521118,"Unadjusted"
662,"4000",-1.95831990740538,"Unadjusted"
663,"4000",-2.06123316938939,"Unadjusted"
664,"4000",-1.99133876543778,"Unadjusted"
665,"4000",-2.03282976123759,"Unadjusted"
666,"4000",-2.07959887938365,"Unadjusted"
667,"4000",-1.99415422505047,"Unadjusted"
668,"4000",-2.02022823143543,"Unadjusted"
669,"4000",-2.02856819019748,"Unadjusted"
670,"4000",-2.16403839911331,"Unadjusted"
671,"4000",-1.96149704968763,"Unadjusted"
672,"4000",-2.0261527915332,"Unadjusted"
673,"4000",-1.95635088236753,"Unadjusted"
674,"4000",-1.9465116806175,"Unadjusted"
675,"4000",-1.99175859071269,"Unadjusted"
676,"4000",-2.02921328043742,"Unadjusted"
677,"4000",-2.06157776301335,"Unadjusted"
678,"4000",-2.16733279371256,"Unadjusted"
679,"4000",-2.04271026672985,"Unadjusted"
680,"4000",-2.13142787249816,"Unadjusted"
681,"4000",-2.01897370408931,"Unadjusted"
682,"4000",-1.93898350870076,"Unadjusted"
683,"4000",-2.01371997102787,"Unadjusted"
684,"4000",-1.95855525713838,"Unadjusted"
685,"4000",-1.98701496746906,"Unadjusted"
686,"4000",-2.00553479089608,"Unadjusted"
687,"4000",-2.16093358162437,"Unadjusted"
688,"4000",-2.03832914757798,"Unadjusted"
689,"4000",-1.88930218175227,"Unadjusted"
690,"4000",-1.96346001679756,"Unadjusted"
691,"4000",-1.93700750445392,"Unadjusted"
692,"4000",-2.02819904719627,"Unadjusted"
693,"4000",-2.00033198561512,"Unadjusted"
694,"4000",-1.98125536019572,"Unadjusted"
695,"4000",-1.96910962008629,"Unadjusted"
696,"4000",-2.07936547196888,"Unadjusted"
697,"4000",-2.09681068800131,"Unadjusted"
698,"4000",-1.96903509186653,"Unadjusted"
699,"4000",-2.07605888820371,"Unadjusted"
700,"4000",-1.92988197756198,"Unadjusted"
701,"4000",-1.98388038341364,"Unadjusted"
702,"4000",-2.04534666021239,"Unadjusted"
703,"4000",-2.11112772292159,"Unadjusted"
704,"4000",-2.01595390014445,"Unadjusted"
705,"4000",-1.95307848784874,"Unadjusted"
706,"4000",-2.02395859294914,"Unadjusted"
707,"4000",-1.99701282298854,"Unadjusted"
708,"4000",-2.13216585600369,"Unadjusted"
709,"4000",-2.00625660403612,"Unadjusted"
710,"4000",-2.02892711336097,"Unadjusted"
711,"4000",-1.94153091003881,"Unadjusted"
712,"4000",-2.02478148505033,"Unadjusted"
713,"4000",-2.16027539909184,"Unadjusted"
714,"4000",-2.08373859035028,"Unadjusted"
715,"4000",-1.90892377212039,"Unadjusted"
716,"4000",-2.01973230437775,"Unadjusted"
717,"4000",-1.91205832655214,"Unadjusted"
718,"4000",-1.91144033855566,"Unadjusted"
719,"4000",-1.98244359247193,"Unadjusted"
720,"4000",-1.84486568898949,"Unadjusted"
721,"4000",-1.95575916988924,"Unadjusted"
722,"4000",-1.99265428417594,"Unadjusted"
723,"4000",-2.10770431935462,"Unadjusted"
724,"4000",-2.09215720870973,"Unadjusted"
725,"4000",-2.01895449402553,"Unadjusted"
726,"4000",-2.01259239553639,"Unadjusted"
727,"4000",-1.98682192814906,"Unadjusted"
728,"4000",-2.04213048925024,"Unadjusted"
729,"4000",-2.05736930420311,"Unadjusted"
730,"4000",-2.00126369236671,"Unadjusted"
731,"4000",-1.99124837397,"Unadjusted"
732,"4000",-1.94344244688273,"Unadjusted"
733,"4000",-2.09739187608446,"Unadjusted"
734,"4000",-2.02118006187848,"Unadjusted"
735,"4000",-2.04181931335179,"Unadjusted"
736,"4000",-2.02502575364862,"Unadjusted"
737,"4000",-2.02208724710453,"Unadjusted"
738,"4000",-2.05682315132913,"Unadjusted"
739,"4000",-2.07358024985427,"Unadjusted"
740,"4000",-1.98406029137703,"Unadjusted"
741,"4000",-2.04346136903524,"Unadjusted"
742,"4000",-1.91460317633961,"Unadjusted"
743,"4000",-1.99484831110376,"Unadjusted"
744,"4000",-1.93689179038848,"Unadjusted"
745,"4000",-2.04255157826046,"Unadjusted"
746,"4000",-1.95785333510742,"Unadjusted"
747,"4000",-1.9920470671798,"Unadjusted"
748,"4000",-2.07807809980552,"Unadjusted"
749,"4000",-1.93331483614755,"Unadjusted"
750,"4000",-2.0333700785681,"Unadjusted"
751,"4000",-1.98801566980894,"Unadjusted"
752,"4000",-1.87263017740541,"Unadjusted"
753,"4000",-1.91130531885274,"Unadjusted"
754,"4000",-2.04362553382837,"Unadjusted"
755,"4000",-2.00079690554674,"Unadjusted"
756,"4000",-1.97576737402591,"Unadjusted"
757,"4000",-2.01129477058842,"Unadjusted"
758,"4000",-2.07156105024615,"Unadjusted"
759,"4000",-2.01299061369433,"Unadjusted"
760,"4000",-2.03159136540126,"Unadjusted"
761,"4000",-2.08374243765282,"Unadjusted"
762,"4000",-2.02701439485727,"Unadjusted"
763,"4000",-2.00135878455495,"Unadjusted"
764,"4000",-2.04467569412419,"Unadjusted"
765,"4000",-1.91575651784074,"Unadjusted"
766,"4000",-2.06977410163529,"Unadjusted"
767,"4000",-2.05260278162024,"Unadjusted"
768,"4000",-2.12058012549791,"Unadjusted"
769,"4000",-2.05551693241124,"Unadjusted"
770,"4000",-2.16665488551273,"Unadjusted"
771,"4000",-1.95497486645867,"Unadjusted"
772,"4000",-1.90773273894116,"Unadjusted"
773,"4000",-2.14011487188588,"Unadjusted"
774,"4000",-1.99322821681033,"Unadjusted"
775,"4000",-2.0617554619006,"Unadjusted"
776,"4000",-1.93021451659412,"Unadjusted"
777,"4000",-2.14517485487241,"Unadjusted"
778,"4000",-2.04584839805566,"Unadjusted"
779,"4000",-2.02684451493647,"Unadjusted"
780,"4000",-1.92677283227898,"Unadjusted"
781,"4000",-1.87205313613612,"Unadjusted"
782,"4000",-2.06962602673073,"Unadjusted"
783,"4000",-1.93568146053212,"Unadjusted"
784,"4000",-1.92602862684455,"Unadjusted"
785,"4000",-2.07572521322818,"Unadjusted"
786,"4000",-1.92264077798171,"Unadjusted"
787,"4000",-2.02624689320494,"Unadjusted"
788,"4000",-1.97114922900747,"Unadjusted"
789,"4000",-2.07750418770659,"Unadjusted"
790,"4000",-2.04332063016789,"Unadjusted"
791,"4000",-2.00522420027742,"Unadjusted"
792,"4000",-2.0137446240904,"Unadjusted"
793,"4000",-2.02257598106137,"Unadjusted"
794,"4000",-1.98161065315663,"Unadjusted"
795,"4000",-2.00302482392573,"Unadjusted"
796,"4000",-2.12968779056713,"Unadjusted"
797,"4000",-2.03156133856559,"Unadjusted"
798,"4000",-2.01745517356594,"Unadjusted"
799,"4000",-2.09248666269049,"Unadjusted"
800,"4000",-1.97796695577102,"Unadjusted"
801,"4000",-1.98737052223615,"Unadjusted"
802,"4000",-1.98331618292485,"Unadjusted"
803,"4000",-1.99811547491402,"Unadjusted"
804,"4000",-2.03661403569205,"Unadjusted"
805,"4000",-1.97298599177903,"Unadjusted"
806,"4000",-2.00529607077106,"Unadjusted"
807,"4000",-2.09621823167677,"Unadjusted"
808,"4000",-2.00063746325871,"Unadjusted"
809,"4000",-1.97339797547113,"Unadjusted"
810,"4000",-1.96635564367466,"Unadjusted"
811,"4000",-2.1209399264861,"Unadjusted"
812,"4000",-2.02109353047703,"Unadjusted"
813,"4000",-2.01879709149848,"Unadjusted"
814,"4000",-1.93123189883027,"Unadjusted"
815,"4000",-1.99326715726119,"Unadjusted"
816,"4000",-2.0508759947453,"Unadjusted"
817,"4000",-2.02762359232519,"Unadjusted"
818,"4000",-1.93302007856974,"Unadjusted"
819,"4000",-1.96901843659748,"Unadjusted"
820,"4000",-1.92858597588148,"Unadjusted"
821,"4000",-1.95045710816874,"Unadjusted"
822,"4000",-2.09248108409599,"Unadjusted"
823,"4000",-2.09587854182517,"Unadjusted"
824,"4000",-1.96164329450165,"Unadjusted"
825,"4000",-2.10797859629564,"Unadjusted"
826,"4000",-1.90094973641918,"Unadjusted"
827,"4000",-2.06644164580103,"Unadjusted"
828,"4000",-2.09507215589817,"Unadjusted"
829,"4000",-2.13545748940231,"Unadjusted"
830,"4000",-2.0623040549654,"Unadjusted"
831,"4000",-1.96297998500428,"Unadjusted"
832,"4000",-2.08270731651171,"Unadjusted"
833,"4000",-2.08829373861722,"Unadjusted"
834,"4000",-2.11104538968484,"Unadjusted"
835,"4000",-1.93948169532197,"Unadjusted"
836,"4000",-1.94350551270273,"Unadjusted"
837,"4000",-1.95432377420672,"Unadjusted"
838,"4000",-1.99500888424076,"Unadjusted"
839,"4000",-2.00341938686406,"Unadjusted"
840,"4000",-2.04954628021791,"Unadjusted"
841,"4000",-1.91627100028292,"Unadjusted"
842,"4000",-1.97190971339758,"Unadjusted"
843,"4000",-1.98255845009334,"Unadjusted"
844,"4000",-2.03897739624319,"Unadjusted"
845,"4000",-2.04401212754309,"Unadjusted"
846,"4000",-2.02719574731923,"Unadjusted"
847,"4000",-1.99721750544573,"Unadjusted"
848,"4000",-1.98879202867342,"Unadjusted"
849,"4000",-1.94129827643982,"Unadjusted"
850,"4000",-2.03278376888484,"Unadjusted"
851,"4000",-1.99604522463011,"Unadjusted"
852,"4000",-2.02537180299973,"Unadjusted"
853,"4000",-2.06098908640808,"Unadjusted"
854,"4000",-1.96600018272628,"Unadjusted"
855,"4000",-2.11989085463248,"Unadjusted"
856,"4000",-1.92020975350106,"Unadjusted"
857,"4000",-1.94912624323155,"Unadjusted"
858,"4000",-2.0620724618944,"Unadjusted"
859,"4000",-2.045484783405,"Unadjusted"
860,"4000",-2.04338065698192,"Unadjusted"
861,"4000",-2.03305683720438,"Unadjusted"
862,"4000",-2.09090818263834,"Unadjusted"
863,"4000",-1.9925116508783,"Unadjusted"
864,"4000",-2.03973048809138,"Unadjusted"
865,"4000",-2.04046769546012,"Unadjusted"
866,"4000",-2.09498759510608,"Unadjusted"
867,"4000",-2.08451460749033,"Unadjusted"
868,"4000",-2.01510395497862,"Unadjusted"
869,"4000",-1.98108517804804,"Unadjusted"
870,"4000",-2.01743906469476,"Unadjusted"
871,"4000",-1.9591223099597,"Unadjusted"
872,"4000",-2.03783343048544,"Unadjusted"
873,"4000",-2.14092674316529,"Unadjusted"
874,"4000",-2.06811407568843,"Unadjusted"
875,"4000",-1.95714677380366,"Unadjusted"
876,"4000",-2.00677720885115,"Unadjusted"
877,"4000",-1.94813822300588,"Unadjusted"
878,"4000",-2.0047231606625,"Unadjusted"
879,"4000",-1.97480592763748,"Unadjusted"
880,"4000",-1.97673507551685,"Unadjusted"
881,"4000",-1.95663614550992,"Unadjusted"
882,"4000",-1.95063473695795,"Unadjusted"
883,"4000",-1.96639889226628,"Unadjusted"
884,"4000",-2.12871755064954,"Unadjusted"
885,"4000",-1.97244475145174,"Unadjusted"
886,"4000",-1.90473511048576,"Unadjusted"
887,"4000",-2.12125695601815,"Unadjusted"
888,"4000",-2.06148385557881,"Unadjusted"
889,"4000",-2.10985858322873,"Unadjusted"
890,"4000",-1.93658683084434,"Unadjusted"
891,"4000",-2.04911584185414,"Unadjusted"
892,"4000",-1.94402803714605,"Unadjusted"
893,"4000",-2.07668660100309,"Unadjusted"
894,"4000",-2.01410005772973,"Unadjusted"
895,"4000",-2.00249380615744,"Unadjusted"
896,"4000",-2.0017720768341,"Unadjusted"
897,"4000",-2.05457090490815,"Unadjusted"
898,"4000",-2.00116736992631,"Unadjusted"
899,"4000",-2.09595004923874,"Unadjusted"
900,"4000",-1.9479539584112,"Unadjusted"
901,"4000",-1.96917046583474,"Unadjusted"
902,"4000",-2.07613100510651,"Unadjusted"
903,"4000",-2.07154165827817,"Unadjusted"
904,"4000",-2.00594980161433,"Unadjusted"
905,"4000",-2.01957326260045,"Unadjusted"
906,"4000",-2.07992845501374,"Unadjusted"
907,"4000",-1.95124064250569,"Unadjusted"
908,"4000",-1.98219550452961,"Unadjusted"
909,"4000",-2.02260606367471,"Unadjusted"
910,"4000",-2.0503109314671,"Unadjusted"
911,"4000",-1.97623885575017,"Unadjusted"
912,"4000",-2.12912292382998,"Unadjusted"
913,"4000",-2.05000583520555,"Unadjusted"
914,"4000",-2.01941613148647,"Unadjusted"
915,"4000",-2.06535815417099,"Unadjusted"
916,"4000",-2.01534468888753,"Unadjusted"
917,"4000",-1.99145106303348,"Unadjusted"
918,"4000",-1.98970818313694,"Unadjusted"
919,"4000",-2.02840451664041,"Unadjusted"
920,"4000",-1.97816996461277,"Unadjusted"
921,"4000",-1.98494032635253,"Unadjusted"
922,"4000",-1.96207671718308,"Unadjusted"
923,"4000",-1.96591583722643,"Unadjusted"
924,"4000",-1.95163954858396,"Unadjusted"
925,"4000",-1.9891456554903,"Unadjusted"
926,"4000",-2.01624435782206,"Unadjusted"
927,"4000",-2.13554653869678,"Unadjusted"
928,"4000",-1.92834505824911,"Unadjusted"
929,"4000",-2.04777237413957,"Unadjusted"
930,"4000",-2.04671361992285,"Unadjusted"
931,"4000",-2.06384279934869,"Unadjusted"
932,"4000",-2.05347090679552,"Unadjusted"
933,"4000",-1.98450087444987,"Unadjusted"
934,"4000",-2.04005403353258,"Unadjusted"
935,"4000",-1.99521289679202,"Unadjusted"
936,"4000",-2.03228351169341,"Unadjusted"
937,"4000",-1.9492678876094,"Unadjusted"
938,"4000",-1.94211926687237,"Unadjusted"
939,"4000",-1.99637733961684,"Unadjusted"
940,"4000",-2.04128905982899,"Unadjusted"
941,"4000",-2.0011753384182,"Unadjusted"
942,"4000",-1.9690150497346,"Unadjusted"
943,"4000",-1.94810053748412,"Unadjusted"
944,"4000",-2.02815024112589,"Unadjusted"
945,"4000",-2.10929650898329,"Unadjusted"
946,"4000",-1.85667267559557,"Unadjusted"
947,"4000",-2.07380632294821,"Unadjusted"
948,"4000",-1.9517144801413,"Unadjusted"
949,"4000",-1.99253089480137,"Unadjusted"
950,"4000",-1.99792852836593,"Unadjusted"
951,"4000",-2.02891678263387,"Unadjusted"
952,"4000",-2.01620823551694,"Unadjusted"
953,"4000",-1.98354922717137,"Unadjusted"
954,"4000",-2.02423099308574,"Unadjusted"
955,"4000",-2.12600968731631,"Unadjusted"
956,"4000",-1.90915054573856,"Unadjusted"
957,"4000",-2.2132478690063,"Unadjusted"
958,"4000",-1.99626072740307,"Unadjusted"
959,"4000",-1.94635587128414,"Unadjusted"
960,"4000",-1.96900751306641,"Unadjusted"
961,"4000",-2.04203007886453,"Unadjusted"
962,"4000",-2.08727068525348,"Unadjusted"
963,"4000",-2.08435872379013,"Unadjusted"
964,"4000",-1.96799482521688,"Unadjusted"
965,"4000",-1.94921383392281,"Unadjusted"
966,"4000",-1.97607975345702,"Unadjusted"
967,"4000",-2.08025972081333,"Unadjusted"
968,"4000",-1.97329694731149,"Unadjusted"
969,"4000",-2.00050882319658,"Unadjusted"
970,"4000",-2.02414454150917,"Unadjusted"
971,"4000",-2.0161222514004,"Unadjusted"
972,"4000",-1.90051414544644,"Unadjusted"
973,"4000",-1.99696783141196,"Unadjusted"
974,"4000",-2.07307430587326,"Unadjusted"
975,"4000",-2.05759912603136,"Unadjusted"
976,"4000",-2.06061043770241,"Unadjusted"
977,"4000",-2.00817774477642,"Unadjusted"
978,"4000",-1.99194814912755,"Unadjusted"
979,"4000",-1.96507662719101,"Unadjusted"
980,"4000",-2.05107493310556,"Unadjusted"
981,"4000",-2.10185956784645,"Unadjusted"
982,"4000",-1.95913203038975,"Unadjusted"
983,"4000",-1.97013351567257,"Unadjusted"
984,"4000",-1.99538278013901,"Unadjusted"
985,"4000",-2.17137402563198,"Unadjusted"
986,"4000",-1.92564756145965,"Unadjusted"
987,"4000",-2.01689626830416,"Unadjusted"
988,"4000",-1.99088996167196,"Unadjusted"
989,"4000",-2.01188931824506,"Unadjusted"
990,"4000",-1.94167966991926,"Unadjusted"
991,"4000",-1.99881457254356,"Unadjusted"
992,"4000",-1.97245334510897,"Unadjusted"
993,"4000",-2.07157089232276,"Unadjusted"
994,"4000",-2.11815605047695,"Unadjusted"
995,"4000",-2.00363726825071,"Unadjusted"
996,"4000",-1.95926969618918,"Unadjusted"
997,"4000",-2.09888473277516,"Unadjusted"
998,"4000",-1.98210890626292,"Unadjusted"
999,"4000",-1.89920786532822,"Unadjusted"
1000,"4000",-2.01395941933255,"Unadjusted"
