"X1","X2","X3","X4","X5","X6","X7","X8"
2.65935910773993,6.75920999040342,3.49899537432005,14.3442688368372,4.31279166570886,7.62976952539726,5.53809765238235,9.33610566012472
-14.6429401549438,49.9644208522827,3.81352288783314,11.5614766518404,NA,NA,5.03012298900136,7.74022325790751
2.29357686642042,8.20642292677865,3.58260447279936,6.77838233727283,4.87592364976937,9.66043915861451,5.6105850004952,9.5568177018089
2.40430975909985,11.1753143585979,3.62791103847912,10.7911499332079,4.47104018771906,8.59536277289642,5.2651354607265,8.24746677103708
2.43700930077065,9.85960530758931,3.46236607415177,15.329812084142,4.68758298831667,9.91954175448244,5.69421677330878,9.56123878076364
1.62465776446302,14.0192591197756,3.65020603335103,10.3935813343245,4.80936009014584,10.3194605559188,5.80251359746004,10.2798811048341
2.5517228985869,5.74803597906996,1.84051881679772,21.8043101134091,4.42591508343328,8.48588694039969,5.97874413180359,11.0365367225862
0.304934030367118,19.9134911270833,3.66557002174867,8.04578853459011,4.8744238552738,10.7041190083581,5.89008347211925,10.5202900241423
-1.13649967233949,23.0126458590384,3.6281822105918,9.07337910657285,5.18336638758335,13.5081120879217,5.77230668826088,10.2903445623722
-2.93567811353413,26.2836722131577,2.85103806555912,18.5924147285434,5.22532011521333,12.5190192580513,5.4414764999967,9.20141640153508
2.16096145278787,12.6154579472312,3.47544630555947,10.2176613127693,4.41144318481755,8.37092003298489,5.86099080841236,10.3283602412342
2.52794837966301,9.16727779553914,3.57376954074797,8.76168218255554,4.99792303729959,14.3916362095778,5.18439140395282,8.00132998665087
NA,NA,3.38920341346519,7.55788762590258,4.71561437528235,9.4283556411357,4.92541262204343,7.68839581671365
2.58222101646911,7.89796330615303,3.72030028206105,11.4515693999196,NA,NA,6.20020055981072,11.4893337704845
0.903209174562367,17.846554223323,3.72197802174099,9.9667130835057,4.14161947188886,7.26834859647093,4.69214298714395,7.03940995374167
0.308155537597047,18.5608459821846,3.67534837643969,10.8291048373476,4.77058518772746,10.2191757401052,5.6718117375042,10.0284233572747
1.04343985945877,16.3628151929121,3.6479751783243,10.5467798141725,4.13093942339022,6.97640422590157,4.6016838230389,6.78621578033108
2.17848308192044,11.2520072405056,3.55426880581191,13.1047317907773,4.69291588905052,9.83724422659237,6.10166194593099,11.4082736890672
-12.4122764024042,46.4738999953226,3.58985323398155,9.18518075821847,4.75439321052367,9.71160612698917,5.84068164083314,10.1717313804791
2.70975312108097,8.65267839625018,3.88496362672788,10.1746179983875,4.78409845781905,10.7200639507438,6.16085340923468,12.420457298583
2.49074730322007,11.0323143269429,3.55391106601149,8.38557297218419,4.98929196197565,11.3734324159099,4.99857100740679,7.66808803378731
-21.5337219122789,60.8038471935171,2.63965445715969,18.7518433286501,4.6991680845989,9.50456043082386,6.36178864781694,12.5065820506174
0.511651205191287,19.837476476967,3.46696501954013,12.7730348157848,5.1233691852405,12.0170911149763,5.41736383187184,9.14112651894985
0.978442460340592,16.6529563724322,3.44673974515206,8.58192195634317,4.93998532066841,10.618325328206,5.29466684256071,8.52270903586612
2.50533235250165,7.44852276919931,3.47579745419153,7.24613304029911,5.17089596692639,14.3110910591124,4.97604020190063,7.66775218505631
0.300244123474986,17.5234650806758,3.61941115268843,12.8909591638208,4.42394463076433,8.72674369759028,4.69652193634268,6.91576325089735
2.40071847020896,8.77456619529228,3.47972259737808,8.53213473551708,3.93576542433918,6.25888262295563,6.16999715295775,11.5939914278002
-1.74379581814477,23.7007306801373,3.55373109720894,13.4627537377936,4.45874305182488,8.29044456680522,5.79598274511781,10.1212741847851
2.71015509480769,7.52789616635986,3.69995174462479,12.073540673996,5.33544121063174,14.7086282207928,5.10599189085139,7.99035888681101
1.28321493051042,15.3847751767799,2.41602057663634,19.7554382447669,4.92863674056342,14.1626701636782,5.48712246565595,9.06687902270374
2.76933676983074,6.77616681804332,NA,NA,4.31408902625968,8.00471596660914,6.6012041633608,13.356664290106
-1.71333011670249,24.8366774445053,3.48023991111823,13.6168434763327,4.70625177248465,9.72990496435129,6.06167663009319,11.6198461735941
2.69857832511537,7.42709039058919,3.36672784687548,13.4483103102571,4.48949215836767,8.26728122326136,5.30972139881817,8.50858416919089
NA,NA,3.60350817617567,10.8734295820363,4.78783889294836,9.32095322630728,5.29494395751085,8.62128218995133
2.24944181548527,10.9652887413928,3.71584605728521,11.4530159484981,4.85044787048403,10.2406386800527,5.62110884634467,9.69309462354219
1.98922034877366,12.0035086174837,3.81959203627083,11.2443967729611,4.62496118332557,9.52443252707826,5.88373017635278,10.6550496163678
2.94016554425452,9.08803201330427,3.73875677292876,9.54767303507603,4.50013303236059,8.2986309598492,4.42503612450352,6.42683280172287
2.66877637156925,8.9230352265594,3.7108573160314,9.00147904559536,4.56097269964619,9.40017213302279,6.50121426154301,13.0193306375379
-0.0595085842007812,20.5475056086931,2.24816287183935,18.0933947980534,5.15773399014044,12.0710560522955,5.03183952787343,7.79136585603746
-3.55705691275532,28.3335266701805,3.62941305008008,14.2183003963705,NA,NA,5.77133300000827,10.1077117499055
0.914101897426807,17.2414136901333,3.65003826286151,11.6916697088382,4.63332210333734,10.3005493707029,5.55559040277844,9.54072420058234
2.77252371791786,9.5777478621234,3.38624567759376,7.21594433252771,4.49930645798955,9.0169568523287,5.47609957626844,9.07560227224517
-0.806186949378311,24.4851103838836,3.54140894031066,12.2168833095406,4.66954484348956,9.19639179029827,6.06335836424488,11.3328398208497
NA,NA,3.89974876334816,11.4357314256144,4.62093576699128,9.46581883198907,5.77053176852521,9.59554173759161
0.81028667095207,17.5774215309593,3.56131842434794,7.77201466350161,4.82109639792786,10.0236670997029,4.57526277609253,6.77367927548992
-15.1498941775546,50.9537263460921,2.07472462049676,19.807082107244,4.38548789865041,8.47635226360006,5.55131210121732,9.23519682541333
-18.1639874901176,55.9852366133248,3.55048858691321,8.54003017750526,5.1006744127271,12.7630044302757,5.12725897191621,8.04875741249315
2.48630400235501,8.33556884276208,3.4924459130727,11.5207903584893,4.8018028124932,9.48028961466857,5.72850814633781,9.87786591014189
2.64763244923418,8.6023305949192,3.65717564216558,10.2270777470195,4.66081457003951,9.56815402041813,5.62329646188696,9.63896679130287
2.74827783226756,9.70863283991555,NA,NA,4.87745290188533,11.0149758607874,4.92970872806134,7.62972888670641
0.988336301799173,19.13698435988,3.56959446206544,14.9340545540575,5.01800665999994,12.9758852277428,5.00615728054415,7.84860998462842
2.49280801214488,9.33649467274365,3.60475570433296,8.87246139051213,4.97134190073223,10.4591956329606,5.30454219584313,8.5568867814371
2.31906844194211,10.8969612628939,3.70624639135163,9.41169118997364,4.72172150285223,19.5709041449621,4.9190189373041,7.50298510928415
0.878698809924922,17.245939276446,3.16622243549136,17.4203651659333,4.47292933001888,8.92997165243476,5.54177509297604,8.99238886222819
NA,NA,3.52290919126957,12.5400472172562,4.68560127777991,9.7404183753295,5.68843090206033,9.86331583183686
2.29326398311262,13.7422458239627,2.8436180986806,17.2940580692864,4.80317239489088,9.70805373530315,5.09332402905378,7.98042480349001
2.51671415211107,9.3301433099786,3.66157186443285,10.4838707677048,4.22428757458153,7.58923004446284,5.57676574055458,9.34906234194842
2.57423693609827,8.7454713546009,3.60743676825256,9.41217074709946,5.02213315536506,13.3382893984807,5.51127378044349,9.59055273719828
-2.02155054533424,26.0417320061591,3.82917031477766,10.8468691539933,4.55347453737216,9.05254817356176,5.45920698586177,8.98769244519623
NA,NA,3.76482056655729,12.865934476731,4.90826587197342,10.9721616262395,5.61208965349875,9.46095778370428
1.78775481575536,13.6558707664341,3.67617953341891,11.1784099746774,5.16785209187507,13.1011014510236,5.03279305595675,7.79982041287426
NA,NA,3.4466136065312,14.1294735720734,4.99207228309808,11.3173773884919,6.17397046414054,11.8219949042353
NA,NA,3.71585299513149,9.00080128814149,5.09181304612414,15.1616586549305,5.86709108392515,10.2070349099014
2.07744079530147,10.4175280664816,3.69201046295022,9.97347124316778,4.84508701994181,10.6796415750429,5.04741303632636,8.00166580763775
2.51757396888232,9.17492255344487,3.70479779109474,8.82823751805536,4.54918745291193,8.83527793562557,4.95188303954455,7.55906437130536
1.03583458943692,16.3665972725924,1.82309914297072,21.9167263088811,5.06946145280636,17.0125876073189,5.21133621349172,8.21698804896679
2.65628710740576,6.05015054386009,3.63514768882535,8.16161627818127,4.01398884115633,26.4180714771009,6.12247837133821,11.3294481128596
0.504116254915395,18.4232643029884,3.62663579594535,12.4441033312713,4.16803634565549,7.26349500066113,4.85347545783921,7.42296806095095
2.6441109869477,6.76210419957328,3.74776306797796,14.9504771827323,4.6310794052038,9.53178695184456,6.18812081416299,12.0318411949085
1.87444685130971,13.212614622976,2.99602979599876,17.9434297616671,4.76969615591508,8.92838237676288,5.30096294881691,8.40180836740437
-9.35663838619481,39.8627554011388,3.41098980020113,7.92843928357443,4.10663666651898,7.49766679478784,5.35305557714601,8.65487618457706
2.53208570194041,10.9321049781477,3.67165944503598,12.8454330108768,3.83994754609167,6.33132838890655,6.24251868858944,11.8349958189958
NA,NA,3.08075571527419,17.7467148670835,5.17260456952501,12.5240143986982,5.95085067974768,10.7265324689245
-9.8484961650456,41.4859333026226,3.5187603623118,11.4623712875068,4.83938816647406,10.5645646942717,6.1322596828209,11.0234629824984
1.50641833275809,16.3739505125144,3.78165736009623,9.73661555348711,4.35461121966163,8.23040460365302,5.19978572483064,8.38038412161203
1.38252343276971,15.3960668686592,3.53695992358913,11.1460472260793,4.82300041777748,10.4532318603661,5.56521104636627,9.33111129020364
2.59544229950663,7.49151920377606,3.75424294351906,10.918205314775,4.63090322370366,9.12615182207557,5.58176745433909,9.52982628800232
NA,NA,3.66053688838763,10.6305207928077,4.48630043108171,8.96325610355044,6.07311168006491,11.2801841459544
0.65374364240118,18.2929224232011,NA,NA,4.29032297208608,7.74106300525412,5.88478199318728,10.4375586341809
0.762369505948518,16.4936429365435,3.50637509820495,12.0285796890994,4.55726739828747,9.13766983581657,5.34695049592341,8.79010424803853
-0.0463876473085296,20.5270605858178,3.66349443920732,13.1575974246797,4.02775340315265,6.64451906227841,5.72609594776159,10.103861138962
NA,NA,3.35059115731084,7.26895198605643,4.49584450885414,9.01292704240473,5.13958041845124,8.17367242683289
-0.618654619541413,21.3055178412001,NA,NA,4.35915525043984,8.15085964939086,5.06724364501514,7.89289550574713
0.670923717147283,15.2416344557645,3.23128397083417,14.5935356478632,4.56056858818522,9.32145425943866,5.59202506853643,9.55269572190411
2.63274045039434,6.58743315912695,2.80219488863145,15.8108718469437,4.96506396917696,11.5359253005694,5.25521955490425,8.41731176278268
1.96148747084934,12.997387192759,3.64567147131625,9.52230718270718,4.17126132391419,7.17433818266597,5.24478164875628,8.48826375352541
-3.13523300662694,27.5642541533839,2.82239965525039,17.5329678752075,4.87292152913023,10.7536589971913,5.13223162330144,8.18998441150245
1.05243961392017,16.5756413835352,3.50619807841265,9.7541658919694,4.32642295320396,8.01290357381764,4.74333856784098,7.18448256942984
1.55554739866207,16.0178810066539,3.63638034983363,10.7758674858687,4.98264598146447,12.5743394390918,5.20773767149957,8.5855297309993
2.44845985927933,8.31103352768556,3.09096070665026,15.1186120504063,4.64899488587576,9.52151410959483,5.87177238121676,10.4912959109439
1.12971619644052,18.7326770495476,3.84381465654514,11.3705880833945,3.94441043891772,6.49178812290963,4.64134888601198,6.94246361503347
-0.968310558646705,20.7877243553931,2.91167670440246,15.5266972878334,4.77715617533667,10.7534087544316,5.33162377085787,8.67367948335284
2.81363199908877,11.0378501703756,3.19061490959775,14.895239757631,3.85870096984687,6.2708816366285,6.21577192468724,11.2757236705656
2.79972320206561,7.16401881590497,3.46893736964348,8.70819396241749,4.84093964125672,10.4823796733772,5.07311055178063,7.75022985292516
2.65527962740795,10.1596284574763,2.85712885601681,18.3620283955988,5.24307523405953,14.8813966183404,6.7941360316648,17.7811393860834
2.46886280076006,7.44507856988753,3.78812171627633,10.4800721053181,4.65718446264035,9.04913363186971,5.72710124280339,10.3702373335534
NA,NA,3.61389326195338,10.3508459503322,4.39675142978018,8.71615722604192,5.71653961356861,10.1195628391511
-52.328197172228,108.382372899885,3.78443970496779,11.5011722972772,4.67753636628467,9.42056221183804,4.92446423464125,7.57614484093318
1.75133543738964,13.2509109908109,NA,NA,4.67916567406846,10.5301710108472,5.33380391196666,8.68821544485654
-0.90178832379631,21.7641781266469,1.11121068166778,24.7316703638337,NA,NA,5.91602938560819,10.533533918611
2.78155276348413,9.02833815324276,3.83516735875017,10.3280905371788,4.90580275412865,10.3929934524224,5.73643978725647,9.96421127438354
NA,NA,3.57415504610282,8.17911912966312,4.7058234941253,9.74453083177512,5.46061360772777,8.96718375779
-0.133808892990466,21.7926805180424,-3.30264620661215,34.8495550533859,4.66008928683783,9.75027468556931,5.2208500540474,8.27613704204266
2.82924277353606,9.35481719532835,3.5168481666773,10.2985239104405,5.08633128249841,12.6820200506049,5.96804848503245,10.7853131847895
1.8839907892934,12.6004710057922,3.57695859352969,13.4661072683202,4.80814199578374,11.6591357335941,5.42785058358031,8.9181754423485
NA,NA,3.69149297322297,9.26329750106287,4.77799776014064,15.4616934517214,5.60473024583381,9.60834814062819
2.39300504143735,12.6189367605811,3.6524360316743,9.7910111120992,5.04289382336524,17.6434123576214,5.09040498399055,8.20418515799197
1.58103122677557,15.710564104266,3.66361944197639,12.9498452348082,4.70549637074623,9.81041888891546,4.80315978902506,7.2287077985418
-8.49461778507271,38.9259889934426,3.62851530419095,8.76279373391972,5.08112747011177,15.1786121931582,6.43435176041394,12.731379635484
0.747799879427982,19.6521993631449,3.5369836170213,8.76211976405832,4.93269753390983,13.0665660758453,5.54126462640514,9.12693971262873
-49.9145534344815,103.411093924703,3.81868256666238,11.7386891641531,4.89286821018874,10.2515058452776,5.55931117293059,9.21679775052941
2.17047841839428,12.4954997013174,2.9121696562003,16.5938502335259,4.97340406584614,11.2667399166807,5.10574916759249,8.01820585584628
1.379555024693,14.6014833526825,3.37173020222237,14.1262794446418,4.94319202416731,11.7420203847076,5.25863192187952,8.40873168520939
2.44780753268019,12.1283004701141,3.7947318936177,10.6902229927509,4.72209558426737,10.110652411904,6.13178530755251,11.8551805488291
1.74273582921602,15.2548197258364,NA,NA,4.9532116485984,11.2057488020947,5.6617743897539,9.82457001495452
-1900.39288318804,1652.26563996657,3.41045440018741,7.88794109135384,4.87457197526718,12.2798493642937,4.85523822346804,7.34901941341565
2.60210081775543,8.97273125302585,1.11868297948391,24.0444025755494,4.77832918727036,10.2911957503604,5.63282095671976,9.65303491126624
NA,NA,3.49071496736907,14.415881957406,5.19455243971644,11.8520192545026,5.50797581581277,9.16654380768432
2.31293968321025,13.4827522021533,3.74214863197103,10.0913663100849,4.65423429858436,9.95599059818528,5.67224232828314,9.61136163677856
-5.79552871745979,33.8331969259967,3.30320418193618,6.59824690630506,4.96352042887577,12.4996062777271,5.52157898330564,9.34907556682094
2.57153587817239,9.36863475581591,3.45090794188334,9.40769821911422,4.90152805812584,11.346209876366,4.99642129631727,7.63460922562081
2.25947816438906,13.8821222724552,3.63113926770488,10.9087376646208,4.80251964200499,10.8287632311746,5.86479217800934,10.0417303978664
0.122613286517668,19.8915133795258,3.36213671097386,17.2878625844862,4.78028106809072,10.0764557243937,5.93190690394823,11.3610152546142
2.52708309052977,9.88500726041671,3.64295443773369,7.30648632843563,4.34822701168663,8.00890978694863,4.94415517272083,7.55385733815439
2.43893584667029,9.14329701184976,3.26150307530011,16.5650623304118,4.96639590668754,11.7516271977171,5.37320077052169,8.77339044208151
2.49618997917218,9.08203825128401,3.46276853741922,9.71369626172082,4.88260217962733,10.6716043815995,5.64636864914506,9.62455271506027
NA,NA,3.6749750438935,13.3718344000569,5.03494907742469,12.6659127679719,4.90874392284006,7.53940110660982
2.65166932042401,8.11567153268492,3.47061948974227,6.85220872746717,4.6835185912532,9.70854096449339,4.85692939642709,7.37990184171759
NA,NA,3.29144213690267,6.88424836034842,5.00369640923158,10.9059679133652,6.25109478997119,12.4486610376629
2.34854486591543,8.83730049828532,2.81765469151631,15.8676108124052,4.76780775983264,10.1141854523403,6.41393530630799,12.9557596991075
2.45128739246039,7.09609823483463,3.62949657847941,10.6102410377699,4.8240473915051,11.399741958617,4.93548511671422,7.51038917391041
-15.2240890381777,52.496815399818,3.64317614458104,8.13264891948401,4.43584196628456,8.31442000501882,5.43495124197879,8.89001372965508
0.0560151100910211,20.4779706515331,3.7523661429913,13.8971051071995,5.05178736420474,13.8650697532982,4.69964119811377,7.01313715456919
2.85236193842926,7.71852048413614,3.69371547713142,9.84135180789706,4.09461703139338,6.9319631686603,5.48732243192355,9.059610622193
2.58527566348625,8.51919697926657,3.86614313533454,9.10722032398602,4.15123205516816,7.19512782455531,5.41989351012318,8.93132105292378
2.11586945996007,14.4500284873091,3.43240837286801,8.35272561013791,3.60312211995733,26.6578033891042,5.3916553814883,8.54537774077521
1.62075827889448,13.5873716926071,2.74646457272821,16.589758411118,4.87967164656219,11.5004544706125,5.21266800358884,8.52873140262053
NA,NA,3.04649484058364,17.5642666396445,4.82879060825421,10.3585803818583,5.93218868138722,10.9496252316805
-22.8396698030714,64.1608171089895,3.44177510658964,13.166295618843,4.79854004185612,20.4281547439396,4.75264760273547,7.1228255474094
2.63433862982001,8.80618214398502,2.22830737473794,18.789460502309,4.54807393377355,8.64604636128155,5.55738150862745,9.06258716135195
1.870890388372,13.1898827564954,3.5671701122947,15.4099072344794,4.75349246808555,10.4258035071713,5.48311797245791,9.01936797777461
-88.3956816109735,157.863105210975,3.82882351346828,10.8523091068917,4.16538038911575,7.56861528107963,6.0885296657478,11.173533568379
NA,NA,3.76865240676534,10.8421694754563,5.04441664786734,11.644324412276,5.61029858005349,9.46874498519555
1.80923607814329,13.1708432125824,3.5512566103326,10.5351095629923,4.93380636158069,11.4676489004384,7.00331531878812,14.8209542846472
2.5526298589186,9.7837999733048,3.33726262394164,14.6991495924639,4.30143045115729,23.0581001658776,5.49860009961411,9.44192152180475
0.37462521543903,17.8200798117827,3.74050021988986,10.1972917593836,4.30979567984078,7.51427989228756,5.33160545670969,8.52962440279983
NA,NA,3.4828489434682,7.66932217222775,4.59505819267781,9.58428829442323,5.10831848847446,8.06676541497441
1.90466382551507,13.5481540524197,3.43567877249635,14.1047622107803,4.23196650205441,7.80331669750038,4.85813269869392,7.46769020052827
NA,NA,3.3535474796387,9.86057692627949,5.1903756689218,12.0315204074336,5.35968967087171,8.80451371865269
-5.69098592153946,32.3344534707198,3.55918762696483,12.2775466815072,4.66098431432852,10.1244505581523,5.44061702538474,9.01051931107065
2.64040535254801,7.95555709615212,3.45005015116527,6.96036851301062,4.32445751852687,7.79401404177184,5.09526891972388,7.86840381041272
-0.401224885513189,21.5083672210024,3.4855107850599,9.3443524612868,4.66595960619891,9.41471436431024,5.74345023411884,9.82132888922741
-1.78538667749883,27.3073153798955,-0.208709219509597,29.9047059330589,4.88461186636482,11.3989083377209,5.49223347110584,9.09518675953274
2.23011064559963,12.657496903971,3.63723758928707,9.22338153406427,4.47732748223859,8.50689351834328,5.17891151804191,8.46575118389825
2.46970960395906,10.8797905206747,3.6292627274456,12.0808932830407,5.17791929019065,12.5301238763712,5.27651794194544,8.62172475844302
-1.24226238674124,24.0499716237496,3.57164930399851,14.053471890967,4.4182996646281,8.73015745994365,5.02722986583825,7.86101251834322
-5.52798429109508,33.3154870433347,3.61222979878168,9.20236164667317,4.73274987153639,10.6782514231426,5.5367684033176,9.17617564397072
2.57795036273327,11.5051747309374,3.88105775533084,11.2102924889166,4.48517689996798,8.72662471630487,4.85079832235783,7.3481289721637
2.65301188168662,9.91009073990761,3.73707633028439,11.6464519098809,NA,NA,5.57980307929823,9.1928109758683
2.24386727145115,10.6526841132939,3.50309155445104,8.33040434001578,4.7640711189773,10.0972477870568,5.94218302769801,10.7566344475087
NA,NA,3.70661611899259,12.3723649873187,4.96150235802559,11.9693266895923,6.32493997522715,11.9585694161392
2.41617581145188,11.2606046078434,2.84787258784992,17.2931461644704,4.58262442238353,9.23541960927239,5.29268599569802,8.64254047775341
2.55576767444554,10.2042320011351,3.7139177153518,8.34348648441584,5.06159624944056,16.2540829449498,5.48313781970224,8.97745881061529
2.47421043715219,9.60466406616785,NA,NA,4.29594330560051,7.70591099627654,5.47033428967374,9.01084698134985
0.424812832648634,18.0543105518722,3.77179843096208,9.27592079910342,4.88414076478848,15.3238106643236,4.77120889430255,7.12581383997132
2.12825277293681,9.49539978283213,3.77903392058051,10.9058533490668,4.5413625291423,9.51768652333685,6.04769599744561,11.1630004900543
2.30735590410017,11.3379102382946,3.55080892683053,14.6737695189708,4.56308739293861,8.99736173559034,4.88807489555473,7.61884563756265
2.34506313255964,11.6035633354361,3.8949427386003,13.6258895872773,4.6802100464133,9.73755572202705,5.67146139045995,9.70279057322298
2.65646964013882,8.37883242322648,3.48539273152364,7.53519143280072,4.79091091393437,10.318244515895,5.78859527308864,10.1003437693837
-1.15671640757119,22.872736343589,3.25018017103304,6.4426757935372,4.81013552103726,10.3253547857895,6.11945925564274,11.2147670372502
-6.72081425343857,36.389525063643,1.91675405066705,21.0096129437559,4.31839900769575,7.78554731342957,5.12516993066387,7.95201405175298
2.47978392965711,9.48057124105333,1.70063795602945,23.4721111983514,4.79156621450867,10.2275779192992,5.17386928270378,8.23956111309209
2.6728225413467,8.74794439908375,1.80315465501794,22.7097839957313,4.906263454683,20.6476974297426,4.83142089689692,7.34206629506016
-1.44927402450145,24.2518443948338,3.70957108426326,10.3547451459578,NA,NA,4.91989415481597,7.75980333175965
0.449172389713061,18.6629820486874,3.61343834641474,8.7066560982919,4.21244564257723,7.86609568412051,5.37528287246536,8.98471571844154
NA,NA,3.66291647688913,8.76651135804277,4.34870805027672,8.02020186615301,4.92002043674968,7.56277398774371
-2.73699661428562,27.3069957573006,2.59979584174067,18.749126600799,4.77108199495319,8.93084646376966,5.76563949255893,9.930938249197
1.7435801803249,13.1104644703488,3.29215062565877,6.63968527527876,4.95939762964313,14.2521407443489,5.29062396447991,8.44507143499274
2.83104973755002,8.31384101294816,3.52845219929184,15.6790802624463,4.72201231352498,9.38291783443641,5.17127198604572,8.2469557235746
-18.564572319087,58.3943591117839,3.64951290933637,10.2750511386823,4.73530883726294,9.73701982002289,5.40518740270472,9.13499050973425
2.47700998346297,11.8024106530156,3.76263476196864,12.2368965791854,4.54074528623458,8.44336834573808,5.36747435642552,9.02139068203995
2.53051240705213,6.25621399952375,2.98923902922725,16.6761602271154,4.23282923161002,7.34792370350974,4.97803061982092,7.67719401101852
2.73820176050617,9.11827935522128,3.74665258985521,11.0074387972796,4.08438588607795,6.82634664156888,5.63037413809768,9.60584710362832
2.70227973600329,8.42422918685602,2.71069704238746,15.674030791931,5.22162149993864,16.5062845772786,5.34883194314821,8.84002036773038
2.64364920328823,10.967294052568,3.37482878177112,12.2161026388383,4.58212292589036,10.2543623933443,5.77825951513119,10.0995200556452
-1.95305234730942,25.7020633811464,2.50338068440669,18.3951198343657,4.99130189003602,10.3294329809021,5.42823386033865,9.08583746418523
1.23339108929755,16.5852482984971,2.72365268745536,19.7342413212909,4.65792798955566,9.94492410317649,5.53189201816268,9.38597255416715
NA,NA,3.51986063899088,9.81709171221079,4.19801799927933,7.26106047952231,5.36701988681028,8.71411815846311
-37.479884510721,86.7842315588853,2.88990578430341,18.1327586586036,5.01245781694148,12.4034564772793,4.9026272059646,7.54822822865309
-6.38303867899163,35.4791746015334,-26.1037705470506,79.8881274720231,5.06287443164652,12.1449489877454,5.60181969907783,9.61338962093482
2.68300492713182,9.07725071483677,3.8411462830977,11.8931142172386,4.54947427838073,8.8155996566956,5.49787201019444,9.27965646876731
-8.39261700672406,37.6811486163332,3.70386817496346,14.257780332371,4.77376964875804,9.77071501590782,5.52853135268248,9.47939575521629
2.83119223359011,10.3664001924133,3.70497510948323,11.8111134989812,5.17016921474666,12.0269941015374,5.17476103889018,8.17796265078703
NA,NA,3.58500386841312,10.140988196093,4.48712082662158,8.13617473414425,5.9245726176425,10.4691068864871
2.56283387692622,8.99958896195258,NA,NA,4.59788210360276,9.47551204771759,5.56213100853534,9.18643661307092
2.49551792858926,8.50913294361836,3.74460813202547,10.9456896843927,5.04920922558445,12.942559969102,NA,NA
1.27680345348924,18.7231957587838,3.5695864588634,14.9807859832048,4.21581714256802,7.62599561112464,5.21187632781731,8.46171553616345
1.99496972193794,13.908052526514,3.32390043691298,15.0429795075981,5.10134792147265,12.0219246616003,5.14672916024068,8.25172008851012
2.49959750332874,11.1808297035189,3.72275242430455,12.3310997814721,4.71789055716269,10.7508671622977,5.07341511405532,7.97532241460435
2.66026960897538,7.83155064125092,3.33409973072991,13.6113584683867,4.81429553127161,9.98266756794475,5.88686859717994,10.3434115052422
1.84272997535538,14.5027845737156,3.36844673458597,7.63167234932398,4.74090035956542,12.0070205784303,5.30162339587916,8.51044085922267
1.86078397807257,14.2712789777968,NA,NA,4.65630826586588,9.30177323522638,5.3534295558533,8.69287097525964
1.97928641623845,14.793126775709,3.58826511376779,8.57854828984366,4.88892458360905,10.8374093645158,5.76729014262311,10.1663512997406
2.35083820266491,11.3891504256252,3.4206618673005,13.2966845763128,4.5704712185036,8.81700198482351,6.05711470623989,11.6433269847474
2.67795333137032,9.29372128783027,-6.82870537525162,45.5990151637553,4.50214755671926,8.49554062500521,5.2074464798576,8.23704012842083
2.74236590204232,6.52154460136278,3.4293948435764,14.0102687963974,4.86813657666855,17.1205353272219,4.97402005061537,7.74325674100243
NA,NA,3.70099557698474,13.3381260151745,4.64533355691493,9.26151104253599,5.83927094737662,10.5840370132985
2.84512506865874,8.49248750436578,3.4732960069014,16.6479155948761,5.05481965101637,13.6170139317456,5.00707051893459,7.75608071076314
1.45953351505096,14.2374944797349,3.56860081494423,8.65085623063222,4.81209429165319,18.503553627872,5.24856539461754,8.41828814641098
2.72562438303602,10.7783122813058,3.61619923024423,10.2083618649956,4.42138727090767,8.36900818627102,5.19473232830942,8.40906316953523
NA,NA,3.36514932080629,14.8648857114799,4.62319792906312,9.05325102490202,5.26729871136792,8.4986047480383
2.33352429198655,11.3484698331206,3.15655719315682,14.4942898196111,4.84322379310597,10.7931394295098,5.70569236421789,10.1118335032127
2.05136000586711,11.9960150871149,3.48082974426391,11.3666995890049,4.31445444570988,7.961426707573,4.92205605594184,7.38692366689838
2.17341364490671,13.0987850621026,3.43757473194005,7.66288760643019,4.19887402500864,7.96512974777325,4.98574155793157,7.82607073498533
0.505918197579698,18.069380135862,3.51880650296105,7.98209908754055,4.42436879417029,7.915999905937,5.61426329000416,9.42473070744873
2.81164796219391,7.99080579309892,2.15435317630842,21.1580304606955,4.94449275787981,14.084959094724,5.51005334870765,9.0424292287094
1.43318799829904,16.0569302265222,NA,NA,4.63475989467004,9.61640855278199,5.02914817941496,7.90434182547074
2.5014940498472,6.67191224251692,3.47716645558206,13.6710674230886,4.61789303807769,17.6245059783807,4.98560397878906,7.62896854157673
2.25105574154484,11.4228926081464,3.65828118090279,9.1382801171939,4.60680078169028,9.39750375949052,4.73340994260176,7.05142609201945
NA,NA,3.37416668986192,15.0496294545693,4.23287614320984,7.27552205760538,5.78044550463112,10.0795564020715
2.48175686775204,9.86359586976683,1.96324569288316,20.4185275339641,5.0150406444357,11.7109763133898,5.13550520944359,8.11601454524461
2.10605774415173,12.841802741797,3.73365041288548,13.8268425562177,4.84914449366567,10.0138876323776,5.89457567334637,10.1497905417446
2.69579576756473,10.1910283362929,3.40118005870267,15.6405419368949,5.03312170855463,15.3448852936019,5.18810423023425,8.32251329871858
2.72731300115693,6.5128886325718,3.28414952739115,7.49451139965874,4.92026208781463,14.2246550702344,5.04811063314281,7.86902344227215
1.67868440845417,14.9336376898614,3.81406978061086,12.9785033532778,4.94636770383589,10.4466796473072,5.58457093757447,9.56707722645974
2.5744861846244,6.44135156052246,-0.915723935700198,29.8893366033462,5.00699374667024,11.3756914859111,5.18219601497691,8.35741520172238
-63.3264074780792,122.719240291907,3.3029876548703,9.15288147236966,5.43950791505417,15.2875734421512,5.19927002114138,8.21513478737775
2.1261713821713,13.5297420540067,NA,NA,4.4944292516288,8.30571214974666,5.9249822574823,10.3724572400504
NA,NA,3.54883276943927,9.88142689618919,5.12339118703554,12.1875755185611,5.06587256434591,7.85092949826833
2.34324124695466,12.3156247914054,3.2917536829364,15.9336548040246,5.04324719549515,12.6897391329314,5.43539090957338,8.98304173899265
1.39320090768516,15.2572995731743,3.91539691300133,11.3781492534304,4.48952958852499,8.21244079254783,4.9807043190887,7.7477042169638
-0.172555066564771,23.4552186985323,3.41218175397291,6.73365181918657,4.97806040374144,14.4268625533239,5.37637074204377,8.79395741814751
2.26643798155594,13.5961112154697,NA,NA,4.91864771876786,12.3804851482367,5.56852399923774,9.65101964937196
NA,NA,-12.3594995702561,55.8370733450028,4.98481046057536,10.7035643383916,6.25306285640564,11.6819166909322
2.89170678568439,9.71679629124304,3.6653918821008,11.1759305352326,4.38847897804193,8.18726917636686,5.1770114403478,8.2833591431686
2.74617301226191,7.7219754651104,3.68511208609687,13.245337673257,4.61576724772656,9.57371821410907,6.15267129386853,11.65800087399
1.21727290506312,16.708633390299,3.55008403285458,10.0538955553265,4.91189711395221,11.6833209575978,5.09068136487714,8.01217752667024
-7.31180889183995,37.3118075916641,3.56057702540435,9.3089829776304,NA,NA,5.65735064262234,9.86786953271035
2.62594443675556,8.86749124689388,3.48971340448047,7.92914684636392,4.99179081334177,12.0168118410166,5.49305090819497,9.11412876534966
2.2670572476422,9.93527712657971,3.56902764007849,14.2150371258012,4.56658077963023,9.28854719237234,6.07106584045875,10.939519142939
2.31826486781901,11.1012836470783,3.57888630255116,10.1145056101533,5.08118709737285,12.1182150764124,5.0263187262227,7.85389005608601
-3.45605260464534,28.0010413681041,3.5785158135124,12.9498705319601,4.99632781977948,13.158669010978,4.99550770152206,7.76733583841316
0.354842052263413,20.6457712135718,NA,NA,4.7362202351725,10.0858511804146,5.16552615891303,8.2439259203098
2.4907203330652,11.2841988825469,3.21677695057234,14.4992606122813,4.61437565860405,9.44014468060739,5.81300633417703,10.461596231332
2.28901542470033,11.5991516030131,NA,NA,4.43694386879286,8.37674762389266,6.03681430232536,10.8408646313845
2.32347766068488,9.6961295616678,3.42277631742612,6.7424931535294,4.29909335329021,7.95770417524652,5.62782359431681,9.65212586791138
2.10497869473424,12.7258089381134,3.4243412403311,13.7901038883821,4.6953764164558,9.9441367321,4.84901660603525,7.25549742604091
2.64341262321854,7.66068806140924,3.48984034824847,11.064581088356,4.69383845991335,8.98627130738829,5.55909100857234,9.31966547197105
2.4805613041601,6.35684037742112,3.74358650463714,15.9037652021337,5.13130755546209,12.2363977804938,5.20614444640761,8.44669752112007
2.16817061247831,12.1359793501546,3.63948378591057,12.3479427994249,4.15285272343865,7.16161208722318,4.93602889396171,7.59849307278033
2.36299993562433,9.92551083668625,3.45542295173851,12.0793775633114,4.95669809407284,12.4353870752579,4.78109239719105,7.17815658208772
2.47322176068976,10.6643256143359,3.378463613124,7.39190308173246,4.39454471010422,8.42584245558853,5.07482831481934,8.15909368517125
NA,NA,3.35377505666165,10.6831131974422,4.58493209257928,9.14310895446528,5.81308980470122,10.4188265421896
2.32196891989019,12.0719522567738,3.75156082517639,10.0980549656802,4.58081655424161,9.0715055473616,5.91288172826813,10.437372143109
2.23740141120729,10.8318638105363,3.46296739291132,7.42040022731946,4.54617461840941,9.05297842120725,5.08736171460098,7.91794427893045
2.83237134426836,9.25305475055753,3.76230949013611,10.37396058607,4.44713335536761,8.26864205241569,5.66077119750521,9.61178234500639
2.3678208984768,10.706154918779,NA,NA,4.53062918669723,8.9378607704737,6.14669310446986,11.5974034988399
2.52635507889957,10.7049389369807,3.11857512749762,17.2610820776297,4.92565245966873,11.2363220683788,5.21848055750435,8.32130309152833
-3.72201523041795,30.5355028782469,NA,NA,4.73216388063684,10.4236843269332,6.63538575988174,13.5151227905149
2.11876845137095,12.80402524741,3.48193188225218,10.1926986258207,4.61234146530812,15.9257077540536,6.25050251564549,11.5676782629737
0.927068982099292,16.2215383729806,3.47902110292024,11.5341000304405,4.74631723836883,10.8483731367154,5.71890642522498,9.93755464443248
1.90676421777662,15.0636872016024,1.79259519593933,23.6456517098149,4.48366171488745,8.05393730521752,6.30905385278526,11.4964098793047
2.0338602201607,12.4214062526079,3.62852361695394,7.4149543929945,5.14056730991073,15.5795660046986,4.69149596211708,7.06722682059638
NA,NA,3.59630074179972,11.2241439154066,4.77763110067485,10.2395456190163,5.05229369724358,7.76508890562131
-0.594261973095648,22.9633593292196,2.32086882645514,20.3490773522824,4.16552716576853,7.20331486590858,4.9331881461834,7.54365194427879
-21.5501066363583,62.8144923615333,3.61488508642464,10.785003420669,NA,NA,5.38040748788351,9.11388931478747
1.79868185609497,13.7865664099002,3.50656249975468,11.093297766916,4.52226065752308,8.75087772518267,6.26648229371922,11.6299507373642
2.64447544036408,9.17905359262719,3.64961793488317,11.5305417824385,4.9397790392974,10.6732617280139,5.65522597583409,9.63973569256198
-6.54699762291446,34.4115634653115,3.8296304365554,11.6052257126512,4.88516071811274,10.608970829938,5.18297637477255,8.15803363633457
NA,NA,3.69356683413578,10.0326336132699,5.02627603963875,10.9943608688636,5.28484425325545,8.5955981537109
-0.684540903718656,22.505883245586,3.59608013301229,10.2623058770065,4.6288987965659,9.52951686481677,5.34372701683624,8.95625039762192
-7.89646196516452,37.6030892638671,3.08370029212007,17.1052071217233,4.88061349575966,10.3305069451854,5.38696442037177,8.83504942016411
-16.2880915933233,52.498371009563,3.09473070665089,17.9219352847526,4.74038218489603,10.1158010984541,5.53623389356682,9.46275924066331
-7.66633706332182,39.2053694775705,3.51349937925665,9.30483349236813,4.8876681766542,11.8027732471713,5.62644151744429,9.62767306224748
1.5428404849415,14.8220820972864,3.49290875042495,8.82334931959944,4.34458199627038,8.54279832552412,5.97564701906988,10.6494558895641
1.72314984204716,14.5551496908707,3.46532956729642,13.7825764335355,4.85559493261763,10.2674548916926,NA,NA
2.41631215021616,10.1526980341643,1.45523583960283,24.5825660851625,4.9257065730172,12.5631155990665,6.2162092193196,11.4561149945185
1.85146943700872,11.8701206674133,3.05181919151968,17.4836029118045,5.13278550897442,12.7383806550175,4.80752622436214,7.25201009638378
0.658686140681469,19.3069521941598,3.61898292576334,10.6249370714842,4.08508101203794,7.23750884603451,4.69334118314602,6.98944596929119
1.32291275339129,15.9679841171011,3.59377975715824,8.99485297354883,4.41830544553806,8.46283700914515,4.92815870381147,7.52993773097221
2.43367519899134,11.2035450889654,3.53429538151959,9.68015176263001,4.51870047459098,9.08954669626934,4.89116720897267,7.52002112713748
NA,NA,3.62378388042766,9.37635611273136,4.83895453582555,10.5946049816031,5.17937066384738,8.20107666451737
2.46429219630831,5.69897294232995,3.62074640652377,10.3917460825412,5.10069507497126,11.7905993374002,5.12438791676316,8.0222652842813
2.62888657101815,5.94254182406945,3.50273759089772,15.5457284045879,4.91477669706064,12.7661471538769,5.44157779665687,9.03187992516606
2.27230298007522,10.2893192257406,3.61147164994087,8.60938090374173,4.78779173599597,12.832261354927,5.47997103672176,9.04509226534406
2.38782315208616,12.592477626447,4.04108363758424,12.4815941257442,NA,NA,5.91943422233285,10.9689037901491
1.76433310885755,14.4046615382529,3.39150067398897,7.83245196582817,4.24837589905225,7.67956099791954,5.19929281201076,8.107723005508
-0.320917588053389,19.1461551543487,3.86376614988243,8.80095331091196,4.69247715636821,9.27137912347583,5.19907580904352,8.31047565864922
0.829214164724994,16.0236152082775,NA,NA,4.91195259403781,12.0708944503977,5.83212674366388,10.265470768749
-8.1585816248181,38.2427144079969,3.45997745565917,14.4737497741239,4.73642631054643,10.8249551808159,6.44944396591519,12.3612662438601
-41.6249632775474,93.0588016042906,3.60910234471525,11.4332302823977,4.47789871971763,8.48819303038001,5.62954379400721,9.67142396453799
2.34304374299423,12.5560709109968,NA,NA,4.72837072428266,9.42214653583403,4.73099814326272,7.07546722933694
2.04461448255041,11.8193656730776,-0.109603006807371,28.9279690509162,4.29480150327274,7.54508409979813,5.72314970059451,9.83697173914426
2.17267707209023,12.1957436379479,3.64844466547997,9.077211390418,4.29051637080071,7.75415931114224,5.51084197275889,8.85111551039221
-5.91372257810803,33.4618827280446,3.87098446435922,11.4016904826019,4.60461165555805,9.89179635452836,5.05017434910446,8.05510810446862
-0.223101648066251,21.5820754456253,-0.0472006949080548,31.1185855159906,4.9987596800631,12.0711499309174,5.3588930544603,8.80342886088517
2.82643047244216,9.2906355817287,2.57627613101191,17.8224844518131,4.64973163008784,9.64124300659597,5.25526413577125,8.42628171379143
-13.7322419686722,48.5480305034834,3.45353640167542,13.2542875750569,4.93647419319533,10.7018152127431,5.47473498394996,8.88335626313152
2.43388620627201,11.8630541304673,2.71388153439959,14.4183575055568,4.65623992811308,9.02603038742281,5.54043468035528,9.43144102092459
2.15937977679808,11.4609802440137,3.51391030739403,8.05902861196988,4.29076491394631,8.09648200776506,5.35892090897388,8.584861477809
NA,NA,3.36162102984974,16.6182867335021,4.9929139270028,11.9018372195422,5.72948399311081,10.1602941717464
-0.445897442878065,21.6022955135727,3.62514129176228,13.185451956008,3.89606617612455,6.63506222011028,4.85648571168059,7.31392817005427
2.05698098028257,11.6178242890371,3.46064844322385,14.2597351180092,4.61422976383209,9.22359983590661,4.49491826371588,6.57269953310568
2.25255680642838,9.97882612501606,NA,NA,5.0767214337359,12.4891847193351,5.28378446285329,8.59767264735394
2.71395639846127,6.77903408042684,3.41733050348199,7.10117228083894,4.66979755960655,10.160459714781,5.04716032923953,7.84938509620039
2.67282503454445,7.47688997749993,2.65032743452573,17.7742559080222,4.92086847056586,12.6583068094522,6.55665658349275,13.7530531372143
2.80047290039162,10.1689385229298,3.62503989479262,8.12644311465307,4.37200247189726,7.64305285537734,5.97350898289412,10.7476133973629
-0.399250848820643,21.5538716414035,1.98799301967707,19.7613621674616,5.05019826893805,13.5884988669041,5.4463201303638,9.02658453411261
-0.956076080069417,22.7931123399119,3.3477312290421,7.81659208135121,4.24319779453869,7.39983277811141,5.36279078462149,8.77445197758698
2.81346822049922,8.22914793856824,3.73001552368986,11.9430293045594,4.86365040761308,11.7469092843642,5.45770297921764,8.99945520042596
2.18757163350992,12.1524625419929,3.78521070107828,11.5708054082978,4.67348474248067,8.9983949304217,5.08597342720399,7.97066228161626
-15.7562033574543,51.3218397346184,3.36007035965114,6.20457384002641,4.29731676718296,7.96342451781263,5.27000548064883,8.45156039630757
2.45065287414956,13.4668722886191,3.56303697676681,10.4204726804711,5.23999063604213,13.8587968359297,5.66836853174123,9.47781516938968
NA,NA,4.03042022675152,11.6636468064679,4.72716459772934,10.2957300748227,5.29622359247669,8.29725864939569
2.68358795681449,10.4665585752636,3.36838603193379,7.26683454533093,4.92853888162757,10.3484167671003,5.77176391699486,10.0950097457755
-19.1169370372589,58.673227411034,3.55604928253629,11.5239503426397,5.17335930572016,14.98474646531,5.63994719572706,9.24802854522213
2.70850318102567,7.09580129140487,3.58523135153199,10.8679388071736,4.5856258905675,9.38588470259521,6.06621312609137,11.5849185920478
1.09213465689211,18.1259099980126,3.5660368065841,8.4647321816995,4.49942562684439,9.03158538937934,5.58213337859186,9.66420508479649
2.47107468776024,10.6988824006299,2.63509634739101,19.6433909550195,4.79916282290156,9.49999148661148,6.22285245560359,11.5791161119498
2.20204709336424,11.0759707173473,3.51632634454222,9.00856997252345,4.7432043290437,8.88392142593279,5.26604061868445,8.460878689382
2.61419592911094,9.26046377914169,3.40555765511715,8.57669839836363,4.49423721805046,8.6525843916237,5.86334081199421,10.4438896930121
-13.8032740118738,49.3572044450978,3.68509874169386,13.634296466127,4.94158471406575,12.4201783521821,5.28537584782513,8.47359698770695
2.33210914003174,10.5033100735326,2.8057998661347,16.835756708193,4.46825677374713,8.12964303393342,5.23177418918598,8.40153936150726
1.44108527588366,15.2591659438011,3.00697401838909,16.5760783813488,4.96870832629661,12.0190467051938,5.25292814595765,8.45991386363476
0.187699710101359,19.3749875562398,3.57694404416085,8.01326778106468,4.59837982288026,8.84494134051159,5.73384361456716,9.93972056208653
-1.91706701963203,24.8538546541587,3.77331219453679,10.611015826772,4.49530984752154,8.78834293150715,5.51375163846675,9.23289951629242
-3.93873287951774,30.5059538412107,-0.652639982336149,30.3777009161545,4.55125041685473,8.95087207627422,5.44294511321013,8.90780279506218
2.39312527423523,10.3703905586567,3.62163304621969,10.3025703226576,5.28402289851941,17.3738308917716,5.65895377847209,9.88140738276541
-3.66269136351054,30.3099551627214,3.63760630561968,13.6003020826227,4.91998971981524,11.9834216706001,5.35316696380474,8.83564238250084
2.49403690443278,8.74321176798478,3.67995063080198,9.70884629629554,4.70898698431197,9.89153183192697,5.75073495440919,10.2920006909199
-3.1436086166128,27.4368206087418,3.31298694723135,14.4988790467211,4.75748682940145,10.7370025603439,5.92263351093899,10.3633426353873
1.68508284745531,13.4685659104615,3.46115678047921,7.28268583582726,4.58795076339593,9.29008640990999,5.69795024256002,9.85872472211729
2.58002568417553,9.20377750066766,3.35158166997391,13.6126730707804,4.22793282961608,7.44845245465635,5.63566557880824,9.68544455532365
2.67754991109051,10.5155914337773,3.52281477376942,12.4224124309106,4.48295046582401,8.57342349686794,6.29033872077197,11.8845511026822
2.40152189562273,9.24364955992432,3.64331218469624,11.0605457892424,4.51786109994798,9.09513504735252,5.74684339704765,10.2813787530993
2.57296927864828,8.79831034922677,3.65838394164725,9.1132722749103,5.18610244864642,13.5619634637708,5.98570843120597,10.9385553514546
2.94288706195981,8.14331240661024,3.75202302190276,11.5799181313253,NA,NA,5.36666220388477,8.91995867464254
1.95684094012841,14.7873446679015,3.63519398710377,9.00365032604877,4.68199301745552,9.59195848660203,5.32890632466664,8.4034465732197
2.63270728995132,10.7386564237981,3.56293962650688,8.754367053504,4.43813650749137,8.79497063734119,4.7009266477769,6.9702567264968
-0.374751243097911,20.4084871667101,3.64845410871021,11.5975215621961,4.38223139053722,7.92579751194663,6.01833331410657,10.9952229033764
NA,NA,3.10161989837167,5.6304637413988,4.8113707262807,13.2355195870248,5.27600793551619,8.46896175256317
2.80646626082408,9.91625615358083,3.30845788665574,16.2865775783758,4.42428309158491,8.45681344106803,5.40357402723838,8.8200392693734
2.52802765352093,6.92796085774072,1.17195916206329,25.1979211751003,4.97720473209984,11.4989164200196,5.45310537532299,8.9157640119773
-2.38198028641283,26.9635745809531,NA,NA,4.32235437788622,7.77462735750848,5.85400681183215,10.1225053820884
1.32119800343823,16.1748644818653,-0.107883939067928,29.7150248691934,4.70438018845732,11.0084052913517,5.57183423298968,9.28293760404926
-7.22522428378072,37.219008517937,3.29495510806646,17.8384444286441,4.69796947121085,9.19701269086665,5.54393892792801,9.26027112533026
2.57732856218464,9.65186900709925,3.06896783252468,15.9501901290985,4.56528136014958,8.54163050375572,5.06328596451519,7.8363686966353
2.54584964021895,11.5139325580923,3.59294706227928,7.53850553955568,4.53407277223748,8.62122135457243,5.46224474626152,9.06810325418632
1.64698088391786,14.3038277240932,3.74339296445683,10.1486615622793,4.36900833300384,7.79996727004118,4.65979820388068,6.90893226482774
2.41102384793849,8.87061042827926,3.69809646973298,9.79041278639001,4.78078750135479,11.300097811001,5.72288771345669,9.81783315099451
2.21320473735289,10.4846070583795,NA,NA,5.03667715773698,11.6151558626063,4.98859326654404,7.79526573317061
NA,NA,3.38037673984926,7.30645197254936,4.944175452986,14.3267374874489,5.58348284593232,9.50679605247968
1.06603256536599,16.2903883026688,3.72033420492497,13.3121085165782,4.74899300350394,9.56331217406282,5.45058027959221,9.08210425259359
2.7351974022802,10.0523099285825,-0.470206907032082,29.593357293902,4.56622875616709,9.27208405115856,6.31900812907342,13.3826733516055
1.32344175460185,16.237058614133,3.54052510134947,13.9201078229468,4.91900368571619,11.1943932307738,4.71514289313101,7.11916724919932
2.23973116930066,13.0424768553565,-938.871844319818,1168.57504309496,4.61799981496804,9.39978511929278,5.17400716529958,8.12137800405979
0.909753419402753,18.552528364274,3.64034859734967,9.34466290478579,4.65916870963277,9.40898972991475,6.2015167485138,12.3178695082754
2.38541994642358,11.1431703750526,-0.3991583067072,31.0892208879982,4.80260622495471,9.61686583172279,6.06272567204326,11.4191057912857
1.10090171235257,18.4063000601628,3.50427363562391,9.12428937642153,4.61853656711606,9.18158019955136,5.60694562126537,9.76955568154672
2.5040368772143,10.8456424467993,2.99280174125985,16.9731681637415,4.53671956651789,8.52342056299081,5.31964785062708,8.62609462446149
2.32575687548622,12.3715384959488,3.51039975900103,16.3129575861868,5.03055635742969,11.0583053526711,5.66867838349474,9.89823339671998
-6.01843273177595,34.7391025065639,3.69283698529514,10.5735772110986,4.93322085789338,12.8105904728432,5.63481419804559,9.23811529085021
-1.52513380563283,23.1721918459337,3.71006831968457,11.8409805471379,4.52876040546942,8.67959711978896,5.70329767473475,9.65795946118712
-6.8982175661758,32.8261029673077,3.60164864814721,10.8714004194712,4.35180369239371,8.02968224489033,6.31580504668368,12.1684862017924
2.50669677022467,10.0403587675575,3.38291112651769,8.81405330718962,4.89307176518446,10.7064243439363,5.3724237201002,8.80913194945755
2.7539229697819,8.01933507266096,NA,NA,4.60967411616152,8.90947450829716,4.99405074709224,7.80899930119917
0.0961199991224255,18.8895251924023,3.77754459035383,10.3885969974681,4.63334922614271,9.04833293212437,5.36609586311961,8.68277046551536
2.36593058466149,11.0286985957699,3.72579952855736,9.13686335257331,4.47796147396105,9.05261305098987,5.82792795735133,10.0695321796948
2.77983672120716,6.27876552913416,3.57717753805952,8.00355088190379,4.19237995400031,7.60777687062824,NA,NA
2.80150199536586,9.67459574176065,3.77456311763073,12.3451351690907,5.02526020339882,12.1210825499558,5.3161791623793,8.64041113486631
1.54955012067574,14.7762997580779,3.64557986097265,8.20156721959398,4.93843015409838,12.2346762845656,5.66208335919101,9.53837687513739
2.22640452082811,13.584308072849,3.66540218414235,7.69952252659835,4.5539578279997,9.45858967684511,5.22066309565676,8.31030206389388
1.75117882923757,15.64047063342,3.69388130194159,10.6519779426527,4.88421791157171,11.0124365073963,5.24173570093524,8.29846001731296
-28.0965635035067,74.0634131254763,3.70979125341304,11.2541063998581,4.80117568612466,11.449485862212,5.4281327893142,9.24972116335761
1.85088650005281,13.9473136488655,3.66559735145205,13.6734621858634,4.83901291102649,10.4416730019941,6.09189749335637,11.6056739319553
2.55569832057871,10.2830109863821,3.53111321909403,12.1533171491097,4.89144751054219,11.0539250691857,5.39577889377063,8.72406660612568
NA,NA,2.97933486977595,14.882177958944,4.86529758151097,10.2181083852879,5.45082817762625,9.00034172582613
2.39278706664067,9.76802696262972,3.16517870266456,16.9775993910251,4.88645322568792,10.2661115094127,4.85309494365738,7.4389820520291
NA,NA,3.38477175033699,17.037811467266,4.37475904316618,8.20513810730921,5.15727957250303,8.11548735926698
2.31571161531695,11.3805286322198,3.36504407246585,8.74420014862313,5.22172240754256,12.7709213334702,5.47121663576556,9.0193575523696
-0.62279876731351,22.4673018194917,3.19555231245447,14.8665935277971,4.66905599817235,10.2134530296729,5.27081198592783,8.62621827041863
-297.158422911243,200.0564516676,3.52281412884358,14.1963389565213,4.38331598991134,7.99755974991857,4.92463450003088,7.52777744119338
NA,NA,3.35382568758421,6.80496629895641,5.05561626876865,13.3473594179789,5.06248389824498,8.02482626766393
2.07185116667685,11.1494818967882,3.48696916344035,10.6691954231522,4.6370531371126,10.0589281347137,5.48632357440958,9.18355906752248
2.65476085719084,8.03150898554595,3.85659743855968,11.8484371323868,4.64915327328508,8.81494555969258,6.16455550253825,11.3691616533782
2.74415024090228,9.95503447818392,3.73847443160983,11.7017473254614,4.80089348314337,15.9288756319516,4.81153653664589,7.2864723232279
1.04277515100313,16.6971778525713,3.39468689801061,12.9469509423644,4.8968084988313,10.6651541298405,6.16123802480741,11.5724639447746
NA,NA,3.58400393251299,12.6144843608018,4.37833758198356,8.33546328274143,5.96177581517967,11.0402138680349
2.32304511666142,10.1726471051152,3.60891020160049,8.37294190676544,4.84317507075339,10.8728373245449,5.05323643238176,7.81935643828071
-3.73482607229131,30.0873196564903,2.78267798595533,17.2830920549669,4.79200432991702,10.0052511231332,5.74437709136781,9.73792145233437
-0.438163151930953,20.3908796297409,3.78893439906366,9.50923676588748,4.38556475985484,8.71396406897409,5.20386427482362,8.38417766164934
2.42014771188356,9.62268418249468,3.44239276098427,8.23214389014107,4.83026322143739,10.7157648191807,5.80211521895785,10.3172177368078
-2.01851769843526,24.0367270035144,3.38775685368048,6.26238872264652,4.94106530284482,12.9929086257536,6.26689521278231,12.1363141159107
1.25780284227767,15.3485096589591,3.88888407077673,10.8698950398611,4.1949638958451,7.52406050112434,5.80804396725843,10.2502066819465
1.59261535037592,15.2904476782203,3.74514084522282,12.047676728091,4.90741539029787,9.46741656010877,4.76890083748597,7.14424996402026
2.50755129379468,9.95556101212664,3.58255226685664,10.3745565879346,4.95652456353094,15.5046062231815,5.06073231042601,7.92699145847608
2.51456094606868,12.3835102026617,-0.22629278683905,27.6885742562136,4.93970257561196,11.0840984650777,5.10739281515836,7.92241336033753
2.29378211758286,10.2135270476059,3.60331887161596,13.387739677014,4.47574357423414,8.37396628333301,6.33331586263031,12.4579494117285
2.21807296846592,13.2897636618931,3.27982437213632,6.99975226622758,4.4623833321806,8.93399931088778,4.90198094355015,7.66516404184473
NA,NA,3.43756134704395,12.5495867357953,4.25900826281165,21.9880411654523,5.03676557860702,7.84528485959807
1.03449694540511,16.5434209084263,3.58532667016734,8.03759593627013,4.45392694749945,8.59300966738295,5.1118834264061,8.16763860013326
-9.96543627930867,41.8549816644198,3.64865051337764,8.54154956443666,4.05851569204321,6.72619745828888,5.46483603627313,8.93778284959231
2.67137006458976,10.2566274456103,3.46714715414152,13.7457884998262,4.97931871577047,12.974983920329,5.3020728250799,8.58968243649853
-13.373282884198,49.9187362633739,3.5696410398435,9.21750118186885,4.89706744141711,11.0680369232049,6.10836963447059,11.1187066616588
1.99743239650868,14.2860997092167,1.87533301742956,20.7676354622726,4.73607631766105,9.80268094963034,5.08573846012973,7.88699312408052
-1.32580857940946,22.0538227419148,3.4919371334954,8.46419930771984,4.84312101278892,11.2267759408134,4.96985817396068,7.68255634090129
2.59283422592491,8.33396333898318,3.49153697196893,8.83718061563469,4.44304166690054,8.70633568641458,6.27587487483218,11.9477714701143
2.46665755063512,10.4647781033897,3.62231370085739,12.5191265287542,4.39560174700306,8.33469189007736,4.95042666669359,7.65244475225281
2.54628282021014,8.20506308633496,2.51448921375907,19.2959384966445,4.47458875227098,8.92577260147492,5.32341535866108,8.72542918126588
2.34767596680279,10.142753459012,3.82410226605694,8.89003709561042,4.7172445898602,9.50854324057224,5.16079832524156,8.00022855512651
0.86559391938237,18.1796003742892,-3.41563325198808,37.671913882153,4.14943376245239,7.31149327109461,5.5564273490511,9.38462285681034
-2.73434200990716,28.7754197413668,3.64024076284444,13.1646047928546,NA,NA,5.40856266425166,9.00374738995677
1.29735487159847,15.2621255957206,3.61589493736561,9.62133043839496,4.86516955156324,10.851634498303,NA,NA
2.36205023072112,6.89008067151182,3.17412886453101,6.29483536444267,4.74120584237667,10.3206234130111,5.60272725558748,9.65303493545686
-75.5033840416911,30.8932276162786,3.64656920990694,8.64052728121118,4.81993709912579,11.0104999278385,4.55946539859579,6.647621424774
2.39744649301088,9.2665990173908,3.70089212197752,12.5350871194812,5.05331316590665,11.6239418477849,5.74889450612825,10.1484440452494
-23.8770994053442,63.312567533539,3.72694159880991,8.88855817796322,5.04555213043081,12.1553315465538,5.58361654490166,9.35116868555035
2.24549789787672,10.2336740212165,3.44795399607567,14.077573577715,4.36200249785952,8.11312966670143,5.25769617148301,8.49554572843189
2.10687315608864,12.4845892862515,3.56548402460899,11.3230950397328,4.06097336285127,7.10482663254567,5.59166786323809,9.36334039246695
2.65510756360993,8.86124972689643,3.49605000540374,8.56255112311149,5.0258618889398,12.4910811283997,5.66633655128915,9.75388616228931
1.43934970263083,15.5815121277561,3.71780377850135,10.1742003101288,4.51977264844919,9.53937036992719,5.38399991868992,8.4996740379942
2.58573634927866,7.36205216552259,3.63905869988007,8.2026032033805,5.05935748902102,15.7890083186728,5.09149107830875,8.03397413981804
NA,NA,3.56157857448726,7.91749698839857,NA,NA,5.04024830292655,7.89265209436155
1.17957729547517,15.5112351039818,3.71859515402328,10.9743929639096,4.41096761631583,8.11537672369509,5.22229787992815,8.1856256669956
-252.020769096155,358.571269029437,3.6777520293544,11.8472475648545,4.45149945786396,8.32873416209455,5.0321433391753,7.75955711779493
2.65892641958419,6.01375168546371,3.56957955036482,7.88893093775561,4.65467275321464,9.72403298347813,5.21014409300407,8.31888204791268
2.32956196982348,9.81008136385338,3.53512614707413,7.72378710626555,4.94290002388239,15.5479960604897,5.3443716789479,8.81808877352402
2.09347814204546,13.2036868953979,3.01177726571182,16.351914444953,4.3736920122589,8.33266763545911,5.6000652056902,9.57519422094936
2.41229207670813,7.98269419353775,3.67882306126824,8.91690694315684,4.89248985208772,14.4965626755376,5.06588352166427,8.11102204773762
-7.60564381562319,37.8050222762245,NA,NA,4.75021981075367,9.75070319444689,5.52603982340749,9.2336778947487
-0.889141532153085,24.4275674083613,3.43846787219246,15.2276671622531,5.09397442858683,11.8672170863597,5.01180218245071,7.84588948326707
0.210282535976877,19.5653046412882,3.31109383658588,6.39572876168123,4.30147002814864,7.84460782943069,5.73911465822143,10.1780201088717
2.57347910811277,9.74050078727759,3.94443712733282,11.0389230764005,4.71018101549703,9.50189305937094,5.77672547953972,9.81132433991693
2.62842853346516,9.44407655972175,3.88232404242293,10.2854810006424,4.66304525505521,9.20934956265137,5.80466758852376,10.2804157023672
NA,NA,0.660681716358095,25.8435773559243,4.86690994740301,10.7701417801138,5.88061494516826,10.570709931881
-0.4954363010809,20.0404622255849,3.73886668086368,10.730776759447,4.82796449884793,10.3702427109346,5.88905054153895,10.5939614634296
2.17365153498145,11.5684957114359,3.58846991942257,10.0779665364958,4.33393019946716,7.75261721651461,5.638860480253,9.45286997003618
2.53128126866529,9.71339788197316,3.14799362443254,14.0634909935246,4.70958637633722,10.3008063147957,4.74434775711563,7.14651323921192
1.72339803461325,14.0603676610779,3.87443565056318,11.6627204317718,4.81812007886949,10.5753324559559,5.00814876349333,7.9054574085414
NA,NA,2.8445506054826,17.3356658012514,4.14357954554043,7.32211095767649,5.67374178754315,9.98815642511744
-2.71091232177073,27.6030051807552,3.45218947463856,9.25514939193573,4.8767186741781,10.0539665967786,5.97682495279376,11.0736082970727
-10.7861404216371,44.1322933514381,3.62023563203459,10.7733689984966,5.09961045130599,11.4319738838653,4.83288664814781,7.30578883353908
1.91212744805469,13.1893003183082,1.38638406365637,24.8573324247574,4.41362947195034,7.98779891729,5.60376289080777,9.24608985651057
2.06460595146867,13.3124428498353,3.80503376730633,10.7136057426805,5.0175402928285,11.0080428585065,5.80097894610347,9.70561704077165
2.62506769540079,6.8192717674354,3.66908197521945,10.1218469896491,4.61988255215507,10.3025874420009,5.21852190914693,8.23481789195699
2.03959981864661,13.9197850203204,3.81283770141035,10.6886319074271,5.12715677255373,12.6861815129013,5.56052045534625,9.55430230815469
2.59137171382654,9.7450583313791,2.80939475602075,16.9625933990803,4.3769752836998,8.46828812867401,5.27206560636614,8.40134855138665
2.78576389034374,7.87262097735051,3.56426308201028,7.62401145960407,4.91941720185725,11.1669940458906,5.16074095096314,8.05653970755704
2.69765104295507,6.94511245480925,3.35195250108475,16.6525143281741,4.29546871253477,8.10207371973393,5.2255486207244,8.44137125833287
2.04685536638601,13.8382905067031,3.5226685024998,9.865086293839,4.384711880391,7.63042952115942,5.12450565417277,8.02455709528244
1.57939164108646,16.3593416490839,3.69925044862323,10.4364165901118,4.87464671827318,10.2089656424389,5.37253790213678,8.74445157716706
1.07008067456058,16.6952175503198,3.26103422082982,13.5798254928649,4.15183388615258,7.36374769184897,5.33099207922135,8.69892586353817
NA,NA,3.48577111719139,12.078797928182,4.58076299773922,9.43745855956644,5.20912766407013,8.30128564885597
2.29969578404931,12.6840944119503,3.57302013045835,13.5749913008521,4.10088001098236,6.97906784552718,6.57984618277402,13.923685815601
-0.0551537574324019,18.4281800175043,3.38104503088043,12.3437009562067,4.96074810739474,11.6423455886184,5.8649906920908,10.4102810500671
NA,NA,3.40329862646962,7.32444229683458,4.82366680179306,11.416362816861,6.22900747937244,12.3728306235664
2.13112993323968,13.7090580495165,3.76779260491998,10.6555620797958,4.49444243406961,9.05784920229902,4.72816988339074,7.02845852217306
-4.09228720296324,30.3617164018942,3.25325349801622,14.8314934471352,5.02865357056954,11.9339081486821,5.18462497659671,8.01234269823175
2.70285057537233,10.1096489739664,3.43465996015882,8.90059385005263,4.57263096179241,8.93555360984402,5.02405134623345,7.85944547505866
-0.59512202463139,22.2518675867722,3.70528708384878,8.69616936225435,5.18090146840688,13.9263346908859,5.78463372466439,10.4745343229889
2.39152968095505,10.3684700568164,3.03130924488186,15.9656819421373,4.56798004254287,9.98010044980142,5.44756842150794,9.04104056550902
2.40941553047719,5.58308487318766,2.93071168883629,16.1752287821057,4.85893917945337,10.3427065969207,5.47285512163982,9.20186717741995
1.61096322692307,15.0832090999498,3.57797104404909,11.956974935473,4.96315978393683,12.6916608691471,5.26372517298745,8.77378362222307
-8.24248291381821,37.6587801587234,3.4765976426517,9.36137408746494,4.23589308436686,7.72794032050705,5.75554766361571,10.441541071361
0.415980842888692,17.8066144453416,2.93867890490845,17.7551036397908,4.96445890348224,10.6201915955439,5.11207401459533,8.21503486882213
2.5752236921987,8.67621118255054,3.45318630942398,15.4612111240682,4.51558194828227,8.84753402369307,4.70022830352345,6.91312670465975
1.29578384884726,14.6269729165633,3.08977946806426,5.67487021684467,3.97033392375441,6.66859347087157,5.82965786247767,10.1819729148581
2.60518622446468,9.4173435457003,3.80586156280495,11.6334663598493,3.94088322992874,6.54193066275592,5.04025592416131,7.84314506292428
-1.37834620355614,23.0716499210675,3.62182078667815,11.8033415131288,5.10730649149647,12.9762260293739,6.35845831528454,12.248182004618
2.5490027776279,9.82599688173693,3.1810956574213,18.7049389411147,4.23750140702493,7.48112391103903,5.71960194994073,9.99977496407555
2.71830218490522,11.0237395963013,3.00432905780878,18.3277313994393,4.52913336930782,9.13054085483671,5.05395438981976,7.69510456042266
2.19741505021535,12.6406126969356,3.02843652456112,15.8740781269185,4.78386165481349,12.3423519329231,5.45683094791818,9.20918263761678
-2.92167162408527,28.0516756836863,1.11199985706178,24.8184780156221,4.62670271131275,9.61724183936695,5.36400594621006,8.76073471040156
NA,NA,NA,NA,4.2133183635684,7.34278563774189,5.60938098505014,9.54996474821139
NA,NA,3.26074578441638,13.9590842080321,NA,NA,5.35525492550787,8.45712690378183
2.74455227270404,8.1329971208371,2.71812960593417,18.3809324614351,4.72171390244415,9.89863501762713,5.86309828449752,10.1001338919262
-1.87224229091705,25.1224822416661,3.50037427479187,7.49793665406755,4.35713378425929,8.39898086033713,4.73615852072733,7.10941360351623
NA,NA,3.5840454053977,7.83104594644929,5.01522979870167,11.0930021434847,5.34390871760598,8.65666840852256
2.50426650211822,9.08254211934517,1.78436633839277,22.8478814683602,4.19567973712437,7.42989535376381,4.92309222424274,7.56045425770242
0.693594795473469,18.4016117123457,3.18690240319649,12.5104807474409,4.97471147815188,14.2490778358789,6.06414334569342,10.786630843828
0.252426403225746,19.1041499463224,3.02612889848183,18.2291557380318,4.92404979059899,12.8207285191552,4.97691821385462,7.64090460158878
-7.00445465414433,36.1013539900729,3.76364304164477,11.0367786826303,5.05668536327149,15.5057474704489,5.95784524639259,10.6422946830361
NA,NA,3.61208546863317,10.3548471026213,4.5404664014986,8.17071639138408,5.60453881164839,9.71555607272509
2.03669964246684,10.8449188253259,3.7027826185768,8.71140381228996,4.8939912120087,10.3721975287128,5.25341117194454,8.14401982410722
-43.2221686138757,93.9512650255311,3.41281484021455,14.738272290496,3.86791299194103,6.22446217709975,5.75280708027869,10.0591844915266
1.87047676560167,13.6628776931771,3.042673692195,16.8592609611136,4.88238138603643,10.9518425810353,5.88898812511255,10.2874480744861
2.51910509843629,10.5520953975942,3.46712298654495,16.0857103289128,4.98851347334225,11.6065891754416,5.77167090390027,10.0427372678255
2.85873779595447,7.6002783174095,2.98708266422593,17.7678491933282,4.94415160704798,11.8271427409357,5.34742511689724,8.81873774310794
1.1885486613586,16.0168179767721,3.52412254606035,15.2410308230433,4.82656467101854,12.327978914677,5.3748267865493,8.79798062681412
0.776024838953859,18.5750221568141,3.69033442962116,13.0285848280015,4.73484923954904,9.60075816684605,5.07608044091956,7.97453410139336
1.22655704874791,15.1831498979456,-3.23510019500218,37.403206613229,4.7032729573815,11.3784291251446,5.91526857510573,10.4187141126744
NA,NA,3.34007980363434,15.3647554897303,4.68912054622071,9.47655954500134,5.03713607703289,7.89884616978851
2.07260779508576,11.54308610429,3.67598710144371,13.2183413309926,5.01322471302629,10.3232095565953,5.2849067960479,8.367726004164
NA,NA,3.46508917113948,14.1616997997356,4.80630721485209,10.3906084774292,5.67463935956649,10.1247026851708
1.74921759895215,14.5613645938887,2.15630301602737,21.8221114132042,4.64360405624609,9.30578270465298,5.25636101867528,8.21953554885386
0.9403263191146,17.8440768795388,3.71980483156042,8.43806276866982,4.58202811712903,9.01924285807442,5.7704520881799,10.1042457006193
2.17764075850464,12.7699670455255,3.47218507473151,11.024318184153,4.87676699469052,11.0234131918637,4.98403206321036,7.56579934267346
2.5258754428653,9.33905478800368,3.4731812013848,7.62024117121069,4.81776749784244,11.3353282087897,5.93679159279991,11.0742545289033
2.05825001539838,12.8000172678341,3.56084654124761,13.356942773393,5.07385069984465,14.9592421885604,4.87030421371295,7.44374042307707
1.07541684858869,18.338770231331,3.42515720156119,9.63626890543877,5.12963616968886,16.1005210714719,4.94270784299955,7.70258556447933
-1.88014114293183,24.4795284912052,3.43846424278276,8.68599328998099,4.97298744245808,11.8399129801397,5.19013555311247,8.33802661773511
2.22855101016256,14.3695793499696,3.63011640315588,8.72096682356767,4.57766464511325,8.5339444436988,5.48321568682797,9.0404837448001
0.899159533077258,16.110137175753,NA,NA,4.38474280505405,8.25511364344148,6.31830122928136,12.2622603950353
-0.466635959660424,20.1579338608368,3.1841106105134,16.4118838730912,4.77695393831731,10.1117163323464,5.18897662658966,8.43030616808265
2.43194865683038,10.9034090673768,1.4776632437894,20.7821965310292,4.95550415606614,11.2067931768926,5.00792270053708,7.92023893546631
-62.9133217774784,123.680765002617,2.84264112803711,15.5042193880338,4.81694516456711,10.6585283517036,5.90792343312806,10.4083043491727
2.12315981182144,11.5743696112968,3.67191512772083,11.6814633552569,4.17301577468578,7.81652930865407,NA,NA
2.64900048249561,8.91350155006132,3.47091133375968,8.49002242284068,4.78049274340912,10.0783266913054,5.55090114923177,9.32005634779347
-5.64950495455849,32.7346912333556,3.46031161048351,7.68782783281842,4.1740748769996,7.46542112311872,5.51228684597266,9.07960301873766
2.44665069033486,10.330798486152,3.6926773555706,13.9002232657763,4.40985561141283,8.30878349670622,5.94882435222895,10.6752567894823
2.64491290181646,9.53959597879481,3.68412752051036,10.0383094085437,4.74726459785135,10.8247210913675,5.47621351107815,8.97588552631084
2.65003712013688,8.25053529876687,3.57770212460076,9.13721670887029,4.81826523775913,11.19202033648,5.39988930474945,8.99487229571476
2.406520155002,10.1268128867402,3.7557434055188,10.4262694937632,4.50883772287512,9.10783459907271,4.80613414071009,7.35790747195815
-18.025076823862,55.5918707516872,2.53231699110467,18.5704155604078,4.86022749858788,10.3498913739132,5.39012957708503,8.84062166866046
NA,NA,3.4709253115671,7.91716571925897,5.06539271755155,13.4714510894536,5.77589406827532,9.93775489569811
-0.985652862510891,22.2572084986388,NA,NA,4.48154864840896,9.36194806739965,5.474615009751,9.0414378139202
2.40092888521327,9.36882701835435,3.50096241983735,8.32060875329106,4.81640962389601,12.4081543732301,5.12232613801055,8.19358496081376
NA,NA,3.57122338508047,8.64936431055464,4.83163963702475,10.6843001167005,5.8945530619959,10.5197321347955
2.2267325590514,11.8207480696404,3.72126031660641,9.43373788822442,4.89116342548653,10.1036699295039,5.32925810850848,8.67283446637661
2.36001323471924,9.26905931014291,3.31505790228449,8.18277704865209,4.44106402034963,8.30696133193167,5.25946978194755,8.3514899585879
2.54636393914441,12.5188529822577,3.60632088936684,11.3638261834029,4.70725793298727,9.47352250250825,5.69904288028265,9.91281240323084
2.61701727232029,7.15810214423928,3.83982418983447,12.3311494519637,4.71493589071494,9.3902277726047,6.04165063081017,10.7737405347371
2.52517877917701,9.17101114411619,1.88500409836683,21.3239354980623,4.86933285488307,10.5648734762833,5.65701263706729,9.77677032651913
0.810825666335023,15.0125219429235,3.73378833296479,10.9184552216935,4.85079453462289,12.430108753355,6.44107177147592,12.2520980020343
-23.2025113565651,65.0884225351752,3.35419596586906,14.9903011833619,4.13722988291607,7.39391327929341,5.97125088322621,10.8652471695617
2.60212138536749,6.83796662131096,3.64679172980432,9.23615824772544,4.84735243008773,10.5153618482327,5.80760759435851,10.167502345431
2.62593255148766,8.0591167721723,3.56429489100682,8.69480808599182,4.38902181613582,8.08602195865254,5.40473404808275,8.84478471612407
1.12217924135221,16.1677966052725,NA,NA,4.58042761092483,9.08167370356173,5.18414982659783,8.30941637304475
2.19849660761519,11.5886210134475,3.26339423831418,17.026697626193,4.90577295276931,11.0900668408219,5.74251519094417,9.96604729232571
2.49218785439897,5.88698977980888,3.67036201750037,10.9286743215692,5.02614710053042,12.88882739922,5.06756734528711,7.98903894347498
-1.25719369452147,22.4074495227744,3.30174184932332,7.78349357904988,4.80781525182372,9.98859190168282,5.67620375160706,9.90634733843046
-7.70256681258663,38.3171001690137,3.62084579336194,15.5779855327995,4.79825367994342,10.1456561898242,5.95710637692844,10.6297036926089
2.71845949111267,6.37197328806357,3.95164791009631,11.0103216381092,4.37355972260995,8.10011883420738,5.29480270048203,8.58593567496601
2.78939806871557,8.9411084610202,3.806973071079,10.5270003719758,4.84750667363817,10.7921501501783,5.17257509023785,8.15623917099696
-1.32409474871066,24.4392099138479,3.73234011948558,9.43812297785884,4.15899762457901,6.95879756963548,5.49159256240426,9.39876846145862
2.61289130450866,8.85043412949821,3.25222842256999,15.6298677918277,4.70723438858283,10.2775410094671,4.99209593952723,7.70653355485661
1.88605712676574,14.4754083263095,3.51660762566008,10.1246882240611,4.99442690690105,15.1375461884764,6.05876241412682,11.3302733517129
2.70310911809009,11.2873108237313,3.89125429711485,10.3742183109689,4.78962066415822,9.84273333708457,6.3115629875764,11.8411002103716
1.43288916253688,14.711721600698,3.63097119715325,12.0760838835879,5.14453116051456,12.1260069376025,5.19820875148543,8.45705101552194
2.46316127922182,9.97726285792177,3.65407585644962,11.4684014675488,5.21199991918124,14.4021270549676,5.52320416379096,9.30883270783653
2.34110844236399,10.6116482284702,3.36706840908585,14.6831906119595,4.78199905435544,18.0143589580158,6.19177588661501,11.9094881325929
2.26469709772683,11.133078708588,3.87010582286264,11.4240131055406,5.09323603610426,12.8278234956554,5.05711881763777,7.89386488996269
-9.68765928142419,42.2847520279983,3.63422037416184,17.4176307275773,4.74065822793004,8.97243526333662,5.21549922479193,8.27267150872464
2.33064555728094,11.5633273557529,3.29067431824302,14.0009772395288,4.25772300399175,7.91273756842394,5.33432088815952,8.91846645127606
2.02092991903574,11.8256901802315,0.767369463715582,25.3557024031325,4.99364617602943,12.0808739014685,5.2008785932491,8.35709422645686
2.31692185371743,12.6645428190601,3.60485426855709,8.10768156224309,4.44807104185812,8.21451938004122,5.64303723226784,9.40911916447896
2.56596816852635,9.65875938907718,3.5138453002427,11.5862034823159,5.0793835911925,13.1667910921714,5.56098214419326,9.33948625323176
-1.68226875789066,23.3194452320237,3.51580211818592,14.6026380665841,5.09210502124909,13.920305915889,5.04298320760931,7.88401698028614
2.07060269652028,13.3911939855734,3.46741422542863,10.5654824577721,4.58586432817591,8.47008865356695,6.09480182261471,11.046672101839
1.80536439405583,13.1304383822922,3.34368349782652,8.27976277113255,4.82866575996864,10.8178941898159,5.89582632460429,10.5333011315804
-1.592212177537,24.6946457219741,3.6236328405376,8.31099783097658,5.00647978119278,12.2125752269042,5.12591199987969,8.02113336235944
2.49301529111111,8.79762523130857,1.60841438398724,24.0144421372693,4.63023809533788,9.44654803879047,5.12735175295118,8.04919268183245
2.3248698832693,11.705217823784,2.41026386105388,20.9652361886844,3.96281012709914,6.73035337021617,6.05784781516037,10.6962539585449
2.58701137875047,8.53980560579474,3.82043265201743,8.75901358451848,NA,NA,6.01585092146913,11.1065421928312
2.65529547598795,11.3145964649104,3.59935024755346,9.95462750936699,4.39163971638535,8.11642534637545,5.21819656602553,8.27282148389608
2.49636580376091,5.53749542563323,3.77855192604713,9.56566277087156,4.50145752603648,8.81361277315912,5.34177896219103,8.77272689700495
2.44718171352456,6.63533286440753,3.44082344819837,7.0046636814705,4.72163114349079,9.81654673266138,4.91152467251731,7.53952351616186
2.31471804348035,12.0479623028905,3.65159677541976,9.92283911148795,4.40544822302926,8.10424683482621,5.43305880013017,8.92652622599621
2.25018993915299,13.1226279749072,3.60447079995863,11.6115834904979,4.22492014278195,7.34389564055973,5.82743508439007,10.3661589088707
2.0792603857574,10.1774613276685,3.61682363266278,10.3382185408719,4.52628722070158,9.0109469182075,5.13856133936566,8.1930355773565
2.33111328611092,12.1039699082932,3.63007346825747,8.97648543850477,5.1288290347342,11.9523963645201,4.9677782214354,7.54036160879484
-2.9275714518135,28.020639639846,2.76001941821458,18.9257415614807,4.53197285272211,9.174785532536,6.06460246122376,10.940368418136
2.41191660958988,11.7549382156414,3.67853501916742,10.2004721014656,4.7357110893658,9.63491554146279,5.49930922266803,9.50140062649091
2.6148381740502,7.0830842309178,2.87207201387859,13.5886032899104,4.45434375081717,8.426140734908,5.10285410598599,8.05249669678998
NA,NA,3.94281544705229,11.6540889221203,4.33538599281573,7.60315629652181,5.85739170964533,10.3085918128478
1.99441044219718,12.7452579660902,3.67408741607139,10.5574003199804,5.05494896656053,15.0405126828924,5.02562031796901,7.78561302062806
-0.638263239601844,20.1115148576916,3.75609508240435,9.61319496436132,4.25943427197731,7.32382508569186,6.00216542836034,11.6255084654498
0.227010503795642,19.4521010036369,3.90138554251587,12.2907496657941,4.30669594262569,8.05103008592729,5.7855328743423,10.3661307617323
-9.91393892615585,41.5529627628839,3.51981157539216,8.62734720662545,4.84035572982339,10.1251202511399,6.07422346034309,11.1518000505079
2.33186034940758,11.4612427664635,3.51102987574615,10.9195004453447,5.04402728989926,15.5746161485907,5.95196503029229,10.7085700828286
2.03648258304453,12.2263072121141,3.2052352535198,16.2809392359441,4.7737299856114,9.63473566976132,5.4174924130853,8.8713812737606
-4.44730224969914,32.2054005694064,0.976974056830015,24.7999498010482,4.36508855816958,7.94763337513747,5.41930096420726,8.82647591940086
1.58771029635499,12.000352457681,3.53863756320842,8.72219686248443,4.2201376867332,7.72140293087739,5.82690680567718,10.4885028598344
2.56326615305826,5.8739645511463,3.12276876806263,15.9867995025752,5.02901129175503,13.1383654666362,5.96697405124668,10.5670402174631
2.69523754441721,7.95109158154541,3.80822802376939,10.0521376184329,4.93223106861394,11.2047083966552,5.36412667958729,8.80271091382679
-672.492181373267,832.993447630992,3.57609742297962,15.1511587651164,4.53588050646325,8.17198000838381,5.06335560559705,7.76396493796193
1.92657658434979,10.6512175615461,3.10782070267178,15.2261371226887,4.24400861219348,7.52679935559288,6.28124308260875,11.9244173964715
-4.18681473290281,29.4821121049864,3.5906882536619,13.7149061071168,4.57492336902641,8.48122426050572,5.01631816700654,7.92055061019582
2.42044495688354,11.7966088647005,3.62534780845902,11.6114215493372,5.21068672910946,15.7057294459172,4.45266311263498,6.40392003383157
-11.5766034426367,44.5918752196003,3.5213076700546,9.40571993920323,5.19220599268824,12.2646734313894,5.31323880823414,8.45987468621055
1.81252281112145,14.2174749109838,2.96599027020474,16.2299751006356,4.98360334088845,14.8372907356931,6.23457157280423,11.6293781241815
2.69854022314174,8.74307152913832,3.54149406761594,14.7022620133224,4.9414580339342,16.0887921902938,4.86906574089627,7.47140703061748
-25.4895441648443,66.8669273970203,3.47419932523829,12.0897347540654,4.78235110781066,11.992081687697,6.16001788089631,10.9524475199792
-4.87940394052536,29.8180991484935,3.65401111408931,11.6127795746968,4.34547745418714,7.77552979584788,6.16073890134473,11.3370261500438
-64.0822830933596,126.295397739903,3.17661038336345,15.6882979268275,4.68461790942506,9.55319881738624,5.52506416847206,9.29023339741933
-0.714097136261048,18.6524022419237,3.74433524456049,12.388317427919,4.89520918867649,19.9491699651183,5.8875735905538,10.8234561446711
0.963201344479412,17.1624831838736,-4.42656473607724,40.4295508879603,4.46324744560782,8.44429488077991,4.64745365510742,6.93917092449027
-2.7839951120495,28.283994329154,3.3925021335886,15.4872362522519,4.98766160417795,14.2110839573633,4.8006384852461,7.21930351636652
-3.06220845494776,28.7213019633365,3.26560540295724,16.2125017596893,4.66734339960357,9.32959416334521,5.85133800248637,10.3473031325738
-2.46337356087544,25.9188983638198,3.46552974241868,9.90279436425766,4.94820972246751,13.0029362023003,5.15119039285021,8.21711799522958
NA,NA,NA,NA,4.57282266112185,9.11399637778058,5.76789879011194,10.0035148210216
1.86829729316474,12.6051920116006,3.77375369591137,10.1160225109952,4.47972492548379,8.42982943535433,5.31986462127378,8.64912208074965
2.64691404832795,9.28962017711925,3.7897144616079,11.1791001937331,4.4743309676115,9.2428188803112,5.15563597694761,8.25521387875564
1.65596884022327,15.2005944923171,3.58931393507171,8.64908735338141,4.57000131297409,8.61525607060564,5.33867202654451,8.90971883333126
1.81365159826171,12.7602629592064,3.559383515775,10.3332425216462,4.68759249798383,9.32491221069905,5.64113320060533,9.78205098694097
1.02347381574674,15.7209859584854,3.37341678713395,6.5108527931831,4.73657782171662,10.347971613564,5.2763458289212,8.45201306176631
1.90522372032008,14.7178889340118,2.26872458880077,19.3056537997925,5.23036485203849,16.1928827460221,5.67367439560331,9.92879829679126
NA,NA,2.35177775845196,19.547543651092,4.24493643464481,7.56832779077192,4.77136921570274,7.09437938065358
2.15197916292476,11.143109555923,3.5859841736496,8.14036280521645,4.85928256458438,10.0077567277419,5.57106991785799,9.51642861239044
-6.55389324159725,34.6598188292231,3.25032736598544,16.1933897463538,4.72006445502242,9.27174064799969,6.02193535275925,11.0680354853277
2.22375557472789,13.1423419910252,2.21621332460287,19.3929320808138,5.11230595506964,17.3305583805872,5.97032311207745,10.821635248444
0.262645145683798,20.6794958764814,3.48247959031489,7.33516118557913,4.26606517676417,8.18454188205186,5.36438042974814,8.67245999076743
-2.01692230291155,23.5083406834512,3.64235299789151,10.685797085749,4.92095490317843,11.1849153768683,6.01098338976447,11.1703552174028
-0.554729659066085,20.8608103982085,3.30125684862496,15.3742558698733,4.35513643341859,8.08626274684204,5.22238068043064,8.29331903475694
-3.89334903957138,30.4622252266369,3.34886227535842,6.81199411191396,4.6568104313145,9.50353173186286,6.4678976440826,12.8953072123004
2.05570668885301,12.5236303799005,3.89110066326119,12.7159900069837,4.71163967767159,9.32455900708023,4.69951464978272,7.06574240344283
NA,NA,3.72510338983688,9.09666547955272,4.86028529113482,13.5673741422085,5.31424895875309,8.73869777090428
1.14291408556819,17.544806100891,3.82520932345203,10.5501680260116,4.60127677031402,8.86664051345303,4.89098736812886,7.36362172929086
2.56965227371851,12.8378164915719,3.674651184198,10.0327431727499,4.52818984769756,10.0585092988249,5.53795579766608,9.29460118040895
1.97085236886129,13.6099930792886,3.38965707458163,15.5768159265312,NA,NA,5.92312504752361,10.3514889468151
2.40347476281353,10.1949501941535,NA,NA,5.01786848209788,11.7345914850075,5.96904176646724,10.8640536596344
2.60990837544653,11.4441668921778,1.94812028519119,21.6487280051843,4.96898358863792,11.2925124018041,4.47226201493744,6.57991806630747
-15.5207353089349,52.9569046988961,3.19829909415969,16.4739068289466,4.65604241740789,8.98664974480117,4.99593496978043,7.81809761906555
1.54355049725955,14.4312360324422,2.001565354742,20.2465782667095,5.0775354284275,11.5167339652113,5.44319014996116,8.76794780290957
2.44343785633559,11.1582264678618,3.37195130526516,11.836981904583,4.48044099571483,8.62448068126099,6.02267364293844,11.2535006999548
1.93017742981547,12.6364690580728,3.1756890107527,15.9948150369584,5.0308181787345,18.7635022902613,6.04454149920308,11.4473757629222
2.26030226667403,11.5655111179902,2.13439498953216,19.9389912947323,4.16063215772268,7.45409785749444,5.34720511501956,8.70246291419902
2.35882967851729,11.1828797342264,3.32196506804143,13.45722159543,4.69198143435605,8.91651426985295,5.84570997495247,10.0927219446913
2.48119235786812,12.4938489997597,NA,NA,4.53162672384377,8.34798911069515,5.6094401693799,9.47779552245182
2.00026125450603,13.8076978315874,3.18859551428946,15.5663621756684,5.17328760019102,13.7208295425054,5.56902709197612,9.4640923110774
1.95366486889069,12.5447593150577,3.59110602441039,12.2081992527034,4.07858804129599,7.04968469975452,5.52015137798708,9.15464580021144
0.254006870114402,18.7207333760383,3.7445172792008,9.72823801655156,4.70918774027484,9.09459182863973,5.13303991124508,8.14291179174499
-3.29152780134526,29.782272691216,NA,NA,5.09389693865952,13.7640865646378,5.49503705618196,8.98526096351011
1.62379765739338,16.6152000849033,3.49480870242974,7.29025231307177,4.48697851118747,8.72217790999888,5.07380663298202,7.87381226463266
2.74871761374777,11.5056725341705,3.91405017631068,8.62903105124527,4.75472333673063,18.5805646977652,5.0757806788041,8.03729646538957
2.59826552904025,9.70027911186647,3.64436386272225,10.3626434445644,4.78940805838741,11.1978345156374,5.22209047072238,8.39190176360443
2.52405179009298,10.0126312931002,3.75829350277078,9.03646545197434,4.38368359638315,8.11018239420774,6.02913063035249,11.3147912953548
1.63246768277832,14.0082604494936,3.65838253901987,10.4741472426941,4.9226185569909,11.1419116464413,5.2801857688817,8.45914068171422
2.66556169025665,7.00150750277001,2.99072364931124,16.7606994479875,4.0039486469444,6.82177329960153,5.22327778523198,8.14051122987646
-6.4461914099374,36.1604761647302,3.60227578496635,7.56631790799471,4.13562790902462,7.14279961743773,5.37958230217884,8.88506011872386
2.13403585142389,12.2940458986784,3.71254384324446,11.5635604172731,4.39754047393188,7.83981563642273,5.00029163271345,7.73789828965763
1.86857241388237,12.3969064400962,3.45670777651586,15.3451087561287,3.93878561476282,6.70108601956721,5.69131557264368,9.95904608067616
-3.44671982912772,30.360781192406,3.62670033466712,7.56650984279279,4.81464845216883,10.1261022853601,5.4033063384531,9.01271978899405
-24.0829971385032,68.0430326140195,-10.2874052117206,50.2697083762927,4.90556691035965,11.3014132473792,6.25103722288407,12.3372879736411
2.72657180662026,8.79342791384386,3.33096618989499,15.7880999968919,4.44607317434519,8.41385737999692,5.753117783432,9.6291599487641
NA,NA,3.6878817901016,11.7869142297697,4.90111692863609,12.2048422207198,5.37322806761244,8.60546662911488
2.32251119941027,13.0420999742413,3.56332084910045,8.7231144865413,4.5386104500224,8.918567263275,5.12205658588054,7.9593983053976
1.55479300387287,15.1249536654099,3.36002522615895,13.4607190575689,4.90567999315436,10.7974218832312,5.21595088613973,8.3841392455324
1.23882195763429,13.680463247606,3.57947744211085,9.19144044280226,4.55850937242485,8.95038728161556,5.54103899614299,9.20867591604192
2.0089583352637,11.8186496878769,3.69735586728707,8.80118459037164,4.6392581962681,9.29544180302619,5.64522059733914,9.4648063353851
2.30692201538711,12.6492946365314,NA,NA,5.12713350227615,12.7345746778085,5.30699511789476,8.42132057862157
-4.47113722605028,31.4734300362829,3.65762896273476,9.04460817131573,4.52064581086275,9.00081801450956,5.19677657606379,8.27276804822857
0.984868036097808,13.9908083999268,3.77237107623953,12.6891039669567,4.71912392615673,9.71010046569705,5.47217264294905,8.87344924872801
1.29880958387506,17.301758680622,2.63016760004893,20.5990415878039,4.96647169725155,11.6966318971616,5.1213662317242,8.25868382051363
0.290072493251881,20.5520321640103,3.40897511281494,11.5386003699599,4.19479739867111,7.78152145621042,6.0716477075253,11.6280845506105
-5.33394021724852,31.6257484002079,3.48977887021639,7.73670922880905,4.58991022528637,8.95888528824867,5.18681177913986,8.12873461007683
1.27240933553105,16.636681000002,3.60950682670426,13.5175898701744,4.83959758591791,10.8965762009738,4.97107915140451,7.78221261929841
2.55232164058988,8.15284923342651,-1.27607247943408,31.2684102513502,4.23304726897935,7.59122581689661,5.08914778936475,7.76844973531135
2.5160582599702,9.63784045892977,2.9367673200703,18.1459419534442,5.12915809661269,16.8633983030026,5.47867200941124,8.98565386364397
1.41264313451676,15.2611912740312,-22.8390266809887,73.2228393132033,4.94993651777652,17.6609353172964,5.0209035992966,7.86442851267927
-3.30066341961595,29.6390449969653,3.6495800233133,9.36979586569899,4.46602438010476,8.00831707923483,6.16667777443593,11.9225546931608
-2.02871616003312,25.071076746833,3.47353062732659,8.25777102448465,4.96658502087321,10.7330488781868,4.74746963330065,7.06662092843422
2.88598284001839,8.89356677263941,3.29422119490253,15.8747503217562,4.8772047040806,10.0674593021524,5.68926590687826,9.94778542821757
2.2207627202591,14.3286873815044,3.86449733946256,12.6290035586595,5.2486770108217,14.0560890051329,5.64135860232612,9.54270753965148
1.58572851561914,13.0494713835015,3.63315140890913,8.58976443141943,5.10371080353346,13.5324020317081,5.58598040908887,9.49948017590973
2.75347987877456,9.89030644177526,3.60953224154968,10.5269809576718,5.09482094437402,13.1211862198049,5.69830990564986,9.85117370028756
1.43414795181591,16.8637389178094,1.03320082079034,25.769783914701,4.54137348752256,21.177174771084,5.73153113004261,9.96001072382924
2.29576529814701,11.3597468442633,3.63575768066661,11.8868170697374,4.48301788247998,8.09656240764886,5.94137947289435,10.9566195559355
-34.5384965000894,80.9759853923751,3.66510192487436,8.33489780412096,4.47892960692512,8.83873991961379,6.00357171855291,10.7391834683609
-4.15214895224696,31.2722568918667,3.57140703953469,13.0176265030065,4.74064579631606,9.61475605508655,5.46795018222895,9.23307042912358
2.0072777106826,12.6921547824615,0.0889525939342999,28.4393944564088,4.39776650304304,7.83443139645321,5.68481211210565,9.59717953783632
1.57372101577899,16.3616629920461,NA,NA,4.86804731428285,10.5051627715535,5.51266514993186,9.11325510863479
2.39580648648633,13.6953474462561,3.54629737783763,10.6114212217556,4.82067991121136,10.1054029476514,5.94122515061525,11.2636384804985
2.69435599111549,8.17901756304332,3.74632216823206,8.60056746859536,4.78450642591541,10.4114686928598,5.83238918057001,10.118360576171
2.58173842004551,12.31633264354,2.91647837275758,16.0945541066631,NA,NA,5.14836822829994,8.21870476838631
1.31737168589064,14.9322635229769,3.53177254539354,13.8688447928534,4.93320324622347,14.7285805436216,5.33767928644879,8.79103352056275
2.53173550906274,12.1049381450919,3.63483181908106,12.2795404729417,4.82242777701537,11.9489260679487,5.84343378533447,10.2756945122049
-27.7974931975987,73.0571607319377,NA,NA,4.52290374382646,8.87232177113655,5.85335924653996,10.7790809694184
1.0954220087583,14.7031387179263,3.52668813901338,8.93003239629821,5.03890999156521,11.8078622963572,5.34684391341656,8.72449422732192
-4.02016604126518,29.3062616688931,3.71356489075099,10.353226641262,4.75388614076109,10.0295978867,4.79608082637272,7.37435303662564
2.53478212913172,10.4080091543997,3.64163000142212,12.6261273415261,4.14439440509007,7.37124826950581,5.00243914895805,7.63961211636586
2.19917690343851,11.4752413594884,3.70717435353736,8.87978181181434,4.80348909306721,10.1529054607551,5.41023103821551,8.88822733669061
2.79335510187718,8.36904545014632,3.71703935870127,9.46149021666397,4.9010599049437,10.8480888916518,5.48820406435165,8.98213431642162
NA,NA,3.52818892316509,7.605015797556,4.98242012423568,10.7854544295559,6.0264572563722,11.0342526757912
-35.065598992812,80.9845823337047,3.67902091995885,8.69593215572751,4.42945357684205,8.18045967953721,6.4337543015743,13.283095440973
NA,NA,3.35807938857204,6.56441086754619,4.88123722689023,11.3347253557692,6.43696107935951,13.4148074650027
NA,NA,3.01006257541898,5.96443624557529,5.07332514719418,12.5710237968696,5.03186779558994,7.84351995573595
-2.13433209678983,27.9582116816145,3.54820930886805,8.7717294322488,5.05937007224988,12.0286555703693,5.11361883443515,8.22600615727332
-1.69387616321937,26.2789071528327,3.67512309547775,15.1544548265573,5.20497697647869,14.9880971466323,5.76529129189016,10.3222668032765
NA,NA,3.43889681918736,7.55022359612497,4.70113823091492,9.96382424717762,5.26693787860312,8.84459029027495
1.63835847495873,13.6818252027634,3.52946406833317,8.10130483784806,4.76356701453922,11.1120543354086,5.34500928791668,8.70476461230205
-86.9349981231679,154.796029998573,3.66739913739242,8.57502473178043,4.59088225994735,8.83092880315464,6.20411907165057,11.6797536956676
NA,NA,3.52686848364017,12.5007444490891,5.05047025851174,13.2852530575615,5.78447209759643,9.96038969323705
2.07940966871476,13.6898207074122,3.24212651323137,17.5657653782379,4.44278539468748,8.86799431798335,5.418598058654,8.71828500715853
0.519659621324166,19.9240945521326,3.55329510157977,12.2696933374757,4.4017938779543,8.11107711272801,6.06576985657632,11.2015868072165
NA,NA,3.3590400710168,12.3284885874579,4.83173591453208,9.67157403231077,5.87536730666059,10.5247335009828
-0.669394209330083,22.1242606670065,1.77900343842507,22.4621342250533,4.98403007848326,15.1976864121163,5.55097621637857,9.59662128708945
0.591138288650091,18.8224614984208,3.34973269749721,7.21680700374427,4.70549213407126,9.70577526719166,5.16824633413542,8.1721325504253
NA,NA,3.29359070285778,6.82936685159133,4.73894426544826,9.83857108695157,5.39279636728877,8.54422269061715
-3.29109923416529,28.2125172011684,3.68600941885669,10.3694198020589,4.99304785344652,12.3968556428681,6.07659874491462,11.2607838922122
2.65691148896845,10.017492618049,NA,NA,4.48122665922971,9.70825899632078,6.15496882690382,11.4117908101635
2.39490122863546,9.73356918962494,3.97652802132165,13.4158015818103,4.96053460691071,13.9361364601714,5.92784843576841,10.4897720766139
2.53079152083565,10.8789851026627,3.691068517041,11.8215274576456,5.02997184367353,11.7312669589211,5.35485587807527,8.66210067204983
0.411942030242392,18.4501887486153,2.98340719301998,17.0346973757071,5.09448509983162,11.3734986521946,5.38333651020455,8.74235699096987
2.55314537781894,8.47310643619644,3.59416709902742,12.2954919046672,5.16488822808045,11.7749548017754,5.40520803172653,8.80891301463789
2.2588521909213,11.5137263096554,3.54927788770978,12.8825417682662,4.85763844241396,9.76148441170426,5.47259212570272,9.16096600314385
NA,NA,3.15684143024471,5.91134020246304,4.47054467807217,8.85703292411877,5.11198244346689,8.14152299485937
2.61639257246588,8.36217808982394,3.34371362968156,7.4848623022586,4.29485222144456,7.77075097599376,5.76130849274474,9.94271000181302
-90.8910138889174,162.449153486759,-13.3836625220897,57.2329038376978,4.55387805491119,8.47399024956215,5.81804834723092,10.3447034302445
2.44813634188281,10.8203712342221,3.77813655368316,12.139388721467,4.8042779595515,10.1085963732493,5.19192414057002,8.10606893311869
1.23626806619727,14.9266240709403,3.61103488892554,10.8437707614214,4.19298840674311,7.51888465432226,5.72730036662683,9.9741001010326
2.35665868404861,11.6672676766408,3.71824694193739,12.5698684389632,4.73511688472916,9.79111057030589,6.08032872469519,11.6442629596517
2.863046468484,8.55917549922104,3.44684227913727,14.3238531417289,4.62652492787673,8.88279374309408,5.35729815021393,8.9791684697041
-4.8915982826623,34.7221056812117,NA,NA,4.46085172068236,8.63719370913029,5.42652513277515,9.01419275971313
NA,NA,3.37546574354621,12.7176635447038,4.42962041303638,8.40529537765791,5.52490275392315,9.2333633817179
2.51520823910573,10.8789281887916,3.63259908970809,11.3445321188289,4.71233135648223,10.2526132147274,5.67919267512781,9.92583265278389
1.86869337635504,14.8350343437988,3.5450787346612,11.1020176754826,4.63313680876239,9.65883092858253,6.17803319119271,11.9132894502222
2.54369005962427,7.41782704044195,3.83439154553555,10.5749736791845,5.29258031022146,13.6841916940647,4.73047457378143,7.12332022574326
-1.06857936129668,23.4281698313494,3.64059688598038,9.06274329194452,4.67313471605286,9.13471809073104,5.25332312503674,8.35254564202987
2.64101658746392,8.78545371158394,NA,NA,4.26235865185269,7.94708862647784,6.13162131186599,11.4695962891654
2.4070036103945,10.1568992394039,3.6437710713612,11.2064720225087,4.94206249287796,11.1281216877073,5.03212460157278,7.75871592868892
2.59118767347166,10.1015141339857,3.61941616843096,10.7893005350228,5.07672554297896,13.3026709087948,5.88525922153843,10.5770876418884
-0.556790312703832,19.5478812990279,3.51522190858639,12.4507648956856,4.92762003065669,11.2777403135739,5.77635103976679,10.4518636899681
-1.78783510417467,25.667834086839,NA,NA,4.91534470594966,10.1294240061573,4.90630216061839,7.57526243582644
1.53826374574647,16.2176605832262,3.47032362968761,13.9158109217024,5.09767557700517,12.2762690340029,6.58076875711837,13.1034306063726
2.50383782794889,8.59939074602624,-1.24932323953098,31.9174773947134,4.98916078670527,11.4051203984232,5.73884128004389,10.154365939927
0.590175798440072,19.459426714551,3.53882177216065,15.7901494813337,4.59686574198417,10.6660846354618,5.50021961167328,8.80873274896385
0.355277381234099,18.415119454961,3.87575602213133,11.769307104175,5.05744310028559,11.0229576903271,6.10889490602685,10.8205483934387
1.0047742869114,17.0804962753394,3.74971044073804,8.96571829970489,4.17505390694051,7.24568250605126,5.77127458539902,10.0318384224568
1.03960869710733,15.9545549742102,3.57520477684741,8.1194559106052,4.47605396811619,8.83923563620753,5.74962930117641,9.53423754277812
2.22900623105007,14.0365598940724,3.45940408421267,11.6105167002944,4.86346010433701,11.9126453472076,4.70583295103672,6.88945355296124
-0.772655457379198,22.509218812408,3.60188025037452,9.34823505147504,4.6761878536208,11.4067476171184,5.78721560331115,10.0547411982779
1.54648974477799,13.571233508439,3.66537084364066,11.6446906589824,4.56690454164824,9.73790316177563,6.24167153513484,12.5801931970722
2.67159956238296,6.93640789255367,3.49618452716707,7.38933095207922,4.39272399807901,7.85100031360645,5.3219347213642,8.81781690264647
-9.62351125696316,43.5332365904838,2.23318631060892,19.3110846810629,4.21137598260543,7.26334018968324,5.18086097766512,8.22859299748869
-7.05443423666996,36.1944703977633,3.78432075841402,10.3581991362038,4.73784025330757,9.9845308719384,5.17372831543051,8.17228426004494
1.90313761524768,15.5171133753656,3.39841772751541,6.82041615759107,4.88233125428793,12.0388804788308,5.08792954810288,7.93140006954159
NA,NA,3.66168034985548,11.2487670264959,4.81071747166204,10.6622096103698,5.52798125014527,9.14356799033905
2.61425050071132,8.05736733148756,2.40578314486675,18.613771137865,4.4728170289036,8.20461383779295,5.25328817404514,8.37657677248333
NA,NA,3.79402455541092,9.39848319857438,3.90572325848672,6.44950781679289,5.03719217228252,7.75670292833465
1.23214754948069,16.0619696501925,3.34178300129125,14.203794752614,5.02074941748769,12.8746961057726,5.50268365792988,9.08753650589555
2.88606897875219,9.15504944587111,3.75072815812243,10.1887017289236,4.34714088512331,8.18116571515129,5.52730157555962,9.29288962893125
-1.02035254173306,22.0455664553649,3.56772644217013,10.0166479747286,4.58736873343261,8.93124550925872,5.19225646064425,8.38969809082873
2.48376575296258,7.4292774858454,3.45814417814506,8.81985617433608,5.03368869332334,19.3751231458514,5.7807666299582,10.3211688167761
2.60468678221501,10.2946006374911,3.69821578246724,12.0244220741718,4.9658904524531,11.4880421541552,5.65585716135117,9.6600606287894
NA,NA,3.6097975089388,12.6725409367253,5.27200343712054,16.1424382997471,4.91233787400759,7.50521604983289
1.33813650353121,15.5611847882995,3.5812041960951,8.91042949948347,4.20714453700048,7.2717077129481,5.36475619737125,8.84601994738042
2.52575821179752,10.0216627051378,2.97087901359892,17.1031533482466,4.42964138346183,8.23841431738178,4.60132845250956,6.73222928645879
2.18097587148968,10.7234713623951,3.33540845396576,7.38220020089625,4.61564721525911,9.42574311892658,5.22344429565789,8.45319102263367
2.59286343232681,8.92144402314867,3.01460482144988,19.2267773558024,4.74303781107599,10.5223881341858,5.20919311541569,8.19866359702793
2.38664901669233,10.8567349031344,3.74840012517744,11.4976810899467,4.49336058725816,8.7557429911013,5.15223512409748,8.3378871265491
2.91756535851365,9.63976378466449,2.24818469081504,20.5568768062793,5.07554787663077,11.1416472556054,5.46691208812504,8.90901439101407
2.46331582384242,11.2157200893884,3.55794513115875,8.50563009035872,4.79286227967824,10.5088364671018,5.6894228903108,9.80676113402834
-261.156492483349,371.460725106653,3.38848949535992,9.37582492818686,4.65343581542191,9.20059672151062,6.00333702400618,10.8859918993082
-7.49853364175074,37.7838384843936,3.56792945410152,10.9792223557735,4.55892025573045,9.17314211633457,6.01743972973204,10.8147207430987
2.19814759915527,14.3984540942024,3.73193774607489,10.6354378301775,4.32693254059707,7.98156261032679,5.3653755100911,8.67230656754055
2.40974068877995,13.4418156427007,3.2575415450162,17.7472127038063,4.49167762762796,8.36867355380875,5.82210716308845,10.3356968580734
-0.6587358943291,21.1904363194712,3.56095774518174,8.14405085854357,4.60992534632555,8.99876961522028,4.92248995550881,7.5929060191164
2.83744063672578,8.11897260014268,3.35333766888741,7.39998933746537,4.07123471142499,6.85936802643384,5.72732129623042,9.8251162077875
2.376069234447,11.9487596792138,3.51273197959675,11.8921160430786,4.56760356033273,9.13502671770717,5.65642259501032,9.80203196044465
2.38480154612149,11.314556481196,3.474514924328,9.2021980646487,5.03297796833639,12.5169490519235,5.28488482892003,8.46077494048445
2.61522801845481,8.91593388561684,3.54879599584243,11.2373967194133,4.53615767721925,8.53950735242776,5.69836427831693,9.35008939634807
-3.40111455156464,26.7549351074352,3.48049786980606,10.351231528117,5.17523332549893,12.2093407217057,5.66354276220104,9.32077043761276
2.04164110645759,14.7970678547517,2.39238914544666,20.0694490209354,4.45843090052443,8.6554145406499,5.16498929598071,8.18717708957304
2.40913223769856,8.37182621951841,2.90112026984972,15.6906284211904,4.80825771953301,10.1534200221021,5.8143627517853,10.1540403821498
0.554608338075541,20.6990423358542,3.66951911664166,12.721960210468,4.7749606743356,9.62072425016238,5.52684497252165,9.21965445502962
1.51716346589679,14.3492753354374,3.35567754441178,13.678716694813,4.00167572737106,6.77892327089605,5.64217412861294,9.7070659695928
2.51387486767723,6.99185670005652,3.82474903195273,9.75923570388683,5.09710098273511,12.5672497955142,5.09579525941417,8.10547905665029
-0.647744288001098,21.1038531441603,3.54511134370259,11.5160796423042,4.73339041335843,10.0180587519794,5.76962960283793,9.98535158311812
2.58227492036638,8.95099518070596,3.4955299420713,8.6708702300992,3.58442875882163,26.360861895006,5.01544232185159,7.81683094816586
0.776561264563719,16.8140495048133,3.36053522274821,14.4638841136918,5.04475500926069,12.6949891113366,5.0376518119205,7.95530156003259
-1.08050581445175,23.4230238514115,2.33878826909958,19.8509025446675,4.58010897748766,8.60558753766479,5.3600848566589,8.68467789529535
2.89013821376322,10.8268864950909,1.84739288132259,20.5690287282871,4.86044235876178,10.967623003525,5.60824450756086,9.54710300798854
2.36217909554585,10.8420492079218,3.65959896565967,15.4284737423009,4.98087973550808,11.3779596455799,5.44700684459934,8.9489197724267
NA,NA,3.5351154763962,8.96871038075815,5.13415730830446,11.9369547629464,5.78456052496755,9.69062114374402
2.41710402992242,7.19209590301555,3.43799719354123,6.133195866465,4.77478124828425,9.40291464149418,5.13736106232818,8.19271017638292
2.67619339921946,7.7448589891788,-4.45121568909773,39.0448726470266,5.16202204739162,11.1409898663978,4.74910045508751,7.21021762722093
1.85101728265147,13.3798250900494,3.12942681147456,5.98573357777408,4.82773505997942,11.3734736712088,5.20005952973159,8.48018135791679
-0.445407289773811,22.738517449352,3.56788880459662,8.76629362885818,4.06016257007542,7.1734212009613,5.66356247106887,9.90183880417282
2.92850001995506,8.40694802194761,3.03987416041576,16.8156120824008,4.7067062958973,10.824896231795,4.98698898853235,7.87587649277823
1.65366894602711,16.5457460759576,3.38862908910782,6.52906596915882,4.98666665200324,11.9658630492527,5.40511957319388,8.73173906529826
2.74218807972868,8.88417027018787,3.37968254108902,6.54130629611471,4.76354789032233,10.0025431166405,5.86132469851046,10.1046356439587
2.0023535137205,11.3158015132664,3.44942300445727,7.27886211569554,4.37133366004393,7.477907852383,4.41507352852648,6.40400065142627
NA,NA,3.42833916235994,7.2668750998258,4.88472814367597,9.93494115837358,5.33002582524075,8.63276372124646
1.89066334144525,15.5852591066632,3.44421917897773,10.0017151297949,4.70397647412434,10.1108007579921,5.56572566911544,9.50823703612368
2.40224772252004,10.2397021888936,3.45900042969432,12.8903068393714,5.13072084825075,12.916876489278,5.11355516370778,7.84425285055636
2.68973858593112,11.7604129069256,3.54900401169174,13.77475262708,4.80463823836587,12.3410177108705,5.207666949602,8.56438464849547
2.55536796649815,9.75299329661446,3.47674119550425,14.4050772446616,4.18720713879492,7.71861749486488,5.08022462059506,7.92449953309371
1.50822510427309,14.9938127072367,3.42272486545203,7.40606847253034,4.59741416685759,9.00065691857558,5.10720880279568,8.00702764310636
2.35422731100502,9.86308637323326,3.7719469933613,12.2992610857635,5.30159295970331,14.8760709873775,6.30381354634865,12.147877489115
2.43050003680097,13.1517478968676,3.08647532338998,16.877512067674,4.91642447411253,11.7425494740919,6.65329400410968,13.2808306634415
2.31943543127593,10.1670644964362,3.5967171113162,8.72964149178412,4.3729318061138,8.27689001548283,5.07025167116104,8.07216384741348
2.41006288799701,8.04865241076343,3.26153589081956,13.969157446999,4.62037129029145,9.30547348995704,6.34852091194319,12.4356007615995
NA,NA,3.5820397923279,12.6448444264212,5.14739289116853,19.241822003416,6.6619888731795,13.7159281399727
-1.3764773329472,22.4933056870461,3.84053075733363,9.94386764927203,4.86741245444335,10.029314651725,5.58884803675388,9.63074465472695
2.5896190251564,9.78402861838062,3.52750177589066,14.4982709572272,4.94127764730262,16.0940472777557,6.45556551066289,12.8359289204782
-0.100326583143502,20.4161155248843,3.77963991367547,11.4078264271799,4.78761163362651,9.92958824867427,4.81634261439576,7.22581172492808
0.280054464683133,21.7913732221237,3.64085656341037,10.4360661250139,4.54489371435146,9.19303600229969,5.48299419519565,9.02371248292174
2.39726706314795,8.78363961740193,3.08036105982527,17.4318320074218,5.01509986317356,12.0814813393944,5.35844043715389,8.86358852495206
1.35515761622165,15.726344436446,3.7435839054859,9.6166850137156,4.60061389153265,9.84581705196183,5.28211363787663,8.50147975420264
1.91331435666717,13.5152567601267,3.73815730583207,9.3968882842297,4.36426555555535,7.89548135303982,5.55588067650481,9.27429962976354
2.41878752673248,12.3099791574733,-157.16014452857,264.535512125107,4.24877704229585,8.21558940967928,5.11806046398647,8.02172788914629
-0.430605065202656,20.2628342416214,3.88678219506247,10.2377194458475,4.82528497596163,10.5541413538092,5.35298417790434,8.65758321886398
NA,NA,3.66374260717467,10.2923040854938,4.98883923761513,10.3858242243898,5.61286994190873,9.53619888845904
-2.14625810584752,25.4163905701466,3.93580386144343,12.5288806122868,NA,NA,5.83422771836921,10.2394882621978
NA,NA,3.53601266306402,8.33110231053803,NA,NA,4.96734753764902,7.77072291082056
2.48318106141467,10.345615226825,3.54407303679787,12.2350143445937,4.18435206408713,7.14441496015586,5.20017238452812,8.3111754697705
2.34496413592153,10.0484832566439,2.15375946793604,19.3199790710576,4.95638216555033,12.5496600975692,5.54807922233661,9.25136148409731
NA,NA,3.58071276708336,10.6585799013456,4.7649125724834,10.3014914069663,4.72806546792079,7.08420783359094
-3.37327316845039,30.5038911465365,3.40662642576306,7.76783171198086,4.763825799957,10.9449080174313,5.26342417836288,8.37572405611576
2.11964385749591,12.3624941520281,-3.24384973358241,36.3429004037447,4.69974988334203,9.33343106019376,5.66981848849637,9.64835831660714
-6.21217327398108,33.4608512160405,3.44119533594634,14.374812126446,4.95617999161551,14.7148785901959,5.25496209598194,8.33737257301462
-4.85522928542275,31.2193346320342,3.70954320754165,7.95063282158863,4.74780476966933,9.81317591299867,6.08474680482254,11.365692255731
-0.701675297348586,21.1481639072558,3.63743070794397,10.8983038033454,4.17806476230622,7.58826271412679,5.76946484406781,10.0802824689974
1.88905453295171,14.0146980169576,3.46690948776721,6.64027641028796,4.71947538984097,13.2762598680635,5.44201220496364,8.7299825953174
1.73940671847838,15.4504917008786,3.8859020366939,13.0690379620325,4.60414503121158,9.22173435148851,5.0568589011146,7.75056286368299
2.37040493448294,9.75701861008657,3.67072268736388,10.4325770257522,5.35793405140005,15.9948988394392,5.59059260519994,9.99261090555006
2.7483869108509,8.84917507599032,3.73759542179528,11.8378304310797,4.66354944269308,9.25069156723484,5.54005405053576,9.18215529960203
0.822831431164518,18.302885540612,3.34853450437984,7.36701167946619,4.63945235811585,9.32460856917338,5.29331123232565,8.46683485124043
1.94628814408213,13.189718787406,3.68585467840387,10.4735745735074,4.92781735054437,13.7548631145068,5.42785267829345,8.76479523490034
2.48554859703957,8.66403155466629,3.56337235178612,11.5668726680331,4.98592066157429,11.8800320970547,5.88034918547889,10.8305567416998
1.6311907846667,15.8792780680026,3.71724401109273,11.5827555426102,5.10068739536009,13.1805245580947,5.29286653705663,8.49170102333382
-0.687082884327834,20.8409284971426,3.62323771866263,15.3509441443049,NA,NA,5.03713291909971,7.80532394348902
2.58565691116692,7.45623239357982,3.56754459554126,8.26769333341005,4.69652799152894,9.04290669458604,5.58811249109585,9.35526438728259
-4.85489898253947,32.0357079048651,3.66901724658237,11.0490676149784,4.634377184107,8.70849522869644,5.71470481092997,9.80295441312055
-6.12492320250017,34.3058344992198,3.5431557459414,11.9471468752797,4.13166778370162,7.28023142388323,5.48566501342277,9.25920350200628
-23.7057384998925,63.3935575460359,3.03836197704487,14.9347720760647,5.17299700140875,13.9871870129397,4.82151794358429,7.26684493084588
-19.7900975385973,58.4089889644253,3.14057694663427,6.05080350129571,4.86614929613009,10.7244636352815,6.73971079062697,14.358196271302
-0.0525977869116527,18.7399286046535,3.4411526690827,13.9457848169009,4.63929052921765,8.86917855257993,4.8720949460791,7.33952831012113
1.99838030580073,12.6286624393572,3.16895944373937,16.0217808289269,5.13159297132825,12.394576445486,5.55729156402176,9.20695232457579
1.3330076825414,14.6303817458427,3.37717168034808,14.1816512923249,4.16116475791743,8.15908202364279,5.41907638227684,8.72830678634203
2.39166521475335,10.4644962273457,3.69084449482523,10.0365902574075,4.28129138262738,7.97592561758696,5.14063654091344,8.23656223712613
2.6294126093479,8.64308068173098,3.49243758585076,8.10706922880371,4.83136891260408,10.4962227036852,5.38616481595719,9.08639053855851
-5.56947685647294,34.1244499219011,2.97759859520033,15.6749846332368,4.88761289319151,12.6606402666818,6.34758484547322,12.0876409849833
2.1175395377652,12.1389336651696,3.73453363497162,8.91318596817794,4.72914919364616,10.540049007596,5.44154265603639,9.22792224786342
NA,NA,3.66336249251835,10.3716235808277,5.08664118621786,16.8583523720541,6.39472028754801,12.053583692094
2.00198976545687,13.29823412603,3.31355610465568,12.6729437085743,4.89904994003676,11.3458713565708,5.41189416782389,8.89879976996949
2.82046596989874,9.16487269227889,3.53974446748362,8.90832778809835,4.8405428663119,9.56948999599753,5.08744863777054,8.0210122143828
2.19652261333136,14.7201436499265,3.48129727794412,10.7963635077236,4.8141343694385,9.8146630711317,5.17822993344594,8.46220024128723
1.66930849255254,15.8966925537031,3.60665784777964,8.57946615097029,4.49057382479841,8.59425079300382,5.30235223434092,8.59436409293884
2.08283125402315,12.6857483197757,3.7619558370464,10.8660149157965,4.99720235982888,11.3907772729075,5.09839017606835,7.96962368114365
2.43867995352592,9.16010402914032,3.48943727958353,14.2070047383783,4.81487904631251,9.8563777402578,5.70791086158979,10.2043807805206
2.00765304353158,14.3329437528918,3.29407234392127,8.60446399977749,4.72425719173855,10.5098282581174,4.90363600704943,7.49680858342318
2.65540661533144,7.83435074245769,2.48009325307674,19.3965909516551,4.58933462321485,9.08028736209645,5.04970803108464,7.92780229146096
2.34998216799377,10.2685741580832,3.32227205577387,14.9021773704137,4.90493025748988,11.3591989947813,6.13547005184181,11.1756785053379
NA,NA,3.33906740712452,15.2618197154199,4.65033638453865,10.1816461911924,5.55314606535982,9.10633341801004
0.953515337836139,17.38578665083,3.2988872723273,6.74209964573128,5.17824771933569,13.2233434550662,5.36357138200911,8.60095904145853
2.65030097370229,7.41593856902181,3.88452652903902,11.0113199827504,4.30710798933878,8.3034087184633,5.95759467275729,10.7718798271275
2.48965662394858,8.17460067139168,3.50421889647163,13.061012735134,4.26064680410699,7.74860194562083,5.46356428655742,9.15096821808768
0.947135029970793,17.1437733503495,3.6337083590862,13.2477252129769,4.62022962374569,9.75945965565304,5.31871752546686,8.71214281083528
2.49038980746148,9.88645781112966,3.53793021318807,7.36234445243441,5.06820214454097,13.2325627145038,5.86773204015868,9.90464063164321
2.16070817136456,12.2636215400392,1.80579834771613,23.0358600856568,4.3472081565415,7.91688722343032,4.79770368674246,7.16789203561684
NA,NA,3.78370742647224,9.39016770841852,4.5660434600929,9.09577998818032,4.94357713658161,7.50514276054869
NA,NA,3.5334047610762,7.8799325752301,5.11615518985898,17.3818301567021,5.4914086912245,9.25273486643977
1.78045528593398,16.4496511185305,2.76126438483262,19.1876020550887,4.69560920879376,9.52840503218734,6.30802235316144,12.8910466262896
-85.7768150486668,155.273561097976,3.64423461163974,9.28833191249626,4.58536840635746,9.48563455195328,5.76085698613594,10.3771397006763
-0.233788060087372,18.8797423459511,3.82281805700239,11.2107062399677,5.06951380014789,15.4743996968716,NA,NA
1.86398971091004,13.5733772108846,3.72146199212321,12.2939336138976,4.28117018363964,7.84470958192931,6.21945528468313,11.9830765920871
-4.83551286708454,32.1790320682822,3.03427465158665,18.2373210449441,4.68729774971549,9.19845225760391,6.01951335408097,10.75420917338
1.96017240818954,11.4464979388969,3.4221966796373,7.13213452841514,5.04560167652637,14.7613375453869,5.71503501639853,9.85052906073043
NA,NA,3.70855038918594,12.2957744506318,4.35051132006029,7.98699438540444,5.43256166495021,8.79095927195995
1.30133422319191,16.1398203598112,3.69476341741382,10.2524020210909,4.68430924915884,9.35844193545604,5.42538763179799,8.86407563864868
2.68627043342637,9.31443664228652,3.6382384754957,10.2976659926764,5.08228545628995,13.452635072404,5.39209763236239,8.8869523257006
2.49015163588102,8.78933705413939,1.77639606870052,22.7617079602068,4.7456427541357,9.78718615855529,5.57397831775432,9.25611814497194
2.27082353630469,10.4519981043989,3.32210883556706,7.15253459058624,4.97683475899906,13.1746581296684,5.16783891870074,8.45002735055101
NA,NA,3.59479663789019,15.0761444492617,4.7187216550291,9.48847333850915,5.17374120443613,8.0436522158048
2.36765815373388,11.9935012969943,3.49086977977504,8.26792893331373,4.94588717972876,10.6712287763375,5.98565627547878,10.3893251497037
-4.30428633321578,31.7720618728174,3.23313005848941,16.6183780861311,4.5310703506633,8.69483351729264,5.46940335031197,9.12791324851737
2.62797068420229,7.99352942252675,3.97106128515801,10.1555701594803,4.51335857172437,8.52854966155054,6.35103600555297,12.7844865672087
-0.266315633325837,21.9777489830173,3.54367191106363,7.12161418248679,4.86868568887347,11.1456749572481,5.34399105059801,8.61725351096049
2.18269788486853,13.0565505054677,NA,NA,4.51835857290861,8.97267227430855,5.02599493671927,7.77452959125895
0.939706921093186,15.7325550079679,2.6367671389068,16.0713907740319,4.21304280398258,7.25940820170598,4.88734817002702,7.5091903219653
2.51022227369764,9.15035186367905,3.30180350045415,6.71835818654862,4.2438526109449,7.24417207698216,5.77636355073473,9.96498301873751
2.67654125043717,9.45016068228919,3.53344696542885,11.4341915221732,4.52344497467615,8.8775760808309,6.03521396642732,11.1232440759179
1.18463872342016,16.6631406129369,3.67526569771273,10.9239100435144,4.52607661160335,9.0360419591938,5.5161580575529,9.39948464970899
2.27634412380031,13.9073227448385,3.60426908295766,8.50617479209549,4.7718963118192,9.71086071165747,5.26987270509514,8.54285142456011
0.995064604572067,15.8138383782169,3.66744902776546,9.77126298267257,5.22476780823309,14.7521202468728,5.0938911498465,8.07751285493429
-3.84378775696536,30.1537624336642,3.78920485220793,9.77309071455594,5.01515960087716,11.1089400359841,5.20669159648395,8.48883410879083
2.00855191032111,12.6092723795405,3.35214160671027,6.76306643968631,4.75795418664287,10.7915565372541,5.6357540674052,9.61449986830799
-3.84469401860278,30.2962523424583,3.43717340734338,9.58899318882979,5.20792789261626,11.377599938966,6.03555396699315,11.3439761777842
0.104922148666041,21.3547527505834,3.72331516785378,9.7394192007628,4.73493386960499,9.9651368650174,5.36568329812248,8.69837004843087
2.40127846075359,10.731847247361,3.43262032811363,14.4194174033623,4.67933060798792,9.79794309336389,5.8452666205012,10.4167871571219
-5.2864861101156,32.91951291109,3.22286665728851,15.9864515137668,4.64384271450492,8.64190750913937,4.86801557684751,7.558692927912
2.30494773291983,12.133908318584,3.42661105471314,8.44063296903241,3.9625634003866,6.9888687287941,5.34206788765947,8.71941658251921
1.6679469805761,14.5671896161803,3.58028084576817,8.79613315915814,4.35867894904579,7.97757138824539,6.15462387733383,11.4823754928783
2.41610735640154,10.7085887722517,NA,NA,5.08729494849959,12.4790770881773,6.31756074923455,12.2722260789243
NA,NA,3.51819111880923,9.15012791094812,4.96639562240031,11.5419830036298,5.60670874469909,9.32191145971573
-9.63673800824359,40.6661548495038,3.73906619874517,12.5255046223721,4.44882774337327,8.53985299136689,5.59780867902217,9.44237929155302
-15.6426351646026,52.8210123366822,3.46264672343753,15.5470236982609,4.94279011937064,13.2724805101248,5.71086502822303,9.74047081684285
-5.9721631902579,32.6729769997402,3.65076256697943,12.4435459135952,4.85816357446451,11.5858572497315,5.87922917288867,10.2103935938977
NA,NA,3.71253817542114,12.8751171597438,4.7631938037166,10.4239177433441,6.13727807370705,11.6510763233541
2.49075496854974,6.82341614058921,3.6422258984903,10.582917985226,4.85700890148948,10.6626811344067,5.70692171112031,9.71683466077015
-3.42735398835505,28.7338807020616,3.42465341033548,15.8299562211184,5.00694175416034,12.5785464729799,5.14316246568954,8.1501468420415
1.88317798476363,13.5881150477448,3.84193595364224,10.6886818700262,4.36760325032966,8.21314208749034,5.33033125351833,8.99332477713239
2.579554910469,5.63889436409369,3.57428737211122,13.4910041409193,4.88035324331662,11.1340266017588,5.31936927477723,8.63078427165673
-0.756246627311443,23.2149532815011,NA,NA,4.24624481572987,7.71779630354576,5.70270628512607,9.69614232975816
2.84904810000921,8.38551944918818,3.68808605633559,10.1394997967294,3.95980176101794,6.46953500568941,NA,NA
-0.00380338070909403,18.3640911320077,3.32657514242983,16.3751816587391,4.41666464320036,8.87772462898611,5.53995349695131,9.30490908429335
0.555784432990814,17.0627293570075,3.29524550524023,14.9751094943603,4.83321842908828,10.7750239904327,5.66250326571869,9.79393548084323
2.54916362436883,9.17256244032053,3.39535156158373,7.54121817541746,4.47050381453006,8.95985674966276,6.5961821490803,13.3882624528757
1.36706785708576,16.9002322006229,3.75039115071001,10.239064612513,4.31039242688588,8.78669521686169,5.33344766388163,8.8167730357716
-5.08589919881152,32.9974892888315,3.8871145524967,10.5622242218467,4.75293277683705,9.08223244785282,5.44912603701549,8.84396344657897
2.73355091573587,9.11559821174809,3.19323418863585,18.9923481854348,4.57219805341034,8.7789975660013,5.88787360241621,10.7930518780737
2.58986932995708,7.32600700635197,3.44700265166991,8.5367984291114,4.8316608350349,11.0351721736102,5.73811453911663,10.1299953013385
2.43252222862229,11.7758344700788,3.71467388169956,9.41619439301117,5.22506815732787,12.6548681987107,5.74053839683001,9.93408673473429
-0.485376831749893,21.1619238871732,3.44004292678973,11.208030428089,5.14003333114666,13.3751496044767,5.13549314480396,8.1765394273435
-6.2740672304316,34.6627275015348,3.48322554581493,10.0944367512202,4.78830350814546,9.99955146949347,5.48383955385609,9.17740878581873
-1.16409522460395,23.449312390622,3.54549047708135,11.5451398945035,4.7730640140841,10.1718211624827,4.97091102886891,7.69417172669435
-0.334901073797367,22.5899596379727,2.8531708849314,18.4715333984987,4.3724786846375,7.90952514554989,5.44943835967792,9.24271778065247
2.55834925941324,7.68232849361694,3.86165596209401,10.9728561389879,4.81159461710316,10.0110048426069,5.88259675678598,10.3216559908407
-18.405566356457,56.3903938970483,3.22121747228553,15.4787547360265,4.95588651357294,17.6998133892238,5.64714920631375,9.65878598970001
2.50298914251584,11.3007361535795,3.68990691555183,11.4296066247655,4.71690611669838,10.150833306739,5.3380652140227,8.61494392655339
2.02617830396996,10.261311234487,3.31973007794044,16.7022645867741,4.62228593555041,8.76257128143077,5.89250190246173,10.789209910268
2.12211611409775,13.281384095528,3.59440673391698,8.94674582286003,4.87105944149074,12.1919707478083,5.20991288688932,8.34627957342306
2.46964604167835,6.33940070984738,3.24204143013312,16.5197803528742,4.73720367733416,9.82510092888275,6.4305418047736,13.0952005261122
2.63319908735001,10.4701471153955,3.1009610312797,15.8138587757644,4.69770490167515,9.7188337548039,NA,NA
2.78132570465781,6.36677026454943,3.79574755012934,9.95674437307445,4.70707402964005,9.52394320623961,5.2750148435991,8.40126110021264
-11.87283682589,45.0209712850706,2.0196366006432,22.8378439847645,3.86545966567787,6.57458926986876,5.4885272747596,9.17567515343673
NA,NA,3.88332007341034,12.2291055337285,4.81281162648286,9.71092335421113,5.08248573755608,7.88464425365049
2.80967080832575,7.20346952623727,3.80349538952751,11.0073985186442,5.14975692688789,13.1679337395671,4.85852813739087,7.37358677451226
2.28920081896989,9.33391301877317,3.5067101988964,9.88614669804425,4.26409119528747,7.90619715206795,6.06945267158421,11.3129840601397
2.65431594478675,9.48588102484406,3.35672410737372,7.18153533070653,4.39695425629081,8.47525354864163,5.20511778081829,8.71704472924995
2.3753771295402,11.3038002346443,3.30202822802571,8.35314387597976,4.36639843138375,8.23324943616666,5.52112533078611,9.34908006078722
1.47674772783771,16.1420303467337,3.87633825046821,9.65574133541151,4.77902796648145,10.3730817917229,5.22943899234159,8.36834922829012
2.50864091916946,6.74637875741195,3.4727184198619,8.8856285231572,4.75352013485463,9.97483351820726,5.24319272343086,8.4520664938561
2.61303885141069,11.5208315795134,3.82599006160069,9.51629143279912,4.99163728493494,11.7417798745089,5.77910914291939,10.2341845247385
2.78936096740701,7.2271915782269,3.71503837119377,10.8066466365537,4.70997209531184,9.51362860729479,5.530706069254,9.41687551580801
2.71929850657201,9.08531020329222,2.88203621754912,18.7708464810634,4.74848581491965,10.1828171952779,5.97847128703156,10.7517548488902
NA,NA,3.60039826440564,12.8088565227096,4.69498571256706,9.16739699158296,5.8079686265795,10.2898681806705
2.23728477591099,11.2652134139104,3.54199258540874,13.1748204716772,4.70755386345025,9.49180785748852,5.51055441247942,9.19937325138263
2.37247547090746,9.66988880985348,2.40587427032849,19.5204453945453,4.53447817106055,8.76408038298561,5.5508082227638,9.41057728412766
2.50206510057131,10.981570913272,3.63095324705861,9.00938957411692,5.29546903434697,13.0054822831521,5.13400301400581,8.02892497490184
-0.333022208978615,20.7041047380418,2.54161660203134,18.399141553871,4.05401196524337,6.78752346003532,5.58632627135493,9.36975827698826
-0.45971044993801,23.5291907878325,-3.46404775733106,37.0027266051448,5.00750395176642,13.44852949828,6.10275540971712,11.2812385862781
NA,NA,3.50932971880516,7.32114529881416,4.97857370847413,11.3120663883144,5.82729713005735,10.1988377620188
2.34313223298412,9.24201417009315,3.66958599761435,8.63864778237621,4.9648154259284,10.8760509194497,5.66557349513796,9.85737112576601
2.7149736144465,9.04277902808285,3.633833095897,9.62990753633208,4.26701498034129,7.41466086780366,5.30726229529374,8.69591824070478
1.99861223707073,13.2670665007915,3.42733513516227,12.8999497119838,4.29645964026168,7.93831479585294,5.79255743439236,9.91137847183677
-0.936258114311457,23.5999257942862,2.79017853318588,15.58455034529,3.91742601601419,6.59478386324827,5.06336390314986,7.86342750925001
2.34089338067739,7.99835154209261,2.93453617864304,17.989397894297,4.5294383656257,9.16877980180841,5.12069343415953,8.19855990825291
-3.62528569646693,28.8464691965194,3.67152569875948,11.2050270579613,4.73163637901766,10.0912226604242,5.56309165370754,9.72933254203369
2.63004737220522,9.98400236142533,3.58776807423558,7.53475001063139,5.17052340933903,12.5920852723671,5.27232717990728,8.61914912156596
2.58683299014463,10.1697472669898,3.20626062573163,16.8396901050585,4.87806968177905,12.3807637185108,5.3793256248855,8.7335345719053
1.84278963543685,16.4646398344994,NA,NA,4.8312882810487,9.96409983544635,5.70794560727441,9.77570375751578
2.47680459048419,9.38240179069638,-0.00385768331779346,28.0760553708751,5.19407750146843,12.2094425314488,5.70006592483816,9.78282152298729
2.87585749592115,10.9672599781009,3.66740514914324,12.3726503697239,4.39064254007338,8.08894185845438,5.23994773148486,8.55414988823638
2.78718219740521,8.10728469770114,3.6974307499694,14.4092775906079,4.80742254944204,11.5554950185324,6.45806971778619,12.5687817295073
-1.62736547317859,23.0001003689361,3.40841257819277,7.27007589447199,4.43708681139606,8.60599135763223,5.20875033550682,8.01890233423937
2.52638862990744,8.8801314102286,3.46529323478547,11.6362474094375,5.05766184238123,15.6172102206082,4.61168008768367,6.71527250046948
1.77343582034814,13.221132735159,3.28706010608026,16.1495298521375,NA,NA,5.15256286237575,8.16897141316561
0.433559797102006,18.3812542733307,3.77330059637406,9.1206472178813,5.00612039140748,11.6646823841213,5.18946527810729,8.14858614417132
2.69397950585193,8.64549424490619,NA,NA,4.70383337590382,9.20247838785609,5.37468008294128,8.67419780004325
2.64469300810585,7.10023118783998,NA,NA,4.93628268684945,11.5279700960003,6.01461996567662,10.8299291584088
2.37685709141071,7.90187024222089,3.56759115894029,10.8829101539366,4.78485119313769,10.8584933456615,5.13239372660371,8.05395068522531
2.31834664454133,7.80117883929079,3.67720778421427,10.2133780634319,4.63904985269898,9.65220986266044,5.45852665412068,9.08308057032126
2.29488109414873,12.2462950614034,3.46962424079047,7.17571955378459,4.75042596672466,9.80157017913685,6.30174062573562,11.5636133874249
1.67544746365285,14.2389905383254,3.16581408629148,16.0112328483936,4.81837481190819,10.2568814192115,5.69983808933637,9.8675325246495
-13.6765512323198,50.3009153531447,3.74889968402128,9.46164342181318,4.71258896567831,9.51029947473759,5.10117295478459,7.92116626102737
2.49158729415788,6.60799997159135,3.70033440138937,9.74249772776781,4.64349679937765,9.07233001863179,5.77905352058954,10.101503461895
0.394753628990694,19.5358012954248,3.62915953964046,10.7678075729195,5.0603319491839,13.2127378276255,4.924479163829,7.47328884972613
2.29614296019071,10.8823699662136,3.76044482617545,12.0231033796283,4.91764690346797,10.9805672192945,6.23275165345879,12.0667467821638
1.56211847017562,14.9997367402819,3.36001225479572,14.2759838760408,4.92724999878201,10.9353935032839,5.52707579976622,9.1657799632378
1.90524542387308,12.1849407077436,3.68610021688899,10.5743817884635,4.75031369113778,9.91158970523188,6.23140575220916,11.8824110762695
2.43136763071186,8.69745108997505,3.46555173941823,10.2837581345431,4.60053068649979,8.92141457725418,4.64211084503436,6.83065240683513
0.0330415266939283,20.0912740689612,0.49151767661859,25.442243948994,4.96359808461105,10.3750686632113,5.92807584175653,11.2555751239422
2.70163890365644,7.42580990423034,3.56862915227702,7.79189527103195,4.49852675256149,8.96071036304599,5.46949939752325,8.80118515805208
-15.7026242963072,50.6684207664832,3.6917010410368,13.8335366148527,4.54767624160713,9.07739644443326,4.71151893594366,7.18796310208
-7.16380181610728,35.9267438670454,3.68044479553874,8.65967754791935,5.06151561529535,14.8818184114619,5.51909957748753,9.22813073051369
2.72295501799123,8.74754895998941,3.75770785817502,9.28026665503353,4.59373132051306,9.05889188528985,6.60314429151683,13.4905726413886
2.83005484135218,8.10120554907472,2.93086870948001,17.9129570281773,5.19620299860818,14.8226095951122,5.23018407226166,8.24627023473252
-4.49888432308942,31.7421264824195,3.59826366884686,9.14510634271527,5.02824704098335,13.8945386464174,5.2171345665562,8.36293837305332
NA,NA,3.40112725888953,14.8996121587458,4.88481640198271,10.4228248133549,4.90788633444549,7.57016060022589
-8.65592049457814,40.5628344286308,3.5367368107215,14.4946028726253,5.11351887851994,16.2833267688304,4.4014729740803,6.33036490281062
2.48374256536781,11.0737108906263,3.58608365739667,9.56490613534981,5.00590182533202,12.5386382788211,5.65033464924944,9.66900185255439
1.83970980765237,14.9682631168194,NA,NA,4.9602696317968,11.8933972259008,6.00044619843439,10.959569891681
NA,NA,3.32020547954802,7.60824910307732,4.67009527318343,9.69981492844788,5.95098364161972,10.7124300976866
1.65156632937418,14.7798125612408,3.73015520111473,11.8375823976198,4.77374843453563,16.4490012525057,5.14863820000056,8.18217374975929
2.43174304831389,7.34043231526368,-3.77135764707968,38.6067355370687,5.06523573348319,12.5151644661172,5.18251167693746,8.23988692349771
NA,NA,3.49792018555207,11.7396078913696,5.07282550533165,11.1291314415626,5.13448448685524,8.14196022188396
2.29893575758777,10.0620171570623,-22.0645736958333,75.1726636484244,3.99482259163694,6.64658514469349,4.85294496652603,7.32294722524836
-1.58772049103039,25.2535793376683,3.805753571584,10.8754324208981,4.99459907884066,13.7002805066799,5.72886002645438,9.81594946333933
2.28998772150013,10.6081045826256,3.65367863363273,9.42090660111885,4.59419458613152,9.02839514206722,6.17514514835633,11.2162673868576
1.71043726704335,14.8754585264881,3.49310049262598,8.60354673745173,4.4180028721349,8.22115347540499,5.46505933684277,8.97742897735211
2.59315737897864,10.6568749461893,3.39885057667402,7.38781294574894,4.90450837366162,10.1716465455974,5.19002669532311,8.30872207704579
1.55210053165661,15.6689869680555,3.62870721755914,11.1046507928655,4.2139545528835,7.32101683621679,4.96744157252298,7.76558442297318
2.29185114822556,12.8424187779639,3.53081725075089,13.258362162664,4.89103592569199,11.5912420000202,5.52027688834703,9.42849552247002
1.70535685858834,14.4006729973209,3.75069111220781,10.047070468839,4.82879187528839,13.5073055454259,5.36473702174407,8.71081667061689
2.50572004513612,10.1221806651603,3.65577443683379,8.55800136454443,4.37803917478041,8.34647480230169,5.53359089386274,9.248801155627
NA,NA,3.74237591726924,10.230962503681,4.85239037716937,10.6583522363011,6.10561435640813,11.4663332627495
-1.74491890233915,25.5568838721126,3.56721534794167,9.85589914356279,4.8817242491749,10.4942774054468,5.12668279411777,8.27585486140641
2.68987792211115,7.96883207352838,3.55470152624596,13.861409619528,4.67629327483219,9.72594965260104,5.21635666724471,8.31027996311488
-2.94326818468209,26.8169518427864,3.39655200540678,13.6807642400378,4.82336336108492,10.760696349053,5.34915851304985,8.65276067257154
1.58664190257175,14.4256991957104,3.53875076401451,8.23389865739836,4.60778784715258,8.8400305759044,5.92105806186537,10.4650496733402
2.59996219402964,9.76023272550167,3.39550794527737,7.41482026577651,4.6330442734089,9.34623648694301,5.2775977988131,8.47747786121972
2.3090405385856,12.2389201876751,NA,NA,5.01870320937723,11.4538005943694,5.27168541093049,8.7223057459915
2.44282902331719,6.60589366877028,3.7673844209568,9.61462752742441,4.53570873316286,9.62729117451309,5.70371711817078,9.54789427825038
1.70407830102488,14.2707486288547,3.59344768373935,13.7670417781425,5.13224541029932,13.3702065779322,5.25431483769595,8.64079225338594
0.482316310737792,17.9716944838908,2.57832105554326,20.657650082591,4.58762659073604,8.82742708648803,5.78747515681985,10.0444009016444
2.45723170624362,8.95238964828697,3.76959201993943,11.1820228753979,5.19061087522731,13.0025444593426,6.19884771005907,11.9457014044583
-67.5055727995752,123.886409985519,3.4837225821403,11.8647282394327,4.81269894520453,11.5531159758316,6.12519024370408,11.2561512800007
NA,NA,3.41686865128966,7.57944286371002,5.06492548801132,11.0114438343659,5.27725425236254,8.50177918565796
2.57323023381111,11.0572041824045,3.54897791485319,9.58404095787923,5.06914039052095,12.0910708465383,5.1557253688981,8.11101236071657
2.11809063194131,10.6940648789598,3.59074312745134,13.1861685039127,4.68609857538735,9.35587198034606,5.1061593211404,8.10554746332939
2.34514927411128,9.88759917592999,3.4787864855952,7.52668715673369,4.10633041603291,6.95635464914508,5.08262066671553,8.04204865520146
-4.35156882752946,31.1515679089868,3.90508909279954,13.0799200467113,4.45820750305313,8.07442560708206,5.56651884212799,9.32665399608945
1.18191130847483,16.9933755494888,NA,NA,4.82797861878216,10.3330101000854,5.79626898711768,9.92318126007099
2.60320971307911,8.7682185623726,3.56051511560791,10.4198623376666,4.74572744107571,20.9047457967625,4.58387471929722,6.80273592805314
NA,NA,3.65126368566248,11.5011517638157,4.54768920967747,8.92519725207621,5.63856714072884,9.57664085779968
2.14578221422947,12.8003177518287,3.29515603362694,15.4459136248478,4.83381479663893,9.76642415023088,5.53114491080224,9.08804587432178
-54.3551290259476,107.872900620622,NA,NA,4.86770004282461,10.8361483155633,5.46674973062604,9.08379421625136
