"X1","X2","X3","X4","X5","X6","X7","X8"
2.70426924669012,5.67579434231555,2.73858373591447,10.3104678636525,3.57744385574684,5.85906497652719,4.28887812362077,6.93188278080477
-11.3599855235947,38.5615479755063,2.38832140392874,7.77388997832438,NA,NA,3.95649169999247,5.80897535583309
2.30737832916909,6.44476593152364,3.19812975953807,5.57686469373675,2.97524418971455,6.704192950238,4.13873151307741,6.83743618645461
1.75034628316807,7.22134566059412,2.66535211220698,7.49913728595707,3.88588093488047,6.86815125501014,3.7209312959301,5.77545715125799
2.07867136735939,7.27908527606201,2.52817893349424,10.4600953773112,3.48795698332019,7.11494019919247,3.82082009832465,6.39970183550389
1.55042184281795,10.930242513606,3.15304338420863,7.74370029713394,3.27049868492833,7.01744632972461,4.25087569970087,7.33582104529247
2.49615973293972,4.77424560975845,0.728164204493859,14.5259064993156,3.71348697511361,6.59170425343512,4.37144233015612,7.82292482988261
0.366154243872979,13.5425872410411,3.09609542585323,6.21349573985825,3.72800524412678,7.76021451057346,4.30871850892668,7.53792924186911
-0.523475981909737,16.6935881823367,2.67922756742697,6.36277524287954,4.03259171594897,9.9341216391481,4.47912954476369,7.67064724814686
-1.89016407467013,16.8140129702108,2.52948007939554,13.7766239140454,3.77821036037456,8.68567596153829,4.26606467418505,6.99083442717718
1.85252480972822,9.05574308583397,2.88175087096962,7.48114890438473,3.63215333211471,6.42957076381503,4.37795954486712,7.51384806342706
-1269.76514834324,1278.00614500364,2.88886408271736,6.40990229134531,3.34729515985108,9.80721791761476,3.63837383055063,5.60779012637759
NA,NA,2.76681829030883,5.66610096851173,3.62887255958084,6.78200263230974,3.93733886242187,5.85472565412537
2.45796383385916,6.3155408494611,-1265.00696661766,1274.34779267504,NA,NA,4.66411949892774,8.37936368965755
0.327040798377814,12.271635074495,2.59970643188951,7.06999287883098,3.48169350857141,5.63992805259718,3.32480917124386,5.05325258957627
0.468914227339579,13.4225203283597,2.94337711122126,7.85042318616871,3.78830947395597,7.7397962387128,4.02743098304898,6.964392040289
0.949164185024013,11.5289579978322,2.72531661863419,7.52819431230382,-1048.75947992713,1056.84927952672,3.57996482437997,5.08381132176091
-15950.1473862345,15959.4223196155,2.64202579279953,9.36311368197335,3.6082189700769,7.21308401228952,4.23013290179686,7.832974004471
-8.41073430849945,32.3027919150762,2.69681290144585,6.46782213132159,3.54111342686404,6.93632350268302,4.27645379383803,7.27286025442659
2.55233103710025,6.69128728290111,3.03731823321727,7.24809058408099,3.70596738831472,7.75994013806918,4.50241931480554,8.92311512414049
2.5924153586708,9.07486557850449,-4266.54711993305,4274.72773471986,3.78236958901073,8.11566801312563,3.6930027581749,5.54983972772641
-16.714118477859,48.2595118445242,2.47519213725693,14.4867316452145,3.03713081371155,6.42660584168029,4.77259413383499,9.26912568114824
0.967447927376316,15.4090984412292,2.65929951832516,9.39054891010258,3.91692100814097,8.73971548938858,4.39780002869022,7.05375120492923
1.03064928154776,11.2328823247113,3.08781738220835,6.75666275735553,3.72321657282018,7.59898762540526,3.90516800289803,6.0741660231855
2.71275638529192,6.45870967376376,3.03703147240958,5.66083109193604,3.67341626590164,9.87920131581314,3.64054370488691,5.50107744642182
0.416788207192255,13.2130087334591,2.81348097763195,8.8979439161531,3.44581302915036,6.43374883584552,-1292.36942037986,1300.57534796057
1.81807253555909,6.37002333877439,3.05612279957596,6.57583013480287,3.35493062062862,4.99541587413933,4.59884190337878,8.3851901181739
-1.35307339477526,15.7061942037362,-3670.23865839338,3679.71901153112,3.53786780258608,6.15253624707792,4.5617756595661,7.68054536480318
-10745.2742212541,10752.7489629801,1.29382377125784,8.29680150966018,3.02903790641288,9.56731816715809,3.75949479368096,5.74214690678195
1.55652381972563,13.04254085991,2.06521781008941,15.2325615673956,3.38278996291565,9.89270421191711,3.99506286486237,6.45212377708519
2.28919178558247,5.05281618844587,NA,NA,3.46111141494527,6.07722590635965,4.83512115556715,9.57749077908949
-1.75740119766422,17.141334116411,3.13270974881148,10.6481824146248,3.68347902545967,7.15677837733301,4.64299943806822,8.6747619487
2.54681727153142,5.69912421474949,2.90190944037708,10.5308373878954,3.0288459228395,5.88705064476796,4.06103638651131,6.29070722839437
NA,NA,2.89188306749925,7.81477620815683,3.95245801797222,7.12393918786656,4.12838979040468,6.43617139654803
1.99531119326122,7.62761453170679,3.51667776835063,9.43339864873804,3.44642793515795,7.26462296511511,4.12498343183436,6.91988807837603
0.604660214900113,7.9759699133142,2.90431876487833,8.1798967882696,3.58742962485786,7.18028372100491,4.43998010393341,7.78964201184256
-1864.66556393108,1873.28729473332,3.21104481118735,7.1645023037299,3.37026111627465,5.87544048443142,3.59819329579065,4.95424257582515
2.0758938921862,6.5032370523886,2.53846581561173,6.40100042821118,3.58504292774019,6.94027131656876,4.46889601337599,9.0038339861866
0.112978699021301,16.4336176331161,1.37527063343472,12.3999105401632,3.37137234622581,8.10670723762377,3.91670179961653,5.83237105280558
-3.57889709023457,17.6430848202226,2.64341328472835,9.96180267038873,NA,NA,4.02302170835253,7.03516654891566
1.02933623788971,13.5070562948375,3.00956518116562,8.42564641957942,3.52417284540163,7.2981230126069,3.63971189025953,6.39009292498158
-6673.14207459712,6682.06932958268,3.17595670074329,5.94392118041849,3.43973224247805,6.45734686523653,3.99140092300634,6.45379219817857
-0.630461619788427,17.9919383936257,2.61388246028613,8.39069036788697,3.56231583120952,6.66856815075524,4.72360441616433,8.51552062127156
NA,NA,-2326.67380054351,2336.42672293448,3.44839304868801,6.73319807743413,3.82705465271121,6.54905533917927
0.881575485600653,13.3472333216901,3.22433773216952,6.29505771056252,3.71576269345688,7.28986107544928,3.37915935410826,5.00448732927247
-11.1387953093291,34.2906404137456,1.64188149555706,14.0696375119468,3.34296022418621,6.13534554914012,3.92781780209099,6.37830425435549
-14.7089987478417,42.8274088267103,2.8934190119347,6.36573791511417,3.66894458911008,8.88490103159212,3.83870789295345,5.83815173812492
2.33111818996245,6.39829855902639,2.60682620531107,7.85280306966438,3.64177941144688,6.76487754014808,4.37923650056145,7.34492947514533
-1929.40801777449,1937.57160919359,2.67748955136772,7.06970582597448,3.75961659648105,7.23939101541274,4.59175860431805,7.51036971372411
2.42745820651226,7.34734617118337,NA,NA,4.10205814227701,8.7665995198428,3.97167598894322,5.84848729749946
1.00986460248422,13.5459764414159,2.87613323401606,10.7078679005774,4.16389145288385,9.95127482279157,3.8890650700742,5.8468602897259
2.20591203689236,6.87207781880438,2.78831286583093,6.37132634975655,3.73652603447244,7.49489139977554,3.75256582173785,5.94766035644573
-6795.88712704472,6805.82520067986,-3300.27545536646,3308.88957412875,3.21668958650161,13.2746143315723,3.78362801176075,5.59622987241925
0.370732911700707,13.359284882034,2.62093424228283,12.8916237027775,3.63588848327942,6.65518276098023,4.02607671810745,6.33317590885135
NA,NA,2.77345890812857,9.05717973339507,3.4696589354868,6.91765283232466,4.34218493725726,7.24303302895039
-3840.83962615288,3851.51411953646,1.87992476147455,12.0405720799607,2.31019869388953,7.05033439179476,3.87676476193755,5.82854301839236
2.6361057680839,7.98112361308185,3.14293469813017,8.11030293051688,3.66392622949842,6.09179153211526,4.21639846066026,6.81791181752122
2.71639872419853,7.84480867117308,2.78038140965228,6.72438558114098,3.36393926212485,9.1294451992915,4.13180043541598,6.9977539234486
-1.5328811161123,18.2069784195594,2.76228872212351,7.38241584152577,3.10076928933893,6.25371755845847,4.2616045478684,6.71795774161694
NA,NA,2.83249888636802,9.41118897428467,3.87471645218669,8.01576260130412,4.12803446467002,6.70082986480072
-4285.46118022686,4295.34598181216,2.59033268714926,7.77839423959663,3.98123612560735,9.46333725235846,4.06687744224221,5.99175511103057
NA,NA,2.57995250836648,10.1268595141436,3.85947310375377,8.39521978246302,4.26681932611515,8.04216325022958
NA,NA,2.86145860622514,6.65432494951861,3.51678678617871,10.3428043399238,4.305969934023,7.23876523753807
2.3966760735714,9.05964320297682,-1163.63434392079,1172.97466357234,3.46911477174812,7.39518885334611,3.88191930617507,5.8817542398349
2.69443088579239,7.91747712587762,3.25548959945277,7.00123413711477,3.88503270695992,6.96444331438645,-477.457170190602,485.809622098208
0.928940969655916,12.5209193311801,1.40489115362686,16.1123300010951,4.30596250507185,13.4898089777995,3.9857153978821,6.05938483535993
2.51270424754049,4.89057996506658,3.09697970082925,6.31157233933701,2.48420346487388,17.4502143580587,4.37125607774786,7.90174470839018
-2.43300871702918,13.0070760871508,2.97855284423522,9.25474574109922,3.46336049715457,5.66154714278233,3.82089002182206,5.5968409157347
2.54944169066928,5.66959555420742,1.89344984056491,9.86290249012205,3.33233884351969,6.73408872835875,4.75400840202119,9.08052987623116
1.32084553780119,8.89612361614762,2.21962296792923,12.5656915967192,-5178.4905427247,5187.97503552561,3.81020676238904,5.91171669476735
-7.20054866007774,31.3688532751332,2.74877031850425,5.99340430484535,3.59274938414633,6.08361539984155,4.14973657469847,6.41702964043956
1.84608986391639,7.77444604163325,3.1068187431473,9.52159596308418,3.2432904203444,4.92308643384335,4.56112247460713,8.50021104377468
NA,NA,0.824833286443595,11.217667132218,3.95294562972718,8.99954429054579,4.76525720319672,8.36136770526368
-7.35218798315376,27.2041019957129,3.26595126700316,8.88217924140302,2.50330962007496,6.92427077977894,4.43638230225717,7.73363447550771
1.82477869505245,14.0175292819842,2.49910441836091,6.78944976052139,3.69967333136007,6.43645895281264,3.93416017494227,6.12944014476535
0.850510339433542,10.7990622325089,2.33972139325628,7.43775727613521,3.69748675186602,7.5598550837702,4.25703951112274,6.81348054250347
2.22193262111064,5.61445513662101,3.08599315917805,8.24988126974534,3.60535186327529,6.7137064772623,4.24919742457466,6.9495082375509
NA,NA,1.90090780475455,7.68917900908937,3.72019985574069,6.8460941992257,4.36771239778058,7.91367375615286
0.476134107463928,12.5469311166646,NA,NA,3.34727305889646,5.74994516412582,4.35863437409971,7.4654052545676
0.944275025654473,13.3214249418607,2.7920933929748,8.83041977867664,3.61012908333011,6.74393260505507,3.86952669271384,6.16098101999227
0.177461245413898,15.7398827108182,2.86704409352045,9.69035306627393,3.31849306539587,5.08442414165478,4.45846796031514,7.49609290952115
NA,NA,2.7253428590222,5.32354023586689,3.40010145216259,6.31611760737772,4.22952937156448,6.45150488863997
-1.27649915118051,14.1191433978273,NA,NA,3.44690394582777,6.065740454558,3.70919013475823,5.65021868598993
0.599821655707203,10.7793352707707,-4356.95242891172,4366.70710527495,3.84352478578226,7.27284973639471,4.22183108122764,6.96726011174532
2.35454694372736,5.28579555394625,2.48798798642709,12.5965223871828,3.93239146626906,8.62209322909755,3.9265007046381,6.11192085109056
1.7757175734433,9.37406556096666,2.92683938719373,6.79144603037774,3.311972336456,5.36216548801929,3.91233073892564,6.12784515996911
-1.78105865013544,17.946521195727,1.40020056894578,11.3485952019595,3.84209055836897,7.84058371547174,3.78565673537484,5.82824477580294
0.631363236705133,11.556667492398,1.53613241824789,6.87536608809982,3.42269033631949,5.94292566841901,3.77852264004562,5.44184562210764
1.42884276498371,11.4980556916581,1.18200893925624,7.87923122853468,3.3024873559435,8.82087939329296,4.23365295101012,6.68731374876664
-3796.76514596604,3804.27507721647,2.40052649865419,10.4266818019173,3.41581471116965,6.668330298897,3.80598845927553,6.91778335818606
0.679422455933158,12.5394184588511,3.09149384719735,8.10733366461655,3.13980022421944,4.83639430729228,3.67345925984726,5.25525005480334
-0.513229960085972,16.0715727103751,2.33368840583759,11.3734383023401,3.87581497507177,8.22465466535805,4.08801890141422,6.43157180976467
2.53286781474729,8.27849169488071,2.52810907747518,10.7473984541485,3.49659235552737,5.20062217677155,4.7017813891407,8.21075485737098
-4506.22011326449,4513.69672476346,2.79139991566043,6.43190720926083,3.98260827708298,8.00094566840726,3.64305549278194,5.51335898241544
-2028.74863960021,2037.49793001081,1.25893190229967,11.9020453167521,3.24222629649611,9.81522928984249,4.47515071256832,12.1154536867566
2.58806049266475,6.3626275621752,2.68600426397756,7.28868338719513,3.37319808472946,6.26674963314696,4.23307775486756,7.38301332269775
NA,NA,1.14287923389512,7.97465617704034,3.41513930033825,6.34535038158521,4.32863521561074,7.41630073088715
-41.3139978689626,84.0465818411649,2.66985365619557,8.01434627253905,3.61130168032586,6.91017601383573,3.59374749959488,5.38451789484101
1.4100899422503,9.73283468593699,NA,NA,3.46339921890355,7.30787485972005,3.70748319626019,5.98802745363409
-1.11733510824298,16.521496009628,0.225165133088684,16.3431777062812,NA,NA,4.08591960238161,7.18804905155033
-1935.26467812147,1943.34361963675,2.68328443964079,7.142654585654,3.61250326690225,7.21883240029896,4.27525849416987,7.20995308728843
NA,NA,3.12749028951484,6.58967060148911,3.57345377624186,7.05507917036706,4.01518368023381,6.39762322039669
-0.420076649707447,15.8343121316681,-2.69898228272542,24.5465557658741,3.50561531059471,6.95397958099641,4.0019535366172,6.11756524017354
2.74090529551626,7.68959251883818,2.52712840722905,7.48033647285362,3.68584423989975,9.07211554828591,3.64024218373056,7.09857083100271
1.83046808680445,9.89001514277761,2.70883209430779,9.46017009456498,3.56527625440787,8.46730178914989,4.24222357670504,6.65516437580428
NA,NA,2.45663447211504,6.54418984545002,3.62720586507075,11.4232125145825,4.32041194863105,7.20448479847966
1.51045613075528,8.97772582132752,3.10488270134838,7.55586725468836,3.52335567805442,12.3964147174204,4.04722747862975,6.27124265471543
1.42225697797998,11.5883752347132,2.74885943283187,9.31142742079053,3.50478509095512,6.98140816597286,3.78871848632834,5.44633162451897
-6.22436261149723,30.8063315249018,3.29951069045302,7.0912794743312,3.91255981043706,10.9787957441527,4.65295356502558,9.13255369267216
0.329447560518154,13.4321956395829,2.59428707202657,6.1318073156611,3.66347626447872,9.2538959439733,4.09217690670065,6.50327816830708
-36.7072896059448,75.1528504499936,2.72724249371071,8.48883477359504,3.50633453655896,7.14505887161555,3.73569239342406,6.263373668387
1.706460268019,8.84966722859293,2.40572453031744,12.1805511387093,3.3984289558816,7.64925628797557,4.14310601090862,6.20890234657418
1.33797151010922,11.1942642162715,2.62773829140989,9.93096604612542,3.99204684985889,8.84230410120828,3.79900992559721,6.03365494892939
2.20226697115264,8.85589020125855,3.22582871619447,8.19401895815893,3.72101851221034,7.49414050789238,4.49021937866231,8.42375294228588
1.86114646872224,12.185376786416,NA,NA,4.08953909251995,8.79804887731992,3.75504232670744,6.64816025504217
-1514.47967777783,1316.61861664654,2.6960431751951,5.57418295309153,3.69975281386492,8.90986461960681,3.7060177670538,5.41457258127667
1.90330545316109,6.54828658988418,0.947961999591993,17.5950785329985,3.80230541794557,7.72618935671372,4.22567948794041,6.95774250431009
NA,NA,2.39491704739312,9.47481818520924,3.63228072810653,8.08407847130145,4.24588866661912,6.76328926072973
2.15622636876873,9.94319003724364,3.0705223351167,7.52936046738835,3.44333691000105,7.03553586444209,4.44321282458511,7.22504610965199
-4.18726115230551,27.2344614151356,2.96644908798144,5.20101839839012,3.81297057735629,9.36784620575947,4.11172558845132,6.81273648812129
2.61803356152103,7.73361114710946,-2583.61863938466,2592.88535020695,2.13505930697406,7.35046960159869,3.93845789203185,5.76313198450482
1.69701727831137,9.86954928957391,3.00675341351523,8.00486044895786,3.34705978795989,7.46435485439523,4.10184626616872,6.95414208431387
0.303755841105758,15.061418271253,2.11662290448062,11.6102784073981,3.72558605258564,7.42992222987512,4.82333324074664,8.75858575624782
2.20138347209846,7.0058354944738,3.06230007583083,5.65128974702438,3.2808979827012,5.82204105130176,3.76588451080756,5.56106544234868
-1511.19289830861,1519.01169894447,2.27612724646438,11.3847290396121,3.89737567979818,8.62442049637748,4.09744640053439,6.41721057249716
2.41760385560643,7.52911202363137,2.81124462433276,7.37576558848232,2.30702962421373,7.42306393951004,3.92449321541677,6.61584216807235
NA,NA,2.94844749637859,9.67144555442247,3.63800047898649,8.78361864546569,3.50377198641808,5.30127665880445
-2375.06428002694,2382.65732852911,2.93302277709881,5.27774252950948,2.03496773743798,7.12395393165202,3.90586707716801,5.61424729020597
NA,NA,2.67189136850648,5.06099015801658,3.94077750524019,8.15872243385446,4.59714853962562,9.05254183155565
2.32742366616668,7.39914605351932,2.30612921355978,11.541159782566,3.29845418620521,6.85383402692574,4.71544052791745,9.24201076852118
2.48995885749456,5.62771635913558,3.11528268184449,8.17573715090222,3.38244886045982,7.77909706574059,3.96270927940461,5.79609656370802
-11.384692691224,38.2949120910215,2.96105948394282,6.12162461969923,3.36141421204513,5.94324377105938,4.08314793925169,6.40980473543747
-0.2611984381696,13.2310576287447,2.74932641393209,9.89582383971807,3.92348814863763,10.3363326775833,3.57288815163065,5.08435723711088
2.31923858182732,5.72217358048962,3.43830703046388,8.2752684679306,3.51908090717277,5.47247712136778,4.16040873157269,6.64281542633288
2.30157060215912,6.32623911084326,3.48453386110877,7.29942762339659,3.39241075021284,5.49326428944307,4.20515987114768,6.59496813215301
-1.77481535466735,11.2026191177887,3.01736664918996,6.48602726794895,2.49219748122754,18.8167284598539,2.10865070046748,6.66797781782353
1.37002823477434,9.01025333979035,2.25056243300509,12.4050404314774,2.99462349112139,7.60198406498465,4.0366264241644,6.35082749488012
NA,NA,2.41345667976919,13.1156298220761,3.61179767854696,7.28502846171098,4.43309976975091,7.94118879573774
-17.3269708539033,49.0685074882759,2.25402272547931,8.84038458307549,3.01945910892486,13.7968504958267,3.33314763884866,5.1126845203317
-3875.8980259026,3884.1616857019,1.35679545558824,13.4074792075215,3.11272156808242,5.88386742791629,3.70555087577845,6.19568499377096
1.43020963054484,9.23780799114328,2.91793542984936,11.1526741774282,3.34617319779582,7.12172118448529,3.94668773666875,6.41655573016363
-63.2767819820824,112.347151329601,3.02977613525346,7.96936131795649,3.14642506138598,5.41357799799343,4.41557587719081,7.98786321467275
NA,NA,2.89218531041048,7.78108205818589,4.09512524303892,9.04135461806037,4.17234444315177,6.78833915356145
1.99037650009087,9.86757698050044,2.96571668371333,7.78358861947923,3.53086480359949,8.03690257986809,4.89546833901864,10.1384885419711
2.51989008802922,8.30351555013835,0.523747627185093,9.71950479254787,2.74255051829488,15.314788587005,4.13953606932453,6.84754893282187
0.301799518424898,12.8551859497575,3.19909290237843,7.91879397675884,3.37307269103029,5.57567504077878,4.04489658087204,6.2313333127498
NA,NA,3.01571884169271,5.97708057736351,3.21959602367594,6.4509318822889,3.89646764944809,5.88436150193546
2.00315128366492,10.5514423572369,2.99064579244191,10.8772486710654,3.23088863584501,5.63247119785487,3.29906135511648,5.24249405383356
NA,NA,2.8642497033485,7.46832218023865,3.55724602741572,8.27561202288902,3.93642111159289,6.25754895118572
-3.90008896033486,22.5578705357897,2.81710583568695,8.90597530503919,3.61257099621257,7.30184716862179,3.76987510664315,6.13005178342129
2.65463977960842,6.47475965308068,2.80233178920964,5.37724461501685,3.08003785113375,5.52043516592174,3.97251467772417,5.86298524971813
-0.226012543226755,16.4200712623611,3.2831699616263,7.65932588054371,2.98991244037536,6.51692973388104,4.05899984984262,6.85832291577493
-18275.1245272451,18287.5324011043,-0.0566928256416226,20.3682593005445,3.97490020904997,8.65778976067755,4.10458940256067,6.53736358893761
0.949272685932812,8.36353378856411,-18.0514687296403,27.0774211801377,3.694382149399,6.57650086511928,3.97240675436624,6.21941895389892
2.09006360901079,8.20977443751287,3.13602389784977,9.23199896455732,3.32327210747026,8.3114989911017,3.96318023427079,6.27161669345865
-0.650559298288835,17.0533165133392,2.78821499557442,10.1789925898419,2.62255834908223,6.10041850780667,3.98293716662551,5.94393097876945
-3.55250016340168,23.6217071115518,2.81264419939374,6.73196145894587,3.73051920626479,7.95536806905002,4.14916186926504,6.66821956456448
1.87173962113606,8.00696417511072,2.94780671651208,7.89586350813916,3.41498829263797,6.24320583310899,3.58075856332641,5.26702959378303
-1507.87958870974,1516.6169381043,2.92503516669869,8.38847696357807,NA,NA,3.8407373249169,6.26859083779289
1.51385091478686,7.15165374221085,2.86898861117282,6.40304055031218,3.74317070791343,7.40410094059331,4.01999293150542,7.30030977766257
NA,NA,3.70460819415164,10.9207169045156,3.2407559224893,8.02409033374203,4.29975423861406,8.05233623354304
-11946.9143260716,11955.849015351,2.10300512286641,11.9632653374178,3.50329560354151,6.6896785597027,3.84453601867168,6.15347196811055
2.27119577800142,7.67199248312934,3.24365500532857,6.52199218492761,3.25585573687617,10.8838418947644,4.18682808182018,6.63629195547826
2.45003199056708,7.06833381532171,NA,NA,3.45041618896031,5.76221139628056,3.60991357717905,6.18519441211209
0.463767911235542,12.5322645362794,2.41760198874475,6.33164659717918,4.02644283468451,11.9100901067792,3.69455473593276,5.30250634278378
2.27175506623662,7.14390683513606,3.20864209905894,8.16662315191259,3.70303876315688,7.29038495469453,4.45623759373603,8.09191489340018
1.89769208776933,8.3910749735537,2.41056493205122,9.71403788448107,3.39549449883538,6.52593636304234,3.7655131721124,5.63602218851603
2.37143224371186,8.86491011555332,2.99836998281909,9.99157189096306,3.27185585385211,6.83203833289398,4.4738173307702,7.40961462140526
-2384.24447728608,2392.76703657995,3.05329593409766,5.76807234617926,3.45363114783871,7.28481064328289,4.11520325239964,7.01275308244708
-0.48689835687136,15.7271483038645,3.02539007606403,5.39488780362239,-2587.7836405279,2596.93407123418,4.03956561919031,7.58626404117763
-4.32010982702503,26.1112848721778,0.487768347069609,13.7052923672238,3.02210725098523,5.43800482075346,3.93688774964029,5.85416521122732
2.56422618960085,7.68506081051106,1.0559197848204,15.6605405903218,3.11473532174074,6.84034573765945,3.94607445352344,6.01567801651064
2.43526870383275,6.91384962059646,1.01620433699235,15.2570183877743,3.53510916007322,14.4972941615797,3.62355896109055,5.30082048630585
-0.594351788207097,17.6312311538849,2.95573228842088,7.53014797004258,NA,NA,3.72562758524146,5.69434882357485
0.948427362743345,14.1450210661297,-2668.95048180813,2677.32375666603,3.32434443526687,5.81605762854353,3.9709851591439,6.41437867741639
NA,NA,2.07397491903697,6.44107883758408,2.7248158619845,5.57902048793945,3.58115564376155,5.39658615787622
-2.04089078748395,18.9259271375749,1.59571133948146,12.4021484003574,4.06442793042338,7.15154085240846,4.10915162428914,6.93554377890283
1.40181065567674,9.74133891190507,2.70766928486349,4.96497942596874,3.88469561292792,10.6477330942464,3.81302467703146,5.99284021680087
-5709.29348963371,5717.91975039271,2.86948650834519,11.7323265666914,3.68846738829178,6.90335765980641,3.92923559805849,6.03964760614448
-14.6713891847839,46.4402997022757,2.91724925594606,7.61688958517404,3.69621842793664,7.13561713385039,4.14832285914651,6.77327282248772
2.4744304500496,9.49883067659304,-8424.18728375201,8434.27877797459,3.2620615582117,5.98386089825777,4.38612887995604,7.0070348917345
2.48587901178245,5.25818143374274,2.11773788417218,11.6514613815825,3.18025332973303,5.24588125925421,3.78696073403578,5.63037017171793
2.66566860640448,7.01201628211908,3.51975413483334,9.36576987952756,3.48837129369735,5.39840436686078,4.23772325999507,7.05569936534832
-4525.0511497601,4533.19661146991,2.3475698225662,12.1929731435218,3.6226165332967,11.6375121694045,4.13226510129673,6.55774070244743
2.10311676978297,8.05877113713104,2.63923085870006,8.79650781757197,3.54522972020832,7.45690284224038,4.06728476676564,6.92750310199153
-3.94764890988156,17.0080010760451,1.63316505785799,12.7872861355187,3.91385881132088,7.66539644635857,4.08065856734138,6.55424047310629
1.38600251110591,13.1943145674675,1.7269759865748,13.0451254802969,3.68383279992537,7.3912653864584,4.32518283866782,7.03633569210511
NA,NA,2.49046952604097,6.58831305923857,3.55551605662907,5.76520663676754,4.28335015233789,6.59466561415647
-26.399744658076,60.9824992465444,2.41209492007519,13.5496014842538,3.47949266382376,8.43091850256596,3.59211090962273,5.36268357381274
-4.78799999100602,27.2540325206109,-19.5753498174777,59.1101376351518,3.0693308728497,7.88621408955326,4.06512649728722,6.85872003566788
-2472.21865673561,2480.60790119262,-7420.45624015065,7430.66919456419,3.16239945345483,6.01979805248453,3.90358310501168,6.43643879516669
-5.88310532804253,26.7911759432866,2.67735737019357,9.81094938437197,3.27464310488579,6.7679917975454,3.80619531302606,6.40282925839141
2.45820432324187,7.64553856554473,2.67745703550532,7.98522511566572,3.80369376710791,8.493211725451,4.03208923911854,6.10085504027996
NA,NA,2.80702868517141,7.3822855917432,3.81055622333866,6.43582625327693,4.36086237851039,7.42433085554208
2.13647237205904,6.71786848733428,NA,NA,3.7205166156031,7.03681743487364,3.43558428775958,6.17653861492543
2.51867858577746,6.4831831816677,-2.45827157060581,11.6180514952577,3.64340763807006,9.05388720780141,NA,NA
-0.212081368412033,12.4419633165348,2.26354587615044,10.0565903598105,3.50869449995334,5.84108873303829,4.07947748302688,6.3904987452992
0.891204164627204,9.63151848049211,-0.167229788343795,10.9161308049889,3.96732032045212,8.73985819428437,4.12992532097081,6.34050003621187
-4021.68628802353,4030.93443528068,2.86978928185573,8.80757638415511,3.55627901943298,7.73730699234005,3.94389047981881,5.94064601834512
2.17258488284193,5.8228475301236,2.37679930707497,9.61697923996357,3.76157052888612,7.48850269586098,4.26277485449958,7.29771052862802
1.6494197096716,10.3186622553375,2.76496541148646,5.8651692936782,3.94679056463246,9.27276740462057,4.15774324353552,6.36059056399955
1.62289874715773,10.8900923081226,NA,NA,3.53559227640216,6.62174087078356,4.17518580010656,6.48945928557104
1.52839528338761,9.87040359934126,3.05019696573836,6.55545303606513,3.47279691495866,7.58911185550248,3.90071614814523,6.86642784245144
1.87365590986632,7.82974577952881,2.64758255288505,9.56200893093932,4.03522412390822,7.15910027585361,4.48023459641114,8.27804729894379
1.88705002193835,6.85415448468513,-4.57551410270634,29.5020482086894,3.74997711901316,6.63405340924777,4.07478157413687,6.18455052734818
2.75721989097952,5.80970984026707,2.02710236284177,9.32926113347586,3.12066565233332,11.8911681226328,4.0674834238734,6.03647183817483
NA,NA,2.86547803651724,9.70936146722083,3.61732942143213,6.75561533563575,4.35866648825441,7.55732843981279
-2158.1983104345,2167.17054978621,3.00922647845835,12.5837789377143,3.55949021260537,9.58494699438267,4.00987554101948,5.87934845057979
-2756.46691224029,2765.00378217416,3.07321101109495,6.66798958948555,3.98303320958321,14.3530878253823,3.85002403587917,5.95939082770015
-7314.8271085189,7324.43309048642,3.09389466899145,7.85239687393845,3.69915847077232,6.41188562878447,4.03969728415269,6.25987598060732
NA,NA,2.45223298535973,10.7952430873505,3.54979843452869,6.69973651827812,3.99301466943604,6.20091733529224
2.26894717170839,8.68838034017353,2.94787218058447,11.2797009639567,3.66852011141852,7.66140021538683,4.44347902951487,7.50028474490179
2.10985633453959,9.80402811674574,-3209.2510858082,3217.90370599232,3.32607993351867,5.71402121381919,3.29925824555779,5.34642588751773
-7488.38364554238,7498.63046223695,2.72887101338142,5.68824465327581,3.54372256228819,6.18890585050277,3.92187012291588,5.87452925927489
0.787931427850824,12.969145711724,3.10423453823157,6.22678536525829,3.69572148116854,6.19195307502204,3.58336898124369,6.3171953936981
2.49463283029384,6.14894151908412,1.73903444079353,15.5850722176568,3.7459143120028,10.1177106716004,4.2592981091567,6.6942256439126
1.39841962684354,13.476756912823,NA,NA,3.87456833420661,7.3932670848404,3.66484823831053,5.61557756717452
2.50400780538127,5.27362571282247,2.87401497839431,10.1818150516694,3.33176678498523,12.8434332044583,3.73271646445967,5.52595244820797
1.81874190199775,8.07446684328508,3.11836256786609,6.94620899575794,3.49473970365958,6.77301135181198,-1859.88353658124,1868.45175659936
NA,NA,2.74262267792157,11.100268478239,3.0657536924021,5.19961280988694,4.01535070684316,6.90137307405889
2.37921610431752,7.62286087111565,1.74841892650632,16.3462640926818,3.61813739340993,8.14925467173593,4.30311203042977,6.41047665264105
-3342.76516429172,3352.00413030013,1.50384564560687,9.42112125503516,3.18066756875688,6.77571890641477,4.43731628741637,7.44867181382296
1.86166642615108,7.30123707369005,1.49593591816888,9.76244733015338,3.80328548061343,11.3303012759776,3.69602100016999,5.81116504294073
2.35527284483429,5.0725948948637,2.67917024884088,5.48964407586229,3.97262520816124,10.9675464806958,3.85211701220433,5.79259294817195
1.66746383030182,10.979339599053,2.73354746866983,9.20871068416674,3.14489899630496,6.93522258359663,4.39810807093736,7.20832733328892
2.46365693943351,5.12769648236237,-1.23542750624297,19.7949991677991,3.84225215752612,8.24659379753726,4.36504645359818,6.69544756090492
-41.2586017312049,78.5783010426808,2.72897206474836,6.73015509050268,3.32918253126438,9.99182315759517,3.99487208482399,6.08180963674462
1.84943580552126,9.58915408389896,NA,NA,2.40774316204844,6.0112044480393,4.36484712217378,7.43952150482073
NA,NA,2.24946579481249,6.57570480418303,3.81600004289624,8.6891146281633,3.81468937745735,5.7344262015079
2.10893102377338,9.30900834766768,2.66634381608655,11.6177914743918,3.53352175526652,8.72634148276215,3.81947566311416,6.228439666529
0.462723111406361,10.7624070055435,3.15479777615484,8.72972209909714,3.4842762914269,6.05025116955437,4.00566330468837,5.96748867706153
0.0510457496534595,17.3941157453186,3.26359667872956,5.77586323352296,3.4956543078304,9.74641397619485,3.95615223289471,6.28468824844983
2.05274386521105,10.3261157181516,NA,NA,3.69582949270785,8.92543331221569,4.17486674288611,7.02327078739668
NA,NA,-9.79535943974443,42.9290703798704,3.26531617313635,7.24762752109435,4.66774846239058,8.48689263021478
2.8700207538598,7.8996946326633,2.4083217855134,7.39704478021244,3.54171319922562,6.22431189950327,3.7958463364579,5.93353536538986
-4077.3398461284,4084.92257330883,2.56761248549409,8.79058510710572,3.98507551599159,7.65654384306664,4.45185820749874,8.2189202950903
1.18081847779394,12.8135989630654,3.36734331133491,8.49184148494821,3.94414577798474,8.93313090929035,3.88593296393744,5.8637549571756
-4.71464366873462,23.9616474862606,2.10193419532671,6.87863205401626,NA,NA,4.04385685680366,6.88744161752818
2.23173210468734,6.50453832431247,3.13527928413075,6.30755090321017,3.91269493255719,8.9886163879502,4.28591621928248,6.80769359872105
1.70572538990017,6.9730771873752,3.05471808164041,11.0928934969351,3.96977482099414,7.5225930641892,4.36461949871224,7.68186991659597
2.09899959319446,8.02157030875415,-8063.37268039198,8073.15302052409,3.53998737812773,8.25909416623331,3.30062574925884,5.40137286832354
-2.6587033657412,19.9580576303953,2.35041384290591,8.51741826995155,4.1160975413346,10.1607759996487,3.78162308129976,5.67864796321521
-8355.34338697101,8366.34926880435,NA,NA,3.39312802060249,7.04669756645562,4.03986164014861,6.15115665628336
2.17221069236985,8.1473469292992,1.94869299357899,9.58859116473222,3.02555694545218,6.52462309537778,4.02538603237696,7.19627821843785
2.0160367480739,8.77923038146028,NA,NA,3.52623633500493,6.21655203889543,4.54865894725499,7.92134594068548
2.01067255072343,7.06178773856462,2.90671543690408,5.15953427601146,3.47260500266012,6.00748339016161,3.78879351198735,6.51188721991202
1.84035245309745,8.82945213835858,2.53814903879693,9.10692653313446,3.34672109566485,6.92703989002989,3.61805861184597,5.2750378671522
-5281.13313113129,5288.83617869846,3.27736896628172,9.05270081800303,3.16515633553168,6.1179323360219,3.9842796873752,6.56290363440913
2.45265587025161,5.14545845610931,3.10232935922102,12.1273230304502,3.74896925179365,8.61803988433645,4.15718503476077,6.46152214202673
2.12965768145048,9.73199880096358,2.44605180930026,8.35640624479183,3.33043124390154,5.44069310435738,3.42550850780586,5.40315513697876
2.0491248189837,7.0491558758443,1.07536496245832,8.71551114458418,3.60282323226416,8.71082156773447,3.816999265129,5.48085345032734
-2048.90728572342,2057.70643614341,2.82086608048192,5.44251642056375,3.59055966926243,6.45788468611778,3.62068805199726,5.69960680026704
NA,NA,3.10972560128787,8.84023112474611,3.55090469960422,6.74050244383831,4.15153149881504,7.15683966622871
-1586.86194280077,1595.8126366759,0.0949861706332475,8.94607331434323,2.82993464827605,6.1293537526084,4.38441152521451,7.48718706311644
1.79339462092692,7.98970935008465,2.44490174679644,5.68399203914424,3.3211109158969,6.27578378793739,3.63262646759773,5.59949655523895
2.30694683304658,7.02072136465772,3.24260552041777,8.19620072902344,3.33276532481537,5.92931498974497,4.30744556066811,7.09068002174344
2.52312430586913,9.44734321779462,NA,NA,3.53200225010061,6.51032162434371,4.77985626820851,8.61500666354514
2.04068379943456,7.76812797473799,2.91056293381726,14.4124244075767,3.72696448194427,8.02974764958848,3.76508768847705,5.85662554455341
-2.79006617018987,23.7829815344089,NA,NA,3.56371091165357,7.49326311404862,4.67059118018288,9.40482362925736
1.85306339059916,8.82889930685654,2.608912450709,7.22534833707959,3.64523762915737,12.2567667603397,4.41854271331468,8.07038112322741
1.20478786336425,13.3522469952124,3.04680642012692,8.67258648715761,3.52467105803236,7.67984969430038,4.03326758358507,6.84771049835471
1.47344534248237,10.6596959826768,1.07600945053704,16.9229062876702,3.34294967776865,5.74151950562524,1.90015551817094,8.46803144227398
-2568.29616377509,2577.28611131314,3.07337848610905,5.68973126782231,3.71366012034948,11.016129945071,3.61708433739207,5.24736948509414
NA,NA,2.51846459183702,7.51329659656282,3.60587156365939,7.35509903271943,3.58609374328684,5.45644686099369
-0.548818555847902,16.7150869218775,2.09608062255192,14.8362733054896,-808.097437106388,816.178634423264,3.70070615656542,5.49210698687047
-15.0591505584532,43.1254858230158,2.70027765971311,7.65221236824992,NA,NA,3.93892789611556,6.42757857712017
-6381.03300059664,6391.00151481775,2.77756850078522,8.08413496009226,-2982.21800218588,2991.00722600275,3.91608213223647,7.68550744570031
1.77551299554181,6.15591663590009,3.22299093351272,8.94655253802879,3.78381199938238,7.79988734211043,4.27462156965792,7.0039917600185
-5.27919298005711,27.1611164836098,3.02194737558586,8.62900965543186,3.87567952040719,7.89232080589762,3.7642824334319,5.83055480980379
NA,NA,3.14146369126577,7.51384626457412,3.49097072128079,7.56258524871348,3.79570172094287,6.09377190088258
-0.358456492932516,14.7430821104261,3.15748600882428,8.28009184331478,3.61759330603797,6.99025997671184,4.07588858547138,6.50225672571371
-5.6893157658215,27.4770481641759,2.24676107530736,11.6473062069417,3.7684418662573,7.64090770474716,4.0631219712942,6.39717661629714
-10.9011796727152,35.2887640505075,1.672645178831,11.9115459566435,3.60929236897931,7.22779514328809,3.95037563444022,6.61979143002091
-5.01843850956707,27.1506904627517,2.88126812195812,6.95631893852202,2.90908590041651,7.68042566275787,4.29023779436787,7.0635843351151
1.5104531037849,11.4033540813071,2.91107816798814,6.52788056104601,2.95700765429742,5.86102886865998,4.41247483403891,7.74672891507251
1.37894697211636,10.7847891213531,2.67740714656273,9.95132326258737,3.26935497245701,7.00849351240308,NA,NA
2.40874557869197,8.04749182937223,0.752321450076523,15.3341589159913,3.58352594554775,8.77196393183946,4.71001464520025,8.4301453414466
1.87037474971065,9.38832036066627,2.05694600246533,12.0353435082561,3.62136417007285,8.80486962629247,3.59799394875608,5.23655039884468
0.899140985110264,14.9315887742746,2.77786569159208,7.54432204434485,3.24217435304845,5.35229201218594,3.54710566007325,5.13036740406331
0.809397579707054,10.9526025992017,3.05041328817867,6.79378150946725,3.73127040391893,6.65152022437956,3.72808616917809,5.49605940568786
2.19940050509486,8.60710634442125,2.65716897917726,6.82429608933442,3.69859855175139,6.9216384245552,3.71029375872618,5.4532005596384
NA,NA,2.38188807987425,6.52755736347463,4.1190771953631,8.26861023494772,3.96974999010235,6.0039241641134
2.36893536673222,4.55005437611269,2.71489030756219,7.14337852706193,3.86843486493148,8.50255784231568,4.08007158921954,6.0753017394002
2.67966507648138,5.19942909166571,2.8368197133099,11.4855572861378,3.33730685324629,8.64853186136981,4.02728502027422,6.45495969050777
1.99080876149781,7.74832623552046,3.37672398069063,7.0874484008869,3.77043185945563,9.50661940974863,4.25360804707579,6.73001766767298
-4992.88190351562,5001.87013672655,2.5158626185621,8.61787217437817,NA,NA,4.17788555380948,7.74091659494936
1.29174809203441,11.3266848716331,2.90060423457563,5.8992781347944,3.50118611779781,5.82570329568891,4.18378091870676,6.24314836327567
0.298240479631296,15.9759195300453,-3883.22929584652,3892.44827711941,-1974.61805623854,1983.73474995751,4.12172226045172,6.3312344442105
1.17478323007905,12.2817562257034,NA,NA,3.83035188670554,8.89485939338121,4.30826976801522,7.37163561986823
-6.25793114661294,27.1752540902866,3.01361292643991,11.7910527102536,3.31646673345118,7.5654384314937,4.17417602323514,8.1890525840722
-28.2339839401978,61.8595858468106,1.90109927829796,7.78513142337277,3.6833409251779,6.49215281932837,4.1753313473953,6.93549092369626
1.95543752799615,8.88252283186913,NA,NA,3.23559238805947,6.48318668891299,3.89771273857605,5.52554162413267
1.52215504031321,7.90048807193442,-1.71486070146748,17.6907758233274,2.76656060030419,6.34895803706304,4.14340476758749,6.96221297621525
2.25361790895158,9.78975421326053,-1372.64899323449,1382.28785568864,3.24696694220557,5.5787674899165,4.12907308052296,6.43032220771751
-4.28555173563706,21.0456284572325,2.95166422162107,8.31071517539761,3.86983152709516,7.60685047529254,3.77545635736656,5.82028496356397
0.16756193175224,16.1229998135573,-0.0512067168172052,22.3042396518033,3.87420167743022,9.00954711125456,4.04081958455942,6.36889606517457
-5863.0411981888,5871.51159225782,1.13690636703369,11.9029067628448,3.24099022116261,6.67404832073427,4.21238014172074,6.48686270556722
-9.4980740025927,32.6549832265426,3.29850719419583,10.7878327851731,2.39036967540109,7.16382536164069,3.70968156090521,6.14967469383516
1.81125171472549,7.94663009930437,2.21286772187162,10.545936537358,3.07190960053861,6.27452458679798,4.03710858452052,6.74551550351974
2.40635821573267,8.99173346075978,2.80301042004716,5.84193106584,3.30321838719215,5.84807928709179,4.07061021664135,6.3500155735946
NA,NA,2.5824109421305,11.7652126027692,4.21219690139318,9.52502331076224,4.3599113898938,7.44083090907202
-0.498344228900238,14.205152662894,1.97009400660434,8.94489158910427,3.3225896649235,5.18635232309274,3.72474860700403,5.40048377369584
1.88354193673463,9.60463535378197,2.45793006684126,9.58549493205919,3.94956460145251,7.25746653807157,3.48019168535962,4.88621071552934
2.03547402260458,7.46965515099766,NA,NA,3.82237461590317,9.13644956184701,4.19624608571595,6.54019859211989
2.41133496717643,5.31068005504864,3.13933523153139,5.85312848745443,3.25665962358641,7.12452188392188,3.84294111763127,5.74575000800021
2.77705095643751,6.50660154842872,2.30511324461852,13.753078629757,3.73465268804563,9.10641988428585,4.70752023079241,9.59140120752679
2.64164904188001,8.42000138165567,-1676.56099047335,1684.7108230148,3.48283516622129,5.74938328273486,4.12023886675243,7.35681994835454
0.0945627287314679,16.0420566758064,-2043.17110763112,2053.56560746789,3.44687266748493,9.11638836564164,4.35514321581432,6.87555697205656
-0.519342138832941,14.9709187564519,3.12159934088059,6.29109074414453,3.41753916244278,5.57092547849852,3.93919779623704,6.30378032804131
-1191.61295467636,1199.54786933419,2.89430315745213,8.48538012342518,3.88252086763879,8.80146685204524,4.35253352683015,6.86258274502348
1.98335477753062,9.36581560569905,2.77606697494187,7.94296036899645,3.63512114302575,6.67050213160132,4.10027493292865,6.11372630851715
-12.673900117048,40.8295185706695,3.11552484846995,5.19594257600526,3.28296977645799,5.81272755617787,3.97924960983817,6.15434910551399
-1.99580409782865,12.0939843234901,3.02327370059583,7.76880677133486,3.90776441247476,9.9615943594527,-3283.15602076862,3292.16306508287
NA,NA,-6082.21195685549,6091.51967715693,3.75754636643898,7.72288174566079,3.85990885853191,5.90958797749032
-7512.85134419875,7522.42711388656,-5168.90949934766,5177.12736502723,3.96086353895563,7.77361480689812,4.52922284970097,7.58386421609611
-13.5017331545784,43.6676825932384,3.20163755066977,8.71581842337943,3.61572969768071,10.1855327980468,4.19951852353994,6.65077747152025
2.76564662350191,6.26159495930597,3.10167653322118,8.58005602325652,3.46141395495272,6.79685832691896,4.68718172735482,8.61360570920446
0.975287533536108,13.4652833836092,3.20085219003878,6.67583140144513,3.54442196805746,6.67037177951394,4.12246346949257,6.88431847504997
2.17193727670133,7.9459088273654,-0.115119370879537,12.8021262497566,3.38656128196866,6.56675799339871,4.41888993353612,8.08331191628202
-3823.08327530098,3831.74689653531,2.9984566983179,6.82251963158051,3.70853478218802,6.57910967322488,3.5924987915994,5.8428696100534
2.31424655681162,6.82941284475749,2.69459111712356,6.32707459501579,3.34835614902796,6.16194376577692,4.50423442500671,7.7264432222791
-10.5717747879095,37.7967176228566,2.9948303885539,9.82066598635253,3.84720318434333,9.19901835166515,3.97347824206118,6.16875523050655
2.08893964467529,8.045384212408,1.44486555122445,11.2511354595151,3.04067118150179,5.59926071769792,4.14405382894198,6.37709334095234
0.814944011315619,9.56073539771369,2.59338907663136,13.0737336138612,3.82660734014629,8.91647475610854,4.2195190033442,6.53225503118635
0.681448134373496,13.4731637587779,3.0516411299456,6.01066027914558,3.03681989139892,6.18148742536855,4.21139474577614,7.08099372189388
-1.8753307490214,20.3281534426374,2.56347134288187,7.44274605102814,3.69087620437396,6.65520294102314,4.13411133788075,6.6626242346975
-2.70842750893735,20.9245347453818,-0.649473713314714,23.0453078434314,3.68531223668691,6.73724737239469,4.36629192980755,6.83498905010828
1.8953626703234,7.7427904189108,2.94271900463775,7.8532025071048,2.95965033775333,10.9660366545692,4.0440653202444,6.96909144676909
-3.41056214231327,19.0353230382359,2.5777112950767,9.50323193776895,3.60638821149753,8.61269141815224,4.21549207367721,6.63702217019663
2.42606348569241,7.29532944693134,2.95362949870676,6.93418129622419,3.93230033495962,7.72335212177111,4.21293680740007,7.38572854012456
-2.24886470584163,18.3291826094341,2.65955185130214,10.4860036279427,3.88991818991807,8.09041246119874,4.38550959750038,7.49331197457736
-0.0730332752153471,9.57794919205944,2.87055180840495,5.42454294817686,3.3624407149285,6.67561199328602,4.25053148813922,7.1600345240716
-3064.20610534912,3072.32175177619,2.74042577809403,10.1493525095077,3.32076988766275,5.52237617234419,3.97211644077121,6.65484615194217
1.99397622775097,7.3873041931665,3.08846677581951,9.63387611688169,3.58473619523809,6.529252191974,4.52174588703449,8.31304641911405
1.92334235208949,6.69498650095023,2.85864849387052,8.01578983790413,3.55764379056708,6.65823530301182,4.46544670414229,7.69334908179575
2.32472824275788,6.65494865440518,2.71410450117893,6.42929186836349,3.85801355207546,9.52378538636452,4.39719596385188,7.8905293215672
-6128.77740539826,6137.70203236986,3.19885238735669,9.00389328114211,NA,NA,4.02088226779401,6.47088631845251
0.455666596259253,10.2621389788519,3.00331251422252,6.92369010801014,3.50352992230957,6.88531503096393,4.16045301087234,6.307784444728
0.836683972799111,7.85534249674174,3.02561461515503,6.73723176545284,3.49483452522578,6.47671118130835,3.64167115956193,5.20068896326734
-1.03536020011758,12.9985390455649,3.36077545357882,9.29715861707903,-922.378312869164,930.992722419253,4.29236898625771,7.71436994312017
NA,NA,3.04060559949089,4.90144837375258,3.62122916616384,9.69662171585917,3.66421325092302,5.83650203308404
-6293.01360732295,6302.25575571047,2.19241321114065,11.0441235769368,3.6264595481177,6.44519491953713,4.14466963922548,6.52833938473026
2.64974361262213,6.13395562683289,0.0425768439662164,16.0548958716575,3.91009819496457,8.57912857321181,4.20967556057456,6.66229425907862
-1.32604565726225,20.7032699274187,NA,NA,3.18319067791607,5.47570236765603,3.65468148252796,6.73894653498418
1.11446958012004,11.0167817158892,0.0367966035786242,22.3853341603992,3.66518306338459,8.05553521597396,-631.032124079524,640.249511020203
-5.06953424630784,28.2815366786686,1.93456354583103,12.5928285865107,3.72709176825997,6.94093091214551,4.28017757871356,6.88263753419002
2.62921448974198,7.85827971879381,2.50672947274171,11.7249962031055,-1306.56160402738,1315.46377814219,3.50797063220146,5.43279913493796
2.19085793660535,8.27957940927067,-2491.36471946199,2499.47957022589,3.45739471620001,6.38075434639859,3.84409845206056,6.30040501216581
1.10610709569543,9.8968078494828,2.64043563418306,6.91552729060367,3.78585626481867,6.2705046685918,3.29125764123776,5.05041832519601
1.90675501767846,6.19315501769195,2.848848421474,6.94862075918388,3.72178058937226,8.29506349395589,4.12875092623622,6.91997498764083
1.41153594333561,7.55418799924073,NA,NA,3.65375061047442,8.05410230022931,3.80865117103651,5.68066554978329
NA,NA,2.68251125344563,5.32218985198109,2.76306330527424,9.14923244893802,4.07299072452969,6.65553886280721
1.11826536095466,11.7197703679529,2.0290169419299,8.77614521678056,3.7846868744383,7.20734602757758,4.29162072757862,6.86190495861822
2.52848862152321,7.79537116008595,-0.111959098781824,22.2830225337607,3.66846025998126,6.8903283707007,4.56311500534377,9.51010959336612
1.58436025696777,14.0442641831316,2.2793234815588,9.00546427938363,3.29706088820997,7.59955028399607,3.97637930500425,5.72200850807947
1.47500162940462,8.75508105176226,-696.147774553546,864.710509585289,3.51921776541421,6.85469914728819,4.13456722002509,6.2219115631141
0.165645560320516,12.422634228444,2.65540604686945,6.43052098833216,3.555957731783,6.88401340824525,3.89751713911293,7.94697642298784
1.1165771468896,8.13742801032052,-0.918600380669204,19.5364142578582,3.42541382984539,6.6304953968907,4.33905302051364,8.05327597792504
0.502730010021831,13.2795696765388,3.08795823240625,7.04884452620664,-1718.42675580861,1727.49930365047,4.00168384338722,6.81205804636536
2.03141530759153,7.93690018824414,2.34500431075151,12.5422939527016,3.41906191837443,6.16103206561041,3.88523358078333,6.12341694296468
1.94874497621279,8.88412648681402,2.52335796676756,11.3056569517879,3.89962222672314,8.11162431828287,4.02990421470364,7.01219652635935
-11.2312853312648,25.7068933310158,3.31048647790418,8.62083905816819,3.79120465035777,9.41611327320696,4.2365701514897,6.76997812791488
-0.534316593283209,15.257042508022,3.14978601828244,9.33234359407286,3.66685107272601,6.52578401863304,4.63316267735961,7.50267163976059
-5.14512494708823,25.5235988394061,2.18796288035514,7.46101420245581,3.51861818918128,6.05521365725359,4.06696908178018,8.0159352543844
-5928.25646085703,5936.65383907179,-2722.08981949163,2730.34327296679,2.53113381206868,7.21181332872789,3.84654599399687,6.19114436650135
-944.012163536749,952.07764078051,NA,NA,3.63654683127166,6.61871530956697,3.74750703307613,5.62061806153709
-0.937451281786265,12.1085975515471,2.2202359052061,7.03047534327915,3.67460431369439,6.73512749158491,3.85575258792135,6.11222127889353
2.55045241254624,9.09813408249992,-6754.4216223083,6763.10466555911,3.4567868939537,6.56600698608095,4.42802601298364,7.34853311037967
-1133.06795777312,1140.49907697653,2.87892189556122,5.98788783257598,3.42240094412903,5.71702464772233,NA,NA
2.64522020502218,7.46443194245283,3.0644810124356,8.92544306846888,2.75713208879594,7.9374668779775,3.83052344425483,6.12109627848961
-5263.80168163751,5272.92915908823,-1139.04355082903,1147.35697032538,3.91662138386522,9.06518429312145,3.94282158703838,6.60860964704672
-5765.32370074751,5774.83719309921,-4991.05890028697,4999.47054747189,3.61975673704125,6.91227770642108,3.11693970184793,5.8476112041113
-3090.07544991586,3099.63893279812,-2082.62772879847,2091.54556134276,3.41701901988884,7.60661804580796,3.68120909968415,5.75403273439332
-19.1648137951823,48.756911783813,2.83613248052893,7.87668092714741,3.98162730016868,8.72454956713077,4.12093547405027,6.74663255246266
1.93955095642829,10.8780330753731,2.88109108311419,9.76350291922702,-3611.24162211708,3620.42029974241,4.47988552463242,8.3957340314167
-3110.04454140028,3118.81718022229,2.51405634629223,8.16193655842743,3.62518647097341,7.71790840483327,4.0449811374641,6.35118773827335
NA,NA,1.6897588943696,9.98320716964704,3.73677521687059,7.36906716584353,3.77430731860742,6.19537124411401
1.39748502504874,6.95851413372243,1.02477528684907,11.2450132927469,2.75587683361277,6.68023567440692,3.71943152271573,5.46898425734188
NA,NA,2.56527513832579,12.3473157066754,3.52618574010278,6.20957400451958,3.26664063559872,5.73066006318694
2.44375944824175,9.49805261037959,2.6175829697839,5.97951443307216,3.75147130750989,8.88877088717541,4.19746388232399,6.6221833785494
-5814.18173915834,5825.24079349333,2.74058924700502,11.4149796244408,3.8083900222399,7.68869853019023,3.76120351313565,6.05537773835623
-237.751890562227,160.024888144764,2.4832791069884,10.0217018626273,3.27280528902736,5.80994762595143,3.80706595284752,5.61242865086543
NA,NA,-2282.64521163563,2289.98792283535,3.00407336870232,8.56616257406645,3.9696825303155,6.0033059861851
2.09494369755991,7.99703606891764,2.25636558161026,7.36006902032667,3.80891164944211,7.73400620565003,4.31338872192976,6.9266274164834
2.4812651635613,6.38739065473069,-22970.6533180054,22981.2891451899,3.57083422552439,6.50167221741081,4.31590851743177,7.77946226793917
2.39142110110064,7.52525981981848,2.9792429653559,8.61328806998622,3.51689688124866,11.2168437837724,3.60901003056485,5.30787223839392
-7.60740302333649,17.9641476101339,2.72846902612347,9.61104269645444,3.64676994129752,7.56484638326032,4.39998919043516,8.24795046020206
NA,NA,3.13186561093101,9.54430755622747,3.09673393822578,5.71681198587028,4.30764934013476,7.96191164633001
1.82539467348256,7.54864218911448,2.86303119072647,6.12681878239552,3.53069956089992,7.65972392817816,3.26181818291474,5.57590598429956
-2.59404363487578,19.9340241964829,-4.75769585827756,15.4827517757088,3.42365135597392,7.08439593197363,4.31576299387424,7.07126169391571
0.136961683935528,15.453543610689,3.02928288852188,6.85771006902685,3.50521453626433,6.50054882957633,3.96798236748509,6.2078314475081
2.28194504168032,7.40571240289689,3.286170896602,6.92610447241333,3.62305971028738,7.78643927662065,4.4096026014673,7.55764427423656
-1.57624472201456,17.1868932919804,3.13887955415116,5.24678912466285,4.10197650286317,9.99216301779091,4.45818290036671,8.53655287923876
1.28132644477532,12.0043658724147,-1566.71434942585,1576.24786505979,3.20876753673511,5.48477165537219,4.43658047424287,7.64779124503997
0.969002157368891,10.610171277259,3.10223476723202,9.27805952084943,3.7167979277322,6.98090245106803,3.55843158826398,5.14425217484568
2.21268271296238,6.96396608448854,2.13999417792379,6.81587901444593,3.73139228682274,11.3296215164315,3.47972048768818,5.55471992305738
2.12160460081603,9.07378152620776,-0.189697544612699,20.7953492739203,3.60748469216091,7.6973258372846,3.73176260008881,5.6440304225529
2.34570124125291,7.75452183313018,-3064.07613871142,3073.88577960925,3.69901650362863,6.44691548834771,4.65368698872399,8.98354735630095
1.99697450944531,9.60567235786153,3.03517201798958,5.66224755340511,3.57720998246821,6.72854651173353,3.74694222620714,5.60589864636249
NA,NA,3.08022763439428,10.1070809158599,2.81558172641799,15.660885415313,3.43172122517804,5.46433053023912
1.12495672631284,14.0149479144257,3.24445567642692,6.53396543528107,3.56396754091073,6.46001131203905,3.65718543544575,5.74700587867027
-7.12458143363905,29.9065454481139,2.88923646746615,6.26881402380679,3.40414769812639,5.23621134705988,4.0313118639064,6.41116353516831
-12720.0752679302,12730.1268195888,2.64344922118698,9.65631013868166,3.46294846366185,8.93464633323118,3.95509538805305,6.26506901792094
-9.21152846968405,32.5452777274753,-7042.65354932711,7051.82001295878,3.68917425119443,7.99374950208357,4.08041047535599,7.40793874480625
2.32655205983827,11.9269288671528,1.20543890715146,15.0560919850076,3.74325883519618,7.26828675193616,3.45615059807486,5.48472080371057
-0.825990428688791,16.3811975202276,2.78455607814969,6.28617996177661,3.84419704759801,8.20556045657904,3.58980259487314,5.43785894921703
-1621.70123291233,1630.0412913926,3.21322831833117,7.10590044629243,3.56116081505673,6.41869344891502,4.57598361729469,8.52152553379736
1.86023792024507,7.35549003825283,3.2919985351264,9.69791819731811,2.82923447845329,5.77965886749368,3.35203019751653,5.37785694549046
2.62459059725573,6.96256446146188,2.32462805214029,15.57955755542,3.21021316392663,6.21768786717687,4.06811311851562,6.37212907780983
2.29710607550015,8.00037118055106,-4567.59363100335,4576.61543025184,3.55894242463596,6.80046698527501,3.8782877634296,5.83833936603923
0.999538990998894,14.256575416032,-2.14507478155528,26.7565115051727,3.67019474609487,5.9880946004675,4.05295701969439,6.61765737943401
-1.91284586593944,22.1852650145213,2.36338105435357,8.60024713421865,NA,NA,3.82492306305394,6.24988705816249
1.60470259493267,11.2875710876113,3.21407004979467,7.64496682166421,3.51583961313411,7.82006094897697,NA,NA
2.61721058906385,6.46868000655523,2.69967829570131,4.81988009019152,3.6890875956327,7.49077174997076,4.25139619371719,7.06364240343035
-54.9440402356444,22.2230851654297,2.64315456817449,6.17734714057067,3.43669564064132,7.6265584485405,3.67969459894645,5.1185739475115
2.20707732629472,7.23410535269032,1.7176428325505,8.48712053356689,4.26600944752953,9.18721774392878,4.29695638002148,7.36041509387286
-18.1391361088269,48.9339387169546,2.86997767658943,6.46559797161423,2.75824639607907,7.9768723535632,4.18587526469497,6.7496711979343
2.27509417013624,7.90327418664157,2.35752599739189,9.68014478024203,3.66464172227677,6.34899853415261,4.26847023952552,6.57586829125648
1.68757392066587,9.02385941602927,2.58650148003816,8.08206988556541,3.45341295773266,5.59937655914749,3.96332251960949,6.48683608578319
2.45373619171993,6.82503715578175,-3968.57930449803,3976.86660307052,3.98264059830547,9.47417171490878,4.16414433604532,6.92338565930878
0.97498781374877,10.4832265457897,3.39184268529136,8.2263208500729,3.30985108780775,6.69132800996456,-934.728318521769,944.029090918671
2.49300407799332,5.75657472397065,-3455.36235143334,3463.67363589233,3.72815479822997,11.4749445628749,3.80686229971517,5.86749210895449
NA,NA,3.32896293590298,6.67091416726205,NA,NA,4.03006361641847,5.96029949245461
1.2901122865884,12.096319973986,2.51688463791801,7.55957981122964,3.38367341579663,5.8201481780787,3.63403800863667,5.69295150584147
-183.589207986037,259.077492267039,2.5716598294019,8.18511279108378,3.50716910318499,6.23478053221448,3.93799745152509,5.82657902478957
2.6292275303296,5.1162395689082,2.57986890095384,5.46939127910514,3.54120379326716,7.1167398048038,4.01305903845993,6.16451706023774
-2652.59027811476,2660.80856950502,3.14603774133818,6.10006710529361,3.3815953508347,10.5077475317837,3.72492252230047,6.02611490032838
-3146.63183839098,3155.67736063523,2.66734614896284,11.6195626142003,3.74283308092624,6.60040298095958,4.17105710057913,6.97785842260681
2.51451858063197,6.46223384540071,2.46585380726748,6.311605938212,3.32801575945563,10.2203009685794,3.83298779471591,5.84923288080504
-5.69459848949037,25.4141045868639,NA,NA,3.40203778685793,6.76788204247219,4.01138667181377,6.57586875996738
-0.309184274299165,20.157600449033,1.8035615594713,10.1079291819231,2.69487490537491,7.89959180982573,3.77481288425194,5.68249598700038
-0.604423213485863,13.1191134351976,2.66436715422163,4.74720376390421,2.95977406144496,5.62739091406366,4.32999002229163,7.43438792615582
2.70791849829959,7.99162410768383,-6402.7119129798,6412.37221031905,3.47913260441433,6.87600198678219,3.55178435340916,6.5860080975059
2.1688869532086,6.75683202733148,3.35353510930367,7.96392826722149,3.23981843789823,6.42763845303982,4.3093270298197,7.43671890757677
NA,NA,0.408827191314938,17.7048638872906,3.54181837822926,7.64641211518854,4.3556548047368,7.69457542723425
0.0626511544129063,14.803714773693,2.65986674589661,7.45877668539344,3.73775298487248,7.52383830377345,4.45979216335664,7.74567690434906
-9270.81942588491,9279.96321039003,2.55411879686455,7.05834074615248,-700.51259582658,709.068220215189,4.01739973162133,6.63291192913414
2.60708798196398,8.14152250999126,2.68020955547674,10.0529385375105,3.35951376727086,7.14258814127648,3.84603095075978,5.4953914565565
-14178.015639101,14187.534967936,2.83260113929673,8.03102132413423,3.48983028735618,7.56860644017114,3.88475619035891,5.84452685737455
NA,NA,2.32272398299429,12.7808296306326,-707.268093841764,715.394910274484,4.10605330406329,7.05117702719454
-1.89045584898192,20.8969924936756,2.81600169723582,6.77270667589807,4.25936831532225,8.0348060028151,4.2995136632683,7.74592733017287
-7.26410522647032,31.5588148602921,2.89362948048362,8.0360170349706,3.50515382348946,7.89287396269759,3.56566244732306,5.22780423511383
1.25371015248041,9.58816308926589,0.901639660235821,17.0512877217841,3.46302365914418,5.91271800287383,4.11987771431422,6.62792566020287
2.04579014998499,9.95041062107408,2.22593274065005,7.28179980614684,3.55874145328021,7.55991332840993,4.13956796394981,6.73754928423424
2.40561858442659,5.3001758858067,3.15494170584701,7.9990958578131,2.53328450571749,6.62666064157124,3.9618928189939,6.03424334303722
1.77606913168636,10.4886693432259,3.18402909332335,8.17881871211437,3.50739762547624,8.61777610028643,4.39805459830693,7.285387567171
2.2115690064472,7.15158124352447,1.64804419735035,11.3001615992558,3.49570525139828,6.33061786136424,3.56904134341061,5.79096347579506
2.73253584625985,6.49708470818653,-3893.76711128317,3901.54952983061,3.39754278267497,7.75280117940762,3.89357130298891,5.8407006186907
2.37112639717444,5.29944774545508,2.37825836736438,10.8613652718786,2.93743003716281,5.98916228681536,3.96982919303409,6.19654655049709
1.95178631356758,11.2818118605433,3.15408544942428,7.72983316522035,3.64058720490035,5.95868474911003,3.37780719596884,5.54327370979014
1.20724248255989,11.686540251745,3.21517799671507,7.79571110730578,3.52849409247153,7.11738651773098,4.06168551840303,6.36444853761999
0.453318357295733,11.3490375574316,2.47777488338219,9.2567084361674,3.52483024963415,5.77579727164674,3.90489651140417,6.14721390244409
NA,NA,2.64463308926522,8.57224513705167,2.77782615647688,6.35392413408394,4.0293592633178,6.12720594237921
2.60696800550138,10.312348480744,2.87750955594307,9.78183091395309,3.56096607788688,5.68584175803451,4.583485546682,9.57383741595945
0.365489180999603,13.4270983122184,2.94901479596137,9.36085539328198,3.54865327269023,8.0583463246969,4.44453323169904,7.625175651111
NA,NA,3.08010963846207,5.77826913447504,3.77445414676446,8.53225399721672,4.02692202684843,8.20828924804575
2.03474410247641,10.2324825447611,3.02405585013332,7.79591042214081,3.65970174531513,6.75504172788647,3.83198147663863,5.41523360558153
-2.89937596543252,20.2451311790484,0.825116338274809,9.87515618153549,3.36410889235107,8.03644923751213,3.83947571859663,5.74305354895821
-2984.00156937253,2993.35538554958,3.0868414280468,6.92547380902407,3.92753071696054,7.23875011832987,3.82480493900134,5.8115632819053
-2.2810940086139,14.0761546794241,3.07657090515538,6.49090475595257,3.82139045337765,9.97873957673939,4.46550372872869,7.82481945075818
2.49886291153583,8.55960873513808,1.99985037952432,10.9863069328175,3.78673143031515,7.74798456074513,4.2717172959393,6.80764205332059
2.65229612581382,5.32968790719416,2.32791686846786,11.7947384591034,4.09371960731635,8.17581396358555,4.23076546759078,6.79429625536049
1.18986854087048,10.5461833085395,2.78805914794554,9.01439039806927,3.60022127263214,8.76817193609304,3.90606510864086,6.34542702457756
-6.06955926740708,24.1791384495014,2.64081336212512,6.67369317522722,3.29370878426671,5.61407613165981,3.97172806194101,7.2795727639276
-0.96744742411037,12.5314428364945,2.33720086226892,12.6011011494869,3.6251843008693,7.49752353392205,3.7726513523137,5.84835132509923
2.04139420859001,6.15337742510358,1.89777041455371,9.78307133348185,3.72052159247278,6.83941032945356,-426.242440707072,434.423941913796
0.398448962370399,9.5873415704212,2.83943010552707,4.67938323593344,3.1309260495943,4.91762624305758,3.95440319907226,6.9369513303578
1.93989462043885,6.78204979191949,2.77084489022747,8.12254738555139,3.30030915418277,5.10722036361904,3.77314645783459,5.69318557919134
-3830.97080188089,3841.68906641585,2.12750261882795,7.86069052244501,3.68320523575059,9.06893568736193,4.59637717705035,8.6716432715476
2.30712956957414,7.06515474358118,2.19544508385918,12.794223622931,3.49896104565543,5.70416966773381,4.32723725622696,7.28541687743743
-3105.53348123191,3114.68834294,2.29691520850158,13.1346388111238,3.1905358120443,6.35312904657388,3.77715497260541,5.57744356120945
1.71678312368933,8.8890378653105,1.81571469912984,10.4690767301203,3.776212265778,9.31864956881161,4.13548445925059,6.736533004603
-2.17465180744308,22.5974243835513,0.238720571934858,15.5820227648514,3.13798011048083,6.70922106492988,4.04788894284323,6.32156353939872
NA,NA,NA,NA,3.44435419928336,5.58643182576388,4.07643985528598,6.77022571795166
NA,NA,2.12330936260593,9.16191607968447,NA,NA,4.11561129137076,6.27379824993178
-8482.18892511175,8491.60186353125,2.21845171822576,13.0923333352436,3.25475435519773,6.94588232613834,4.16022568012211,7.01701279332863
-0.820871627747048,18.5451707581835,3.0573908726779,5.91302171435186,3.58475670934282,6.33807061958347,3.77404611933472,5.41518319079429
NA,NA,3.16719308167772,6.26700264437451,4.00371906464783,8.35161273497475,3.70315281264769,5.9424824929474
2.11717353836533,6.28180198968847,1.32402957435704,16.0287624324891,3.52146405492709,5.81791317460808,3.67319676821894,5.50505819611388
0.941948285471415,14.4829380743127,2.65256251384233,9.07953878634136,3.910094105433,10.8690121787598,4.58976660759342,7.88352092661751
0.646299536191,14.8343647329641,2.8735700410269,15.0539300752394,3.91708349005834,9.57617729006235,3.89800364835225,5.74054204254203
-5.26200551790451,25.0645859722833,1.98195849382516,7.73212778047741,4.04710474204433,11.8036193604386,4.04810879428689,7.09115965549553
NA,NA,3.08270355223677,7.95793025244529,-1889.45129366364,1897.80088384316,4.33115938768441,7.21775045398756
2.06488448825682,8.5423679778049,-4616.20119611132,4624.9095952707,3.52161763348346,7.3273022316378,4.03755809430977,6.01690015677595
-28.3839579523743,60.9617101090141,2.79895144225932,10.9700743087236,3.31591472689488,4.94768430653995,4.20932746448089,7.14235833118684
1.63160926484865,9.72343741307306,2.72411041278523,13.19395878189,3.50056569653279,7.72603304715873,4.67944182463842,7.90104579550722
-2444.5149382016,2453.47651767856,-2422.77172982073,2433.90670344885,3.65884589649677,8.21389114073088,4.01932223837614,6.9101737764943
2.56242396067688,5.77153024787357,2.34927622140293,12.80124401353,3.50452076834829,8.16035763556707,4.3033313415236,6.80820604367863
0.322787132046239,10.7662944248198,-7601.70698310907,7612.00956813231,3.42924186267725,8.55176100173883,3.75814923762756,6.12942945716758
-2542.88628057624,2552.80136316059,3.05354354624981,9.82113205769837,3.67141403295936,6.99484876955189,3.76184208508276,5.76163534263823
1.18537350058573,10.4932683782457,-2.5490746626849,25.2194321110261,3.81719118101694,8.61561759162493,3.9418279424863,6.95071828763744
NA,NA,2.84512522852716,11.4675458884637,3.49972815618955,6.68662568412067,3.82962401907091,5.82086156614736
1.32074539796736,8.10281820286743,2.23654104499359,8.72577271148488,3.41747284250255,7.06416672162422,3.01800456743357,5.79119049534542
NA,NA,2.5365677295092,9.84570543589988,3.61502671759992,7.38529999410222,4.1596550461413,7.25617549885984
1.74284064935048,11.2083031535718,1.74567715733814,16.6391918878357,3.58738084318996,6.72574221830017,4.08112050361589,6.10724911022126
0.802766432375061,12.8069665599914,2.01409761898271,6.31573641892819,3.61692348433257,6.73993112438321,4.48514213264214,7.60846357217792
2.01384253208408,9.16250754736694,3.10178310748229,8.5020692180991,3.25405740783494,7.32521189134418,3.76913628747079,5.51595662381041
2.51073412528373,8.00835287535645,3.01382022783109,5.73001697197143,3.44109355712196,7.9167740953996,4.38929537130616,7.99155534252364
-2729.54875254741,2738.58686317866,2.31976386523934,8.9147713703079,3.04975322135478,9.61409217548859,3.82484477271239,5.59584191935634
1.30574488869519,13.7620348710241,2.92233632654736,7.46705432266212,3.78747891741697,11.3660140759296,3.95710887422815,5.87499706313552
-1.23012757070437,19.1832938071135,2.70994752895003,6.36680794187646,3.51221795158934,8.20330180651029,3.65243646593483,5.80452678524773
1.85980958615533,9.91200308392667,2.4705506390953,6.1796819099498,3.06721024408569,6.02536909675117,4.02909517291441,6.47392853771459
1.02272162740307,11.348696401792,NA,NA,3.74254740255025,6.64447244802629,4.69457214765069,8.95097991197836
-2.09146215430509,12.7357787168981,2.79901255019143,12.8354831915819,3.44832820811635,7.05259549695227,4.25669139429311,6.64391394776881
1.91572961430217,7.96622786944967,1.08226765184758,15.0406601860446,2.74280797752394,7.57042407735691,3.89955109147361,5.8815896462201
-49.1313794632049,97.4003547709806,2.38017052986991,11.9486959005456,3.83675971522065,7.86783392494023,4.55719477666146,7.63818549393478
2.04286212761557,9.32497646092974,3.44481781109374,9.71708997478886,3.51301074187087,6.0117847583222,NA,NA
2.23723264618184,6.6328635209688,-7872.7561734434,7880.75288180641,3.75143206940903,7.46361041814508,4.13685866356548,6.71691196116907
-4.37301149528883,23.9625004876866,3.12742228376883,6.08262137653643,3.25711435349378,5.51267082857481,3.82230111607035,6.19817552951634
2.01245377230622,7.15784544003439,2.34181180756849,8.94087068197106,3.52996800739992,6.25915759787373,4.42263427103479,7.758518236675
2.49318421236587,7.25950871703849,-1717.71497214904,1726.40907595842,3.1287743397122,7.23065418195215,4.15652128317102,6.52741164681981
1.96455205224053,6.00801348680731,2.42092491508911,6.60036012681762,3.35965056038948,7.70887954799757,4.14246502126324,6.6536806189009
2.49925251363793,7.77266479930537,2.81756823092886,7.35619213832556,3.56134327601561,6.82502326294587,3.66173867684103,5.38360912273736
-13.1234295957807,39.5360325413651,1.90353673094432,13.3205906767883,-892.243720762686,901.683830689066,4.06928812309024,6.36354369270797
NA,NA,2.96336961196358,5.96555357215223,3.58194636731555,9.31794067099479,3.92824275825973,6.82540749790612
-0.715732453908737,17.9039518599643,NA,NA,3.82459807472063,7.3647085580236,4.04885782646452,6.47073805122173
2.12436581318418,7.17705199898932,2.85550305787581,6.15854974569531,3.44858485024697,8.61753369497024,4.12320722145771,6.32884717267771
NA,NA,-4265.71174015438,4274.01827938155,3.17133699829431,7.24872907493606,4.69010520877931,7.96333538792863
1.98488231779856,8.61766845921048,3.30249385878924,7.33339309389114,3.29189585675033,6.91687998325701,4.37287955800256,6.77745696302276
2.40965602300547,7.55867108668963,2.79323382467122,6.38764836990439,3.59834039493997,6.21984971963378,3.93545787358651,6.07719490524946
2.3954692625732,9.38624985779546,2.47819770628485,8.1263985955563,3.66886691928039,6.9522354855286,4.40463072646062,7.38925439938178
2.52268115386248,5.85085597482356,1.52699051063643,8.64731024782832,3.37140236059895,6.61292242342145,4.41729379427897,7.70607480335966
-17552.0557796328,17560.5883965498,1.43347068347059,16.1031328410712,3.89081048499076,7.81424361200259,4.11123249200127,6.99769543361994
1.06944121889941,12.7563234267629,3.14033052723504,8.3681139401869,3.9103260831323,9.42307439052998,4.82566320621901,8.8942502717497
-17.5354565813371,49.0583790391481,2.35664890202424,10.3980217363193,3.425105105835,5.75098930155284,4.56446624284049,8.05818850495433
2.62716516991531,5.89122792683019,2.88813680681278,6.54709759343436,3.30231359337839,7.19298560676525,3.97767940526503,6.87646385538731
2.38318522757735,6.05402531801375,2.985457525144,6.56557127396832,3.17667733850058,5.67200857574488,3.9102523077458,6.21170939976917
1.01351234853774,12.368819108324,NA,NA,3.64864651606978,6.80105025954414,3.97896763366801,6.14997557623453
2.22591118400336,9.20866767702495,1.99857845017059,11.1824697551927,3.12437203112471,7.3708408812823,4.30193805679145,7.22494205757
2.48104647453453,4.90479306448052,2.76183443985147,7.71623899481207,3.9512532892131,9.6189237419968,3.7467352609817,5.69050060696976
-1.3902038844266,14.0180334838169,3.25822244204555,6.66915374377363,3.71749569823782,7.25916152523601,4.64933368676492,7.78798051586287
-6.13665534976374,30.3587644499198,2.16903594709316,10.4129156898348,3.76916704908676,7.50562613072658,4.15487913155555,7.37674394973579
2.66449483393013,5.28925577581546,3.37424663114395,8.26656110381545,-876.731040433856,885.159938576616,3.73310996457912,5.97215988672294
-1011.96669123856,1020.29515936431,3.19448030922742,7.9811617595443,3.21709002493471,7.304098152211,3.86259899735096,5.8933593094753
-1.21299635986732,18.2637003838101,-2441.7361315454,2450.45976214546,3.73119114478118,5.90357851083142,4.14940976932558,6.86687309963171
2.60452567459077,7.53006416869918,2.08192978375921,10.9248939736804,2.91236873826697,6.92655531144432,3.95994997930103,5.8349310638335
0.878735480761384,10.0941952417178,2.50956845945421,7.08874947995258,4.12034468267644,11.6224645860927,4.44022347112452,8.15670811436753
-3267.50270379295,3277.30594005844,3.0888664710553,7.49811749688838,2.80223164944423,6.79862216639688,4.6233170648931,8.47482760484871
1.31608592724146,10.3369817044237,2.26824252990308,8.21924176296592,3.81159460928887,8.78461082051064,4.00484984170505,6.26094061609016
2.34571015765729,7.79105794658029,3.2724492879256,8.74697646180865,3.38780034450928,9.76004639843032,4.23902263638305,6.863937622255
2.24080674490057,7.37232523777798,2.57427164108725,10.3123710694826,3.22513469312166,12.3755207600472,4.31670931527676,8.08964413671448
2.18228875455305,8.88065160060079,2.75168012327918,8.02669414174683,3.53240903452838,8.89625801317452,3.75031768277385,5.65829056193311
-6.65425548540446,28.0502507154341,2.28532555194231,11.9024599891405,3.70267718508792,6.72356725306818,4.09090860988762,6.23419157475781
2.26984684246643,9.03317360268472,-12911.9536283969,12922.1240563121,3.08265255276972,5.59874166952646,3.82808447543849,6.25683319152753
2.14583595384202,9.50436950329948,0.617939160242592,17.0646163217599,3.99708111732117,9.19430921712525,3.81013626271184,5.89868002294335
-14806.8487537241,14816.0887090501,-5361.55668710186,5369.78367989588,3.25493255532041,5.77259785508475,4.31579080392656,6.91821141756153
2.51845203953808,7.99378922149347,2.89495998664835,8.51395334283217,3.76085261248796,9.61301259900872,3.99330595819349,6.51820762821029
-1.15474415826911,20.9472130296929,2.96019514940746,11.1032739411102,3.00612786251525,9.20106391248206,3.76716990839394,5.70228211407976
2.17861054457702,10.7248621539951,1.84797954436703,7.16436573998247,3.56858241438047,6.31137547731896,4.45043297472097,7.98066535416621
1.65426781156826,9.72446026597357,3.22303926724379,6.69790425968208,3.80535401166431,8.07028801443354,4.23138468873727,7.41881337740859
-0.853447315025749,19.6538777378,-3387.24533581656,3395.97369896029,3.72188526983784,8.72612390615219,3.98987834882217,5.97787849624568
2.42566759273236,7.00537025630496,1.2206257806565,17.9459940476487,3.62116141160059,7.01801496832573,3.96357169956975,6.00430803533386
2.03844719626649,8.90353988543224,1.51752039020726,14.1036513129863,3.05080405125145,4.93206078126891,4.16585301401647,7.28328027234644
2.51135473232153,6.84918281499475,3.06856828235771,6.50934372601481,NA,NA,3.72933573485797,7.27301074089076
-4707.65274165556,4717.37522327107,2.84615255685984,7.30188339189658,3.57459224207464,6.21863431148279,3.9768080987574,6.09267938293946
2.59153543650038,4.90923021380688,2.84487835023375,6.83881894085358,2.8196859976916,6.20822547588407,4.24254759327974,6.70496451071843
2.55703428023572,5.40554515263876,2.71851424874049,5.10541295994656,3.94897536886671,7.6467183045784,3.67346443599054,5.46099362378962
1.97946509980024,9.1326026304313,2.72947509601642,7.0345917956946,3.40918220882869,5.95102154897512,4.23878343863672,6.6111294267538
1.11656588655763,9.31663483249457,2.91786192824534,8.42144127683469,3.22116070772043,5.31504367530614,4.33873286212643,7.45537983836564
1.37445203612979,7.01203815658372,2.71013659704819,7.2505514337279,3.59518537067772,6.77566392494753,3.56069985775251,5.70242188125772
-11660.4578686688,11669.835818454,2.85483269933133,6.55001724763879,3.22460624948282,7.94427147220154,4.02411596363159,5.83368698529929
-2.38345231201568,17.4748877790874,1.05335109647824,11.8260720977969,3.19060775820488,6.4704655875852,4.3732646405338,7.72124601128186
-15437.7979194859,15446.7404028403,2.84642985190965,7.13340817423975,3.40191277858614,6.75411688419696,3.76160909278526,6.59836707750581
2.37722669742622,5.50086506609176,1.71566740379393,9.83112368764569,3.24800861594293,5.92661291425459,4.03755794281689,6.08201812696647
NA,NA,1.48707878968485,8.20627855382317,3.45628595886623,5.67460851035421,4.4552264942621,7.60542780053891
1.90529380675444,9.53597070147528,2.67265615208336,7.22063146733129,3.6566348366297,10.447969079745,4.14849107686466,6.13573444224849
-0.594341392491283,15.2463533734515,2.8722252158518,6.97258317913318,2.95313093385888,5.21665794287296,4.73071199498134,8.77372284024453
0.67093137050428,15.09387352714,2.86186215071639,8.71546546525579,-1029.37363648551,1038.11182222694,4.34458781617887,7.59656630007397
-7.86099343302695,32.6693098881427,3.02533396515441,6.51602727829884,3.98965847106809,7.74932210018847,4.35149157649927,7.78791194467784
2.08754708696955,8.53340631003126,2.64039784600141,7.6167500702857,3.67262065710953,10.9784134190724,4.27494781130448,7.5047217115727
1.8717816014811,9.71146164652622,2.49323162751894,12.0663615970202,3.73952995459176,7.09821897839597,4.14866887423361,6.52537118975441
-3.44813357887064,21.4901623734901,0.832548485268365,17.2736151878476,3.44702928900882,5.82713903166066,4.36010499435384,6.77172825059424
1.80817629714837,8.98317862031925,3.02421498297397,6.81693138059424,-824.849559761454,832.912852893399,4.39607729930969,7.61813289276673
2.34572318085982,4.52614476166734,2.13718316062935,10.9922914956488,3.88965805358468,9.80706819023137,4.77300434831545,8.07420294428565
2.28211009786917,5.87111646367618,3.29751689388821,7.93913457041515,3.15338804167402,7.38154176233011,3.82550768383525,6.16998812027243
-506.379577684608,626.32197304581,2.87434513696698,11.3296286868013,3.69463985521409,6.28859384268117,3.72994721599184,5.52479855640647
1.99823999923745,8.63040720991012,2.3969809550424,10.5188255344819,3.74009422175774,6.16619634113641,4.42037688344692,8.32454994269805
-2.96605269704922,24.1755729511741,2.79841209045521,10.0255712017849,3.4357657680593,6.15740301366668,3.76151999561642,5.77299737363786
1.72060984193071,8.00443601164107,2.93284095142755,8.366762304467,3.69572757275399,11.1489949108937,3.5829114260605,4.88705774814714
-7.29362129553965,27.2937457095306,2.24715086715275,6.42576408743172,3.71405258541037,8.53233074686326,3.90616264329433,6.02240091013149
1.80969553583565,11.2263574529375,1.8811910693251,11.3633305604341,2.93791479322561,9.57657003294723,3.83232295544557,7.4761196673068
-2040.89513005919,2049.44482575474,1.93348955850729,9.29894991577556,3.65316468671836,11.4055991471623,3.78076040069729,5.54013650674614
-18.593406297965,49.8062493755823,2.51472508020144,8.50419993879551,3.76769343112145,8.99477331008335,4.38516913272369,7.64469890663807
-4.17492627605317,22.4319170468935,3.28712552881467,9.15066221745958,-4142.20234426049,4150.38632818087,4.20859585274378,7.84972619083079
-44.5008100383079,86.9752535883823,2.28436985787959,10.9038471411441,3.31243488534011,6.68307435125842,4.27231992640681,6.91441048793497
-15139.9758885467,15149.8125369865,3.34150776775086,9.82955855489404,3.08242095378854,13.3012396338145,4.48051292292306,7.96331504211555
0.212690236379743,11.9246790894361,-3.39889495414632,27.5722092535462,3.64601533147524,6.3918066912749,3.51923339748153,5.06022911297102
-1.74458722582302,20.8346103940016,2.47233089118238,10.3748870874544,3.64156180186541,9.94974263030205,3.56550966713337,5.20776816677158
-2.62073849005181,21.7437733244622,2.19991886920572,10.8895485320013,3.35758825437014,6.54289125796696,4.41496635086659,7.49790811688699
-1.62559918803183,18.6242328366179,2.12272793972606,6.61320473999081,3.73727278624543,9.36346868235282,4.02932520800593,6.17168945474766
NA,NA,NA,NA,3.61873771638407,6.84632909017018,4.30691994696541,7.23240276349286
-2.24306754125564,10.3916818138189,-3732.38106708308,3741.37520848461,3.67892132415393,6.52196043550817,4.15439466408158,6.47512805115362
2.60394419422965,7.15288771696854,3.44083126960372,9.06936344081829,3.81883740396934,7.1307564304924,3.80777815869774,5.87133955590202
1.09192557354164,11.4058977926059,3.21976938413585,6.78685538592092,3.15097660367872,5.9644153823411,3.99716567090084,6.4692990966643
1.9148706068101,10.5201568767211,3.14520276868121,8.13946091015634,3.81445882419152,7.15836247624391,4.30664329948577,7.16214097953539
0.93153567857795,12.8259665130314,3.16720828888131,5.36342130820514,3.18621357795026,6.98998876068164,3.99668824623486,6.18895262061548
-4453.20855301125,4463.08438768143,1.56295158980725,12.1714644069837,3.90222921941142,11.3871634378286,4.28378315202393,7.19470573103677
NA,NA,1.79746162945019,14.2663518081005,3.33823576753658,5.59579823510636,3.68647255720155,5.30697982160568
-7115.72197740916,7124.35175293259,2.5551478032655,5.76876171712857,3.64519898241796,7.11411942793944,4.21212820378105,6.90602735491449
-4.30540442606673,26.0284531113302,1.29025088110355,10.8501313641221,3.42106729890773,6.45196102476636,4.7468701893488,8.46662080172633
2.09305151513648,9.35604870230183,1.49958380675395,13.376296115993,3.24015141160459,12.0143457941781,4.49348440065211,7.86021641086351
-0.624896305123412,12.3145154126024,2.98469396762068,5.7664909701084,3.2573878643673,5.94777530379592,4.08439718446067,6.38217374909396
-1.2208213684122,16.6487143873774,3.16327585188587,8.22270109437504,3.97130076121583,8.40810578359988,4.45983096717848,8.05432637247239
-0.281166591815484,15.6077391127187,2.59994714085449,11.2674381569383,3.51059366291746,6.12537909592247,4.03322053830601,6.12900490025325
-2.81555997635282,22.1829978414117,2.75472770590613,5.08443474575112,4.0273215107777,7.67122979349949,4.53192977416437,9.00599298760307
1.93406095820534,8.9085593771493,-8307.11047061964,8316.75296197443,2.96474089238867,6.2915948040408,3.78401964774946,5.39317943235374
NA,NA,2.426485996551,6.28881584888955,4.25942784999369,11.0274025490904,4.0175566263896,6.34627648267861
1.22796140372732,13.6031491320906,2.86389333582204,7.26787125895432,3.3486621307127,6.30961888172775,3.68128958926171,5.39623483124353
-1.41260371132998,10.5467544859722,3.02421486332599,7.6182697554573,3.44826964745441,7.31003721270036,3.93447057000392,6.49321524925757
1.87398979493951,9.36995950671454,2.61861497888054,11.1491979354702,NA,NA,4.21392991501468,7.21491524175832
2.07166760086079,7.41471767683916,NA,NA,3.67257177016339,8.25379158085174,4.45551591994173,7.78644607915482
-5560.0061076881,5569.84955276565,1.18146819142353,15.2974597668062,3.92049806365519,8.33450705276252,3.80544594647307,5.32203946212068
-11.0030155575923,37.0608542821943,2.54437821795104,12.1458565716988,3.64214800525201,6.60859199994286,3.76260764822039,5.69033025363158
1.1561630206292,9.42086839794583,1.18991130287116,13.7398773428693,3.34551712109589,7.78282845874781,4.29769794393508,6.62263554475455
2.31757695136998,8.8336896795612,2.81607478827483,8.98738901058817,3.70344656997146,6.65852412337461,4.57216421814577,8.30722149646728
-3769.80973815988,3778.51327207744,2.56138816693756,12.3247932678639,3.49137012957037,13.8393369139715,4.4375559527901,8.20426310886111
1.67750279638526,8.24657340029672,1.3135392363719,13.9833695639002,-560.935558323138,569.456873934547,3.63522844492635,5.97001582171886
2.28043472139072,9.04004704235888,2.78759830668559,10.294911436019,-3040.67352883875,3049.65209498326,4.13512852018324,7.02267512086994
2.11833595277408,9.20270298545953,NA,NA,3.71130573263055,6.42389579559475,4.49903737356458,7.33135831403365
1.72585084565899,9.82456082691115,2.54980371585464,11.1998011167945,4.30564234398392,10.6634497879512,4.18040026547907,6.90900275919475
1.52801987542979,8.60276562632959,2.26016451289764,8.21027171232857,3.36217121483128,5.40707594788536,4.14329774812528,6.68733080618952
0.163092807377186,12.9905261654125,3.15127090377104,7.36724730169888,-2072.68693477648,2081.7900519236,4.07031580211563,6.2033579315043
-1.94226196691833,21.8214531780131,NA,NA,4.11896550445444,10.5202076913825,4.08694513107576,6.53887931668747
-24514.102963753,24525.4183225936,2.30498693233859,5.52599250515447,3.5636940063236,6.53227922615655,3.85119543115521,5.79126359030608
-2235.29018022838,2245.08603507669,-4172.54003191572,4181.41429052063,3.1508047943566,12.5195497136259,3.96500648347052,5.95884975370491
2.18913954520418,6.92293839282896,2.72540116458539,7.39545821652571,3.9156142762965,8.49142611082075,3.3738257948732,5.82193826904017
2.00182653262484,6.93647183537442,-2372.40979519043,2380.93795929273,3.74166955075423,6.34772035951199,4.56708253890483,8.36750915257378
1.83359847848154,10.8930886287694,2.87458989693281,7.52978017365893,3.72468712794668,7.93438336002633,3.80180097949794,5.93708425640144
2.57040113687225,5.81759181722092,2.22393181617665,11.4555657827642,3.32352495295767,5.21282890217801,3.23891213985479,5.88207151880785
-4.85594495896601,25.7753909646748,3.22630027333404,6.10446063769553,3.13108751964473,5.29644816536042,4.21927211447435,6.62475346373969
1.91040683283584,9.33123861710024,-1218.71160571531,1228.09998246807,3.5825783568128,6.0151907447725,3.85710432876283,5.72666184359673
1.08721482857934,8.64606128558037,2.56878156516988,10.5161290820894,3.35670663973645,5.29172950891677,4.07034640294533,7.03031570088218
-2.48472888233469,19.9040498367147,3.18130766533569,5.91395560559894,3.92626654822203,7.77391840011183,4.11795361719819,6.61089184838999
-16.687321633109,46.9404262843668,-7.36282566455108,37.1306199000925,3.681619076193,8.21899312264452,4.80438096405085,9.20591720108811
-7542.54608131399,7551.40570169913,2.64599276240243,11.4306210931925,3.49097552963538,6.13914743583127,4.05367168547002,6.68158887234985
NA,NA,2.58176799705912,7.89347761950466,3.59903134318154,8.59421409445903,3.58607342066018,5.85108372785909
1.87033569841257,9.62803854550646,2.97584946009763,6.71177815694233,-3469.07508226681,3477.95219072866,3.86550272039909,5.78949919503257
1.53474040252953,11.0135124373169,2.83969019748901,10.0559297562626,3.75421203502569,7.85976270448894,3.97663021103087,6.10705345279334
1.21263246903407,9.22183492358776,2.7378416750869,6.78509807028506,3.67964132845329,6.76310340238583,3.32094793995204,6.14875929877683
1.68522415040398,8.99174973072356,2.6634883958936,6.23902274054628,3.87391282890698,7.17414254034726,4.0915886212867,6.73958867476376
-17485.9198461086,17495.2037724137,NA,NA,3.59198764848169,8.86069515963092,3.5918077058863,5.84365230065422
-2.62825028749156,21.6829068420658,2.96412060307627,6.49330485244917,3.53138748997016,6.63847157604478,3.91565681610244,6.04949660142461
1.42389368297869,13.4796282598132,2.94263675870157,8.84679582158354,3.95194650602953,7.49699025516294,3.50702250079179,5.92896584209294
0.453821742298318,11.7884882848536,2.38370916532105,15.6556194264322,3.75326865000328,8.45500735276914,4.03330226559164,6.23742996368738
0.834941639899079,15.3179349223904,2.55628477262704,7.96790942314297,3.42265597672703,5.76301402347302,4.96159619418995,9.10933122575641
-3.6145014216036,20.8343489149528,-8109.42665402695,8117.14528226759,3.24673038714525,6.24342223657494,3.97450890385545,5.98995075249082
0.663860344180326,10.8748208449351,2.80650331880815,10.1131317501704,3.25380774717054,7.49155281589533,3.92391413177338,5.86299062992006
2.54296393844237,6.95975658406192,-0.885598477830346,22.3840779964322,3.26887371392288,5.54456145426174,3.71535260017587,5.56432725558602
2.49837713656649,7.60342328192809,1.62795172618914,11.7824054976634,4.13516828334869,12.9239840123637,3.97227659159441,6.34854238134712
1.33331942755521,11.4034270134499,-16.7247426358392,51.6421984438777,3.81428123496292,12.9054581374114,3.96008073959792,5.92344189821275
-2.23603356303268,19.8058369385151,-3485.37644117388,3494.77668765126,3.41852491774354,5.84446999533374,4.77544091440979,8.94473821938753
-1.58944249416444,17.5910957593967,2.77168289193683,5.91328059765224,3.52773848499719,7.46661921815987,3.93146341800976,5.56678989495285
2.5069300820175,6.69108708684619,2.69292181265988,11.2885051136109,4.02267763278402,7.69789902028521,4.4717621515789,7.49685153403425
2.09284568543734,10.9260357802583,3.20497871107107,9.48502014418332,3.81038847884125,9.79942078114558,4.40528919187457,7.20070717575145
1.69992422225632,9.09593744353867,3.12007956234594,6.77599707589559,3.46386668197479,8.97878678011961,4.26881174427414,7.00515070436888
-9121.07941886075,9129.88792297362,2.60623206087689,7.57280527120648,3.47901555256041,9.00334137609493,4.27496202660716,7.19893197306203
-2855.23573193157,2865.3025464285,0.64953323156776,16.9373881706461,3.42177937067647,15.8904526920383,4.33576776797978,7.23237140142873
2.41409883171896,9.55317421721814,2.77612248793311,8.68857802377355,3.69579913900615,6.28228530865791,4.18593113050053,7.67450887253604
-24.0635989927461,54.9268132968962,3.16865077383233,6.44934506972285,3.15325632669301,6.08933853741134,4.41918826051465,7.68702483414646
-2.86137544273949,25.987027242062,0.80243068936258,8.74938336494957,3.82999605311807,7.34172364841165,3.84198989429729,6.29327903659314
1.97334246632748,9.93516923714251,-0.0105305936091291,18.7997032780432,2.91978248635791,5.63143362893433,3.90687984096085,6.62298032049746
0.88273941317967,11.327454603042,NA,NA,3.29896025355825,7.08432696800478,4.32225952761327,6.83939192686979
2.12213213683478,10.1695602235259,2.672565124951,7.59526179131939,3.71533668234432,7.45317542483589,4.33469447422554,7.99793171685448
2.26606752817586,5.9736086276781,2.85736385133801,6.15006198455605,3.39199088933026,7.27185368836829,3.96652111143615,6.8824719850926
-5926.90937268899,5935.81058881393,2.10257872039212,10.5997388046548,NA,NA,4.21431372091336,6.41569820475127
1.03532426903863,10.3363119736745,2.58526123217563,9.66809250730993,3.8973123761838,11.1806933565268,4.08196764522414,6.51266151678873
2.1394062496629,8.1510057193969,2.6778672866652,8.73919441205756,3.91727709183226,8.96646104851659,4.14323003312542,7.14627751699496
-19.8098747229985,52.3130136360504,NA,NA,3.04528196995814,6.02770984614883,4.3554954618606,7.71141006386994
1.75119282738741,11.9633902364695,3.01519083251682,6.66905058656856,3.57218567574528,8.09686000783532,3.64182901512876,5.99738316684953
-2.67564788022577,22.2220064382949,-0.705518720051852,9.82329319431132,3.69244113856265,7.35626378104455,3.61200070073205,5.37297030692315
-6738.54974636464,6747.57843210693,2.98949718939496,9.32973274554318,3.31472008172518,5.47754365182531,3.90838016415744,5.71869151328526
1.70926142768466,7.81251959616818,-2037.69980827172,2046.42074456943,3.8326700859635,7.75553285106634,3.86639644061322,6.21532496546638
2.40863063726303,6.43656982788357,3.09308276658985,7.09409665738548,4.1088923986178,8.42913240380483,3.76225448937472,6.09759038342377
NA,NA,2.70919038394144,5.54331034981787,3.67571650886962,7.48697348325536,4.62016855723617,8.12267710610151
-26.8478537362215,62.1415729308511,3.16056547032138,6.77612822654522,3.39596577503886,5.93084725596641,4.81819597725382,9.65830388595293
NA,NA,2.93395736594517,5.16384924929519,3.36882107333854,7.8251156092214,4.5926039517022,9.45339995357991
NA,NA,2.87740668388615,4.99098315117335,3.16256113268076,8.17179511178009,3.65804294973335,5.55549193893588
-4.95303107548813,18.9110906132881,-1469.26420235717,1477.88949872744,3.56806082477871,8.30252677373732,3.79010606522469,5.94875838282256
-22920.8210548266,22936.5793187537,2.6258316716437,10.6452339618446,3.5363085114724,10.2220865202159,4.51768398189033,7.78603388368687
NA,NA,3.00435421905363,5.82692266963745,3.50475694710113,7.06651201375235,4.06274961318817,6.51841372064485
1.74650172694144,9.8544091165127,2.83364783055718,5.7572023049648,3.76102484437142,8.28152655306581,4.25624385158553,6.66567467394164
-63.2108374226713,113.473490170137,-6190.3597688185,6198.7551941544,3.67272675760806,6.6578629668066,4.65604902909462,8.4729117819166
NA,NA,2.44959399010188,8.36041036738589,3.53759891832798,9.0087081890027,3.90325929167683,6.81333861118232
2.22583006634172,11.4105197788202,2.67072159657433,13.0989975362867,2.51679426704511,6.18449672798094,4.11708424345849,6.40786431439397
0.0814161893183094,13.8601472823178,2.8994521289377,9.05168933596011,3.49706828156158,6.02060318570504,4.66693153498633,8.35557738963148
NA,NA,3.00127241572896,9.29450078814488,3.42811770670149,6.78669228182055,4.4180155953013,7.67254757454716
-4585.6827336679,4596.48267353951,1.11649848005115,15.9372984724241,3.60889729433286,10.754526228668,4.33371058662415,7.32792890576975
0.773479829772819,13.1277135242355,3.178021385346,5.99286310020829,3.71523703667111,7.15365588590489,3.92567949414129,5.9934468273877
NA,NA,2.65813998919768,5.08351530201722,3.69634183185433,7.2772051134804,3.93354723599247,6.02104915285331
-2.12296124262263,22.6622960068497,2.88507030486049,7.74853546457767,3.71343937517134,8.82302223915243,4.48530637493484,8.04629300384827
1.99337738836279,7.21801188938547,NA,NA,3.43282513748838,7.0715668004396,4.60972003785303,8.26803832921451
2.17906343939609,7.49366702420656,2.79059752857111,9.46808286826428,3.84927202542275,10.1257220539336,4.21509610209694,7.44143702022084
2.33979396730086,8.8612654374765,3.16486992344437,8.82769179597425,3.57317693485667,8.12856673412678,4.03915746167239,6.31785465175176
0.406685996272986,12.8843816536092,1.7580376603478,11.228756711236,3.63535523851798,7.99085847809881,4.24282474732053,6.61499943183575
2.56932460376691,6.92881795040561,-5119.18858037491,5129.14077942414,4.07652859690173,8.6925820260283,4.23623653768196,6.61370601366144
2.1918699243945,8.33517680417606,3.13102744131753,9.86656419992321,3.60057199910668,6.98075669996484,4.11143241868118,6.68933333054027
NA,NA,2.83798057144679,4.67881609376619,3.44382725550294,6.35567153116124,3.93009479992228,6.03954480899483
2.75818653855624,7.67845975065586,2.57237763215806,5.4214207683321,3.67889947419353,6.13976468552557,4.62097028902036,7.6875615014294
-55.8541627391752,98.886935635821,-9.48628573067994,40.0726311013207,3.63271858501087,6.42625609781689,4.08291936226472,7.21007558746314
2.27868728157342,8.1797910705262,-1932.89550113193,1942.19336669847,4.34472010100613,8.50399200494526,3.94190145303854,5.8993915951738
0.918517039583659,10.0471829320333,3.19745455352824,8.60598154035411,3.29197840740298,5.5397508537214,4.17450819316668,7.01871665002531
1.92037207827678,7.90157973496195,2.97448759820917,9.40957430440614,3.61078552854765,7.00937473964918,4.57560246294615,8.5114768951541
2.18101029610533,6.34945730172277,2.85602773477803,10.1896825973373,3.56713826647144,6.47979483795919,4.0334505806931,6.51435676162536
-4.41896450235103,21.9715191777211,NA,NA,2.91120369649577,6.06545885996892,3.85069658696197,6.22036080369485
NA,NA,2.843973887937,9.13947479172473,3.50026182122502,6.28777756065173,4.28343644834189,6.83093165680971
2.05785653131864,8.09465697356571,2.64860429384043,7.94661254436138,3.43324885064397,7.14880965598891,4.04185360391831,6.85438208293177
1.89745508210552,11.4957126326511,3.08494678317724,8.72107654167625,3.80393025443569,7.37298590215726,4.43029708597613,8.30433389247004
2.43408603220387,6.06115721799714,3.17133065616055,7.95671194143979,3.93795684929333,9.78505686369347,3.08161210144486,5.23579549938819
-0.80553871691629,17.931511164791,3.0781039287636,6.84772925616341,3.49260629923927,6.62761889332986,3.85269144627624,5.97221295321921
-8162.68502110356,8170.52180912115,NA,NA,3.52499266886891,6.08419171890368,4.26390014803907,7.93152048905331
2.02815059186729,7.48574263800183,2.85098696893308,8.02627291873646,2.99639474286236,7.32096128853465,3.78254318469141,5.58540780699774
-7055.9746164192,7065.29624637288,2.73757768948245,7.46362311723337,3.5642575726803,9.23904221074728,4.15398942087524,7.36183955284869
-0.0695543775899861,15.2612769710826,2.80790642074804,9.10663823842561,3.6813888943902,7.89274327518889,4.10433134268255,7.41901459959881
-1.71066916743669,16.0500128729487,NA,NA,3.38264353888685,6.92489033736732,3.73995029966129,5.55858307503002
-0.607899239562048,10.9150392198632,2.60703813346321,9.55432758573953,3.79795171116539,8.79826968325294,4.56506533837676,8.98202009740424
2.30642536919397,6.80311917548724,-0.635296796907932,25.2815215929004,3.45324764610579,7.86072304531088,4.31021586511976,7.33499071673279
-1.93749836652252,13.493844554655,2.87601011324177,11.4739270702011,3.87720825259855,8.26204735715241,3.98545780915738,6.26244327285277
0.703196812695524,14.0165713358856,3.22424634791324,8.71859481457895,3.23028428489935,7.32803367038141,3.89959280360452,7.15886810378448
-0.37267062787199,11.6473616599159,2.91449786555391,6.51024888531863,3.3872567226256,5.45224643139919,4.02632907456014,6.88102173598872
1.10450482391221,12.9423622070528,-1920.50753204004,1928.81587831961,3.57301785977017,6.55897982545593,4.300780763003,6.85088221460022
0.0275433056820784,10.2892406356665,2.39517140059142,7.62415999164514,3.80187003282676,8.73596468626018,3.74744589627214,5.24107704278948
-0.419565175578661,16.7790394241697,3.16552200657341,7.14069031586423,2.75309668525985,7.54312192096217,4.20335408178158,7.15140307132263
1.38609099432803,9.90031299768464,2.8955657908852,8.31826883212191,3.87926363208646,7.78649611393391,4.18479911933314,8.55459191329794
2.70035826684844,5.88088380282735,3.04384030199409,5.88014666042334,3.46624650096213,5.86788272032521,3.95044572672783,6.33162931677817
-7.08207642921178,28.3933666385352,1.00228522241975,12.3956139009722,3.54751475570977,5.76396128889928,3.93669780322579,6.0123917490592
-5.09868705719247,24.329419290874,3.09390184587411,8.01585053966181,3.69460576971619,7.39198227709275,3.81844578995559,5.84747874675464
1.39631958914327,10.9943404395644,2.9810397733395,5.33183888820516,3.65760770228556,8.83106769974642,3.85369468470327,5.75650054328044
NA,NA,2.39530215055102,7.59861784731479,2.71803122445649,7.12055570433413,4.16872239244655,6.75919915569798
2.49285009260132,6.46177459019294,1.61320003094735,12.3150228820358,2.90029732517657,5.744799836838,3.62243090840659,5.77171557411201
NA,NA,3.13336940677211,6.85765391804487,3.24676421726738,5.04731645409693,3.95790557659943,5.86123808214152
1.20891546847133,12.2433322190219,1.9956688810631,9.36267282365767,3.56410204892197,8.85577817794849,4.00926777636144,6.45792656735063
-3528.49724345134,3536.66570909256,3.18676009468266,7.81140442716679,3.64311101639434,6.3534248456264,4.34727568913013,6.94617251454217
-15940.271432978,15952.0487737536,3.08099670566594,7.66579734308312,-7446.74055069363,7455.70099887674,3.61333723369874,5.75951023131234
-2209.30870552765,2216.58914549715,2.47920540474958,6.1423000051093,3.26449659282626,12.9810131678789,4.52315801378908,7.75664676212352
2.46523269023559,8.26443536547573,1.97352515882389,8.06760972574956,3.88649882223897,8.39798147084791,4.08262788498147,6.87002710848349
NA,NA,3.44733047312069,10.2142750081983,4.07676125725838,12.0530596110781,3.89359170311458,5.6860106931643
1.63083218616509,11.9257133599363,2.91987123509802,6.85297521276758,3.65754583259603,5.7695492960216,4.04310699508017,6.39413207913993
1.71454905107335,7.50945991674891,2.47747620121097,12.5604017337266,3.35394268114847,5.8950542417873,3.63273370132685,5.10312073806683
1.53783013152429,7.64111856654527,3.00418280991028,5.91630751057715,3.37387171957622,6.52586914497423,3.9983866633621,6.21253849513099
2.59005710826276,7.32819738128862,2.05172862139485,13.1749129011692,3.5923962545354,7.59068169288736,3.82344314529884,5.84029399525572
1.37123781127778,7.98819008994292,2.07339374013289,7.66306256032519,3.37960515571983,6.26278296435721,4.04744777331961,6.21539092351139
2.83073690189549,7.58568979384082,1.76887639083991,15.2533203531714,2.59530124407415,7.47533594944202,4.57139718227638,7.13117713419393
2.3061643466225,8.24608903396463,2.84669163972411,6.26676121995095,3.3708026257291,7.33740495931627,4.22290090654395,7.04639429062047
-203.73827607763,289.454454747331,3.04867604728789,7.32380384049392,3.64353391499255,6.74331514348596,4.49332744563281,7.83649899738063
-6.46332828120693,27.2537186223952,2.62967045173038,7.59291247480388,3.24274404917001,6.28743687245387,4.15027058272095,7.49690362907196
1.38112840756685,10.2028167274207,2.75708793333843,7.62129831357352,3.35794341794409,5.90096362580947,4.07354684111398,6.30843413874721
1.94230869169948,10.0863830254053,2.14723251243041,11.6693287638497,3.73484267209626,6.49713001044711,4.370551855404,7.48361749446765
-0.262410592055128,16.0924352312886,2.54836892627432,6.08119976121175,3.48206092732645,6.48365570422288,3.75531456930835,5.58558025215535
2.52770709996518,6.32177180147518,2.91073821917748,5.7693155329002,3.48152256554748,5.41381634802841,4.38186215457661,7.20660980052859
2.30306525053223,9.64781530934396,2.76150736595455,8.36677336184526,3.67174870650362,6.84785591433293,4.06009101712259,6.89308908770328
1.92807182993283,8.19346774731942,2.65424301728037,6.54921140219424,3.32957013957851,8.37109807580668,3.797662054729,5.92885419166312
2.39982771128641,6.98223095496901,2.83844371876509,8.31758465962166,3.35143859448519,6.03180428080654,4.31976300712011,6.86103957706337
-2.74874928787745,19.0039924263952,3.29810316082479,8.51563407110489,3.80759049692545,8.52250136044132,4.17678057277174,6.70735286269267
0.976519857006631,9.54923422152155,1.51145052733269,13.8635273920309,3.11166989835997,5.96722397102226,3.98886255579904,6.10014363899861
2.20863363755834,6.39735267634423,2.33129617610253,11.3349327373145,3.89053873888348,7.76770533276775,4.03218813674088,6.9730083527824
-1.91565672157619,14.0977740126891,3.05285344691183,9.31794396727813,3.45825785138327,6.83180770242398,4.41247236868725,7.06570990394863
1.50704726677495,11.4076432672036,3.00970799588322,10.2351714092369,3.37912982560967,5.33623374857256,4.24393586956259,7.05690280841681
2.45233050187072,5.7929898892424,-928.669000532498,938.268686590671,4.15008501438139,9.61777043054312,3.89120587707004,5.93301577686075
-0.0965320892014701,15.7090837959511,2.41901097589029,8.2197940978919,3.42338159590934,6.97963318968683,4.38655643983975,7.390214596261
-7981.33909868942,7989.73594661048,2.84286662505655,6.42945771626581,2.24828248470865,18.3635693420469,3.82990246163124,5.72246882165585
0.922777650146407,12.8082758454039,2.80385918184263,10.8785753953875,3.05973107092987,8.2162203045033,3.81815797516888,5.78915779782729
-0.633426017084703,15.7719474626998,1.88047235668773,14.4008172844487,3.46079186796557,6.27489263978216,3.42092480717835,5.84354142860792
-5465.87566254483,5475.24214224455,1.6162585503034,14.4270268620179,3.63906932578354,7.81291453682553,4.27318206314057,6.99354261481642
-1335.08287052098,1343.55599763305,2.43593259201623,10.3402477114607,3.90598318117276,8.456088932054,3.91680891555786,6.32828669925289
NA,NA,3.00133030865025,6.92321933246475,3.77501064115123,8.46690454734332,3.69276527432619,6.48856261546651
2.33559255821417,5.31951539439159,-2105.63755594072,2113.07998415172,3.67588155019087,6.89371849737586,3.97631028060327,6.08932313350762
2.67862734440296,6.15891860855663,-3.11390448781269,29.586638051144,3.93319488825503,8.2184522095464,3.99438976098392,5.72924505700485
1.90301246717177,10.0190218466448,2.90107083912342,5.00107626192387,3.39997176074566,7.78855550794152,3.66835461073918,5.85951905111348
0.0786958348402411,15.8428536472125,2.66652928305888,6.25909762249116,3.38066382535927,5.52271118456275,4.25016810833539,7.21865922712692
-1203.41486835868,1212.2467238902,2.11149935322071,11.6878125330647,3.7091860567073,8.07149876810926,3.62679474177982,5.60874358654896
1.09557616007301,11.8999875115832,2.95181824806401,5.15500187628601,4.00611872984812,9.0803166193952,4.07431515375656,6.33680769902387
-1804.93611534264,1812.8878037653,3.0916931638718,5.48566308586402,3.40647911032734,6.93649732068917,4.41791354048478,7.33209910753908
1.96516868630647,8.41104732279713,3.0263965716543,5.73214724850729,3.43006040811939,5.59407367253683,3.51631701418795,4.87544453778266
NA,NA,3.04870403529088,5.65807791397579,3.39309345042715,6.78831473515635,4.01648268367411,6.25929107713219
0.722922345606424,10.9004639392662,2.85309468146848,7.22391406383425,3.36467705600343,7.07280019573278,3.91906674158222,6.58349262761796
2.14987038999061,7.64471684736173,2.61556377807525,8.69778069965013,3.63700870658613,9.01594012312839,3.86695367091483,5.72894517787956
-2804.85733585819,2814.26162785962,-4011.22358589576,4020.76986823213,3.49404995763232,8.4525453437562,4.07763855491361,6.45030223397912
2.30722476973219,7.52164103825052,2.59948033856455,10.3388554990139,3.14472134712097,5.43178935671345,3.42613359127922,5.48610931349334
1.34369462426744,11.4209947176867,3.14177535295435,6.1051125722066,3.69887212949194,6.77693960175068,3.59370621459753,5.60005512446532
2.23347474656876,7.60475257476058,2.29439707662044,7.99236788860684,3.99071391644476,10.549743445036,4.65206216132069,8.67497865966847
-1379.72432572307,1388.99737371389,2.64914054654291,12.6835386960688,3.29728186540988,7.87253196426288,4.85415618544335,9.459653223695
2.06465564317165,7.47595513841458,-1044.02764161108,1052.3039443545,3.44717963486803,6.11920750791226,3.95198816649331,6.00757676132182
-2955.24120207376,2962.88950596709,0.914535487636701,9.49301609370365,3.87988825579339,7.22252695955419,4.9640141876918,9.30930388617549
NA,NA,3.15578403733615,9.93408391816065,3.18819149772599,12.4962724611556,4.55694524500804,9.3647614356843
-0.854608518151714,15.6087307983266,2.24964300998184,7.01386841813829,2.97199042921781,6.7722876706497,4.23406292440192,7.06052065543886
-8445.11782085878,8453.620276104,2.79360396104068,10.5294730148081,3.84850654653832,11.9979759175633,4.95036983478711,9.5214073689159
-0.1139700662916,14.6339882374738,2.92687552017718,8.36457724253579,3.46797026851791,7.02862046355856,3.76518392842939,5.42164719278557
0.578938347226392,16.2697380462328,2.72684854766306,7.19308794403994,3.44052759235371,6.7139527635281,4.03554460051239,6.42722344584209
2.45881385421374,6.98919567766642,1.58956848075616,10.9373918396304,3.82808720051432,8.92316031976251,3.8098343440709,6.18434921647835
1.45387033628283,11.4784119593974,2.57013377750589,6.47281639255935,3.67129033607316,7.39489390357868,3.56845141899785,5.80473295719496
1.85449604267973,10.6769084114021,-3043.93893782107,3052.59729160315,-2458.8819530881,2467.69226760842,4.05925942467491,6.59638733243081
1.8883842744532,8.84455684043044,-107.827406742402,180.70970100557,3.28045488391545,5.91557819421662,3.96324140640001,5.97634198215311
-0.340578637869974,14.736201427796,3.23059115748942,7.64023163031599,4.14191631838359,8.48455160630474,4.07976074591033,6.40202768810583
NA,NA,3.21371691669923,8.07326420692824,3.79996471866736,7.55194150427356,3.85467797885441,6.4485830391886
-1.27485970057697,19.4455729877956,2.48807063272835,8.58810832437891,NA,NA,3.62747330857383,6.64561035717125
NA,NA,2.88755055357185,6.16671204595435,NA,NA,3.91343676813452,5.881846759738
-7856.98159202142,7865.47169084988,2.34714109061187,8.38284298318638,3.38853764426386,5.43345543764344,4.02775744954774,6.19019064518045
1.61126898496967,7.30488396042536,0.484901516629567,11.6939482319052,3.56253198082794,8.68921313462025,3.58342443449979,6.17896762449329
NA,NA,2.77118617283695,7.55790299483641,3.69862968321434,7.61991148160654,3.6203301511999,5.22927600385005
-2.10391579377183,22.7167374238096,-1600.09586276047,1608.05216503293,4.00638485408691,8.50352214923373,3.9009385270484,5.99163616130139
1.03282625445095,8.62858771005463,-2.56247849507213,27.0518032371621,3.72980099824034,6.94118877415876,4.24301414468987,6.9961081774396
-4.65459350154023,24.7037340745386,3.05050716997524,11.0706962829845,3.64572088353182,10.4847857390916,3.75457394418579,5.86644495153731
-3.82181981734348,19.8357697795075,-2246.1304577612,2254.72213874133,3.31765198946074,6.92197434360147,4.43371786825138,8.10667952182416
-0.634800148300852,14.077842322352,2.84200258149388,7.84775366975505,3.13764994920662,5.52067509826561,3.98300110899157,6.90738670282765
1.47200636065763,10.0232688889167,-5452.08091517313,5459.8717470585,3.67868854836709,9.68573729241988,3.88286323280445,6.14509447505724
0.882547237163679,10.2236060719584,2.86916524790807,9.749373034384,3.42516128041848,6.51702781347413,-823.850617281204,832.430631504917
2.13182381670118,7.12051398141051,2.47865348315328,7.09120255792345,4.13348158824182,11.7383194107398,4.11387911259925,7.10194425078512
-6964.80456340498,6973.071963571,2.84947273328981,8.60456419938612,3.30080989195244,6.32472314496992,4.17812052495142,6.73332696592224
1.10229534261859,14.117826488959,3.05203164213592,5.94829888640349,3.84169276914691,7.25663800045872,4.06949564707057,6.25723513998561
1.877568234579,10.1323802935059,3.01353978842327,7.88276509533584,3.98343584904275,10.2943731783856,3.81063660192223,6.10320773119162
2.45677015462065,7.23442811872544,2.90508148919156,8.8318869561527,3.43287449991587,8.17213833749484,4.07877322800609,7.46825289088328
1.43157429928006,10.8782809535696,2.97187223655173,8.29076350696375,2.8024779028953,8.27760426417928,4.08920007741905,6.34392291385186
-0.286486643674516,15.6773197728691,2.48028384809975,10.4146372133714,NA,NA,3.57953520932064,5.49262775702646
-5212.74305363584,5220.18278003359,2.94672115269829,6.0540045733961,3.59023481850782,6.56335365187474,4.26677209172532,6.85282617450646
-3.76489102226925,24.5479190315233,1.90036277784108,7.38767135092547,3.51286058845836,6.34929236368029,3.92843232176439,6.66957874766946
-4.66264770767023,25.9082140670241,2.51342532797071,8.38393897951187,3.29899864896863,5.36929959684343,4.35319066837396,7.07308560958887
-18.3898940641693,47.7249768441087,2.17000518672598,10.4132050756192,2.82660421478783,8.90256480610073,3.81522760313212,5.50407464485864
-13.1252179235274,37.5628751858915,3.06920520777696,5.24664886084549,3.42896368102715,7.37719394331519,4.27326120367076,9.36546550206344
0.407374986209449,14.2078130286748,-2.55314680129463,11.9587368572083,3.96147737058619,7.09672593907067,3.88462233726287,5.58053653626846
1.89708026434196,9.57423542237806,2.00930035150024,10.1592989705212,3.27391210366885,8.0709601344605,4.29621787873404,6.81783157596355
1.54313967802112,11.2649266777696,2.35936517695647,9.46155017381818,3.67653608028648,6.63052671963702,4.01036127291992,6.25704682743046
2.12388227796391,7.83694200061293,-2018.4795235656,2027.53003948385,3.37908908335597,5.93569276062792,3.67987097704248,5.78957811886654
2.44016467047585,6.64944851221588,3.00948313530162,6.25330553426299,3.8350063085923,7.77535849300986,4.15850583826503,6.73959126563336
-3.78587217659052,24.60538660961,2.19338938785363,11.4119876990575,3.43830496416619,8.73403072615448,4.33239879306267,8.24267435092201
2.14162563057802,8.83182977236441,3.32634607784675,7.09321439917125,3.87979537708048,8.19370507414157,3.87066154044453,6.45872477163271
NA,NA,3.19268491220242,7.93760926472583,3.8680411550613,12.3254792153652,4.65606755835776,8.61872102380852
1.99325134719672,9.53835775589749,2.93537931985534,9.93643221834901,3.68716305705912,8.1508641701868,3.99568092927281,6.41310365075398
2.47419464578916,7.28627077768972,2.85591760194164,6.60387898073395,-3006.26819113566,3015.45521912577,3.83468628457454,5.86477984220089
1.86501821242958,10.4729173332414,2.74961394960477,7.60927109443384,3.6437907794623,7.03525408290571,4.11259211403953,6.44738336114337
-0.0572806545682703,10.651330883868,3.10968925932326,6.50309313122576,3.80603212353534,6.81252825014203,3.90501514928509,6.19088303615916
-15688.4921227462,15697.8960864285,-4317.52946713119,4326.75489105864,3.60942754713226,8.02836078184622,4.19411557962261,6.2616194733435
2.28781315508672,6.96745889592227,2.48752779908432,9.59748413718203,-2226.22232237213,2235.49394525233,4.27979948188294,7.40814389164332
1.58193062205997,10.1539046890941,2.88685357310439,6.88618007329799,3.58744046601945,7.6451086936016,2.70484972852342,5.60436288407905
2.52787835470997,6.21909641919875,1.52556827159406,12.6308122759169,3.65385664491222,6.80859347702628,3.63563365432511,5.60205204886912
2.12598985575233,7.25106242132755,2.65282304773142,10.7872652101291,3.27720096772756,7.66922691057645,4.46339278413969,7.97832584579356
NA,NA,2.91178205240602,12.4263807576445,3.04425309534445,6.79222158923115,4.18419810705995,6.64415940572361
-0.121588983000891,11.3926923953769,2.71578644984283,5.11347122240919,3.46894773332316,8.95107794175227,4.07497964583828,6.28218774064942
2.48085985573633,5.78725170021216,-2381.28424664949,2390.47430863828,3.22944732206378,5.94813255599708,4.46027824734369,7.83838302241118
2.4431654829905,6.37967589826739,2.42216172314782,8.78048286141811,3.43009694751529,5.86316332839879,4.20053736422619,6.74472708143708
0.481045481968589,10.8169989229842,2.88659467153383,9.71002123370636,3.52214332683346,7.0003968324852,4.10414883191863,6.47653606566806
-1632.89437239279,1640.75725316911,3.28161072561605,6.14857114744233,3.70167657117868,9.28758709622205,3.93179637234937,6.70670580136711
-1863.00422020149,1871.26876804668,0.995312338394474,15.2027622727374,3.63648866319922,6.16218910437533,3.77480704873622,5.37000306097843
NA,NA,-12459.4469536559,12468.5078160559,3.69253826265129,6.84616981773431,3.79597984444883,5.54314346133585
NA,NA,2.36848936148351,5.93937878303199,3.78472688499144,12.3831355785304,3.82797531863078,6.33920359660932
-0.908238358274977,12.4746316936069,2.12157399355734,13.9171397893607,-3094.64987113843,3103.54823447738,4.74137028176819,9.45458819534461
-56.8317559690648,100.526074880345,2.97949069821874,6.80563619371007,3.65292852848715,7.05410237231824,4.46654364041677,7.68833995610284
-0.192424676179222,13.356351532113,3.30702735905337,8.59613837252455,3.81748189624453,11.0518911638252,NA,NA
2.00068081145573,10.6771409485285,3.27480943310657,9.88018718420426,3.60305538742466,6.18703072109702,4.44930340188275,8.40626666782575
-3.54716568904158,22.0735734772104,2.30863238659296,12.886844306795,3.31245230805609,6.42557801474357,4.34295913057561,7.54799380930877
1.76730596829691,8.18478166170884,3.20897513863804,5.87541979604931,4.21079743751576,11.4462379995738,4.15964428486807,7.02963465098013
NA,NA,2.81802979125147,8.92512715085479,3.51535956368249,6.05222070955504,3.68781090316273,5.95683669134245
-0.214305568722042,10.4049334850589,3.12078960670769,7.77784505498089,3.49382255776975,6.64879536493937,4.07963043930618,6.47789730603635
2.63723604537823,7.4538200890801,3.22869105232039,8.15564199983808,3.81084529904669,9.50568022517886,3.96286325989883,6.36545263992632
2.60381942371077,7.35391422583155,1.03639314120002,15.342637859658,3.7638907012348,7.29138746746834,4.00811999539985,6.4966560067903
2.46504571264125,7.8425712789559,2.96511481047001,5.62218979398058,2.9277400227477,8.7025555993166,3.92285722179177,6.16628373827846
NA,NA,2.26184288051553,10.4122924005403,3.79120163839821,7.08958015709363,4.18941802251238,6.20479481248343
1.52060296787189,7.90821772687673,2.78615222582864,6.33204214358923,3.45957338162019,7.53623915316813,4.3992158480793,7.52103543551935
-4.29104512680508,20.5529577701541,-1.55083928466478,12.4923571102448,3.68567581418251,6.58021827271187,3.98111524995474,6.49620534692077
2.49866963121829,6.27382765924025,-3615.64934650862,3625.38619793372,3.16043314592008,5.92301423217417,4.55973201126973,9.09235945085708
-0.430279368273663,14.6759060463334,-626.358225060049,634.029944298804,3.6522297113819,7.95764417935083,3.07752443663231,5.97011312232801
1.88547565908807,8.90118148938191,NA,NA,3.75116909123395,6.86391660595939,3.50215766124,5.5129040508796
0.99002403493121,12.6929065499,2.39563931964124,12.9902282387981,3.2697281431159,5.37418213188076,3.71750042042589,5.51437266068268
2.14119184669605,6.53848213086681,3.2671053522063,5.74956218477017,3.36378817208411,5.42121148571381,4.43738616833231,7.43634885303757
2.35871684555357,7.13902581767491,2.09789023615137,7.48685808471626,2.77556778556925,6.06637895615657,4.13972045324055,7.64409973567395
-2088.96925822897,2098.21378042152,1.7125490785045,7.4776899241253,3.73722455126547,6.86844590820906,4.22239269771059,6.92581280068963
2.35675743466724,11.6866688985184,2.83488162482973,6.12537468297008,3.37079678986535,6.8563160740441,3.86435920710873,6.12412465594109
0.920205821720209,11.3943296224424,2.80864741076402,7.15915733447746,3.59609085333193,10.1962008852863,4.05436831417934,6.1445568773685
-2.42372056439189,22.9057244494548,2.54849141597625,6.7568529111096,3.95581074204054,8.28934682241059,4.32133443126293,6.68707839332309
1.47653610500386,8.92830985098294,2.62306768006573,4.98965475137222,3.63557483449432,7.64309501594147,4.18477603821203,6.89522649662983
-23783.8277931063,23797.0978890665,2.86191727114428,7.12411310088268,3.68396242966731,7.96067712372186,4.4212039820162,8.08991526515158
-3.10590071812514,15.5806564095349,2.3082352172182,6.54973718475745,3.68416094538667,7.26359952340194,3.93512960084089,6.13890419939926
-5907.06301541217,5916.05816148741,2.68133433153783,10.6303754134378,3.55603215354991,7.15326640300133,4.15162676630201,7.27990405681131
-3.79974405351459,25.2065118491175,2.51017409757356,10.9429213923686,3.37543532849991,6.14575569893083,3.76449623005839,5.60336219738049
1.7117814948816,8.86074154148529,2.76521753478392,6.16723464840244,3.26867741219073,5.29105470420119,3.77082180884133,6.06915131892455
1.4018992586144,10.5407773323524,2.9699585406612,6.3312945280941,3.14653023687183,5.68427679541837,4.60115654646983,8.33803628371636
-11363.6115806904,11372.8936196451,NA,NA,-1606.80358764402,1616.55737073496,4.33844258703558,8.41357383123341
NA,NA,2.50888265239389,6.10784837767527,3.7506324894349,8.34951960024505,4.02365668090648,6.4995511286346
-7.40914453691581,30.9201730073846,2.46665325622219,8.74839207651072,3.37764499460521,6.16404653985486,4.11307825825473,6.74642488046691
-10.6713339871793,36.0622722344198,-5335.96526190374,5346.16154533383,3.70584094807464,9.69105119690664,4.11657738989583,6.8547039557073
-4.72316503645234,19.2814128714409,2.73772559942638,8.66077186822779,3.82912713622104,8.66924208081907,4.22314942821267,7.20960935877129
NA,NA,1.90281227092462,8.35703427059757,3.64172732163122,7.67434615108252,4.70878199319074,8.55880050981242
2.73352162275079,6.24027753423375,2.93702492624461,7.49811811566726,3.51239925242957,7.40297309033297,4.19933504558319,6.91143500603535
-2.72160953060939,20.6822790077474,1.48139234319389,10.1267519627372,3.84430516916656,9.12750300077056,4.25593745631331,6.39249948283462
1.89233519594093,10.5396315473837,3.30156473787554,8.04785856702095,3.54754836934464,6.22008107144901,4.24697162289471,6.88411115570695
2.61054590404467,4.96670020323621,2.79747741151789,9.37893406955683,3.47992976772199,7.68342063134073,4.09362188262423,6.33924175826061
-0.32304358588765,16.3851184694347,NA,NA,3.37469322193255,5.82364280525508,4.48866014576599,7.27015891631092
-1157.07847760904,1165.22105542855,3.21403273412058,7.82328625191472,3.26570317283071,4.9200574572342,NA,NA
0.553410706384452,14.0846026923801,-5794.62780189397,5805.52081812118,3.58323061458943,6.82286118078778,3.80665642928146,6.37357093203373
0.567824243866695,13.3231429947754,2.47139972318905,10.5002784437634,3.58995589274884,7.67358711378813,3.33908169681163,6.49314946068215
1.92518611371616,6.72666087169923,3.02710612893377,5.81585897322364,3.09006453953622,6.05990893286687,4.78795939018373,9.609424510606
1.3438512243138,12.6641034832326,-1637.57512078735,1646.8451074335,3.51257779548025,6.62133711938047,4.08711827648815,6.48235544218971
-3.61416525367564,24.4106760388262,2.8507127519328,7.39804084163637,3.42474627235354,6.40910802403778,4.03483616506512,6.33539856480746
2.43368566179669,6.70128316096601,1.70491911225554,12.4411746050959,-1363.33704661141,1371.80067927303,4.40926475519796,7.84075766695334
2.74377005676137,6.43523762737624,3.10805790393844,6.86255297374803,4.07345252564064,8.67376903338663,4.40471369554889,7.49154011232573
-7244.21165446373,7253.78650975839,3.15105365924289,7.42040190896267,3.66183601823172,8.63884860206893,4.06331284300611,6.91908841330917
0.193556808542015,16.835619329562,2.49525641295514,7.69442413068156,3.50416443379968,9.01338940661834,4.09008407053047,6.1891659766665
-5.40688448691494,20.647269309867,2.90769636977047,7.70171840248441,3.900753941906,7.70629144188763,4.2300785133713,6.82809568621219
-1.1438422904145,15.5475480822931,2.87539101906567,8.69099652862547,3.26211919937787,6.9022207738845,3.80419329970418,5.60855060284731
-0.470548927300319,15.6877502529643,2.28398196204627,13.4321317615954,3.75370764358385,6.29247831694172,4.30634513936653,7.03784720717299
-1468.3574347849,1475.70676639521,3.21964555975804,8.27007940013927,3.31248221698246,6.88233119866205,4.45319340864675,7.55444185298311
-13.1401817783271,42.3709886341244,2.37617064390422,11.7119791523257,2.6271265609387,11.229320999038,4.29945198093113,7.06332147275368
2.41930446896258,8.57831717276769,3.27342802862772,8.91848895845644,3.37298576252492,6.97516874130938,4.02842999361305,6.37384521288219
2.22566689538483,8.76027858297557,2.38533773557519,11.5303717522031,3.59715974357311,6.40569010599907,4.10733343514902,7.47077032233609
-1931.53146168289,1941.59105231666,2.74383852577553,6.49275102102609,3.75698522373748,8.85315976551547,4.01950462739818,6.15523839389537
-3598.14843348898,3604.76352202054,2.42061211631138,11.9501152256092,3.35523652808007,6.63074481043133,4.55073152823877,9.2126094524906
2.41175393219197,8.17342779227828,2.75673623630948,12.0650294232373,3.01284239902697,6.68659583890139,NA,NA
-2126.78535026224,2134.26552139065,2.77081745461719,7.03125145647341,3.49096453536682,6.7792202764704,4.1909389242277,6.38117781950374
-8.71985334810378,34.1474006328215,1.54702214402958,15.1975459050122,3.09972199129938,4.95005795305021,4.16377329695833,6.65882220755739
NA,NA,3.07668539036735,8.954620105908,-4291.92841645389,4300.87228946361,3.8451583359294,5.76439165289673
-1736.7935352099,1744.43035311808,3.10300961512706,8.32644647117904,3.89866480852704,9.58695531005576,3.68907659445643,5.41949969398144
2.66902243778962,8.47978842125337,3.10234366219615,7.65577331622079,3.44578661366434,5.99658023928674,4.20111033005655,7.66837214080433
-5162.71996856797,5171.15850732174,2.82154720341665,5.49983574008464,3.48856050695882,6.22328194318142,4.02459575059482,6.42100814696143
1.95671916470134,8.24375080257087,2.81194012224983,6.25717643908442,3.17905457518846,5.75298937522256,4.31782305867625,7.07356202145223
1.57522759039912,13.1311803661056,-1774.73203477096,1784.08688094388,3.62059751301071,7.50498274044905,3.58932575870724,5.73642563316475
2.25692048286512,5.29516292440507,2.55496090960734,6.04724666247809,3.5156655955427,7.03080205482751,3.79188359209484,5.96153039869779
-2515.1598678246,2524.84304416217,2.63285304806712,6.68194005559127,3.03763206201906,7.72491294378867,4.55296505223075,7.7501420639554
-6410.12678955026,6417.77783019848,2.87900344640741,7.72023055477678,3.80153509211465,7.03717874537007,4.23467712233129,6.88663827233221
2.34234865456032,6.94311305922663,0.821992793761193,11.5520047730128,3.59277460481264,7.36315190474788,4.36087097963863,7.67224544813936
NA,NA,2.74931251475419,9.10161735167286,3.63170092949765,6.74049753521033,3.804853530897,6.80095951960662
1.92916666633506,7.67097587779876,2.34303290031109,9.12288039377175,3.85982390732877,7.47610913403107,4.103133654924,6.59585731089272
2.18211124479619,7.86743118674405,0.935213063048827,12.7776142414982,3.79695197522786,6.74465669632878,4.1010433798014,6.69438262393612
2.2486904569605,8.36744910950926,2.79264722517706,6.43942342540107,4.12000205047331,9.5854447703412,4.0329782262363,6.02704542459649
-0.0962390069144465,15.2979068604388,1.80209858522564,12.2212100144966,3.43538592752199,5.35371358377963,4.1539764762481,6.71097511167511
-0.408867132235669,16.1468948295427,-2.14789688529604,25.9553227713978,4.02600842088286,10.0790922007538,4.50633313476436,8.0568025337227
NA,NA,3.09639848992909,5.8293242384816,3.12911290439133,7.5545753176543,4.50663516541857,7.64397233037487
2.01012181807682,6.81054090790741,2.55993814125586,6.18615919869925,3.50458034063571,7.51195521608334,4.34263336532481,7.25756286782293
-1544.2848369639,1553.0233726641,3.37637836854299,8.10690963040985,-3585.62129289984,3594.07004922267,3.06469556396704,5.97798925563077
1.48076888883266,9.00342079841582,1.54623258989654,8.49360454565912,3.40150423467211,5.92336445165324,4.39323222037992,7.25863486219237
-39046.0956219601,39060.5485765986,1.50298802705594,10.3351545694171,3.39387687423867,5.33856036205652,3.70627449423356,5.64709337141041
2.14163240822363,5.82928338064819,1.90175704964641,12.462053317483,3.7771603888283,7.14023331718907,3.99668820159424,6.09622856184884
-2.7080992071089,21.1645351186647,3.05993856631468,8.02185831946999,3.47684002074863,7.17684771947749,4.20603760067772,7.04050513916407
2.14727646869782,7.06136735268478,-795.698974485639,804.222475569314,4.02282287342567,9.21991988825335,4.25350315761907,6.66095893962324
1.98860550566636,7.10351441298157,2.64316826825905,12.5588919964542,3.56930481835321,8.45346660897621,4.19979955074409,6.55621197444649
1.68176113813406,11.715406546519,NA,NA,3.719349648518,7.26914685759306,3.67797886697536,6.51333476845082
2.09312766026442,6.66454222133864,-0.183045630049159,20.9915435587547,3.65314204810658,8.63184339909082,4.0531071137987,6.82169774134808
-3259.51902165356,3268.84615380767,2.876356102748,9.16332167039217,3.64570694156265,6.15065085771167,4.02344356371649,6.26021317070284
-4979.32248859905,4987.33303522919,2.29449130393128,9.59905721979943,3.3853817898705,7.98398927086823,4.3947720275101,8.55680760837771
-0.823518082487594,17.8998666948929,-641.025985197961,648.695985448205,3.60587307350181,6.53258445897087,-1478.6476029585,1487.53055008827
2.06599754720638,6.60899551424214,2.91490318653065,8.98550074026392,3.97487783470303,11.934219218311,3.61794157649084,5.06798824906478
-1.27804512338025,10.6533362504246,-9958.56072645365,9969.17893593242,NA,NA,3.90487428506955,5.96046775302701
-1.31169528508222,11.7769027419653,2.76973105095647,6.43246718540003,3.62883542693796,8.15553842956394,3.97012128065027,6.02799825630034
2.44243564132493,6.70915926640021,NA,NA,-640.292341459559,649.502907855572,4.14955649875091,6.42462008148036
2.55289213518173,5.86526554133518,NA,NA,3.34599409951014,7.76899029134437,4.56569041502681,7.92573136913501
2.29893335803019,6.35504972715321,2.95497853699747,7.68355032856017,3.3285085430485,7.5352435579025,3.90842464282906,5.92386014974078
2.59502221754229,6.64008605892412,3.1425276186848,7.72900087035795,3.25201282033876,6.59453571446474,3.7965109887558,6.32729950167154
1.93512501564983,8.82139586354733,2.6772854461796,5.31039748231926,3.60049578272283,6.91376354461198,4.6084021079358,8.19555932852851
-24436.5551987582,24447.2405196092,1.8958132436244,10.4172054537953,3.90962923440568,7.81598233468937,4.11820278102162,7.0419007558497
-8.54927421879158,32.3165880786575,3.06295144380562,6.97391984645927,-1573.83759072216,1582.6944090737,4.08611561368371,6.048685698929
2.49113882620224,5.94192431248482,1.98998226731372,6.89014186813222,3.53402692233139,6.56435927260416,4.15324483862481,7.07645504250344
0.569221191247524,14.6266884461565,2.95729022284746,7.90981358277515,3.52040272141886,9.06371755144657,3.65428431887388,5.37034993508042
1.90941910236787,7.56610235970072,2.83995596180125,8.47592743668404,3.77166689277386,8.00259903979821,4.55745873380887,8.7094163247879
1.55860732139902,10.6997316155411,2.63581039993612,10.5043120538843,4.048424744785,8.46733351905364,4.07721147617104,6.60759810987122
1.56045951171695,8.53915115876952,3.01478100211568,8.09774290620584,3.6642517117052,7.21941211014192,4.55301026537714,8.4898853156354
1.83111372044956,6.16167692960712,2.95797088617099,7.83546006563238,3.41967120623646,6.39414874597885,3.6661872720258,5.15042695829869
0.0391033677765327,14.4941584944099,0.446439947087665,19.4349126780128,3.6781973769622,7.39956667432041,4.48826985939314,8.31431328993493
2.47026244480736,5.67956260309679,2.81453189282967,5.63197136350853,2.99066375838435,6.14367551730348,4.3082876467596,6.66885188990029
-11.9303442141712,36.5859637240743,2.37162039227021,8.97922368714728,3.74816484528814,7.05965335612209,3.60142143227923,5.31350626762133
-4.96204380410425,27.0505451929956,3.26398117175539,6.77700259761421,4.09685313317284,11.4862150934097,4.14003329623824,6.67074724233643
2.46315069571566,6.82154004849001,-2084.65798317893,2093.39120353896,3.56936236823709,6.64348771113193,4.14069942215615,8.74425284532164
2.45078639337396,6.21398936614619,2.43439166204569,13.2635474683313,3.54693392836635,10.2278895546366,3.94265926409395,5.99643474369402
-2.91170356183609,20.5232131865603,-2756.48010833995,2765.32065682047,3.25318329928929,9.33267622290659,4.22065831812388,6.50366028133172
NA,NA,0.341767918047103,9.7419221644681,3.58399070205061,7.39096696631964,3.90272558520811,5.7699184925669
-5.81944706341522,27.9235573239858,2.83661731487491,10.7258801498497,3.8342359242303,11.6298728957211,3.56544653914435,4.89086098140739
1.93955680195432,7.95331503224889,3.01206186821331,7.17036510347021,3.78688021894898,9.143637133756,4.36225522386373,7.14507162619231
1.23031596511262,10.1205487165253,NA,NA,3.8136933125336,8.7077605742196,4.4698990994363,7.87775536089495
NA,NA,2.92152098683624,5.92147185183455,3.57113631480749,7.01942280216862,4.33224411982828,7.57696046177289
1.39338803684615,10.6616519011754,2.54532366743127,8.10631351189333,3.55750590770338,11.6470048985671,3.42171690300921,5.75531922502201
2.40816526470396,6.09829517090489,-2.76244649898376,25.6367503763742,3.45996324823291,8.35050437222372,4.22717531040795,6.402354426845
NA,NA,2.90262574301825,8.99363941957744,3.78121113541296,7.94192736320455,4.07369364963707,6.12578584589412
2.51755838544098,8.03570184827564,-17.6868522249629,57.8952247067962,3.47564837966147,5.39561393154477,3.7423223333949,5.42574511564393
-0.650981959326007,19.1492836764965,-2272.16547833444,2281.70243407659,3.6521126818915,9.49325799308473,3.97392450318231,6.8125767091234
1.5343742148947,7.22476479559765,2.66049398328123,6.58455788944884,3.70792169384915,6.84515003871773,4.32931794829586,7.69709689879207
-2177.36536392737,2186.86740953087,3.24392011251601,7.20919203406711,3.55597144903761,6.23991682303054,3.98109365703449,6.37189872797333
2.47441462466343,7.95299915178145,2.1033627726487,5.86511365120452,3.54922314304762,7.30666415860793,3.8915062618929,6.03613459773913
-2929.34234524029,2939.42699426516,2.87332991272457,8.16912870282109,-4204.30190006687,4212.80461387507,3.60691933418129,5.47217700263982
2.07313319607086,9.31800649926488,2.59406335488471,9.06693417142602,3.97512371152738,8.77524822559785,4.37900149856922,7.19392158977651
-3008.39322686553,3017.89093312284,2.97922054209197,7.30991173224484,3.65019146347095,9.8628790676026,3.84627131699874,6.0963698413962
-6070.47466942899,6078.39889554134,2.96820610155672,6.15261746708459,3.70245590032735,6.5753916818542,4.23118449992012,6.80311181471413
NA,NA,2.41838586467339,7.00398633650729,3.93325386848187,8.23126748925717,4.42874453623669,8.0736352449413
-1.72298853184012,17.0994279571592,3.03803106569137,7.66820879829578,3.72772645565746,7.63747128626211,3.81155451479851,5.87983130715192
2.59063442162985,6.34024444758029,-11291.3828857582,11301.3234494809,2.65350590679178,6.43077087381114,3.72162961648359,5.90125786285687
-1.59027741186758,19.8924115878206,2.83001830230447,10.6520204516506,3.8819318174895,8.29707289625969,4.07990841295736,6.32175067155684
1.27347676006001,9.51539507265983,2.81713809385706,6.0797182068436,3.7257630846329,6.72549482591502,4.04698676444345,7.13158220581759
-2773.48270339167,2781.4554252784,2.97574427797761,5.93082580726491,3.87526634005378,7.31669725000892,4.24319189083795,6.53120001046775
-5697.17214298178,5705.91285042789,NA,NA,3.85417013684578,8.16125495027918,3.78002563811462,6.16251141246893
2.4862908881512,5.51242039284302,3.1408234546723,7.22318791471044,3.52814873617875,7.04089704263469,4.18400307125998,6.81151947681604
1.78297347240597,10.9738965056239,3.08070473190395,10.6679846865898,3.52146574612229,8.9858869160341,4.05665452787843,6.32454839059396
0.482092805292655,13.6451244171123,0.40883742823719,13.0967525186178,3.33461848190313,6.25483111367055,4.30718776362998,7.28181569285603
2.06820762703548,6.20174823283154,2.36988091217872,7.58670125333556,3.5822425776576,8.75737348796845,4.7781574056702,8.92487678539753
-44.5902111576072,80.6236248215857,2.22477239118418,7.78863261769983,3.45276111628335,8.20216028467472,4.61365390523299,8.22087790818391
NA,NA,2.98146265432743,5.87485622258222,3.09165325400653,7.39243712054334,4.07382330983558,6.29526505981016
2.14872954450821,7.89572694266041,3.22945902979828,7.83872076621991,3.02977611112733,7.65457883407193,4.02408949229081,6.05896649761185
2.19556458630534,8.82256784899576,2.75391550832087,9.00669127971261,3.72871866465631,6.97334274335446,4.00461862989214,6.11517071366079
1.75802176597973,7.12793967287222,3.0822385326528,5.98743031700707,3.33181593966652,5.35128010853262,3.81862991893949,5.87130910966421
-3.3505126115855,19.5360464789956,3.33150216062706,9.97684469886599,-575.344900639881,583.936152526152,4.08195094332472,6.66001679287834
1.35204764933622,13.221452574751,NA,NA,3.94007229114327,7.91329208613277,4.17680809832174,6.99380280279271
-1183.76399385685,1191.63807786618,1.12596336463534,7.75859849481479,3.26570609747602,14.3033542786515,3.32886423577495,4.86173433188436
NA,NA,2.81049813671867,8.25116566261049,3.7806523787619,6.91921358582993,4.37685219855246,7.14668749991706
1.925567864092,9.77924196386922,2.84442129136562,11.8305070692864,3.55964811058884,6.91156946891166,4.04778369151245,6.38582970391019
-39.6229715738107,77.454035190801,NA,NA,3.7582770586155,8.01794490369837,4.23445197119456,6.75473798564332
