"id","n","NNT","TYPE"
1,"500",4.19003179450284,"IV"
2,"500",13.6007812259558,"IV"
3,"500",4.37607213034637,"IV"
4,"500",4.4858459718811,"IV"
5,"500",4.6788783217107,"IV"
6,"500",6.24033217821195,"IV"
7,"500",3.63520267134909,"IV"
8,"500",6.95437074245702,"IV"
9,"500",8.08505610021346,"IV"
10,"500",7.46192444777034,"IV"
11,"500",5.4541339477811,"IV"
12,"500",4.12049833019711,"IV"
13,"500",3.90057479494073,"IV"
14,"500",4.38675234166013,"IV"
15,"500",6.2993379364364,"IV"
16,"500",6.94571727784965,"IV"
17,"500",6.2390610914281,"IV"
18,"500",4.63746669052792,"IV"
19,"500",11.9460288032884,"IV"
20,"500",4.62180916000068,"IV"
21,"500",5.83364046858764,"IV"
22,"500",NA,"IV"
23,"500",8.18827318430274,"IV"
24,"500",6.13176580312952,"IV"
25,"500",4.58573302952784,"IV"
26,"500",6.81489847032568,"IV"
27,"500",4.09404793716674,"IV"
28,"500",7.17656040448047,"IV"
29,"500",3.73737086297063,"IV"
30,"500",7.29953233981781,"IV"
31,"500",3.67100398701417,"IV"
32,"500",7.69196645937341,"IV"
33,"500",4.12297074314045,"IV"
34,"500",3.56213951584327,"IV"
35,"500",4.811462862484,"IV"
36,"500",4.29031506410715,"IV"
37,"500",4.31086540111865,"IV"
38,"500",4.2895654722874,"IV"
39,"500",8.27329816606871,"IV"
40,"500",7.03209386499403,"IV"
41,"500",7.26819626636361,"IV"
42,"500",4.46362749277995,"IV"
43,"500",8.68073838691862,"IV"
44,"500",3.91910876922702,"IV"
45,"500",7.11440440364536,"IV"
46,"500",11.5759225522082,"IV"
47,"500",14.0592050394343,"IV"
48,"500",4.36470837449442,"IV"
49,"500",4.08179570954665,"IV"
50,"500",4.88740218884781,"IV"
51,"500",7.27792052195005,"IV"
52,"500",4.53899492784837,"IV"
53,"500",4.96903681756732,"IV"
54,"500",6.86500889686736,"IV"
55,"500",3.63625902225809,"IV"
56,"500",5.33724669179188,"IV"
57,"500",5.30861469058288,"IV"
58,"500",5.28060369768581,"IV"
59,"500",8.33704865172357,"IV"
60,"500",3.72916341186886,"IV"
61,"500",4.94240079264964,"IV"
62,"500",4.12340548287813,"IV"
63,"500",3.59669458709678,"IV"
64,"500",5.72815963827411,"IV"
65,"500",5.305954005835,"IV"
66,"500",6.72493015041803,"IV"
67,"500",3.70164210630353,"IV"
68,"500",5.28703368506083,"IV"
69,"500",4.10951862243835,"IV"
70,"500",5.10848457697441,"IV"
71,"500",12.0841523075277,"IV"
72,"500",4.81026795277482,"IV"
73,"500",3.81679385897623,"IV"
74,"500",9.92595700627957,"IV"
75,"500",7.92115398851834,"IV"
76,"500",5.82478628597123,"IV"
77,"500",3.91819387886583,"IV"
78,"500",4.14221130802529,"IV"
79,"500",6.51153261206428,"IV"
80,"500",7.13284998375761,"IV"
81,"500",7.95867197811606,"IV"
82,"500",4.09281340905465,"IV"
83,"500",6.42132212332338,"IV"
84,"500",5.68957846323895,"IV"
85,"500",3.82017124883681,"IV"
86,"500",5.57489156720498,"IV"
87,"500",8.08273127279576,"IV"
88,"500",6.09401536455154,"IV"
89,"500",6.46344922832089,"IV"
90,"500",3.75496562521274,"IV"
91,"500",6.60942045739212,"IV"
92,"500",7.77917137514457,"IV"
93,"500",5.405679754814,"IV"
94,"500",3.73830574948142,"IV"
95,"500",4.37464520529593,"IV"
96,"500",4.47534402741997,"IV"
97,"500",3.90689939438497,"IV"
98,"500",NA,"IV"
99,"500",5.57146231409365,"IV"
100,"500",7.70208045069253,"IV"
101,"500",4.03947075764021,"IV"
102,"500",3.82511997881487,"IV"
103,"500",7.70711774098035,"IV"
104,"500",5.21524890717722,"IV"
105,"500",5.86024161479103,"IV"
106,"500",4.43522636910856,"IV"
107,"500",5.2440909760414,"IV"
108,"500",6.50531610634658,"IV"
109,"500",12.2909844567023,"IV"
110,"500",6.88082160005053,"IV"
111,"500",NA,"IV"
112,"500",5.27806374830596,"IV"
113,"500",6.26611786319035,"IV"
114,"500",5.5290785862056,"IV"
115,"500",7.02326162756913,"IV"
116,"500",NA,"IV"
117,"500",4.22579602152263,"IV"
118,"500",4.56743699797792,"IV"
119,"500",6.04970820300618,"IV"
120,"500",11.523600131415,"IV"
121,"500",5.17582235431524,"IV"
122,"500",5.78328328394264,"IV"
123,"500",7.68258705617936,"IV"
124,"500",4.60360948328613,"IV"
125,"500",3.90940031792829,"IV"
126,"500",4.9733579396189,"IV"
127,"500",4.08130598199637,"IV"
128,"500",3.79652425108452,"IV"
129,"500",3.74424818637427,"IV"
130,"500",4.863284859843,"IV"
131,"500",4.05883760831507,"IV"
132,"500",13.4551096998988,"IV"
133,"500",6.48492959528753,"IV"
134,"500",4.02070608115847,"IV"
135,"500",4.31390485650119,"IV"
136,"500",4.71390188156068,"IV"
137,"500",5.19014078728235,"IV"
138,"500",3.7037036676501,"IV"
139,"500",NA,"IV"
140,"500",4.13182989965133,"IV"
141,"500",5.33400881084406,"IV"
142,"500",NA,"IV"
143,"500",4.72108088614531,"IV"
144,"500",5.92897674029566,"IV"
145,"500",5.41170281908378,"IV"
146,"500",6.57849273409121,"IV"
147,"500",4.34594435398635,"IV"
148,"500",6.2772968204509,"IV"
149,"500",3.85083710958736,"IV"
150,"500",9.32889078772744,"IV"
151,"500",4.56469971634455,"IV"
152,"500",8.09702935956719,"IV"
153,"500",6.20393692961206,"IV"
154,"500",4.65640323724846,"IV"
155,"500",5.14991902326183,"IV"
156,"500",8.20137860752517,"IV"
157,"500",10.0346034740751,"IV"
158,"500",4.93935189812339,"IV"
159,"500",4.36867469728209,"IV"
160,"500",4.33275232849885,"IV"
161,"500",4.41437613942858,"IV"
162,"500",4.46734463969826,"IV"
163,"500",4.97159413056538,"IV"
164,"500",4.75918290294439,"IV"
165,"500",6.49801622375749,"IV"
166,"500",4.70783095068634,"IV"
167,"500",5.14438353066152,"IV"
168,"500",5.61817117963259,"IV"
169,"500",4.26127964693757,"IV"
170,"500",7.62012497349656,"IV"
171,"500",10.8955875225764,"IV"
172,"500",5.12464350005596,"IV"
173,"500",4.67455916221461,"IV"
174,"500",8.51843968283893,"IV"
175,"500",7.54672421443654,"IV"
176,"500",4.04956224011979,"IV"
177,"500",8.44251817504547,"IV"
178,"500",5.57157478379091,"IV"
179,"500",4.3131303794983,"IV"
180,"500",NA,"IV"
181,"500",5.98663056332132,"IV"
182,"500",3.87203022276259,"IV"
183,"500",4.83884244426178,"IV"
184,"500",4.07273085490562,"IV"
185,"500",5.08094395345701,"IV"
186,"500",6.53017608308178,"IV"
187,"500",7.29015853928672,"IV"
188,"500",4.24297305962248,"IV"
189,"500",NA,"IV"
190,"500",11.2330162648025,"IV"
191,"500",4.19462222850437,"IV"
192,"500",10.454035307622,"IV"
193,"500",5.0518714443933,"IV"
194,"500",3.65046953801352,"IV"
195,"500",4.42717042969666,"IV"
196,"500",4.50093088372258,"IV"
197,"500",6.11494097406137,"IV"
198,"500",5.26136132255966,"IV"
199,"500",4.62407362857386,"IV"
200,"500",3.99771620648277,"IV"
201,"500",5.98404098250452,"IV"
202,"500",6.25649552764017,"IV"
203,"500",5.69939944136444,"IV"
204,"500",4.85170084469756,"IV"
205,"500",4.37060225331174,"IV"
206,"500",4.28346486562329,"IV"
207,"500",3.76295519733306,"IV"
208,"500",4.4861196758561,"IV"
209,"500",4.26843496693143,"IV"
210,"500",4.80299098376455,"IV"
211,"500",4.22285788661966,"IV"
212,"500",5.47866375594096,"IV"
213,"500",5.95694222564266,"IV"
214,"500",5.12340834728501,"IV"
215,"500",6.87853856978743,"IV"
216,"500",4.32178717468898,"IV"
217,"500",7.43758826983327,"IV"
218,"500",3.88881675910187,"IV"
219,"500",4.94660437264141,"IV"
220,"500",4.2256218438483,"IV"
221,"500",5.00103848771659,"IV"
222,"500",4.61948300420439,"IV"
223,"500",4.58145174992057,"IV"
224,"500",3.713933869849,"IV"
225,"500",6.32340171467742,"IV"
226,"500",3.79567671089794,"IV"
227,"500",NA,"IV"
228,"500",5.71929494471011,"IV"
229,"500",3.90625122697616,"IV"
230,"500",5.70896968572053,"IV"
231,"500",5.61256505847491,"IV"
232,"500",8.72258074748603,"IV"
233,"500",6.18942979168131,"IV"
234,"500",3.77844864837589,"IV"
235,"500",5.38485769326155,"IV"
236,"500",3.79136359021369,"IV"
237,"500",6.99720872042966,"IV"
238,"500",9.62350190876297,"IV"
239,"500",4.36813521449991,"IV"
240,"500",4.33940128863769,"IV"
241,"500",5.06028495097431,"IV"
242,"500",8.64967713232705,"IV"
243,"500",5.50294091666976,"IV"
244,"500",5.15977881083453,"IV"
245,"500",5.39763356476709,"IV"
246,"500",4.53623014464403,"IV"
247,"500",5.33490229572801,"IV"
248,"500",3.85152378358558,"IV"
249,"500",3.79905716318046,"IV"
250,"500",5.93082824120703,"IV"
251,"500",4.549140347414,"IV"
252,"500",4.39957520999234,"IV"
253,"500",4.03176431679469,"IV"
254,"500",4.47534693756418,"IV"
255,"500",4.89155198550578,"IV"
256,"500",4.66383409885215,"IV"
257,"500",5.98523376183187,"IV"
258,"500",4.90440588708628,"IV"
259,"500",10.4964576821095,"IV"
260,"500",5.34098134872785,"IV"
261,"500",7.27851742928831,"IV"
262,"500",6.06657066257959,"IV"
263,"500",4.49497376902469,"IV"
264,"500",4.73043996399411,"IV"
265,"500",8.08313418301478,"IV"
266,"500",14.0331676322813,"IV"
267,"500",4.9842571105581,"IV"
268,"500",3.96571481572095,"IV"
269,"500",10.9409617517763,"IV"
270,"500",3.61803848076874,"IV"
271,"500",7.1923128087468,"IV"
272,"500",10.8938661991772,"IV"
273,"500",12.1937921888962,"IV"
274,"500",11.0661259765923,"IV"
275,"500",6.456903592546,"IV"
276,"500",6.08186804673474,"IV"
277,"500",5.2281187040321,"IV"
278,"500",5.62934755518846,"IV"
279,"500",7.91536487969241,"IV"
280,"500",5.88100008945435,"IV"
281,"500",5.40325342475806,"IV"
282,"500",4.13563507975498,"IV"
283,"500",3.45949487142246,"IV"
284,"500",3.93954708407355,"IV"
285,"500",4.86956749850913,"IV"
286,"500",4.49411660546586,"IV"
287,"500",6.30921648183374,"IV"
288,"500",8.13708000483831,"IV"
289,"500",6.72826972789121,"IV"
290,"500",10.4586614718368,"IV"
291,"500",NA,"IV"
292,"500",5.41898017993264,"IV"
293,"500",4.71132155612382,"IV"
294,"500",6.02168606110606,"IV"
295,"500",8.38003836079773,"IV"
296,"500",8.14528087265476,"IV"
297,"500",4.23519703451092,"IV"
298,"500",11.578454611975,"IV"
299,"500",4.87894090701493,"IV"
300,"500",5.69904583824623,"IV"
301,"500",5.28752226379431,"IV"
302,"500",6.8534042169969,"IV"
303,"500",5.7440886452583,"IV"
304,"500",4.75256458680112,"IV"
305,"500",3.86100751111253,"IV"
306,"500",4.64182625243311,"IV"
307,"500",5.53082521176784,"IV"
308,"500",8.06830970226893,"IV"
309,"500",7.22578830880946,"IV"
310,"500",3.96745732891414,"IV"
311,"500",5.67458519161484,"IV"
312,"500",14.0778092268108,"IV"
313,"500",5.04909011283074,"IV"
314,"500",3.62571437934953,"IV"
315,"500",4.78788484390119,"IV"
316,"500",NA,"IV"
317,"500",4.51362079140394,"IV"
318,"500",7.22028545857268,"IV"
319,"500",5.05892305203336,"IV"
320,"500",4.33181061716168,"IV"
321,"500",4.57182970078456,"IV"
322,"500",13.6124714174736,"IV"
323,"500",5.06716192854165,"IV"
324,"500",5.18783970451465,"IV"
325,"500",7.0773059465757,"IV"
326,"500",9.22641134680799,"IV"
327,"500",9.10805361822224,"IV"
328,"500",4.8190765446171,"IV"
329,"500",7.81238044796133,"IV"
330,"500",4.86069646631188,"IV"
331,"500",8.04015895179624,"IV"
332,"500",4.75245795842205,"IV"
333,"500",4.05782321353545,"IV"
334,"500",4.69064021045874,"IV"
335,"500",4.30916442651986,"IV"
336,"500",4.48983844858153,"IV"
337,"500",4.4623134858002,"IV"
338,"500",5.35890278755556,"IV"
339,"500",4.34601323477043,"IV"
340,"500",5.98158942272364,"IV"
341,"500",NA,"IV"
342,"500",4.62107419376122,"IV"
343,"500",4.39184961972751,"IV"
344,"500",9.6886121350782,"IV"
345,"500",6.06562564800463,"IV"
346,"500",11.6060012161804,"IV"
347,"500",5.24374710426789,"IV"
348,"500",5.23521867293801,"IV"
349,"500",5.50145747258912,"IV"
350,"500",4.04995501768521,"IV"
351,"500",4.48286197128817,"IV"
352,"500",4.20678024045628,"IV"
353,"500",6.41901786445378,"IV"
354,"500",5.16192989080458,"IV"
355,"500",7.81431222004969,"IV"
356,"500",5.11504134058344,"IV"
357,"500",6.29413989438225,"IV"
358,"500",4.62700257860506,"IV"
359,"500",6.89114984328033,"IV"
360,"500",4.98415774791783,"IV"
361,"500",5.4164357315134,"IV"
362,"500",7.23780399987552,"IV"
363,"500",7.36136295736937,"IV"
364,"500",10.1892369461589,"IV"
365,"500",4.19868910738098,"IV"
366,"500",4.03273862188035,"IV"
367,"500",5.58557313488044,"IV"
368,"500",5.82429324752308,"IV"
369,"500",3.71555960170715,"IV"
370,"500",5.0548260737375,"IV"
371,"500",4.5637387253612,"IV"
372,"500",4.75674617585229,"IV"
373,"500",4.78174144112637,"IV"
374,"500",14.7960489943154,"IV"
375,"500",6.40879201590067,"IV"
376,"500",4.38631941100338,"IV"
377,"500",3.84676200796084,"IV"
378,"500",4.17799957938559,"IV"
379,"500",4.30322657762609,"IV"
380,"500",5.97090602931067,"IV"
381,"500",5.52952716749516,"IV"
382,"500",NA,"IV"
383,"500",3.68318516944677,"IV"
384,"500",5.04598988323878,"IV"
385,"500",4.434327909146,"IV"
386,"500",4.95834046045956,"IV"
387,"500",5.17837229339873,"IV"
388,"500",3.64902504447563,"IV"
389,"500",4.68701843129852,"IV"
390,"500",8.66999028080358,"IV"
391,"500",7.79525264731225,"IV"
392,"500",4.84382872228861,"IV"
393,"500",7.80532428498294,"IV"
394,"500",6.64284615859503,"IV"
395,"500",5.78958671731396,"IV"
396,"500",4.58832439872546,"IV"
397,"500",5.59769306351189,"IV"
398,"500",5.05011153719154,"IV"
399,"500",5.80132343365342,"IV"
400,"500",4.63096956786754,"IV"
401,"500",7.56995232036927,"IV"
402,"500",11.3909820072374,"IV"
403,"500",5.02577582927255,"IV"
404,"500",11.6668746288956,"IV"
405,"500",7.12674046349552,"IV"
406,"500",7.7776035457694,"IV"
407,"500",4.17002924013189,"IV"
408,"500",4.60786397924895,"IV"
409,"500",4.7935775293588,"IV"
410,"500",5.14873862802561,"IV"
411,"500",7.62805720351544,"IV"
412,"500",10.1362095742909,"IV"
413,"500",6.44613684127199,"IV"
414,"500",4.54294529780954,"IV"
415,"500",-16.3604775351073,"IV"
416,"500",4.72059133949252,"IV"
417,"500",NA,"IV"
418,"500",5.08918417838891,"IV"
419,"500",5.35571666834757,"IV"
420,"500",4.63938667375084,"IV"
421,"500",5.72910717976923,"IV"
422,"500",4.12478940098198,"IV"
423,"500",3.55247394356997,"IV"
424,"500",6.69321613028719,"IV"
425,"500",NA,"IV"
426,"500",3.8727335496189,"IV"
427,"500",4.10914569513092,"IV"
428,"500",4.52276112212197,"IV"
429,"500",4.48837621301634,"IV"
430,"500",9.85975304868679,"IV"
431,"500",9.92420808736691,"IV"
432,"500",6.25734511085587,"IV"
433,"500",5.34977130299171,"IV"
434,"500",4.46285949027004,"IV"
435,"500",4.92015348483547,"IV"
436,"500",7.43318296405295,"IV"
437,"500",4.57189225255842,"IV"
438,"500",5.37430524597762,"IV"
439,"500",4.75966441746197,"IV"
440,"500",3.90134526097127,"IV"
441,"500",9.50326832234684,"IV"
442,"500",12.1473548169109,"IV"
443,"500",5.42093662087315,"IV"
444,"500",5.99810038552954,"IV"
445,"500",3.85289723511665,"IV"
446,"500",6.13236923745613,"IV"
447,"500",4.68157512498583,"IV"
448,"500",4.61481027722319,"IV"
449,"500",3.83528707131476,"IV"
450,"500",6.61679908705546,"IV"
451,"500",6.44689136715242,"IV"
452,"500",5.90117795736365,"IV"
453,"500",NA,"IV"
454,"500",6.4596582431227,"IV"
455,"500",6.89629374660901,"IV"
456,"500",4.03825651810885,"IV"
457,"500",6.13361332361874,"IV"
458,"500",8.67287760680794,"IV"
459,"500",4.67690808852605,"IV"
460,"500",5.8975303354051,"IV"
461,"500",5.52923582333695,"IV"
462,"500",3.99099201650399,"IV"
463,"500",5.86802592470499,"IV"
464,"500",9.05478959104715,"IV"
465,"500",5.78199770619208,"IV"
466,"500",4.09738581684679,"IV"
467,"500",4.9928952663958,"IV"
468,"500",4.36097220617917,"IV"
469,"500",5.35913226747557,"IV"
470,"500",4.68614215657766,"IV"
471,"500",4.57743085404961,"IV"
472,"500",5.30291049449991,"IV"
473,"500",10.2113862880541,"IV"
474,"500",3.50938557430313,"IV"
475,"500",4.27105014565254,"IV"
476,"500",4.70646920975284,"IV"
477,"500",8.86214956521825,"IV"
478,"500",3.81903509706976,"IV"
479,"500",4.1994877640269,"IV"
480,"500",7.71244317989206,"IV"
481,"500",7.74033213457755,"IV"
482,"500",9.90129022718937,"IV"
483,"500",4.26804009745226,"IV"
484,"500",5.30362623303086,"IV"
485,"500",NA,"IV"
486,"500",5.67752333896085,"IV"
487,"500",4.48078973848239,"IV"
488,"500",4.16697710427523,"IV"
489,"500",5.54454077843303,"IV"
490,"500",4.95754129217733,"IV"
491,"500",5.83932093941569,"IV"
492,"500",3.58091951675157,"IV"
493,"500",4.71178180041739,"IV"
494,"500",3.95488401925834,"IV"
495,"500",6.47557190146116,"IV"
496,"500",6.80486649618324,"IV"
497,"500",5.58817503972551,"IV"
498,"500",5.25954350032009,"IV"
499,"500",4.51905531562492,"IV"
500,"500",7.53388987985966,"IV"
501,"500",8.97658311820459,"IV"
502,"500",5.885906335041,"IV"
503,"500",6.18570901459756,"IV"
504,"500",5.32215828129652,"IV"
505,"500",4.94097874187592,"IV"
506,"500",NA,"IV"
507,"500",5.68391929427265,"IV"
508,"500",4.43504808357532,"IV"
509,"500",9.79474449619888,"IV"
510,"500",4.5851496061703,"IV"
511,"500",4.87634646470218,"IV"
512,"500",3.98628276952392,"IV"
513,"500",5.13595865647165,"IV"
514,"500",13.2063014727922,"IV"
515,"500",3.80414772197842,"IV"
516,"500",8.59410970302777,"IV"
517,"500",4.65070890608675,"IV"
518,"500",4.26663006283299,"IV"
519,"500",5.30127538850452,"IV"
520,"500",4.98416355484755,"IV"
521,"500",5.89085956018433,"IV"
522,"500",4.18676856434302,"IV"
523,"500",4.26630845850065,"IV"
524,"500",6.91288232283114,"IV"
525,"500",NA,"IV"
526,"500",4.25919654837275,"IV"
527,"500",4.21860527279555,"IV"
528,"500",6.69116572843086,"IV"
529,"500",5.71728943051416,"IV"
530,"500",3.69291976950753,"IV"
531,"500",6.31391479969516,"IV"
532,"500",12.111054550078,"IV"
533,"500",3.97687530487279,"IV"
534,"500",4.16423406287712,"IV"
535,"500",8.52535201197137,"IV"
536,"500",5.06729492164498,"IV"
537,"500",5.48646536123961,"IV"
538,"500",4.90161813274536,"IV"
539,"500",5.82653381583258,"IV"
540,"500",5.06838405211879,"IV"
541,"500",4.80656599133927,"IV"
542,"500",5.53147017757692,"IV"
543,"500",10.6979976150148,"IV"
544,"500",5.65151022257557,"IV"
545,"500",5.82510272857075,"IV"
546,"500",4.61997766296957,"IV"
547,"500",5.25612063051578,"IV"
548,"500",9.89623443571187,"IV"
549,"500",6.45173634928606,"IV"
550,"500",5.68936403877092,"IV"
551,"500",9.40021521138713,"IV"
552,"500",4.71551892451866,"IV"
553,"500",5.47099354084936,"IV"
554,"500",4.68026877365814,"IV"
555,"500",4.86124080775624,"IV"
556,"500",3.75038282515363,"IV"
557,"500",3.98128971643724,"IV"
558,"500",5.55603386511577,"IV"
559,"500",5.2166003595261,"IV"
560,"500",4.19324509635676,"IV"
561,"500",4.68897489264382,"IV"
562,"500",7.54571773353587,"IV"
563,"500",4.4712416772246,"IV"
564,"500",3.93904588175899,"IV"
565,"500",4.16021016401453,"IV"
566,"500",5.72063225411486,"IV"
567,"500",7.32600599048009,"IV"
568,"500",7.88240244882212,"IV"
569,"500",12.4041582275579,"IV"
570,"500",5.3104766985004,"IV"
571,"500",5.79162162400366,"IV"
572,"500",9.02101439730975,"IV"
573,"500",5.39567745873381,"IV"
574,"500",3.43593397126358,"IV"
575,"500",4.07661328077267,"IV"
576,"500",NA,"IV"
577,"500",5.31432360457378,"IV"
578,"500",10.6047601270624,"IV"
579,"500",4.86252292678589,"IV"
580,"500",10.0000622069955,"IV"
581,"500",6.51802649438656,"IV"
582,"500",4.27484784777109,"IV"
583,"500",NA,"IV"
584,"500",9.12849538542015,"IV"
585,"500",NA,"IV"
586,"500",4.91832421987193,"IV"
587,"500",6.06868466290791,"IV"
588,"500",9.5450115840893,"IV"
589,"500",9.56151741720517,"IV"
590,"500",8.49931682429302,"IV"
591,"500",3.5758713441084,"IV"
592,"500",4.07430713628163,"IV"
593,"500",4.8784159555991,"IV"
594,"500",6.24891168307376,"IV"
595,"500",6.21751374176562,"IV"
596,"500",6.87875109580469,"IV"
597,"500",4.93791733508991,"IV"
598,"500",3.22495720233194,"IV"
599,"500",4.31488776171624,"IV"
600,"500",10.8615243426317,"IV"
601,"500",5.72455010871915,"IV"
602,"500",5.84480955373947,"IV"
603,"500",7.71394650948259,"IV"
604,"500",7.66328626045162,"IV"
605,"500",9.68371893252944,"IV"
606,"500",5.42131016767732,"IV"
607,"500",3.99067804738977,"IV"
608,"500",7.41555526790897,"IV"
609,"500",4.56707538732113,"IV"
610,"500",5.62197465082703,"IV"
611,"500",4.74319263884997,"IV"
612,"500",4.92172253877911,"IV"
613,"500",13.028919362301,"IV"
614,"500",5.28851570928752,"IV"
615,"500",5.57563331546559,"IV"
616,"500",4.35176695878187,"IV"
617,"500",4.96203809834099,"IV"
618,"500",5.6602408818748,"IV"
619,"500",5.66051946911681,"IV"
620,"500",5.77520583628507,"IV"
621,"500",5.06539275087969,"IV"
622,"500",6.57680948639482,"IV"
623,"500",9.93959560554739,"IV"
624,"500",5.65767942030914,"IV"
625,"500",4.89792742415607,"IV"
626,"500",4.55603896901657,"IV"
627,"500",4.46914918399963,"IV"
628,"500",6.36334355362547,"IV"
629,"500",4.19399647704658,"IV"
630,"500",10.4597230028544,"IV"
631,"500",5.62082272496804,"IV"
632,"500",4.86663805707985,"IV"
633,"500",8.70966047719002,"IV"
634,"500",NA,"IV"
635,"500",4.42981019256998,"IV"
636,"500",4.03957876228694,"IV"
637,"500",5.74918712195952,"IV"
638,"500",6.27412641992324,"IV"
639,"500",5.21723369631091,"IV"
640,"500",5.33848694056377,"IV"
641,"500",4.64196315256903,"IV"
642,"500",9.52732827728714,"IV"
643,"500",7.45176097139597,"IV"
644,"500",6.12115501357594,"IV"
645,"500",8.07643828114476,"IV"
646,"500",8.60992374667458,"IV"
647,"500",5.76934059455773,"IV"
648,"500",4.75136026125214,"IV"
649,"500",5.05090020924729,"IV"
650,"500",6.36837322050254,"IV"
651,"500",8.78490168774121,"IV"
652,"500",8.00082663261613,"IV"
653,"500",4.59900858443185,"IV"
654,"500",6.50944073284781,"IV"
655,"500",5.3979308328975,"IV"
656,"500",4.40425205643358,"IV"
657,"500",5.03340724846376,"IV"
658,"500",5.98363652446855,"IV"
659,"500",NA,"IV"
660,"500",11.5628258996613,"IV"
661,"500",5.954255851735,"IV"
662,"500",6.10509700811081,"IV"
663,"500",6.14584618018035,"IV"
664,"500",4.11983807792698,"IV"
665,"500",4.45060806246745,"IV"
666,"500",5.68581812135655,"IV"
667,"500",5.1452059845299,"IV"
668,"500",NA,"IV"
669,"500",6.85729153192845,"IV"
670,"500",9.77317927903456,"IV"
671,"500",4.51434287114515,"IV"
672,"500",4.76089051192642,"IV"
673,"500",4.4226002325733,"IV"
674,"500",3.86965373633682,"IV"
675,"500",NA,"IV"
676,"500",NA,"IV"
677,"500",3.74070215367225,"IV"
678,"500",6.97902976889998,"IV"
679,"500",7.87913196357482,"IV"
680,"500",3.77395004683199,"IV"
681,"500",5.80045542172707,"IV"
682,"500",NA,"IV"
683,"500",4.06370304364089,"IV"
684,"500",6.81817492258095,"IV"
685,"500",6.97078173581808,"IV"
686,"500",4.35276312028605,"IV"
687,"500",5.39996993580529,"IV"
688,"500",6.95059667700415,"IV"
689,"500",4.32720158342157,"IV"
690,"500",10.2696673821135,"IV"
691,"500",4.60569463887413,"IV"
692,"500",4.83636523180132,"IV"
693,"500",5.60052970238868,"IV"
694,"500",6.64553382494109,"IV"
695,"500",4.74907127708626,"IV"
696,"500",5.26352336428528,"IV"
697,"500",NA,"IV"
698,"500",5.21832314460605,"IV"
699,"500",NA,"IV"
700,"500",5.22923917604981,"IV"
701,"500",5.48284998580846,"IV"
702,"500",4.91097590661936,"IV"
703,"500",4.26523379891405,"IV"
704,"500",8.77627733768503,"IV"
705,"500",4.4411924441405,"IV"
706,"500",5.07625675244218,"IV"
707,"500",6.69658385737831,"IV"
708,"500",4.24762162510051,"IV"
709,"500",8.56298622393734,"IV"
710,"500",3.9183940087973,"IV"
711,"500",4.75694661493456,"IV"
712,"500",4.66081497684149,"IV"
713,"500",7.59586129674631,"IV"
714,"500",7.16967185275598,"IV"
715,"500",5.15356999015059,"IV"
716,"500",4.5547722723406,"IV"
717,"500",5.77817309406622,"IV"
718,"500",7.35988407429056,"IV"
719,"500",5.63734551602195,"IV"
720,"500",7.0234335154825,"IV"
721,"500",5.1583919706743,"IV"
722,"500",8.17973712429551,"IV"
723,"500",5.64320199600633,"IV"
724,"500",4.2906210348379,"IV"
725,"500",10.6556451046617,"IV"
726,"500",9.61536611684074,"IV"
727,"500",6.19533001435385,"IV"
728,"500",3.78184710683435,"IV"
729,"500",4.47731234139713,"IV"
730,"500",4.65815172282724,"IV"
731,"500",6.72612384374664,"IV"
732,"500",4.08423282060617,"IV"
733,"500",5.8886703878469,"IV"
734,"500",3.64021998475086,"IV"
735,"500",5.36483402785566,"IV"
736,"500",3.93211074408478,"IV"
737,"500",6.77827277305067,"IV"
738,"500",4.61200448391113,"IV"
739,"500",4.58947434903478,"IV"
740,"500",4.95912724477569,"IV"
741,"500",4.67971395061035,"IV"
742,"500",5.20821334786815,"IV"
743,"500",5.27612669029357,"IV"
744,"500",NA,"IV"
745,"500",10.3951951705941,"IV"
746,"500",5.79197256749376,"IV"
747,"500",6.01434585855237,"IV"
748,"500",7.91501231961674,"IV"
749,"500",4.42473945072018,"IV"
750,"500",5.9754402799381,"IV"
751,"500",5.06076978862613,"IV"
752,"500",4.69102933312771,"IV"
753,"500",8.1276215692589,"IV"
754,"500",5.26287703926409,"IV"
755,"500",4.30299315695128,"IV"
756,"500",6.09105864555643,"IV"
757,"500",6.45734526698929,"IV"
758,"500",4.12266019555656,"IV"
759,"500",7.80627585337482,"IV"
760,"500",4.19842396053101,"IV"
761,"500",6.86552674777518,"IV"
762,"500",7.56926072280757,"IV"
763,"500",4.68323984986168,"IV"
764,"500",4.23656355603391,"IV"
765,"500",3.79163921488909,"IV"
766,"500",3.82755397630288,"IV"
767,"500",4.4187729764798,"IV"
768,"500",5.9610171569083,"IV"
769,"500",7.96077474102635,"IV"
770,"500",4.41592776576117,"IV"
771,"500",6.4977818358281,"IV"
772,"500",3.97584421133001,"IV"
773,"500",5.1881080045518,"IV"
774,"500",3.53409358766493,"IV"
775,"500",5.81169314243632,"IV"
776,"500",4.89729361867617,"IV"
777,"500",4.70214600071203,"IV"
778,"500",4.91443290399135,"IV"
779,"500",6.38234467097708,"IV"
780,"500",4.91911366066467,"IV"
781,"500",4.63652399541165,"IV"
782,"500",4.77030539079311,"IV"
783,"500",3.82415194666516,"IV"
784,"500",3.82349070675768,"IV"
785,"500",7.37706114008743,"IV"
786,"500",4.25122762261012,"IV"
787,"500",7.26000908559109,"IV"
788,"500",8.42433819672961,"IV"
789,"500",4.72400476594008,"IV"
790,"500",6.4661411478401,"IV"
791,"500",6.26570222704092,"IV"
792,"500",5.36647055744182,"IV"
793,"500",7.19781139496299,"IV"
794,"500",3.92749240866586,"IV"
795,"500",9.08535664360933,"IV"
796,"500",4.24102856581392,"IV"
797,"500",4.24504941422974,"IV"
798,"500",4.45807647269752,"IV"
799,"500",5.22318195963053,"IV"
800,"500",10.3064108150189,"IV"
801,"500",4.83070698225279,"IV"
802,"500",10.0245702864992,"IV"
803,"500",8.00697498108203,"IV"
804,"500",6.72152108702555,"IV"
805,"500",5.74763762478715,"IV"
806,"500",5.55307665456105,"IV"
807,"500",4.62616889905585,"IV"
808,"500",4.13370008300538,"IV"
809,"500",7.6100609157888,"IV"
810,"500",6.00497426404243,"IV"
811,"500",4.84559913667305,"IV"
812,"500",6.15492762642485,"IV"
813,"500",7.69541656459728,"IV"
814,"500",3.71986319887601,"IV"
815,"500",10.391514004627,"IV"
816,"500",10.6227831796769,"IV"
817,"500",14.6675413899697,"IV"
818,"500",12.2188286311821,"IV"
819,"500",7.30759400744212,"IV"
820,"500",5.73565784336001,"IV"
821,"500",6.40403317789534,"IV"
822,"500",4.98041213928842,"IV"
823,"500",4.54480659134587,"IV"
824,"500",10.4097572165098,"IV"
825,"500",5.48672770147121,"IV"
826,"500",4.71420148912448,"IV"
827,"500",5.76580455154711,"IV"
828,"500",4.88023271173944,"IV"
829,"500",6.16896777283551,"IV"
830,"500",5.29702511464984,"IV"
831,"500",4.70198184114876,"IV"
832,"500",4.62763602550449,"IV"
833,"500",5.86791765557706,"IV"
834,"500",4.37348738695436,"IV"
835,"500",4.68852613853994,"IV"
836,"500",4.78025368989664,"IV"
837,"500",5.63555170618801,"IV"
838,"500",4.13405577797424,"IV"
839,"500",4.41142069062894,"IV"
840,"500",5.64902220247637,"IV"
841,"500",3.93144038816194,"IV"
842,"500",4.13227392259316,"IV"
843,"500",4.2833263346418,"IV"
844,"500",3.70423852124976,"IV"
845,"500",5.78319666766598,"IV"
846,"500",NA,"IV"
847,"500",6.58196342796688,"IV"
848,"500",6.33891087999214,"IV"
849,"500",9.26320389408443,"IV"
850,"500",4.97604381500288,"IV"
851,"500",4.42773596778868,"IV"
852,"500",5.09531395816844,"IV"
853,"500",5.04552806722916,"IV"
854,"500",4.97886682477116,"IV"
855,"500",5.15380849579858,"IV"
856,"500",3.52484038794378,"IV"
857,"500",4.71441034737431,"IV"
858,"500",8.13095632167448,"IV"
859,"500",4.38624864522927,"IV"
860,"500",7.12281333902985,"IV"
861,"500",5.39332857423499,"IV"
862,"500",6.8414652924156,"IV"
863,"500",4.33983698878143,"IV"
864,"500",4.74887133161424,"IV"
865,"500",4.62226109627622,"IV"
866,"500",7.02171316659282,"IV"
867,"500",6.15726772208132,"IV"
868,"500",10.2410019425315,"IV"
869,"500",5.2024229779934,"IV"
870,"500",6.63504798013813,"IV"
871,"500",6.23737784570487,"IV"
872,"500",4.49757303762347,"IV"
873,"500",10.7033838978014,"IV"
874,"500",5.28626151818344,"IV"
875,"500",5.97133829548342,"IV"
876,"500",4.64101947734614,"IV"
877,"500",4.22159443556695,"IV"
878,"500",11.7555142352344,"IV"
879,"500",12.6954691236203,"IV"
880,"500",7.2791239174943,"IV"
881,"500",3.80015508557821,"IV"
882,"500",4.48689957849227,"IV"
883,"500",8.98033473856901,"IV"
884,"500",6.21598337166233,"IV"
885,"500",3.78862305364044,"IV"
886,"500",8.03103744177353,"IV"
887,"500",4.07128890975446,"IV"
888,"500",7.31900669938226,"IV"
889,"500",6.94548361932106,"IV"
890,"500",4.3259234927077,"IV"
891,"500",7.00397735377321,"IV"
892,"500",10.3982553925753,"IV"
893,"500",4.56748441138135,"IV"
894,"500",4.58950384206881,"IV"
895,"500",4.78742764732895,"IV"
896,"500",8.51458806905199,"IV"
897,"500",7.62019241147601,"IV"
898,"500",7.20185289593928,"IV"
899,"500",7.60860066283199,"IV"
900,"500",3.67466580515105,"IV"
901,"500",14.6154034278987,"IV"
902,"500",5.49881082086514,"IV"
903,"500",5.4929727391802,"IV"
904,"500",5.02979531688894,"IV"
905,"500",3.30754426577783,"IV"
906,"500",5.29259086223513,"IV"
907,"500",3.74008556420329,"IV"
908,"500",12.7137736423589,"IV"
909,"500",3.73958625646907,"IV"
910,"500",3.81840895408731,"IV"
911,"500",5.5744054295215,"IV"
912,"500",4.21926937688616,"IV"
913,"500",5.10023498363611,"IV"
914,"500",7.35320397825236,"IV"
915,"500",3.7760417036351,"IV"
916,"500",4.84158816878619,"IV"
917,"500",3.825520324111,"IV"
918,"500",4.64273085689347,"IV"
919,"500",3.79090704004665,"IV"
920,"500",4.80007127206691,"IV"
921,"500",5.02477121577012,"IV"
922,"500",5.30806978323488,"IV"
923,"500",7.60083392676218,"IV"
924,"500",7.86901384865352,"IV"
925,"500",4.47100548536188,"IV"
926,"500",4.41033136299212,"IV"
927,"500",4.36926785009915,"IV"
928,"500",5.24209484362424,"IV"
929,"500",7.2264773192859,"IV"
930,"500",3.98545789443591,"IV"
931,"500",9.22821795577791,"IV"
932,"500",4.6043219106913,"IV"
933,"500",4.54605995932396,"IV"
934,"500",6.69858384232652,"IV"
935,"500",4.37883494080153,"IV"
936,"500",4.66356607705629,"IV"
937,"500",4.00527331506769,"IV"
938,"500",8.53817430620263,"IV"
939,"500",4.33749653072426,"IV"
940,"500",4.68764556352215,"IV"
941,"500",5.23260372844152,"IV"
942,"500",4.57579745386257,"IV"
943,"500",4.20907883825846,"IV"
944,"500",4.3269915425917,"IV"
945,"500",4.61755413823321,"IV"
946,"500",5.37826043959858,"IV"
947,"500",5.34266042547101,"IV"
948,"500",11.8836569299329,"IV"
949,"500",4.21653156934353,"IV"
950,"500",7.597954818702,"IV"
951,"500",4.7377607310343,"IV"
952,"500",6.12916946847004,"IV"
953,"500",5.04980533524324,"IV"
954,"500",3.99639532502834,"IV"
955,"500",7.26663093109323,"IV"
956,"500",4.07491252395208,"IV"
957,"500",12.3278097549515,"IV"
958,"500",11.0442506944457,"IV"
959,"500",4.64234537210284,"IV"
960,"500",4.33238787976007,"IV"
961,"500",8.80575481236212,"IV"
962,"500",4.42967880362779,"IV"
963,"500",11.0520551302853,"IV"
964,"500",4.9464359171016,"IV"
965,"500",5.67543234081897,"IV"
966,"500",4.30579804459984,"IV"
967,"500",6.0275199690108,"IV"
968,"500",4.25323021780443,"IV"
969,"500",3.66695049121738,"IV"
970,"500",5.27663011685831,"IV"
971,"500",9.24915085858522,"IV"
972,"500",4.37956950524618,"IV"
973,"500",4.7510228017478,"IV"
974,"500",5.21370688822244,"IV"
975,"500",5.04232451243946,"IV"
976,"500",5.69556984766787,"IV"
977,"500",4.74885312865659,"IV"
978,"500",3.96211305617541,"IV"
979,"500",3.52601317117589,"IV"
980,"500",7.68821971265952,"IV"
981,"500",4.46543943460507,"IV"
982,"500",9.1510670879765,"IV"
983,"500",5.39443591635992,"IV"
984,"500",3.98636094336261,"IV"
985,"500",4.37035372305306,"IV"
986,"500",3.99935564049711,"IV"
987,"500",6.37843498901495,"IV"
988,"500",7.06360861120247,"IV"
989,"500",4.13497792993351,"IV"
990,"500",NA,"IV"
991,"500",3.75917591181725,"IV"
992,"500",5.02222824358431,"IV"
993,"500",5.50906621765055,"IV"
994,"500",4.44298071942598,"IV"
995,"500",8.09276693370506,"IV"
996,"500",7.2867501120436,"IV"
997,"500",3.93704200466695,"IV"
998,"500",3.9807035609598,"IV"
999,"500",5.85240491398061,"IV"
1000,"500",NA,"IV"
1,"1000",6.5245257997835,"IV"
2,"1000",5.08110569112656,"IV"
3,"1000",4.38749722663741,"IV"
4,"1000",5.08224469908202,"IV"
5,"1000",6.49413715540271,"IV"
6,"1000",5.44837184067129,"IV"
7,"1000",7.62703535190475,"IV"
8,"1000",4.65479558285574,"IV"
9,"1000",4.52100140515326,"IV"
10,"1000",8.15305199672048,"IV"
11,"1000",5.18144988767717,"IV"
12,"1000",4.64938318703134,"IV"
13,"1000",4.21645962941028,"IV"
14,"1000",4.67041302868778,"IV"
15,"1000",4.83484965536025,"IV"
16,"1000",5.39690014869498,"IV"
17,"1000",5.126755465469,"IV"
18,"1000",6.00256973738644,"IV"
19,"1000",4.58231751638372,"IV"
20,"1000",5.14270440864913,"IV"
21,"1000",4.09030739340578,"IV"
22,"1000",8.48096189123569,"IV"
23,"1000",6.02492421421387,"IV"
24,"1000",4.92224006978194,"IV"
25,"1000",4.34893128217281,"IV"
26,"1000",5.85571244689253,"IV"
27,"1000",4.81597646718942,"IV"
28,"1000",4.74017656887034,"IV"
29,"1000",4.79531264045901,"IV"
30,"1000",8.64888968874249,"IV"
31,"1000",4.08012968129379,"IV"
32,"1000",6.89044608171813,"IV"
33,"1000",6.71637341413625,"IV"
34,"1000",5.35332963782804,"IV"
35,"1000",6.47503820854433,"IV"
36,"1000",5.54210777657397,"IV"
37,"1000",5.18777355745862,"IV"
38,"1000",4.46973312191145,"IV"
39,"1000",6.88759058679895,"IV"
40,"1000",6.30260797755854,"IV"
41,"1000",5.71760580037252,"IV"
42,"1000",4.55993894058089,"IV"
43,"1000",5.50228641408655,"IV"
44,"1000",4.87646119548876,"IV"
45,"1000",4.75969772136602,"IV"
46,"1000",7.85575950375194,"IV"
47,"1000",4.62957846352444,"IV"
48,"1000",5.22981463748772,"IV"
49,"1000",4.8735976886711,"IV"
50,"1000",4.61718390692813,"IV"
51,"1000",6.79200056729671,"IV"
52,"1000",4.57981960779374,"IV"
53,"1000",4.30705938114476,"IV"
54,"1000",7.75627897253018,"IV"
55,"1000",5.91531932076182,"IV"
56,"1000",6.9602484207176,"IV"
57,"1000",5.62661881432353,"IV"
58,"1000",4.75238349539663,"IV"
59,"1000",5.07235228182464,"IV"
60,"1000",6.12184393032634,"IV"
61,"1000",5.18436346337295,"IV"
62,"1000",6.35340601125502,"IV"
63,"1000",4.75789177787187,"IV"
64,"1000",4.67015982577257,"IV"
65,"1000",5.12836186828377,"IV"
66,"1000",8.75861057736098,"IV"
67,"1000",4.70427602008313,"IV"
68,"1000",6.11664929266722,"IV"
69,"1000",5.87817616534348,"IV"
70,"1000",7.39265728232421,"IV"
71,"1000",4.3710873116748,"IV"
72,"1000",6.31420735311574,"IV"
73,"1000",6.02125020933082,"IV"
74,"1000",6.07406525420309,"IV"
75,"1000",4.64427708944115,"IV"
76,"1000",4.88873933469575,"IV"
77,"1000",5.66793721446169,"IV"
78,"1000",4.79504340692196,"IV"
79,"1000",4.29310261060352,"IV"
80,"1000",5.81125658582572,"IV"
81,"1000",6.27869857989719,"IV"
82,"1000",4.02444154744455,"IV"
83,"1000",4.27052634498644,"IV"
84,"1000",4.87733818161919,"IV"
85,"1000",7.54225518680492,"IV"
86,"1000",4.85914270878573,"IV"
87,"1000",6.37439788545262,"IV"
88,"1000",4.20574925317386,"IV"
89,"1000",4.53062008389546,"IV"
90,"1000",6.41360415028575,"IV"
91,"1000",5.59941375590695,"IV"
92,"1000",6.85356335408886,"IV"
93,"1000",6.63775376581186,"IV"
94,"1000",4.61165356246063,"IV"
95,"1000",6.5804886095259,"IV"
96,"1000",4.98734382558635,"IV"
97,"1000",4.55876770546773,"IV"
98,"1000",5.34209996436731,"IV"
99,"1000",3.94652058573795,"IV"
100,"1000",8.28417141968494,"IV"
101,"1000",4.91296951264739,"IV"
102,"1000",4.85858044550198,"IV"
103,"1000",10.9237867415744,"IV"
104,"1000",5.00373244004134,"IV"
105,"1000",6.08450109443638,"IV"
106,"1000",4.50041215878253,"IV"
107,"1000",5.33037497801837,"IV"
108,"1000",6.0301434268112,"IV"
109,"1000",5.19539508239211,"IV"
110,"1000",4.36304719384384,"IV"
111,"1000",5.60803863365288,"IV"
112,"1000",7.29313783451338,"IV"
113,"1000",6.27935216876766,"IV"
114,"1000",5.7099238371767,"IV"
115,"1000",3.89230202548412,"IV"
116,"1000",4.13511306414331,"IV"
117,"1000",9.27152026629522,"IV"
118,"1000",5.93486761630118,"IV"
119,"1000",5.29994140125253,"IV"
120,"1000",4.08373374318578,"IV"
121,"1000",4.63335541114396,"IV"
122,"1000",5.50580693123654,"IV"
123,"1000",6.86345065593934,"IV"
124,"1000",4.35679491142761,"IV"
125,"1000",6.83042814303825,"IV"
126,"1000",5.09350510640754,"IV"
127,"1000",6.30994652540053,"IV"
128,"1000",4.10538265330414,"IV"
129,"1000",3.86644076326153,"IV"
130,"1000",6.92364449806291,"IV"
131,"1000",5.64550991637335,"IV"
132,"1000",4.54134205182103,"IV"
133,"1000",6.32257512682508,"IV"
134,"1000",5.85678774919724,"IV"
135,"1000",5.39198074225268,"IV"
136,"1000",4.75169695856946,"IV"
137,"1000",7.32780143224123,"IV"
138,"1000",7.76454325092265,"IV"
139,"1000",5.5472036542774,"IV"
140,"1000",7.38213733155489,"IV"
141,"1000",7.0353048036388,"IV"
142,"1000",5.49956872660497,"IV"
143,"1000",5.33663368429818,"IV"
144,"1000",5.37465265159628,"IV"
145,"1000",5.12162620986648,"IV"
146,"1000",5.55894343956864,"IV"
147,"1000",4.49639970952811,"IV"
148,"1000",6.93394723175364,"IV"
149,"1000",5.16628594179357,"IV"
150,"1000",5.86154057036307,"IV"
151,"1000",4.08978820211325,"IV"
152,"1000",5.471247921085,"IV"
153,"1000",10.1557832374514,"IV"
154,"1000",4.51297622524873,"IV"
155,"1000",6.18401143120354,"IV"
156,"1000",6.48360379270817,"IV"
157,"1000",4.7723028291698,"IV"
158,"1000",5.42183511232562,"IV"
159,"1000",5.65675606513838,"IV"
160,"1000",4.6360145807425,"IV"
161,"1000",7.31266254933364,"IV"
162,"1000",7.03313523014212,"IV"
163,"1000",4.88282359512809,"IV"
164,"1000",3.87034346483942,"IV"
165,"1000",4.37462429296197,"IV"
166,"1000",5.68763262548576,"IV"
167,"1000",6.06230140826614,"IV"
168,"1000",6.49497093689108,"IV"
169,"1000",4.41068414013846,"IV"
170,"1000",4.21013893984321,"IV"
171,"1000",7.09653035714671,"IV"
172,"1000",8.35823018757112,"IV"
173,"1000",8.13661136238331,"IV"
174,"1000",5.24294012923173,"IV"
175,"1000",4.18663742895201,"IV"
176,"1000",4.25752687831052,"IV"
177,"1000",6.99892986991944,"IV"
178,"1000",3.83632435541611,"IV"
179,"1000",7.30090653751829,"IV"
180,"1000",5.26706942056005,"IV"
181,"1000",5.04574711128892,"IV"
182,"1000",6.88459963287735,"IV"
183,"1000",6.44276200718045,"IV"
184,"1000",7.27027148304398,"IV"
185,"1000",5.71786933813602,"IV"
186,"1000",7.21022559668833,"IV"
187,"1000",7.38605073343584,"IV"
188,"1000",4.53939129263977,"IV"
189,"1000",7.98084820216451,"IV"
190,"1000",NA,"IV"
191,"1000",5.10647720676898,"IV"
192,"1000",6.24415337728277,"IV"
193,"1000",5.33134107558552,"IV"
194,"1000",5.09465713845731,"IV"
195,"1000",4.6478698981726,"IV"
196,"1000",4.57988996232594,"IV"
197,"1000",6.16006811798046,"IV"
198,"1000",5.37445050832256,"IV"
199,"1000",5.83868283300542,"IV"
200,"1000",5.99688927351927,"IV"
201,"1000",4.31506735258233,"IV"
202,"1000",4.91810996929876,"IV"
203,"1000",4.80282500090174,"IV"
204,"1000",6.10479574191219,"IV"
205,"1000",12.4632670529915,"IV"
206,"1000",5.67818174815882,"IV"
207,"1000",6.28741975186904,"IV"
208,"1000",7.79650270808633,"IV"
209,"1000",4.87060030029025,"IV"
210,"1000",5.47314577146495,"IV"
211,"1000",6.62373803635509,"IV"
212,"1000",7.1137865722706,"IV"
213,"1000",4.3263100920628,"IV"
214,"1000",4.20855783332861,"IV"
215,"1000",4.66550995174493,"IV"
216,"1000",8.66205332922514,"IV"
217,"1000",3.94018221865179,"IV"
218,"1000",6.52791501503188,"IV"
219,"1000",5.03228578181201,"IV"
220,"1000",6.92144557808028,"IV"
221,"1000",9.04734150959404,"IV"
222,"1000",5.46248345032102,"IV"
223,"1000",5.62919162416113,"IV"
224,"1000",4.08440716235158,"IV"
225,"1000",5.97112907641828,"IV"
226,"1000",9.27978583077807,"IV"
227,"1000",4.72956357762552,"IV"
228,"1000",3.83982521067588,"IV"
229,"1000",4.41258529949776,"IV"
230,"1000",7.14206764523916,"IV"
231,"1000",5.94225993762599,"IV"
232,"1000",4.51972995612626,"IV"
233,"1000",4.32218109019966,"IV"
234,"1000",NA,"IV"
235,"1000",4.90268328286292,"IV"
236,"1000",5.6790987962999,"IV"
237,"1000",5.92959239814156,"IV"
238,"1000",4.49028312467148,"IV"
239,"1000",4.72141509367046,"IV"
240,"1000",7.07380578928777,"IV"
241,"1000",4.89017006605561,"IV"
242,"1000",5.43391605642873,"IV"
243,"1000",4.52528968623158,"IV"
244,"1000",5.76864207915561,"IV"
245,"1000",3.43026536142135,"IV"
246,"1000",4.03312485645777,"IV"
247,"1000",5.82253778596569,"IV"
248,"1000",6.16503489214237,"IV"
249,"1000",7.61482619483559,"IV"
250,"1000",5.40122902704605,"IV"
251,"1000",4.89543805352125,"IV"
252,"1000",4.13169125052283,"IV"
253,"1000",5.97497836301699,"IV"
254,"1000",4.52052974248824,"IV"
255,"1000",4.06444689297034,"IV"
256,"1000",5.71940312472061,"IV"
257,"1000",3.40378860548729,"IV"
258,"1000",8.66149367069696,"IV"
259,"1000",4.3155827111424,"IV"
260,"1000",4.9171303938943,"IV"
261,"1000",5.85969645364226,"IV"
262,"1000",8.9994578691036,"IV"
263,"1000",4.38155487696568,"IV"
264,"1000",5.01588059419992,"IV"
265,"1000",8.46617696402075,"IV"
266,"1000",5.17624501398152,"IV"
267,"1000",5.43085173043874,"IV"
268,"1000",6.08477173577076,"IV"
269,"1000",5.82547851550886,"IV"
270,"1000",5.32765497791994,"IV"
271,"1000",5.71878892606953,"IV"
272,"1000",6.94703364112452,"IV"
273,"1000",6.79209556773723,"IV"
274,"1000",4.91879353024007,"IV"
275,"1000",4.71947936451707,"IV"
276,"1000",6.31436520457505,"IV"
277,"1000",8.04324018303393,"IV"
278,"1000",7.04614475536073,"IV"
279,"1000",5.16109386796847,"IV"
280,"1000",4.92209739882296,"IV"
281,"1000",4.74073253425584,"IV"
282,"1000",4.45472272167444,"IV"
283,"1000",4.92913441731206,"IV"
284,"1000",7.16118849972386,"IV"
285,"1000",5.23208619078877,"IV"
286,"1000",5.56686739647014,"IV"
287,"1000",4.39994118468502,"IV"
288,"1000",4.60949063644646,"IV"
289,"1000",3.97474862417744,"IV"
290,"1000",7.40233281834674,"IV"
291,"1000",4.84311535083537,"IV"
292,"1000",4.06789257265799,"IV"
293,"1000",7.98795756092997,"IV"
294,"1000",4.81943122707616,"IV"
295,"1000",5.63118969850934,"IV"
296,"1000",11.126516467493,"IV"
297,"1000",6.51990656493923,"IV"
298,"1000",7.04316998968449,"IV"
299,"1000",6.37940212961482,"IV"
300,"1000",4.32247074294358,"IV"
301,"1000",7.17381177244983,"IV"
302,"1000",5.45749279785431,"IV"
303,"1000",6.02171249945023,"IV"
304,"1000",4.18417302774232,"IV"
305,"1000",4.49623185949291,"IV"
306,"1000",8.02909593718776,"IV"
307,"1000",4.0749162707259,"IV"
308,"1000",5.19724991838382,"IV"
309,"1000",4.70634504251256,"IV"
310,"1000",5.68984164043865,"IV"
311,"1000",5.35951367196916,"IV"
312,"1000",4.15573371223761,"IV"
313,"1000",5.39604023596535,"IV"
314,"1000",4.65386015072162,"IV"
315,"1000",4.10893283978605,"IV"
316,"1000",5.9587279870246,"IV"
317,"1000",5.84086627823885,"IV"
318,"1000",4.93834179574195,"IV"
319,"1000",6.34350343943855,"IV"
320,"1000",4.91048816494921,"IV"
321,"1000",4.51083285606968,"IV"
322,"1000",6.40774818745322,"IV"
323,"1000",6.34800050536978,"IV"
324,"1000",7.83356134524629,"IV"
325,"1000",4.53115070454559,"IV"
326,"1000",5.003108696955,"IV"
327,"1000",11.1979170650584,"IV"
328,"1000",5.39796075587128,"IV"
329,"1000",6.04047161642282,"IV"
330,"1000",4.94390539746547,"IV"
331,"1000",6.57277773962241,"IV"
332,"1000",4.1475473782909,"IV"
333,"1000",6.44488914380086,"IV"
334,"1000",6.3611714463506,"IV"
335,"1000",5.43721916588733,"IV"
336,"1000",4.57169818477121,"IV"
337,"1000",6.1013728342494,"IV"
338,"1000",4.96350131111633,"IV"
339,"1000",4.88142319030393,"IV"
340,"1000",6.32896703532893,"IV"
341,"1000",3.97102698662173,"IV"
342,"1000",6.61826839403873,"IV"
343,"1000",8.04873635781186,"IV"
344,"1000",4.56242046896348,"IV"
345,"1000",11.2110653819889,"IV"
346,"1000",7.26369606617088,"IV"
347,"1000",7.11586283792361,"IV"
348,"1000",4.05742538195035,"IV"
349,"1000",4.77798146239337,"IV"
350,"1000",4.89873459032894,"IV"
351,"1000",3.76476003257633,"IV"
352,"1000",4.00235055271336,"IV"
353,"1000",5.40258107935523,"IV"
354,"1000",11.0855317174894,"IV"
355,"1000",5.64239388047122,"IV"
356,"1000",NA,"IV"
357,"1000",4.5429635176008,"IV"
358,"1000",9.30890693859451,"IV"
359,"1000",5.06840137930645,"IV"
360,"1000",7.44364913172653,"IV"
361,"1000",6.91450745927772,"IV"
362,"1000",5.96566276803619,"IV"
363,"1000",6.24106480617765,"IV"
364,"1000",4.82448854140548,"IV"
365,"1000",4.12672673757963,"IV"
366,"1000",3.86519173005269,"IV"
367,"1000",4.62535562424263,"IV"
368,"1000",4.34152162540064,"IV"
369,"1000",4.4334048640686,"IV"
370,"1000",5.99496204045224,"IV"
371,"1000",4.15670974817377,"IV"
372,"1000",4.20582359246333,"IV"
373,"1000",4.45891627214295,"IV"
374,"1000",5.35640670383817,"IV"
375,"1000",6.3222970011706,"IV"
376,"1000",5.33799645235983,"IV"
377,"1000",5.83648303200832,"IV"
378,"1000",6.134894289798,"IV"
379,"1000",7.45629542250062,"IV"
380,"1000",4.29854870142803,"IV"
381,"1000",7.07778443572293,"IV"
382,"1000",6.25249048480784,"IV"
383,"1000",3.67135559985972,"IV"
384,"1000",4.80821730096847,"IV"
385,"1000",5.31791359226608,"IV"
386,"1000",5.79626551767106,"IV"
387,"1000",6.16975586128896,"IV"
388,"1000",6.33808658357924,"IV"
389,"1000",4.49492498656099,"IV"
390,"1000",5.3625279587156,"IV"
391,"1000",4.94349647877436,"IV"
392,"1000",5.10613768450767,"IV"
393,"1000",4.192834339407,"IV"
394,"1000",4.76675781697113,"IV"
395,"1000",6.19014714404073,"IV"
396,"1000",4.47793659618486,"IV"
397,"1000",10.3028258646538,"IV"
398,"1000",4.90482044891438,"IV"
399,"1000",4.34870978569734,"IV"
400,"1000",6.5936542751271,"IV"
401,"1000",4.88921055585399,"IV"
402,"1000",4.57902524563647,"IV"
403,"1000",6.14987967993432,"IV"
404,"1000",4.5832318158316,"IV"
405,"1000",8.13076544607952,"IV"
406,"1000",4.53536801996315,"IV"
407,"1000",5.1595643823118,"IV"
408,"1000",6.49495836622225,"IV"
409,"1000",8.95209280378013,"IV"
410,"1000",4.51089962424355,"IV"
411,"1000",12.3057183618087,"IV"
412,"1000",5.48181409428611,"IV"
413,"1000",5.42951843572944,"IV"
414,"1000",3.75977919294642,"IV"
415,"1000",4.41025085437258,"IV"
416,"1000",5.1023816830587,"IV"
417,"1000",4.66778782410183,"IV"
418,"1000",6.01883538881696,"IV"
419,"1000",5.33428568280178,"IV"
420,"1000",4.1436492862444,"IV"
421,"1000",5.80908176768213,"IV"
422,"1000",4.15564222949537,"IV"
423,"1000",4.99993855158252,"IV"
424,"1000",5.03823222457383,"IV"
425,"1000",5.37838631024284,"IV"
426,"1000",4.02463009002949,"IV"
427,"1000",4.62305242331589,"IV"
428,"1000",7.14345438158156,"IV"
429,"1000",4.38872987273974,"IV"
430,"1000",3.7969343005357,"IV"
431,"1000",5.95574537069721,"IV"
432,"1000",3.70578545906292,"IV"
433,"1000",4.83014866962793,"IV"
434,"1000",5.65873168826258,"IV"
435,"1000",9.05684553930276,"IV"
436,"1000",5.05932171564502,"IV"
437,"1000",4.80622977150851,"IV"
438,"1000",6.36657404649364,"IV"
439,"1000",5.43181123171548,"IV"
440,"1000",7.55177680681342,"IV"
441,"1000",4.79435418656694,"IV"
442,"1000",5.46482325772711,"IV"
443,"1000",8.97646369100997,"IV"
444,"1000",4.75386627339845,"IV"
445,"1000",5.57701878183005,"IV"
446,"1000",5.68142390271886,"IV"
447,"1000",6.47410289830305,"IV"
448,"1000",3.89120927371895,"IV"
449,"1000",6.61981181962148,"IV"
450,"1000",5.44195930732232,"IV"
451,"1000",5.50544455201042,"IV"
452,"1000",5.86724165977479,"IV"
453,"1000",5.60843911315845,"IV"
454,"1000",6.32967023494808,"IV"
455,"1000",6.15493509462168,"IV"
456,"1000",4.42918938646855,"IV"
457,"1000",5.40998313613707,"IV"
458,"1000",5.35013625990515,"IV"
459,"1000",5.00615761853543,"IV"
460,"1000",4.78373783055398,"IV"
461,"1000",6.49307865617093,"IV"
462,"1000",7.06132766378564,"IV"
463,"1000",5.90122477300741,"IV"
464,"1000",4.65725326867617,"IV"
465,"1000",7.46915100587792,"IV"
466,"1000",5.84042087401778,"IV"
467,"1000",3.75940667073025,"IV"
468,"1000",5.44669613788943,"IV"
469,"1000",4.99409657063648,"IV"
470,"1000",7.49483435339511,"IV"
471,"1000",7.7157770098127,"IV"
472,"1000",6.14239571462505,"IV"
473,"1000",7.91037166839314,"IV"
474,"1000",3.84350538897267,"IV"
475,"1000",5.6426127211452,"IV"
476,"1000",7.65539252673466,"IV"
477,"1000",4.48520629351488,"IV"
478,"1000",4.71709786302611,"IV"
479,"1000",8.67639600342308,"IV"
480,"1000",5.86605065009184,"IV"
481,"1000",8.96375005813315,"IV"
482,"1000",4.85704313715128,"IV"
483,"1000",5.52031690234103,"IV"
484,"1000",4.35419957969157,"IV"
485,"1000",6.88451287549148,"IV"
486,"1000",7.95903459733759,"IV"
487,"1000",5.56748681406035,"IV"
488,"1000",7.57526011746649,"IV"
489,"1000",5.15129251161869,"IV"
490,"1000",6.43733780197409,"IV"
491,"1000",11.3351787241706,"IV"
492,"1000",7.15633555849544,"IV"
493,"1000",5.48115687823924,"IV"
494,"1000",6.19113658270454,"IV"
495,"1000",9.19243452258693,"IV"
496,"1000",4.16491701895545,"IV"
497,"1000",5.80192616279069,"IV"
498,"1000",4.37191859990126,"IV"
499,"1000",5.61726761777362,"IV"
500,"1000",5.19469532460474,"IV"
501,"1000",4.53837773541325,"IV"
502,"1000",4.32511627452255,"IV"
503,"1000",4.04778409490805,"IV"
504,"1000",7.81724787088667,"IV"
505,"1000",8.06146391894611,"IV"
506,"1000",7.16443321520777,"IV"
507,"1000",6.5809538929413,"IV"
508,"1000",3.99835418150466,"IV"
509,"1000",4.60502183015263,"IV"
510,"1000",5.64134124476977,"IV"
511,"1000",4.34705190469182,"IV"
512,"1000",4.51064252095336,"IV"
513,"1000",5.08688018462721,"IV"
514,"1000",7.61206370386633,"IV"
515,"1000",4.4644615920579,"IV"
516,"1000",4.06341009004186,"IV"
517,"1000",4.50702640178556,"IV"
518,"1000",4.15326961358429,"IV"
519,"1000",5.31794347634019,"IV"
520,"1000",4.5904410972878,"IV"
521,"1000",5.30229815092057,"IV"
522,"1000",5.08715037923237,"IV"
523,"1000",8.76830176227091,"IV"
524,"1000",5.75422223371097,"IV"
525,"1000",6.37733531917175,"IV"
526,"1000",4.71761720012357,"IV"
527,"1000",4.77551439955616,"IV"
528,"1000",4.08973499335685,"IV"
529,"1000",6.59052410268166,"IV"
530,"1000",5.23903671733177,"IV"
531,"1000",4.96368809290959,"IV"
532,"1000",6.29097581846397,"IV"
533,"1000",5.8204038674797,"IV"
534,"1000",5.58782103438586,"IV"
535,"1000",4.36181530002657,"IV"
536,"1000",6.50341187871982,"IV"
537,"1000",4.79915896970339,"IV"
538,"1000",5.29349198397184,"IV"
539,"1000",5.2437421464345,"IV"
540,"1000",6.00971287486712,"IV"
541,"1000",6.44332135528494,"IV"
542,"1000",5.38918713251301,"IV"
543,"1000",7.09389277054142,"IV"
544,"1000",5.08521395760079,"IV"
545,"1000",8.84127774100127,"IV"
546,"1000",4.11349639700697,"IV"
547,"1000",5.70445666474026,"IV"
548,"1000",7.03173454525884,"IV"
549,"1000",4.50617264217475,"IV"
550,"1000",4.96047176346293,"IV"
551,"1000",4.36418157186306,"IV"
552,"1000",9.58330991415262,"IV"
553,"1000",7.81058585159679,"IV"
554,"1000",4.78895600418626,"IV"
555,"1000",5.07401797437821,"IV"
556,"1000",4.84184864554367,"IV"
557,"1000",3.91196360434352,"IV"
558,"1000",4.88203344585551,"IV"
559,"1000",5.66965160254001,"IV"
560,"1000",4.98034401538804,"IV"
561,"1000",4.70242497348506,"IV"
562,"1000",6.43971159713755,"IV"
563,"1000",4.9899190130747,"IV"
564,"1000",5.77339554571981,"IV"
565,"1000",4.84667867175401,"IV"
566,"1000",4.94664380970732,"IV"
567,"1000",4.92240419749249,"IV"
568,"1000",5.78866380798609,"IV"
569,"1000",4.77068062172663,"IV"
570,"1000",5.12857395814355,"IV"
571,"1000",7.27979661226956,"IV"
572,"1000",9.05308183655796,"IV"
573,"1000",4.92057318178411,"IV"
574,"1000",6.56473732813908,"IV"
575,"1000",5.61832573215168,"IV"
576,"1000",7.10198691188416,"IV"
577,"1000",6.45790324476213,"IV"
578,"1000",6.41199164612005,"IV"
579,"1000",5.64980162794727,"IV"
580,"1000",4.33645747729223,"IV"
581,"1000",6.62226081487961,"IV"
582,"1000",5.61621973714143,"IV"
583,"1000",5.50946250949848,"IV"
584,"1000",6.21889387313713,"IV"
585,"1000",6.59410849951186,"IV"
586,"1000",6.58553316132245,"IV"
587,"1000",12.0866571497,"IV"
588,"1000",6.4236089893184,"IV"
589,"1000",6.54473370060349,"IV"
590,"1000",4.36796633985844,"IV"
591,"1000",3.968719618309,"IV"
592,"1000",4.49707070076722,"IV"
593,"1000",6.255097355211,"IV"
594,"1000",5.00331238502839,"IV"
595,"1000",5.64233183941877,"IV"
596,"1000",4.26531479854323,"IV"
597,"1000",6.86720799839548,"IV"
598,"1000",8.03190671877533,"IV"
599,"1000",4.16195476019704,"IV"
600,"1000",6.07019112261284,"IV"
601,"1000",7.43793996137347,"IV"
602,"1000",4.37559246886454,"IV"
603,"1000",5.69298847313046,"IV"
604,"1000",6.9336926488964,"IV"
605,"1000",3.91958122582862,"IV"
606,"1000",4.82124567739476,"IV"
607,"1000",4.35765092272028,"IV"
608,"1000",5.06588229738818,"IV"
609,"1000",5.32124230939164,"IV"
610,"1000",6.88390645717535,"IV"
611,"1000",4.50374358122262,"IV"
612,"1000",8.23946397911484,"IV"
613,"1000",7.34511739482494,"IV"
614,"1000",7.46489432287023,"IV"
615,"1000",5.9017318994315,"IV"
616,"1000",7.44309071740074,"IV"
617,"1000",7.64845440013606,"IV"
618,"1000",6.54125487135231,"IV"
619,"1000",3.98501156253026,"IV"
620,"1000",6.8748024163246,"IV"
621,"1000",5.2352181126131,"IV"
622,"1000",5.25925910273496,"IV"
623,"1000",4.26104030543715,"IV"
624,"1000",3.91548971874653,"IV"
625,"1000",4.43712930245633,"IV"
626,"1000",5.06042969055555,"IV"
627,"1000",4.26408205115157,"IV"
628,"1000",5.20218503529587,"IV"
629,"1000",6.83974879947045,"IV"
630,"1000",4.66538045551478,"IV"
631,"1000",4.69418837638374,"IV"
632,"1000",6.54245532362962,"IV"
633,"1000",4.54763163546732,"IV"
634,"1000",14.8838971177707,"IV"
635,"1000",7.03830692779746,"IV"
636,"1000",5.23762280828189,"IV"
637,"1000",4.84381380851998,"IV"
638,"1000",6.4478099768758,"IV"
639,"1000",4.76146987268598,"IV"
640,"1000",4.45125556821994,"IV"
641,"1000",3.98270867845773,"IV"
642,"1000",4.72871272776272,"IV"
643,"1000",5.89471629014255,"IV"
644,"1000",9.01966429587664,"IV"
645,"1000",5.26209709788501,"IV"
646,"1000",3.85931412032042,"IV"
647,"1000",6.45981753448927,"IV"
648,"1000",10.7492397593009,"IV"
649,"1000",6.70517861192625,"IV"
650,"1000",NA,"IV"
651,"1000",4.7001232386877,"IV"
652,"1000",4.34248174479453,"IV"
653,"1000",6.99071346313539,"IV"
654,"1000",6.3449994276272,"IV"
655,"1000",4.94803831912077,"IV"
656,"1000",5.08951866604168,"IV"
657,"1000",8.79346070110693,"IV"
658,"1000",5.73235025585333,"IV"
659,"1000",4.80899792177759,"IV"
660,"1000",4.77590702715608,"IV"
661,"1000",9.39458634221704,"IV"
662,"1000",3.9173926658378,"IV"
663,"1000",5.13391345813519,"IV"
664,"1000",4.50371291794703,"IV"
665,"1000",6.35115876252347,"IV"
666,"1000",6.12667686974278,"IV"
667,"1000",5.70853084936138,"IV"
668,"1000",4.06722792394823,"IV"
669,"1000",4.84212070954269,"IV"
670,"1000",4.55888723712973,"IV"
671,"1000",6.15961496746907,"IV"
672,"1000",4.3604681488543,"IV"
673,"1000",5.09358971198766,"IV"
674,"1000",4.12625036687966,"IV"
675,"1000",4.9683468484333,"IV"
676,"1000",4.04890330762018,"IV"
677,"1000",3.93419491752975,"IV"
678,"1000",4.31264818513793,"IV"
679,"1000",6.63553281674416,"IV"
680,"1000",4.41563844434554,"IV"
681,"1000",4.29542506776099,"IV"
682,"1000",4.19771266795008,"IV"
683,"1000",5.40500217874388,"IV"
684,"1000",7.88485956643052,"IV"
685,"1000",5.9755707324489,"IV"
686,"1000",6.14788660193692,"IV"
687,"1000",8.52689847623764,"IV"
688,"1000",4.58544224277715,"IV"
689,"1000",3.87082764560745,"IV"
690,"1000",5.31680288471908,"IV"
691,"1000",4.02345031992769,"IV"
692,"1000",6.1293401984177,"IV"
693,"1000",5.99628085970931,"IV"
694,"1000",6.49339718579189,"IV"
695,"1000",4.97609952461292,"IV"
696,"1000",6.49879582062037,"IV"
697,"1000",3.75839833260649,"IV"
698,"1000",3.99689920024508,"IV"
699,"1000",NA,"IV"
700,"1000",4.64893278326871,"IV"
701,"1000",5.90171804694118,"IV"
702,"1000",6.19203095130765,"IV"
703,"1000",6.52285516605768,"IV"
704,"1000",4.15122020534866,"IV"
705,"1000",5.99172433983086,"IV"
706,"1000",5.29760841910091,"IV"
707,"1000",5.90301166242674,"IV"
708,"1000",5.56402129880017,"IV"
709,"1000",4.9629165924635,"IV"
710,"1000",4.64838171193705,"IV"
711,"1000",5.43862994383477,"IV"
712,"1000",5.10060040335791,"IV"
713,"1000",5.95727232958683,"IV"
714,"1000",3.74563799963545,"IV"
715,"1000",6.08068285960137,"IV"
716,"1000",12.3231123979962,"IV"
717,"1000",7.17496859172142,"IV"
718,"1000",5.97142058124609,"IV"
719,"1000",4.71237337543627,"IV"
720,"1000",4.15417313978548,"IV"
721,"1000",5.00966569611828,"IV"
722,"1000",5.15310616121882,"IV"
723,"1000",5.60691731150355,"IV"
724,"1000",4.46199348120872,"IV"
725,"1000",6.69894956169596,"IV"
726,"1000",5.55487619276796,"IV"
727,"1000",4.15643933077233,"IV"
728,"1000",4.9969599989329,"IV"
729,"1000",6.96411145649156,"IV"
730,"1000",4.99551166240849,"IV"
731,"1000",5.67917085236038,"IV"
732,"1000",5.49908226092472,"IV"
733,"1000",5.37339702437453,"IV"
734,"1000",4.31075270492944,"IV"
735,"1000",5.02056744228672,"IV"
736,"1000",6.83080274065949,"IV"
737,"1000",4.8864232239328,"IV"
738,"1000",7.51893896746876,"IV"
739,"1000",4.46024516024372,"IV"
740,"1000",7.61332076128203,"IV"
741,"1000",4.86822815022904,"IV"
742,"1000",8.51109837200564,"IV"
743,"1000",4.55672642983753,"IV"
744,"1000",5.1862399438909,"IV"
745,"1000",5.11129146326713,"IV"
746,"1000",5.18919312345598,"IV"
747,"1000",6.90828063814004,"IV"
748,"1000",4.31478434374304,"IV"
749,"1000",4.34002687603884,"IV"
750,"1000",5.5641403638999,"IV"
751,"1000",4.60172720973731,"IV"
752,"1000",5.57801418919338,"IV"
753,"1000",5.90686861596484,"IV"
754,"1000",7.6874889596818,"IV"
755,"1000",6.83311445670851,"IV"
756,"1000",6.18539870709498,"IV"
757,"1000",6.62243970256008,"IV"
758,"1000",4.79984302908618,"IV"
759,"1000",5.3194025368911,"IV"
760,"1000",4.63616217066118,"IV"
761,"1000",6.84121728861504,"IV"
762,"1000",8.14064482056819,"IV"
763,"1000",8.02164270616065,"IV"
764,"1000",6.38809015173845,"IV"
765,"1000",4.9622748205575,"IV"
766,"1000",3.72121410550231,"IV"
767,"1000",13.2363667816656,"IV"
768,"1000",3.95107355052365,"IV"
769,"1000",4.46281345277502,"IV"
770,"1000",6.89965594314268,"IV"
771,"1000",4.05341006217501,"IV"
772,"1000",4.28867812486791,"IV"
773,"1000",4.37927191008079,"IV"
774,"1000",4.35339097463333,"IV"
775,"1000",5.03850437265136,"IV"
776,"1000",5.65667223886269,"IV"
777,"1000",4.77314116818849,"IV"
778,"1000",6.46916791878923,"IV"
779,"1000",4.62344396258048,"IV"
780,"1000",5.14338248261364,"IV"
781,"1000",7.66633962130586,"IV"
782,"1000",4.13815137171125,"IV"
783,"1000",5.20377579067018,"IV"
784,"1000",6.5449339777484,"IV"
785,"1000",4.63175571406006,"IV"
786,"1000",6.6615384879244,"IV"
787,"1000",5.64572638135648,"IV"
788,"1000",4.9599682458515,"IV"
789,"1000",6.26348016019328,"IV"
790,"1000",4.52147508503262,"IV"
791,"1000",4.32917689103827,"IV"
792,"1000",NA,"IV"
793,"1000",5.4354113939027,"IV"
794,"1000",5.64349056181374,"IV"
795,"1000",5.53808947855363,"IV"
796,"1000",4.5271312997631,"IV"
797,"1000",5.36499203689912,"IV"
798,"1000",6.08942487426738,"IV"
799,"1000",5.16454458383668,"IV"
800,"1000",3.97815113623242,"IV"
801,"1000",12.244662371045,"IV"
802,"1000",7.06060172647988,"IV"
803,"1000",4.29584049006596,"IV"
804,"1000",5.34487812562446,"IV"
805,"1000",3.89541594268785,"IV"
806,"1000",6.30926914114603,"IV"
807,"1000",4.78492802053836,"IV"
808,"1000",5.72701846633796,"IV"
809,"1000",4.5001652642697,"IV"
810,"1000",5.44815244187956,"IV"
811,"1000",5.86848422267213,"IV"
812,"1000",5.63131787175774,"IV"
813,"1000",6.44746053073555,"IV"
814,"1000",4.50036286304719,"IV"
815,"1000",4.64401706438327,"IV"
816,"1000",5.44868215374129,"IV"
817,"1000",6.29160513117261,"IV"
818,"1000",4.15792703431123,"IV"
819,"1000",4.70279502795684,"IV"
820,"1000",6.08429966101071,"IV"
821,"1000",5.91045767538733,"IV"
822,"1000",4.52525795912509,"IV"
823,"1000",4.6313943347823,"IV"
824,"1000",6.80268854345556,"IV"
825,"1000",5.209780238509,"IV"
826,"1000",5.56514708846412,"IV"
827,"1000",6.43590576910217,"IV"
828,"1000",4.72989829133779,"IV"
829,"1000",5.1794425220193,"IV"
830,"1000",4.80639119527451,"IV"
831,"1000",4.61271196372845,"IV"
832,"1000",6.04250596813317,"IV"
833,"1000",4.88651682320119,"IV"
834,"1000",7.07819027375547,"IV"
835,"1000",6.72004412893028,"IV"
836,"1000",7.66908140502524,"IV"
837,"1000",3.91462883612601,"IV"
838,"1000",4.59503099439466,"IV"
839,"1000",5.60132229228296,"IV"
840,"1000",6.2983079526201,"IV"
841,"1000",4.71509093652919,"IV"
842,"1000",8.09903730556595,"IV"
843,"1000",4.53043120001183,"IV"
844,"1000",4.15393407225775,"IV"
845,"1000",8.01935689145902,"IV"
846,"1000",4.89256344596441,"IV"
847,"1000",5.95158286578896,"IV"
848,"1000",6.57749830865541,"IV"
849,"1000",7.59773834669399,"IV"
850,"1000",4.54219746734367,"IV"
851,"1000",5.87157847105313,"IV"
852,"1000",5.44931733084429,"IV"
853,"1000",5.69216652607923,"IV"
854,"1000",8.18951550042903,"IV"
855,"1000",4.29365230222529,"IV"
856,"1000",6.33706764052794,"IV"
857,"1000",4.55909718470894,"IV"
858,"1000",5.47075891278999,"IV"
859,"1000",4.86842571255389,"IV"
860,"1000",3.83585961937769,"IV"
861,"1000",4.02334599126009,"IV"
862,"1000",7.69293377921968,"IV"
863,"1000",4.50833376848824,"IV"
864,"1000",4.79237416043381,"IV"
865,"1000",4.5951195013149,"IV"
866,"1000",4.48012815389991,"IV"
867,"1000",4.98390237262074,"IV"
868,"1000",4.65267216354293,"IV"
869,"1000",3.80636121571898,"IV"
870,"1000",4.99301518601348,"IV"
871,"1000",4.42898620098782,"IV"
872,"1000",6.65585487248783,"IV"
873,"1000",6.72654774497106,"IV"
874,"1000",4.46622609159318,"IV"
875,"1000",4.65062653437765,"IV"
876,"1000",4.06497681683952,"IV"
877,"1000",4.30836551503458,"IV"
878,"1000",5.60752266636646,"IV"
879,"1000",5.09814171504845,"IV"
880,"1000",5.69924873382709,"IV"
881,"1000",5.12992327076109,"IV"
882,"1000",5.21757152095593,"IV"
883,"1000",5.80407215296556,"IV"
884,"1000",5.67471165244824,"IV"
885,"1000",6.08820574053736,"IV"
886,"1000",3.80663438989723,"IV"
887,"1000",5.51865949301765,"IV"
888,"1000",5.44650811360614,"IV"
889,"1000",6.48583908347621,"IV"
890,"1000",4.4214825510787,"IV"
891,"1000",4.63499332307518,"IV"
892,"1000",5.12437679678459,"IV"
893,"1000",7.07304685867572,"IV"
894,"1000",4.98530543884323,"IV"
895,"1000",5.28572778410278,"IV"
896,"1000",5.09484027181835,"IV"
897,"1000",5.30470738612744,"IV"
898,"1000",5.78319377384557,"IV"
899,"1000",7.85805686182082,"IV"
900,"1000",5.74486247994866,"IV"
901,"1000",7.04407489811497,"IV"
902,"1000",6.09595849354208,"IV"
903,"1000",6.95785474388915,"IV"
904,"1000",4.61829477340081,"IV"
905,"1000",7.1853636709603,"IV"
906,"1000",7.41088282977337,"IV"
907,"1000",4.9010344555453,"IV"
908,"1000",8.37228402452091,"IV"
909,"1000",6.01565274813768,"IV"
910,"1000",5.71472804315305,"IV"
911,"1000",5.37905848920847,"IV"
912,"1000",4.16069147175065,"IV"
913,"1000",4.53455828066712,"IV"
914,"1000",4.67742308646082,"IV"
915,"1000",4.30110378604272,"IV"
916,"1000",4.6573965518292,"IV"
917,"1000",5.29961700059209,"IV"
918,"1000",6.18699878338699,"IV"
919,"1000",5.92546493321353,"IV"
920,"1000",5.73295664704142,"IV"
921,"1000",6.8564136522735,"IV"
922,"1000",4.61603532528907,"IV"
923,"1000",7.01165429986114,"IV"
924,"1000",11.9037129430509,"IV"
925,"1000",4.46286136420535,"IV"
926,"1000",4.37304866997756,"IV"
927,"1000",5.74164399947642,"IV"
928,"1000",5.01991856777783,"IV"
929,"1000",5.91907129823653,"IV"
930,"1000",7.18190518356469,"IV"
931,"1000",5.54089844289233,"IV"
932,"1000",4.26175054183761,"IV"
933,"1000",7.60103013235662,"IV"
934,"1000",4.27959347031368,"IV"
935,"1000",10.4042489643528,"IV"
936,"1000",6.01983888657009,"IV"
937,"1000",5.94677426186536,"IV"
938,"1000",3.83500012512161,"IV"
939,"1000",5.95020196339728,"IV"
940,"1000",5.30910473938245,"IV"
941,"1000",4.60109911817825,"IV"
942,"1000",4.25043915278652,"IV"
943,"1000",4.02829351712223,"IV"
944,"1000",5.31926443277882,"IV"
945,"1000",5.43576424452137,"IV"
946,"1000",3.99384146424943,"IV"
947,"1000",6.15650934870986,"IV"
948,"1000",5.01843564513245,"IV"
949,"1000",4.44006206772297,"IV"
950,"1000",5.43355190281131,"IV"
951,"1000",5.65794169924265,"IV"
952,"1000",6.57006122691021,"IV"
953,"1000",5.55626195416076,"IV"
954,"1000",5.39671547590169,"IV"
955,"1000",9.94067631255025,"IV"
956,"1000",4.2232516281691,"IV"
957,"1000",5.67542203970874,"IV"
958,"1000",5.0204918846848,"IV"
959,"1000",4.36661018001856,"IV"
960,"1000",7.8489695651885,"IV"
961,"1000",4.4202742402552,"IV"
962,"1000",5.0418450412576,"IV"
963,"1000",6.78124873236231,"IV"
964,"1000",5.09121348584176,"IV"
965,"1000",3.78727987973225,"IV"
966,"1000",4.42149641933539,"IV"
967,"1000",5.3258185896623,"IV"
968,"1000",11.4371519386952,"IV"
969,"1000",5.94813258129784,"IV"
970,"1000",NA,"IV"
971,"1000",4.7684778710732,"IV"
972,"1000",4.62252593636503,"IV"
973,"1000",5.22655607329156,"IV"
974,"1000",3.98423821192661,"IV"
975,"1000",5.52122930777283,"IV"
976,"1000",5.83049876315536,"IV"
977,"1000",5.1445661371684,"IV"
978,"1000",4.56041178432065,"IV"
979,"1000",4.71118610059034,"IV"
980,"1000",5.35311993199357,"IV"
981,"1000",4.97028186132833,"IV"
982,"1000",6.74101937697752,"IV"
983,"1000",4.44842815035033,"IV"
984,"1000",4.45328504262126,"IV"
985,"1000",4.4360548522553,"IV"
986,"1000",5.18200568469137,"IV"
987,"1000",6.87434470924687,"IV"
988,"1000",6.75279497342751,"IV"
989,"1000",4.97829108275714,"IV"
990,"1000",5.00670250444201,"IV"
991,"1000",4.42815943845482,"IV"
992,"1000",5.5340898980091,"IV"
993,"1000",5.88030339401674,"IV"
994,"1000",4.53483442482994,"IV"
995,"1000",6.65417342974653,"IV"
996,"1000",4.41229691636875,"IV"
997,"1000",4.44228092972506,"IV"
998,"1000",5.53083189966458,"IV"
999,"1000",7.337464180326,"IV"
1000,"1000",3.70864386258698,"IV"
1,"2000",4.71825441613701,"IV"
2,"2000",3.95444495260907,"IV"
3,"2000",4.83971856997627,"IV"
4,"2000",5.37701609494531,"IV"
5,"2000",5.30144859125633,"IV"
6,"2000",5.14397250732647,"IV"
7,"2000",5.15259561427437,"IV"
8,"2000",5.74410987735012,"IV"
9,"2000",6.98335667754853,"IV"
10,"2000",6.23194316095642,"IV"
11,"2000",5.03086204796487,"IV"
12,"2000",6.57725653873292,"IV"
13,"2000",5.20543759594529,"IV"
14,"2000",4.48510514689796,"IV"
15,"2000",4.5608107805843,"IV"
16,"2000",5.76405285633438,"IV"
17,"2000",4.04489979979506,"IV"
18,"2000",5.41065149118321,"IV"
19,"2000",5.23871846477353,"IV"
20,"2000",5.73295376319195,"IV"
21,"2000",5.94901880106818,"IV"
22,"2000",4.73186832769592,"IV"
23,"2000",6.32831824876478,"IV"
24,"2000",5.66110209911272,"IV"
25,"2000",6.77630879085739,"IV"
26,"2000",4.93978093249794,"IV"
27,"2000",4.17517324738398,"IV"
28,"2000",4.845202024832,"IV"
29,"2000",6.29817803678549,"IV"
30,"2000",6.63774708741638,"IV"
31,"2000",4.76916866065246,"IV"
32,"2000",5.42012870139634,"IV"
33,"2000",4.45794828380373,"IV"
34,"2000",5.53819860291939,"IV"
35,"2000",5.35552545013653,"IV"
36,"2000",5.38385667293139,"IV"
37,"2000",4.62285080035304,"IV"
38,"2000",5.26265712215447,"IV"
39,"2000",5.73903979192479,"IV"
40,"2000",4.01870846251878,"IV"
41,"2000",5.41114792900426,"IV"
42,"2000",4.94853955385729,"IV"
43,"2000",5.11544199098238,"IV"
44,"2000",5.09079556306107,"IV"
45,"2000",5.50281188445308,"IV"
46,"2000",4.73915288666316,"IV"
47,"2000",6.2769228103511,"IV"
48,"2000",5.20332847579748,"IV"
49,"2000",5.4995038059469,"IV"
50,"2000",6.43432883105991,"IV"
51,"2000",7.05758313783771,"IV"
52,"2000",5.61570871712399,"IV"
53,"2000",8.24565195903694,"IV"
54,"2000",5.14553562212982,"IV"
55,"2000",5.19365588390573,"IV"
56,"2000",4.68026654284214,"IV"
57,"2000",4.87785888080684,"IV"
58,"2000",6.24669223070817,"IV"
59,"2000",4.6772434238987,"IV"
60,"2000",5.9452395267454,"IV"
61,"2000",6.7222866889829,"IV"
62,"2000",6.1273464431084,"IV"
63,"2000",6.92979556305125,"IV"
64,"2000",5.43215181254711,"IV"
65,"2000",5.42473801067319,"IV"
66,"2000",8.89788574143569,"IV"
67,"2000",9.96720891146631,"IV"
68,"2000",4.56245381996845,"IV"
69,"2000",5.03321378593922,"IV"
70,"2000",4.74224640045618,"IV"
71,"2000",4.83818239199394,"IV"
72,"2000",4.08318842709388,"IV"
73,"2000",6.47624496013648,"IV"
74,"2000",4.71379019992695,"IV"
75,"2000",5.06806614208636,"IV"
76,"2000",5.62867091781811,"IV"
77,"2000",5.1595291702688,"IV"
78,"2000",5.28314702748319,"IV"
79,"2000",4.54860911151114,"IV"
80,"2000",5.17703084419259,"IV"
81,"2000",4.20145860352532,"IV"
82,"2000",4.85810952977016,"IV"
83,"2000",4.75632220019289,"IV"
84,"2000",5.55818726108849,"IV"
85,"2000",6.2772423476833,"IV"
86,"2000",4.33706891223764,"IV"
87,"2000",5.84133713692036,"IV"
88,"2000",4.68280800236925,"IV"
89,"2000",6.06168337461823,"IV"
90,"2000",5.04207250503333,"IV"
91,"2000",3.98809726575586,"IV"
92,"2000",6.05023482021491,"IV"
93,"2000",4.34860726614946,"IV"
94,"2000",5.99177697274512,"IV"
95,"2000",6.5287277931693,"IV"
96,"2000",4.81997385893821,"IV"
97,"2000",4.88024484096173,"IV"
98,"2000",5.2607388470808,"IV"
99,"2000",5.3856370393118,"IV"
100,"2000",3.93579208946268,"IV"
101,"2000",5.41566783360061,"IV"
102,"2000",5.31426647330446,"IV"
103,"2000",5.22979744579556,"IV"
104,"2000",6.37897989409283,"IV"
105,"2000",6.01628902177888,"IV"
106,"2000",7.52520918982664,"IV"
107,"2000",7.95988519773739,"IV"
108,"2000",5.24309662846399,"IV"
109,"2000",7.44567777729489,"IV"
110,"2000",6.45868610422601,"IV"
111,"2000",5.32569670408725,"IV"
112,"2000",5.52384262192859,"IV"
113,"2000",6.41717547553359,"IV"
114,"2000",5.60757951005136,"IV"
115,"2000",6.44379398491994,"IV"
116,"2000",6.30480871673587,"IV"
117,"2000",5.76424738732965,"IV"
118,"2000",5.85817959970399,"IV"
119,"2000",5.23943638722157,"IV"
120,"2000",6.59040839155788,"IV"
121,"2000",4.74276445428637,"IV"
122,"2000",5.40570732117756,"IV"
123,"2000",5.57775414123038,"IV"
124,"2000",4.55146951700148,"IV"
125,"2000",6.26089808808783,"IV"
126,"2000",4.86504678186188,"IV"
127,"2000",6.21080956222609,"IV"
128,"2000",4.579460834545,"IV"
129,"2000",6.04974996954733,"IV"
130,"2000",5.07614410656547,"IV"
131,"2000",5.58077296310021,"IV"
132,"2000",4.65232899155226,"IV"
133,"2000",7.12991041311046,"IV"
134,"2000",4.49577901427028,"IV"
135,"2000",4.44283751982796,"IV"
136,"2000",10.6544629705407,"IV"
137,"2000",5.29830377805302,"IV"
138,"2000",5.44841307012897,"IV"
139,"2000",8.40815480237577,"IV"
140,"2000",4.49829449799935,"IV"
141,"2000",5.23394719114055,"IV"
142,"2000",4.2800015296897,"IV"
143,"2000",6.56823993054964,"IV"
144,"2000",5.78388369173379,"IV"
145,"2000",9.02866955264995,"IV"
146,"2000",4.47437386590454,"IV"
147,"2000",4.83526395298242,"IV"
148,"2000",4.43167991684994,"IV"
149,"2000",5.91642902515237,"IV"
150,"2000",5.45720908241718,"IV"
151,"2000",4.30023650852775,"IV"
152,"2000",4.7534210871282,"IV"
153,"2000",6.31634498486376,"IV"
154,"2000",5.13544150725914,"IV"
155,"2000",5.81738554928598,"IV"
156,"2000",4.36148842844445,"IV"
157,"2000",5.84294363765741,"IV"
158,"2000",4.82909706287348,"IV"
159,"2000",4.4659745477932,"IV"
160,"2000",5.57363582425337,"IV"
161,"2000",5.63242312811567,"IV"
162,"2000",5.09648708162211,"IV"
163,"2000",7.06984881582027,"IV"
164,"2000",4.60631379262043,"IV"
165,"2000",7.96826647073183,"IV"
166,"2000",5.49671185892571,"IV"
167,"2000",4.96071543093886,"IV"
168,"2000",5.05194709337304,"IV"
169,"2000",5.3692208955608,"IV"
170,"2000",4.57521535314176,"IV"
171,"2000",4.23005603586935,"IV"
172,"2000",4.97754052970009,"IV"
173,"2000",9.01620166082648,"IV"
174,"2000",4.329385226433,"IV"
175,"2000",4.5702010319052,"IV"
176,"2000",4.15191817496197,"IV"
177,"2000",5.60798439141592,"IV"
178,"2000",7.26621435358715,"IV"
179,"2000",5.2959125240491,"IV"
180,"2000",5.41591778089351,"IV"
181,"2000",4.62296122823474,"IV"
182,"2000",4.21306729449362,"IV"
183,"2000",4.44338783027906,"IV"
184,"2000",7.63006435135058,"IV"
185,"2000",5.50106628122435,"IV"
186,"2000",5.78962762883973,"IV"
187,"2000",5.53754909319189,"IV"
188,"2000",4.6603613466983,"IV"
189,"2000",5.95520558319486,"IV"
190,"2000",5.47777248120148,"IV"
191,"2000",4.59109875296968,"IV"
192,"2000",5.02131745121559,"IV"
193,"2000",6.14845274627945,"IV"
194,"2000",5.12319123830779,"IV"
195,"2000",5.37866702523837,"IV"
196,"2000",6.34864742293574,"IV"
197,"2000",4.67489161649581,"IV"
198,"2000",6.35358925736824,"IV"
199,"2000",5.64679300588651,"IV"
200,"2000",5.62503661237355,"IV"
201,"2000",6.60977898462651,"IV"
202,"2000",5.07866657359286,"IV"
203,"2000",5.53095438523057,"IV"
204,"2000",5.59716219988091,"IV"
205,"2000",5.19201526413047,"IV"
206,"2000",7.50591688748307,"IV"
207,"2000",5.18647237853394,"IV"
208,"2000",6.57221860349402,"IV"
209,"2000",9.16806051748278,"IV"
210,"2000",5.05552204977839,"IV"
211,"2000",5.12476747640341,"IV"
212,"2000",5.66496016340267,"IV"
213,"2000",4.52005057366893,"IV"
214,"2000",4.86631420639548,"IV"
215,"2000",4.94383727809529,"IV"
216,"2000",6.93181249180158,"IV"
217,"2000",5.63391770952351,"IV"
218,"2000",8.08759999472176,"IV"
219,"2000",5.13387552773578,"IV"
220,"2000",4.13268325114452,"IV"
221,"2000",5.88369603257293,"IV"
222,"2000",4.97819323758583,"IV"
223,"2000",7.56679337829553,"IV"
224,"2000",7.47008584442854,"IV"
225,"2000",5.04006078995079,"IV"
226,"2000",6.04442297753169,"IV"
227,"2000",6.66050284442978,"IV"
228,"2000",4.20947380504387,"IV"
229,"2000",6.25255733552977,"IV"
230,"2000",6.12993161901433,"IV"
231,"2000",4.76726373049063,"IV"
232,"2000",6.62103414201263,"IV"
233,"2000",6.31063140246177,"IV"
234,"2000",5.25647184711535,"IV"
235,"2000",4.88301254936445,"IV"
236,"2000",5.82080967952911,"IV"
237,"2000",6.43863834363755,"IV"
238,"2000",4.0262045985663,"IV"
239,"2000",6.45065566025369,"IV"
240,"2000",5.74618394259167,"IV"
241,"2000",5.89954077218052,"IV"
242,"2000",7.13843677049163,"IV"
243,"2000",5.21991279352906,"IV"
244,"2000",4.77509002041498,"IV"
245,"2000",4.87139418695018,"IV"
246,"2000",4.74004419641086,"IV"
247,"2000",5.13688049284737,"IV"
248,"2000",4.64154433577679,"IV"
249,"2000",6.18350456806505,"IV"
250,"2000",4.38556217412946,"IV"
251,"2000",6.15682239999932,"IV"
252,"2000",5.02422217769011,"IV"
253,"2000",5.14570357172127,"IV"
254,"2000",4.47964420044222,"IV"
255,"2000",4.79844735191714,"IV"
256,"2000",4.63104015728017,"IV"
257,"2000",5.02116193722216,"IV"
258,"2000",5.87835606576638,"IV"
259,"2000",5.52848701285109,"IV"
260,"2000",7.95100219474851,"IV"
261,"2000",5.60226037616637,"IV"
262,"2000",4.54223459169695,"IV"
263,"2000",7.36489503271026,"IV"
264,"2000",5.48048529818941,"IV"
265,"2000",4.04059865843801,"IV"
266,"2000",4.22692347777357,"IV"
267,"2000",4.39461190843619,"IV"
268,"2000",5.79184967074641,"IV"
269,"2000",5.88400016315241,"IV"
270,"2000",5.52677798499713,"IV"
271,"2000",5.3039266413749,"IV"
272,"2000",5.70467478550223,"IV"
273,"2000",5.4185437561337,"IV"
274,"2000",5.29475578158719,"IV"
275,"2000",4.4090182614787,"IV"
276,"2000",5.13892424243004,"IV"
277,"2000",6.17774493869361,"IV"
278,"2000",6.21311689818266,"IV"
279,"2000",4.29723318261719,"IV"
280,"2000",5.19139531414925,"IV"
281,"2000",5.3101184881533,"IV"
282,"2000",6.19384371515541,"IV"
283,"2000",6.18549635362358,"IV"
284,"2000",5.99291935730805,"IV"
285,"2000",6.63852563460213,"IV"
286,"2000",4.5588884883468,"IV"
287,"2000",4.66344470674336,"IV"
288,"2000",4.55834685948547,"IV"
289,"2000",6.36260564004337,"IV"
290,"2000",5.44095258247244,"IV"
291,"2000",5.08774687225314,"IV"
292,"2000",4.85938953848623,"IV"
293,"2000",4.55775931868361,"IV"
294,"2000",4.41286721606104,"IV"
295,"2000",5.73834100119385,"IV"
296,"2000",6.44187439434239,"IV"
297,"2000",4.95751927094844,"IV"
298,"2000",4.77709751852089,"IV"
299,"2000",4.6732170936683,"IV"
300,"2000",4.57564883714197,"IV"
301,"2000",6.86861010607771,"IV"
302,"2000",4.25447099400812,"IV"
303,"2000",5.60351556976204,"IV"
304,"2000",6.47941208887509,"IV"
305,"2000",5.19059075375414,"IV"
306,"2000",6.42053628616574,"IV"
307,"2000",4.61610922447808,"IV"
308,"2000",6.28163051656329,"IV"
309,"2000",4.49423232047065,"IV"
310,"2000",6.34199385984202,"IV"
311,"2000",5.15281163731353,"IV"
312,"2000",4.54784866631793,"IV"
313,"2000",6.93467938596373,"IV"
314,"2000",5.74021405604988,"IV"
315,"2000",5.86723917292688,"IV"
316,"2000",6.90063124786375,"IV"
317,"2000",5.12913614093584,"IV"
318,"2000",5.1073968737857,"IV"
319,"2000",4.97665963768368,"IV"
320,"2000",5.14382222770645,"IV"
321,"2000",4.75514995740244,"IV"
322,"2000",6.52311076800424,"IV"
323,"2000",4.31996594959985,"IV"
324,"2000",6.37154104812741,"IV"
325,"2000",4.60915365838373,"IV"
326,"2000",5.17303957269855,"IV"
327,"2000",5.2112798045408,"IV"
328,"2000",6.96284349616125,"IV"
329,"2000",6.10953981482488,"IV"
330,"2000",5.82782622836536,"IV"
331,"2000",5.99016532555841,"IV"
332,"2000",5.01902635410726,"IV"
333,"2000",4.42157303000347,"IV"
334,"2000",5.05699419360604,"IV"
335,"2000",5.10793954678945,"IV"
336,"2000",6.69089946921999,"IV"
337,"2000",3.98166708070825,"IV"
338,"2000",5.19442247663675,"IV"
339,"2000",4.98577285326706,"IV"
340,"2000",4.30720477504457,"IV"
341,"2000",6.6589254410115,"IV"
342,"2000",5.03582723382741,"IV"
343,"2000",6.24461338408819,"IV"
344,"2000",4.32944652278605,"IV"
345,"2000",5.86035913967928,"IV"
346,"2000",5.33401134020274,"IV"
347,"2000",4.45108705740842,"IV"
348,"2000",4.9190745312993,"IV"
349,"2000",5.02818046670524,"IV"
350,"2000",6.00842204166408,"IV"
351,"2000",5.85392645535186,"IV"
352,"2000",5.95614787710613,"IV"
353,"2000",5.49601645100794,"IV"
354,"2000",5.27939431534098,"IV"
355,"2000",5.44830558610302,"IV"
356,"2000",5.1869584563512,"IV"
357,"2000",5.21998557001413,"IV"
358,"2000",5.02795461336805,"IV"
359,"2000",4.53627392093018,"IV"
360,"2000",4.79004699199242,"IV"
361,"2000",6.00562327250301,"IV"
362,"2000",6.60365896178237,"IV"
363,"2000",5.09631754567953,"IV"
364,"2000",4.78691592321743,"IV"
365,"2000",4.87147357039829,"IV"
366,"2000",5.12763107041932,"IV"
367,"2000",5.20486590263965,"IV"
368,"2000",5.01139694001732,"IV"
369,"2000",4.56971279592568,"IV"
370,"2000",5.34729948338672,"IV"
371,"2000",6.49090283849334,"IV"
372,"2000",5.26601722173117,"IV"
373,"2000",5.5118185328484,"IV"
374,"2000",6.35308843364972,"IV"
375,"2000",4.58933881266628,"IV"
376,"2000",5.67154743790334,"IV"
377,"2000",5.55292119135706,"IV"
378,"2000",4.71805625400985,"IV"
379,"2000",4.86787987231118,"IV"
380,"2000",6.32012109734265,"IV"
381,"2000",5.74854427621507,"IV"
382,"2000",4.54137645748939,"IV"
383,"2000",5.78511797138438,"IV"
384,"2000",5.77145892754607,"IV"
385,"2000",5.0362532214676,"IV"
386,"2000",7.36687033251052,"IV"
387,"2000",5.60580816227892,"IV"
388,"2000",4.40677296204803,"IV"
389,"2000",5.59521174453904,"IV"
390,"2000",5.25402364397377,"IV"
391,"2000",5.00288168292033,"IV"
392,"2000",5.70474949345402,"IV"
393,"2000",7.04706976032704,"IV"
394,"2000",4.34676959605365,"IV"
395,"2000",5.34885018940011,"IV"
396,"2000",7.53050690162712,"IV"
397,"2000",5.65240526472276,"IV"
398,"2000",5.07296599598817,"IV"
399,"2000",5.15287824710087,"IV"
400,"2000",9.23823357086548,"IV"
401,"2000",5.01198942647489,"IV"
402,"2000",4.32017952259314,"IV"
403,"2000",6.19879739844652,"IV"
404,"2000",5.841461876639,"IV"
405,"2000",5.50577279356617,"IV"
406,"2000",6.02487875208852,"IV"
407,"2000",4.98992713198588,"IV"
408,"2000",4.30444667297349,"IV"
409,"2000",4.71395051555175,"IV"
410,"2000",5.17970470495548,"IV"
411,"2000",4.82914467328118,"IV"
412,"2000",3.80377367084847,"IV"
413,"2000",5.66795028105554,"IV"
414,"2000",5.58992967280173,"IV"
415,"2000",5.53162704459091,"IV"
416,"2000",6.72661359572916,"IV"
417,"2000",5.36755937482113,"IV"
418,"2000",5.00682012821469,"IV"
419,"2000",4.52639475844008,"IV"
420,"2000",6.72840615660713,"IV"
421,"2000",5.00058954888616,"IV"
422,"2000",7.60154968055245,"IV"
423,"2000",3.85146779514699,"IV"
424,"2000",4.60191079693767,"IV"
425,"2000",4.87097481769974,"IV"
426,"2000",5.32897179903548,"IV"
427,"2000",6.9446714413092,"IV"
428,"2000",5.17161803094291,"IV"
429,"2000",6.77415836401753,"IV"
430,"2000",5.08495991466506,"IV"
431,"2000",5.29723335760032,"IV"
432,"2000",4.29358248775431,"IV"
433,"2000",5.17756729559826,"IV"
434,"2000",4.83372844546902,"IV"
435,"2000",5.5941152467089,"IV"
436,"2000",5.63079564432296,"IV"
437,"2000",4.27781219430428,"IV"
438,"2000",5.25105095427367,"IV"
439,"2000",5.52921836376366,"IV"
440,"2000",4.06340821636027,"IV"
441,"2000",6.14708715906868,"IV"
442,"2000",5.69901389309352,"IV"
443,"2000",4.68787083100901,"IV"
444,"2000",5.55932739084507,"IV"
445,"2000",4.57997257364436,"IV"
446,"2000",6.06258686288134,"IV"
447,"2000",4.91316155638126,"IV"
448,"2000",5.5751719810413,"IV"
449,"2000",4.46329616198908,"IV"
450,"2000",4.79963597700519,"IV"
451,"2000",5.32294030510125,"IV"
452,"2000",4.65031376064045,"IV"
453,"2000",4.56587514528041,"IV"
454,"2000",4.62340391796069,"IV"
455,"2000",5.80349979869356,"IV"
456,"2000",6.15335407199059,"IV"
457,"2000",5.2073717366008,"IV"
458,"2000",5.7002790649316,"IV"
459,"2000",5.5831404176452,"IV"
460,"2000",6.90006501505852,"IV"
461,"2000",5.76735799553014,"IV"
462,"2000",6.13476678545095,"IV"
463,"2000",6.18419660436259,"IV"
464,"2000",4.45389245796326,"IV"
465,"2000",5.56135391739567,"IV"
466,"2000",5.27996596096317,"IV"
467,"2000",4.02427614632594,"IV"
468,"2000",4.2037647589009,"IV"
469,"2000",6.37607046155626,"IV"
470,"2000",4.60156535669462,"IV"
471,"2000",4.77183242930909,"IV"
472,"2000",6.5474309172948,"IV"
473,"2000",4.92360058770535,"IV"
474,"2000",4.51539301252362,"IV"
475,"2000",3.9045129170213,"IV"
476,"2000",5.10031834066804,"IV"
477,"2000",4.96141366446314,"IV"
478,"2000",6.17766589981129,"IV"
479,"2000",4.66968861476759,"IV"
480,"2000",7.38955314209639,"IV"
481,"2000",6.74663039006034,"IV"
482,"2000",7.92536205124148,"IV"
483,"2000",4.17479508976017,"IV"
484,"2000",5.42445993256063,"IV"
485,"2000",4.13179951671742,"IV"
486,"2000",5.61329937184576,"IV"
487,"2000",5.93636851861382,"IV"
488,"2000",5.83243920195768,"IV"
489,"2000",5.99050143220804,"IV"
490,"2000",5.33313140125562,"IV"
491,"2000",6.21640438632094,"IV"
492,"2000",5.09317692015511,"IV"
493,"2000",5.24081978206339,"IV"
494,"2000",5.50016335585107,"IV"
495,"2000",5.15656153074507,"IV"
496,"2000",5.17842730435789,"IV"
497,"2000",5.28963464958956,"IV"
498,"2000",5.67893382626078,"IV"
499,"2000",6.33192269842169,"IV"
500,"2000",7.57674649667327,"IV"
501,"2000",5.85775987904981,"IV"
502,"2000",4.54628967041843,"IV"
503,"2000",5.19350992528827,"IV"
504,"2000",5.25046185253431,"IV"
505,"2000",5.15661602744043,"IV"
506,"2000",5.85229682008044,"IV"
507,"2000",4.76239775009653,"IV"
508,"2000",5.60752124377705,"IV"
509,"2000",4.3848925910343,"IV"
510,"2000",4.89456280263683,"IV"
511,"2000",5.17971426083218,"IV"
512,"2000",5.53426505419352,"IV"
513,"2000",5.19318326948074,"IV"
514,"2000",4.72005496318966,"IV"
515,"2000",6.44994351915517,"IV"
516,"2000",5.59465331637212,"IV"
517,"2000",6.0330592726086,"IV"
518,"2000",5.21003303661518,"IV"
519,"2000",5.10438792000367,"IV"
520,"2000",4.90909505728688,"IV"
521,"2000",5.31055120240449,"IV"
522,"2000",4.9921623920102,"IV"
523,"2000",5.85252704849667,"IV"
524,"2000",6.66670023683114,"IV"
525,"2000",4.58804720369392,"IV"
526,"2000",5.24764960007182,"IV"
527,"2000",4.42434295712273,"IV"
528,"2000",5.22484838780696,"IV"
529,"2000",5.2476064562035,"IV"
530,"2000",6.78508851560495,"IV"
531,"2000",5.48832861173691,"IV"
532,"2000",5.63739658990667,"IV"
533,"2000",4.21444907138001,"IV"
534,"2000",5.26059408857285,"IV"
535,"2000",4.8173848278063,"IV"
536,"2000",4.91946202485564,"IV"
537,"2000",7.87140463438459,"IV"
538,"2000",4.80042690792056,"IV"
539,"2000",6.29810271489976,"IV"
540,"2000",6.5739233714698,"IV"
541,"2000",7.80032772658443,"IV"
542,"2000",6.21433352385145,"IV"
543,"2000",5.21312221907805,"IV"
544,"2000",4.34069711114809,"IV"
545,"2000",6.59569516722321,"IV"
546,"2000",4.51376520520258,"IV"
547,"2000",6.68693260574834,"IV"
548,"2000",6.10359588749865,"IV"
549,"2000",4.93997894584972,"IV"
550,"2000",5.93782101304893,"IV"
551,"2000",6.22400458799502,"IV"
552,"2000",5.31958818996316,"IV"
553,"2000",3.99143241626018,"IV"
554,"2000",4.05995849821518,"IV"
555,"2000",4.89661327677872,"IV"
556,"2000",4.51395573678784,"IV"
557,"2000",5.79784683672255,"IV"
558,"2000",4.68010187890191,"IV"
559,"2000",4.26810219151328,"IV"
560,"2000",5.18542464781263,"IV"
561,"2000",5.58443886084218,"IV"
562,"2000",4.83053667289504,"IV"
563,"2000",5.07801483139155,"IV"
564,"2000",4.58731076509876,"IV"
565,"2000",4.56544723461022,"IV"
566,"2000",7.05230195818736,"IV"
567,"2000",4.08489443836592,"IV"
568,"2000",4.36909287071156,"IV"
569,"2000",5.86949028562828,"IV"
570,"2000",7.32551703809096,"IV"
571,"2000",5.41887446649386,"IV"
572,"2000",4.63708416033474,"IV"
573,"2000",4.03164656597233,"IV"
574,"2000",6.84836312190803,"IV"
575,"2000",5.26746490200206,"IV"
576,"2000",4.99161684894763,"IV"
577,"2000",4.95314528144708,"IV"
578,"2000",4.79658439086299,"IV"
579,"2000",7.42236124182385,"IV"
580,"2000",6.12319166613681,"IV"
581,"2000",6.25724241308642,"IV"
582,"2000",7.52938191694031,"IV"
583,"2000",6.3812333706024,"IV"
584,"2000",4.09199196019033,"IV"
585,"2000",4.99775461829927,"IV"
586,"2000",8.19183029380152,"IV"
587,"2000",5.01891101137507,"IV"
588,"2000",6.79565221608373,"IV"
589,"2000",4.95023975616855,"IV"
590,"2000",6.55037073429912,"IV"
591,"2000",5.23253340327712,"IV"
592,"2000",5.10044087983105,"IV"
593,"2000",5.47479691723087,"IV"
594,"2000",4.55769599300991,"IV"
595,"2000",5.48641065021772,"IV"
596,"2000",5.08810116931595,"IV"
597,"2000",7.64469632862001,"IV"
598,"2000",4.46701700132147,"IV"
599,"2000",5.3796592051787,"IV"
600,"2000",4.93651416183704,"IV"
601,"2000",7.62724860289133,"IV"
602,"2000",4.60258158408161,"IV"
603,"2000",6.18970327240786,"IV"
604,"2000",4.81798637941996,"IV"
605,"2000",5.8492756521386,"IV"
606,"2000",4.62816784821474,"IV"
607,"2000",7.64341519954206,"IV"
608,"2000",4.82914050622022,"IV"
609,"2000",5.37915343007738,"IV"
610,"2000",4.14001883096308,"IV"
611,"2000",5.96318167550757,"IV"
612,"2000",6.12750255820886,"IV"
613,"2000",5.12537000259743,"IV"
614,"2000",5.56417278992185,"IV"
615,"2000",5.18098534667304,"IV"
616,"2000",8.66535352177095,"IV"
617,"2000",4.26065780570447,"IV"
618,"2000",4.48928307225619,"IV"
619,"2000",5.06760076411265,"IV"
620,"2000",7.48454606596754,"IV"
621,"2000",4.38462358135832,"IV"
622,"2000",4.55155857356224,"IV"
623,"2000",7.31958659791846,"IV"
624,"2000",5.04798661624008,"IV"
625,"2000",7.83517725399124,"IV"
626,"2000",6.20352019355863,"IV"
627,"2000",5.04469495513311,"IV"
628,"2000",5.8295352439865,"IV"
629,"2000",4.26817692756784,"IV"
630,"2000",4.21376784250258,"IV"
631,"2000",4.79888455079265,"IV"
632,"2000",4.32421807432661,"IV"
633,"2000",5.85009247416693,"IV"
634,"2000",5.95030609941876,"IV"
635,"2000",4.81506148273332,"IV"
636,"2000",6.09662271882029,"IV"
637,"2000",4.43855423092856,"IV"
638,"2000",5.80698736975731,"IV"
639,"2000",5.22137236541956,"IV"
640,"2000",5.52402768462712,"IV"
641,"2000",6.22634140405631,"IV"
642,"2000",5.08492953300747,"IV"
643,"2000",5.72446838059623,"IV"
644,"2000",6.10413800138621,"IV"
645,"2000",4.59283500010003,"IV"
646,"2000",4.74507631186009,"IV"
647,"2000",5.37268028153294,"IV"
648,"2000",4.40671758409231,"IV"
649,"2000",8.52957614785618,"IV"
650,"2000",8.35986968618714,"IV"
651,"2000",4.63149745653864,"IV"
652,"2000",5.49717885157853,"IV"
653,"2000",5.86028832653462,"IV"
654,"2000",6.80490462999341,"IV"
655,"2000",6.2213267310472,"IV"
656,"2000",6.24117846432767,"IV"
657,"2000",9.6561160313574,"IV"
658,"2000",4.98904222383203,"IV"
659,"2000",4.62129743205218,"IV"
660,"2000",5.58585985076486,"IV"
661,"2000",4.27560805764612,"IV"
662,"2000",5.19164361078151,"IV"
663,"2000",5.5842560535901,"IV"
664,"2000",5.33192228884928,"IV"
665,"2000",4.04444943072048,"IV"
666,"2000",7.53900286635531,"IV"
667,"2000",6.44186907017443,"IV"
668,"2000",4.53649590805348,"IV"
669,"2000",5.8345228417903,"IV"
670,"2000",5.5243524598036,"IV"
671,"2000",4.39613186677525,"IV"
672,"2000",5.79410146851492,"IV"
673,"2000",6.26901240121132,"IV"
674,"2000",5.58134499606249,"IV"
675,"2000",4.66340651550263,"IV"
676,"2000",5.59696834127997,"IV"
677,"2000",5.66717812223043,"IV"
678,"2000",5.93529379925801,"IV"
679,"2000",6.87919751584416,"IV"
680,"2000",5.28563448042674,"IV"
681,"2000",6.02127569871861,"IV"
682,"2000",5.16529486220733,"IV"
683,"2000",6.27315355366534,"IV"
684,"2000",4.35064549751303,"IV"
685,"2000",4.75883573363331,"IV"
686,"2000",5.10740499426102,"IV"
687,"2000",7.18171176150042,"IV"
688,"2000",5.434446461288,"IV"
689,"2000",5.48677347266736,"IV"
690,"2000",6.26823080716189,"IV"
691,"2000",5.25219596896399,"IV"
692,"2000",6.98749703967816,"IV"
693,"2000",5.85087183449172,"IV"
694,"2000",5.81310685830839,"IV"
695,"2000",6.38455531146502,"IV"
696,"2000",5.29066434953576,"IV"
697,"2000",4.89974939333209,"IV"
698,"2000",4.90933207985955,"IV"
699,"2000",5.02948734141388,"IV"
700,"2000",6.42435605297569,"IV"
701,"2000",4.41586463056219,"IV"
702,"2000",5.31008013409841,"IV"
703,"2000",5.02346655221532,"IV"
704,"2000",4.48833127823234,"IV"
705,"2000",4.89401969093837,"IV"
706,"2000",5.29102925331644,"IV"
707,"2000",5.58845807829647,"IV"
708,"2000",6.8615068564934,"IV"
709,"2000",5.06011259628456,"IV"
710,"2000",4.80459219388629,"IV"
711,"2000",5.15867801569851,"IV"
712,"2000",6.40164989171379,"IV"
713,"2000",5.78706608478955,"IV"
714,"2000",5.15376693812709,"IV"
715,"2000",6.29811069720917,"IV"
716,"2000",5.65698534570834,"IV"
717,"2000",6.06962780487548,"IV"
718,"2000",5.27915897764038,"IV"
719,"2000",4.41975157701239,"IV"
720,"2000",5.06599884261305,"IV"
721,"2000",6.26891735954347,"IV"
722,"2000",5.14810930311101,"IV"
723,"2000",5.83287987301019,"IV"
724,"2000",4.66706461064367,"IV"
725,"2000",4.65573802230453,"IV"
726,"2000",5.54329402340447,"IV"
727,"2000",6.24433770101599,"IV"
728,"2000",4.91929346439531,"IV"
729,"2000",4.32254858100729,"IV"
730,"2000",4.14704033568215,"IV"
731,"2000",6.20994011343523,"IV"
732,"2000",4.99826793101037,"IV"
733,"2000",4.48022409155688,"IV"
734,"2000",8.12275488035257,"IV"
735,"2000",6.14224014654344,"IV"
736,"2000",8.06491043416827,"IV"
737,"2000",4.71354756430882,"IV"
738,"2000",4.62449846146789,"IV"
739,"2000",4.94987043227523,"IV"
740,"2000",5.59153897371138,"IV"
741,"2000",4.82119406003852,"IV"
742,"2000",5.03531859675808,"IV"
743,"2000",5.35410379252269,"IV"
744,"2000",5.19342452923926,"IV"
745,"2000",4.76509046081194,"IV"
746,"2000",4.62945352187678,"IV"
747,"2000",5.11598634127169,"IV"
748,"2000",4.98285831577467,"IV"
749,"2000",4.44766945678795,"IV"
750,"2000",5.25980231041828,"IV"
751,"2000",5.85033410769259,"IV"
752,"2000",4.69162143764586,"IV"
753,"2000",6.16504592868338,"IV"
754,"2000",4.53944693469111,"IV"
755,"2000",5.82912203582562,"IV"
756,"2000",5.14503277690362,"IV"
757,"2000",4.35768178709111,"IV"
758,"2000",6.88392772246226,"IV"
759,"2000",5.20150739279809,"IV"
760,"2000",10.3059259133778,"IV"
761,"2000",5.63797568771658,"IV"
762,"2000",4.86784225387386,"IV"
763,"2000",5.72599193130454,"IV"
764,"2000",6.18103605661338,"IV"
765,"2000",6.12095759424727,"IV"
766,"2000",5.28480002378336,"IV"
767,"2000",6.07582354890072,"IV"
768,"2000",5.59426363434359,"IV"
769,"2000",4.45168750496101,"IV"
770,"2000",5.89034241240828,"IV"
771,"2000",6.54321767462166,"IV"
772,"2000",5.17148821550826,"IV"
773,"2000",4.51206704032811,"IV"
774,"2000",5.09070409279175,"IV"
775,"2000",5.21873862586811,"IV"
776,"2000",6.32647441485726,"IV"
777,"2000",5.97329765069426,"IV"
778,"2000",4.28825535191721,"IV"
779,"2000",5.23790586562131,"IV"
780,"2000",7.27022868074038,"IV"
781,"2000",5.58490691483638,"IV"
782,"2000",4.78319357139014,"IV"
783,"2000",5.55120760767379,"IV"
784,"2000",7.84223197944082,"IV"
785,"2000",4.87213904993376,"IV"
786,"2000",7.92324123205081,"IV"
787,"2000",5.24829536603823,"IV"
788,"2000",5.07724017794091,"IV"
789,"2000",6.37562376013842,"IV"
790,"2000",5.53309211982592,"IV"
791,"2000",4.40515726016274,"IV"
792,"2000",4.59801653906603,"IV"
793,"2000",6.31323396234416,"IV"
794,"2000",5.67595311147046,"IV"
795,"2000",4.28644431459884,"IV"
796,"2000",4.09261566812262,"IV"
797,"2000",4.41099654095365,"IV"
798,"2000",6.12587255772409,"IV"
799,"2000",5.65927058241044,"IV"
800,"2000",6.25495350166032,"IV"
801,"2000",5.33549488619955,"IV"
802,"2000",7.06525331131171,"IV"
803,"2000",5.11981316653111,"IV"
804,"2000",4.32916252373611,"IV"
805,"2000",6.68221292039348,"IV"
806,"2000",4.97109454694631,"IV"
807,"2000",7.93590049949082,"IV"
808,"2000",4.81276651846118,"IV"
809,"2000",5.54916538480282,"IV"
810,"2000",7.1389045137142,"IV"
811,"2000",5.80250641870535,"IV"
812,"2000",5.54004108353729,"IV"
813,"2000",4.33439762123405,"IV"
814,"2000",5.07679423519128,"IV"
815,"2000",4.93107647606933,"IV"
816,"2000",4.33414912290603,"IV"
817,"2000",5.86458451044428,"IV"
818,"2000",5.40307881217117,"IV"
819,"2000",5.52910165482843,"IV"
820,"2000",5.67243611906467,"IV"
821,"2000",5.15353139996175,"IV"
822,"2000",4.65739092199195,"IV"
823,"2000",5.80518240080108,"IV"
824,"2000",6.08616784516033,"IV"
825,"2000",6.03675022561103,"IV"
826,"2000",8.09676018521324,"IV"
827,"2000",5.91901361362296,"IV"
828,"2000",4.59351399505496,"IV"
829,"2000",5.339522431184,"IV"
830,"2000",5.30928018683869,"IV"
831,"2000",5.81889416448924,"IV"
832,"2000",4.63581144009705,"IV"
833,"2000",5.61627457981053,"IV"
834,"2000",5.23122506096925,"IV"
835,"2000",5.47321393915201,"IV"
836,"2000",4.9182373422878,"IV"
837,"2000",6.21001283753771,"IV"
838,"2000",4.58878993903043,"IV"
839,"2000",4.64663013795704,"IV"
840,"2000",5.26127007965933,"IV"
841,"2000",6.49463183370036,"IV"
842,"2000",4.89933888378728,"IV"
843,"2000",5.2693540401928,"IV"
844,"2000",8.08393123176093,"IV"
845,"2000",4.44918166947459,"IV"
846,"2000",5.35351545040269,"IV"
847,"2000",7.43468653003484,"IV"
848,"2000",4.89504305426084,"IV"
849,"2000",4.86901516139983,"IV"
850,"2000",7.82851771854476,"IV"
851,"2000",4.78379013661876,"IV"
852,"2000",5.07130896135456,"IV"
853,"2000",6.65826276211277,"IV"
854,"2000",5.52763908435157,"IV"
855,"2000",5.81514781103215,"IV"
856,"2000",5.44039089774592,"IV"
857,"2000",5.49790626739416,"IV"
858,"2000",5.13294704344719,"IV"
859,"2000",4.54172368904713,"IV"
860,"2000",5.80493694536636,"IV"
861,"2000",5.30754284859667,"IV"
862,"2000",4.32195513749833,"IV"
863,"2000",4.39249982889896,"IV"
864,"2000",4.42097337086291,"IV"
865,"2000",5.30283522973727,"IV"
866,"2000",5.11355643195473,"IV"
867,"2000",6.89614586930912,"IV"
868,"2000",6.12257878222557,"IV"
869,"2000",5.6393349252179,"IV"
870,"2000",5.82231977669458,"IV"
871,"2000",5.47388023439431,"IV"
872,"2000",5.35464927827562,"IV"
873,"2000",4.76059551371537,"IV"
874,"2000",4.27986605819596,"IV"
875,"2000",4.4154035161451,"IV"
876,"2000",4.87689154546788,"IV"
877,"2000",6.05007604483997,"IV"
878,"2000",4.77084576723004,"IV"
879,"2000",6.69844607249064,"IV"
880,"2000",6.24918460852005,"IV"
881,"2000",5.65803673635687,"IV"
882,"2000",5.45768617138127,"IV"
883,"2000",6.48590408496856,"IV"
884,"2000",4.88381472039682,"IV"
885,"2000",5.58167519953136,"IV"
886,"2000",4.59916801359381,"IV"
887,"2000",4.09288031503245,"IV"
888,"2000",5.20304589768861,"IV"
889,"2000",5.63177150326849,"IV"
890,"2000",4.57498673620154,"IV"
891,"2000",5.06695745743036,"IV"
892,"2000",4.91692714819566,"IV"
893,"2000",4.23181633080741,"IV"
894,"2000",6.37361077951363,"IV"
895,"2000",6.15034231015032,"IV"
896,"2000",6.25877692020901,"IV"
897,"2000",5.80352269189681,"IV"
898,"2000",5.08216998663119,"IV"
899,"2000",5.02309298026278,"IV"
900,"2000",5.09740670782225,"IV"
901,"2000",6.92822377998836,"IV"
902,"2000",5.17407725191715,"IV"
903,"2000",5.00142492478609,"IV"
904,"2000",6.30507249462647,"IV"
905,"2000",4.9929906692557,"IV"
906,"2000",4.84971911896418,"IV"
907,"2000",5.13509240591861,"IV"
908,"2000",4.0248899721748,"IV"
909,"2000",4.47193650486007,"IV"
910,"2000",6.7428100592914,"IV"
911,"2000",4.72118342647554,"IV"
912,"2000",4.85592122507012,"IV"
913,"2000",4.46602197520551,"IV"
914,"2000",5.56279012672988,"IV"
915,"2000",5.2732338251851,"IV"
916,"2000",5.38127250290387,"IV"
917,"2000",5.41935691874236,"IV"
918,"2000",5.47796325478026,"IV"
919,"2000",5.18609923235399,"IV"
920,"2000",5.66796652067992,"IV"
921,"2000",5.27080433577832,"IV"
922,"2000",6.85272341040725,"IV"
923,"2000",4.39454975565081,"IV"
924,"2000",7.05255031081835,"IV"
925,"2000",5.34184411102281,"IV"
926,"2000",5.50826777835953,"IV"
927,"2000",4.22437816141283,"IV"
928,"2000",4.66243434316268,"IV"
929,"2000",4.36621861814759,"IV"
930,"2000",5.45869685300869,"IV"
931,"2000",5.32684387011306,"IV"
932,"2000",6.62137138083951,"IV"
933,"2000",6.01138571366471,"IV"
934,"2000",5.49424825305553,"IV"
935,"2000",6.1424927235987,"IV"
936,"2000",4.89817889963716,"IV"
937,"2000",5.68468553036937,"IV"
938,"2000",5.06922876623634,"IV"
939,"2000",7.954548526507,"IV"
940,"2000",4.11118483883555,"IV"
941,"2000",5.89218692825095,"IV"
942,"2000",4.6052831980063,"IV"
943,"2000",5.55749219542725,"IV"
944,"2000",5.4318760504755,"IV"
945,"2000",4.92327426740175,"IV"
946,"2000",5.25712966366741,"IV"
947,"2000",5.86280578454753,"IV"
948,"2000",4.42840917576809,"IV"
949,"2000",5.04919309746777,"IV"
950,"2000",6.29206013643272,"IV"
951,"2000",5.88713296628604,"IV"
952,"2000",6.25787913191932,"IV"
953,"2000",5.44183191092356,"IV"
954,"2000",4.90690997610766,"IV"
955,"2000",5.53888202564131,"IV"
956,"2000",4.56716963784391,"IV"
957,"2000",5.40390910070511,"IV"
958,"2000",7.79153411329126,"IV"
959,"2000",5.10642503968451,"IV"
960,"2000",6.88741174150147,"IV"
961,"2000",6.29292976109794,"IV"
962,"2000",5.48747883418512,"IV"
963,"2000",7.73205440997568,"IV"
964,"2000",6.46525867635249,"IV"
965,"2000",6.2607269433766,"IV"
966,"2000",5.29527955848806,"IV"
967,"2000",7.60225540313525,"IV"
968,"2000",5.90523381022831,"IV"
969,"2000",5.86156924930875,"IV"
970,"2000",4.43563115560312,"IV"
971,"2000",6.57268533748812,"IV"
972,"2000",5.27653586628344,"IV"
973,"2000",4.89794413603407,"IV"
974,"2000",5.42794365082778,"IV"
975,"2000",4.25135690410169,"IV"
976,"2000",6.37518596856261,"IV"
977,"2000",6.75653526553677,"IV"
978,"2000",5.13892379109078,"IV"
979,"2000",6.08226067886952,"IV"
980,"2000",5.68259887095978,"IV"
981,"2000",4.54213839030146,"IV"
982,"2000",6.0895023568746,"IV"
983,"2000",5.22562895527396,"IV"
984,"2000",5.59598179503135,"IV"
985,"2000",6.00771254356248,"IV"
986,"2000",5.28452288940672,"IV"
987,"2000",6.2536763310782,"IV"
988,"2000",4.79472479778684,"IV"
989,"2000",6.16980803281303,"IV"
990,"2000",5.82746070047904,"IV"
991,"2000",5.24204518727494,"IV"
992,"2000",5.34217747259963,"IV"
993,"2000",5.35103070400538,"IV"
994,"2000",4.34154802409957,"IV"
995,"2000",4.29562594313584,"IV"
996,"2000",5.92668218863802,"IV"
997,"2000",8.78453018806376,"IV"
998,"2000",5.34993298229592,"IV"
999,"2000",5.23560878975025,"IV"
1000,"2000",5.88811098115693,"IV"
1,"4000",5.61038045221277,"IV"
2,"4000",4.88273352791278,"IV"
3,"4000",5.48808384976601,"IV"
4,"4000",4.74819422359404,"IV"
5,"4000",5.11026096691427,"IV"
6,"4000",5.79334837249667,"IV"
7,"4000",6.09718358001936,"IV"
8,"4000",5.9233238753979,"IV"
9,"4000",6.07488839645527,"IV"
10,"4000",5.62844955068112,"IV"
11,"4000",5.94590380414709,"IV"
12,"4000",4.62308197846411,"IV"
13,"4000",4.89603225827362,"IV"
14,"4000",6.52174159429264,"IV"
15,"4000",4.18903088041006,"IV"
16,"4000",5.49591151166899,"IV"
17,"4000",4.33188807307044,"IV"
18,"4000",6.03155345313393,"IV"
19,"4000",5.77465702413231,"IV"
20,"4000",6.71276721947301,"IV"
21,"4000",4.62142124295065,"IV"
22,"4000",7.02085990749162,"IV"
23,"4000",5.72577561680973,"IV"
24,"4000",4.98966701304176,"IV"
25,"4000",4.57081057565436,"IV"
26,"4000",4.1029637903557,"IV"
27,"4000",6.49201601077634,"IV"
28,"4000",6.12116051218464,"IV"
29,"4000",4.75082085023146,"IV"
30,"4000",5.22359332097378,"IV"
31,"4000",7.20630596732832,"IV"
32,"4000",6.65888069338411,"IV"
33,"4000",5.17587180745284,"IV"
34,"4000",5.28228059347635,"IV"
35,"4000",5.5224357551052,"IV"
36,"4000",6.11481105788798,"IV"
37,"4000",4.2762179358079,"IV"
38,"4000",6.73636499978129,"IV"
39,"4000",4.87453642621106,"IV"
40,"4000",5.5290941286341,"IV"
41,"4000",5.01490240762056,"IV"
42,"4000",5.22259656059245,"IV"
43,"4000",6.61956251871795,"IV"
44,"4000",5.18805499594524,"IV"
45,"4000",4.19182334169036,"IV"
46,"4000",5.15306102822324,"IV"
47,"4000",4.83842981553919,"IV"
48,"4000",5.86208298785339,"IV"
49,"4000",6.05106415902108,"IV"
50,"4000",4.91008164322134,"IV"
51,"4000",4.86796267990005,"IV"
52,"4000",4.85011308909179,"IV"
53,"4000",4.68992894209,"IV"
54,"4000",5.1796263134794,"IV"
55,"4000",5.79260898310383,"IV"
56,"4000",4.85265389016495,"IV"
57,"4000",5.51715513909074,"IV"
58,"4000",5.56477717943229,"IV"
59,"4000",5.48978114474267,"IV"
60,"4000",5.41443216473537,"IV"
61,"4000",5.02931627663639,"IV"
62,"4000",6.15449128817237,"IV"
63,"4000",5.77236758578053,"IV"
64,"4000",4.88183677300499,"IV"
65,"4000",4.17622595380315,"IV"
66,"4000",5.02255011662101,"IV"
67,"4000",6.13650039306902,"IV"
68,"4000",4.70886546877838,"IV"
69,"4000",6.91726913912618,"IV"
70,"4000",4.86096172857819,"IV"
71,"4000",5.28338310756902,"IV"
72,"4000",6.5306667591909,"IV"
73,"4000",6.5633124542302,"IV"
74,"4000",6.08500838888244,"IV"
75,"4000",5.03180015985381,"IV"
76,"4000",5.5352600268131,"IV"
77,"4000",5.59935283106278,"IV"
78,"4000",6.14069307696672,"IV"
79,"4000",5.91201981433366,"IV"
80,"4000",5.01525385635306,"IV"
81,"4000",5.97728043491814,"IV"
82,"4000",5.34051713010223,"IV"
83,"4000",4.67970441037408,"IV"
84,"4000",5.59454559648648,"IV"
85,"4000",5.01921077786433,"IV"
86,"4000",5.02008794944738,"IV"
87,"4000",4.80695075558889,"IV"
88,"4000",4.61018413107663,"IV"
89,"4000",5.46048334988838,"IV"
90,"4000",5.3618859087308,"IV"
91,"4000",4.4643546573253,"IV"
92,"4000",5.25979535558945,"IV"
93,"4000",6.45626812325584,"IV"
94,"4000",4.57820723759869,"IV"
95,"4000",8.29530219966247,"IV"
96,"4000",5.80804553878265,"IV"
97,"4000",5.87246797324894,"IV"
98,"4000",4.48913269721794,"IV"
99,"4000",4.84775532494714,"IV"
100,"4000",5.63698432696597,"IV"
101,"4000",5.74260579072915,"IV"
102,"4000",5.20640345031525,"IV"
103,"4000",5.05975938839537,"IV"
104,"4000",5.36940650736663,"IV"
105,"4000",5.44869397625466,"IV"
106,"4000",5.76244837355536,"IV"
107,"4000",5.15923506667259,"IV"
108,"4000",4.61752505542366,"IV"
109,"4000",6.89275362884887,"IV"
110,"4000",5.29772753750387,"IV"
111,"4000",4.99953303090553,"IV"
112,"4000",5.1760041787414,"IV"
113,"4000",4.9163324372633,"IV"
114,"4000",6.4569861604741,"IV"
115,"4000",5.2016012908748,"IV"
116,"4000",4.56029517416523,"IV"
117,"4000",5.59171099612525,"IV"
118,"4000",5.50458896367442,"IV"
119,"4000",5.83412946711855,"IV"
120,"4000",5.4622310382863,"IV"
121,"4000",4.85079493826834,"IV"
122,"4000",5.5279941752413,"IV"
123,"4000",6.79095949849723,"IV"
124,"4000",4.66347497657812,"IV"
125,"4000",5.25732848651577,"IV"
126,"4000",5.27016769174456,"IV"
127,"4000",4.40252432261126,"IV"
128,"4000",4.76005718368699,"IV"
129,"4000",6.82484518559064,"IV"
130,"4000",6.97872564821931,"IV"
131,"4000",4.87940292155631,"IV"
132,"4000",5.24647633734458,"IV"
133,"4000",4.32862269437077,"IV"
134,"4000",5.40161207895278,"IV"
135,"4000",5.40006400165034,"IV"
136,"4000",4.38831425914551,"IV"
137,"4000",5.19372695952226,"IV"
138,"4000",6.18714428274433,"IV"
139,"4000",4.22291607959018,"IV"
140,"4000",4.9506179347747,"IV"
141,"4000",5.18162173341619,"IV"
142,"4000",6.20171954593178,"IV"
143,"4000",5.48034179835661,"IV"
144,"4000",7.51697844049486,"IV"
145,"4000",5.4935425010732,"IV"
146,"4000",5.13811494681092,"IV"
147,"4000",4.89041457569178,"IV"
148,"4000",4.27077770447502,"IV"
149,"4000",5.09698503138931,"IV"
150,"4000",4.94996344503222,"IV"
151,"4000",4.91774996372115,"IV"
152,"4000",5.45866138280878,"IV"
153,"4000",5.32097649574914,"IV"
154,"4000",5.09591285413258,"IV"
155,"4000",5.11739846386472,"IV"
156,"4000",4.96343407269748,"IV"
157,"4000",5.40869071691476,"IV"
158,"4000",4.42389407855472,"IV"
159,"4000",5.0546640813549,"IV"
160,"4000",5.660151354584,"IV"
161,"4000",6.17604523607855,"IV"
162,"4000",4.99900399339111,"IV"
163,"4000",5.41156001864922,"IV"
164,"4000",4.89755399464557,"IV"
165,"4000",4.49853053935827,"IV"
166,"4000",6.27407624356811,"IV"
167,"4000",4.70076768031422,"IV"
168,"4000",5.94171597608773,"IV"
169,"4000",5.56397816742336,"IV"
170,"4000",5.81291483018397,"IV"
171,"4000",4.89552648043381,"IV"
172,"4000",4.98087623501704,"IV"
173,"4000",4.4621897236982,"IV"
174,"4000",4.70998820440815,"IV"
175,"4000",5.19268191828015,"IV"
176,"4000",4.48887090081888,"IV"
177,"4000",5.52234770159598,"IV"
178,"4000",4.90293244691616,"IV"
179,"4000",4.98444160210148,"IV"
180,"4000",5.46079784081712,"IV"
181,"4000",5.69658188584527,"IV"
182,"4000",4.70866545287685,"IV"
183,"4000",5.6467113126717,"IV"
184,"4000",5.34500290187208,"IV"
185,"4000",5.49739393437859,"IV"
186,"4000",5.31744952022384,"IV"
187,"4000",5.68075926538646,"IV"
188,"4000",5.43900788324718,"IV"
189,"4000",4.47739724171774,"IV"
190,"4000",5.46192326647755,"IV"
191,"4000",5.17001095008918,"IV"
192,"4000",5.10451228570873,"IV"
193,"4000",5.06647213969925,"IV"
194,"4000",5.89259661702623,"IV"
195,"4000",4.80606145134251,"IV"
196,"4000",4.22612845800336,"IV"
197,"4000",5.23498811416304,"IV"
198,"4000",5.23521267859134,"IV"
199,"4000",4.94226824908197,"IV"
200,"4000",5.7802426915638,"IV"
201,"4000",5.25916690376754,"IV"
202,"4000",5.3323225428388,"IV"
203,"4000",5.38357199529833,"IV"
204,"4000",6.37914094767746,"IV"
205,"4000",5.12966605074252,"IV"
206,"4000",5.05197763102411,"IV"
207,"4000",5.9579974640336,"IV"
208,"4000",4.94461199579964,"IV"
209,"4000",4.90470743178966,"IV"
210,"4000",5.14978663238001,"IV"
211,"4000",5.09696600236414,"IV"
212,"4000",5.97188188720833,"IV"
213,"4000",4.32284206653776,"IV"
214,"4000",4.89819969109539,"IV"
215,"4000",4.9502821874709,"IV"
216,"4000",5.47676187653465,"IV"
217,"4000",4.64021290274253,"IV"
218,"4000",4.62933445633382,"IV"
219,"4000",4.28411000905865,"IV"
220,"4000",5.45836189045103,"IV"
221,"4000",5.35679434153541,"IV"
222,"4000",5.94299405061966,"IV"
223,"4000",4.75359302155536,"IV"
224,"4000",4.82235498018814,"IV"
225,"4000",5.80321770211314,"IV"
226,"4000",5.53024700725155,"IV"
227,"4000",5.03834086078431,"IV"
228,"4000",5.90218431349725,"IV"
229,"4000",4.77455778948262,"IV"
230,"4000",5.02395766482158,"IV"
231,"4000",4.98657599087495,"IV"
232,"4000",5.12042024067227,"IV"
233,"4000",5.5990687651414,"IV"
234,"4000",6.57732054630268,"IV"
235,"4000",4.86469085092388,"IV"
236,"4000",6.33538925129452,"IV"
237,"4000",4.87484396055652,"IV"
238,"4000",5.46564923716592,"IV"
239,"4000",5.54680490900176,"IV"
240,"4000",6.0232447076541,"IV"
241,"4000",4.35099930879119,"IV"
242,"4000",4.73013552225748,"IV"
243,"4000",5.09550914821599,"IV"
244,"4000",5.6108321254074,"IV"
245,"4000",6.23500244397023,"IV"
246,"4000",5.15034036594969,"IV"
247,"4000",4.44654823949909,"IV"
248,"4000",5.27359166089217,"IV"
249,"4000",5.30935358839375,"IV"
250,"4000",4.41433182239231,"IV"
251,"4000",4.64892635772817,"IV"
252,"4000",4.66014742613215,"IV"
253,"4000",5.65418558252188,"IV"
254,"4000",5.93579929416548,"IV"
255,"4000",4.61606151141834,"IV"
256,"4000",5.69906279120578,"IV"
257,"4000",6.69743146587683,"IV"
258,"4000",4.81085661651523,"IV"
259,"4000",7.03770740472013,"IV"
260,"4000",6.24446191827104,"IV"
261,"4000",5.44048904096989,"IV"
262,"4000",5.18409348022246,"IV"
263,"4000",4.4322269112431,"IV"
264,"4000",4.52127030214027,"IV"
265,"4000",4.59640657171794,"IV"
266,"4000",5.18325323661786,"IV"
267,"4000",5.80079478896839,"IV"
268,"4000",5.63930666483821,"IV"
269,"4000",4.79741862161784,"IV"
270,"4000",4.94473681091273,"IV"
271,"4000",5.28907265559255,"IV"
272,"4000",5.23014929379567,"IV"
273,"4000",5.28508353223057,"IV"
274,"4000",5.67691106474149,"IV"
275,"4000",6.07960187455571,"IV"
276,"4000",4.46396096100219,"IV"
277,"4000",6.57007999332343,"IV"
278,"4000",4.41727217380038,"IV"
279,"4000",4.33873653206828,"IV"
280,"4000",4.61207278743298,"IV"
281,"4000",4.58174715918229,"IV"
282,"4000",4.98683707710788,"IV"
283,"4000",5.07768666430987,"IV"
284,"4000",5.24112235539099,"IV"
285,"4000",5.49181285737438,"IV"
286,"4000",5.95940107437942,"IV"
287,"4000",5.21346464099121,"IV"
288,"4000",5.22647835233111,"IV"
289,"4000",5.83995269394173,"IV"
290,"4000",6.18161430365367,"IV"
291,"4000",5.55541113554578,"IV"
292,"4000",4.71162718135436,"IV"
293,"4000",5.55280887190137,"IV"
294,"4000",5.27969764412023,"IV"
295,"4000",4.79787066046527,"IV"
296,"4000",5.20485782486699,"IV"
297,"4000",5.34962142364398,"IV"
298,"4000",4.92967812737018,"IV"
299,"4000",5.39131204402013,"IV"
300,"4000",5.21031289511797,"IV"
301,"4000",5.90037114948291,"IV"
302,"4000",4.56261619034994,"IV"
303,"4000",4.18320120044448,"IV"
304,"4000",5.36822233891792,"IV"
305,"4000",4.79434556281574,"IV"
306,"4000",7.1494607191596,"IV"
307,"4000",5.73852940755349,"IV"
308,"4000",5.61535009393544,"IV"
309,"4000",5.12148906213917,"IV"
310,"4000",5.60755813592681,"IV"
311,"4000",5.1070006207229,"IV"
312,"4000",5.06679935767608,"IV"
313,"4000",4.50352215712656,"IV"
314,"4000",4.88474841801112,"IV"
315,"4000",6.05654353289854,"IV"
316,"4000",5.4251479975301,"IV"
317,"4000",6.65039371827964,"IV"
318,"4000",5.50339097227127,"IV"
319,"4000",6.25110092490907,"IV"
320,"4000",4.7176842008264,"IV"
321,"4000",6.1153388236429,"IV"
322,"4000",5.07111673628386,"IV"
323,"4000",5.26057358494716,"IV"
324,"4000",5.37588701726528,"IV"
325,"4000",5.64619423383501,"IV"
326,"4000",5.39836778628912,"IV"
327,"4000",5.60064048995792,"IV"
328,"4000",5.50657838350674,"IV"
329,"4000",5.42625712193692,"IV"
330,"4000",5.79933267376231,"IV"
331,"4000",5.93941078603887,"IV"
332,"4000",5.70528300610541,"IV"
333,"4000",5.31348129635669,"IV"
334,"4000",6.41739615307427,"IV"
335,"4000",6.07939789296902,"IV"
336,"4000",6.14386264270954,"IV"
337,"4000",5.24588429312326,"IV"
338,"4000",5.23411872780017,"IV"
339,"4000",4.42118006141463,"IV"
340,"4000",6.00336946468894,"IV"
341,"4000",4.75035764200353,"IV"
342,"4000",5.33650451197787,"IV"
343,"4000",5.43598490982659,"IV"
344,"4000",5.19681400875607,"IV"
345,"4000",4.6086934703395,"IV"
346,"4000",5.58140755645179,"IV"
347,"4000",4.47038488356971,"IV"
348,"4000",5.07225173211318,"IV"
349,"4000",4.17083798321688,"IV"
350,"4000",5.52436295693853,"IV"
351,"4000",4.7446583604099,"IV"
352,"4000",5.36426479366845,"IV"
353,"4000",5.57676284309842,"IV"
354,"4000",7.03661229935494,"IV"
355,"4000",4.84919390654186,"IV"
356,"4000",5.17823939156959,"IV"
357,"4000",5.92224678105038,"IV"
358,"4000",6.19616449921934,"IV"
359,"4000",5.40687094487629,"IV"
360,"4000",5.00432526187401,"IV"
361,"4000",5.5210503705315,"IV"
362,"4000",5.50327413970229,"IV"
363,"4000",6.0679171585601,"IV"
364,"4000",6.04145216808229,"IV"
365,"4000",5.01884518024911,"IV"
366,"4000",4.68406254730661,"IV"
367,"4000",4.98398693340744,"IV"
368,"4000",5.88827956168165,"IV"
369,"4000",4.15484320072265,"IV"
370,"4000",4.97580986137222,"IV"
371,"4000",5.27571561704255,"IV"
372,"4000",4.48227545297961,"IV"
373,"4000",4.71762091703873,"IV"
374,"4000",5.43378401325647,"IV"
375,"4000",6.43780977802456,"IV"
376,"4000",5.19808443786873,"IV"
377,"4000",4.98483928136071,"IV"
378,"4000",4.59420789002881,"IV"
379,"4000",4.49865034939283,"IV"
380,"4000",5.4098236304367,"IV"
381,"4000",4.90829062574594,"IV"
382,"4000",4.70974730185648,"IV"
383,"4000",4.9864942582503,"IV"
384,"4000",5.62000806920658,"IV"
385,"4000",6.04768539268547,"IV"
386,"4000",4.45844113447939,"IV"
387,"4000",6.32396982531861,"IV"
388,"4000",6.13478049323239,"IV"
389,"4000",4.41886208360715,"IV"
390,"4000",5.69351234389497,"IV"
391,"4000",5.0879069074966,"IV"
392,"4000",5.98362343785193,"IV"
393,"4000",6.49736788980273,"IV"
394,"4000",6.04218585964142,"IV"
395,"4000",4.35134188155483,"IV"
396,"4000",4.51722020537278,"IV"
397,"4000",4.68789651132086,"IV"
398,"4000",6.81861717251247,"IV"
399,"4000",4.67642043628481,"IV"
400,"4000",4.44802587770858,"IV"
401,"4000",4.70209565705801,"IV"
402,"4000",5.22123769953736,"IV"
403,"4000",5.110082202987,"IV"
404,"4000",5.74417461008112,"IV"
405,"4000",4.47043570089272,"IV"
406,"4000",4.51383077204508,"IV"
407,"4000",6.54875457554602,"IV"
408,"4000",4.36494357150349,"IV"
409,"4000",5.22012109816273,"IV"
410,"4000",4.85831356473442,"IV"
411,"4000",5.3353071995642,"IV"
412,"4000",5.03740506060822,"IV"
413,"4000",4.17871457914953,"IV"
414,"4000",5.65751929857377,"IV"
415,"4000",4.39913427322898,"IV"
416,"4000",5.82868573694717,"IV"
417,"4000",5.46777323131464,"IV"
418,"4000",5.422169265391,"IV"
419,"4000",5.22507930269634,"IV"
420,"4000",5.54376499767705,"IV"
421,"4000",4.65038619845119,"IV"
422,"4000",4.83717720433483,"IV"
423,"4000",4.99518155443654,"IV"
424,"4000",4.66349475723907,"IV"
425,"4000",4.88228823815733,"IV"
426,"4000",5.08878804934884,"IV"
427,"4000",4.87551871131443,"IV"
428,"4000",5.57445776159297,"IV"
429,"4000",4.84111033776048,"IV"
430,"4000",5.29362771589058,"IV"
431,"4000",4.72865443562616,"IV"
432,"4000",5.88218897422373,"IV"
433,"4000",5.06889622545753,"IV"
434,"4000",5.87302296869823,"IV"
435,"4000",6.02511511598553,"IV"
436,"4000",6.10273453385285,"IV"
437,"4000",5.32515583037774,"IV"
438,"4000",4.67071120365814,"IV"
439,"4000",4.86464152386673,"IV"
440,"4000",5.57861516562891,"IV"
441,"4000",6.02272049672058,"IV"
442,"4000",4.39673334121844,"IV"
443,"4000",5.37390168725855,"IV"
444,"4000",5.43855862409202,"IV"
445,"4000",4.99806808101556,"IV"
446,"4000",5.84172108273897,"IV"
447,"4000",4.68000240960284,"IV"
448,"4000",4.86713596083981,"IV"
449,"4000",5.08318787176559,"IV"
450,"4000",4.46054045287949,"IV"
451,"4000",5.21306702801151,"IV"
452,"4000",5.02605520692413,"IV"
453,"4000",5.0782826028485,"IV"
454,"4000",7.07866148132072,"IV"
455,"4000",6.03485444140502,"IV"
456,"4000",6.11760563744709,"IV"
457,"4000",4.62360754111008,"IV"
458,"4000",4.79126463377742,"IV"
459,"4000",4.81818411045332,"IV"
460,"4000",6.14516158974343,"IV"
461,"4000",5.53967967462995,"IV"
462,"4000",5.51253086147564,"IV"
463,"4000",5.12574606660921,"IV"
464,"4000",5.6256504129343,"IV"
465,"4000",4.81050133870646,"IV"
466,"4000",4.09075060336172,"IV"
467,"4000",5.44567726471503,"IV"
468,"4000",4.73316601851296,"IV"
469,"4000",6.63401022429898,"IV"
470,"4000",5.8063270668322,"IV"
471,"4000",4.67729926690743,"IV"
472,"4000",5.43600873192679,"IV"
473,"4000",5.18472624112098,"IV"
474,"4000",5.42333278661882,"IV"
475,"4000",5.19470477065127,"IV"
476,"4000",5.58861923672537,"IV"
477,"4000",4.5946146550645,"IV"
478,"4000",4.82281765279755,"IV"
479,"4000",4.58912748216641,"IV"
480,"4000",6.23664376710546,"IV"
481,"4000",4.81927284544714,"IV"
482,"4000",5.56963422489121,"IV"
483,"4000",5.77445492083599,"IV"
484,"4000",5.02722912554286,"IV"
485,"4000",5.67584289783387,"IV"
486,"4000",6.29024381007282,"IV"
487,"4000",5.46474800743522,"IV"
488,"4000",5.55576869260111,"IV"
489,"4000",4.94378934739757,"IV"
490,"4000",4.76173871386049,"IV"
491,"4000",5.44627311506187,"IV"
492,"4000",4.82524279260913,"IV"
493,"4000",4.40459753138949,"IV"
494,"4000",5.70791527250057,"IV"
495,"4000",5.09418480691857,"IV"
496,"4000",6.04680285241003,"IV"
497,"4000",4.6425464556406,"IV"
498,"4000",6.1904253569149,"IV"
499,"4000",4.71034334603436,"IV"
500,"4000",4.91605296868184,"IV"
501,"4000",4.72848162559128,"IV"
502,"4000",5.2515118553145,"IV"
503,"4000",6.82277602981453,"IV"
504,"4000",5.45030267103096,"IV"
505,"4000",4.89057036884686,"IV"
506,"4000",6.09769013529812,"IV"
507,"4000",4.33790986447025,"IV"
508,"4000",5.42688531236727,"IV"
509,"4000",5.01023832279335,"IV"
510,"4000",6.09057625385489,"IV"
511,"4000",5.34196646499541,"IV"
512,"4000",5.39807282008207,"IV"
513,"4000",4.5226738997892,"IV"
514,"4000",5.2164159078991,"IV"
515,"4000",5.37682512808292,"IV"
516,"4000",5.25979793884312,"IV"
517,"4000",5.22602719706771,"IV"
518,"4000",6.32672029835397,"IV"
519,"4000",5.57516826051266,"IV"
520,"4000",5.00632638941798,"IV"
521,"4000",5.8969425629212,"IV"
522,"4000",6.06168429881931,"IV"
523,"4000",5.5544639628106,"IV"
524,"4000",6.85995673898435,"IV"
525,"4000",6.31132737389741,"IV"
526,"4000",5.42707163032617,"IV"
527,"4000",5.06098085375748,"IV"
528,"4000",5.06447160495127,"IV"
529,"4000",5.76344005718072,"IV"
530,"4000",4.71861793397573,"IV"
531,"4000",6.21865710131389,"IV"
532,"4000",5.76581154064567,"IV"
533,"4000",4.85263492565103,"IV"
534,"4000",4.87797915341313,"IV"
535,"4000",5.50814143447864,"IV"
536,"4000",4.89744052156726,"IV"
537,"4000",6.29846579274603,"IV"
538,"4000",6.5490723348709,"IV"
539,"4000",5.13289522889761,"IV"
540,"4000",5.55148012931903,"IV"
541,"4000",6.20317672599562,"IV"
542,"4000",4.70430412235348,"IV"
543,"4000",5.16255009232272,"IV"
544,"4000",5.04245883348301,"IV"
545,"4000",4.8544081428276,"IV"
546,"4000",5.61700111074405,"IV"
547,"4000",5.25575679320189,"IV"
548,"4000",4.73472601123685,"IV"
549,"4000",6.21554916444359,"IV"
550,"4000",5.82509903307293,"IV"
551,"4000",4.98387842253392,"IV"
552,"4000",4.9839398674518,"IV"
553,"4000",5.72456664318146,"IV"
554,"4000",5.50117323787436,"IV"
555,"4000",5.03474374084843,"IV"
556,"4000",5.47375605199908,"IV"
557,"4000",4.56722902989008,"IV"
558,"4000",5.42495643269526,"IV"
559,"4000",5.89705635024603,"IV"
560,"4000",4.63156086950512,"IV"
561,"4000",4.92890147446544,"IV"
562,"4000",6.04725532590783,"IV"
563,"4000",5.17998808514553,"IV"
564,"4000",5.05978803489168,"IV"
565,"4000",6.0303271474005,"IV"
566,"4000",5.14211275955658,"IV"
567,"4000",6.75221741761294,"IV"
568,"4000",5.97057705812642,"IV"
569,"4000",6.06970176058856,"IV"
570,"4000",5.88983476143859,"IV"
571,"4000",5.33702003199401,"IV"
572,"4000",5.56591662247404,"IV"
573,"4000",6.00710509603821,"IV"
574,"4000",6.42360364630055,"IV"
575,"4000",4.99774790205384,"IV"
576,"4000",4.62737288619915,"IV"
577,"4000",6.37246341307248,"IV"
578,"4000",4.76725868462714,"IV"
579,"4000",4.23498458710382,"IV"
580,"4000",4.96428177671291,"IV"
581,"4000",5.65422131137619,"IV"
582,"4000",4.66044845372172,"IV"
583,"4000",6.01493401968088,"IV"
584,"4000",6.02916102178728,"IV"
585,"4000",5.59336520717089,"IV"
586,"4000",6.2219139825193,"IV"
587,"4000",4.28973125522628,"IV"
588,"4000",4.38663891695248,"IV"
589,"4000",5.95643723387679,"IV"
590,"4000",5.1005073313768,"IV"
591,"4000",5.76966135522914,"IV"
592,"4000",5.3147613576176,"IV"
593,"4000",4.83955885729988,"IV"
594,"4000",5.23323238378257,"IV"
595,"4000",5.73439213951058,"IV"
596,"4000",5.09282043342517,"IV"
597,"4000",5.73924444153035,"IV"
598,"4000",4.49672618940361,"IV"
599,"4000",5.55907777934777,"IV"
600,"4000",6.60674549553756,"IV"
601,"4000",6.17685040575781,"IV"
602,"4000",5.23328546677731,"IV"
603,"4000",6.25707866982543,"IV"
604,"4000",5.08111271927963,"IV"
605,"4000",6.76896138088372,"IV"
606,"4000",4.5885995400516,"IV"
607,"4000",5.1819165545341,"IV"
608,"4000",4.53876221025262,"IV"
609,"4000",5.21384290963074,"IV"
610,"4000",5.7144225783865,"IV"
611,"4000",6.12098099954828,"IV"
612,"4000",4.56374270429688,"IV"
613,"4000",4.72646895092598,"IV"
614,"4000",5.46016674434482,"IV"
615,"4000",6.43969285730652,"IV"
616,"4000",6.32090953082561,"IV"
617,"4000",4.8026221333226,"IV"
618,"4000",5.57890182052659,"IV"
619,"4000",5.91519784379911,"IV"
620,"4000",5.54470151233691,"IV"
621,"4000",5.4153142771574,"IV"
622,"4000",5.13683686680997,"IV"
623,"4000",5.31291222388161,"IV"
624,"4000",4.82122951073064,"IV"
625,"4000",4.96192811858771,"IV"
626,"4000",4.59788203195668,"IV"
627,"4000",6.4672958457393,"IV"
628,"4000",4.86944261794969,"IV"
629,"4000",4.56049182933132,"IV"
630,"4000",5.42201278910702,"IV"
631,"4000",4.79188308617978,"IV"
632,"4000",5.55033105191376,"IV"
633,"4000",5.36442273279409,"IV"
634,"4000",7.00514908256948,"IV"
635,"4000",5.36763027890993,"IV"
636,"4000",4.71857857425964,"IV"
637,"4000",4.82750095771583,"IV"
638,"4000",5.04184183191211,"IV"
639,"4000",4.73485361936443,"IV"
640,"4000",5.41558864802523,"IV"
641,"4000",4.71773000327026,"IV"
642,"4000",4.98257670876353,"IV"
643,"4000",4.71799417144237,"IV"
644,"4000",5.13536611463951,"IV"
645,"4000",7.03546370997318,"IV"
646,"4000",4.98222982817313,"IV"
647,"4000",4.89345238084672,"IV"
648,"4000",4.63983992788094,"IV"
649,"4000",5.16040948647077,"IV"
650,"4000",4.94176131890533,"IV"
651,"4000",6.86008956689866,"IV"
652,"4000",4.7491266564813,"IV"
653,"4000",5.98430684280658,"IV"
654,"4000",5.80299818381301,"IV"
655,"4000",5.63698122432151,"IV"
656,"4000",5.7369469998346,"IV"
657,"4000",5.78406958470426,"IV"
658,"4000",5.93022000151829,"IV"
659,"4000",6.05310654733056,"IV"
660,"4000",5.06763446544522,"IV"
661,"4000",5.26493008072916,"IV"
662,"4000",5.58082572724153,"IV"
663,"4000",6.16631309554001,"IV"
664,"4000",5.42449654826437,"IV"
665,"4000",5.31500596283231,"IV"
666,"4000",5.29731458100643,"IV"
667,"4000",5.64475377506019,"IV"
668,"4000",6.03345276286527,"IV"
669,"4000",4.81960609098915,"IV"
670,"4000",4.4924855038276,"IV"
671,"4000",4.81353583872135,"IV"
672,"4000",5.0408607030398,"IV"
673,"4000",4.92992243639925,"IV"
674,"4000",6.37142283166884,"IV"
675,"4000",7.23824993160337,"IV"
676,"4000",7.02300195264106,"IV"
677,"4000",4.60676744433462,"IV"
678,"4000",4.86943222402363,"IV"
679,"4000",6.1518589327886,"IV"
680,"4000",5.29058166691651,"IV"
681,"4000",5.46095926276358,"IV"
682,"4000",6.56448040550561,"IV"
683,"4000",5.35829895142958,"IV"
684,"4000",5.26247427892623,"IV"
685,"4000",6.5112544623089,"IV"
686,"4000",6.04528158492423,"IV"
687,"4000",5.83081974619695,"IV"
688,"4000",4.9595631607645,"IV"
689,"4000",4.97729819442289,"IV"
690,"4000",6.26579968939155,"IV"
691,"4000",6.43887918353377,"IV"
692,"4000",5.82826656115889,"IV"
693,"4000",5.17850605671207,"IV"
694,"4000",5.42891208957814,"IV"
695,"4000",5.4249712756717,"IV"
696,"4000",5.40038287461073,"IV"
697,"4000",4.98481980445855,"IV"
698,"4000",6.15426589522488,"IV"
699,"4000",5.64649747486393,"IV"
700,"4000",4.92064652410617,"IV"
701,"4000",5.59661242159599,"IV"
702,"4000",6.54353967905013,"IV"
703,"4000",5.27390367115923,"IV"
704,"4000",5.03552869532841,"IV"
705,"4000",5.5571840525758,"IV"
706,"4000",5.44811784342504,"IV"
707,"4000",6.36731548922308,"IV"
708,"4000",4.15870380041653,"IV"
709,"4000",4.91245219974773,"IV"
710,"4000",6.09771031854619,"IV"
711,"4000",4.68397549584457,"IV"
712,"4000",5.75791448686197,"IV"
713,"4000",5.76167297114068,"IV"
714,"4000",4.64926668734565,"IV"
715,"4000",6.7735427178905,"IV"
716,"4000",5.82260329092627,"IV"
717,"4000",5.12395054100507,"IV"
718,"4000",5.5292304536945,"IV"
719,"4000",5.45367540527443,"IV"
720,"4000",5.57583148880161,"IV"
721,"4000",4.49426146953081,"IV"
722,"4000",5.6773785765521,"IV"
723,"4000",6.36969551631554,"IV"
724,"4000",5.141037521753,"IV"
725,"4000",4.97454477614249,"IV"
726,"4000",4.83296226835511,"IV"
727,"4000",4.80509761399186,"IV"
728,"4000",5.46396077407227,"IV"
729,"4000",4.6970732412593,"IV"
730,"4000",4.90957182937047,"IV"
731,"4000",5.23359717185603,"IV"
732,"4000",5.64672410183615,"IV"
733,"4000",4.68642373250554,"IV"
734,"4000",6.1399023879563,"IV"
735,"4000",5.47632749673248,"IV"
736,"4000",4.78980119813944,"IV"
737,"4000",5.21861953711005,"IV"
738,"4000",4.36792721969684,"IV"
739,"4000",5.10546257924654,"IV"
740,"4000",4.83186857027728,"IV"
741,"4000",5.1314193484155,"IV"
742,"4000",5.85128715823516,"IV"
743,"4000",5.63464759858221,"IV"
744,"4000",6.16491322150672,"IV"
745,"4000",5.82358710589645,"IV"
746,"4000",5.1909904899306,"IV"
747,"4000",5.92708467493583,"IV"
748,"4000",4.67044741073185,"IV"
749,"4000",5.7942359775526,"IV"
750,"4000",5.47659005241294,"IV"
751,"4000",4.86325812319606,"IV"
752,"4000",5.59040129209174,"IV"
753,"4000",5.4420667177322,"IV"
754,"4000",5.04450309739882,"IV"
755,"4000",5.50259824476164,"IV"
756,"4000",5.73909113631794,"IV"
757,"4000",5.6504193389897,"IV"
758,"4000",4.9121108269654,"IV"
759,"4000",5.88838551805037,"IV"
760,"4000",4.77618564164355,"IV"
761,"4000",4.80365788649809,"IV"
762,"4000",4.63223311789313,"IV"
763,"4000",5.63336233897849,"IV"
764,"4000",5.12254780740538,"IV"
765,"4000",5.09066394489635,"IV"
766,"4000",5.03281670705545,"IV"
767,"4000",4.86181740899439,"IV"
768,"4000",4.76393683092633,"IV"
769,"4000",5.73441366773115,"IV"
770,"4000",4.61776916416439,"IV"
771,"4000",5.20556142639021,"IV"
772,"4000",5.87500632401193,"IV"
773,"4000",4.19588077598531,"IV"
774,"4000",5.13788688040315,"IV"
775,"4000",5.25127968460009,"IV"
776,"4000",4.79794942439719,"IV"
777,"4000",5.26397039444637,"IV"
778,"4000",4.45612145238628,"IV"
779,"4000",4.59688066953142,"IV"
780,"4000",6.66352041049458,"IV"
781,"4000",7.15690470456918,"IV"
782,"4000",4.97978246390756,"IV"
783,"4000",7.13665903693364,"IV"
784,"4000",6.96085334034617,"IV"
785,"4000",5.64729178992039,"IV"
786,"4000",7.23588860185151,"IV"
787,"4000",4.59341556060748,"IV"
788,"4000",5.23138402317724,"IV"
789,"4000",4.99709178027462,"IV"
790,"4000",4.6865921880964,"IV"
791,"4000",5.32782337855286,"IV"
792,"4000",4.96979169427656,"IV"
793,"4000",5.24089421700808,"IV"
794,"4000",5.15163050902151,"IV"
795,"4000",5.13654183287254,"IV"
796,"4000",4.89764176393626,"IV"
797,"4000",5.10897404736409,"IV"
798,"4000",4.88119602949654,"IV"
799,"4000",4.42480307752498,"IV"
800,"4000",4.94628734417489,"IV"
801,"4000",5.61956116106473,"IV"
802,"4000",4.81050944786155,"IV"
803,"4000",6.27019869503777,"IV"
804,"4000",5.44519390590961,"IV"
805,"4000",5.01397885393084,"IV"
806,"4000",4.29000711185641,"IV"
807,"4000",5.60791168169219,"IV"
808,"4000",5.45572374543683,"IV"
809,"4000",5.16336539352809,"IV"
810,"4000",4.95692216655693,"IV"
811,"4000",5.77351305944469,"IV"
812,"4000",5.21656149563545,"IV"
813,"4000",4.53608148317355,"IV"
814,"4000",5.55979913311589,"IV"
815,"4000",5.29900553471693,"IV"
816,"4000",5.71313813898141,"IV"
817,"4000",4.65965112399538,"IV"
818,"4000",6.8193633528671,"IV"
819,"4000",4.73257943676567,"IV"
820,"4000",5.5570247273488,"IV"
821,"4000",5.13370405017519,"IV"
822,"4000",4.73472454795451,"IV"
823,"4000",5.44904855194919,"IV"
824,"4000",6.28753657199234,"IV"
825,"4000",5.16469315603862,"IV"
826,"4000",6.63739429108314,"IV"
827,"4000",5.2043922900134,"IV"
828,"4000",4.84973306338771,"IV"
829,"4000",5.27998773759145,"IV"
830,"4000",5.04794909272213,"IV"
831,"4000",5.22786752648305,"IV"
832,"4000",5.84397168676313,"IV"
833,"4000",4.15460630630123,"IV"
834,"4000",4.61884285159712,"IV"
835,"4000",6.22085931496663,"IV"
836,"4000",5.41417875639178,"IV"
837,"4000",5.17858369324385,"IV"
838,"4000",6.14933063487743,"IV"
839,"4000",5.47263222283164,"IV"
840,"4000",5.29034244879335,"IV"
841,"4000",5.31925108685824,"IV"
842,"4000",4.57240505485732,"IV"
843,"4000",4.66956165289234,"IV"
844,"4000",5.08358945762005,"IV"
845,"4000",7.0979792385564,"IV"
846,"4000",6.0774417982598,"IV"
847,"4000",4.26748376701177,"IV"
848,"4000",6.42778503485425,"IV"
849,"4000",5.94547646994219,"IV"
850,"4000",5.5946394679241,"IV"
851,"4000",4.82232379725259,"IV"
852,"4000",5.27876387267127,"IV"
853,"4000",5.16415794991257,"IV"
854,"4000",5.25238800109508,"IV"
855,"4000",5.04457048003511,"IV"
856,"4000",5.1971064174979,"IV"
857,"4000",5.96012564179933,"IV"
858,"4000",5.23866029843775,"IV"
859,"4000",6.82604573106341,"IV"
860,"4000",4.52381877948016,"IV"
861,"4000",4.5075308560598,"IV"
862,"4000",4.61593654055429,"IV"
863,"4000",5.93686751068494,"IV"
864,"4000",5.89191009445725,"IV"
865,"4000",5.57410274920011,"IV"
866,"4000",4.99424193152491,"IV"
867,"4000",5.09946259577392,"IV"
868,"4000",5.50420641229301,"IV"
869,"4000",5.54000126742093,"IV"
870,"4000",6.25555962358389,"IV"
871,"4000",5.03701690012008,"IV"
872,"4000",5.71576541155666,"IV"
873,"4000",4.68392921371944,"IV"
874,"4000",4.91998656388294,"IV"
875,"4000",6.46959641509309,"IV"
876,"4000",6.3760082091345,"IV"
877,"4000",5.26160390477054,"IV"
878,"4000",5.42975156936082,"IV"
879,"4000",5.48564067280156,"IV"
880,"4000",5.71637939349198,"IV"
881,"4000",6.63379125150158,"IV"
882,"4000",5.55538502580927,"IV"
883,"4000",5.32421846957396,"IV"
884,"4000",5.56554138930083,"IV"
885,"4000",5.21643182044242,"IV"
886,"4000",5.87940953103845,"IV"
887,"4000",4.11374193985739,"IV"
888,"4000",5.09011368065759,"IV"
889,"4000",4.91611557874689,"IV"
890,"4000",7.19869195039487,"IV"
891,"4000",5.28473685933893,"IV"
892,"4000",5.18511736493629,"IV"
893,"4000",6.12501121107565,"IV"
894,"4000",5.94812690393731,"IV"
895,"4000",5.49120062815764,"IV"
896,"4000",5.13962502359849,"IV"
897,"4000",5.52908709979175,"IV"
898,"4000",4.70637195127574,"IV"
899,"4000",5.67209617326976,"IV"
900,"4000",6.00381763081493,"IV"
901,"4000",5.68138672684241,"IV"
902,"4000",5.20113760324762,"IV"
903,"4000",5.78905187874255,"IV"
904,"4000",5.08737151064677,"IV"
905,"4000",6.88167049036469,"IV"
906,"4000",4.13121676802252,"IV"
907,"4000",5.28605837186572,"IV"
908,"4000",5.41129775225786,"IV"
909,"4000",4.80477499441306,"IV"
910,"4000",4.55428814421894,"IV"
911,"4000",5.93474123543044,"IV"
912,"4000",5.22280194877813,"IV"
913,"4000",5.69569254006424,"IV"
914,"4000",4.66287569593599,"IV"
915,"4000",4.87670699539632,"IV"
916,"4000",6.15155355809307,"IV"
917,"4000",5.56065769733175,"IV"
918,"4000",6.016558213889,"IV"
919,"4000",5.30290652525181,"IV"
920,"4000",5.34949548290836,"IV"
921,"4000",5.39771300186876,"IV"
922,"4000",5.03001182541639,"IV"
923,"4000",5.43247579396161,"IV"
924,"4000",6.28156783424353,"IV"
925,"4000",6.07530374789672,"IV"
926,"4000",5.80009811657387,"IV"
927,"4000",4.52134240979891,"IV"
928,"4000",5.82593354128614,"IV"
929,"4000",4.67668393282198,"IV"
930,"4000",5.04645838172154,"IV"
931,"4000",5.62327136992089,"IV"
932,"4000",5.45723104862115,"IV"
933,"4000",5.37800576259529,"IV"
934,"4000",5.09565681771309,"IV"
935,"4000",5.43740242757339,"IV"
936,"4000",5.14182836720967,"IV"
937,"4000",6.4757898179439,"IV"
938,"4000",4.44147356488801,"IV"
939,"4000",4.34296491277781,"IV"
940,"4000",4.93267101904828,"IV"
941,"4000",4.99905976847531,"IV"
942,"4000",5.28708829011564,"IV"
943,"4000",6.24571089208091,"IV"
944,"4000",4.91614239628492,"IV"
945,"4000",5.06190524521367,"IV"
946,"4000",6.40198071823215,"IV"
947,"4000",5.58005176843566,"IV"
948,"4000",5.06740065630636,"IV"
949,"4000",5.61484994056413,"IV"
950,"4000",4.51231712697715,"IV"
951,"4000",6.63343752929839,"IV"
952,"4000",5.34240479302113,"IV"
953,"4000",6.52144779050627,"IV"
954,"4000",4.40830711516224,"IV"
955,"4000",6.40129157466404,"IV"
956,"4000",5.48856976832995,"IV"
957,"4000",4.45746384995028,"IV"
958,"4000",5.40539026928733,"IV"
959,"4000",6.4424761337389,"IV"
960,"4000",4.96954700389398,"IV"
961,"4000",5.3621592997278,"IV"
962,"4000",4.83632203888751,"IV"
963,"4000",4.22815376027587,"IV"
964,"4000",5.75366342502802,"IV"
965,"4000",6.17382723016563,"IV"
966,"4000",5.95460229080058,"IV"
967,"4000",4.58851806401561,"IV"
968,"4000",5.31476486862647,"IV"
969,"4000",5.09973974776559,"IV"
970,"4000",4.58403372451942,"IV"
971,"4000",5.39325060615285,"IV"
972,"4000",6.01320742354397,"IV"
973,"4000",5.17649619250391,"IV"
974,"4000",4.96382042981602,"IV"
975,"4000",4.53954816841056,"IV"
976,"4000",5.78646154417287,"IV"
977,"4000",4.97132057919747,"IV"
978,"4000",5.51714815731713,"IV"
979,"4000",6.25118989058899,"IV"
980,"4000",4.84569291097522,"IV"
981,"4000",4.81144373967023,"IV"
982,"4000",5.2008295422571,"IV"
983,"4000",5.58928448513052,"IV"
984,"4000",5.38719595065285,"IV"
985,"4000",4.97126852529178,"IV"
986,"4000",5.49776127403801,"IV"
987,"4000",5.19060145923619,"IV"
988,"4000",5.794501728243,"IV"
989,"4000",6.85151709553386,"IV"
990,"4000",6.41726590670845,"IV"
991,"4000",5.18454418482287,"IV"
992,"4000",5.04152799495133,"IV"
993,"4000",5.05989467177646,"IV"
994,"4000",4.84496951430185,"IV"
995,"4000",5.37098386810153,"IV"
996,"4000",5.58530545055722,"IV"
997,"4000",4.09529928382966,"IV"
998,"4000",5.76176984923476,"IV"
999,"4000",5.21680669771132,"IV"
1000,"4000",5.49459497841894,"IV"
1,"500",NA,"Unadjusted"
2,"500",NA,"Unadjusted"
3,"500",NA,"Unadjusted"
4,"500",-12.4928799149841,"Unadjusted"
5,"500",NA,"Unadjusted"
6,"500",NA,"Unadjusted"
7,"500",NA,"Unadjusted"
8,"500",NA,"Unadjusted"
9,"500",NA,"Unadjusted"
10,"500",NA,"Unadjusted"
11,"500",NA,"Unadjusted"
12,"500",NA,"Unadjusted"
13,"500",NA,"Unadjusted"
14,"500",NA,"Unadjusted"
15,"500",NA,"Unadjusted"
16,"500",NA,"Unadjusted"
17,"500",NA,"Unadjusted"
18,"500",NA,"Unadjusted"
19,"500",-14.0572792362769,"Unadjusted"
20,"500",NA,"Unadjusted"
21,"500",NA,"Unadjusted"
22,"500",-14.5492574257426,"Unadjusted"
23,"500",NA,"Unadjusted"
24,"500",NA,"Unadjusted"
25,"500",NA,"Unadjusted"
26,"500",NA,"Unadjusted"
27,"500",NA,"Unadjusted"
28,"500",NA,"Unadjusted"
29,"500",NA,"Unadjusted"
30,"500",NA,"Unadjusted"
31,"500",NA,"Unadjusted"
32,"500",NA,"Unadjusted"
33,"500",NA,"Unadjusted"
34,"500",NA,"Unadjusted"
35,"500",NA,"Unadjusted"
36,"500",NA,"Unadjusted"
37,"500",-16.4054344901803,"Unadjusted"
38,"500",NA,"Unadjusted"
39,"500",NA,"Unadjusted"
40,"500",NA,"Unadjusted"
41,"500",NA,"Unadjusted"
42,"500",NA,"Unadjusted"
43,"500",-19.7721066319896,"Unadjusted"
44,"500",NA,"Unadjusted"
45,"500",NA,"Unadjusted"
46,"500",NA,"Unadjusted"
47,"500",NA,"Unadjusted"
48,"500",NA,"Unadjusted"
49,"500",NA,"Unadjusted"
50,"500",NA,"Unadjusted"
51,"500",NA,"Unadjusted"
52,"500",NA,"Unadjusted"
53,"500",NA,"Unadjusted"
54,"500",NA,"Unadjusted"
55,"500",NA,"Unadjusted"
56,"500",-14.3806390977444,"Unadjusted"
57,"500",NA,"Unadjusted"
58,"500",NA,"Unadjusted"
59,"500",-12.0972222222222,"Unadjusted"
60,"500",NA,"Unadjusted"
61,"500",-20.4518828451883,"Unadjusted"
62,"500",NA,"Unadjusted"
63,"500",14.3988095238095,"Unadjusted"
64,"500",NA,"Unadjusted"
65,"500",13.3582358235824,"Unadjusted"
66,"500",NA,"Unadjusted"
67,"500",8.77727930535456,"Unadjusted"
68,"500",NA,"Unadjusted"
69,"500",12.2524752475247,"Unadjusted"
70,"500",-20.3863636363636,"Unadjusted"
71,"500",NA,"Unadjusted"
72,"500",NA,"Unadjusted"
73,"500",NA,"Unadjusted"
74,"500",-22.6461247637051,"Unadjusted"
75,"500",NA,"Unadjusted"
76,"500",NA,"Unadjusted"
77,"500",NA,"Unadjusted"
78,"500",NA,"Unadjusted"
79,"500",NA,"Unadjusted"
80,"500",NA,"Unadjusted"
81,"500",NA,"Unadjusted"
82,"500",NA,"Unadjusted"
83,"500",NA,"Unadjusted"
84,"500",14.5225933202358,"Unadjusted"
85,"500",NA,"Unadjusted"
86,"500",NA,"Unadjusted"
87,"500",NA,"Unadjusted"
88,"500",NA,"Unadjusted"
89,"500",NA,"Unadjusted"
90,"500",NA,"Unadjusted"
91,"500",NA,"Unadjusted"
92,"500",-19.8141503046716,"Unadjusted"
93,"500",NA,"Unadjusted"
94,"500",NA,"Unadjusted"
95,"500",NA,"Unadjusted"
96,"500",NA,"Unadjusted"
97,"500",NA,"Unadjusted"
98,"500",NA,"Unadjusted"
99,"500",NA,"Unadjusted"
100,"500",NA,"Unadjusted"
101,"500",NA,"Unadjusted"
102,"500",NA,"Unadjusted"
103,"500",NA,"Unadjusted"
104,"500",-23.547433903577,"Unadjusted"
105,"500",NA,"Unadjusted"
106,"500",-14.6309963099631,"Unadjusted"
107,"500",NA,"Unadjusted"
108,"500",NA,"Unadjusted"
109,"500",NA,"Unadjusted"
110,"500",NA,"Unadjusted"
111,"500",NA,"Unadjusted"
112,"500",NA,"Unadjusted"
113,"500",NA,"Unadjusted"
114,"500",NA,"Unadjusted"
115,"500",-21.3403805496829,"Unadjusted"
116,"500",-19.5555555555556,"Unadjusted"
117,"500",7.70504711501226,"Unadjusted"
118,"500",-14.1262886597938,"Unadjusted"
119,"500",NA,"Unadjusted"
120,"500",NA,"Unadjusted"
121,"500",-20.0120481927711,"Unadjusted"
122,"500",NA,"Unadjusted"
123,"500",NA,"Unadjusted"
124,"500",NA,"Unadjusted"
125,"500",NA,"Unadjusted"
126,"500",NA,"Unadjusted"
127,"500",NA,"Unadjusted"
128,"500",NA,"Unadjusted"
129,"500",NA,"Unadjusted"
130,"500",11.5235091743119,"Unadjusted"
131,"500",NA,"Unadjusted"
132,"500",NA,"Unadjusted"
133,"500",NA,"Unadjusted"
134,"500",NA,"Unadjusted"
135,"500",NA,"Unadjusted"
136,"500",NA,"Unadjusted"
137,"500",NA,"Unadjusted"
138,"500",NA,"Unadjusted"
139,"500",NA,"Unadjusted"
140,"500",NA,"Unadjusted"
141,"500",14.2971306616078,"Unadjusted"
142,"500",-24.5502450980392,"Unadjusted"
143,"500",NA,"Unadjusted"
144,"500",-24,"Unadjusted"
145,"500",14.6066985645933,"Unadjusted"
146,"500",NA,"Unadjusted"
147,"500",NA,"Unadjusted"
148,"500",NA,"Unadjusted"
149,"500",NA,"Unadjusted"
150,"500",NA,"Unadjusted"
151,"500",NA,"Unadjusted"
152,"500",NA,"Unadjusted"
153,"500",NA,"Unadjusted"
154,"500",NA,"Unadjusted"
155,"500",NA,"Unadjusted"
156,"500",NA,"Unadjusted"
157,"500",-16.5369127516778,"Unadjusted"
158,"500",NA,"Unadjusted"
159,"500",-20.3758741258741,"Unadjusted"
160,"500",NA,"Unadjusted"
161,"500",NA,"Unadjusted"
162,"500",NA,"Unadjusted"
163,"500",NA,"Unadjusted"
164,"500",NA,"Unadjusted"
165,"500",NA,"Unadjusted"
166,"500",NA,"Unadjusted"
167,"500",NA,"Unadjusted"
168,"500",12.6033664220975,"Unadjusted"
169,"500",NA,"Unadjusted"
170,"500",NA,"Unadjusted"
171,"500",-18.8809523809524,"Unadjusted"
172,"500",NA,"Unadjusted"
173,"500",NA,"Unadjusted"
174,"500",-12.9220722681759,"Unadjusted"
175,"500",-10.9281847708408,"Unadjusted"
176,"500",-12.390625,"Unadjusted"
177,"500",NA,"Unadjusted"
178,"500",NA,"Unadjusted"
179,"500",NA,"Unadjusted"
180,"500",NA,"Unadjusted"
181,"500",NA,"Unadjusted"
182,"500",NA,"Unadjusted"
183,"500",-12.678632115548,"Unadjusted"
184,"500",NA,"Unadjusted"
185,"500",NA,"Unadjusted"
186,"500",NA,"Unadjusted"
187,"500",NA,"Unadjusted"
188,"500",NA,"Unadjusted"
189,"500",-13.211732973702,"Unadjusted"
190,"500",NA,"Unadjusted"
191,"500",NA,"Unadjusted"
192,"500",-12.9127855887522,"Unadjusted"
193,"500",NA,"Unadjusted"
194,"500",11.7868725868726,"Unadjusted"
195,"500",NA,"Unadjusted"
196,"500",NA,"Unadjusted"
197,"500",NA,"Unadjusted"
198,"500",13.8031406463359,"Unadjusted"
199,"500",NA,"Unadjusted"
200,"500",NA,"Unadjusted"
201,"500",NA,"Unadjusted"
202,"500",NA,"Unadjusted"
203,"500",NA,"Unadjusted"
204,"500",NA,"Unadjusted"
205,"500",NA,"Unadjusted"
206,"500",NA,"Unadjusted"
207,"500",NA,"Unadjusted"
208,"500",NA,"Unadjusted"
209,"500",NA,"Unadjusted"
210,"500",NA,"Unadjusted"
211,"500",NA,"Unadjusted"
212,"500",NA,"Unadjusted"
213,"500",NA,"Unadjusted"
214,"500",NA,"Unadjusted"
215,"500",NA,"Unadjusted"
216,"500",NA,"Unadjusted"
217,"500",NA,"Unadjusted"
218,"500",NA,"Unadjusted"
219,"500",-12.5757381258023,"Unadjusted"
220,"500",NA,"Unadjusted"
221,"500",NA,"Unadjusted"
222,"500",-18.2539298669891,"Unadjusted"
223,"500",NA,"Unadjusted"
224,"500",NA,"Unadjusted"
225,"500",-18.0733496332518,"Unadjusted"
226,"500",NA,"Unadjusted"
227,"500",NA,"Unadjusted"
228,"500",-15.6374871266735,"Unadjusted"
229,"500",NA,"Unadjusted"
230,"500",NA,"Unadjusted"
231,"500",NA,"Unadjusted"
232,"500",-24.14336492891,"Unadjusted"
233,"500",NA,"Unadjusted"
234,"500",-19.6175710594315,"Unadjusted"
235,"500",NA,"Unadjusted"
236,"500",NA,"Unadjusted"
237,"500",-24.5585984695932,"Unadjusted"
238,"500",-9.27847113884555,"Unadjusted"
239,"500",NA,"Unadjusted"
240,"500",NA,"Unadjusted"
241,"500",NA,"Unadjusted"
242,"500",NA,"Unadjusted"
243,"500",-18.9855799373041,"Unadjusted"
244,"500",NA,"Unadjusted"
245,"500",NA,"Unadjusted"
246,"500",NA,"Unadjusted"
247,"500",NA,"Unadjusted"
248,"500",NA,"Unadjusted"
249,"500",13.8960674157303,"Unadjusted"
250,"500",NA,"Unadjusted"
251,"500",NA,"Unadjusted"
252,"500",NA,"Unadjusted"
253,"500",NA,"Unadjusted"
254,"500",NA,"Unadjusted"
255,"500",NA,"Unadjusted"
256,"500",NA,"Unadjusted"
257,"500",NA,"Unadjusted"
258,"500",NA,"Unadjusted"
259,"500",NA,"Unadjusted"
260,"500",NA,"Unadjusted"
261,"500",NA,"Unadjusted"
262,"500",NA,"Unadjusted"
263,"500",NA,"Unadjusted"
264,"500",-23.9630365659777,"Unadjusted"
265,"500",NA,"Unadjusted"
266,"500",NA,"Unadjusted"
267,"500",NA,"Unadjusted"
268,"500",NA,"Unadjusted"
269,"500",NA,"Unadjusted"
270,"500",NA,"Unadjusted"
271,"500",-16.2162162162162,"Unadjusted"
272,"500",-15.7883211678832,"Unadjusted"
273,"500",NA,"Unadjusted"
274,"500",-11.9721559268099,"Unadjusted"
275,"500",NA,"Unadjusted"
276,"500",NA,"Unadjusted"
277,"500",NA,"Unadjusted"
278,"500",NA,"Unadjusted"
279,"500",NA,"Unadjusted"
280,"500",NA,"Unadjusted"
281,"500",NA,"Unadjusted"
282,"500",NA,"Unadjusted"
283,"500",NA,"Unadjusted"
284,"500",NA,"Unadjusted"
285,"500",14.6343612334802,"Unadjusted"
286,"500",NA,"Unadjusted"
287,"500",NA,"Unadjusted"
288,"500",NA,"Unadjusted"
289,"500",NA,"Unadjusted"
290,"500",NA,"Unadjusted"
291,"500",NA,"Unadjusted"
292,"500",NA,"Unadjusted"
293,"500",NA,"Unadjusted"
294,"500",NA,"Unadjusted"
295,"500",NA,"Unadjusted"
296,"500",NA,"Unadjusted"
297,"500",11.4520419632821,"Unadjusted"
298,"500",NA,"Unadjusted"
299,"500",-19.8652388797364,"Unadjusted"
300,"500",12.072590738423,"Unadjusted"
301,"500",NA,"Unadjusted"
302,"500",-17.8282647584973,"Unadjusted"
303,"500",NA,"Unadjusted"
304,"500",NA,"Unadjusted"
305,"500",NA,"Unadjusted"
306,"500",NA,"Unadjusted"
307,"500",NA,"Unadjusted"
308,"500",NA,"Unadjusted"
309,"500",NA,"Unadjusted"
310,"500",NA,"Unadjusted"
311,"500",NA,"Unadjusted"
312,"500",NA,"Unadjusted"
313,"500",-19.5935846560847,"Unadjusted"
314,"500",NA,"Unadjusted"
315,"500",-15.4171326893747,"Unadjusted"
316,"500",-10.9168084704103,"Unadjusted"
317,"500",NA,"Unadjusted"
318,"500",NA,"Unadjusted"
319,"500",NA,"Unadjusted"
320,"500",NA,"Unadjusted"
321,"500",NA,"Unadjusted"
322,"500",NA,"Unadjusted"
323,"500",NA,"Unadjusted"
324,"500",-19.8580968280468,"Unadjusted"
325,"500",-10.1721483554933,"Unadjusted"
326,"500",NA,"Unadjusted"
327,"500",-17.8484848484849,"Unadjusted"
328,"500",13.1273153076432,"Unadjusted"
329,"500",-12.9964904584339,"Unadjusted"
330,"500",NA,"Unadjusted"
331,"500",NA,"Unadjusted"
332,"500",NA,"Unadjusted"
333,"500",NA,"Unadjusted"
334,"500",NA,"Unadjusted"
335,"500",NA,"Unadjusted"
336,"500",NA,"Unadjusted"
337,"500",NA,"Unadjusted"
338,"500",NA,"Unadjusted"
339,"500",NA,"Unadjusted"
340,"500",NA,"Unadjusted"
341,"500",NA,"Unadjusted"
342,"500",NA,"Unadjusted"
343,"500",NA,"Unadjusted"
344,"500",-14.3538461538462,"Unadjusted"
345,"500",NA,"Unadjusted"
346,"500",NA,"Unadjusted"
347,"500",NA,"Unadjusted"
348,"500",NA,"Unadjusted"
349,"500",NA,"Unadjusted"
350,"500",NA,"Unadjusted"
351,"500",NA,"Unadjusted"
352,"500",NA,"Unadjusted"
353,"500",NA,"Unadjusted"
354,"500",NA,"Unadjusted"
355,"500",NA,"Unadjusted"
356,"500",-15.9218241042345,"Unadjusted"
357,"500",NA,"Unadjusted"
358,"500",7.91230769230769,"Unadjusted"
359,"500",NA,"Unadjusted"
360,"500",NA,"Unadjusted"
361,"500",NA,"Unadjusted"
362,"500",NA,"Unadjusted"
363,"500",-15.765726681128,"Unadjusted"
364,"500",NA,"Unadjusted"
365,"500",NA,"Unadjusted"
366,"500",NA,"Unadjusted"
367,"500",NA,"Unadjusted"
368,"500",-16.8084072061767,"Unadjusted"
369,"500",11.2408759124088,"Unadjusted"
370,"500",NA,"Unadjusted"
371,"500",NA,"Unadjusted"
372,"500",NA,"Unadjusted"
373,"500",NA,"Unadjusted"
374,"500",NA,"Unadjusted"
375,"500",NA,"Unadjusted"
376,"500",NA,"Unadjusted"
377,"500",NA,"Unadjusted"
378,"500",7.23584229390681,"Unadjusted"
379,"500",-9.3960113960114,"Unadjusted"
380,"500",-18.1750759878419,"Unadjusted"
381,"500",NA,"Unadjusted"
382,"500",-16.9821428571429,"Unadjusted"
383,"500",NA,"Unadjusted"
384,"500",NA,"Unadjusted"
385,"500",NA,"Unadjusted"
386,"500",NA,"Unadjusted"
387,"500",-17.5908825248393,"Unadjusted"
388,"500",NA,"Unadjusted"
389,"500",8.62622671028303,"Unadjusted"
390,"500",NA,"Unadjusted"
391,"500",NA,"Unadjusted"
392,"500",NA,"Unadjusted"
393,"500",NA,"Unadjusted"
394,"500",NA,"Unadjusted"
395,"500",NA,"Unadjusted"
396,"500",NA,"Unadjusted"
397,"500",NA,"Unadjusted"
398,"500",NA,"Unadjusted"
399,"500",NA,"Unadjusted"
400,"500",-24.400730816078,"Unadjusted"
401,"500",NA,"Unadjusted"
402,"500",NA,"Unadjusted"
403,"500",-15.5754475703325,"Unadjusted"
404,"500",NA,"Unadjusted"
405,"500",-24.9388020833333,"Unadjusted"
406,"500",NA,"Unadjusted"
407,"500",NA,"Unadjusted"
408,"500",NA,"Unadjusted"
409,"500",NA,"Unadjusted"
410,"500",NA,"Unadjusted"
411,"500",-16.4474548440066,"Unadjusted"
412,"500",NA,"Unadjusted"
413,"500",NA,"Unadjusted"
414,"500",NA,"Unadjusted"
415,"500",-12.3642495784148,"Unadjusted"
416,"500",NA,"Unadjusted"
417,"500",-24.5103220478943,"Unadjusted"
418,"500",NA,"Unadjusted"
419,"500",NA,"Unadjusted"
420,"500",NA,"Unadjusted"
421,"500",NA,"Unadjusted"
422,"500",NA,"Unadjusted"
423,"500",11.7076771653543,"Unadjusted"
424,"500",NA,"Unadjusted"
425,"500",NA,"Unadjusted"
426,"500",NA,"Unadjusted"
427,"500",NA,"Unadjusted"
428,"500",NA,"Unadjusted"
429,"500",NA,"Unadjusted"
430,"500",-17.8335832083958,"Unadjusted"
431,"500",NA,"Unadjusted"
432,"500",NA,"Unadjusted"
433,"500",NA,"Unadjusted"
434,"500",NA,"Unadjusted"
435,"500",NA,"Unadjusted"
436,"500",NA,"Unadjusted"
437,"500",NA,"Unadjusted"
438,"500",NA,"Unadjusted"
439,"500",-11.9639855942377,"Unadjusted"
440,"500",NA,"Unadjusted"
441,"500",NA,"Unadjusted"
442,"500",NA,"Unadjusted"
443,"500",NA,"Unadjusted"
444,"500",NA,"Unadjusted"
445,"500",14.1506944444444,"Unadjusted"
446,"500",NA,"Unadjusted"
447,"500",NA,"Unadjusted"
448,"500",NA,"Unadjusted"
449,"500",NA,"Unadjusted"
450,"500",NA,"Unadjusted"
451,"500",NA,"Unadjusted"
452,"500",NA,"Unadjusted"
453,"500",NA,"Unadjusted"
454,"500",NA,"Unadjusted"
455,"500",NA,"Unadjusted"
456,"500",-20.3681506849315,"Unadjusted"
457,"500",NA,"Unadjusted"
458,"500",NA,"Unadjusted"
459,"500",-23.0820610687023,"Unadjusted"
460,"500",NA,"Unadjusted"
461,"500",NA,"Unadjusted"
462,"500",11.6060840922302,"Unadjusted"
463,"500",NA,"Unadjusted"
464,"500",NA,"Unadjusted"
465,"500",NA,"Unadjusted"
466,"500",NA,"Unadjusted"
467,"500",NA,"Unadjusted"
468,"500",NA,"Unadjusted"
469,"500",NA,"Unadjusted"
470,"500",NA,"Unadjusted"
471,"500",-23.4770114942529,"Unadjusted"
472,"500",NA,"Unadjusted"
473,"500",NA,"Unadjusted"
474,"500",NA,"Unadjusted"
475,"500",NA,"Unadjusted"
476,"500",NA,"Unadjusted"
477,"500",-15.1256899147015,"Unadjusted"
478,"500",NA,"Unadjusted"
479,"500",NA,"Unadjusted"
480,"500",-21.8380610412926,"Unadjusted"
481,"500",NA,"Unadjusted"
482,"500",NA,"Unadjusted"
483,"500",-22.0277777777778,"Unadjusted"
484,"500",NA,"Unadjusted"
485,"500",NA,"Unadjusted"
486,"500",NA,"Unadjusted"
487,"500",NA,"Unadjusted"
488,"500",NA,"Unadjusted"
489,"500",-18.4418604651163,"Unadjusted"
490,"500",-11.2908277404922,"Unadjusted"
491,"500",NA,"Unadjusted"
492,"500",12.17873491469,"Unadjusted"
493,"500",14.2936857562408,"Unadjusted"
494,"500",NA,"Unadjusted"
495,"500",NA,"Unadjusted"
496,"500",NA,"Unadjusted"
497,"500",NA,"Unadjusted"
498,"500",NA,"Unadjusted"
499,"500",NA,"Unadjusted"
500,"500",NA,"Unadjusted"
501,"500",NA,"Unadjusted"
502,"500",NA,"Unadjusted"
503,"500",NA,"Unadjusted"
504,"500",NA,"Unadjusted"
505,"500",NA,"Unadjusted"
506,"500",NA,"Unadjusted"
507,"500",NA,"Unadjusted"
508,"500",NA,"Unadjusted"
509,"500",NA,"Unadjusted"
510,"500",-13.3436581505765,"Unadjusted"
511,"500",NA,"Unadjusted"
512,"500",NA,"Unadjusted"
513,"500",NA,"Unadjusted"
514,"500",-19.6707993474715,"Unadjusted"
515,"500",NA,"Unadjusted"
516,"500",NA,"Unadjusted"
517,"500",10.6554385964912,"Unadjusted"
518,"500",NA,"Unadjusted"
519,"500",NA,"Unadjusted"
520,"500",NA,"Unadjusted"
521,"500",-15.0579351324585,"Unadjusted"
522,"500",NA,"Unadjusted"
523,"500",NA,"Unadjusted"
524,"500",9.63433792882334,"Unadjusted"
525,"500",NA,"Unadjusted"
526,"500",14.5233576642336,"Unadjusted"
527,"500",NA,"Unadjusted"
528,"500",NA,"Unadjusted"
529,"500",NA,"Unadjusted"
530,"500",NA,"Unadjusted"
531,"500",-22.8571428571429,"Unadjusted"
532,"500",NA,"Unadjusted"
533,"500",NA,"Unadjusted"
534,"500",NA,"Unadjusted"
535,"500",NA,"Unadjusted"
536,"500",NA,"Unadjusted"
537,"500",NA,"Unadjusted"
538,"500",NA,"Unadjusted"
539,"500",NA,"Unadjusted"
540,"500",NA,"Unadjusted"
541,"500",NA,"Unadjusted"
542,"500",NA,"Unadjusted"
543,"500",NA,"Unadjusted"
544,"500",NA,"Unadjusted"
545,"500",NA,"Unadjusted"
546,"500",NA,"Unadjusted"
547,"500",NA,"Unadjusted"
548,"500",NA,"Unadjusted"
549,"500",NA,"Unadjusted"
550,"500",NA,"Unadjusted"
551,"500",NA,"Unadjusted"
552,"500",NA,"Unadjusted"
553,"500",-22.7027726432532,"Unadjusted"
554,"500",NA,"Unadjusted"
555,"500",-19.4801292407108,"Unadjusted"
556,"500",NA,"Unadjusted"
557,"500",NA,"Unadjusted"
558,"500",NA,"Unadjusted"
559,"500",NA,"Unadjusted"
560,"500",NA,"Unadjusted"
561,"500",NA,"Unadjusted"
562,"500",-18.010843373494,"Unadjusted"
563,"500",NA,"Unadjusted"
564,"500",NA,"Unadjusted"
565,"500",NA,"Unadjusted"
566,"500",NA,"Unadjusted"
567,"500",NA,"Unadjusted"
568,"500",NA,"Unadjusted"
569,"500",NA,"Unadjusted"
570,"500",NA,"Unadjusted"
571,"500",13.6475409836066,"Unadjusted"
572,"500",NA,"Unadjusted"
573,"500",NA,"Unadjusted"
574,"500",NA,"Unadjusted"
575,"500",NA,"Unadjusted"
576,"500",NA,"Unadjusted"
577,"500",NA,"Unadjusted"
578,"500",-14.37023977433,"Unadjusted"
579,"500",NA,"Unadjusted"
580,"500",NA,"Unadjusted"
581,"500",NA,"Unadjusted"
582,"500",NA,"Unadjusted"
583,"500",NA,"Unadjusted"
584,"500",12.3823773898587,"Unadjusted"
585,"500",NA,"Unadjusted"
586,"500",NA,"Unadjusted"
587,"500",NA,"Unadjusted"
588,"500",-19.3290653008963,"Unadjusted"
589,"500",NA,"Unadjusted"
590,"500",NA,"Unadjusted"
591,"500",NA,"Unadjusted"
592,"500",NA,"Unadjusted"
593,"500",-21.3258306538049,"Unadjusted"
594,"500",NA,"Unadjusted"
595,"500",NA,"Unadjusted"
596,"500",NA,"Unadjusted"
597,"500",NA,"Unadjusted"
598,"500",11.0431602048281,"Unadjusted"
599,"500",NA,"Unadjusted"
600,"500",NA,"Unadjusted"
601,"500",NA,"Unadjusted"
602,"500",-9.73722267871816,"Unadjusted"
603,"500",NA,"Unadjusted"
604,"500",NA,"Unadjusted"
605,"500",NA,"Unadjusted"
606,"500",NA,"Unadjusted"
607,"500",NA,"Unadjusted"
608,"500",NA,"Unadjusted"
609,"500",NA,"Unadjusted"
610,"500",-21.2453720508167,"Unadjusted"
611,"500",12.2448979591837,"Unadjusted"
612,"500",NA,"Unadjusted"
613,"500",NA,"Unadjusted"
614,"500",-17.5303964757709,"Unadjusted"
615,"500",NA,"Unadjusted"
616,"500",NA,"Unadjusted"
617,"500",NA,"Unadjusted"
618,"500",NA,"Unadjusted"
619,"500",NA,"Unadjusted"
620,"500",NA,"Unadjusted"
621,"500",NA,"Unadjusted"
622,"500",NA,"Unadjusted"
623,"500",-18.3958143767061,"Unadjusted"
624,"500",-13.9519408502773,"Unadjusted"
625,"500",NA,"Unadjusted"
626,"500",NA,"Unadjusted"
627,"500",NA,"Unadjusted"
628,"500",NA,"Unadjusted"
629,"500",NA,"Unadjusted"
630,"500",NA,"Unadjusted"
631,"500",-16.5075798592312,"Unadjusted"
632,"500",NA,"Unadjusted"
633,"500",-20.3681506849315,"Unadjusted"
634,"500",NA,"Unadjusted"
635,"500",NA,"Unadjusted"
636,"500",NA,"Unadjusted"
637,"500",NA,"Unadjusted"
638,"500",-12.5989583333333,"Unadjusted"
639,"500",NA,"Unadjusted"
640,"500",NA,"Unadjusted"
641,"500",NA,"Unadjusted"
642,"500",NA,"Unadjusted"
643,"500",NA,"Unadjusted"
644,"500",NA,"Unadjusted"
645,"500",-22.5986394557823,"Unadjusted"
646,"500",NA,"Unadjusted"
647,"500",NA,"Unadjusted"
648,"500",NA,"Unadjusted"
649,"500",NA,"Unadjusted"
650,"500",NA,"Unadjusted"
651,"500",-16.6842975206612,"Unadjusted"
652,"500",NA,"Unadjusted"
653,"500",NA,"Unadjusted"
654,"500",NA,"Unadjusted"
655,"500",NA,"Unadjusted"
656,"500",-14.7368421052632,"Unadjusted"
657,"500",NA,"Unadjusted"
658,"500",NA,"Unadjusted"
659,"500",-10.0026764804282,"Unadjusted"
660,"500",NA,"Unadjusted"
661,"500",-24.1783439490446,"Unadjusted"
662,"500",NA,"Unadjusted"
663,"500",NA,"Unadjusted"
664,"500",NA,"Unadjusted"
665,"500",NA,"Unadjusted"
666,"500",NA,"Unadjusted"
667,"500",-11.9270811815741,"Unadjusted"
668,"500",-23.6166134185303,"Unadjusted"
669,"500",-12.2553191489362,"Unadjusted"
670,"500",NA,"Unadjusted"
671,"500",NA,"Unadjusted"
672,"500",NA,"Unadjusted"
673,"500",NA,"Unadjusted"
674,"500",NA,"Unadjusted"
675,"500",-11.2069226404388,"Unadjusted"
676,"500",-23.0283091048202,"Unadjusted"
677,"500",NA,"Unadjusted"
678,"500",NA,"Unadjusted"
679,"500",-10.922101125603,"Unadjusted"
680,"500",NA,"Unadjusted"
681,"500",NA,"Unadjusted"
682,"500",-8.02782534246575,"Unadjusted"
683,"500",NA,"Unadjusted"
684,"500",-22.3154981549816,"Unadjusted"
685,"500",NA,"Unadjusted"
686,"500",NA,"Unadjusted"
687,"500",-22.1967153284672,"Unadjusted"
688,"500",-15.0508474576271,"Unadjusted"
689,"500",NA,"Unadjusted"
690,"500",-14.7583110895414,"Unadjusted"
691,"500",NA,"Unadjusted"
692,"500",NA,"Unadjusted"
693,"500",NA,"Unadjusted"
694,"500",NA,"Unadjusted"
695,"500",NA,"Unadjusted"
696,"500",-11.482516116429,"Unadjusted"
697,"500",NA,"Unadjusted"
698,"500",14.8303571428571,"Unadjusted"
699,"500",-9.16783105747857,"Unadjusted"
700,"500",NA,"Unadjusted"
701,"500",NA,"Unadjusted"
702,"500",NA,"Unadjusted"
703,"500",NA,"Unadjusted"
704,"500",-19.7435897435897,"Unadjusted"
705,"500",-12.1101622544833,"Unadjusted"
706,"500",NA,"Unadjusted"
707,"500",NA,"Unadjusted"
708,"500",NA,"Unadjusted"
709,"500",NA,"Unadjusted"
710,"500",NA,"Unadjusted"
711,"500",NA,"Unadjusted"
712,"500",NA,"Unadjusted"
713,"500",NA,"Unadjusted"
714,"500",-22.6033962264151,"Unadjusted"
715,"500",NA,"Unadjusted"
716,"500",11.5382882882883,"Unadjusted"
717,"500",NA,"Unadjusted"
718,"500",-15.1495049504951,"Unadjusted"
719,"500",NA,"Unadjusted"
720,"500",NA,"Unadjusted"
721,"500",NA,"Unadjusted"
722,"500",-22.2197841726619,"Unadjusted"
723,"500",NA,"Unadjusted"
724,"500",NA,"Unadjusted"
725,"500",-18.5106382978723,"Unadjusted"
726,"500",NA,"Unadjusted"
727,"500",NA,"Unadjusted"
728,"500",NA,"Unadjusted"
729,"500",NA,"Unadjusted"
730,"500",-23.1042136945071,"Unadjusted"
731,"500",NA,"Unadjusted"
732,"500",NA,"Unadjusted"
733,"500",NA,"Unadjusted"
734,"500",NA,"Unadjusted"
735,"500",NA,"Unadjusted"
736,"500",NA,"Unadjusted"
737,"500",-13.6307112576543,"Unadjusted"
738,"500",NA,"Unadjusted"
739,"500",NA,"Unadjusted"
740,"500",NA,"Unadjusted"
741,"500",-20.3174442190669,"Unadjusted"
742,"500",NA,"Unadjusted"
743,"500",NA,"Unadjusted"
744,"500",-18.4009009009009,"Unadjusted"
745,"500",NA,"Unadjusted"
746,"500",NA,"Unadjusted"
747,"500",NA,"Unadjusted"
748,"500",NA,"Unadjusted"
749,"500",NA,"Unadjusted"
750,"500",NA,"Unadjusted"
751,"500",NA,"Unadjusted"
752,"500",NA,"Unadjusted"
753,"500",NA,"Unadjusted"
754,"500",-18.1495076096687,"Unadjusted"
755,"500",13.4538375973304,"Unadjusted"
756,"500",NA,"Unadjusted"
757,"500",NA,"Unadjusted"
758,"500",NA,"Unadjusted"
759,"500",NA,"Unadjusted"
760,"500",NA,"Unadjusted"
761,"500",-17.3796992481203,"Unadjusted"
762,"500",NA,"Unadjusted"
763,"500",NA,"Unadjusted"
764,"500",NA,"Unadjusted"
765,"500",NA,"Unadjusted"
766,"500",NA,"Unadjusted"
767,"500",NA,"Unadjusted"
768,"500",NA,"Unadjusted"
769,"500",-15.3975997912862,"Unadjusted"
770,"500",NA,"Unadjusted"
771,"500",NA,"Unadjusted"
772,"500",NA,"Unadjusted"
773,"500",NA,"Unadjusted"
774,"500",NA,"Unadjusted"
775,"500",NA,"Unadjusted"
776,"500",NA,"Unadjusted"
777,"500",NA,"Unadjusted"
778,"500",NA,"Unadjusted"
779,"500",NA,"Unadjusted"
780,"500",NA,"Unadjusted"
781,"500",NA,"Unadjusted"
782,"500",NA,"Unadjusted"
783,"500",NA,"Unadjusted"
784,"500",NA,"Unadjusted"
785,"500",NA,"Unadjusted"
786,"500",NA,"Unadjusted"
787,"500",NA,"Unadjusted"
788,"500",-9.30036855036855,"Unadjusted"
789,"500",NA,"Unadjusted"
790,"500",NA,"Unadjusted"
791,"500",NA,"Unadjusted"
792,"500",NA,"Unadjusted"
793,"500",NA,"Unadjusted"
794,"500",NA,"Unadjusted"
795,"500",NA,"Unadjusted"
796,"500",NA,"Unadjusted"
797,"500",NA,"Unadjusted"
798,"500",NA,"Unadjusted"
799,"500",-22.3842085379675,"Unadjusted"
800,"500",-19.3705583756345,"Unadjusted"
801,"500",NA,"Unadjusted"
802,"500",NA,"Unadjusted"
803,"500",-13.2347500550539,"Unadjusted"
804,"500",NA,"Unadjusted"
805,"500",NA,"Unadjusted"
806,"500",NA,"Unadjusted"
807,"500",NA,"Unadjusted"
808,"500",NA,"Unadjusted"
809,"500",-8.70923209663503,"Unadjusted"
810,"500",NA,"Unadjusted"
811,"500",NA,"Unadjusted"
812,"500",NA,"Unadjusted"
813,"500",NA,"Unadjusted"
814,"500",13.8609179415855,"Unadjusted"
815,"500",NA,"Unadjusted"
816,"500",NA,"Unadjusted"
817,"500",NA,"Unadjusted"
818,"500",-21,"Unadjusted"
819,"500",NA,"Unadjusted"
820,"500",NA,"Unadjusted"
821,"500",NA,"Unadjusted"
822,"500",NA,"Unadjusted"
823,"500",NA,"Unadjusted"
824,"500",NA,"Unadjusted"
825,"500",NA,"Unadjusted"
826,"500",-19.5284128020901,"Unadjusted"
827,"500",NA,"Unadjusted"
828,"500",NA,"Unadjusted"
829,"500",NA,"Unadjusted"
830,"500",-21.1259786476868,"Unadjusted"
831,"500",NA,"Unadjusted"
832,"500",NA,"Unadjusted"
833,"500",NA,"Unadjusted"
834,"500",-17.566392479436,"Unadjusted"
835,"500",-18.8936170212766,"Unadjusted"
836,"500",-19.5935846560847,"Unadjusted"
837,"500",NA,"Unadjusted"
838,"500",NA,"Unadjusted"
839,"500",NA,"Unadjusted"
840,"500",-20.2635317997294,"Unadjusted"
841,"500",12.329563812601,"Unadjusted"
842,"500",NA,"Unadjusted"
843,"500",NA,"Unadjusted"
844,"500",NA,"Unadjusted"
845,"500",NA,"Unadjusted"
846,"500",NA,"Unadjusted"
847,"500",NA,"Unadjusted"
848,"500",NA,"Unadjusted"
849,"500",NA,"Unadjusted"
850,"500",NA,"Unadjusted"
851,"500",-21.3610802811691,"Unadjusted"
852,"500",NA,"Unadjusted"
853,"500",NA,"Unadjusted"
854,"500",NA,"Unadjusted"
855,"500",13.8209236569274,"Unadjusted"
856,"500",NA,"Unadjusted"
857,"500",NA,"Unadjusted"
858,"500",-19.03125,"Unadjusted"
859,"500",NA,"Unadjusted"
860,"500",NA,"Unadjusted"
861,"500",-22.8978388998035,"Unadjusted"
862,"500",NA,"Unadjusted"
863,"500",NA,"Unadjusted"
864,"500",NA,"Unadjusted"
865,"500",NA,"Unadjusted"
866,"500",-10.2448466566114,"Unadjusted"
867,"500",NA,"Unadjusted"
868,"500",NA,"Unadjusted"
869,"500",NA,"Unadjusted"
870,"500",NA,"Unadjusted"
871,"500",NA,"Unadjusted"
872,"500",NA,"Unadjusted"
873,"500",NA,"Unadjusted"
874,"500",NA,"Unadjusted"
875,"500",NA,"Unadjusted"
876,"500",NA,"Unadjusted"
877,"500",-18.5408163265306,"Unadjusted"
878,"500",NA,"Unadjusted"
879,"500",NA,"Unadjusted"
880,"500",NA,"Unadjusted"
881,"500",NA,"Unadjusted"
882,"500",NA,"Unadjusted"
883,"500",NA,"Unadjusted"
884,"500",NA,"Unadjusted"
885,"500",13.5426801284993,"Unadjusted"
886,"500",NA,"Unadjusted"
887,"500",NA,"Unadjusted"
888,"500",-20.3775649794802,"Unadjusted"
889,"500",NA,"Unadjusted"
890,"500",14.401847028179,"Unadjusted"
891,"500",NA,"Unadjusted"
892,"500",NA,"Unadjusted"
893,"500",-14.4613180515759,"Unadjusted"
894,"500",NA,"Unadjusted"
895,"500",NA,"Unadjusted"
896,"500",NA,"Unadjusted"
897,"500",NA,"Unadjusted"
898,"500",-22.0697674418605,"Unadjusted"
899,"500",NA,"Unadjusted"
900,"500",10.6369337979094,"Unadjusted"
901,"500",NA,"Unadjusted"
902,"500",-15.7616943866944,"Unadjusted"
903,"500",NA,"Unadjusted"
904,"500",NA,"Unadjusted"
905,"500",8.60034904013962,"Unadjusted"
906,"500",NA,"Unadjusted"
907,"500",NA,"Unadjusted"
908,"500",NA,"Unadjusted"
909,"500",NA,"Unadjusted"
910,"500",NA,"Unadjusted"
911,"500",NA,"Unadjusted"
912,"500",NA,"Unadjusted"
913,"500",NA,"Unadjusted"
914,"500",NA,"Unadjusted"
915,"500",8.65033112582781,"Unadjusted"
916,"500",-15.0873134328358,"Unadjusted"
917,"500",NA,"Unadjusted"
918,"500",NA,"Unadjusted"
919,"500",NA,"Unadjusted"
920,"500",NA,"Unadjusted"
921,"500",NA,"Unadjusted"
922,"500",NA,"Unadjusted"
923,"500",NA,"Unadjusted"
924,"500",NA,"Unadjusted"
925,"500",NA,"Unadjusted"
926,"500",NA,"Unadjusted"
927,"500",NA,"Unadjusted"
928,"500",NA,"Unadjusted"
929,"500",-8.54862119013062,"Unadjusted"
930,"500",NA,"Unadjusted"
931,"500",-17.9392033542977,"Unadjusted"
932,"500",NA,"Unadjusted"
933,"500",NA,"Unadjusted"
934,"500",-11.6534653465347,"Unadjusted"
935,"500",NA,"Unadjusted"
936,"500",NA,"Unadjusted"
937,"500",NA,"Unadjusted"
938,"500",NA,"Unadjusted"
939,"500",NA,"Unadjusted"
940,"500",NA,"Unadjusted"
941,"500",NA,"Unadjusted"
942,"500",NA,"Unadjusted"
943,"500",NA,"Unadjusted"
944,"500",NA,"Unadjusted"
945,"500",NA,"Unadjusted"
946,"500",NA,"Unadjusted"
947,"500",-20.2183754993342,"Unadjusted"
948,"500",-7.83596837944664,"Unadjusted"
949,"500",12.221803766105,"Unadjusted"
950,"500",-23.1704980842912,"Unadjusted"
951,"500",NA,"Unadjusted"
952,"500",NA,"Unadjusted"
953,"500",NA,"Unadjusted"
954,"500",NA,"Unadjusted"
955,"500",NA,"Unadjusted"
956,"500",NA,"Unadjusted"
957,"500",NA,"Unadjusted"
958,"500",-20.3444560305874,"Unadjusted"
959,"500",NA,"Unadjusted"
960,"500",NA,"Unadjusted"
961,"500",-12,"Unadjusted"
962,"500",-15.1076301162203,"Unadjusted"
963,"500",NA,"Unadjusted"
964,"500",NA,"Unadjusted"
965,"500",NA,"Unadjusted"
966,"500",NA,"Unadjusted"
967,"500",12.3480083857442,"Unadjusted"
968,"500",13.4007123775601,"Unadjusted"
969,"500",14.4007263922518,"Unadjusted"
970,"500",NA,"Unadjusted"
971,"500",NA,"Unadjusted"
972,"500",NA,"Unadjusted"
973,"500",NA,"Unadjusted"
974,"500",-16.5912208504801,"Unadjusted"
975,"500",NA,"Unadjusted"
976,"500",-22.7356194690266,"Unadjusted"
977,"500",NA,"Unadjusted"
978,"500",NA,"Unadjusted"
979,"500",NA,"Unadjusted"
980,"500",NA,"Unadjusted"
981,"500",NA,"Unadjusted"
982,"500",NA,"Unadjusted"
983,"500",-22.0162002945508,"Unadjusted"
984,"500",NA,"Unadjusted"
985,"500",NA,"Unadjusted"
986,"500",NA,"Unadjusted"
987,"500",NA,"Unadjusted"
988,"500",11.3781749764817,"Unadjusted"
989,"500",NA,"Unadjusted"
990,"500",-12.1998313659359,"Unadjusted"
991,"500",NA,"Unadjusted"
992,"500",NA,"Unadjusted"
993,"500",NA,"Unadjusted"
994,"500",NA,"Unadjusted"
995,"500",NA,"Unadjusted"
996,"500",NA,"Unadjusted"
997,"500",NA,"Unadjusted"
998,"500",NA,"Unadjusted"
999,"500",NA,"Unadjusted"
1000,"500",NA,"Unadjusted"
1,"1000",NA,"Unadjusted"
2,"1000",NA,"Unadjusted"
3,"1000",NA,"Unadjusted"
4,"1000",NA,"Unadjusted"
5,"1000",NA,"Unadjusted"
6,"1000",NA,"Unadjusted"
7,"1000",NA,"Unadjusted"
8,"1000",NA,"Unadjusted"
9,"1000",NA,"Unadjusted"
10,"1000",NA,"Unadjusted"
11,"1000",NA,"Unadjusted"
12,"1000",NA,"Unadjusted"
13,"1000",NA,"Unadjusted"
14,"1000",-17.913095956548,"Unadjusted"
15,"1000",NA,"Unadjusted"
16,"1000",NA,"Unadjusted"
17,"1000",NA,"Unadjusted"
18,"1000",NA,"Unadjusted"
19,"1000",NA,"Unadjusted"
20,"1000",NA,"Unadjusted"
21,"1000",NA,"Unadjusted"
22,"1000",NA,"Unadjusted"
23,"1000",NA,"Unadjusted"
24,"1000",NA,"Unadjusted"
25,"1000",NA,"Unadjusted"
26,"1000",NA,"Unadjusted"
27,"1000",NA,"Unadjusted"
28,"1000",NA,"Unadjusted"
29,"1000",NA,"Unadjusted"
30,"1000",NA,"Unadjusted"
31,"1000",NA,"Unadjusted"
32,"1000",NA,"Unadjusted"
33,"1000",NA,"Unadjusted"
34,"1000",NA,"Unadjusted"
35,"1000",-12.6451612903226,"Unadjusted"
36,"1000",NA,"Unadjusted"
37,"1000",NA,"Unadjusted"
38,"1000",NA,"Unadjusted"
39,"1000",NA,"Unadjusted"
40,"1000",NA,"Unadjusted"
41,"1000",NA,"Unadjusted"
42,"1000",NA,"Unadjusted"
43,"1000",NA,"Unadjusted"
44,"1000",NA,"Unadjusted"
45,"1000",NA,"Unadjusted"
46,"1000",NA,"Unadjusted"
47,"1000",NA,"Unadjusted"
48,"1000",NA,"Unadjusted"
49,"1000",NA,"Unadjusted"
50,"1000",-20.3097345132743,"Unadjusted"
51,"1000",NA,"Unadjusted"
52,"1000",NA,"Unadjusted"
53,"1000",NA,"Unadjusted"
54,"1000",NA,"Unadjusted"
55,"1000",NA,"Unadjusted"
56,"1000",NA,"Unadjusted"
57,"1000",NA,"Unadjusted"
58,"1000",NA,"Unadjusted"
59,"1000",NA,"Unadjusted"
60,"1000",NA,"Unadjusted"
61,"1000",NA,"Unadjusted"
62,"1000",NA,"Unadjusted"
63,"1000",NA,"Unadjusted"
64,"1000",NA,"Unadjusted"
65,"1000",-17.363381294964,"Unadjusted"
66,"1000",-19.4016872160934,"Unadjusted"
67,"1000",NA,"Unadjusted"
68,"1000",NA,"Unadjusted"
69,"1000",NA,"Unadjusted"
70,"1000",NA,"Unadjusted"
71,"1000",NA,"Unadjusted"
72,"1000",NA,"Unadjusted"
73,"1000",NA,"Unadjusted"
74,"1000",-14.0685825105783,"Unadjusted"
75,"1000",NA,"Unadjusted"
76,"1000",NA,"Unadjusted"
77,"1000",NA,"Unadjusted"
78,"1000",NA,"Unadjusted"
79,"1000",NA,"Unadjusted"
80,"1000",NA,"Unadjusted"
81,"1000",NA,"Unadjusted"
82,"1000",NA,"Unadjusted"
83,"1000",NA,"Unadjusted"
84,"1000",NA,"Unadjusted"
85,"1000",NA,"Unadjusted"
86,"1000",NA,"Unadjusted"
87,"1000",NA,"Unadjusted"
88,"1000",9.58918597742127,"Unadjusted"
89,"1000",NA,"Unadjusted"
90,"1000",NA,"Unadjusted"
91,"1000",NA,"Unadjusted"
92,"1000",NA,"Unadjusted"
93,"1000",NA,"Unadjusted"
94,"1000",10.8300898203593,"Unadjusted"
95,"1000",NA,"Unadjusted"
96,"1000",NA,"Unadjusted"
97,"1000",NA,"Unadjusted"
98,"1000",NA,"Unadjusted"
99,"1000",NA,"Unadjusted"
100,"1000",NA,"Unadjusted"
101,"1000",NA,"Unadjusted"
102,"1000",NA,"Unadjusted"
103,"1000",NA,"Unadjusted"
104,"1000",NA,"Unadjusted"
105,"1000",NA,"Unadjusted"
106,"1000",NA,"Unadjusted"
107,"1000",NA,"Unadjusted"
108,"1000",NA,"Unadjusted"
109,"1000",NA,"Unadjusted"
110,"1000",NA,"Unadjusted"
111,"1000",NA,"Unadjusted"
112,"1000",NA,"Unadjusted"
113,"1000",NA,"Unadjusted"
114,"1000",NA,"Unadjusted"
115,"1000",NA,"Unadjusted"
116,"1000",NA,"Unadjusted"
117,"1000",NA,"Unadjusted"
118,"1000",NA,"Unadjusted"
119,"1000",NA,"Unadjusted"
120,"1000",NA,"Unadjusted"
121,"1000",NA,"Unadjusted"
122,"1000",NA,"Unadjusted"
123,"1000",NA,"Unadjusted"
124,"1000",NA,"Unadjusted"
125,"1000",NA,"Unadjusted"
126,"1000",NA,"Unadjusted"
127,"1000",NA,"Unadjusted"
128,"1000",NA,"Unadjusted"
129,"1000",NA,"Unadjusted"
130,"1000",NA,"Unadjusted"
131,"1000",NA,"Unadjusted"
132,"1000",NA,"Unadjusted"
133,"1000",NA,"Unadjusted"
134,"1000",NA,"Unadjusted"
135,"1000",NA,"Unadjusted"
136,"1000",NA,"Unadjusted"
137,"1000",NA,"Unadjusted"
138,"1000",NA,"Unadjusted"
139,"1000",NA,"Unadjusted"
140,"1000",NA,"Unadjusted"
141,"1000",-18.7384822773769,"Unadjusted"
142,"1000",NA,"Unadjusted"
143,"1000",NA,"Unadjusted"
144,"1000",NA,"Unadjusted"
145,"1000",NA,"Unadjusted"
146,"1000",NA,"Unadjusted"
147,"1000",NA,"Unadjusted"
148,"1000",NA,"Unadjusted"
149,"1000",NA,"Unadjusted"
150,"1000",NA,"Unadjusted"
151,"1000",NA,"Unadjusted"
152,"1000",NA,"Unadjusted"
153,"1000",-23.1854228522172,"Unadjusted"
154,"1000",NA,"Unadjusted"
155,"1000",NA,"Unadjusted"
156,"1000",NA,"Unadjusted"
157,"1000",14.8721781195733,"Unadjusted"
158,"1000",NA,"Unadjusted"
159,"1000",NA,"Unadjusted"
160,"1000",NA,"Unadjusted"
161,"1000",NA,"Unadjusted"
162,"1000",NA,"Unadjusted"
163,"1000",NA,"Unadjusted"
164,"1000",NA,"Unadjusted"
165,"1000",NA,"Unadjusted"
166,"1000",NA,"Unadjusted"
167,"1000",NA,"Unadjusted"
168,"1000",NA,"Unadjusted"
169,"1000",NA,"Unadjusted"
170,"1000",NA,"Unadjusted"
171,"1000",NA,"Unadjusted"
172,"1000",NA,"Unadjusted"
173,"1000",NA,"Unadjusted"
174,"1000",NA,"Unadjusted"
175,"1000",NA,"Unadjusted"
176,"1000",NA,"Unadjusted"
177,"1000",NA,"Unadjusted"
178,"1000",NA,"Unadjusted"
179,"1000",NA,"Unadjusted"
180,"1000",NA,"Unadjusted"
181,"1000",NA,"Unadjusted"
182,"1000",NA,"Unadjusted"
183,"1000",-24.0955882352941,"Unadjusted"
184,"1000",NA,"Unadjusted"
185,"1000",NA,"Unadjusted"
186,"1000",NA,"Unadjusted"
187,"1000",NA,"Unadjusted"
188,"1000",NA,"Unadjusted"
189,"1000",-15.4074074074074,"Unadjusted"
190,"1000",NA,"Unadjusted"
191,"1000",NA,"Unadjusted"
192,"1000",NA,"Unadjusted"
193,"1000",NA,"Unadjusted"
194,"1000",NA,"Unadjusted"
195,"1000",NA,"Unadjusted"
196,"1000",NA,"Unadjusted"
197,"1000",NA,"Unadjusted"
198,"1000",NA,"Unadjusted"
199,"1000",NA,"Unadjusted"
200,"1000",NA,"Unadjusted"
201,"1000",NA,"Unadjusted"
202,"1000",NA,"Unadjusted"
203,"1000",NA,"Unadjusted"
204,"1000",NA,"Unadjusted"
205,"1000",-23.7368421052632,"Unadjusted"
206,"1000",NA,"Unadjusted"
207,"1000",NA,"Unadjusted"
208,"1000",NA,"Unadjusted"
209,"1000",NA,"Unadjusted"
210,"1000",NA,"Unadjusted"
211,"1000",NA,"Unadjusted"
212,"1000",NA,"Unadjusted"
213,"1000",NA,"Unadjusted"
214,"1000",NA,"Unadjusted"
215,"1000",NA,"Unadjusted"
216,"1000",NA,"Unadjusted"
217,"1000",NA,"Unadjusted"
218,"1000",NA,"Unadjusted"
219,"1000",NA,"Unadjusted"
220,"1000",NA,"Unadjusted"
221,"1000",NA,"Unadjusted"
222,"1000",NA,"Unadjusted"
223,"1000",NA,"Unadjusted"
224,"1000",10.3423874195854,"Unadjusted"
225,"1000",NA,"Unadjusted"
226,"1000",NA,"Unadjusted"
227,"1000",NA,"Unadjusted"
228,"1000",NA,"Unadjusted"
229,"1000",NA,"Unadjusted"
230,"1000",NA,"Unadjusted"
231,"1000",NA,"Unadjusted"
232,"1000",NA,"Unadjusted"
233,"1000",NA,"Unadjusted"
234,"1000",NA,"Unadjusted"
235,"1000",NA,"Unadjusted"
236,"1000",NA,"Unadjusted"
237,"1000",NA,"Unadjusted"
238,"1000",NA,"Unadjusted"
239,"1000",NA,"Unadjusted"
240,"1000",NA,"Unadjusted"
241,"1000",NA,"Unadjusted"
242,"1000",NA,"Unadjusted"
243,"1000",NA,"Unadjusted"
244,"1000",-18.6943313498277,"Unadjusted"
245,"1000",NA,"Unadjusted"
246,"1000",NA,"Unadjusted"
247,"1000",NA,"Unadjusted"
248,"1000",NA,"Unadjusted"
249,"1000",NA,"Unadjusted"
250,"1000",NA,"Unadjusted"
251,"1000",NA,"Unadjusted"
252,"1000",NA,"Unadjusted"
253,"1000",NA,"Unadjusted"
254,"1000",NA,"Unadjusted"
255,"1000",NA,"Unadjusted"
256,"1000",NA,"Unadjusted"
257,"1000",13.9915105386417,"Unadjusted"
258,"1000",NA,"Unadjusted"
259,"1000",NA,"Unadjusted"
260,"1000",NA,"Unadjusted"
261,"1000",NA,"Unadjusted"
262,"1000",NA,"Unadjusted"
263,"1000",NA,"Unadjusted"
264,"1000",NA,"Unadjusted"
265,"1000",-10.8138568748325,"Unadjusted"
266,"1000",NA,"Unadjusted"
267,"1000",NA,"Unadjusted"
268,"1000",NA,"Unadjusted"
269,"1000",NA,"Unadjusted"
270,"1000",-21.6058054112166,"Unadjusted"
271,"1000",NA,"Unadjusted"
272,"1000",-18.6772176631497,"Unadjusted"
273,"1000",NA,"Unadjusted"
274,"1000",NA,"Unadjusted"
275,"1000",NA,"Unadjusted"
276,"1000",NA,"Unadjusted"
277,"1000",-16.9137124220079,"Unadjusted"
278,"1000",NA,"Unadjusted"
279,"1000",-17.8740435550324,"Unadjusted"
280,"1000",NA,"Unadjusted"
281,"1000",NA,"Unadjusted"
282,"1000",NA,"Unadjusted"
283,"1000",NA,"Unadjusted"
284,"1000",NA,"Unadjusted"
285,"1000",NA,"Unadjusted"
286,"1000",-20.4427860696517,"Unadjusted"
287,"1000",NA,"Unadjusted"
288,"1000",NA,"Unadjusted"
289,"1000",NA,"Unadjusted"
290,"1000",NA,"Unadjusted"
291,"1000",NA,"Unadjusted"
292,"1000",NA,"Unadjusted"
293,"1000",NA,"Unadjusted"
294,"1000",NA,"Unadjusted"
295,"1000",NA,"Unadjusted"
296,"1000",NA,"Unadjusted"
297,"1000",NA,"Unadjusted"
298,"1000",NA,"Unadjusted"
299,"1000",NA,"Unadjusted"
300,"1000",NA,"Unadjusted"
301,"1000",-22.1790151863783,"Unadjusted"
302,"1000",NA,"Unadjusted"
303,"1000",NA,"Unadjusted"
304,"1000",NA,"Unadjusted"
305,"1000",NA,"Unadjusted"
306,"1000",NA,"Unadjusted"
307,"1000",NA,"Unadjusted"
308,"1000",NA,"Unadjusted"
309,"1000",NA,"Unadjusted"
310,"1000",-20.497559722579,"Unadjusted"
311,"1000",NA,"Unadjusted"
312,"1000",NA,"Unadjusted"
313,"1000",NA,"Unadjusted"
314,"1000",NA,"Unadjusted"
315,"1000",NA,"Unadjusted"
316,"1000",NA,"Unadjusted"
317,"1000",NA,"Unadjusted"
318,"1000",NA,"Unadjusted"
319,"1000",NA,"Unadjusted"
320,"1000",NA,"Unadjusted"
321,"1000",NA,"Unadjusted"
322,"1000",-24.9743374000841,"Unadjusted"
323,"1000",NA,"Unadjusted"
324,"1000",NA,"Unadjusted"
325,"1000",NA,"Unadjusted"
326,"1000",NA,"Unadjusted"
327,"1000",NA,"Unadjusted"
328,"1000",NA,"Unadjusted"
329,"1000",NA,"Unadjusted"
330,"1000",-24.7683232407601,"Unadjusted"
331,"1000",NA,"Unadjusted"
332,"1000",NA,"Unadjusted"
333,"1000",NA,"Unadjusted"
334,"1000",NA,"Unadjusted"
335,"1000",NA,"Unadjusted"
336,"1000",NA,"Unadjusted"
337,"1000",NA,"Unadjusted"
338,"1000",NA,"Unadjusted"
339,"1000",NA,"Unadjusted"
340,"1000",NA,"Unadjusted"
341,"1000",NA,"Unadjusted"
342,"1000",NA,"Unadjusted"
343,"1000",-24.4982389051021,"Unadjusted"
344,"1000",-18.4104737399728,"Unadjusted"
345,"1000",NA,"Unadjusted"
346,"1000",NA,"Unadjusted"
347,"1000",NA,"Unadjusted"
348,"1000",NA,"Unadjusted"
349,"1000",NA,"Unadjusted"
350,"1000",NA,"Unadjusted"
351,"1000",NA,"Unadjusted"
352,"1000",NA,"Unadjusted"
353,"1000",NA,"Unadjusted"
354,"1000",-18.853545447278,"Unadjusted"
355,"1000",NA,"Unadjusted"
356,"1000",NA,"Unadjusted"
357,"1000",NA,"Unadjusted"
358,"1000",NA,"Unadjusted"
359,"1000",NA,"Unadjusted"
360,"1000",NA,"Unadjusted"
361,"1000",NA,"Unadjusted"
362,"1000",NA,"Unadjusted"
363,"1000",NA,"Unadjusted"
364,"1000",NA,"Unadjusted"
365,"1000",NA,"Unadjusted"
366,"1000",NA,"Unadjusted"
367,"1000",NA,"Unadjusted"
368,"1000",NA,"Unadjusted"
369,"1000",NA,"Unadjusted"
370,"1000",NA,"Unadjusted"
371,"1000",NA,"Unadjusted"
372,"1000",NA,"Unadjusted"
373,"1000",NA,"Unadjusted"
374,"1000",NA,"Unadjusted"
375,"1000",-22.8445270077165,"Unadjusted"
376,"1000",NA,"Unadjusted"
377,"1000",NA,"Unadjusted"
378,"1000",NA,"Unadjusted"
379,"1000",NA,"Unadjusted"
380,"1000",NA,"Unadjusted"
381,"1000",NA,"Unadjusted"
382,"1000",NA,"Unadjusted"
383,"1000",13.2597721688631,"Unadjusted"
384,"1000",NA,"Unadjusted"
385,"1000",-15.6953903923346,"Unadjusted"
386,"1000",NA,"Unadjusted"
387,"1000",NA,"Unadjusted"
388,"1000",NA,"Unadjusted"
389,"1000",NA,"Unadjusted"
390,"1000",NA,"Unadjusted"
391,"1000",NA,"Unadjusted"
392,"1000",NA,"Unadjusted"
393,"1000",NA,"Unadjusted"
394,"1000",-23.2704980842912,"Unadjusted"
395,"1000",NA,"Unadjusted"
396,"1000",NA,"Unadjusted"
397,"1000",NA,"Unadjusted"
398,"1000",NA,"Unadjusted"
399,"1000",NA,"Unadjusted"
400,"1000",NA,"Unadjusted"
401,"1000",NA,"Unadjusted"
402,"1000",NA,"Unadjusted"
403,"1000",-20.4360902255639,"Unadjusted"
404,"1000",-22.5284431137725,"Unadjusted"
405,"1000",NA,"Unadjusted"
406,"1000",NA,"Unadjusted"
407,"1000",NA,"Unadjusted"
408,"1000",NA,"Unadjusted"
409,"1000",NA,"Unadjusted"
410,"1000",NA,"Unadjusted"
411,"1000",NA,"Unadjusted"
412,"1000",NA,"Unadjusted"
413,"1000",NA,"Unadjusted"
414,"1000",NA,"Unadjusted"
415,"1000",NA,"Unadjusted"
416,"1000",NA,"Unadjusted"
417,"1000",NA,"Unadjusted"
418,"1000",NA,"Unadjusted"
419,"1000",NA,"Unadjusted"
420,"1000",NA,"Unadjusted"
421,"1000",NA,"Unadjusted"
422,"1000",NA,"Unadjusted"
423,"1000",NA,"Unadjusted"
424,"1000",NA,"Unadjusted"
425,"1000",NA,"Unadjusted"
426,"1000",NA,"Unadjusted"
427,"1000",NA,"Unadjusted"
428,"1000",NA,"Unadjusted"
429,"1000",NA,"Unadjusted"
430,"1000",NA,"Unadjusted"
431,"1000",NA,"Unadjusted"
432,"1000",NA,"Unadjusted"
433,"1000",NA,"Unadjusted"
434,"1000",NA,"Unadjusted"
435,"1000",-21.2378701391366,"Unadjusted"
436,"1000",NA,"Unadjusted"
437,"1000",NA,"Unadjusted"
438,"1000",NA,"Unadjusted"
439,"1000",-23.8806160486561,"Unadjusted"
440,"1000",NA,"Unadjusted"
441,"1000",NA,"Unadjusted"
442,"1000",NA,"Unadjusted"
443,"1000",NA,"Unadjusted"
444,"1000",NA,"Unadjusted"
445,"1000",NA,"Unadjusted"
446,"1000",NA,"Unadjusted"
447,"1000",NA,"Unadjusted"
448,"1000",NA,"Unadjusted"
449,"1000",-12.7072757140586,"Unadjusted"
450,"1000",NA,"Unadjusted"
451,"1000",NA,"Unadjusted"
452,"1000",NA,"Unadjusted"
453,"1000",NA,"Unadjusted"
454,"1000",NA,"Unadjusted"
455,"1000",NA,"Unadjusted"
456,"1000",NA,"Unadjusted"
457,"1000",NA,"Unadjusted"
458,"1000",NA,"Unadjusted"
459,"1000",NA,"Unadjusted"
460,"1000",NA,"Unadjusted"
461,"1000",NA,"Unadjusted"
462,"1000",NA,"Unadjusted"
463,"1000",NA,"Unadjusted"
464,"1000",NA,"Unadjusted"
465,"1000",NA,"Unadjusted"
466,"1000",NA,"Unadjusted"
467,"1000",NA,"Unadjusted"
468,"1000",NA,"Unadjusted"
469,"1000",NA,"Unadjusted"
470,"1000",NA,"Unadjusted"
471,"1000",NA,"Unadjusted"
472,"1000",NA,"Unadjusted"
473,"1000",NA,"Unadjusted"
474,"1000",NA,"Unadjusted"
475,"1000",NA,"Unadjusted"
476,"1000",NA,"Unadjusted"
477,"1000",NA,"Unadjusted"
478,"1000",NA,"Unadjusted"
479,"1000",-24.4115755627009,"Unadjusted"
480,"1000",NA,"Unadjusted"
481,"1000",NA,"Unadjusted"
482,"1000",NA,"Unadjusted"
483,"1000",-24.8748466257668,"Unadjusted"
484,"1000",NA,"Unadjusted"
485,"1000",NA,"Unadjusted"
486,"1000",NA,"Unadjusted"
487,"1000",NA,"Unadjusted"
488,"1000",NA,"Unadjusted"
489,"1000",-19.7165898617512,"Unadjusted"
490,"1000",NA,"Unadjusted"
491,"1000",NA,"Unadjusted"
492,"1000",NA,"Unadjusted"
493,"1000",NA,"Unadjusted"
494,"1000",NA,"Unadjusted"
495,"1000",NA,"Unadjusted"
496,"1000",NA,"Unadjusted"
497,"1000",NA,"Unadjusted"
498,"1000",NA,"Unadjusted"
499,"1000",NA,"Unadjusted"
500,"1000",NA,"Unadjusted"
501,"1000",NA,"Unadjusted"
502,"1000",NA,"Unadjusted"
503,"1000",NA,"Unadjusted"
504,"1000",-23.0929563967417,"Unadjusted"
505,"1000",NA,"Unadjusted"
506,"1000",NA,"Unadjusted"
507,"1000",NA,"Unadjusted"
508,"1000",NA,"Unadjusted"
509,"1000",NA,"Unadjusted"
510,"1000",NA,"Unadjusted"
511,"1000",NA,"Unadjusted"
512,"1000",NA,"Unadjusted"
513,"1000",-23.2778864970646,"Unadjusted"
514,"1000",NA,"Unadjusted"
515,"1000",NA,"Unadjusted"
516,"1000",NA,"Unadjusted"
517,"1000",NA,"Unadjusted"
518,"1000",NA,"Unadjusted"
519,"1000",NA,"Unadjusted"
520,"1000",NA,"Unadjusted"
521,"1000",NA,"Unadjusted"
522,"1000",NA,"Unadjusted"
523,"1000",NA,"Unadjusted"
524,"1000",NA,"Unadjusted"
525,"1000",NA,"Unadjusted"
526,"1000",NA,"Unadjusted"
527,"1000",NA,"Unadjusted"
528,"1000",NA,"Unadjusted"
529,"1000",NA,"Unadjusted"
530,"1000",NA,"Unadjusted"
531,"1000",NA,"Unadjusted"
532,"1000",NA,"Unadjusted"
533,"1000",NA,"Unadjusted"
534,"1000",NA,"Unadjusted"
535,"1000",NA,"Unadjusted"
536,"1000",NA,"Unadjusted"
537,"1000",NA,"Unadjusted"
538,"1000",NA,"Unadjusted"
539,"1000",NA,"Unadjusted"
540,"1000",NA,"Unadjusted"
541,"1000",NA,"Unadjusted"
542,"1000",NA,"Unadjusted"
543,"1000",NA,"Unadjusted"
544,"1000",NA,"Unadjusted"
545,"1000",-20.7384601985717,"Unadjusted"
546,"1000",NA,"Unadjusted"
547,"1000",NA,"Unadjusted"
548,"1000",NA,"Unadjusted"
549,"1000",NA,"Unadjusted"
550,"1000",NA,"Unadjusted"
551,"1000",NA,"Unadjusted"
552,"1000",NA,"Unadjusted"
553,"1000",NA,"Unadjusted"
554,"1000",NA,"Unadjusted"
555,"1000",NA,"Unadjusted"
556,"1000",NA,"Unadjusted"
557,"1000",NA,"Unadjusted"
558,"1000",NA,"Unadjusted"
559,"1000",NA,"Unadjusted"
560,"1000",NA,"Unadjusted"
561,"1000",NA,"Unadjusted"
562,"1000",NA,"Unadjusted"
563,"1000",NA,"Unadjusted"
564,"1000",NA,"Unadjusted"
565,"1000",NA,"Unadjusted"
566,"1000",NA,"Unadjusted"
567,"1000",NA,"Unadjusted"
568,"1000",NA,"Unadjusted"
569,"1000",NA,"Unadjusted"
570,"1000",NA,"Unadjusted"
571,"1000",NA,"Unadjusted"
572,"1000",-12.3364936276034,"Unadjusted"
573,"1000",NA,"Unadjusted"
574,"1000",NA,"Unadjusted"
575,"1000",NA,"Unadjusted"
576,"1000",NA,"Unadjusted"
577,"1000",NA,"Unadjusted"
578,"1000",NA,"Unadjusted"
579,"1000",-15.5166580243713,"Unadjusted"
580,"1000",NA,"Unadjusted"
581,"1000",NA,"Unadjusted"
582,"1000",NA,"Unadjusted"
583,"1000",13.2883002207505,"Unadjusted"
584,"1000",NA,"Unadjusted"
585,"1000",NA,"Unadjusted"
586,"1000",NA,"Unadjusted"
587,"1000",NA,"Unadjusted"
588,"1000",-21.6721890277024,"Unadjusted"
589,"1000",NA,"Unadjusted"
590,"1000",NA,"Unadjusted"
591,"1000",NA,"Unadjusted"
592,"1000",NA,"Unadjusted"
593,"1000",NA,"Unadjusted"
594,"1000",NA,"Unadjusted"
595,"1000",-20.9022998595506,"Unadjusted"
596,"1000",NA,"Unadjusted"
597,"1000",-24.6278921672681,"Unadjusted"
598,"1000",NA,"Unadjusted"
599,"1000",NA,"Unadjusted"
600,"1000",NA,"Unadjusted"
601,"1000",NA,"Unadjusted"
602,"1000",NA,"Unadjusted"
603,"1000",NA,"Unadjusted"
604,"1000",NA,"Unadjusted"
605,"1000",NA,"Unadjusted"
606,"1000",NA,"Unadjusted"
607,"1000",NA,"Unadjusted"
608,"1000",-15.3141704488149,"Unadjusted"
609,"1000",NA,"Unadjusted"
610,"1000",NA,"Unadjusted"
611,"1000",NA,"Unadjusted"
612,"1000",NA,"Unadjusted"
613,"1000",-21.4707360861759,"Unadjusted"
614,"1000",NA,"Unadjusted"
615,"1000",NA,"Unadjusted"
616,"1000",NA,"Unadjusted"
617,"1000",NA,"Unadjusted"
618,"1000",NA,"Unadjusted"
619,"1000",NA,"Unadjusted"
620,"1000",-21.7994896099162,"Unadjusted"
621,"1000",12.5053078556263,"Unadjusted"
622,"1000",NA,"Unadjusted"
623,"1000",NA,"Unadjusted"
624,"1000",NA,"Unadjusted"
625,"1000",NA,"Unadjusted"
626,"1000",NA,"Unadjusted"
627,"1000",NA,"Unadjusted"
628,"1000",NA,"Unadjusted"
629,"1000",-24.0257289879931,"Unadjusted"
630,"1000",NA,"Unadjusted"
631,"1000",NA,"Unadjusted"
632,"1000",NA,"Unadjusted"
633,"1000",NA,"Unadjusted"
634,"1000",-14.4590400577409,"Unadjusted"
635,"1000",NA,"Unadjusted"
636,"1000",NA,"Unadjusted"
637,"1000",NA,"Unadjusted"
638,"1000",NA,"Unadjusted"
639,"1000",NA,"Unadjusted"
640,"1000",NA,"Unadjusted"
641,"1000",NA,"Unadjusted"
642,"1000",-19.0622537431048,"Unadjusted"
643,"1000",NA,"Unadjusted"
644,"1000",NA,"Unadjusted"
645,"1000",NA,"Unadjusted"
646,"1000",NA,"Unadjusted"
647,"1000",NA,"Unadjusted"
648,"1000",NA,"Unadjusted"
649,"1000",NA,"Unadjusted"
650,"1000",NA,"Unadjusted"
651,"1000",NA,"Unadjusted"
652,"1000",NA,"Unadjusted"
653,"1000",NA,"Unadjusted"
654,"1000",NA,"Unadjusted"
655,"1000",NA,"Unadjusted"
656,"1000",NA,"Unadjusted"
657,"1000",NA,"Unadjusted"
658,"1000",NA,"Unadjusted"
659,"1000",NA,"Unadjusted"
660,"1000",NA,"Unadjusted"
661,"1000",-22.0052772891399,"Unadjusted"
662,"1000",NA,"Unadjusted"
663,"1000",NA,"Unadjusted"
664,"1000",NA,"Unadjusted"
665,"1000",-22.895486935867,"Unadjusted"
666,"1000",NA,"Unadjusted"
667,"1000",NA,"Unadjusted"
668,"1000",NA,"Unadjusted"
669,"1000",NA,"Unadjusted"
670,"1000",NA,"Unadjusted"
671,"1000",NA,"Unadjusted"
672,"1000",NA,"Unadjusted"
673,"1000",NA,"Unadjusted"
674,"1000",NA,"Unadjusted"
675,"1000",NA,"Unadjusted"
676,"1000",NA,"Unadjusted"
677,"1000",NA,"Unadjusted"
678,"1000",NA,"Unadjusted"
679,"1000",NA,"Unadjusted"
680,"1000",NA,"Unadjusted"
681,"1000",NA,"Unadjusted"
682,"1000",NA,"Unadjusted"
683,"1000",NA,"Unadjusted"
684,"1000",NA,"Unadjusted"
685,"1000",NA,"Unadjusted"
686,"1000",NA,"Unadjusted"
687,"1000",NA,"Unadjusted"
688,"1000",NA,"Unadjusted"
689,"1000",NA,"Unadjusted"
690,"1000",NA,"Unadjusted"
691,"1000",NA,"Unadjusted"
692,"1000",NA,"Unadjusted"
693,"1000",NA,"Unadjusted"
694,"1000",NA,"Unadjusted"
695,"1000",NA,"Unadjusted"
696,"1000",NA,"Unadjusted"
697,"1000",NA,"Unadjusted"
698,"1000",NA,"Unadjusted"
699,"1000",-19.1326530612245,"Unadjusted"
700,"1000",NA,"Unadjusted"
701,"1000",NA,"Unadjusted"
702,"1000",NA,"Unadjusted"
703,"1000",NA,"Unadjusted"
704,"1000",NA,"Unadjusted"
705,"1000",NA,"Unadjusted"
706,"1000",NA,"Unadjusted"
707,"1000",NA,"Unadjusted"
708,"1000",-17.3488454960091,"Unadjusted"
709,"1000",NA,"Unadjusted"
710,"1000",NA,"Unadjusted"
711,"1000",14.9411875234874,"Unadjusted"
712,"1000",NA,"Unadjusted"
713,"1000",NA,"Unadjusted"
714,"1000",NA,"Unadjusted"
715,"1000",NA,"Unadjusted"
716,"1000",NA,"Unadjusted"
717,"1000",-18.2761794276875,"Unadjusted"
718,"1000",-24.4590495449949,"Unadjusted"
719,"1000",NA,"Unadjusted"
720,"1000",NA,"Unadjusted"
721,"1000",NA,"Unadjusted"
722,"1000",NA,"Unadjusted"
723,"1000",NA,"Unadjusted"
724,"1000",NA,"Unadjusted"
725,"1000",NA,"Unadjusted"
726,"1000",NA,"Unadjusted"
727,"1000",NA,"Unadjusted"
728,"1000",NA,"Unadjusted"
729,"1000",NA,"Unadjusted"
730,"1000",-22.3648975791434,"Unadjusted"
731,"1000",NA,"Unadjusted"
732,"1000",NA,"Unadjusted"
733,"1000",NA,"Unadjusted"
734,"1000",NA,"Unadjusted"
735,"1000",NA,"Unadjusted"
736,"1000",NA,"Unadjusted"
737,"1000",NA,"Unadjusted"
738,"1000",NA,"Unadjusted"
739,"1000",NA,"Unadjusted"
740,"1000",-22.9824091778203,"Unadjusted"
741,"1000",NA,"Unadjusted"
742,"1000",NA,"Unadjusted"
743,"1000",NA,"Unadjusted"
744,"1000",NA,"Unadjusted"
745,"1000",NA,"Unadjusted"
746,"1000",NA,"Unadjusted"
747,"1000",NA,"Unadjusted"
748,"1000",NA,"Unadjusted"
749,"1000",NA,"Unadjusted"
750,"1000",NA,"Unadjusted"
751,"1000",NA,"Unadjusted"
752,"1000",NA,"Unadjusted"
753,"1000",NA,"Unadjusted"
754,"1000",NA,"Unadjusted"
755,"1000",NA,"Unadjusted"
756,"1000",NA,"Unadjusted"
757,"1000",NA,"Unadjusted"
758,"1000",NA,"Unadjusted"
759,"1000",NA,"Unadjusted"
760,"1000",NA,"Unadjusted"
761,"1000",NA,"Unadjusted"
762,"1000",NA,"Unadjusted"
763,"1000",NA,"Unadjusted"
764,"1000",NA,"Unadjusted"
765,"1000",NA,"Unadjusted"
766,"1000",14.8773106197898,"Unadjusted"
767,"1000",NA,"Unadjusted"
768,"1000",NA,"Unadjusted"
769,"1000",NA,"Unadjusted"
770,"1000",-22.1297321833863,"Unadjusted"
771,"1000",NA,"Unadjusted"
772,"1000",NA,"Unadjusted"
773,"1000",NA,"Unadjusted"
774,"1000",NA,"Unadjusted"
775,"1000",NA,"Unadjusted"
776,"1000",NA,"Unadjusted"
777,"1000",NA,"Unadjusted"
778,"1000",NA,"Unadjusted"
779,"1000",NA,"Unadjusted"
780,"1000",NA,"Unadjusted"
781,"1000",NA,"Unadjusted"
782,"1000",NA,"Unadjusted"
783,"1000",NA,"Unadjusted"
784,"1000",NA,"Unadjusted"
785,"1000",NA,"Unadjusted"
786,"1000",NA,"Unadjusted"
787,"1000",NA,"Unadjusted"
788,"1000",NA,"Unadjusted"
789,"1000",NA,"Unadjusted"
790,"1000",NA,"Unadjusted"
791,"1000",NA,"Unadjusted"
792,"1000",-18.5643564356436,"Unadjusted"
793,"1000",NA,"Unadjusted"
794,"1000",NA,"Unadjusted"
795,"1000",NA,"Unadjusted"
796,"1000",NA,"Unadjusted"
797,"1000",NA,"Unadjusted"
798,"1000",NA,"Unadjusted"
799,"1000",NA,"Unadjusted"
800,"1000",NA,"Unadjusted"
801,"1000",NA,"Unadjusted"
802,"1000",-20.7511111111111,"Unadjusted"
803,"1000",NA,"Unadjusted"
804,"1000",NA,"Unadjusted"
805,"1000",NA,"Unadjusted"
806,"1000",NA,"Unadjusted"
807,"1000",-23.9440031771247,"Unadjusted"
808,"1000",NA,"Unadjusted"
809,"1000",NA,"Unadjusted"
810,"1000",NA,"Unadjusted"
811,"1000",NA,"Unadjusted"
812,"1000",NA,"Unadjusted"
813,"1000",NA,"Unadjusted"
814,"1000",NA,"Unadjusted"
815,"1000",NA,"Unadjusted"
816,"1000",NA,"Unadjusted"
817,"1000",NA,"Unadjusted"
818,"1000",NA,"Unadjusted"
819,"1000",-20.6931818181818,"Unadjusted"
820,"1000",NA,"Unadjusted"
821,"1000",NA,"Unadjusted"
822,"1000",NA,"Unadjusted"
823,"1000",NA,"Unadjusted"
824,"1000",NA,"Unadjusted"
825,"1000",NA,"Unadjusted"
826,"1000",NA,"Unadjusted"
827,"1000",NA,"Unadjusted"
828,"1000",NA,"Unadjusted"
829,"1000",NA,"Unadjusted"
830,"1000",NA,"Unadjusted"
831,"1000",NA,"Unadjusted"
832,"1000",NA,"Unadjusted"
833,"1000",NA,"Unadjusted"
834,"1000",NA,"Unadjusted"
835,"1000",NA,"Unadjusted"
836,"1000",NA,"Unadjusted"
837,"1000",NA,"Unadjusted"
838,"1000",NA,"Unadjusted"
839,"1000",NA,"Unadjusted"
840,"1000",NA,"Unadjusted"
841,"1000",NA,"Unadjusted"
842,"1000",NA,"Unadjusted"
843,"1000",NA,"Unadjusted"
844,"1000",NA,"Unadjusted"
845,"1000",NA,"Unadjusted"
846,"1000",NA,"Unadjusted"
847,"1000",NA,"Unadjusted"
848,"1000",NA,"Unadjusted"
849,"1000",-12.460109058182,"Unadjusted"
850,"1000",NA,"Unadjusted"
851,"1000",NA,"Unadjusted"
852,"1000",NA,"Unadjusted"
853,"1000",NA,"Unadjusted"
854,"1000",NA,"Unadjusted"
855,"1000",NA,"Unadjusted"
856,"1000",NA,"Unadjusted"
857,"1000",NA,"Unadjusted"
858,"1000",NA,"Unadjusted"
859,"1000",NA,"Unadjusted"
860,"1000",NA,"Unadjusted"
861,"1000",NA,"Unadjusted"
862,"1000",NA,"Unadjusted"
863,"1000",NA,"Unadjusted"
864,"1000",NA,"Unadjusted"
865,"1000",NA,"Unadjusted"
866,"1000",NA,"Unadjusted"
867,"1000",NA,"Unadjusted"
868,"1000",NA,"Unadjusted"
869,"1000",NA,"Unadjusted"
870,"1000",NA,"Unadjusted"
871,"1000",NA,"Unadjusted"
872,"1000",NA,"Unadjusted"
873,"1000",NA,"Unadjusted"
874,"1000",NA,"Unadjusted"
875,"1000",NA,"Unadjusted"
876,"1000",NA,"Unadjusted"
877,"1000",NA,"Unadjusted"
878,"1000",NA,"Unadjusted"
879,"1000",NA,"Unadjusted"
880,"1000",NA,"Unadjusted"
881,"1000",NA,"Unadjusted"
882,"1000",NA,"Unadjusted"
883,"1000",NA,"Unadjusted"
884,"1000",NA,"Unadjusted"
885,"1000",NA,"Unadjusted"
886,"1000",NA,"Unadjusted"
887,"1000",NA,"Unadjusted"
888,"1000",NA,"Unadjusted"
889,"1000",-19.3548387096774,"Unadjusted"
890,"1000",NA,"Unadjusted"
891,"1000",NA,"Unadjusted"
892,"1000",NA,"Unadjusted"
893,"1000",NA,"Unadjusted"
894,"1000",NA,"Unadjusted"
895,"1000",NA,"Unadjusted"
896,"1000",NA,"Unadjusted"
897,"1000",NA,"Unadjusted"
898,"1000",NA,"Unadjusted"
899,"1000",NA,"Unadjusted"
900,"1000",NA,"Unadjusted"
901,"1000",NA,"Unadjusted"
902,"1000",NA,"Unadjusted"
903,"1000",NA,"Unadjusted"
904,"1000",NA,"Unadjusted"
905,"1000",NA,"Unadjusted"
906,"1000",NA,"Unadjusted"
907,"1000",NA,"Unadjusted"
908,"1000",NA,"Unadjusted"
909,"1000",NA,"Unadjusted"
910,"1000",NA,"Unadjusted"
911,"1000",14.6484375,"Unadjusted"
912,"1000",NA,"Unadjusted"
913,"1000",NA,"Unadjusted"
914,"1000",NA,"Unadjusted"
915,"1000",NA,"Unadjusted"
916,"1000",NA,"Unadjusted"
917,"1000",NA,"Unadjusted"
918,"1000",-18.4239730226855,"Unadjusted"
919,"1000",NA,"Unadjusted"
920,"1000",NA,"Unadjusted"
921,"1000",NA,"Unadjusted"
922,"1000",NA,"Unadjusted"
923,"1000",NA,"Unadjusted"
924,"1000",-22.5506279434851,"Unadjusted"
925,"1000",NA,"Unadjusted"
926,"1000",NA,"Unadjusted"
927,"1000",NA,"Unadjusted"
928,"1000",NA,"Unadjusted"
929,"1000",NA,"Unadjusted"
930,"1000",NA,"Unadjusted"
931,"1000",NA,"Unadjusted"
932,"1000",NA,"Unadjusted"
933,"1000",NA,"Unadjusted"
934,"1000",NA,"Unadjusted"
935,"1000",NA,"Unadjusted"
936,"1000",NA,"Unadjusted"
937,"1000",NA,"Unadjusted"
938,"1000",13.2839099395936,"Unadjusted"
939,"1000",NA,"Unadjusted"
940,"1000",NA,"Unadjusted"
941,"1000",NA,"Unadjusted"
942,"1000",NA,"Unadjusted"
943,"1000",NA,"Unadjusted"
944,"1000",NA,"Unadjusted"
945,"1000",NA,"Unadjusted"
946,"1000",NA,"Unadjusted"
947,"1000",NA,"Unadjusted"
948,"1000",NA,"Unadjusted"
949,"1000",NA,"Unadjusted"
950,"1000",NA,"Unadjusted"
951,"1000",NA,"Unadjusted"
952,"1000",NA,"Unadjusted"
953,"1000",NA,"Unadjusted"
954,"1000",NA,"Unadjusted"
955,"1000",NA,"Unadjusted"
956,"1000",NA,"Unadjusted"
957,"1000",NA,"Unadjusted"
958,"1000",NA,"Unadjusted"
959,"1000",NA,"Unadjusted"
960,"1000",NA,"Unadjusted"
961,"1000",NA,"Unadjusted"
962,"1000",-17.4307075127644,"Unadjusted"
963,"1000",NA,"Unadjusted"
964,"1000",NA,"Unadjusted"
965,"1000",NA,"Unadjusted"
966,"1000",NA,"Unadjusted"
967,"1000",-20.0889532478279,"Unadjusted"
968,"1000",-17.9635479951397,"Unadjusted"
969,"1000",NA,"Unadjusted"
970,"1000",NA,"Unadjusted"
971,"1000",NA,"Unadjusted"
972,"1000",NA,"Unadjusted"
973,"1000",NA,"Unadjusted"
974,"1000",NA,"Unadjusted"
975,"1000",NA,"Unadjusted"
976,"1000",NA,"Unadjusted"
977,"1000",NA,"Unadjusted"
978,"1000",NA,"Unadjusted"
979,"1000",NA,"Unadjusted"
980,"1000",NA,"Unadjusted"
981,"1000",NA,"Unadjusted"
982,"1000",NA,"Unadjusted"
983,"1000",NA,"Unadjusted"
984,"1000",NA,"Unadjusted"
985,"1000",NA,"Unadjusted"
986,"1000",NA,"Unadjusted"
987,"1000",NA,"Unadjusted"
988,"1000",NA,"Unadjusted"
989,"1000",NA,"Unadjusted"
990,"1000",NA,"Unadjusted"
991,"1000",NA,"Unadjusted"
992,"1000",NA,"Unadjusted"
993,"1000",NA,"Unadjusted"
994,"1000",NA,"Unadjusted"
995,"1000",NA,"Unadjusted"
996,"1000",NA,"Unadjusted"
997,"1000",NA,"Unadjusted"
998,"1000",NA,"Unadjusted"
999,"1000",NA,"Unadjusted"
1000,"1000",NA,"Unadjusted"
1,"2000",NA,"Unadjusted"
2,"2000",NA,"Unadjusted"
3,"2000",NA,"Unadjusted"
4,"2000",NA,"Unadjusted"
5,"2000",NA,"Unadjusted"
6,"2000",NA,"Unadjusted"
7,"2000",NA,"Unadjusted"
8,"2000",NA,"Unadjusted"
9,"2000",NA,"Unadjusted"
10,"2000",NA,"Unadjusted"
11,"2000",NA,"Unadjusted"
12,"2000",NA,"Unadjusted"
13,"2000",NA,"Unadjusted"
14,"2000",NA,"Unadjusted"
15,"2000",NA,"Unadjusted"
16,"2000",NA,"Unadjusted"
17,"2000",NA,"Unadjusted"
18,"2000",NA,"Unadjusted"
19,"2000",NA,"Unadjusted"
20,"2000",NA,"Unadjusted"
21,"2000",NA,"Unadjusted"
22,"2000",NA,"Unadjusted"
23,"2000",NA,"Unadjusted"
24,"2000",NA,"Unadjusted"
25,"2000",NA,"Unadjusted"
26,"2000",NA,"Unadjusted"
27,"2000",NA,"Unadjusted"
28,"2000",NA,"Unadjusted"
29,"2000",NA,"Unadjusted"
30,"2000",NA,"Unadjusted"
31,"2000",NA,"Unadjusted"
32,"2000",NA,"Unadjusted"
33,"2000",NA,"Unadjusted"
34,"2000",NA,"Unadjusted"
35,"2000",NA,"Unadjusted"
36,"2000",NA,"Unadjusted"
37,"2000",NA,"Unadjusted"
38,"2000",NA,"Unadjusted"
39,"2000",NA,"Unadjusted"
40,"2000",NA,"Unadjusted"
41,"2000",NA,"Unadjusted"
42,"2000",NA,"Unadjusted"
43,"2000",NA,"Unadjusted"
44,"2000",NA,"Unadjusted"
45,"2000",NA,"Unadjusted"
46,"2000",NA,"Unadjusted"
47,"2000",NA,"Unadjusted"
48,"2000",NA,"Unadjusted"
49,"2000",NA,"Unadjusted"
50,"2000",NA,"Unadjusted"
51,"2000",NA,"Unadjusted"
52,"2000",NA,"Unadjusted"
53,"2000",NA,"Unadjusted"
54,"2000",NA,"Unadjusted"
55,"2000",NA,"Unadjusted"
56,"2000",NA,"Unadjusted"
57,"2000",NA,"Unadjusted"
58,"2000",NA,"Unadjusted"
59,"2000",NA,"Unadjusted"
60,"2000",NA,"Unadjusted"
61,"2000",NA,"Unadjusted"
62,"2000",NA,"Unadjusted"
63,"2000",NA,"Unadjusted"
64,"2000",NA,"Unadjusted"
65,"2000",NA,"Unadjusted"
66,"2000",NA,"Unadjusted"
67,"2000",NA,"Unadjusted"
68,"2000",NA,"Unadjusted"
69,"2000",NA,"Unadjusted"
70,"2000",NA,"Unadjusted"
71,"2000",NA,"Unadjusted"
72,"2000",NA,"Unadjusted"
73,"2000",-21.8979092629344,"Unadjusted"
74,"2000",NA,"Unadjusted"
75,"2000",NA,"Unadjusted"
76,"2000",NA,"Unadjusted"
77,"2000",NA,"Unadjusted"
78,"2000",NA,"Unadjusted"
79,"2000",NA,"Unadjusted"
80,"2000",NA,"Unadjusted"
81,"2000",NA,"Unadjusted"
82,"2000",NA,"Unadjusted"
83,"2000",NA,"Unadjusted"
84,"2000",NA,"Unadjusted"
85,"2000",NA,"Unadjusted"
86,"2000",NA,"Unadjusted"
87,"2000",NA,"Unadjusted"
88,"2000",NA,"Unadjusted"
89,"2000",NA,"Unadjusted"
90,"2000",NA,"Unadjusted"
91,"2000",NA,"Unadjusted"
92,"2000",NA,"Unadjusted"
93,"2000",NA,"Unadjusted"
94,"2000",NA,"Unadjusted"
95,"2000",NA,"Unadjusted"
96,"2000",NA,"Unadjusted"
97,"2000",NA,"Unadjusted"
98,"2000",-21.9317775008497,"Unadjusted"
99,"2000",NA,"Unadjusted"
100,"2000",NA,"Unadjusted"
101,"2000",-20.9102944681589,"Unadjusted"
102,"2000",NA,"Unadjusted"
103,"2000",NA,"Unadjusted"
104,"2000",NA,"Unadjusted"
105,"2000",NA,"Unadjusted"
106,"2000",NA,"Unadjusted"
107,"2000",NA,"Unadjusted"
108,"2000",NA,"Unadjusted"
109,"2000",NA,"Unadjusted"
110,"2000",NA,"Unadjusted"
111,"2000",NA,"Unadjusted"
112,"2000",NA,"Unadjusted"
113,"2000",NA,"Unadjusted"
114,"2000",NA,"Unadjusted"
115,"2000",NA,"Unadjusted"
116,"2000",NA,"Unadjusted"
117,"2000",NA,"Unadjusted"
118,"2000",-23.1538904484273,"Unadjusted"
119,"2000",NA,"Unadjusted"
120,"2000",NA,"Unadjusted"
121,"2000",NA,"Unadjusted"
122,"2000",NA,"Unadjusted"
123,"2000",NA,"Unadjusted"
124,"2000",NA,"Unadjusted"
125,"2000",NA,"Unadjusted"
126,"2000",NA,"Unadjusted"
127,"2000",NA,"Unadjusted"
128,"2000",NA,"Unadjusted"
129,"2000",NA,"Unadjusted"
130,"2000",NA,"Unadjusted"
131,"2000",NA,"Unadjusted"
132,"2000",NA,"Unadjusted"
133,"2000",NA,"Unadjusted"
134,"2000",NA,"Unadjusted"
135,"2000",NA,"Unadjusted"
136,"2000",NA,"Unadjusted"
137,"2000",NA,"Unadjusted"
138,"2000",NA,"Unadjusted"
139,"2000",NA,"Unadjusted"
140,"2000",NA,"Unadjusted"
141,"2000",NA,"Unadjusted"
142,"2000",NA,"Unadjusted"
143,"2000",NA,"Unadjusted"
144,"2000",NA,"Unadjusted"
145,"2000",NA,"Unadjusted"
146,"2000",NA,"Unadjusted"
147,"2000",NA,"Unadjusted"
148,"2000",NA,"Unadjusted"
149,"2000",NA,"Unadjusted"
150,"2000",NA,"Unadjusted"
151,"2000",NA,"Unadjusted"
152,"2000",NA,"Unadjusted"
153,"2000",NA,"Unadjusted"
154,"2000",NA,"Unadjusted"
155,"2000",NA,"Unadjusted"
156,"2000",NA,"Unadjusted"
157,"2000",NA,"Unadjusted"
158,"2000",NA,"Unadjusted"
159,"2000",NA,"Unadjusted"
160,"2000",NA,"Unadjusted"
161,"2000",NA,"Unadjusted"
162,"2000",NA,"Unadjusted"
163,"2000",NA,"Unadjusted"
164,"2000",NA,"Unadjusted"
165,"2000",NA,"Unadjusted"
166,"2000",NA,"Unadjusted"
167,"2000",NA,"Unadjusted"
168,"2000",NA,"Unadjusted"
169,"2000",NA,"Unadjusted"
170,"2000",NA,"Unadjusted"
171,"2000",NA,"Unadjusted"
172,"2000",NA,"Unadjusted"
173,"2000",-21.2389380530973,"Unadjusted"
174,"2000",NA,"Unadjusted"
175,"2000",NA,"Unadjusted"
176,"2000",NA,"Unadjusted"
177,"2000",NA,"Unadjusted"
178,"2000",NA,"Unadjusted"
179,"2000",NA,"Unadjusted"
180,"2000",NA,"Unadjusted"
181,"2000",NA,"Unadjusted"
182,"2000",-21.9827657331439,"Unadjusted"
183,"2000",NA,"Unadjusted"
184,"2000",NA,"Unadjusted"
185,"2000",NA,"Unadjusted"
186,"2000",NA,"Unadjusted"
187,"2000",-24.5799979631327,"Unadjusted"
188,"2000",NA,"Unadjusted"
189,"2000",NA,"Unadjusted"
190,"2000",NA,"Unadjusted"
191,"2000",NA,"Unadjusted"
192,"2000",NA,"Unadjusted"
193,"2000",NA,"Unadjusted"
194,"2000",NA,"Unadjusted"
195,"2000",NA,"Unadjusted"
196,"2000",NA,"Unadjusted"
197,"2000",NA,"Unadjusted"
198,"2000",NA,"Unadjusted"
199,"2000",NA,"Unadjusted"
200,"2000",NA,"Unadjusted"
201,"2000",NA,"Unadjusted"
202,"2000",NA,"Unadjusted"
203,"2000",NA,"Unadjusted"
204,"2000",NA,"Unadjusted"
205,"2000",NA,"Unadjusted"
206,"2000",NA,"Unadjusted"
207,"2000",NA,"Unadjusted"
208,"2000",NA,"Unadjusted"
209,"2000",NA,"Unadjusted"
210,"2000",NA,"Unadjusted"
211,"2000",NA,"Unadjusted"
212,"2000",NA,"Unadjusted"
213,"2000",NA,"Unadjusted"
214,"2000",NA,"Unadjusted"
215,"2000",NA,"Unadjusted"
216,"2000",NA,"Unadjusted"
217,"2000",NA,"Unadjusted"
218,"2000",NA,"Unadjusted"
219,"2000",NA,"Unadjusted"
220,"2000",NA,"Unadjusted"
221,"2000",NA,"Unadjusted"
222,"2000",NA,"Unadjusted"
223,"2000",NA,"Unadjusted"
224,"2000",NA,"Unadjusted"
225,"2000",NA,"Unadjusted"
226,"2000",NA,"Unadjusted"
227,"2000",NA,"Unadjusted"
228,"2000",NA,"Unadjusted"
229,"2000",NA,"Unadjusted"
230,"2000",NA,"Unadjusted"
231,"2000",NA,"Unadjusted"
232,"2000",NA,"Unadjusted"
233,"2000",NA,"Unadjusted"
234,"2000",NA,"Unadjusted"
235,"2000",NA,"Unadjusted"
236,"2000",NA,"Unadjusted"
237,"2000",NA,"Unadjusted"
238,"2000",NA,"Unadjusted"
239,"2000",NA,"Unadjusted"
240,"2000",NA,"Unadjusted"
241,"2000",NA,"Unadjusted"
242,"2000",NA,"Unadjusted"
243,"2000",NA,"Unadjusted"
244,"2000",NA,"Unadjusted"
245,"2000",NA,"Unadjusted"
246,"2000",NA,"Unadjusted"
247,"2000",NA,"Unadjusted"
248,"2000",NA,"Unadjusted"
249,"2000",NA,"Unadjusted"
250,"2000",NA,"Unadjusted"
251,"2000",NA,"Unadjusted"
252,"2000",NA,"Unadjusted"
253,"2000",NA,"Unadjusted"
254,"2000",NA,"Unadjusted"
255,"2000",NA,"Unadjusted"
256,"2000",NA,"Unadjusted"
257,"2000",NA,"Unadjusted"
258,"2000",NA,"Unadjusted"
259,"2000",NA,"Unadjusted"
260,"2000",NA,"Unadjusted"
261,"2000",NA,"Unadjusted"
262,"2000",NA,"Unadjusted"
263,"2000",NA,"Unadjusted"
264,"2000",NA,"Unadjusted"
265,"2000",NA,"Unadjusted"
266,"2000",NA,"Unadjusted"
267,"2000",NA,"Unadjusted"
268,"2000",NA,"Unadjusted"
269,"2000",NA,"Unadjusted"
270,"2000",NA,"Unadjusted"
271,"2000",NA,"Unadjusted"
272,"2000",NA,"Unadjusted"
273,"2000",NA,"Unadjusted"
274,"2000",NA,"Unadjusted"
275,"2000",NA,"Unadjusted"
276,"2000",NA,"Unadjusted"
277,"2000",NA,"Unadjusted"
278,"2000",NA,"Unadjusted"
279,"2000",NA,"Unadjusted"
280,"2000",NA,"Unadjusted"
281,"2000",NA,"Unadjusted"
282,"2000",NA,"Unadjusted"
283,"2000",NA,"Unadjusted"
284,"2000",NA,"Unadjusted"
285,"2000",NA,"Unadjusted"
286,"2000",NA,"Unadjusted"
287,"2000",NA,"Unadjusted"
288,"2000",NA,"Unadjusted"
289,"2000",NA,"Unadjusted"
290,"2000",NA,"Unadjusted"
291,"2000",NA,"Unadjusted"
292,"2000",NA,"Unadjusted"
293,"2000",NA,"Unadjusted"
294,"2000",NA,"Unadjusted"
295,"2000",NA,"Unadjusted"
296,"2000",NA,"Unadjusted"
297,"2000",NA,"Unadjusted"
298,"2000",NA,"Unadjusted"
299,"2000",NA,"Unadjusted"
300,"2000",NA,"Unadjusted"
301,"2000",NA,"Unadjusted"
302,"2000",NA,"Unadjusted"
303,"2000",NA,"Unadjusted"
304,"2000",NA,"Unadjusted"
305,"2000",NA,"Unadjusted"
306,"2000",NA,"Unadjusted"
307,"2000",NA,"Unadjusted"
308,"2000",NA,"Unadjusted"
309,"2000",NA,"Unadjusted"
310,"2000",NA,"Unadjusted"
311,"2000",NA,"Unadjusted"
312,"2000",NA,"Unadjusted"
313,"2000",NA,"Unadjusted"
314,"2000",NA,"Unadjusted"
315,"2000",NA,"Unadjusted"
316,"2000",NA,"Unadjusted"
317,"2000",NA,"Unadjusted"
318,"2000",NA,"Unadjusted"
319,"2000",NA,"Unadjusted"
320,"2000",NA,"Unadjusted"
321,"2000",NA,"Unadjusted"
322,"2000",NA,"Unadjusted"
323,"2000",NA,"Unadjusted"
324,"2000",NA,"Unadjusted"
325,"2000",NA,"Unadjusted"
326,"2000",NA,"Unadjusted"
327,"2000",NA,"Unadjusted"
328,"2000",NA,"Unadjusted"
329,"2000",NA,"Unadjusted"
330,"2000",NA,"Unadjusted"
331,"2000",NA,"Unadjusted"
332,"2000",NA,"Unadjusted"
333,"2000",NA,"Unadjusted"
334,"2000",NA,"Unadjusted"
335,"2000",NA,"Unadjusted"
336,"2000",-24.1067572970812,"Unadjusted"
337,"2000",NA,"Unadjusted"
338,"2000",NA,"Unadjusted"
339,"2000",NA,"Unadjusted"
340,"2000",NA,"Unadjusted"
341,"2000",NA,"Unadjusted"
342,"2000",NA,"Unadjusted"
343,"2000",NA,"Unadjusted"
344,"2000",NA,"Unadjusted"
345,"2000",NA,"Unadjusted"
346,"2000",NA,"Unadjusted"
347,"2000",NA,"Unadjusted"
348,"2000",NA,"Unadjusted"
349,"2000",NA,"Unadjusted"
350,"2000",NA,"Unadjusted"
351,"2000",NA,"Unadjusted"
352,"2000",NA,"Unadjusted"
353,"2000",NA,"Unadjusted"
354,"2000",NA,"Unadjusted"
355,"2000",NA,"Unadjusted"
356,"2000",NA,"Unadjusted"
357,"2000",NA,"Unadjusted"
358,"2000",NA,"Unadjusted"
359,"2000",NA,"Unadjusted"
360,"2000",NA,"Unadjusted"
361,"2000",NA,"Unadjusted"
362,"2000",NA,"Unadjusted"
363,"2000",NA,"Unadjusted"
364,"2000",NA,"Unadjusted"
365,"2000",NA,"Unadjusted"
366,"2000",NA,"Unadjusted"
367,"2000",NA,"Unadjusted"
368,"2000",NA,"Unadjusted"
369,"2000",NA,"Unadjusted"
370,"2000",NA,"Unadjusted"
371,"2000",NA,"Unadjusted"
372,"2000",NA,"Unadjusted"
373,"2000",NA,"Unadjusted"
374,"2000",NA,"Unadjusted"
375,"2000",NA,"Unadjusted"
376,"2000",NA,"Unadjusted"
377,"2000",NA,"Unadjusted"
378,"2000",NA,"Unadjusted"
379,"2000",NA,"Unadjusted"
380,"2000",NA,"Unadjusted"
381,"2000",NA,"Unadjusted"
382,"2000",NA,"Unadjusted"
383,"2000",NA,"Unadjusted"
384,"2000",NA,"Unadjusted"
385,"2000",NA,"Unadjusted"
386,"2000",NA,"Unadjusted"
387,"2000",NA,"Unadjusted"
388,"2000",NA,"Unadjusted"
389,"2000",NA,"Unadjusted"
390,"2000",NA,"Unadjusted"
391,"2000",NA,"Unadjusted"
392,"2000",NA,"Unadjusted"
393,"2000",NA,"Unadjusted"
394,"2000",NA,"Unadjusted"
395,"2000",NA,"Unadjusted"
396,"2000",NA,"Unadjusted"
397,"2000",NA,"Unadjusted"
398,"2000",NA,"Unadjusted"
399,"2000",NA,"Unadjusted"
400,"2000",NA,"Unadjusted"
401,"2000",NA,"Unadjusted"
402,"2000",NA,"Unadjusted"
403,"2000",NA,"Unadjusted"
404,"2000",NA,"Unadjusted"
405,"2000",NA,"Unadjusted"
406,"2000",NA,"Unadjusted"
407,"2000",NA,"Unadjusted"
408,"2000",NA,"Unadjusted"
409,"2000",NA,"Unadjusted"
410,"2000",NA,"Unadjusted"
411,"2000",NA,"Unadjusted"
412,"2000",NA,"Unadjusted"
413,"2000",NA,"Unadjusted"
414,"2000",NA,"Unadjusted"
415,"2000",NA,"Unadjusted"
416,"2000",NA,"Unadjusted"
417,"2000",NA,"Unadjusted"
418,"2000",NA,"Unadjusted"
419,"2000",NA,"Unadjusted"
420,"2000",NA,"Unadjusted"
421,"2000",NA,"Unadjusted"
422,"2000",NA,"Unadjusted"
423,"2000",NA,"Unadjusted"
424,"2000",NA,"Unadjusted"
425,"2000",NA,"Unadjusted"
426,"2000",NA,"Unadjusted"
427,"2000",-18.1862367661213,"Unadjusted"
428,"2000",NA,"Unadjusted"
429,"2000",NA,"Unadjusted"
430,"2000",NA,"Unadjusted"
431,"2000",NA,"Unadjusted"
432,"2000",NA,"Unadjusted"
433,"2000",NA,"Unadjusted"
434,"2000",NA,"Unadjusted"
435,"2000",NA,"Unadjusted"
436,"2000",NA,"Unadjusted"
437,"2000",NA,"Unadjusted"
438,"2000",NA,"Unadjusted"
439,"2000",NA,"Unadjusted"
440,"2000",NA,"Unadjusted"
441,"2000",NA,"Unadjusted"
442,"2000",NA,"Unadjusted"
443,"2000",NA,"Unadjusted"
444,"2000",NA,"Unadjusted"
445,"2000",NA,"Unadjusted"
446,"2000",NA,"Unadjusted"
447,"2000",NA,"Unadjusted"
448,"2000",NA,"Unadjusted"
449,"2000",NA,"Unadjusted"
450,"2000",NA,"Unadjusted"
451,"2000",NA,"Unadjusted"
452,"2000",NA,"Unadjusted"
453,"2000",NA,"Unadjusted"
454,"2000",NA,"Unadjusted"
455,"2000",NA,"Unadjusted"
456,"2000",NA,"Unadjusted"
457,"2000",NA,"Unadjusted"
458,"2000",NA,"Unadjusted"
459,"2000",NA,"Unadjusted"
460,"2000",NA,"Unadjusted"
461,"2000",NA,"Unadjusted"
462,"2000",NA,"Unadjusted"
463,"2000",NA,"Unadjusted"
464,"2000",NA,"Unadjusted"
465,"2000",NA,"Unadjusted"
466,"2000",NA,"Unadjusted"
467,"2000",NA,"Unadjusted"
468,"2000",NA,"Unadjusted"
469,"2000",NA,"Unadjusted"
470,"2000",NA,"Unadjusted"
471,"2000",NA,"Unadjusted"
472,"2000",NA,"Unadjusted"
473,"2000",NA,"Unadjusted"
474,"2000",NA,"Unadjusted"
475,"2000",NA,"Unadjusted"
476,"2000",NA,"Unadjusted"
477,"2000",NA,"Unadjusted"
478,"2000",NA,"Unadjusted"
479,"2000",NA,"Unadjusted"
480,"2000",NA,"Unadjusted"
481,"2000",NA,"Unadjusted"
482,"2000",NA,"Unadjusted"
483,"2000",NA,"Unadjusted"
484,"2000",NA,"Unadjusted"
485,"2000",NA,"Unadjusted"
486,"2000",NA,"Unadjusted"
487,"2000",NA,"Unadjusted"
488,"2000",NA,"Unadjusted"
489,"2000",NA,"Unadjusted"
490,"2000",NA,"Unadjusted"
491,"2000",NA,"Unadjusted"
492,"2000",NA,"Unadjusted"
493,"2000",NA,"Unadjusted"
494,"2000",NA,"Unadjusted"
495,"2000",NA,"Unadjusted"
496,"2000",NA,"Unadjusted"
497,"2000",NA,"Unadjusted"
498,"2000",NA,"Unadjusted"
499,"2000",NA,"Unadjusted"
500,"2000",NA,"Unadjusted"
501,"2000",NA,"Unadjusted"
502,"2000",NA,"Unadjusted"
503,"2000",NA,"Unadjusted"
504,"2000",NA,"Unadjusted"
505,"2000",NA,"Unadjusted"
506,"2000",NA,"Unadjusted"
507,"2000",NA,"Unadjusted"
508,"2000",NA,"Unadjusted"
509,"2000",NA,"Unadjusted"
510,"2000",NA,"Unadjusted"
511,"2000",NA,"Unadjusted"
512,"2000",NA,"Unadjusted"
513,"2000",NA,"Unadjusted"
514,"2000",NA,"Unadjusted"
515,"2000",NA,"Unadjusted"
516,"2000",NA,"Unadjusted"
517,"2000",NA,"Unadjusted"
518,"2000",NA,"Unadjusted"
519,"2000",NA,"Unadjusted"
520,"2000",NA,"Unadjusted"
521,"2000",NA,"Unadjusted"
522,"2000",NA,"Unadjusted"
523,"2000",NA,"Unadjusted"
524,"2000",NA,"Unadjusted"
525,"2000",NA,"Unadjusted"
526,"2000",NA,"Unadjusted"
527,"2000",NA,"Unadjusted"
528,"2000",NA,"Unadjusted"
529,"2000",NA,"Unadjusted"
530,"2000",NA,"Unadjusted"
531,"2000",NA,"Unadjusted"
532,"2000",NA,"Unadjusted"
533,"2000",NA,"Unadjusted"
534,"2000",NA,"Unadjusted"
535,"2000",NA,"Unadjusted"
536,"2000",NA,"Unadjusted"
537,"2000",NA,"Unadjusted"
538,"2000",NA,"Unadjusted"
539,"2000",NA,"Unadjusted"
540,"2000",NA,"Unadjusted"
541,"2000",NA,"Unadjusted"
542,"2000",NA,"Unadjusted"
543,"2000",NA,"Unadjusted"
544,"2000",NA,"Unadjusted"
545,"2000",NA,"Unadjusted"
546,"2000",NA,"Unadjusted"
547,"2000",NA,"Unadjusted"
548,"2000",NA,"Unadjusted"
549,"2000",NA,"Unadjusted"
550,"2000",NA,"Unadjusted"
551,"2000",NA,"Unadjusted"
552,"2000",NA,"Unadjusted"
553,"2000",NA,"Unadjusted"
554,"2000",NA,"Unadjusted"
555,"2000",NA,"Unadjusted"
556,"2000",NA,"Unadjusted"
557,"2000",NA,"Unadjusted"
558,"2000",NA,"Unadjusted"
559,"2000",NA,"Unadjusted"
560,"2000",NA,"Unadjusted"
561,"2000",NA,"Unadjusted"
562,"2000",NA,"Unadjusted"
563,"2000",NA,"Unadjusted"
564,"2000",NA,"Unadjusted"
565,"2000",NA,"Unadjusted"
566,"2000",NA,"Unadjusted"
567,"2000",NA,"Unadjusted"
568,"2000",NA,"Unadjusted"
569,"2000",NA,"Unadjusted"
570,"2000",NA,"Unadjusted"
571,"2000",NA,"Unadjusted"
572,"2000",NA,"Unadjusted"
573,"2000",NA,"Unadjusted"
574,"2000",NA,"Unadjusted"
575,"2000",NA,"Unadjusted"
576,"2000",NA,"Unadjusted"
577,"2000",NA,"Unadjusted"
578,"2000",NA,"Unadjusted"
579,"2000",NA,"Unadjusted"
580,"2000",NA,"Unadjusted"
581,"2000",NA,"Unadjusted"
582,"2000",NA,"Unadjusted"
583,"2000",NA,"Unadjusted"
584,"2000",NA,"Unadjusted"
585,"2000",NA,"Unadjusted"
586,"2000",NA,"Unadjusted"
587,"2000",NA,"Unadjusted"
588,"2000",NA,"Unadjusted"
589,"2000",NA,"Unadjusted"
590,"2000",NA,"Unadjusted"
591,"2000",NA,"Unadjusted"
592,"2000",NA,"Unadjusted"
593,"2000",NA,"Unadjusted"
594,"2000",NA,"Unadjusted"
595,"2000",NA,"Unadjusted"
596,"2000",NA,"Unadjusted"
597,"2000",NA,"Unadjusted"
598,"2000",NA,"Unadjusted"
599,"2000",NA,"Unadjusted"
600,"2000",NA,"Unadjusted"
601,"2000",NA,"Unadjusted"
602,"2000",NA,"Unadjusted"
603,"2000",NA,"Unadjusted"
604,"2000",NA,"Unadjusted"
605,"2000",NA,"Unadjusted"
606,"2000",NA,"Unadjusted"
607,"2000",NA,"Unadjusted"
608,"2000",NA,"Unadjusted"
609,"2000",NA,"Unadjusted"
610,"2000",NA,"Unadjusted"
611,"2000",NA,"Unadjusted"
612,"2000",NA,"Unadjusted"
613,"2000",NA,"Unadjusted"
614,"2000",NA,"Unadjusted"
615,"2000",NA,"Unadjusted"
616,"2000",NA,"Unadjusted"
617,"2000",NA,"Unadjusted"
618,"2000",NA,"Unadjusted"
619,"2000",NA,"Unadjusted"
620,"2000",NA,"Unadjusted"
621,"2000",NA,"Unadjusted"
622,"2000",NA,"Unadjusted"
623,"2000",NA,"Unadjusted"
624,"2000",NA,"Unadjusted"
625,"2000",NA,"Unadjusted"
626,"2000",NA,"Unadjusted"
627,"2000",NA,"Unadjusted"
628,"2000",NA,"Unadjusted"
629,"2000",NA,"Unadjusted"
630,"2000",NA,"Unadjusted"
631,"2000",NA,"Unadjusted"
632,"2000",NA,"Unadjusted"
633,"2000",NA,"Unadjusted"
634,"2000",NA,"Unadjusted"
635,"2000",NA,"Unadjusted"
636,"2000",NA,"Unadjusted"
637,"2000",NA,"Unadjusted"
638,"2000",NA,"Unadjusted"
639,"2000",NA,"Unadjusted"
640,"2000",NA,"Unadjusted"
641,"2000",NA,"Unadjusted"
642,"2000",NA,"Unadjusted"
643,"2000",NA,"Unadjusted"
644,"2000",NA,"Unadjusted"
645,"2000",NA,"Unadjusted"
646,"2000",NA,"Unadjusted"
647,"2000",NA,"Unadjusted"
648,"2000",NA,"Unadjusted"
649,"2000",NA,"Unadjusted"
650,"2000",NA,"Unadjusted"
651,"2000",NA,"Unadjusted"
652,"2000",NA,"Unadjusted"
653,"2000",NA,"Unadjusted"
654,"2000",NA,"Unadjusted"
655,"2000",NA,"Unadjusted"
656,"2000",NA,"Unadjusted"
657,"2000",NA,"Unadjusted"
658,"2000",NA,"Unadjusted"
659,"2000",NA,"Unadjusted"
660,"2000",NA,"Unadjusted"
661,"2000",NA,"Unadjusted"
662,"2000",NA,"Unadjusted"
663,"2000",NA,"Unadjusted"
664,"2000",NA,"Unadjusted"
665,"2000",NA,"Unadjusted"
666,"2000",NA,"Unadjusted"
667,"2000",NA,"Unadjusted"
668,"2000",NA,"Unadjusted"
669,"2000",NA,"Unadjusted"
670,"2000",NA,"Unadjusted"
671,"2000",NA,"Unadjusted"
672,"2000",NA,"Unadjusted"
673,"2000",NA,"Unadjusted"
674,"2000",NA,"Unadjusted"
675,"2000",NA,"Unadjusted"
676,"2000",NA,"Unadjusted"
677,"2000",NA,"Unadjusted"
678,"2000",NA,"Unadjusted"
679,"2000",NA,"Unadjusted"
680,"2000",NA,"Unadjusted"
681,"2000",NA,"Unadjusted"
682,"2000",NA,"Unadjusted"
683,"2000",NA,"Unadjusted"
684,"2000",NA,"Unadjusted"
685,"2000",NA,"Unadjusted"
686,"2000",NA,"Unadjusted"
687,"2000",NA,"Unadjusted"
688,"2000",NA,"Unadjusted"
689,"2000",NA,"Unadjusted"
690,"2000",NA,"Unadjusted"
691,"2000",NA,"Unadjusted"
692,"2000",NA,"Unadjusted"
693,"2000",NA,"Unadjusted"
694,"2000",NA,"Unadjusted"
695,"2000",NA,"Unadjusted"
696,"2000",NA,"Unadjusted"
697,"2000",NA,"Unadjusted"
698,"2000",NA,"Unadjusted"
699,"2000",NA,"Unadjusted"
700,"2000",-24.4813668535478,"Unadjusted"
701,"2000",NA,"Unadjusted"
702,"2000",NA,"Unadjusted"
703,"2000",NA,"Unadjusted"
704,"2000",NA,"Unadjusted"
705,"2000",NA,"Unadjusted"
706,"2000",NA,"Unadjusted"
707,"2000",NA,"Unadjusted"
708,"2000",NA,"Unadjusted"
709,"2000",NA,"Unadjusted"
710,"2000",NA,"Unadjusted"
711,"2000",NA,"Unadjusted"
712,"2000",NA,"Unadjusted"
713,"2000",NA,"Unadjusted"
714,"2000",NA,"Unadjusted"
715,"2000",NA,"Unadjusted"
716,"2000",NA,"Unadjusted"
717,"2000",NA,"Unadjusted"
718,"2000",NA,"Unadjusted"
719,"2000",NA,"Unadjusted"
720,"2000",NA,"Unadjusted"
721,"2000",NA,"Unadjusted"
722,"2000",NA,"Unadjusted"
723,"2000",NA,"Unadjusted"
724,"2000",NA,"Unadjusted"
725,"2000",NA,"Unadjusted"
726,"2000",NA,"Unadjusted"
727,"2000",NA,"Unadjusted"
728,"2000",NA,"Unadjusted"
729,"2000",NA,"Unadjusted"
730,"2000",NA,"Unadjusted"
731,"2000",NA,"Unadjusted"
732,"2000",NA,"Unadjusted"
733,"2000",NA,"Unadjusted"
734,"2000",NA,"Unadjusted"
735,"2000",NA,"Unadjusted"
736,"2000",NA,"Unadjusted"
737,"2000",NA,"Unadjusted"
738,"2000",NA,"Unadjusted"
739,"2000",NA,"Unadjusted"
740,"2000",NA,"Unadjusted"
741,"2000",NA,"Unadjusted"
742,"2000",NA,"Unadjusted"
743,"2000",NA,"Unadjusted"
744,"2000",NA,"Unadjusted"
745,"2000",NA,"Unadjusted"
746,"2000",NA,"Unadjusted"
747,"2000",NA,"Unadjusted"
748,"2000",NA,"Unadjusted"
749,"2000",NA,"Unadjusted"
750,"2000",NA,"Unadjusted"
751,"2000",NA,"Unadjusted"
752,"2000",NA,"Unadjusted"
753,"2000",-19.1840390554947,"Unadjusted"
754,"2000",NA,"Unadjusted"
755,"2000",NA,"Unadjusted"
756,"2000",NA,"Unadjusted"
757,"2000",NA,"Unadjusted"
758,"2000",NA,"Unadjusted"
759,"2000",NA,"Unadjusted"
760,"2000",NA,"Unadjusted"
761,"2000",NA,"Unadjusted"
762,"2000",NA,"Unadjusted"
763,"2000",NA,"Unadjusted"
764,"2000",NA,"Unadjusted"
765,"2000",NA,"Unadjusted"
766,"2000",NA,"Unadjusted"
767,"2000",NA,"Unadjusted"
768,"2000",NA,"Unadjusted"
769,"2000",NA,"Unadjusted"
770,"2000",NA,"Unadjusted"
771,"2000",NA,"Unadjusted"
772,"2000",NA,"Unadjusted"
773,"2000",NA,"Unadjusted"
774,"2000",NA,"Unadjusted"
775,"2000",NA,"Unadjusted"
776,"2000",NA,"Unadjusted"
777,"2000",NA,"Unadjusted"
778,"2000",NA,"Unadjusted"
779,"2000",NA,"Unadjusted"
780,"2000",NA,"Unadjusted"
781,"2000",NA,"Unadjusted"
782,"2000",NA,"Unadjusted"
783,"2000",NA,"Unadjusted"
784,"2000",NA,"Unadjusted"
785,"2000",NA,"Unadjusted"
786,"2000",NA,"Unadjusted"
787,"2000",NA,"Unadjusted"
788,"2000",NA,"Unadjusted"
789,"2000",NA,"Unadjusted"
790,"2000",NA,"Unadjusted"
791,"2000",NA,"Unadjusted"
792,"2000",NA,"Unadjusted"
793,"2000",NA,"Unadjusted"
794,"2000",NA,"Unadjusted"
795,"2000",NA,"Unadjusted"
796,"2000",NA,"Unadjusted"
797,"2000",NA,"Unadjusted"
798,"2000",NA,"Unadjusted"
799,"2000",NA,"Unadjusted"
800,"2000",NA,"Unadjusted"
801,"2000",NA,"Unadjusted"
802,"2000",NA,"Unadjusted"
803,"2000",NA,"Unadjusted"
804,"2000",NA,"Unadjusted"
805,"2000",NA,"Unadjusted"
806,"2000",NA,"Unadjusted"
807,"2000",NA,"Unadjusted"
808,"2000",NA,"Unadjusted"
809,"2000",NA,"Unadjusted"
810,"2000",NA,"Unadjusted"
811,"2000",NA,"Unadjusted"
812,"2000",NA,"Unadjusted"
813,"2000",NA,"Unadjusted"
814,"2000",NA,"Unadjusted"
815,"2000",NA,"Unadjusted"
816,"2000",NA,"Unadjusted"
817,"2000",NA,"Unadjusted"
818,"2000",NA,"Unadjusted"
819,"2000",NA,"Unadjusted"
820,"2000",NA,"Unadjusted"
821,"2000",NA,"Unadjusted"
822,"2000",NA,"Unadjusted"
823,"2000",NA,"Unadjusted"
824,"2000",NA,"Unadjusted"
825,"2000",NA,"Unadjusted"
826,"2000",NA,"Unadjusted"
827,"2000",NA,"Unadjusted"
828,"2000",NA,"Unadjusted"
829,"2000",NA,"Unadjusted"
830,"2000",NA,"Unadjusted"
831,"2000",NA,"Unadjusted"
832,"2000",NA,"Unadjusted"
833,"2000",NA,"Unadjusted"
834,"2000",NA,"Unadjusted"
835,"2000",NA,"Unadjusted"
836,"2000",NA,"Unadjusted"
837,"2000",NA,"Unadjusted"
838,"2000",NA,"Unadjusted"
839,"2000",NA,"Unadjusted"
840,"2000",NA,"Unadjusted"
841,"2000",NA,"Unadjusted"
842,"2000",NA,"Unadjusted"
843,"2000",NA,"Unadjusted"
844,"2000",NA,"Unadjusted"
845,"2000",NA,"Unadjusted"
846,"2000",NA,"Unadjusted"
847,"2000",NA,"Unadjusted"
848,"2000",NA,"Unadjusted"
849,"2000",NA,"Unadjusted"
850,"2000",NA,"Unadjusted"
851,"2000",NA,"Unadjusted"
852,"2000",NA,"Unadjusted"
853,"2000",NA,"Unadjusted"
854,"2000",NA,"Unadjusted"
855,"2000",NA,"Unadjusted"
856,"2000",NA,"Unadjusted"
857,"2000",NA,"Unadjusted"
858,"2000",NA,"Unadjusted"
859,"2000",NA,"Unadjusted"
860,"2000",NA,"Unadjusted"
861,"2000",NA,"Unadjusted"
862,"2000",NA,"Unadjusted"
863,"2000",NA,"Unadjusted"
864,"2000",NA,"Unadjusted"
865,"2000",NA,"Unadjusted"
866,"2000",NA,"Unadjusted"
867,"2000",NA,"Unadjusted"
868,"2000",NA,"Unadjusted"
869,"2000",NA,"Unadjusted"
870,"2000",NA,"Unadjusted"
871,"2000",NA,"Unadjusted"
872,"2000",NA,"Unadjusted"
873,"2000",NA,"Unadjusted"
874,"2000",NA,"Unadjusted"
875,"2000",NA,"Unadjusted"
876,"2000",NA,"Unadjusted"
877,"2000",NA,"Unadjusted"
878,"2000",NA,"Unadjusted"
879,"2000",NA,"Unadjusted"
880,"2000",NA,"Unadjusted"
881,"2000",NA,"Unadjusted"
882,"2000",NA,"Unadjusted"
883,"2000",NA,"Unadjusted"
884,"2000",NA,"Unadjusted"
885,"2000",NA,"Unadjusted"
886,"2000",NA,"Unadjusted"
887,"2000",NA,"Unadjusted"
888,"2000",NA,"Unadjusted"
889,"2000",NA,"Unadjusted"
890,"2000",NA,"Unadjusted"
891,"2000",NA,"Unadjusted"
892,"2000",NA,"Unadjusted"
893,"2000",NA,"Unadjusted"
894,"2000",NA,"Unadjusted"
895,"2000",NA,"Unadjusted"
896,"2000",NA,"Unadjusted"
897,"2000",NA,"Unadjusted"
898,"2000",NA,"Unadjusted"
899,"2000",NA,"Unadjusted"
900,"2000",NA,"Unadjusted"
901,"2000",NA,"Unadjusted"
902,"2000",NA,"Unadjusted"
903,"2000",NA,"Unadjusted"
904,"2000",NA,"Unadjusted"
905,"2000",NA,"Unadjusted"
906,"2000",NA,"Unadjusted"
907,"2000",NA,"Unadjusted"
908,"2000",NA,"Unadjusted"
909,"2000",NA,"Unadjusted"
910,"2000",NA,"Unadjusted"
911,"2000",NA,"Unadjusted"
912,"2000",NA,"Unadjusted"
913,"2000",NA,"Unadjusted"
914,"2000",NA,"Unadjusted"
915,"2000",NA,"Unadjusted"
916,"2000",NA,"Unadjusted"
917,"2000",NA,"Unadjusted"
918,"2000",NA,"Unadjusted"
919,"2000",NA,"Unadjusted"
920,"2000",NA,"Unadjusted"
921,"2000",NA,"Unadjusted"
922,"2000",NA,"Unadjusted"
923,"2000",NA,"Unadjusted"
924,"2000",NA,"Unadjusted"
925,"2000",NA,"Unadjusted"
926,"2000",NA,"Unadjusted"
927,"2000",NA,"Unadjusted"
928,"2000",NA,"Unadjusted"
929,"2000",NA,"Unadjusted"
930,"2000",NA,"Unadjusted"
931,"2000",NA,"Unadjusted"
932,"2000",NA,"Unadjusted"
933,"2000",NA,"Unadjusted"
934,"2000",NA,"Unadjusted"
935,"2000",NA,"Unadjusted"
936,"2000",NA,"Unadjusted"
937,"2000",NA,"Unadjusted"
938,"2000",NA,"Unadjusted"
939,"2000",NA,"Unadjusted"
940,"2000",NA,"Unadjusted"
941,"2000",NA,"Unadjusted"
942,"2000",NA,"Unadjusted"
943,"2000",NA,"Unadjusted"
944,"2000",NA,"Unadjusted"
945,"2000",NA,"Unadjusted"
946,"2000",NA,"Unadjusted"
947,"2000",NA,"Unadjusted"
948,"2000",NA,"Unadjusted"
949,"2000",NA,"Unadjusted"
950,"2000",NA,"Unadjusted"
951,"2000",NA,"Unadjusted"
952,"2000",NA,"Unadjusted"
953,"2000",NA,"Unadjusted"
954,"2000",NA,"Unadjusted"
955,"2000",NA,"Unadjusted"
956,"2000",NA,"Unadjusted"
957,"2000",NA,"Unadjusted"
958,"2000",NA,"Unadjusted"
959,"2000",NA,"Unadjusted"
960,"2000",NA,"Unadjusted"
961,"2000",NA,"Unadjusted"
962,"2000",NA,"Unadjusted"
963,"2000",NA,"Unadjusted"
964,"2000",NA,"Unadjusted"
965,"2000",NA,"Unadjusted"
966,"2000",NA,"Unadjusted"
967,"2000",NA,"Unadjusted"
968,"2000",NA,"Unadjusted"
969,"2000",NA,"Unadjusted"
970,"2000",NA,"Unadjusted"
971,"2000",NA,"Unadjusted"
972,"2000",NA,"Unadjusted"
973,"2000",NA,"Unadjusted"
974,"2000",NA,"Unadjusted"
975,"2000",NA,"Unadjusted"
976,"2000",NA,"Unadjusted"
977,"2000",NA,"Unadjusted"
978,"2000",NA,"Unadjusted"
979,"2000",NA,"Unadjusted"
980,"2000",NA,"Unadjusted"
981,"2000",NA,"Unadjusted"
982,"2000",NA,"Unadjusted"
983,"2000",NA,"Unadjusted"
984,"2000",NA,"Unadjusted"
985,"2000",NA,"Unadjusted"
986,"2000",NA,"Unadjusted"
987,"2000",NA,"Unadjusted"
988,"2000",NA,"Unadjusted"
989,"2000",NA,"Unadjusted"
990,"2000",NA,"Unadjusted"
991,"2000",NA,"Unadjusted"
992,"2000",NA,"Unadjusted"
993,"2000",NA,"Unadjusted"
994,"2000",NA,"Unadjusted"
995,"2000",NA,"Unadjusted"
996,"2000",NA,"Unadjusted"
997,"2000",NA,"Unadjusted"
998,"2000",NA,"Unadjusted"
999,"2000",NA,"Unadjusted"
1000,"2000",NA,"Unadjusted"
1,"4000",NA,"Unadjusted"
2,"4000",NA,"Unadjusted"
3,"4000",NA,"Unadjusted"
4,"4000",NA,"Unadjusted"
5,"4000",NA,"Unadjusted"
6,"4000",NA,"Unadjusted"
7,"4000",NA,"Unadjusted"
8,"4000",NA,"Unadjusted"
9,"4000",NA,"Unadjusted"
10,"4000",NA,"Unadjusted"
11,"4000",NA,"Unadjusted"
12,"4000",NA,"Unadjusted"
13,"4000",NA,"Unadjusted"
14,"4000",NA,"Unadjusted"
15,"4000",NA,"Unadjusted"
16,"4000",NA,"Unadjusted"
17,"4000",NA,"Unadjusted"
18,"4000",NA,"Unadjusted"
19,"4000",NA,"Unadjusted"
20,"4000",NA,"Unadjusted"
21,"4000",NA,"Unadjusted"
22,"4000",NA,"Unadjusted"
23,"4000",NA,"Unadjusted"
24,"4000",NA,"Unadjusted"
25,"4000",NA,"Unadjusted"
26,"4000",NA,"Unadjusted"
27,"4000",NA,"Unadjusted"
28,"4000",NA,"Unadjusted"
29,"4000",NA,"Unadjusted"
30,"4000",NA,"Unadjusted"
31,"4000",NA,"Unadjusted"
32,"4000",NA,"Unadjusted"
33,"4000",NA,"Unadjusted"
34,"4000",NA,"Unadjusted"
35,"4000",NA,"Unadjusted"
36,"4000",NA,"Unadjusted"
37,"4000",NA,"Unadjusted"
38,"4000",NA,"Unadjusted"
39,"4000",NA,"Unadjusted"
40,"4000",NA,"Unadjusted"
41,"4000",NA,"Unadjusted"
42,"4000",NA,"Unadjusted"
43,"4000",NA,"Unadjusted"
44,"4000",NA,"Unadjusted"
45,"4000",NA,"Unadjusted"
46,"4000",NA,"Unadjusted"
47,"4000",NA,"Unadjusted"
48,"4000",NA,"Unadjusted"
49,"4000",NA,"Unadjusted"
50,"4000",NA,"Unadjusted"
51,"4000",NA,"Unadjusted"
52,"4000",NA,"Unadjusted"
53,"4000",NA,"Unadjusted"
54,"4000",NA,"Unadjusted"
55,"4000",NA,"Unadjusted"
56,"4000",NA,"Unadjusted"
57,"4000",NA,"Unadjusted"
58,"4000",NA,"Unadjusted"
59,"4000",NA,"Unadjusted"
60,"4000",NA,"Unadjusted"
61,"4000",NA,"Unadjusted"
62,"4000",NA,"Unadjusted"
63,"4000",NA,"Unadjusted"
64,"4000",NA,"Unadjusted"
65,"4000",NA,"Unadjusted"
66,"4000",NA,"Unadjusted"
67,"4000",NA,"Unadjusted"
68,"4000",NA,"Unadjusted"
69,"4000",NA,"Unadjusted"
70,"4000",NA,"Unadjusted"
71,"4000",NA,"Unadjusted"
72,"4000",NA,"Unadjusted"
73,"4000",NA,"Unadjusted"
74,"4000",NA,"Unadjusted"
75,"4000",NA,"Unadjusted"
76,"4000",NA,"Unadjusted"
77,"4000",NA,"Unadjusted"
78,"4000",NA,"Unadjusted"
79,"4000",NA,"Unadjusted"
80,"4000",NA,"Unadjusted"
81,"4000",NA,"Unadjusted"
82,"4000",NA,"Unadjusted"
83,"4000",NA,"Unadjusted"
84,"4000",NA,"Unadjusted"
85,"4000",NA,"Unadjusted"
86,"4000",NA,"Unadjusted"
87,"4000",NA,"Unadjusted"
88,"4000",NA,"Unadjusted"
89,"4000",NA,"Unadjusted"
90,"4000",NA,"Unadjusted"
91,"4000",NA,"Unadjusted"
92,"4000",NA,"Unadjusted"
93,"4000",NA,"Unadjusted"
94,"4000",NA,"Unadjusted"
95,"4000",NA,"Unadjusted"
96,"4000",NA,"Unadjusted"
97,"4000",NA,"Unadjusted"
98,"4000",NA,"Unadjusted"
99,"4000",NA,"Unadjusted"
100,"4000",NA,"Unadjusted"
101,"4000",NA,"Unadjusted"
102,"4000",NA,"Unadjusted"
103,"4000",NA,"Unadjusted"
104,"4000",NA,"Unadjusted"
105,"4000",NA,"Unadjusted"
106,"4000",NA,"Unadjusted"
107,"4000",NA,"Unadjusted"
108,"4000",NA,"Unadjusted"
109,"4000",NA,"Unadjusted"
110,"4000",NA,"Unadjusted"
111,"4000",NA,"Unadjusted"
112,"4000",NA,"Unadjusted"
113,"4000",NA,"Unadjusted"
114,"4000",NA,"Unadjusted"
115,"4000",NA,"Unadjusted"
116,"4000",NA,"Unadjusted"
117,"4000",NA,"Unadjusted"
118,"4000",NA,"Unadjusted"
119,"4000",NA,"Unadjusted"
120,"4000",NA,"Unadjusted"
121,"4000",NA,"Unadjusted"
122,"4000",NA,"Unadjusted"
123,"4000",NA,"Unadjusted"
124,"4000",NA,"Unadjusted"
125,"4000",NA,"Unadjusted"
126,"4000",NA,"Unadjusted"
127,"4000",NA,"Unadjusted"
128,"4000",NA,"Unadjusted"
129,"4000",NA,"Unadjusted"
130,"4000",NA,"Unadjusted"
131,"4000",NA,"Unadjusted"
132,"4000",NA,"Unadjusted"
133,"4000",NA,"Unadjusted"
134,"4000",NA,"Unadjusted"
135,"4000",NA,"Unadjusted"
136,"4000",NA,"Unadjusted"
137,"4000",NA,"Unadjusted"
138,"4000",NA,"Unadjusted"
139,"4000",NA,"Unadjusted"
140,"4000",NA,"Unadjusted"
141,"4000",NA,"Unadjusted"
142,"4000",NA,"Unadjusted"
143,"4000",NA,"Unadjusted"
144,"4000",-19.4671683184469,"Unadjusted"
145,"4000",NA,"Unadjusted"
146,"4000",NA,"Unadjusted"
147,"4000",NA,"Unadjusted"
148,"4000",NA,"Unadjusted"
149,"4000",NA,"Unadjusted"
150,"4000",NA,"Unadjusted"
151,"4000",NA,"Unadjusted"
152,"4000",NA,"Unadjusted"
153,"4000",NA,"Unadjusted"
154,"4000",NA,"Unadjusted"
155,"4000",NA,"Unadjusted"
156,"4000",NA,"Unadjusted"
157,"4000",NA,"Unadjusted"
158,"4000",NA,"Unadjusted"
159,"4000",NA,"Unadjusted"
160,"4000",NA,"Unadjusted"
161,"4000",NA,"Unadjusted"
162,"4000",NA,"Unadjusted"
163,"4000",NA,"Unadjusted"
164,"4000",NA,"Unadjusted"
165,"4000",NA,"Unadjusted"
166,"4000",NA,"Unadjusted"
167,"4000",NA,"Unadjusted"
168,"4000",NA,"Unadjusted"
169,"4000",NA,"Unadjusted"
170,"4000",NA,"Unadjusted"
171,"4000",NA,"Unadjusted"
172,"4000",NA,"Unadjusted"
173,"4000",NA,"Unadjusted"
174,"4000",NA,"Unadjusted"
175,"4000",NA,"Unadjusted"
176,"4000",NA,"Unadjusted"
177,"4000",NA,"Unadjusted"
178,"4000",NA,"Unadjusted"
179,"4000",NA,"Unadjusted"
180,"4000",NA,"Unadjusted"
181,"4000",NA,"Unadjusted"
182,"4000",NA,"Unadjusted"
183,"4000",NA,"Unadjusted"
184,"4000",NA,"Unadjusted"
185,"4000",NA,"Unadjusted"
186,"4000",NA,"Unadjusted"
187,"4000",NA,"Unadjusted"
188,"4000",NA,"Unadjusted"
189,"4000",NA,"Unadjusted"
190,"4000",NA,"Unadjusted"
191,"4000",NA,"Unadjusted"
192,"4000",NA,"Unadjusted"
193,"4000",NA,"Unadjusted"
194,"4000",NA,"Unadjusted"
195,"4000",NA,"Unadjusted"
196,"4000",NA,"Unadjusted"
197,"4000",NA,"Unadjusted"
198,"4000",NA,"Unadjusted"
199,"4000",NA,"Unadjusted"
200,"4000",NA,"Unadjusted"
201,"4000",NA,"Unadjusted"
202,"4000",NA,"Unadjusted"
203,"4000",NA,"Unadjusted"
204,"4000",NA,"Unadjusted"
205,"4000",NA,"Unadjusted"
206,"4000",NA,"Unadjusted"
207,"4000",NA,"Unadjusted"
208,"4000",NA,"Unadjusted"
209,"4000",NA,"Unadjusted"
210,"4000",NA,"Unadjusted"
211,"4000",NA,"Unadjusted"
212,"4000",NA,"Unadjusted"
213,"4000",NA,"Unadjusted"
214,"4000",NA,"Unadjusted"
215,"4000",NA,"Unadjusted"
216,"4000",NA,"Unadjusted"
217,"4000",NA,"Unadjusted"
218,"4000",NA,"Unadjusted"
219,"4000",NA,"Unadjusted"
220,"4000",NA,"Unadjusted"
221,"4000",NA,"Unadjusted"
222,"4000",NA,"Unadjusted"
223,"4000",NA,"Unadjusted"
224,"4000",NA,"Unadjusted"
225,"4000",NA,"Unadjusted"
226,"4000",NA,"Unadjusted"
227,"4000",NA,"Unadjusted"
228,"4000",NA,"Unadjusted"
229,"4000",NA,"Unadjusted"
230,"4000",NA,"Unadjusted"
231,"4000",NA,"Unadjusted"
232,"4000",NA,"Unadjusted"
233,"4000",NA,"Unadjusted"
234,"4000",NA,"Unadjusted"
235,"4000",NA,"Unadjusted"
236,"4000",NA,"Unadjusted"
237,"4000",NA,"Unadjusted"
238,"4000",NA,"Unadjusted"
239,"4000",NA,"Unadjusted"
240,"4000",NA,"Unadjusted"
241,"4000",NA,"Unadjusted"
242,"4000",NA,"Unadjusted"
243,"4000",NA,"Unadjusted"
244,"4000",NA,"Unadjusted"
245,"4000",NA,"Unadjusted"
246,"4000",NA,"Unadjusted"
247,"4000",NA,"Unadjusted"
248,"4000",NA,"Unadjusted"
249,"4000",NA,"Unadjusted"
250,"4000",NA,"Unadjusted"
251,"4000",NA,"Unadjusted"
252,"4000",NA,"Unadjusted"
253,"4000",NA,"Unadjusted"
254,"4000",NA,"Unadjusted"
255,"4000",NA,"Unadjusted"
256,"4000",NA,"Unadjusted"
257,"4000",NA,"Unadjusted"
258,"4000",NA,"Unadjusted"
259,"4000",NA,"Unadjusted"
260,"4000",NA,"Unadjusted"
261,"4000",NA,"Unadjusted"
262,"4000",NA,"Unadjusted"
263,"4000",NA,"Unadjusted"
264,"4000",NA,"Unadjusted"
265,"4000",NA,"Unadjusted"
266,"4000",NA,"Unadjusted"
267,"4000",NA,"Unadjusted"
268,"4000",NA,"Unadjusted"
269,"4000",NA,"Unadjusted"
270,"4000",NA,"Unadjusted"
271,"4000",NA,"Unadjusted"
272,"4000",NA,"Unadjusted"
273,"4000",NA,"Unadjusted"
274,"4000",NA,"Unadjusted"
275,"4000",NA,"Unadjusted"
276,"4000",NA,"Unadjusted"
277,"4000",NA,"Unadjusted"
278,"4000",NA,"Unadjusted"
279,"4000",NA,"Unadjusted"
280,"4000",NA,"Unadjusted"
281,"4000",NA,"Unadjusted"
282,"4000",NA,"Unadjusted"
283,"4000",NA,"Unadjusted"
284,"4000",NA,"Unadjusted"
285,"4000",NA,"Unadjusted"
286,"4000",NA,"Unadjusted"
287,"4000",NA,"Unadjusted"
288,"4000",NA,"Unadjusted"
289,"4000",NA,"Unadjusted"
290,"4000",NA,"Unadjusted"
291,"4000",NA,"Unadjusted"
292,"4000",NA,"Unadjusted"
293,"4000",NA,"Unadjusted"
294,"4000",NA,"Unadjusted"
295,"4000",NA,"Unadjusted"
296,"4000",NA,"Unadjusted"
297,"4000",NA,"Unadjusted"
298,"4000",NA,"Unadjusted"
299,"4000",NA,"Unadjusted"
300,"4000",NA,"Unadjusted"
301,"4000",NA,"Unadjusted"
302,"4000",NA,"Unadjusted"
303,"4000",NA,"Unadjusted"
304,"4000",NA,"Unadjusted"
305,"4000",NA,"Unadjusted"
306,"4000",NA,"Unadjusted"
307,"4000",NA,"Unadjusted"
308,"4000",NA,"Unadjusted"
309,"4000",NA,"Unadjusted"
310,"4000",NA,"Unadjusted"
311,"4000",NA,"Unadjusted"
312,"4000",NA,"Unadjusted"
313,"4000",NA,"Unadjusted"
314,"4000",NA,"Unadjusted"
315,"4000",NA,"Unadjusted"
316,"4000",NA,"Unadjusted"
317,"4000",NA,"Unadjusted"
318,"4000",NA,"Unadjusted"
319,"4000",NA,"Unadjusted"
320,"4000",NA,"Unadjusted"
321,"4000",NA,"Unadjusted"
322,"4000",NA,"Unadjusted"
323,"4000",NA,"Unadjusted"
324,"4000",NA,"Unadjusted"
325,"4000",NA,"Unadjusted"
326,"4000",NA,"Unadjusted"
327,"4000",NA,"Unadjusted"
328,"4000",NA,"Unadjusted"
329,"4000",NA,"Unadjusted"
330,"4000",NA,"Unadjusted"
331,"4000",NA,"Unadjusted"
332,"4000",NA,"Unadjusted"
333,"4000",NA,"Unadjusted"
334,"4000",NA,"Unadjusted"
335,"4000",NA,"Unadjusted"
336,"4000",NA,"Unadjusted"
337,"4000",NA,"Unadjusted"
338,"4000",NA,"Unadjusted"
339,"4000",NA,"Unadjusted"
340,"4000",NA,"Unadjusted"
341,"4000",NA,"Unadjusted"
342,"4000",NA,"Unadjusted"
343,"4000",NA,"Unadjusted"
344,"4000",NA,"Unadjusted"
345,"4000",NA,"Unadjusted"
346,"4000",NA,"Unadjusted"
347,"4000",NA,"Unadjusted"
348,"4000",NA,"Unadjusted"
349,"4000",NA,"Unadjusted"
350,"4000",NA,"Unadjusted"
351,"4000",NA,"Unadjusted"
352,"4000",NA,"Unadjusted"
353,"4000",NA,"Unadjusted"
354,"4000",NA,"Unadjusted"
355,"4000",NA,"Unadjusted"
356,"4000",NA,"Unadjusted"
357,"4000",NA,"Unadjusted"
358,"4000",NA,"Unadjusted"
359,"4000",NA,"Unadjusted"
360,"4000",NA,"Unadjusted"
361,"4000",NA,"Unadjusted"
362,"4000",NA,"Unadjusted"
363,"4000",NA,"Unadjusted"
364,"4000",NA,"Unadjusted"
365,"4000",NA,"Unadjusted"
366,"4000",NA,"Unadjusted"
367,"4000",NA,"Unadjusted"
368,"4000",NA,"Unadjusted"
369,"4000",NA,"Unadjusted"
370,"4000",NA,"Unadjusted"
371,"4000",NA,"Unadjusted"
372,"4000",NA,"Unadjusted"
373,"4000",NA,"Unadjusted"
374,"4000",NA,"Unadjusted"
375,"4000",NA,"Unadjusted"
376,"4000",NA,"Unadjusted"
377,"4000",NA,"Unadjusted"
378,"4000",NA,"Unadjusted"
379,"4000",NA,"Unadjusted"
380,"4000",NA,"Unadjusted"
381,"4000",NA,"Unadjusted"
382,"4000",NA,"Unadjusted"
383,"4000",NA,"Unadjusted"
384,"4000",NA,"Unadjusted"
385,"4000",NA,"Unadjusted"
386,"4000",NA,"Unadjusted"
387,"4000",NA,"Unadjusted"
388,"4000",NA,"Unadjusted"
389,"4000",NA,"Unadjusted"
390,"4000",NA,"Unadjusted"
391,"4000",NA,"Unadjusted"
392,"4000",NA,"Unadjusted"
393,"4000",NA,"Unadjusted"
394,"4000",NA,"Unadjusted"
395,"4000",NA,"Unadjusted"
396,"4000",NA,"Unadjusted"
397,"4000",NA,"Unadjusted"
398,"4000",NA,"Unadjusted"
399,"4000",NA,"Unadjusted"
400,"4000",NA,"Unadjusted"
401,"4000",NA,"Unadjusted"
402,"4000",NA,"Unadjusted"
403,"4000",NA,"Unadjusted"
404,"4000",NA,"Unadjusted"
405,"4000",NA,"Unadjusted"
406,"4000",NA,"Unadjusted"
407,"4000",NA,"Unadjusted"
408,"4000",NA,"Unadjusted"
409,"4000",NA,"Unadjusted"
410,"4000",NA,"Unadjusted"
411,"4000",NA,"Unadjusted"
412,"4000",NA,"Unadjusted"
413,"4000",NA,"Unadjusted"
414,"4000",NA,"Unadjusted"
415,"4000",NA,"Unadjusted"
416,"4000",NA,"Unadjusted"
417,"4000",NA,"Unadjusted"
418,"4000",NA,"Unadjusted"
419,"4000",NA,"Unadjusted"
420,"4000",NA,"Unadjusted"
421,"4000",NA,"Unadjusted"
422,"4000",NA,"Unadjusted"
423,"4000",NA,"Unadjusted"
424,"4000",NA,"Unadjusted"
425,"4000",NA,"Unadjusted"
426,"4000",NA,"Unadjusted"
427,"4000",NA,"Unadjusted"
428,"4000",NA,"Unadjusted"
429,"4000",NA,"Unadjusted"
430,"4000",NA,"Unadjusted"
431,"4000",NA,"Unadjusted"
432,"4000",NA,"Unadjusted"
433,"4000",NA,"Unadjusted"
434,"4000",NA,"Unadjusted"
435,"4000",NA,"Unadjusted"
436,"4000",NA,"Unadjusted"
437,"4000",NA,"Unadjusted"
438,"4000",NA,"Unadjusted"
439,"4000",NA,"Unadjusted"
440,"4000",NA,"Unadjusted"
441,"4000",NA,"Unadjusted"
442,"4000",NA,"Unadjusted"
443,"4000",NA,"Unadjusted"
444,"4000",NA,"Unadjusted"
445,"4000",NA,"Unadjusted"
446,"4000",NA,"Unadjusted"
447,"4000",NA,"Unadjusted"
448,"4000",NA,"Unadjusted"
449,"4000",NA,"Unadjusted"
450,"4000",NA,"Unadjusted"
451,"4000",NA,"Unadjusted"
452,"4000",NA,"Unadjusted"
453,"4000",NA,"Unadjusted"
454,"4000",NA,"Unadjusted"
455,"4000",NA,"Unadjusted"
456,"4000",NA,"Unadjusted"
457,"4000",NA,"Unadjusted"
458,"4000",NA,"Unadjusted"
459,"4000",NA,"Unadjusted"
460,"4000",NA,"Unadjusted"
461,"4000",NA,"Unadjusted"
462,"4000",NA,"Unadjusted"
463,"4000",NA,"Unadjusted"
464,"4000",NA,"Unadjusted"
465,"4000",NA,"Unadjusted"
466,"4000",NA,"Unadjusted"
467,"4000",NA,"Unadjusted"
468,"4000",NA,"Unadjusted"
469,"4000",NA,"Unadjusted"
470,"4000",NA,"Unadjusted"
471,"4000",NA,"Unadjusted"
472,"4000",NA,"Unadjusted"
473,"4000",NA,"Unadjusted"
474,"4000",NA,"Unadjusted"
475,"4000",NA,"Unadjusted"
476,"4000",NA,"Unadjusted"
477,"4000",NA,"Unadjusted"
478,"4000",NA,"Unadjusted"
479,"4000",NA,"Unadjusted"
480,"4000",NA,"Unadjusted"
481,"4000",NA,"Unadjusted"
482,"4000",NA,"Unadjusted"
483,"4000",NA,"Unadjusted"
484,"4000",NA,"Unadjusted"
485,"4000",NA,"Unadjusted"
486,"4000",NA,"Unadjusted"
487,"4000",NA,"Unadjusted"
488,"4000",NA,"Unadjusted"
489,"4000",NA,"Unadjusted"
490,"4000",NA,"Unadjusted"
491,"4000",NA,"Unadjusted"
492,"4000",NA,"Unadjusted"
493,"4000",NA,"Unadjusted"
494,"4000",NA,"Unadjusted"
495,"4000",NA,"Unadjusted"
496,"4000",NA,"Unadjusted"
497,"4000",NA,"Unadjusted"
498,"4000",NA,"Unadjusted"
499,"4000",NA,"Unadjusted"
500,"4000",NA,"Unadjusted"
501,"4000",NA,"Unadjusted"
502,"4000",NA,"Unadjusted"
503,"4000",NA,"Unadjusted"
504,"4000",NA,"Unadjusted"
505,"4000",NA,"Unadjusted"
506,"4000",NA,"Unadjusted"
507,"4000",NA,"Unadjusted"
508,"4000",NA,"Unadjusted"
509,"4000",NA,"Unadjusted"
510,"4000",NA,"Unadjusted"
511,"4000",NA,"Unadjusted"
512,"4000",NA,"Unadjusted"
513,"4000",NA,"Unadjusted"
514,"4000",NA,"Unadjusted"
515,"4000",NA,"Unadjusted"
516,"4000",NA,"Unadjusted"
517,"4000",NA,"Unadjusted"
518,"4000",NA,"Unadjusted"
519,"4000",NA,"Unadjusted"
520,"4000",NA,"Unadjusted"
521,"4000",NA,"Unadjusted"
522,"4000",NA,"Unadjusted"
523,"4000",NA,"Unadjusted"
524,"4000",NA,"Unadjusted"
525,"4000",NA,"Unadjusted"
526,"4000",NA,"Unadjusted"
527,"4000",NA,"Unadjusted"
528,"4000",NA,"Unadjusted"
529,"4000",NA,"Unadjusted"
530,"4000",NA,"Unadjusted"
531,"4000",NA,"Unadjusted"
532,"4000",NA,"Unadjusted"
533,"4000",NA,"Unadjusted"
534,"4000",NA,"Unadjusted"
535,"4000",NA,"Unadjusted"
536,"4000",NA,"Unadjusted"
537,"4000",NA,"Unadjusted"
538,"4000",NA,"Unadjusted"
539,"4000",NA,"Unadjusted"
540,"4000",NA,"Unadjusted"
541,"4000",NA,"Unadjusted"
542,"4000",NA,"Unadjusted"
543,"4000",NA,"Unadjusted"
544,"4000",NA,"Unadjusted"
545,"4000",NA,"Unadjusted"
546,"4000",NA,"Unadjusted"
547,"4000",NA,"Unadjusted"
548,"4000",NA,"Unadjusted"
549,"4000",NA,"Unadjusted"
550,"4000",NA,"Unadjusted"
551,"4000",NA,"Unadjusted"
552,"4000",NA,"Unadjusted"
553,"4000",NA,"Unadjusted"
554,"4000",NA,"Unadjusted"
555,"4000",NA,"Unadjusted"
556,"4000",NA,"Unadjusted"
557,"4000",NA,"Unadjusted"
558,"4000",NA,"Unadjusted"
559,"4000",NA,"Unadjusted"
560,"4000",NA,"Unadjusted"
561,"4000",NA,"Unadjusted"
562,"4000",NA,"Unadjusted"
563,"4000",NA,"Unadjusted"
564,"4000",NA,"Unadjusted"
565,"4000",NA,"Unadjusted"
566,"4000",NA,"Unadjusted"
567,"4000",NA,"Unadjusted"
568,"4000",NA,"Unadjusted"
569,"4000",NA,"Unadjusted"
570,"4000",NA,"Unadjusted"
571,"4000",NA,"Unadjusted"
572,"4000",NA,"Unadjusted"
573,"4000",NA,"Unadjusted"
574,"4000",NA,"Unadjusted"
575,"4000",NA,"Unadjusted"
576,"4000",NA,"Unadjusted"
577,"4000",NA,"Unadjusted"
578,"4000",NA,"Unadjusted"
579,"4000",NA,"Unadjusted"
580,"4000",NA,"Unadjusted"
581,"4000",NA,"Unadjusted"
582,"4000",NA,"Unadjusted"
583,"4000",NA,"Unadjusted"
584,"4000",NA,"Unadjusted"
585,"4000",NA,"Unadjusted"
586,"4000",NA,"Unadjusted"
587,"4000",NA,"Unadjusted"
588,"4000",NA,"Unadjusted"
589,"4000",NA,"Unadjusted"
590,"4000",NA,"Unadjusted"
591,"4000",NA,"Unadjusted"
592,"4000",NA,"Unadjusted"
593,"4000",NA,"Unadjusted"
594,"4000",NA,"Unadjusted"
595,"4000",NA,"Unadjusted"
596,"4000",NA,"Unadjusted"
597,"4000",NA,"Unadjusted"
598,"4000",NA,"Unadjusted"
599,"4000",NA,"Unadjusted"
600,"4000",NA,"Unadjusted"
601,"4000",NA,"Unadjusted"
602,"4000",NA,"Unadjusted"
603,"4000",NA,"Unadjusted"
604,"4000",NA,"Unadjusted"
605,"4000",NA,"Unadjusted"
606,"4000",NA,"Unadjusted"
607,"4000",NA,"Unadjusted"
608,"4000",NA,"Unadjusted"
609,"4000",NA,"Unadjusted"
610,"4000",NA,"Unadjusted"
611,"4000",NA,"Unadjusted"
612,"4000",NA,"Unadjusted"
613,"4000",NA,"Unadjusted"
614,"4000",NA,"Unadjusted"
615,"4000",NA,"Unadjusted"
616,"4000",NA,"Unadjusted"
617,"4000",NA,"Unadjusted"
618,"4000",NA,"Unadjusted"
619,"4000",NA,"Unadjusted"
620,"4000",NA,"Unadjusted"
621,"4000",NA,"Unadjusted"
622,"4000",NA,"Unadjusted"
623,"4000",NA,"Unadjusted"
624,"4000",NA,"Unadjusted"
625,"4000",NA,"Unadjusted"
626,"4000",NA,"Unadjusted"
627,"4000",NA,"Unadjusted"
628,"4000",NA,"Unadjusted"
629,"4000",NA,"Unadjusted"
630,"4000",NA,"Unadjusted"
631,"4000",NA,"Unadjusted"
632,"4000",NA,"Unadjusted"
633,"4000",NA,"Unadjusted"
634,"4000",NA,"Unadjusted"
635,"4000",NA,"Unadjusted"
636,"4000",NA,"Unadjusted"
637,"4000",NA,"Unadjusted"
638,"4000",NA,"Unadjusted"
639,"4000",NA,"Unadjusted"
640,"4000",NA,"Unadjusted"
641,"4000",NA,"Unadjusted"
642,"4000",NA,"Unadjusted"
643,"4000",NA,"Unadjusted"
644,"4000",NA,"Unadjusted"
645,"4000",NA,"Unadjusted"
646,"4000",NA,"Unadjusted"
647,"4000",NA,"Unadjusted"
648,"4000",NA,"Unadjusted"
649,"4000",NA,"Unadjusted"
650,"4000",NA,"Unadjusted"
651,"4000",NA,"Unadjusted"
652,"4000",NA,"Unadjusted"
653,"4000",NA,"Unadjusted"
654,"4000",NA,"Unadjusted"
655,"4000",NA,"Unadjusted"
656,"4000",NA,"Unadjusted"
657,"4000",NA,"Unadjusted"
658,"4000",NA,"Unadjusted"
659,"4000",NA,"Unadjusted"
660,"4000",NA,"Unadjusted"
661,"4000",NA,"Unadjusted"
662,"4000",NA,"Unadjusted"
663,"4000",NA,"Unadjusted"
664,"4000",NA,"Unadjusted"
665,"4000",NA,"Unadjusted"
666,"4000",NA,"Unadjusted"
667,"4000",NA,"Unadjusted"
668,"4000",NA,"Unadjusted"
669,"4000",NA,"Unadjusted"
670,"4000",NA,"Unadjusted"
671,"4000",NA,"Unadjusted"
672,"4000",NA,"Unadjusted"
673,"4000",NA,"Unadjusted"
674,"4000",NA,"Unadjusted"
675,"4000",NA,"Unadjusted"
676,"4000",NA,"Unadjusted"
677,"4000",NA,"Unadjusted"
678,"4000",NA,"Unadjusted"
679,"4000",NA,"Unadjusted"
680,"4000",NA,"Unadjusted"
681,"4000",NA,"Unadjusted"
682,"4000",NA,"Unadjusted"
683,"4000",NA,"Unadjusted"
684,"4000",NA,"Unadjusted"
685,"4000",NA,"Unadjusted"
686,"4000",NA,"Unadjusted"
687,"4000",NA,"Unadjusted"
688,"4000",NA,"Unadjusted"
689,"4000",NA,"Unadjusted"
690,"4000",NA,"Unadjusted"
691,"4000",NA,"Unadjusted"
692,"4000",NA,"Unadjusted"
693,"4000",NA,"Unadjusted"
694,"4000",NA,"Unadjusted"
695,"4000",NA,"Unadjusted"
696,"4000",NA,"Unadjusted"
697,"4000",NA,"Unadjusted"
698,"4000",NA,"Unadjusted"
699,"4000",NA,"Unadjusted"
700,"4000",NA,"Unadjusted"
701,"4000",NA,"Unadjusted"
702,"4000",NA,"Unadjusted"
703,"4000",NA,"Unadjusted"
704,"4000",NA,"Unadjusted"
705,"4000",NA,"Unadjusted"
706,"4000",NA,"Unadjusted"
707,"4000",NA,"Unadjusted"
708,"4000",NA,"Unadjusted"
709,"4000",NA,"Unadjusted"
710,"4000",NA,"Unadjusted"
711,"4000",NA,"Unadjusted"
712,"4000",NA,"Unadjusted"
713,"4000",NA,"Unadjusted"
714,"4000",NA,"Unadjusted"
715,"4000",NA,"Unadjusted"
716,"4000",NA,"Unadjusted"
717,"4000",NA,"Unadjusted"
718,"4000",NA,"Unadjusted"
719,"4000",NA,"Unadjusted"
720,"4000",NA,"Unadjusted"
721,"4000",NA,"Unadjusted"
722,"4000",NA,"Unadjusted"
723,"4000",NA,"Unadjusted"
724,"4000",NA,"Unadjusted"
725,"4000",NA,"Unadjusted"
726,"4000",NA,"Unadjusted"
727,"4000",NA,"Unadjusted"
728,"4000",NA,"Unadjusted"
729,"4000",NA,"Unadjusted"
730,"4000",NA,"Unadjusted"
731,"4000",NA,"Unadjusted"
732,"4000",NA,"Unadjusted"
733,"4000",NA,"Unadjusted"
734,"4000",NA,"Unadjusted"
735,"4000",NA,"Unadjusted"
736,"4000",NA,"Unadjusted"
737,"4000",NA,"Unadjusted"
738,"4000",NA,"Unadjusted"
739,"4000",NA,"Unadjusted"
740,"4000",NA,"Unadjusted"
741,"4000",NA,"Unadjusted"
742,"4000",NA,"Unadjusted"
743,"4000",NA,"Unadjusted"
744,"4000",NA,"Unadjusted"
745,"4000",NA,"Unadjusted"
746,"4000",NA,"Unadjusted"
747,"4000",NA,"Unadjusted"
748,"4000",NA,"Unadjusted"
749,"4000",NA,"Unadjusted"
750,"4000",NA,"Unadjusted"
751,"4000",NA,"Unadjusted"
752,"4000",NA,"Unadjusted"
753,"4000",NA,"Unadjusted"
754,"4000",NA,"Unadjusted"
755,"4000",NA,"Unadjusted"
756,"4000",NA,"Unadjusted"
757,"4000",NA,"Unadjusted"
758,"4000",NA,"Unadjusted"
759,"4000",NA,"Unadjusted"
760,"4000",NA,"Unadjusted"
761,"4000",NA,"Unadjusted"
762,"4000",NA,"Unadjusted"
763,"4000",NA,"Unadjusted"
764,"4000",NA,"Unadjusted"
765,"4000",NA,"Unadjusted"
766,"4000",NA,"Unadjusted"
767,"4000",NA,"Unadjusted"
768,"4000",NA,"Unadjusted"
769,"4000",NA,"Unadjusted"
770,"4000",NA,"Unadjusted"
771,"4000",NA,"Unadjusted"
772,"4000",NA,"Unadjusted"
773,"4000",NA,"Unadjusted"
774,"4000",NA,"Unadjusted"
775,"4000",NA,"Unadjusted"
776,"4000",NA,"Unadjusted"
777,"4000",NA,"Unadjusted"
778,"4000",NA,"Unadjusted"
779,"4000",NA,"Unadjusted"
780,"4000",NA,"Unadjusted"
781,"4000",NA,"Unadjusted"
782,"4000",NA,"Unadjusted"
783,"4000",NA,"Unadjusted"
784,"4000",NA,"Unadjusted"
785,"4000",NA,"Unadjusted"
786,"4000",NA,"Unadjusted"
787,"4000",NA,"Unadjusted"
788,"4000",NA,"Unadjusted"
789,"4000",NA,"Unadjusted"
790,"4000",NA,"Unadjusted"
791,"4000",NA,"Unadjusted"
792,"4000",NA,"Unadjusted"
793,"4000",NA,"Unadjusted"
794,"4000",NA,"Unadjusted"
795,"4000",NA,"Unadjusted"
796,"4000",NA,"Unadjusted"
797,"4000",NA,"Unadjusted"
798,"4000",NA,"Unadjusted"
799,"4000",NA,"Unadjusted"
800,"4000",NA,"Unadjusted"
801,"4000",NA,"Unadjusted"
802,"4000",NA,"Unadjusted"
803,"4000",NA,"Unadjusted"
804,"4000",NA,"Unadjusted"
805,"4000",NA,"Unadjusted"
806,"4000",NA,"Unadjusted"
807,"4000",NA,"Unadjusted"
808,"4000",NA,"Unadjusted"
809,"4000",NA,"Unadjusted"
810,"4000",NA,"Unadjusted"
811,"4000",NA,"Unadjusted"
812,"4000",NA,"Unadjusted"
813,"4000",NA,"Unadjusted"
814,"4000",NA,"Unadjusted"
815,"4000",NA,"Unadjusted"
816,"4000",NA,"Unadjusted"
817,"4000",NA,"Unadjusted"
818,"4000",NA,"Unadjusted"
819,"4000",NA,"Unadjusted"
820,"4000",NA,"Unadjusted"
821,"4000",NA,"Unadjusted"
822,"4000",NA,"Unadjusted"
823,"4000",NA,"Unadjusted"
824,"4000",NA,"Unadjusted"
825,"4000",NA,"Unadjusted"
826,"4000",NA,"Unadjusted"
827,"4000",NA,"Unadjusted"
828,"4000",NA,"Unadjusted"
829,"4000",NA,"Unadjusted"
830,"4000",NA,"Unadjusted"
831,"4000",NA,"Unadjusted"
832,"4000",NA,"Unadjusted"
833,"4000",NA,"Unadjusted"
834,"4000",NA,"Unadjusted"
835,"4000",NA,"Unadjusted"
836,"4000",NA,"Unadjusted"
837,"4000",NA,"Unadjusted"
838,"4000",NA,"Unadjusted"
839,"4000",NA,"Unadjusted"
840,"4000",NA,"Unadjusted"
841,"4000",NA,"Unadjusted"
842,"4000",NA,"Unadjusted"
843,"4000",NA,"Unadjusted"
844,"4000",NA,"Unadjusted"
845,"4000",NA,"Unadjusted"
846,"4000",NA,"Unadjusted"
847,"4000",NA,"Unadjusted"
848,"4000",NA,"Unadjusted"
849,"4000",NA,"Unadjusted"
850,"4000",NA,"Unadjusted"
851,"4000",NA,"Unadjusted"
852,"4000",NA,"Unadjusted"
853,"4000",NA,"Unadjusted"
854,"4000",NA,"Unadjusted"
855,"4000",NA,"Unadjusted"
856,"4000",NA,"Unadjusted"
857,"4000",NA,"Unadjusted"
858,"4000",NA,"Unadjusted"
859,"4000",NA,"Unadjusted"
860,"4000",NA,"Unadjusted"
861,"4000",NA,"Unadjusted"
862,"4000",NA,"Unadjusted"
863,"4000",NA,"Unadjusted"
864,"4000",NA,"Unadjusted"
865,"4000",NA,"Unadjusted"
866,"4000",NA,"Unadjusted"
867,"4000",NA,"Unadjusted"
868,"4000",NA,"Unadjusted"
869,"4000",NA,"Unadjusted"
870,"4000",NA,"Unadjusted"
871,"4000",NA,"Unadjusted"
872,"4000",NA,"Unadjusted"
873,"4000",NA,"Unadjusted"
874,"4000",NA,"Unadjusted"
875,"4000",NA,"Unadjusted"
876,"4000",NA,"Unadjusted"
877,"4000",NA,"Unadjusted"
878,"4000",NA,"Unadjusted"
879,"4000",NA,"Unadjusted"
880,"4000",NA,"Unadjusted"
881,"4000",NA,"Unadjusted"
882,"4000",NA,"Unadjusted"
883,"4000",NA,"Unadjusted"
884,"4000",NA,"Unadjusted"
885,"4000",NA,"Unadjusted"
886,"4000",NA,"Unadjusted"
887,"4000",NA,"Unadjusted"
888,"4000",NA,"Unadjusted"
889,"4000",NA,"Unadjusted"
890,"4000",NA,"Unadjusted"
891,"4000",NA,"Unadjusted"
892,"4000",NA,"Unadjusted"
893,"4000",NA,"Unadjusted"
894,"4000",NA,"Unadjusted"
895,"4000",NA,"Unadjusted"
896,"4000",NA,"Unadjusted"
897,"4000",NA,"Unadjusted"
898,"4000",NA,"Unadjusted"
899,"4000",NA,"Unadjusted"
900,"4000",NA,"Unadjusted"
901,"4000",NA,"Unadjusted"
902,"4000",NA,"Unadjusted"
903,"4000",NA,"Unadjusted"
904,"4000",NA,"Unadjusted"
905,"4000",NA,"Unadjusted"
906,"4000",NA,"Unadjusted"
907,"4000",NA,"Unadjusted"
908,"4000",NA,"Unadjusted"
909,"4000",NA,"Unadjusted"
910,"4000",NA,"Unadjusted"
911,"4000",NA,"Unadjusted"
912,"4000",NA,"Unadjusted"
913,"4000",NA,"Unadjusted"
914,"4000",NA,"Unadjusted"
915,"4000",NA,"Unadjusted"
916,"4000",NA,"Unadjusted"
917,"4000",NA,"Unadjusted"
918,"4000",NA,"Unadjusted"
919,"4000",NA,"Unadjusted"
920,"4000",NA,"Unadjusted"
921,"4000",NA,"Unadjusted"
922,"4000",NA,"Unadjusted"
923,"4000",NA,"Unadjusted"
924,"4000",NA,"Unadjusted"
925,"4000",NA,"Unadjusted"
926,"4000",NA,"Unadjusted"
927,"4000",NA,"Unadjusted"
928,"4000",NA,"Unadjusted"
929,"4000",NA,"Unadjusted"
930,"4000",NA,"Unadjusted"
931,"4000",NA,"Unadjusted"
932,"4000",NA,"Unadjusted"
933,"4000",NA,"Unadjusted"
934,"4000",NA,"Unadjusted"
935,"4000",NA,"Unadjusted"
936,"4000",NA,"Unadjusted"
937,"4000",NA,"Unadjusted"
938,"4000",NA,"Unadjusted"
939,"4000",NA,"Unadjusted"
940,"4000",NA,"Unadjusted"
941,"4000",NA,"Unadjusted"
942,"4000",NA,"Unadjusted"
943,"4000",NA,"Unadjusted"
944,"4000",NA,"Unadjusted"
945,"4000",NA,"Unadjusted"
946,"4000",NA,"Unadjusted"
947,"4000",NA,"Unadjusted"
948,"4000",NA,"Unadjusted"
949,"4000",NA,"Unadjusted"
950,"4000",NA,"Unadjusted"
951,"4000",NA,"Unadjusted"
952,"4000",NA,"Unadjusted"
953,"4000",NA,"Unadjusted"
954,"4000",NA,"Unadjusted"
955,"4000",NA,"Unadjusted"
956,"4000",NA,"Unadjusted"
957,"4000",NA,"Unadjusted"
958,"4000",NA,"Unadjusted"
959,"4000",NA,"Unadjusted"
960,"4000",NA,"Unadjusted"
961,"4000",NA,"Unadjusted"
962,"4000",NA,"Unadjusted"
963,"4000",NA,"Unadjusted"
964,"4000",NA,"Unadjusted"
965,"4000",NA,"Unadjusted"
966,"4000",NA,"Unadjusted"
967,"4000",NA,"Unadjusted"
968,"4000",NA,"Unadjusted"
969,"4000",NA,"Unadjusted"
970,"4000",NA,"Unadjusted"
971,"4000",NA,"Unadjusted"
972,"4000",NA,"Unadjusted"
973,"4000",NA,"Unadjusted"
974,"4000",NA,"Unadjusted"
975,"4000",NA,"Unadjusted"
976,"4000",NA,"Unadjusted"
977,"4000",NA,"Unadjusted"
978,"4000",NA,"Unadjusted"
979,"4000",NA,"Unadjusted"
980,"4000",NA,"Unadjusted"
981,"4000",NA,"Unadjusted"
982,"4000",NA,"Unadjusted"
983,"4000",NA,"Unadjusted"
984,"4000",NA,"Unadjusted"
985,"4000",NA,"Unadjusted"
986,"4000",NA,"Unadjusted"
987,"4000",NA,"Unadjusted"
988,"4000",NA,"Unadjusted"
989,"4000",NA,"Unadjusted"
990,"4000",NA,"Unadjusted"
991,"4000",NA,"Unadjusted"
992,"4000",NA,"Unadjusted"
993,"4000",NA,"Unadjusted"
994,"4000",NA,"Unadjusted"
995,"4000",NA,"Unadjusted"
996,"4000",NA,"Unadjusted"
997,"4000",NA,"Unadjusted"
998,"4000",NA,"Unadjusted"
999,"4000",NA,"Unadjusted"
1000,"4000",NA,"Unadjusted"
