"X1","X2","X3","X4","X5","X6","X7","X8"
2.48291369202366,11.0835427341622,1.23372290404624,24.3549730993501,5.02890518666106,11.7096196325057,7.00998339440714,20.7354679653091
NA,NA,-0.190676803850611,29.4695508509092,4.86049276312262,13.5906240944475,6.95035862016108,17.0378860850501
0.497644617014002,16.3107387934558,3.92090913529974,10.1267886737504,5.40358942963093,16.8897849777115,7.06185796448412,21.0247495853465
-6.58728082732902,36.173729854174,2.09194163926505,20.7154207349033,4.99408583907724,14.632114479522,7.00485391377483,15.6746439115954
-6.45450738135539,33.6132963885599,NA,NA,4.1543894000735,22.6424641420011,7.15767520857307,19.2088186682693
-5.01240407697981,31.5623157183317,2.02090498662237,21.8993694967028,4.99786243259706,18.449889357741,6.6837780924191,26.2275454036733
2.62486421661809,8.78799193844416,-83.180181269433,163.926773173008,5.00015211103784,14.2748533858476,5.45001313624714,35.191064287108
-5.93485631345824,35.0287986430074,3.35990079320439,15.9595711704852,-1.32555314943026,41.9958687156647,6.87307629514829,24.0034591897915
-52.1944244654061,105.005190597135,2.20845238905012,20.4695100448132,0.783795692334369,38.4040158881606,5.6043200390557,33.9023412424607
-36.1940980133207,81.7101532629639,NA,NA,3.76343587013681,27.6901147845059,6.88184824980746,19.533323188497
-4.5840831078704,31.9165303769289,2.56381255716324,17.4086449022594,4.98195900334918,13.6165098780719,6.90594887213886,25.4463798138958
-4.8846603180889,30.864649232279,1.69171995438772,22.2904473193853,-1.45438403668248,43.0799760760266,6.69403472296375,13.9111840289424
-0.64768753634322,19.3443564041252,3.44545405017323,12.4511422892403,5.07673354929414,16.4353731888097,6.56580842435221,14.9877039019177
2.26777623207592,11.3805033419332,-14.8454054033081,60.5249339899684,5.09438913712613,15.9071805646937,6.73569726092212,26.5841315443737
-295.066921369654,412.329143679632,2.98731015935955,17.8612587092547,4.85593049488685,12.0123130965717,6.28749713023799,12.5894603559742
-207.37818509305,132.290620017029,1.22556357653463,24.7911764228988,3.69215059557123,25.8210616441077,6.79563384374156,23.5696067990727
-9.87496403295044,41.4023205490229,1.68631652849028,22.7070225449893,5.02004385397848,11.6633542519545,6.05705490689081,11.4653056289534
-55.8998697500321,110.812360705159,-4.84606813601162,40.7373572397828,4.19338636176569,22.6908786479002,5.76891712676286,32.9347828177184
-155.762134471732,241.150167798502,3.41061875148502,13.9574377398619,5.04166325890675,18.1240199631697,6.96940578058611,23.045008249967
0.13102559632547,20.5805636760333,2.49959434653582,21.727434676127,3.53865004564319,26.7443783274218,5.6667257937031,31.1791577290691
1.39287082128195,15.9203644037423,3.18066955087545,15.3672813423097,4.21992640588559,24.7201388054171,6.62495217574773,13.8837360965478
-65.9848210707028,25.9287910875906,-23.0266782563496,74.9721761159602,4.95622159470073,18.4492943155328,2.48211054455134,47.2653810344982
-8.21808355970662,40.1774917153218,0.402272488651064,25.7979397374611,1.82724036594621,34.9239626482239,6.6944179263656,23.2737322718458
-22.2509250809193,62.7156796858104,2.4042620975474,18.6006079290404,4.10192539238988,26.0106237864142,6.74151972381557,14.8354866228515
0.929525257906511,16.2736091042512,3.7288176046482,11.7295787188527,-50.3847962637245,135.58871386444,6.43066575985961,13.0681002621231
-6.91961077233543,34.4056317204625,-9.00775391613903,48.3637821759626,4.79685437691601,16.4300057362802,5.95140446669117,10.6248006520796
1.53867710977486,13.829650126839,3.38256007495421,13.2550333807485,4.85630730100669,9.8008117537335,6.64914056506933,27.4797188202626
-158.707532372533,244.144151319243,NA,NA,5.00403770394064,16.2337032586797,7.01579382174177,18.4901545689577
NA,NA,-4.3186252529751,40.0497230804324,-2.38224768451417,46.7504785264401,6.66583317923681,14.7746605372101
-15.7910722598626,51.529011331465,-101.457563737071,190.782541550616,-4.95907327796206,50.4599011542767,7.11448615296416,19.4950994420635
2.62712359616201,10.995605353336,NA,NA,4.93855470729516,15.1386688326947,5.02400026595778,39.1593830395019
-57.6468654242687,114.31528808848,-5.86799525503381,42.205997543814,4.93386586889208,18.0380697057728,4.73516121157266,36.6840135594035
2.33711326534977,12.1056347616689,-1.90026525746459,32.7314997129646,5.1660775159859,15.1880176782398,6.98315670791189,18.6137548606773
NA,NA,-1.06186332016995,31.0287435661299,5.25136479129947,17.6588265892005,6.95967761377137,18.9005417220256
-0.757085395569968,21.2540503736742,-4.52822356622583,39.6347851678592,4.81099762533582,19.2586381393382,6.94544651316315,19.9100233345467
-1.52127402319733,23.6477399933677,1.53022186186388,24.2294512580157,4.44539556960671,21.1376156544953,5.09002280366845,35.5009107349448
NA,NA,2.26504467318391,20.8113471543694,5.24268879545724,16.5557969635925,5.60664569384847,9.7170796271794
2.0520508986671,13.5536126413767,2.76962634202633,18.5659261014228,4.83421989463382,16.5665513215191,6.07017852688677,31.1990864043512
-82.2111726663112,149.707137997964,-2513.56375407594,2183.75888387005,4.11553122262387,25.9201735403823,6.21968700744985,11.975677531367
NA,NA,-2.09779342537052,35.117460745917,4.86084633618768,10.4115929476646,6.28999660052495,28.2683303441929
-957.47218238564,1157.14950718209,-5.27802521580425,40.8791983920049,2.89929375246312,27.8951800075994,6.79778295700241,20.1323556941976
NA,NA,2.92721895796048,15.9119212556493,4.28341688771183,21.2717721329128,7.10464449809841,19.1089165514782
-44.2383294830365,98.4730213602976,-6.07940524424791,42.7099142401035,5.12930924806448,15.2217503865143,4.76945777100011,38.3072386866468
NA,NA,1.44436732566031,25.5636803862626,4.85748401813237,17.7047024963216,7.27101228785282,19.0368344295088
-13.7435729343862,49.0201389310397,3.69929817292875,11.975310936082,5.03764876604012,18.9638645624441,5.97320547574263,11.1914446398257
NA,NA,-942.465305481143,1175.10031611975,4.89803866707834,14.601418105816,6.98218804863834,18.5970454970066
-121.759521716559,64.7595626045115,2.75963589934324,17.7712045243204,2.22513274280184,33.000584040876,6.77986792960948,15.1886169660926
1.46463113400235,14.4160089523263,1.94203685537571,20.5328911986287,5.23479305663514,16.2628149512367,6.67278306997486,25.8288069319231
NA,NA,1.90263625146276,22.0680264055945,4.73654426578847,18.096762156959,6.78105751444931,23.0260353813142
1.9521636838766,14.859047666968,3.38102034385569,14.3574114204172,-1.45823560526052,43.894608702835,6.52637925302176,13.9267266487674
NA,NA,-17.2266697441704,65.8375554885717,3.16453340667042,28.5320629756166,6.61194235485405,14.7488819216323
0.7790462835878,17.6056258116028,3.03693101678536,17.221488493922,4.78545289604882,22.1554190062245,6.5588713020115,13.7997188720864
NA,NA,2.65064167018483,19.6729566441632,-996.949262344048,1290.21210839366,6.85306870381932,16.3967703473593
-22.7015508650314,62.3768473811627,-47.3531423926135,115.725721519114,4.480430074137,20.1733458945344,7.13627078203085,17.4858653600634
NA,NA,1.7181144361945,22.4431738193783,3.89510097383535,24.6241411424922,6.72571437142306,25.4979903585353
-6.87193157031673,38.2074216933037,-98.5489128897213,183.858622509987,4.72046574282095,21.3198442807575,6.78822641485645,15.8472589210106
1.99321326734743,12.9885162966983,1.58030275148256,22.9901751622862,4.91270492627294,11.5336035126184,6.85455165780694,24.2280705942362
1.38048513599651,15.4734535251367,2.32660867090356,19.751946089369,2.2687144760991,31.7746598138277,6.74958053406489,20.294154171868
-27.00821081258,71.5244225920203,2.32965189384302,21.5242304131558,4.947396207091,14.2460348535811,6.99024695772502,19.8213086623934
NA,NA,0.115771034821847,28.7454506966878,4.35930030285636,23.1033643771435,7.09454483904406,19.0039532227364
-11.2442974887585,44.2428994945336,0.0115926385839735,28.2922955271577,-1.09483776936854,43.7555570754538,6.69003077877857,14.6059815864686
1.3177620548799,16.7238298442209,-6.64606038105607,43.1315722387272,4.51449026296718,23.1904336377307,5.16131433063048,35.335062861239
2.45380464845803,10.5127399893651,2.89811416500807,17.91877689765,-9.21328073172537,62.5422467046414,5.94862084173013,34.1164966397274
-15.0707535282509,48.9392380052384,NA,NA,3.86055020093284,25.5484577309479,6.62841279591971,14.9783453568235
0.773505055363668,17.6489755781713,3.3624096207459,16.2022428262121,4.91561759334837,18.9600685121346,6.57679149910851,13.7243478363077
-11.1284930172679,43.6161856812188,-307.75766741059,450.038518738574,-30.5309036119167,103.492717680008,6.86054255917799,15.7547472494637
2.66762854761676,9.28244884367705,3.78027611660819,11.831526385198,NA,NA,5.05216963926275,36.0703936357269
-28.538797204937,72.8576823943712,1.65350954157109,23.430556276497,4.97596637382118,11.7921486893523,6.75173078509957,16.144256058157
2.54357226524342,10.4748608544652,-11.33083603854,53.9739953861123,4.78304787449549,18.2517732175345,3.87502670628444,41.5260533770101
-5.0232390906612,31.8326857324604,-36.6429579188082,98.1683867497539,5.1912786711148,19.58167641873,6.97662501652078,16.2632479986712
-182.70769638056,275.178397410836,2.29349786929757,18.7195889546998,4.81090985162108,13.8164455660287,6.87132986350964,16.1228761252051
-3.52168925858761,30.4144047346503,-11.6381978987253,54.9978322145343,4.6126491574086,9.84347336868219,5.37482688138448,36.1146321064752
NA,NA,NA,NA,2.87776055462703,31.1951048396858,7.02365349014276,22.9020027511217
-373.295188770155,498.73841900592,-2.02683242117372,32.8781772990901,4.17916201573915,24.1950974750756,7.02331983924357,27.152329978224
-27.0492476118678,72.714708734959,3.51125946986694,14.8513213448003,4.94867220526955,16.0760003610256,6.75469020699286,16.1281320716814
-16.708302156875,53.525422681547,1.05714631300815,24.2601311970347,4.48389613686067,22.1529528743427,7.12364245381245,20.8232121019231
2.26233223759807,11.4441496263155,1.83897615678338,23.2407049076489,4.8905793542543,19.1654456134472,6.94822930050018,21.9362910607935
NA,NA,0.834728595007499,25.5399789599022,3.84880233553122,23.3477208348691,6.53513379852005,28.0583693242937
-5.77868681231141,34.2393452664054,NA,NA,4.93695181951065,12.47565022992,6.91820832807515,25.1746403215308
-18.4635817187136,55.3692789097673,-1.82690411512456,31.4634523945419,4.67565475659843,19.6071864218314,6.83246281640004,17.8286740860857
-133.039853738475,213.133414869092,-1.77619719960431,34.060535735561,4.94750619587025,11.1636047622982,6.41126596196522,28.4296744477823
1.96720824687915,13.6306720060975,3.51498699408841,11.0204764008681,4.68171092304068,18.3600186706559,6.82614398129027,16.7214282032209
-30.3553617609599,73.97446676059,NA,NA,4.99396783194494,13.7594315845085,6.61973770464628,14.4627681543511
-13.2351271947656,43.4270822620724,-5.23371688825596,39.6657130013588,4.08776665667613,22.6215295845233,6.93732377111454,21.6736931079722
2.16293024968601,11.6611269659103,-164.13260671839,263.810421270559,2.77287264463035,29.6048182490472,6.94062757449909,18.6694519306559
-7.05336661611931,36.543083830411,2.20031533432778,20.909942954986,5.10326356805534,13.2936244032046,6.78292613548119,16.9295690530674
NA,NA,-222.6548829585,345.30358609597,4.80795123943811,20.4240442179794,6.57185415170041,14.7055813323307
-145.425881722039,229.243133301317,2.62714353584991,17.3601901259774,4.92488023375526,15.2036507125543,6.14158432389086,11.941000050409
-16.6580224698346,54.3174415560712,0.86987380379826,24.996951894303,1.02894456477714,34.3727317268432,6.63331126431997,16.8506314378431
NA,NA,-3.26192190708962,35.7035842707143,3.6829064596051,26.3728163707068,6.77852862526016,25.3802295437087
NA,NA,-1.69080927293371,34.446726704548,4.84200835303402,10.5778527100658,6.08314398230827,11.6815260658296
-143.434432267046,222.884566068617,-10.4321696479627,50.0961692375778,3.04437636169098,27.8605518537367,6.89561526977449,16.8375809124233
1.36720196221055,18.2675386095947,-4.27615823901854,38.2402252209071,4.68647072631617,9.75513711806594,6.37501371292384,32.1935953057267
NA,NA,1.05127420023863,22.2621720521887,2.94514720598531,30.1404673720651,6.60799994771422,13.371207638057
-7.97888207083409,39.3813592315432,NA,NA,1.30354930227218,36.8217312145855,-103.153898807711,237.206748949638
1.16771848984764,15.2541402400968,1.67139180813915,23.1228489922488,5.08582479869974,16.198905183379,6.81166828486315,21.4250472757374
NA,NA,2.73971402858407,18.1771882426226,4.84016001470708,14.4631326553605,6.48069708737236,26.3002286760167
NA,NA,1.53933420065522,23.9828745937486,5.08693555229043,17.1178704693656,6.41273274977653,13.6031379846503
-5.18486341454008,31.7943535974261,NA,NA,3.73512426428619,24.3985933271923,6.81696737535449,16.1395429342777
-365.259152106473,490.462432346422,-121.02223432996,217.429720024601,4.70431438289959,9.55438894689083,7.13487543624983,20.6645412829761
NA,NA,2.94999152477643,18.7197760350331,4.10435334751192,24.7049153327836,6.82023517029489,24.9989189173617
0.970240771001302,17.2076358027428,3.08596611510101,15.6679161811994,4.98827959986094,16.130590043482,7.01700456027824,18.4917992790962
-55.7202489176165,115.498007917253,-140.412481353529,238.924408004684,4.35246508104744,21.3226674861727,6.58728801624896,14.1987360089042
2.03118673191819,13.778709706831,1.194959281584,22.7662730445714,4.32643534885556,23.6667774573064,6.86004098430257,24.2024614921176
-0.72999890168561,20.8522773267499,-0.714449625902116,30.7630453706921,2.93420647991279,27.9932306635788,7.12121628284666,19.5634820504582
NA,NA,3.26784999239153,15.6936777472547,-49.4825037814723,129.74159442006,6.69890393915984,24.6437487489011
-1.04986341314411,24.3045820079568,1.37061824493489,23.9178345775453,-336.33027084786,516.074152918481,6.71549754056677,19.3128930335027
-29.0175422926655,75.2175465690949,1.51767004594401,24.1709409473662,4.71788571678274,20.1387978599291,6.8291182052597,15.9897487841285
NA,NA,2.98783722726742,17.9387589294045,-4.21250803313685,50.1649057009652,5.0641249299325,37.7071168449558
-15.7599468397671,54.8475391203707,2.7385382334098,16.3930826367302,-0.675555120889364,40.5839855516661,6.92198185899005,16.292748081513
-457.666516195047,597.023752615781,1.64470870699626,23.906657079559,4.98747979819995,19.6635436851583,7.14127877738346,19.4194141353478
-3.12261612921396,28.6422469440838,-25.5423621148614,78.0651632109895,2.60632872801938,31.3860978180883,6.82789471238881,16.3435749747269
-22.771181340619,62.7330830205737,-4.77589776438884,39.2823508684933,4.08235937933399,24.8114105393839,6.68197880315074,14.8363185259098
-1.7420383797978,25.7243880402896,2.74062985192776,19.5363479357146,4.62997100184567,19.1820454775885,5.32582611167371,34.9292230271372
-6.95891173587867,37.1073483450296,NA,NA,3.23545029309753,29.0209226545953,6.8091861882218,23.3799247437048
-23.6218765596962,3.87950995259792,3.16196893795419,14.8090415204718,-2.99501061031794,46.5730812173734,6.48692923782961,13.3825344714895
0.84854138487626,17.7667859208205,NA,NA,4.01585750418803,23.9729991506163,6.95805004364537,22.3575330939035
0.341387483655271,19.9682658403815,-178.672544231155,290.22985080926,3.1209148582154,30.3008030546386,7.07456590442434,19.6390130778757
-7.22666360044271,38.6440447111226,1.70104730941718,23.4967044922699,3.36872733711927,26.1125628247316,7.19530208009918,19.3523311489384
-3449.20532076261,3108.64620840841,3.23549447444458,14.6285625788817,3.02800649358165,28.9489744541413,6.94421968670997,20.4065852024656
0.496185316217741,19.0195306911707,2.76872385773697,16.369581173286,3.17611800090742,27.8872716584158,6.75056876926722,14.4513468643225
NA,NA,-0.787606411288046,29.5342035601733,4.16704939113301,21.9489406313825,7.15172985928081,17.6844626100323
-14.4738333395113,50.5356536930151,-70.888034894218,151.008133187082,4.90554133697785,18.6572449153433,5.75858468677312,30.328935707973
-1.97606722076938,25.6550678131449,3.87135200303539,9.38629958599217,5.00203564734015,12.3925812041977,6.54791362873742,13.7270656753537
0.873967983366644,16.6725739938186,-8.05256859299461,47.8001997921988,2.68948530451095,30.949839212137,6.9190130025663,20.3902907121774
1.86728523244767,13.3495793877363,2.30405379975396,18.7619613791701,4.22224020860007,23.3414974517379,7.03619833006063,19.0493172575207
NA,NA,-0.461802042454188,29.5061086604789,0.961553479305266,36.5347592617131,6.16197132913018,11.8343693423851
NA,NA,3.73958776305168,13.1123514805552,4.76301328915625,18.3286713947252,6.67295244079551,14.8600614107658
NA,NA,3.19195711196991,14.9093588479354,4.61279593630987,23.5737208759398,3.67817596205541,40.8039391724722
-3.47565344645703,27.3630085584721,-27.3772611655963,80.1350837280513,4.81204980761392,18.5976449727106,1.7843702391468,49.7390876740848
0.737980223520539,16.3996454900601,0.993434341720068,24.9433014477312,-4.13609791748866,48.2846965495053,6.53556623418558,13.4638831384803
NA,NA,3.80610707436241,11.5517264647116,5.03066544892394,14.0401656311581,6.86238188525926,16.4905665924221
-16.7216728043342,54.5681749473196,-1.50260473813166,32.4034963731245,-0.790955096631716,42.1089904065173,6.16513643099212,11.8949027709273
1.9918950368666,15.0373447386254,3.08750105035354,17.317832573875,5.10735012725033,13.0194179114218,7.06779690790145,18.5007860541502
0.537572149257308,18.1029155261119,2.51573435212238,21.4965717818459,4.96971873831623,12.0956236455317,6.93534616149732,17.896744967786
-7.45020137088951,37.5951047547843,3.2295230978357,14.3144044981764,-18574.9101294326,17399.821766546,7.00461633816166,15.431324882187
-15.066296232071,49.7669495563914,-3.41015062820709,35.7054016800259,0.881122859879632,36.0620639112543,6.79089909837709,19.8908286874776
NA,NA,-13.2147586197007,58.5149448348717,3.07344186237557,28.5822986532824,4.46120915437238,38.410333389267
NA,NA,-2.87839190237309,33.712561907683,-63.5388834444143,154.25605611597,6.14059662329064,11.7443883896468
NA,NA,-25.4744141160821,75.1420345206344,5.0744622118042,14.7074060475491,7.19668292081125,17.6790433132365
0.656461603590696,17.1827299275246,-5.64326917361801,44.3228358725159,3.170033350565,26.3297374403616,7.07855563649361,21.8254781659829
NA,NA,3.02868666253494,18.0868426230387,4.87622917536883,13.2709057601119,5.70519741823074,33.4699571168733
NA,NA,-2.30558052106809,34.8713117072652,3.06397188403918,30.24682836231,7.10660367092557,21.7382085288879
-2.0988617714858,25.1946850549591,0.378139630140115,25.1928889993688,-1.54119100266491,43.8502630640777,4.92919680319893,41.210335504192
0.233110682247684,19.7970602024264,-26.2848327532391,78.4013207816459,-7047.11544026536,7797.76821450982,6.84023025971818,19.8822501436427
-46.5796572713937,97.4604051458963,2.81326586837886,19.0004023364483,5.12051970355387,12.1211717131129,7.24073707786281,19.9050231967702
2.31639056077424,11.419042105293,3.54409942487859,12.0646839662338,4.63260337103177,19.5376183123841,6.59055246808403,14.4090338088566
-2.16510009101547,26.0632396211218,-5.57830775462024,42.0956932518077,4.94740341885175,14.793705784592,6.76651574893024,16.2589913704184
NA,NA,1.22863362112866,21.6275640830818,3.39992855964449,29.463366590956,6.8574818580699,16.5642105592296
NA,NA,1.74781154694883,21.8976681258984,4.38070972991075,20.3414908112971,6.96424441528714,19.0105235131899
2.09149471126717,12.6018568677729,3.75069787660857,11.7601718677723,5.04591404332782,12.9831679955414,6.68079649169288,14.2372559444113
-37.7895904676778,88.3435662184424,2.22099550423277,19.0935778267415,4.99686933084788,17.8753262041057,7.01192689580312,23.2121288404726
NA,NA,NA,NA,3.03818859366919,29.1849967945694,7.02093694028643,20.9368339840251
-28.1157875435207,71.1113820471196,-0.365073190209651,28.4786122528743,5.0950602491623,15.9891242913193,6.74686295127364,17.715410918268
2.01802767230859,13.550194699764,-1.26361009135374,31.9885684153946,3.99418876654287,25.9772866103476,6.82086553190622,17.4614251274158
-219.034327252313,138.034295697655,-4.36886491691488,40.4652439992448,4.55190116063075,19.031917607563,6.4351916594435,13.5800370917685
NA,NA,3.35073799378087,14.9481104617993,3.42120708631235,26.0095858660991,7.049762016376,20.8016565654977
1.9111510157227,15.1445536303217,1.01306517146094,26.4674048941799,4.99550197533056,14.0678006456831,6.55489911064098,14.3616797444266
-2.35122919705598,26.2132477475611,0.528879336914775,27.6389800948039,5.17840830705635,14.4462800576298,7.11257588078357,18.4840475797444
-9.09603667595303,38.5281956741967,3.41032586281414,12.7215464564005,4.8678670147892,18.7994560693034,4.67277439794242,37.5220606491389
NA,NA,-46.3994419975674,113.921067558474,-0.109102450764546,39.1185954279678,6.80936120088516,27.7514483332844
-1.675700399849,24.8725441416187,-11.9193885911578,54.7760972105308,4.71816102906811,18.8617250140377,6.85592466804167,21.0525292088986
0.747304788797896,18.6444264174226,3.86338937512943,12.5506737045118,-5.0507342778947,52.420914521849,6.81655979339677,15.360239133195
0.51339500912866,18.3462108424995,NA,NA,4.9474316528308,11.9889651453611,6.91049188840479,20.9935043341972
-3.8701072090944,29.0010464410965,3.28127260464922,16.1949397386012,-1.78433088020264,42.4762986224218,6.20013270006866,11.8455847135335
-3.33571298300292,25.7487338916202,-0.524267641392896,30.9077843473315,4.5685527860599,19.0099231156735,6.8663134129315,25.3698815313214
-2.3042012701649,26.1344206606545,-2.33021343361788,35.5076208784269,4.95641185597647,16.1379872944106,6.55310992956011,14.8471278728055
-8.58613496557789,40.0401967357813,-2.07538519075045,34.9491696186316,4.64918845089033,19.5902184500369,6.83273394850679,24.9110394940102
1.39208994718295,15.8368984272795,3.42318179865644,13.7736103485701,4.54116115880207,21.0801291549,6.49813166984698,27.4297998454848
-63.4612733148891,123.068973140671,3.49494257243663,9.84967678744473,3.56548022560767,26.9676862770557,3.27264369413045,43.4232913205731
NA,NA,-54.1694698519836,121.351876347529,5.08432682374656,13.7678006877594,6.6145003367946,14.0689310199758
0.672108401698791,17.1540333992745,-597.812396310627,791.669802161378,3.91240643897646,24.4814550744779,6.91610238790811,17.3095370310144
2.09628272970836,13.1956917831028,-63.2970850718331,137.264289261913,-237.83070050178,397.603830247028,6.52106886037584,13.8777088607391
-30.3012987817795,75.2551311448226,-0.463146493577993,29.7570108272852,NA,NA,6.35884907895596,13.5200895861302
-11.2819182640741,44.3815801232778,NA,NA,4.70791525866703,12.2334174218311,6.75790826736212,20.9519367583775
NA,NA,3.38001466409454,14.673769074696,4.83923988485685,14.7448782002536,6.61390745765805,14.8958235153835
NA,NA,-10.7465056018928,52.6334040926226,5.49926023169955,17.1203477604002,7.06756646177025,20.3458444709985
-3.92619982868181,28.1248329632609,3.55926738507239,11.205295471833,-6.82081821201824,56.3161327947617,6.88474757528524,15.7524518569204
NA,NA,-15.8616820384902,64.8021855684749,4.87653826751071,20.0542025565062,6.78184258257685,17.4253293316053
NA,NA,2.2385492252747,20.9388061639454,4.98242535190726,17.2989415950143,6.85558446296306,20.6429921246463
-1.35652334909359,24.8350012347801,-3.2466476118315,35.1639078340391,5.14516488975192,16.0096945846142,6.69238831516706,15.9307845168206
2.35435155197816,10.1812812566956,-39.642662942285,101.806989566393,4.99493057481241,12.058369449678,6.48290310647852,13.4830976845935
-0.414376788097028,22.683942086246,1.54039555667174,24.515549630321,5.01589417753726,11.474241606157,6.89541296701749,23.2132616112584
NA,NA,-3.18158601675928,33.602621370339,-17.0623111110037,78.16184316941,6.88272179969289,22.5652661516343
0.316380135268503,20.7085485228819,-0.253260368090853,27.2988822433665,2.33427987202156,29.3276875821343,6.7457941297752,25.4143198780352
NA,NA,-24.9971475178685,76.4529786212049,3.6422597170532,27.9431729442705,6.88015301337702,17.885710349291
NA,NA,-17.2261231471806,66.5060672038846,4.30055239038449,21.648031778581,6.85961367720218,21.8818507939787
NA,NA,0.511320330894227,25.7849505902879,4.98622791162703,11.7347517571084,6.90869724778796,16.9241215770341
-3167.06456389144,2837.52580926869,-9.10302531916141,50.0846572835918,-1.1405820539732,43.1738174378291,6.45548855174739,13.3936908864816
NA,NA,-173.5907684232,90.448117412239,1.51831953403009,35.1294095304557,6.9182096245379,19.298539254355
-4.06696926687962,29.6739412357449,-6.33583821343507,44.6342482496031,5.03063188385348,14.7620131674257,6.92842383009228,17.9053334888837
NA,NA,-3.11920884799103,37.2456451675107,4.91280750216356,19.0237480025071,6.85916506117614,18.9142715577318
1.94070516958094,15.7685814590281,-0.0568312175054633,28.4153712635028,3.92654802130802,27.8599577338086,6.60674142850359,13.8777392434544
2.71375802293342,8.90790839751354,1.53410012529321,22.8562784889733,5.24087865368545,14.4223360718365,6.76053647860162,27.3239248821955
0.431668269092635,18.290077322204,3.00802246177331,18.4023917883608,4.46596450708809,19.4312757814904,7.14735445955053,20.1215760784321
1.7659122700751,13.3041513789941,1.32228226972529,25.0257776249434,2.56607127432471,30.5684305762047,NA,NA
-8.51745439755695,42.3636089362462,NA,NA,4.92514627211921,13.9215257633402,6.78237520107397,17.2377509578568
-15.5474663319139,52.3939641125443,-12.739125829864,55.9161853106264,-8.56615766229751,61.5607405497381,6.72935804588123,16.1051976720978
-1.94781251657843,24.5533540699623,0.318084354392798,28.0589970058099,3.4841651477941,25.5844049232711,6.56173025996566,14.1400083095107
1.83739706176145,13.433046988304,-1.77627683127183,31.7772939472978,5.06341265384514,18.3119597889983,7.00924294213322,24.4990905194131
-2.1930511529794,26.5253957297385,2.22641417846562,18.2957773690414,0.375902833999959,36.5178393813429,7.04754973139169,18.6397843403503
-8.60346485530329,39.2517815851797,3.30227673223547,15.3495493681143,4.71130279888755,19.8226714367971,6.84896259923857,16.7126506393191
NA,NA,2.74618227163816,18.6423504142554,4.53188243265654,22.1448689394056,6.91909424160439,22.363867355854
-5.54626871011897,33.6900893110118,-7.91890664724765,45.4888825583794,4.78742807442536,20.4224922351567,4.78914965254426,36.4015886236887
0.590800959534603,19.1611605260484,NA,NA,4.82550950687655,18.4425357984403,6.82888002671117,15.8382941947781
2.74522120189785,9.55230222537288,-21.3122208078998,70.4516324946552,-49.1589605609443,130.051285817387,6.5554740993287,14.1172073333049
2.4310495164796,9.71398491135997,-2.04901585017155,33.3771498871158,4.56892117036116,21.3125856684667,6.79263515748164,23.2041948168319
NA,NA,-21.284096934371,74.7357491336656,-0.188287164705649,38.6794724987096,6.70435272707982,14.639157126381
-9.90641440456872,40.2476278124926,3.35554710096952,13.9750184444401,-10.5282563969107,64.2905615486134,6.87785854222736,16.4493403408469
-1.31967689782739,24.7873778796937,2.14064917086825,21.0358217361206,4.94590931325396,18.1918344013609,6.73354712770749,17.5164436935402
NA,NA,-35.9536513834641,96.6526158966256,5.00306862957015,17.8944333938319,6.98399008064035,20.651295506112
-4.12087193897494,30.7329415357713,-1.75723043618932,31.6172665489748,0.605411870152643,38.0945903850981,6.78314423626601,21.4838654125214
-5.6084683184849,32.7581263605654,-2.8089965388052,33.8302236193776,5.00202276851567,16.2922352807212,6.75694551759612,14.3327188930484
-8.34037460289219,39.5146273587673,3.07427510343428,15.1744792110073,4.73311218718183,14.6713146523564,6.60378504924464,14.9563101336699
-16.7953603633646,53.7398945930846,3.06793352003569,15.1510392675657,5.28860254709242,14.9653412246012,7.01974794820818,19.3709606653233
1.75626270173609,15.7235519849536,-15.048379111738,60.5276775274213,-2.43731418670567,45.0626005417115,7.14276678879798,19.5220245959024
-13.4919217521611,48.9799490723827,NA,NA,4.76027772936472,18.8575157620479,6.63654233159116,15.2302159387709
2.16038608446385,11.1475683406004,-18.1229828720728,65.8499013306739,-25.7052269902576,91.571291488526,6.39807257103485,12.5282553468256
-0.587169273913728,21.4256038214675,2.60335622195437,19.7701479332437,4.55073000365529,19.9580995554574,6.35779782038103,12.5310136315385
NA,NA,-5.04592790136415,41.4093990917593,5.03757192354592,11.6787179160461,6.94201898107746,21.5675183591471
-3.93564804821455,30.0452083127062,-894.95028467353,1120.18157948843,3.82747576151888,25.1747523821553,6.72531512054069,14.9169606186876
-2.34526899409046,26.6465573840954,-23.8911717701679,77.0808221392195,4.5024033476437,23.158269737205,7.15101392063394,18.3566644864773
1.63894164072947,15.9615829663554,-9.87037325485493,51.5127110156106,-8.25484519162069,60.0489972056362,6.96270948151704,21.3238404393213
2.57480649154984,10.0476334608749,2.96210635975194,14.7141107834974,-0.817583263632379,40.313104779413,6.40683997859054,12.8091374131097
-4.31549832490567,30.515140743994,-0.954361809583149,32.318046034976,3.80255230105379,26.8869584720442,6.93953423928155,20.5621645567781
1.57849082541586,13.9915017696866,-17653.643141437,16743.9734000597,2.7386590481322,31.2617741811165,6.8555789126543,18.2317417564775
-43.7656253715043,13.8360145823025,-0.249032007374383,26.2316447283973,-4.12588347200902,53.0206064860273,6.83048875971271,15.4159445337586
-1.45447077046316,25.1079005756839,3.4342304491934,11.687376084239,5.10798004124366,12.3703380864052,7.10995476710015,19.4771473115929
2.33402037896174,11.0439604148434,-0.479875888276514,27.8536749691966,-8.44040874777383,60.8608720803514,6.58545503991967,13.616119806878
-2.0132347644829,25.7672084475541,-6.37973623957701,44.0859730570636,3.92327856076712,24.8474301366302,6.92179395055262,18.0624169820928
-15.1394697221168,50.5877881713629,2.54896861044821,21.7293633994801,5.20311257440855,13.5406015986977,6.54938891926351,13.8886750478503
NA,NA,3.69803251687209,8.88070259581313,1.02001452738196,35.9310578525608,6.89383261815076,17.1812074095763
-0.250081114920716,22.5271009499319,2.49569336380448,19.4591593361607,-0.830349041860782,41.2974152912247,6.78376574669621,17.9422675945619
NA,NA,-2167.43660842909,2524.07171312053,3.67867829289455,27.9468524890666,6.28891810001539,31.7728360916423
1.88961932297462,16.2070296412652,1.9956629541478,21.8167807183036,5.05964668669191,14.279635102238,6.74516471709404,16.3751224739437
2.03564346634655,13.6602474149724,-0.90039077724067,31.8788958029742,4.03803701547582,23.684113925959,6.49885561900934,27.2553176147635
-9.9995897094192,42.7419661766171,0.819704402219173,24.2133071065585,3.82885467456378,24.7128195321927,6.75213547499204,15.8467269960689
NA,NA,0.92032920056641,24.6289847163248,4.56369479328529,8.7803593621563,6.4697176171503,27.1747881860211
1.21404555731969,16.6090503191235,3.26598724847244,15.4412881198978,3.58218926740887,25.2800081261413,6.97348741372238,16.6410105850944
-1.57288915854725,22.7197700544303,-6.04452078247178,44.3914825900881,4.60065057623436,19.9506103372994,6.83390621123972,27.9843740773387
-6.14583503728583,34.1916102924529,2.50069545219546,18.0602547933687,1.15948743687579,35.4239716753793,6.63918237513247,14.7869900175194
-1623.88713025605,1875.88969471966,-0.0635848026392498,27.9334416706553,1.00241463217489,35.5757610312154,6.82812966369892,16.7538143239002
-39.2973233425578,90.5401577544222,3.16870840528821,17.2508467307654,4.89214769298168,16.6553626983485,6.87085531653076,18.9911109644908
-0.157868512136936,21.0162499085314,-14.6765834726749,58.4233323734041,4.34423581933443,20.3653699571126,6.63530508416104,23.6250849702259
-4.27031854410725,30.6688734835381,NA,NA,5.03362118961216,13.0080459301133,6.90544281442747,26.6598842408395
-1.63487136310846,23.294158529022,3.73577343738015,10.4040041025167,5.02219712152345,13.8536188027669,6.99529275293991,18.235689669812
-11.8981536477202,45.66449642708,-3.78657884097824,37.9977993940466,4.17320740540604,21.637446021501,6.37570881969927,12.7644371111369
1.15410328930114,16.7094384292054,0.938506196841226,23.5706381904843,5.26076878356423,16.7735432506832,7.10068503601924,19.1045051499951
2.25502859220741,9.64418318601393,-7.45661425908456,49.3972709724966,3.84625959251604,27.0484459925734,6.45479957124569,14.1795003683708
-3.41315126208888,28.5390432855292,1.09434957753035,24.693602781178,5.0282350812003,12.3145414355031,6.63716260533853,14.5824675236613
0.145656660179386,19.0898271738545,0.494781443759868,24.5097197812176,4.1402212093196,23.3553166037598,6.61585099531236,14.1126313237316
-0.809582015405374,22.7138190757789,3.30604907821265,13.8061858320224,4.95918769915575,15.5933130626836,6.70318109441197,16.4067616401265
2.43734655659948,10.2347655045723,-1.83806688300336,30.2800571929861,4.8781604328755,17.3207971692227,5.91411537246464,31.1741468532885
-3.37386388965498,29.3253919273623,3.21272193714829,17.0078588126022,4.58964012121833,20.7451114093476,7.01013090338322,25.1371480077786
-2.8048697475934,26.4807065608683,3.67143986877419,9.77272035502143,3.69968036984256,26.0109954208138,6.72991499428471,14.7760466003688
2.32601524753271,12.8975724886221,2.79605153510466,18.7924601923451,5.12734068352921,15.2389158694263,6.93357475863643,23.4157686806864
-11.3941779640386,44.6483969525846,3.46495018545156,8.84501651646802,4.75051513451257,18.0899097175492,6.20892501039992,31.6319782613126
-4.97530380929763,31.9949652679044,NA,NA,4.43395171343483,22.9174232412991,6.87634789050329,16.6110640326747
-19.578952162817,60.2151366154923,3.50908207446883,14.8587566501482,3.78427902419477,24.2435469406678,4.72339286871433,40.1840756263641
-1.27734595620421,23.9006623694653,1.1207931764666,22.8480336680813,-13.1368626635838,66.5272098786794,6.96810324995041,27.0833308084532
-2.07862744828128,24.7095824958804,-6.56016683551302,42.8462364804568,4.73031919569021,18.4271984052911,7.01155616382657,18.5731180759036
-6.55093147425163,37.1534664678187,-19.8844654902365,71.3881678350143,5.28995132459457,13.635082892613,6.78458354040661,30.8648018101332
NA,NA,3.80057805835913,13.0673224269597,-11.1159821923474,65.8460346139118,6.16713870958201,12.4626793647717
2.5139604013617,11.6331634292571,-3.63628723281817,36.9947691970186,3.94401633400371,24.7578455460989,6.39244664265688,12.3143915166555
-14.8622780442811,52.3687442671137,-45.81921474308,110.778270419745,4.89781852349395,11.1793863099255,6.59730955636371,14.2321218315415
NA,NA,-0.0683531792740908,27.6866395624935,4.89046945541606,11.3721228410674,6.59096965648509,22.091889635731
-37.4149150368146,83.12706062482,1.00773598222071,23.7136411949359,4.81722957391836,18.8515194950704,6.83697525010228,26.9496872924002
1.7761486948111,14.7618259503602,1.47454715078763,23.741568001052,4.23792093318207,24.1782311610924,7.04939509258616,22.246856635508
-272.052822713329,382.673776507598,2.42652578332677,21.4150711896954,4.6070091060384,22.4736637119214,6.65678592205382,13.9833062243655
NA,NA,2.95601795668052,17.1494251285886,4.96446817440773,20.2152258405428,6.6888546116586,15.3073603279726
NA,NA,0.0250263642371884,27.3784064762224,4.59727520441663,20.6196179585416,6.77654201835594,21.0478609865427
-5638.86493142446,6107.97918221125,-4.99533271241123,41.4068426130351,4.65352914309793,21.8373630724004,6.92496330326833,17.3069032493868
-112.849921466154,56.9004828445902,NA,NA,3.99228547208101,24.2856005982756,6.805387896571,22.2356341685312
NA,NA,3.26708880725069,13.5627805120509,-1.69119729239335,43.3172419132729,6.96416367396175,20.8561870325717
-34.2595696018285,80.7433637646492,3.13663046585525,15.2791640960272,4.58051999995803,17.8008708110858,6.8007641315044,26.3543119927951
-19.9495339741922,59.6057800825233,-8.24594864175753,47.3169202238976,3.50460241733345,26.7557710892899,6.51775633506419,13.1537170593406
0.743481256802095,17.8557480568965,NA,NA,0.651455987230417,36.5149667441284,5.60950870162669,34.7809486136657
-19.4283749977123,55.1558981426662,-48.9318955101584,117.572006433206,-5.64008462639202,53.5547786449937,6.44083484272099,12.9484787502377
-2.38988538599416,27.5533607481211,0.0486860352133061,27.8820306376633,4.68225262513049,17.2869920331002,5.79765231409229,10.4582313197635
-2.90091789718378,27.0032841343202,3.37247790373314,14.0906087442317,4.91834246255575,17.2236434812673,6.58644170125078,13.7720993538099
0.260978677380649,20.3223547845571,1.30560688933299,22.8822295935499,4.79462898050326,17.4286704000892,6.68710519161212,15.2329504622965
0.78841412633246,16.2135133513859,3.10049330277315,16.2747619647854,4.295744407537,23.1062106353117,6.82593084201866,15.5874637474039
2.19809411987968,11.5950092844904,0.816611767643767,24.6897849240902,3.62298678725483,27.783888105271,6.80120890683541,15.0931746590979
2.6234463109298,9.98801858543739,-16.4164209770978,65.4485890508103,1.41454784069363,33.7419802012557,6.76729779394167,23.223691032564
0.763457598004521,16.8173284920681,3.5938111565609,13.7115988686296,-0.00164202245992584,37.8912259347225,7.01539700976091,19.6040762713106
NA,NA,0.0539522100824161,30.9887931654519,5.10286881936168,17.5644559273443,6.21652284332154,28.5369414832498
-1.94983268466323,25.0157702379527,2.93507335091656,14.856599598026,4.94096870858559,14.5475246127269,6.86192057312892,14.9910789778202
-35.1398632575142,80.3896446874446,NA,NA,4.66964050360119,20.8484979179938,6.78882786852996,15.6594000424193
-21.1116578554856,59.9464428551547,3.21911805949867,15.5627852859803,3.30438506145346,27.34194537448,5.60248383574815,34.1304872933287
-25215.5762701299,26176.2270537142,-5.56587827883112,42.7789508221567,3.47067934626731,24.91190755585,6.72614605071151,29.3730570885178
NA,NA,1.47220247491716,23.0345485561824,5.1371196590097,14.7018393396962,6.80905774471105,22.2319465438315
-0.27868020891696,21.4593283565291,3.88896736140967,12.246446688413,5.13689620125623,17.9968380347901,5.82776707264421,10.2981416522994
-5.55707900452801,32.608654547637,-1418.15920716457,1706.57096556544,5.12223536520863,15.8636605901103,6.95928771964074,23.1941031931699
-3.4485099169016,29.1762590677533,NA,NA,5.01878954529021,12.5072606115557,7.16370975524001,16.042251741725
-3937.11642424998,4317.02014343188,1.04693271201286,25.5581399087456,3.39505946692678,26.6629777240854,6.67205175076598,16.1855050767246
-17.6250101871488,54.702513933487,NA,NA,3.49731875799122,26.8649785916395,6.81461743266855,16.0400972459498
2.03543778294675,14.3384911660288,-51.9819484138905,118.878846964142,4.37352660451716,21.0991552706959,6.83733575285334,16.2821442234549
NA,NA,-0.697279893728929,29.7709750425403,5.18533713110801,17.0464770586973,7.1127405218896,17.6637654431004
0.458361297728153,19.316476101717,-67.4701770255784,137.787674047874,5.1568055825015,13.6109960847852,6.88123848883662,18.9877981659062
NA,NA,3.60877084399884,11.7616512226386,4.86334345512156,14.6085764231232,7.11738171241048,18.073019521287
-36.2908816360012,85.5868735784598,-3.41779143936112,38.6040157996136,2.60363198488145,31.2218492789495,6.88256542481221,19.3484098456339
-37.4688589292213,86.8130477675753,-11.8140795834117,54.7950943730989,4.69642224530156,10.5785205958367,6.26768876513212,11.8237764170507
-0.489007086480028,20.4469588148163,-21.7286057767978,70.4862024864052,4.82508378769475,20.246799253016,6.12392361792748,11.933107039823
-2.85324168962594,26.2342373423103,3.05074989233834,16.5767384090778,2.17396737864862,33.4008628302884,6.67727706864638,14.9635131304956
2.63605873086225,10.2907645269792,3.51134847829605,13.1596100080357,4.19934344875256,21.6381533964727,6.78881946876101,15.7841096966283
2.05428540750189,12.9989221837574,-76.3874243344032,153.692029632201,1.71225551330015,32.0254417243788,0.880441362983852,52.7607152605632
0.38926432549728,20.7276287359977,3.65407300989248,13.3205666641567,5.21734619295648,12.5716541105579,7.01482651274937,19.9332344277627
-20.4014800633596,60.9290091198105,-105.804018581471,193.189794603479,-22.0800254475352,86.8585464534453,6.91452898660758,16.9095582245023
-10.7831342856841,43.813947483411,3.28510938857502,12.4456978141825,5.08179541293681,12.791432365323,7.00681683456949,18.8181340788193
2.19058262020348,12.9492354695989,-4.03895148926381,39.4682644347091,1.72242736074975,32.9096861457926,6.92994356226731,17.8411960390344
-5.02459084260544,32.0281518651364,-1.88621546269819,34.017817332021,5.15170453307689,17.5306344934246,6.50303338551642,13.8450614607886
-855.222634577381,1041.04682020132,3.82395128876682,9.32598432255312,4.87414147968359,16.394635091351,6.87811896687697,17.3842510947838
-1.10702908653215,25.6378702442472,2.6849587775626,17.4730896980684,3.25812524413613,30.1614979494517,7.19311639613647,20.4193658162751
NA,NA,3.27583867771615,19.0854611099565,4.70648619372684,19.4012901872592,6.58741896036389,13.4047066874753
NA,NA,NA,NA,4.53493129444628,22.7935175286089,6.46279504892674,29.4111480232368
-336.0880597519,234.046586468599,0.630108249454683,24.9213658223646,-163.503210132932,297.993949267159,7.37565535249547,22.1305190339385
2.54567252132231,10.8987678352416,-0.677160550202629,29.7319608890418,4.58098623391996,20.4828418519205,5.05696150099142,35.1218529263968
-27.2055155144536,71.6208576492943,3.04924745364721,17.0020346722043,3.7852372095696,23.7844024883982,6.92676050683098,21.2478144737509
-2.52131817317134,27.3037371114519,-17.6162475442274,66.2836347883655,5.26902119742255,15.6390174630361,7.14980749170931,22.4440902255323
-3.75232089764542,28.5645510982441,2.47064433242755,18.4771641085451,5.3849037092949,14.9984282332363,6.74100258319231,15.3264053746889
-1.13955376536837,23.5699654265703,2.12790919910854,19.1098684154889,4.97900473405882,17.4133179542539,6.16830642733483,30.666553891475
-993.759008382996,813.785553878973,-0.684790267142761,31.2409942487428,2.92250300576256,29.2704721067342,6.61335916182887,13.7883228884183
0.134853255588329,18.7513138585164,-9.53339013555733,49.1129882583083,5.19813160864886,13.7380805421188,6.78797303766486,16.1115170153507
-7.00229927139021,36.1238224600261,-21.3824783444709,72.1102384142574,1.37622102859363,35.0116642642907,6.81502921038285,15.8205001904069
NA,NA,3.61304410556052,12.3280856604298,5.15445814950314,15.5827134295042,7.0377601838101,21.4964130916723
-25.406370125289,67.5060420509774,2.54567886309633,20.5972891797797,4.54014019033148,20.3469644339345,6.89523424110916,17.2121252555372
-46.1311893398019,100.351297407313,-1839.62410135925,1535.20416291487,4.27402491351888,21.7888146937936,7.03706026277992,17.2008262524488
0.530635081897108,18.3362323796779,2.60202915064207,19.143120064992,-33.2607193217649,108.386733422385,6.87087006542608,23.0913146209654
-23.0021156529822,65.6281198343657,0.347827413786144,27.8330887310078,3.70466206156576,25.3954461505476,6.73760683983114,20.8994633035922
1.52833410228257,14.4382048337166,2.44852460669574,20.4767223410373,2.92944718104916,29.8623725628534,6.64161073424753,25.1257755024181
-144.63015947484,84.5717953516457,-54.0268940418804,123.802479817184,-0.951081456291792,40.7873041366058,7.06297361683827,25.4122077141992
-8.03508604278163,37.2187700939386,3.54339656974255,11.7829766310399,4.71462507596819,17.4144493417751,6.96326705844167,20.3003247166798
1.08178221484274,16.7055146011533,-8.87303484515316,47.110357773039,4.99881587652158,12.9790367900949,6.66050911240257,26.7866169586052
0.683194300399222,18.7468470006948,0.292723362908017,26.5516710692386,5.07291887340023,15.3006530638108,3.85259847232127,43.6281135845879
1.07472796357681,15.8319117513413,2.94227180610325,16.9908783830017,4.55671742350385,20.4194924453589,5.70223281307486,30.5713794332187
0.203857857775754,19.460699196857,3.28559949412957,15.8228799309553,3.87571685896179,26.9165406583479,6.48933741090306,28.1515922782868
NA,NA,1.63769907202723,23.2215509899382,4.8734627231034,11.8532414504271,6.7963731432852,17.8578919843194
-0.322214757285209,22.4274780435896,2.54565566313151,19.5741539769981,4.16117339920256,23.4264568132117,6.66579465713037,13.6116386010443
2.19645533298881,13.6293348300436,3.30305490507656,15.1051073414293,4.83213856805179,16.1785839136628,6.37215223885365,12.7301572424707
-2664.36573053003,2385.87340386528,-4.59888377189421,39.8295051350271,5.18458057896374,14.7856085825755,6.94237244800085,22.2553769803055
-112.386077861336,59.4059788981253,3.51046978213687,10.584229210628,-2.76540731237696,44.7456958702087,6.87630027293155,18.928270968701
1.18945788641345,18.1707858092808,-4.10895501101026,39.8343898651853,5.00356329515199,15.0521685386838,7.08513791855187,18.6026125181528
2.05971784262553,11.8124383671,-217.65499306027,338.806818393964,3.86521991274244,26.3238381511404,6.96626100489284,16.9830076502112
-325.061008137288,446.536889555014,NA,NA,5.04566752194443,12.8826332042201,6.71748229792955,27.35080584864
-14.4056702454337,49.3332958583501,-58.4151483465986,130.542203454163,2.45302708671794,29.421610782824,6.98360536255769,17.471832484143
NA,NA,-3.72432398791502,39.6463564252528,5.14219053269248,16.3056666832008,6.91774587471205,16.4389937349146
2.0175679581157,13.5857377833248,-3.05660656455096,35.086584402961,5.13768046624381,18.4862346928778,6.55514613179711,13.72006933759
1.34667679905723,17.1981260634188,NA,NA,4.48056377495007,20.3108396411844,7.02995053029018,20.3637208144609
-4.6021515230309,31.1296006640532,3.10638019769837,17.4777644989752,5.15890816260061,13.678177686853,6.09829545647574,11.483870463023
1.68491087582686,13.5279883279885,2.56466318238196,19.9141723200859,3.28997549479381,26.5706635333055,7.03138444738932,20.1435854049807
-1.54556094785013,22.2166905711984,NA,NA,4.17058240167307,24.8496322348905,6.5488903122601,14.0054869219939
2.4874163191025,11.3434782483556,3.40637128795822,13.3943848014886,-46.3493050704772,126.635707890667,6.88051463993865,22.6797889926556
-5.20197855638875,32.3532208765922,-5.79078687463091,42.7113421063833,5.08852754403182,17.8516374134809,7.03780682942684,19.920709654292
-0.292863271840387,21.9450369093047,NA,NA,4.38658207948304,21.5150786351131,1.8577758573578,46.6024780507475
-5.69628985572706,34.4243909483316,-10.6118013870526,53.1382538766266,4.2294573718117,23.6717300629665,6.24666180108392,12.6501114632466
-5.64288961711923,34.6924525749322,-70.4615644528952,24.0065315449426,5.04740012775188,15.479661618634,6.83840031843838,15.5767576771404
-8.71973393183082,40.949074409375,2.84025296913838,17.69663931288,4.96589195541656,17.5396816242985,2.93775498291579,43.4584362036035
-0.366124961587984,21.7059515470301,NA,NA,5.23243703369247,16.5895050989625,5.2237482525127,34.8305336405641
-6.03749782256665,36.1801613386152,2.006823801623,20.3606169693209,4.48580873281715,21.6151820176611,6.58029914579305,25.6204267085037
0.371792679675181,19.6178131106224,-3.77656993081551,38.1769022646348,5.07925962212184,16.6303635784813,6.91178744792314,20.6363240305864
-1.73779834843093,25.9446950893948,NA,NA,1.76141347277942,35.7601740030011,6.73505690186764,23.8184635954768
-278.095252781037,388.498982060615,2.19915856462376,21.2650910272175,-1.89542482986539,43.0835466318325,7.21035629784856,17.2324688789287
NA,NA,-2.50112690260887,35.626309939195,5.13156080294206,14.2046787672828,7.05618318147672,21.5813346355704
-669.874467064276,822.972262365587,-14.5630867609045,58.9847931292296,4.98103870398196,16.1164576041325,6.23885121729904,31.7166934237211
1.10403163087748,16.8642566833617,2.76619581347212,15.709246515333,3.27328209295198,28.9649428356481,6.92517513705345,17.3547080582798
1.4838190767934,15.9781073434933,3.38160545184793,12.8005938089891,4.62000521270584,22.1241355765361,6.48601329165513,13.983825885349
-4.32355667073536,29.7323081786794,2.22708007502594,20.999930833187,5.04067502945316,17.7964493107297,7.04241405523757,18.4927299871322
-3.81577889179681,29.5245308207808,3.39550457172572,15.745298308518,3.48631622871187,25.1706810941101,7.12606135872253,24.5555734859634
NA,NA,3.35443519278002,15.4769648545336,4.88553605606511,14.9264911257459,6.07704493302385,11.4877044345463
1.70961076282171,16.0991872765961,-9.98998757170645,52.4215961927043,4.02799304207905,25.0050192570921,6.90181750624904,17.2522711432217
-10.2762321443387,42.4680502744625,3.37878584539309,14.6154261047172,1.50702128151838,33.5620435669264,7.10166618425939,21.5823877001656
NA,NA,NA,NA,4.5427768698049,18.8491141396724,6.7781776895036,15.7686879759571
-166.683956024404,258.455576477265,NA,NA,4.60638243426027,20.8449683431915,6.87318172851266,15.8767584436073
NA,NA,0.582857352215605,27.1519541631392,2.4864171220141,30.4005791973947,6.82583581025902,19.4021068204136
-1.55337402459698,24.4416426078065,-2.0390135583535,34.1099374872099,3.93098338218897,25.9501736959842,6.60926939225446,25.2963522725388
1.742757355378,14.8405759307431,1.25897936925727,24.0965648507717,-4.52405313280453,50.7972160497342,7.08343779559064,17.5390927947256
NA,NA,-18.5361122978332,63.3639747264374,4.13174447168968,25.5993102117661,6.84595665248721,15.7435244117048
0.889334528943646,16.9435012860406,-1.54943508114203,32.0114965144106,5.14131099338455,17.0700429557802,6.34163800972252,12.9908072873624
2.35677593498913,12.369834610865,-13.8409543998325,60.9324880340027,4.86939769905656,18.4123460100638,6.52513992224367,13.3956122378764
-1.74426771988623,25.0600696233483,2.98901188532329,14.7355290836961,3.07130634797908,30.2882433796399,7.03831660548365,18.2481657462563
NA,NA,-99.2610431713885,186.525759274363,4.59175061240192,19.7404382476205,6.80025279029791,19.4694541594988
-30.0522039428529,4.6083574786197,-3.64106274091283,37.8122317194347,5.11318094815242,14.3913619287433,6.36717277727934,12.7192516037082
NA,NA,NA,NA,-27.7504218372969,96.3516563332514,6.66086610296901,15.4402989343222
-0.0558855330053181,19.0601446157958,2.12752627590208,19.9185565248181,3.95551095350142,23.4654134436835,6.95328578660058,17.971545170439
0.295022918177919,19.4637453668545,NA,NA,5.2307376233897,14.2682219346759,3.69393264677555,43.9476712427491
1.00513642473381,18.1062470520983,1.0654669797431,25.7464925719626,-29.03775162446,96.7690114483048,6.42040394207396,13.0039177521398
-18.0262129339757,55.8022834958959,-15.4250012200902,60.2210128453243,4.3351951469845,23.9286807426934,7.01118077384495,22.4194483200759
NA,NA,-11.9339038992187,54.1815827414513,4.91029476430448,16.8535083508103,6.75281855076841,24.2656032562612
1.06208524656918,16.0762412374727,3.44817557786337,14.2419871226875,3.65564150983577,26.4760685114656,6.62586227117078,14.0943869585424
NA,NA,-448.397938277537,615.303277099028,5.12860760366158,16.9907451100382,7.04664399127265,25.2500567690171
-17.7657576312198,54.4755148790296,3.40977951049842,16.4141856513836,4.37180869992183,20.1429540170754,6.60432149776015,15.0647946768834
1.5446141988437,13.4495161431919,3.17443244378801,15.4142182049332,4.64941062225107,20.1269293834244,6.4815186929478,28.0492233538842
-317.353769702726,431.234414193411,3.69681677336322,8.19387310822216,0.421093758879344,37.1376913017549,6.20771281471056,30.5735798091822
-100.010579927982,170.853446534169,NA,NA,4.89780953252104,13.6162221312484,6.69437740302709,25.7016866510855
-7.7680513547756,38.2527418335224,1.1678103656143,25.8062013529503,5.46351325073873,16.0560318134833,6.08181770800362,11.1284327177462
-0.356106566586707,21.5500915630124,-0.936761224934314,30.4432901748809,-81.3041390316017,179.678992223096,6.8304469155922,16.3425234328741
-0.499738640862002,22.3964423452357,-730.223654274627,939.065652406668,4.01819969064482,24.9469335702994,6.53203744856675,13.3206174630434
-8.64744063418376,38.2125585777137,-8.50311203675827,47.7427383408376,4.96562615142567,18.3433879237064,3.68518830614564,42.7113012197349
-1.30455257884143,24.1383057618109,2.93894384015915,14.7690905505713,4.76914491321165,16.838802204373,6.21274370355878,12.4774126486189
NA,NA,2.29047803179752,19.2055948464001,-171.511702076842,304.367855581203,6.64853901858637,14.348241580636
-11.0519673107316,44.0578036636036,3.55037221498026,14.2558870442522,4.9799312100793,15.8784451252303,6.76047598651349,16.8345206766695
NA,NA,3.10010241334476,17.5813064905105,5.11255272199433,13.0669376219837,7.01393017049627,18.7733489688411
NA,NA,-25.1283367453881,77.9102328690989,-2.53180657515522,44.7650800293652,6.80256846692346,15.7144840894408
NA,NA,NA,NA,3.89227693562064,25.0375329882349,6.78847939133143,27.2135439607711
-29.3281955652569,74.5517378912845,-30.1656659140007,83.6850310508028,4.80774398920416,18.5377402041215,6.63633951200972,14.1847598887237
-15.6771643643868,50.2228202934531,3.04752416056427,15.9576793304559,2.81115555704408,29.433041231483,6.23655178335069,12.1498671792388
NA,NA,3.17798152133286,14.8091757977752,4.8227530320793,17.2437220070137,5.21568427472031,37.0399419512562
0.999738896937862,17.0925688393524,-1.22547967081102,32.0254806469566,4.91602226715171,15.2557454369819,6.4768070215449,13.6197929733368
-0.665355873828787,21.4890944934217,-130.707915510449,228.645369243985,4.81765040885804,16.8959797843552,6.90579044353005,18.695313015409
-9.44859559926313,39.2031094592339,NA,NA,5.1222198083444,14.4678663013903,6.81466167511333,14.5817536590894
-9.39523049370496,40.3205330278154,NA,NA,4.9477844796676,14.9116562719214,6.75247839616186,24.9530354352202
-1116.10658458657,1335.32849761902,-21.9918575869998,72.5845508335772,4.48905918777849,10.4194912449003,6.72440965572234,16.1737055872594
-12.573317716098,46.0665744414637,3.41634606200661,14.133262235638,4.08383391024761,23.6922910037216,NA,NA
2.07069802032042,9.76271409458731,3.41483107614732,10.9306829491842,3.55835399837493,25.4149963197707,6.81839413009379,22.930673955086
-31.3497995006558,5.36390888198376,3.56893061429375,13.4949774868359,2.47469072882627,30.2289464836064,5.8484975092766,10.4033708866702
0.989981284385322,16.3204855374968,0.0774936092751179,28.160967874953,4.36129182061439,24.2368322011678,6.70522846981277,25.1343161282487
-64.3799363040137,25.9226812581537,3.07596908543966,17.0342591209247,2.13560742199623,33.1129305065726,7.08225870186666,21.9869837627415
-11.5588296940328,43.3706240129669,-2.58002513121834,34.5825509604359,4.97285671296549,14.9658361407858,6.87245824662065,19.737448607467
-1.39059724841178,23.843455371028,1.34821645156195,22.293073877463,4.70144284215749,11.1950837995984,7.00108060568019,17.0999022880933
-3.09325086637068,27.4778101322953,0.239385336025563,25.6182970226079,2.97091235689365,29.0838835631645,6.21421256444168,29.3330422137511
-16.1487883850116,53.4029750739281,1.26563250108633,23.890220652801,4.55982604542426,18.3480897951263,6.84738137466775,14.5083784958795
1.68704440199976,14.1515863733758,NA,NA,-16.5813160424419,75.7807255568952,6.80670500870424,16.8496631080492
NA,NA,3.64548635140308,12.49579363717,4.165445484009,7.00012124091644,6.63608913888755,14.6383132329608
-2.67352778373135,25.6261265073505,2.02736624843826,21.5333348317696,4.93795588027647,11.7817453962038,7.00896390104078,16.7321413431908
-663.339914892812,516.834197118062,1.91434175190488,22.498435105228,5.02905891688554,15.0425374191692,6.65578171636368,13.801727815066
2.68383822440225,10.0007419308884,3.37519631925721,15.2728642919537,4.03559580526006,22.0852989664478,6.67725980541976,14.5251134470499
-4.09533604684843,29.2275031202202,3.53275911745038,11.9661487504541,-13.0936858286205,67.7113017762703,6.92336101925307,17.7798526019727
0.00307006863307357,20.7151962779321,-369.705655186712,524.150123589532,4.98181022288653,13.8298888206484,6.86243061057309,21.6776157793139
0.325735047098819,17.9979115819915,2.55235201727359,19.191351616628,-14.4896098592482,70.513077765192,6.54409264453781,15.0237741783035
-363.277945518015,255.093162321686,NA,NA,4.67985355951433,21.2071864404853,6.90724965404463,18.2259883260012
NA,NA,-7.09950899267722,46.1426507829136,2.48828991738766,31.9128407242034,6.87208382152381,17.4050130048818
-43.4408375891347,95.5564918926664,3.60758698760563,8.93267445886363,5.02809298715709,14.1857746256384,5.74055191559749,31.0048165142396
-2.57536055585611,27.0475269603524,3.61313268769961,15.8865775199619,3.86145872299888,24.8996019380817,6.96706195145287,24.5514974498506
1.34922494692143,15.871448778583,1.61709479647105,25.0221654336434,4.91325161005675,19.5009560271203,6.52906748304784,25.0411140819362
1.05771017696526,16.4194096627576,-167.414360881368,276.653574059558,4.13378607662141,24.4186915512377,6.97803161553382,21.5056257654631
-11.7758663997245,43.6767961923513,1.55065601038158,23.5562753229085,4.30043520403435,23.9409876719434,6.31492184837019,29.9812547931731
NA,NA,2.03577105254674,19.9191570654288,5.13111237615489,13.8967505217963,6.90526591481925,23.7891910156537
0.836767630870781,17.1017330540107,-13.483099762733,55.3963349269779,3.01270713398897,27.5493426130016,6.5599007672962,14.6308657018139
-3.88233706434417,29.0965970186922,0.649070589107664,27.8621585426133,4.61163410362505,19.6060575819586,6.71108813487987,16.5573779238986
NA,NA,-16.7350510016462,63.0196192085853,4.83614427893245,14.2991934642438,6.79345637492821,20.4546914084103
NA,NA,2.52558532929295,17.9024238362908,4.97494999743818,19.4849479801542,6.1243563113447,29.4668947639781
NA,NA,1.29867935600229,23.4444553597,4.21010336761082,25.3110433637478,6.40171607787778,12.7857011840157
-13.0321912819996,47.2066684289725,NA,NA,5.16418057571545,14.0119169219725,7.13945107098429,18.1225977082472
-49.9915933572107,104.342461141586,1.89904213764872,23.4439965009637,3.38660741897443,28.7387989669231,7.28703261059358,18.9036342432187
1.77011243802241,14.4027469989087,1.99352538927054,21.9084850623998,3.12574360125814,26.143869773069,6.83214176155786,15.3532779597246
-5.40060810379508,33.901408810616,3.20369756562728,17.5042574306016,0.406319996958036,39.0172561725144,6.83100121849281,22.7982574000353
1.6359307336942,15.3469033346548,-37.0928193173485,96.0787272826252,4.82246332155857,16.0667989878848,7.05104543959507,17.2136011819765
2.14536463787599,13.2908565762208,NA,NA,4.9459121800653,17.9207198365627,6.59348858058998,13.5443670101494
2.34499505073941,11.2073380974866,-8.66693209099828,50.5142854959769,4.84854724446155,14.9484542962098,6.81454306860702,16.16905734651
-6.57673959105415,36.2413922236345,-0.617057831181418,29.4027304773309,5.3496437297512,14.8118198040234,6.69465032644955,14.6230408840416
-2.35220176846651,27.7150509196499,-2.55980175023113,35.5470369486561,5.00572950188665,19.0791138303417,7.08279925877755,19.4461503891597
-10.1262127311495,42.3403124815548,-3.71237361672268,36.7778221339389,4.75128529502713,17.296783483564,6.8274390663308,18.0917073510648
-57.5653279852249,19.6501833156246,-2.29083996563859,32.428948829578,4.72710357705019,18.7684739075684,6.88184693867436,16.4643147632295
-15.7186003866839,52.2969977459687,0.360672479966219,27.6877194736608,4.92518980269607,11.0141452009881,2.4403195174075,47.251758312772
-30.3315128183477,73.2282384233121,-20.7461013261388,69.5559259527084,2.84333490055069,29.720921390264,6.6152315526596,28.6755487566186
NA,NA,2.88358636286828,16.5513650715672,3.06008496272386,27.118876779525,4.68733711432363,37.6334409001016
-4.72013410813107,32.6785720053429,2.06434148279043,22.6460954916922,4.81107652514034,16.9924965084825,6.2800682639977,12.0958464158727
NA,NA,-23.2225931890192,73.8755315880003,2.4768970426333,31.7297266984354,6.60348717508754,13.1506266199497
NA,NA,2.61701678604997,17.2714969863322,4.95677571073138,17.921026526793,6.83535841133417,16.6492817672451
-18.248223125064,55.8645706605449,2.9855990702561,17.6216524032101,1.49586931913684,34.956882079652,6.47740677354271,25.9496513268515
1.54777293508323,14.3176322140259,0.687181483380629,24.8008425168106,4.19904796294267,20.9992878858107,7.02937447061958,18.3718217440882
2.44877607562815,8.10209834490732,-2.28703149150475,32.8699337537547,4.6844508615739,21.0685617666871,6.42951683797398,27.553778923815
-27.7458433656942,70.7311529534361,1.11582902345591,24.5010553601794,3.23872556690675,27.9872048981253,6.65975214591109,18.2412787611865
-751.311732387171,600.098085653796,1.0631348027833,23.0448177473164,4.94715697237585,14.4286699586262,6.02944390996571,28.8760865062924
-23.9535645363297,62.8340597727056,-26.3633312948579,81.3992575399705,3.2267125924555,29.8705451904907,6.4369630678238,14.1704680370907
1.63082443624528,14.0222505410224,-1.36203459061937,33.0389026367755,4.70561908738669,18.0906612974787,6.18881946414939,11.7479773660631
-4.25075713262791,29.1324898513576,3.49665620470006,8.39319005926535,4.81972902162166,10.6363283704141,7.12567138177904,22.0470940770351
-0.157134576493883,20.3067179045524,2.19207446085386,21.7518479114816,4.67598322112912,9.75838436872016,6.48977159892793,13.2395272220979
NA,NA,-12.328831514991,55.7933812317869,-6.37265954519775,56.0070179315028,6.64025548249411,28.3237295118337
0.321406107045028,19.4785939325563,-51.5838944926651,122.484825330828,4.99399383398451,11.8710542688004,6.8910356016562,20.8424765574896
-6.69076250680916,37.3236079993039,-6.16957054451922,44.9446741946007,3.493020809422,24.4591496488239,6.41830184585638,12.2180722047682
-2.76943096021704,27.890146459661,-2.17197696311629,33.3423959702893,1.26072430685229,32.0336865281096,6.87006812199736,18.2725835617871
-155.389705775408,243.463734857971,-336.192352117481,485.888373419323,4.25828446998703,22.486295308847,6.73220113406028,15.4648359870781
0.726033042008861,15.7772413027529,NA,NA,5.09006872750613,13.2681051630907,6.98558290383773,19.089693283943
NA,NA,-12.5922028520975,54.7828526359849,4.849486848389,11.2434000661509,7.04008350802163,16.4204288479363
1.24839456133518,16.4391843655855,-70.9871837123421,147.525072714778,4.00989009211313,23.3656848973742,7.13013845662583,23.5161949419078
NA,NA,3.64194870503125,12.886354712174,4.7770897705647,16.4809204997695,6.3270520701391,12.7709944662823
NA,NA,3.37549503921202,15.6649736402369,4.1345771823097,25.4963323923922,6.94231269907422,16.9332036506069
-0.158161115622917,20.4056187213791,NA,NA,4.99202054324099,12.8021468273683,6.48807755539836,13.7212535054148
-11.9474392749774,46.182167425353,-15.1599833844697,56.7207858632764,-5.07301621444395,51.6242170759341,6.82837184093053,28.5477849687205
-34.0798959314038,81.5129101750054,-17.2794321972521,66.7446268552926,-1.4980772315028,42.6937793427562,6.52964186731885,13.4105594263606
-472.622477603898,616.401003071201,2.41617076053713,19.7935478920185,-32.7905077145251,105.811741914203,6.96261208688226,24.2875534896667
1.86127312816611,13.6463558216155,0.986551294873932,24.4572080865896,5.22101014602912,12.5627902147213,6.887287958962,20.3278624753029
-6.90471481086008,34.3281727723585,2.58124993275342,20.016068402393,4.01825485988154,24.7107273530471,6.87861016124168,14.4342745866244
-113.804691827637,57.9029920406825,-9.56136295144931,50.9319735642745,4.81974371529466,10.1221265028279,6.96560692925845,19.2248832844628
-9.45754851350858,41.0123777693124,-23.2913094952078,73.5080978334989,4.55371410036537,21.3333362527176,7.03193820424762,20.8148049357638
-3.32455275811103,29.2329257821133,-13.2857003252923,59.3846065944297,3.58693857539111,26.7300677330489,6.9868685757689,18.1729668277906
2.59939273444497,11.8303325493085,-20.507352959531,70.9572256379816,3.15132544898801,29.1181329451026,6.86879885045391,18.7324430329961
-8.76254339230966,39.1904931445067,-21.7058300620089,73.3975271898313,0.226827085609855,37.002886501593,6.96784777483096,17.6317198102705
-19.2146002927984,59.2192440654716,-1.56435360141761,33.7889094334955,4.78079949665018,20.693334892498,6.74446891053499,15.5824946312589
-37.8712057985656,86.0178068942524,-194.018116535815,104.296811343575,2.02634974254181,30.6762347313052,6.90426408668075,26.9094359917933
NA,NA,-5.38271289368312,41.9920793559747,4.9850514508115,18.291120696023,6.42544871039871,13.2498504600371
-7.14273603493463,34.5068446771967,0.696308794764519,25.9142508511502,4.54213562408773,23.5525662757344,6.51611736269624,12.9932609467107
NA,NA,0.814597259984572,26.0989168711829,4.65511101216571,20.9618373275487,6.45242786177559,24.0857291903319
-15.0853175745701,51.6877928537602,-22.2015264755979,75.1881688322713,4.76325934820805,20.9991021654074,6.89349763317843,15.031115454789
-3.68384038129734,30.0465017233425,3.63754359071338,14.9095957855358,4.6831518218648,21.2148696114575,6.88769469902296,23.9783179198211
-9.26458353493475,41.4838972494134,-0.0892349131075427,27.128934715182,2.27300676144561,32.0954195770791,6.59530576583556,13.4786642369389
-2.05736695045447,25.4830524672797,3.08692910861307,15.6202597031974,-0.64702902019916,39.240611598924,6.43145013224413,27.639812011593
NA,NA,-0.649137627014897,29.9065074038278,1.60034827834723,34.3781476465107,6.40805778264758,13.5148791229149
NA,NA,0.908067639525738,23.9500917368964,-13.4823165321462,70.2820612748436,6.68685210930606,15.8400350901909
-25.3351838700352,65.3736154228787,2.44785287290505,18.0011446718052,3.19636968353024,28.4194803533718,6.87757058496661,18.1672391196188
-3.19970623028587,29.9166735165181,2.93753045492818,17.5125928782608,5.12958001805751,18.1927032570929,7.10483423373577,19.849817905845
-19.2065763616257,56.6660380263095,3.42578822453947,13.5396808191235,4.61110287637031,20.9282602945292,5.43283909954672,35.5025469610346
NA,NA,-50.1169164924339,118.656719281651,4.78861868566564,19.3092623446645,6.78034741899255,16.6471080275896
-5.95391015388122,33.8982259331575,-31.6165724340819,83.1787370054123,3.03162599817232,28.5888872815579,6.54762440413744,14.5804262186967
NA,NA,-62.9579675196115,132.070646473291,1.49169092120852,34.382528505112,6.92076693750278,26.5214315892878
0.966926504805463,15.9574392608012,1.79173774295705,23.2487075704008,4.72641139760886,15.2916981086632,6.30976605251128,11.9122761572188
-1.41311654276462,24.3033003476867,NA,NA,3.75812935044373,26.0409782507953,6.96647373127323,19.775641752421
-225.792706194871,326.929584542255,1.38104432993511,23.7553430388369,4.86843700658858,13.1551536460871,6.97193887613736,18.1557399231577
-0.612801548935566,21.2171153826155,2.4932260297869,20.6434553380313,5.05065751377311,14.1533187939305,7.10855945813431,22.113097027088
0.669062372754828,18.2375659928982,-0.361104954873994,28.2647231634282,1.09931992978368,34.5047652347752,6.93692853284331,16.5169585977737
1.72142550666209,14.6653969692182,2.96073266153719,16.3969958353387,4.59926046462295,19.1324319857294,6.9482095650002,19.8381305575884
-3.01884769555574,26.8077551157508,1.53950232922846,23.2024838273434,4.81293660152269,17.9427661713613,6.4237570373301,13.4257890271545
-188.133475265089,114.14788183594,-80.8443612721805,160.889731265511,4.64252018177766,20.1105599813949,6.97061653084064,19.5310929926667
NA,NA,3.54791453527138,11.7692520138392,-2.19104694578784,45.1936131197695,6.88985625607365,23.9725992086802
-428.147529939839,561.091411471471,NA,NA,4.08840586250652,20.1383895287142,7.03257936634376,20.8535659618787
-0.208436458524833,19.526280998205,3.53318324253632,12.0568952748835,-1.96257957790723,41.8104167667815,6.71321466721553,15.400437806276
1.79387293418161,14.1844847651772,3.07607492879967,16.5315864534511,3.72539520093103,25.7334311858147,6.24179477992494,31.0937447699955
-0.468522262427051,21.5629686625449,2.32205832579042,20.319450387064,4.63548555312319,21.6707242234159,6.75693820302415,15.9070929154207
-1.09609277280327,22.0961721229616,2.92994100706261,14.1170995967291,4.99682228380889,12.3910169218814,6.54339583883134,13.525272671261
-1.97160197941004,27.1350489348773,1.34001709602935,23.7236196843638,5.07322789679682,16.1456259788676,6.94232786811562,22.0025583670105
2.36486292606728,11.1792898101064,0.910473111359089,26.2370806444718,5.2039154892163,15.8653611606365,7.06297479481813,25.5021135966278
NA,NA,-27.6203846730424,80.5821714743567,3.64016727391531,26.4901628704841,6.93151861563311,22.6741640928117
-19.4518908560625,53.4370509793768,2.5998103350366,19.5463763896905,0.57521088804371,36.3415399625837,5.14142199972549,39.6045555069667
NA,NA,-1.98253839099911,32.5782701730179,4.916755395135,13.8952760763619,6.63878773939409,25.2262653592144
2.52202175872641,9.3585740640168,3.26251291620106,15.848544555927,3.43264594170413,26.8714520884098,6.88927746528299,25.0994224156523
1.99920447509722,12.5376487366197,3.19845614484728,15.6856827938482,5.01983917690606,14.6538629250113,6.92924537281954,17.0304156474238
-31.9571409913561,78.1257562698858,3.64598219964105,12.0210058458616,4.88242728704363,17.2849889473447,6.73819842845389,15.6465035029921
-0.213079248832525,19.9157647373943,-3.72085608564936,39.294185357717,4.04690221874098,24.471487620739,7.03243489742253,21.7942045942804
2.40260479686939,9.34926770157743,-15.8841057603119,62.9843684234335,3.92328928149345,25.2395413119891,6.79640653096614,16.0414151120431
-249.658897686784,353.75525980457,0.455071443811295,25.2226418039638,4.9594600981111,19.0714530626481,6.85046235388223,23.5553143639665
-968.171318430922,1169.76278146978,-17.2836170172984,66.625437243604,4.60018148058236,22.2010324824194,4.88434588162901,37.660614974048
2.714839800477,8.52427335094049,3.17688186618205,19.1602946139219,NA,NA,6.86374611753398,17.3000473191047
NA,NA,3.09905047616843,18.1715561469157,0.813412906047354,36.1774771479234,6.77125805955621,15.0979459866545
-83.0573914440669,151.411411735268,2.61541119418391,19.1444048881508,5.02694102333775,11.3244506578252,6.7449818428185,21.3754900443605
0.155160352531583,20.0498419279753,-9.67210994064449,50.0733481073078,4.40766116754958,21.0331729118391,6.79873918071215,15.1819910706069
-0.607735227845037,22.5798087028517,2.78312736424846,17.0842542062409,-8.22384322113163,59.1407700924558,6.34312872891631,29.4573271693644
NA,NA,3.26354698519809,18.2572730060246,3.8281703828305,25.6814077083056,6.21425081869889,33.0254500445571
-11.5786261380275,44.3597911263764,-0.329242429081244,28.7880183476228,1.49258502848568,35.1878702416465,6.62979526446485,15.5960940033819
0.866240743835364,17.3296107791257,-0.183473113479113,28.1209561267387,0.200808329448687,40.01610571971,7.04151188461081,21.3229660499911
-0.504145787807349,20.6202737416462,-12.3382348243805,53.7908976155249,-41.8241923550086,119.880758017005,5.88020984559757,32.2068572161377
0.0342474225472476,19.7555860781354,-0.324222771773826,30.3721901732236,1.03265719466721,36.7328763767094,6.47452515583259,13.4484572956926
NA,NA,-4.60119085577131,43.3557370257529,5.34040680388921,15.1460928855142,6.86138020839434,15.5916551470958
-0.086306812325768,20.1299337748815,-1.63520429957936,31.8125603840414,4.84243202649547,14.7289482141754,6.7231912767923,18.374265043331
-1.17203078228154,22.3829213012869,-658.318614180253,854.782339047358,2.52681347254699,31.0832210669937,6.88816577329543,17.2021935140524
-3.0797383357124,28.3548349818513,3.58122599445626,13.6235417133876,5.14421086226537,15.4027611599169,7.2623445341733,22.2029788884038
0.994961855971498,16.7354273763505,0.270287586892856,25.5691634853399,0.939259815994813,35.7369579644322,6.91823706469836,17.3703790942482
-26.166139467781,66.7010463814547,-0.883944773606441,31.399995570302,1.4389379457286,35.0793021487274,6.6309748871532,14.2975124979314
-27.606144553398,72.4934499592881,1.9181656553942,20.0785121780462,5.25721105399726,13.4496603402122,7.23265394293616,21.4836839129233
-17.4294375579874,52.6930199110633,0.948780934735957,23.2014311200223,3.95466013904337,23.8481344355917,6.90973632009344,22.0296374048343
-883.778055983775,1078.11867149212,NA,NA,1.8349882174505,33.7758364290023,6.69618850942979,14.8225972370752
1.1795070882376,15.7759003032844,-14.0785413824542,60.4154564861082,4.94659951763257,16.6404492396099,6.37230562964842,12.6781226406867
0.374036690517924,19.514374840124,NA,NA,4.7337727412583,10.5384404273336,7.29163961004226,21.8056517428878
0.212357864591214,19.3177987271613,3.75978519226865,15.2142068378781,4.61145580421484,10.0629162688307,6.89699534442155,21.1840312246361
NA,NA,2.30230157830412,20.1177036012929,5.0581862377742,14.255548587051,6.7507599498263,14.5504602654255
2.46657847102912,9.45678873270655,3.49087296746494,15.418776308788,4.78530553487039,17.9341989984274,6.76730450474722,21.4458721010041
0.526573740770511,17.1159403530677,3.65843506043786,11.1258070018082,3.99384456288414,24.0498014685155,6.394631736323,13.2954851113744
-0.538298899328765,22.2715044184291,2.14007704294744,21.3299699154976,5.10122342971765,14.0175268169417,6.94661208511057,23.896744127658
-0.0595559835056125,21.399304008373,-1.00829120190441,30.67530328063,5.08646088535798,12.7475846804437,6.87569011462324,25.1453053766946
-13.5118178956406,46.0671677360425,0.0189018776643035,26.8415438726456,4.82550968600979,17.7961982304131,6.7075889280686,15.0548488368559
-0.715318783513199,22.8729805034127,2.94463918342395,17.6961069509648,3.71589433848378,27.5484312327798,6.61260647889766,13.8668183964942
-301.902508738571,415.294193017518,-39.6223257100682,102.107275071803,4.90771013992604,14.9118671898323,4.10767957781833,41.6920720238446
-0.179807435283347,20.943173425204,3.13085592492267,16.675788225273,4.87602484883521,19.4148723497119,6.63773568237785,16.8169398206245
0.949161533828368,17.1857673083988,-21.629727086881,67.2987860636425,5.00651491124164,15.2300202812086,6.83650510123591,17.0365882497044
-0.898474621968296,22.1348974272247,3.56001261862731,16.5206325681922,5.23114372249686,14.3212241288339,6.94072460381926,22.8830470495692
-6.23206295170745,34.7211060170995,2.18044596187089,20.5964262792626,-12.8774228944653,68.1322067097242,6.26207319403591,12.1107393559876
-22.5350294664837,60.9676809765186,2.80321348452615,18.6905204442204,5.14079111178381,13.0760411183086,4.92222903271393,35.3504076261171
-36.6545418193124,85.7779723722089,0.405118946040686,29.1075289310734,NA,NA,6.27763412910546,28.5000525744678
-2774.28262101717,3102.12084884153,3.32022945878758,13.6723926987841,2.73838920084481,31.3597080779241,6.87589926075946,24.4651046036666
1.59103099392092,15.0756356552325,0.780715767715916,24.9913830066542,0.591689823348094,37.4881204309064,6.78537706595284,26.3779489970172
-8.61570779316027,38.0176372719854,-14.1816755577877,59.8427314507436,5.01894012698829,17.8895098143122,6.95460249540023,17.6632469040643
NA,NA,-375.844776824991,529.452787019867,4.935241017625,12.1885529898377,7.13668364591934,19.1362447033243
-15.3621040884208,46.4459869631156,2.6962871241298,18.281619108107,4.76966817166966,15.5303987804395,6.79731349554634,24.0457533421288
2.61371654824927,8.67206096152193,-10.2297268564553,51.4229399279921,2.31934170124321,31.5518628781503,7.13377048597103,23.0882852736454
2.60066965211942,9.77350043712738,1.6733780617115,24.3586513292325,4.6233075945655,20.8377949780586,6.91104878387408,17.9962324497996
-43.4417251496759,14.0739745273585,-6.66112293187605,46.0868178079841,5.32224824877655,14.6608667007384,6.71080915207959,14.0370834620033
-3.2458986021278,25.6463523348712,-12.9406732693028,56.0471179744211,5.0180894603393,12.3620564398059,6.454373815921,28.269576257534
-25.4160015989266,67.2249005269754,-5.68147220750624,42.6343335660049,5.23845535887773,15.4783029874165,6.46182759733629,13.8108418242508
-4.00702179230478,31.4093699257794,-0.00249010891251089,28.3155581802246,-1.79834329625583,45.9603885220293,5.64338669905886,9.63989018759387
-234.25550637299,152.440798257745,3.03002056982998,15.8393384673999,4.58291125520521,24.2374388461252,6.87617890397255,15.7592380421676
-25.2362315798307,68.4357775499617,-9.69812991371683,49.0137782982648,-19.6746370517746,82.1232299976718,6.00098895677844,33.3825398552337
NA,NA,NA,NA,-4.41664718628359,50.6432103708616,6.23308902249674,12.4287202289893
NA,NA,1.17402937933387,23.8595900491283,-5.25566802769514,50.6285116142881,7.28203319512535,24.261272129232
-11634.1329672742,12268.8566309367,-4.13586401580704,39.1714557377862,5.00833479130641,14.9920664191175,6.77054703543056,26.538609033184
-74.5477918715335,29.5135741091371,-7.89983293556277,46.9676420479328,5.02603028353383,16.3903426201276,6.86441470355335,21.5477078861729
-31.8206720185135,72.366842842888,-1.39828585235335,33.459123645836,-1231.4128404618,1556.03223649323,6.52028286413084,26.4988495335714
-2.64272780778531,26.2332473988884,-139.826072152708,66.1972035277211,5.02949595344962,15.7571179177968,6.05499310834227,11.5841141524904
-50.7198359974043,106.084931010836,-3.07599150857444,36.5351213125244,-6.02974166010999,53.560098931764,6.44342508420432,13.1758598469663
-46.2484349141148,101.012052341469,-24.2997524582838,77.2490157452454,5.09370763797701,16.5460971913206,6.98434382528002,21.849315201531
-1013.15305298866,1210.96138133608,1.5806057614396,21.7665772297402,2.9033343596595,28.4085571436862,6.59240324842741,14.3508049105808
2.31318440727275,10.4839688246827,NA,NA,4.48017079587092,20.0422526665043,6.91141812929116,21.7908585337291
-4.55770749042133,29.2991647001664,3.19582385288568,16.7364492054306,5.13269584034744,16.7483240743216,6.87995435891361,17.2807654277301
1.51602875341405,15.6085202818228,1.19244710522784,25.8752225879204,2.70552467692492,29.0306667139044,6.82279597715161,17.0983550408695
-0.443345170454373,22.0439177822174,2.87118559863278,17.7009313194191,5.04681908073064,16.5959460027641,6.7288718548741,18.3251380396743
-14.0943265190065,47.5133363872384,-1.54298119108205,31.778292599501,4.94043630127125,19.5345441396983,6.88828714970988,20.0504243602735
-9.75659804745493,40.2917386888861,3.76445131594966,10.0260011994402,2.56300773984014,29.3634203141689,6.91197238504918,16.5649615663057
-76.2893422374038,138.666253356211,-99.2473598817902,41.8462740791153,-8.9619000813459,62.6712051701918,6.79847444380834,20.5622790903006
2.58734269299175,6.87088823531641,-64.2386102500921,138.062461743597,5.01890635252232,13.0592844708001,6.1171570347503,11.2865932126914
-2.12224279857096,24.782299350617,3.38425853248208,15.6385069552604,5.17593710379547,18.1106886659528,6.9851502777851,20.2997024739669
-3495.48923925925,3845.92747232304,-24.8600676879127,78.5447442298155,5.11453652378258,18.3273342852983,7.07264108054035,22.5176382499543
-5.83120167672082,35.163141256728,-93.4402654460349,175.474772054883,-70.4317146854129,164.973702164813,6.94723725102451,23.8311344809728
-16.6588599273992,55.6618439264705,3.63078087041603,11.6462907358447,4.82304949046444,14.2312446304233,6.94771363861101,16.11409456886
-73.4895595439138,133.70168147114,-3.01736988519889,35.1328813104597,4.18950854382923,23.6167325616068,6.6084385487745,25.8045375133266
-6.84440698308795,35.2928443017456,-5.82070353737049,42.7463287324204,4.89680572434614,16.752106691922,6.64912279831093,14.1016218166471
NA,NA,3.59830891173076,10.3969134864487,4.9724370974728,17.5381906765681,6.7757203905866,27.8621746967928
-4.71180679161315,31.4480072289993,0.345416454528236,29.2075370270202,5.14670071609482,17.2632269525233,6.215574961652,12.2083276166303
NA,NA,3.41928358263127,14.7962287936624,-0.990043587095247,40.9175632603927,6.86522212196447,17.9543987861945
-21.2477328814426,63.4617511508658,2.22041423168206,22.296047633349,5.10877209795461,16.0860129488398,6.29003604196996,11.7695422856587
-0.683437382445774,23.3508098191959,0.977765156806994,25.3572017142549,1.90969062917936,28.746646304579,6.96136927293951,20.5469018423221
-4.7289567398357,32.4130182240808,-66.3080568943441,142.53311841542,4.78961838406073,10.5889446087192,7.17775695392658,22.0908531191001
1.54323133078522,14.672984828788,3.53164239445311,14.9381349868389,4.0170318198575,24.985790776217,6.08120829522642,31.3157742495879
1.66603389259058,16.1257819567666,-26.3151669030712,79.9059506712799,2.73411840060161,30.6374089782344,6.05717949172768,11.6352152760934
NA,NA,-3.98988187334249,38.41257188742,4.84000866300011,20.2357715017351,6.40795276007606,13.3011944646415
-4.03739894531574,29.6861957548937,-133.365531760341,228.43839698406,2.50786556886599,31.3981749815049,7.25030688919114,19.4689158437329
-1.47570641007704,24.2899662915345,-2.35712386716758,32.9445453745466,5.06619755879553,14.4534130151496,6.65035486259244,25.8428138231458
-7.18719102809381,35.881540210922,-26.9390627499735,82.3586788627933,-115.166434757799,231.748078189616,3.59169437019877,41.6105194641791
-3.73909783431479,28.6734730345448,-337.296256981781,477.509595900069,4.88839116099319,12.3451660654097,6.90070104394616,16.5389874535871
0.325891004155435,19.6239084970537,-4.48481498327851,38.3159092854642,NA,NA,6.52291611286749,29.0034172444839
0.471725164815483,20.3318544833104,NA,NA,5.18459406099227,17.8464694074534,7.03370641552631,18.8137037940758
-7.56955642718378,37.2824727668571,-5.77426962002581,41.5888843805001,-0.60318142836768,42.3105770682542,6.96195476864575,18.7405051801702
-3.39958799095302,28.2152019076823,1.46650780858145,23.7099938952246,4.90675242403315,13.1732610413753,7.04599831819087,17.6550610492069
-14.5312931574199,49.5346970153951,2.62760208170229,19.7115871858215,5.21599370752983,16.6519016211097,6.76936337143272,16.3474028132587
NA,NA,3.77633853196021,11.0409742442122,-0.616139357764904,41.6492846249501,6.97483107501838,16.8713964006976
-4.53059884381335,32.9237754059481,3.70122504139459,12.5500002468244,4.91918298210699,13.3424471259067,6.71176889423502,14.3861191449863
NA,NA,NA,NA,-309.604919177473,481.679022458702,6.7898535324955,16.6380182933297
0.823668777357129,18.0527269800074,1.43368764514233,23.302193989927,-3.06814924240743,46.003201388672,6.90886047876003,18.0485835996854
0.127680787280065,20.0404680064276,3.19354056488349,17.7303407240176,5.04092217418667,15.7750423235615,6.15858295788472,30.3376901790566
-49.819178393121,103.802042041237,2.74101605377971,18.7653791683501,1.76631324877579,34.3929607087453,6.91800607572689,16.471132888294
2.5810906692434,9.49893694548447,-6.39348152079852,43.7098097779337,4.93686761299882,12.1853982987298,6.67241729630606,13.6416962798038
-78.5857814063011,144.50029106679,3.76386774171029,12.7092714933616,4.97412453029432,12.2438638508951,6.9398372655766,17.9345560453572
-0.73598480207372,21.8186791487284,0.932745045136514,25.7995007431768,5.08401687314278,11.7324030982158,6.58340110719764,14.2900960682226
-7.10216212302363,35.1783950434314,-2.47375292342462,35.7501353337283,4.87470004509843,11.7068205772154,6.10660999179536,29.7571222662959
-601.580414352719,761.039779201401,3.90725914190113,11.2288903359097,4.50853490844788,22.7204970194563,6.86324434708307,20.3076148501803
NA,NA,-700.706566964768,523.152966154725,0.899907900724813,36.9216478638214,5.40413668710379,34.5742719573714
NA,NA,-9.13220336559888,50.3888195699084,5.0459384531906,17.4178400815592,7.36114092028831,23.0311403725742
2.44203886694207,12.054689431186,1.76777386958551,22.8133527534727,1.27425616695597,34.4989697759029,6.96810372326405,16.0213289892191
-4.21149222058672,31.2574686896074,2.63216612712104,17.9731411978853,4.93851095765154,17.9483682756977,6.79786214188979,14.8580182732235
-11.8499409936897,45.0202423483178,1.75633011078913,21.2713671803459,3.42178925188312,27.4232880556481,6.69043796117668,15.0856171524256
-15.9293987975731,48.4428298206196,2.73263047277861,16.6584811372563,5.03256760501626,16.2433017359024,7.04127769305928,18.901311939605
-1.23455228840733,22.4762292697871,3.74771670765588,12.351676110618,4.78015404021411,19.2709402892035,7.13264053149498,19.5693294777716
-16.5090145573306,54.9198103278777,3.39482981736025,10.9218455568427,1.55410111891761,35.7260683661969,6.95619777022286,16.7617838775414
NA,NA,2.5277752274247,19.9659905362161,4.65526360598295,19.1293439313285,6.79908036544791,15.6632643589791
-333.421973816709,443.525209502975,1.47085841881979,24.2583137392051,4.73518938247622,20.2917310696661,6.97734340460808,16.5328951457154
-12.5410688120524,48.2762947206341,NA,NA,1.81026080499573,33.6157431796768,6.59645714183806,16.3173685003729
-31.5585061179984,78.3748416862395,-11.1191965561263,51.4569368510268,4.71168533486489,13.4368961464869,5.08583533231903,35.4715264556627
-9640.93051029408,10226.1389420749,3.35553874190595,14.0753250460955,4.72082258199505,18.231720207094,7.03676074383542,17.0279644356386
NA,NA,-9.00518747055637,49.8800229434116,4.78917882678678,18.6189099437418,6.51351984141842,14.2615557241195
2.10009001488774,12.1450066199597,-217.373002959464,340.092176051926,4.95115906548009,12.9285386059631,6.56458810683667,13.051771276464
-1.34382327998913,22.9490778938376,-18.8895473089179,68.2386843334229,-11.1688455705109,66.4795672174704,7.09131650146576,20.1033053300496
-14.2243002650727,49.6752260667392,-940.031932493328,732.614159978093,-64.1539798693157,156.474760061807,6.68407639920057,15.4571019383972
-21.0987786771891,61.7551277681757,NA,NA,5.27728144225872,14.4469030011698,3.622395448123,41.3323642459378
NA,NA,3.06761224989994,15.8258025673736,3.42042896550579,29.2221634336976,6.24570325351016,11.9369708528775
2.13465965859506,14.1302013723145,-8.51999441967683,48.3822120161874,4.32904299052385,24.7627730583704,6.92788728860621,21.1266453675448
-12.457169547492,49.2658295040474,0.371429779770756,28.3895965833564,1.92125187629138,34.6564671860173,7.12451713973971,20.684157573302
-16.4088405978942,51.6469372175289,0.678693105294638,26.1201566228969,4.20400144842606,24.4040076522113,7.00107867138879,19.3583859030557
NA,NA,0.706764158585356,25.6046880125263,0.151920926380679,38.1785937613943,6.96145975020249,21.4374747631568
-13.0119188764223,49.2444612531797,-31.647043334057,89.6190651676466,-76.40647979952,173.033270159752,6.89073030016693,24.8697214260735
-0.587682707632379,21.9634880011303,0.000593356465516948,28.5316026575838,5.19775778867511,14.6692527546721,5.98340817296789,30.8203457484945
-15891.1846787517,15143.4000601592,3.68393787442443,12.9520535978994,4.36745451701232,21.0892013052266,7.08774500971973,21.6843324113797
NA,NA,-9.01200809321544,48.18075536647,4.50209750694148,22.9023266885924,6.81337273384787,18.3526482527108
-7.3500520306328,37.16072791884,NA,NA,5.0725524638316,13.3375928026091,7.08644871678443,21.7541474854294
-14.313894326579,51.7059121914662,3.4822332198575,10.9617581366461,4.6820488764549,20.7097968280883,7.09219275524649,18.8616673773143
-9.42017534698589,43.7981387852448,2.40781680935658,18.8432611328733,4.60518248811938,22.1561413675482,5.18746687084774,33.9060288515965
1.51053056352528,15.264325546676,3.39367179755484,16.4479917999965,4.05675773578224,23.7116476177226,7.15493338749542,20.4872616913675
NA,NA,-114.546658121424,204.066400223829,NA,NA,6.73252521094283,16.0291333449646
-4.12132837753538,29.481615485239,0.142170132924413,27.7603399800543,-26.1046026021764,93.092905815235,6.81797596333595,17.7369993326124
-1.45063917738655,26.1641007505662,-2.81061160228137,36.2907924091507,0.860060569765871,34.936907498503,6.98879536881404,23.3106589070788
-1971.34426059855,1710.1160830899,3.18579251663477,14.5501859765375,4.99561862830051,14.1290536247337,5.5002493350769,33.0326915408622
-56.8946198934171,111.932221461129,2.83770944158877,15.8905866153932,2.98330726548115,29.7493268843518,6.79918198221262,16.2472757099901
-3391.73399442966,3748.11998257661,1.89299405719395,22.4806051906402,2.86014766316617,29.9451109516374,6.53926669449688,14.6772845652731
0.608560989233174,18.5237185588903,-29.1944812205051,86.6654337602444,4.89407401891631,15.4758105648578,6.62258496131921,13.8946892113747
-8.1581621937129,36.4223058578113,3.69481610943434,13.8245541906442,5.14512125980503,16.1589168274036,6.90897590917528,16.2325069727207
2.16038353318842,13.7925382221216,2.86594182145265,18.4735779036001,3.30789722658029,28.5422085736931,7.12023594251052,19.8172981447669
NA,NA,3.5744219501464,13.0814922720209,5.16440025203877,18.7225504905295,6.85338346187531,26.2718102809974
-129.263964315768,207.486807039905,3.46378953315259,15.4687892974652,5.08127601144714,13.943285561731,-4.10203113305789,64.8203940885576
-51.8527023351738,15.7286186613713,3.66706761520709,9.60023423026913,1.0925730852967,34.5491582278502,-2.53149805045642,60.8364011712456
NA,NA,3.23745278190877,10.2647707582114,-3.41558392006585,49.0296729257976,6.72140994372588,15.3919183340623
-31.9327269046222,80.2567525151278,3.2997506179849,12.7076262648624,0.0426666002993485,39.2804087945128,6.6542946533768,16.4921404840319
-64.1720500980586,125.776899395472,-0.106037145067951,30.5689680258327,-12.4841588343453,69.6907754358435,6.47730599260459,27.1303260124143
2.43751856761953,9.04749097853237,3.43058755230805,12.8942477613388,4.33214543659108,22.2355522163365,6.63496523689294,19.0771052872563
-4.02322241471409,28.461720273128,3.06587288865533,16.6295179005891,0.464416086879275,37.1200090084533,6.89756557497993,16.4095281270326
-68.2753591609656,26.4686626942064,NA,NA,5.1650242089299,14.3083669182857,6.43253546783659,30.5635358644856
2.42114399452342,10.4305126426497,1.06091146412285,24.2270605696529,-0.823635592463614,39.8361522483917,6.9452359450719,23.6236136331306
-20.194545137718,61.194548150242,-34.750253481229,96.4565888021999,4.38504324140091,20.2441597504672,6.90331033575397,15.2349861843536
-8.64973332948399,40.2175164377763,-5.51290718218249,41.1108333984145,5.02370393354369,18.2064930456647,6.18009161798268,31.1686331236028
NA,NA,0.731306358163593,24.6369713415655,4.858716461163,21.5649625016434,5.13131106055403,37.2342937789466
NA,NA,-14.5599878691292,59.4043485292789,-0.175947477002314,38.7068301410873,6.83955492542214,22.4992108862581
-995.385128866396,1198.62631778334,3.57386585792603,10.9108697807143,4.28730827479507,23.1727843968212,6.67591931495558,14.2598680977944
NA,NA,3.53765188027825,10.30516320916,4.65828615775619,21.1477055776449,7.11924630629846,16.9106504107991
-2636.50188828757,2954.27435627954,1.92876305235383,21.9290195964655,3.876262698692,25.6217307122424,5.60566689688917,33.8544443264711
0.226921741326697,20.7815837615027,NA,NA,2.50318328363879,28.8428229525498,6.69517683719887,28.1324838028818
-3.42332659735144,28.3819258542274,1.19619521640803,25.8464585562022,-20.3685715534643,83.0411448234121,7.099455841674,23.0456783945341
1.87550614992818,14.2170355001475,-5.65747960087459,42.7703247463042,3.67954974269252,26.7760441122774,7.05242018434393,18.5452971564206
-3.57259423487841,28.8115849704683,-24.9422353785845,78.3303360054245,1.40321078344535,37.3256352317855,7.00767700761839,17.3151173528995
-0.172632495857226,20.3117036323264,-12.9588259542534,56.8745505916029,0.15669112910377,40.6552159495961,7.10620519709605,18.6324339083732
1.3811688968567,15.6754940052279,-3.56175154323326,37.1297102868117,5.0753335555559,19.0951992226639,6.97853123814106,20.1060481414453
-32.7378634162104,8.07723131855919,3.62074379708529,9.67925614530704,4.19871925154248,22.4287117525155,6.67048244273046,17.0494912944542
1.84843475824943,14.0976884016733,3.14905502338778,14.1310955932346,5.11992988365708,14.0854468937115,7.170498046107,23.6115562443062
-53.5897747117146,18.2723292229828,-330.374423794835,212.79247310081,5.20987432944211,15.7970546617257,6.42600412522334,27.6596086834165
-1.21357883661922,23.7936928294638,0.970663837316771,25.9115637784639,4.8417590453079,19.8243253722701,6.78899695809158,14.7111871499252
-4.17199316597387,29.171162588884,1.98715878039637,20.6869818100956,4.91702139937806,12.0657593226839,6.98883276794526,21.0803525824617
-2.22007370319856,26.6716075408905,-0.315169147354659,30.1206069976522,4.43754377417256,22.1033185181859,6.37094802551779,28.3701001074976
-0.963716394607046,23.9230755870475,-34.8889536946964,94.6643417506155,5.24296355600426,14.989031224998,6.7740448858556,21.6661559338118
-546.765226013271,707.021124966414,2.38565481038555,18.9669953138415,4.80876904254092,16.5063922500056,6.80078563931332,16.8733932747087
NA,NA,-3.41621100061197,36.1071144532981,4.87400354576021,17.7199396642633,7.02756904038011,21.5421013750784
-15.0898186306942,50.8891351917351,-0.926109145435857,30.0303111734972,4.42037270112981,21.6215740587332,6.90697764236501,20.5918142355068
-5.10729262636266,33.7598116650622,1.74423803472518,21.5100608118788,4.63984391091898,20.3534703306424,5.45997273007284,35.1415812420828
0.688637472604595,17.1965483046031,1.14673201813342,25.9983516358482,-1.52238609896447,44.8907975186169,6.29754634306622,12.607731169211
-64.6952597620918,126.15240950776,3.24149710714851,15.6503200289515,4.63992797345944,20.8754918631673,6.74534101464201,14.8850628943866
1.97929217002663,13.4954238104747,3.09056067098035,17.9611150312814,4.85353121244376,14.845161777662,5.87163618961058,32.5112596744551
-3.56247477611248,28.6945273920011,1.28041082795681,24.3945394546448,3.89510417370369,24.7656469109043,6.67124975834972,14.2490947692318
-1.28561380237724,23.8627154674929,0.789299189120918,25.2056674965816,-5.51876458413551,54.2706490350083,6.76570691649659,25.2197892085802
-18.1016565812507,53.3768689488718,-1.54492591581727,31.8731913849948,2.7306786877355,30.2594104380621,5.54464794344085,32.2480909150238
NA,NA,3.52389602441372,11.7181872154965,5.32200744650241,17.2826851611796,6.57997709003535,14.7697949419772
-18.1564858200847,55.6542266991641,-5.68742925608249,41.2588797131,-5.48907792952414,54.8038959732315,6.77485073956567,29.0641305867939
1.47327663245778,14.2587321772436,NA,NA,4.19273347001127,24.3017924528391,5.68078347144151,31.2049611769265
NA,NA,-0.770748572708024,32.2023599412429,-0.876431579508171,39.0775461540696,6.96390029512493,15.3498921934024
-38.01501512809,86.4130977299268,0.670882044106399,27.4361223120752,4.61696606123397,22.7846278739342,6.9219558333925,28.3481522547305
-22.1806017044349,63.2509676564478,3.28060557412951,16.7423855341916,4.96161645412157,11.38766669489,6.92879344005572,24.5389008538315
-9.24380274416285,39.8960236968348,NA,NA,4.42192309144726,20.5082379834344,7.3965557968502,20.4850519194788
-2.3797559788305,27.5314604726828,-1.06193222327784,29.8895141555134,-0.679302902769106,39.6488790910568,6.23149492909049,11.5155243207005
-17.4938535601563,54.8617647756587,2.67735187401744,18.5923172472532,2.56204920144426,27.8386433110927,6.93313397596074,21.2584107452351
-12.9641847403347,45.2153820464398,0.125599132886961,27.6476240991861,3.52398646329491,24.6109047134272,1.04472779182026,49.9223672563063
2.36307853812731,11.5964782298551,3.50597527860838,13.2834535125319,5.23223261670685,14.1715300376496,6.81051507129622,17.9391843151025
NA,NA,-53.0622744745746,120.267604821559,5.03512994832787,12.1941016788126,6.60053676211506,14.6312058601499
NA,NA,3.28325185108804,16.3459563122885,4.70701109097245,19.1222027175408,7.07233363876889,20.0718803939963
-7.32870605907639,39.0228666699912,3.66316287754059,11.6927366012963,4.57533375318984,20.2473424495575,6.90104256263879,16.8020370442269
NA,NA,-0.337566277812401,29.5875665851166,3.18403683799611,28.2866480785463,7.07439631377265,19.2531837848713
2.41785432393307,10.6106430154782,-82.6903641346877,162.746823672547,5.11127446671737,15.29585785822,6.84594328746654,16.038308911288
2.7871184196465,11.0829846247988,3.12650656580099,16.5884768288581,4.71537270917815,9.98331768257002,6.85608867217949,15.5325715475666
-13.3698166264358,47.3985190010732,-12.4598091946144,53.9466260619203,-4.5711771297397,51.7480758277736,7.10049558939732,23.5755129906133
1.93612549532129,14.8495416283208,2.602102445953,19.6538602087299,4.8787849034512,14.4124006164438,6.61421452465532,26.6726688335354
-34.0291646136957,79.8872397918079,0.810140910387981,24.7873099544876,4.66151921745611,20.7462791655665,6.75558579703661,16.4004474785875
-1.67762149641382,23.76249254408,2.74790122736417,16.8696469358043,NA,NA,6.60282381053637,26.7656203694927
-1.36324272521895,24.6768257178244,NA,NA,-4.09910469745816,49.5177214062544,6.84807791946753,25.4494051583145
NA,NA,0.257743802224315,27.9903118063545,-13.0581136638119,71.4008407385474,6.378277381626,12.9693245710825
NA,NA,2.97517384855874,16.3484396614122,5.11531966662967,13.2018285867366,6.91337521562493,18.6476695572843
-9.16901364139744,40.1130930101686,-4.32450193544994,39.2544941039896,5.112143035082,14.1545885185226,6.01368599245303,11.0675991829554
-3.18174175940207,27.0612718856956,2.87116485335589,15.7237817009658,3.96609742521781,24.1760179448683,6.49763366962479,13.8886587631534
0.379532912875341,19.0291023017512,-6.85103208775503,45.5025480521681,1.55333604522195,33.599299682736,6.96313650017217,16.2439148569283
-3.35430499299312,28.2977212751516,0.547667333485853,27.5774120757296,4.73807111824437,18.6156092533326,6.72980755644262,16.9315527713049
0.571882205079117,21.2215686926099,-66.9800821187511,142.835203490297,4.92028676634031,21.6575222304675,6.81743360724422,14.8159297730366
0.540249180802562,19.397187684123,2.44338579530732,19.9497281697195,4.77240277147024,18.6767760963967,7.04855354232721,20.3697108203074
-84.1179503258915,36.9798781449488,0.781160869898157,23.7333462438826,5.15081609844731,16.6657423207007,7.10447910876782,20.7822383610167
-127.096716245163,208.498915945813,2.31406236085645,19.9430806289749,4.74291600938589,17.1608025602508,7.09464233106856,22.6763329890997
-4.15326548531452,32.3069375506,3.27016539330891,15.1799095477361,4.95361510284166,15.2985927083716,7.13863655344048,19.0629335383726
-5.69867163681246,35.1495231743291,-6.54217094460771,46.1214473297554,4.87328520306181,18.8815042812243,6.94273928061172,23.9623234224325
-47.205140003467,99.8463998947599,3.31008034209752,14.6386282554328,4.87084057792376,19.4453674450175,6.01777741852498,11.3069220030922
2.59706807961896,11.6911981173263,3.33728807825603,13.1376146157616,5.0076353460178,12.2235311280878,7.02240159084763,19.2354373252578
-4.47917482058886,32.4541279575282,-1.133217502049,30.2738234523349,4.55797223986628,19.9444886159366,6.81442568127652,23.0393657028286
-4.14887117255888,30.7018607109289,1.62820597590493,21.5879661870661,-1.69181534551888,43.5644347343886,6.92884895813577,16.9261157656173
2.07421684029065,13.0838634256226,-1.53125837856031,31.9297088580671,5.10879056958613,14.6228377740822,7.34765975831247,17.8358216091334
-961.235013999187,1151.74039025624,2.8103055546631,16.9792100044245,4.14197162023785,24.9783632514845,7.16124071678372,16.5794489894605
-0.538743969159174,22.7953879065727,-69.2849188034018,146.116604193492,4.46006679005291,20.212475378111,6.6011481076477,14.1806950606002
1.87722133945196,11.6656576934942,-190.393514419569,302.658234776298,4.35042954320373,23.2948703677716,6.99842178361495,24.3895092083929
-41.4356244274154,94.383932985054,-3.13089732889419,36.7901467913247,4.88381781591661,20.4850856787451,7.02144835828961,17.4412074308138
-2.18845057540944,25.1578481335129,-5.85140293249552,41.9942616996822,4.64832269628769,9.70053683314477,6.80519053614499,22.5918093594358
2.13389174062161,11.1403185764513,2.28394370186162,21.3120300023967,3.41384821520325,27.1857619088571,6.6894630043464,15.5927317765395
NA,NA,2.05175024511324,20.7387370890591,4.77055062021465,19.6637877606092,6.91343566049373,25.614095900318
-0.528669946952313,21.0016169357649,2.59701947406457,16.7043140163582,-6761.78999431377,6066.66865635849,6.52517974545012,14.41990759463
-47.7583006040537,97.7458210492842,-7.58307072304184,45.2704232068379,1.59323863214805,32.8905738390572,6.62165669608291,14.8835719689585
-82.7958336858269,149.064005256806,-129.739144646465,228.353519091696,5.14928509757959,14.8494652147963,6.66864315471602,14.286588833777
0.575023292933217,21.0837328034479,NA,NA,4.82489225825194,19.778786689387,7.04613533407975,20.8314898791251
0.0315037623316332,19.7620547631486,-7.49288424265415,48.5506061224545,3.45352127003626,28.4302801860489,6.80012280940095,15.8581335668327
NA,NA,2.8460131515565,17.301920006095,4.33731012144627,24.6059562251992,7.21716590557242,18.5860516077126
1.87290962559189,12.1204517947793,NA,NA,5.16548310412543,18.2654951741908,6.61087130345748,15.1355880672947
-7.32216823487932,37.7837071268065,-4387.2928788829,3922.90177319942,1.44812335322035,38.5144100053614,5.87332779676718,10.79511622074
-4.16739971790498,29.957526999191,3.4651981344463,8.83876251617622,0.822552575993278,34.5327940502622,6.66538470270934,16.7021283297268
NA,NA,2.1885303580169,20.7940496201745,4.72091521830123,10.6821155474883,6.92051367293201,19.3069110396383
NA,NA,-5.56887292424359,41.5508295877815,1.6647190401156,31.7152024552475,6.43157780998365,14.1618987869123
-17.6696844277234,57.796938792516,3.72830502602988,9.1457484161025,-0.0409095647759941,39.7765929039667,6.96965556558052,16.1973821275167
NA,NA,3.76644765803231,10.1519355661334,2.14272967400026,31.5283746870092,7.08373370645433,25.5128665856762
-0.493434269003238,20.2458152913639,3.58892150379181,13.4381055429933,5.25372012892442,12.5147575239779,6.07348668492503,11.5583553090386
NA,NA,3.64739606889876,11.2795412695577,5.05154495778979,20.5484803655138,6.72244933211879,15.1478789246167
-8.11158816910672,38.6862620528759,-1.8984138312519,30.7559028870211,4.39329800397167,21.800830494084,6.89941936339867,21.5809534785049
-3.79566929346789,29.5904885656125,-0.660417757460065,29.7361758270677,1.56255457467892,35.7059061267497,6.63227301202256,13.4484681753596
0.00734665048416439,22.2109123915219,1.60586047264286,23.4733177589119,-9.06730470240166,58.8981324658111,6.72207608637841,18.7057103618491
0.332645174288094,19.5084146541424,-0.397255436801593,29.3439045933781,4.82271179192948,12.6137914602353,6.81231441525469,15.3814420397276
-2.37264248518664,26.3408920368594,3.42897530191498,11.6361080720248,4.4609856179106,22.2791195838251,6.75677501789224,15.3672976690846
-0.0987086581283272,17.9532850829648,0.633666554245705,27.1679496250479,-9.80274535426765,64.843221597762,0.609426121875629,53.1737023299048
-17.9463750389992,58.4602221491352,-14.7155817376579,60.3052627014838,3.46535384012436,26.5604766508094,4.62597506302738,41.0503797667613
-0.95722334076814,21.4754442232953,2.65568709103145,18.6770048583812,4.67943650188775,16.4963314045771,6.83430216156082,19.4270301857122
1.16242895157161,14.4228010961721,0.955180404898279,24.2047414041098,4.00167534891771,24.4339334945082,5.00338208953102,37.3895815448337
NA,NA,-20.1670021002357,69.1684908217551,-23.6423128654719,91.6114375690219,4.22244884883654,41.934052770473
-40.7032569311378,89.4709275819264,3.2082632099658,17.7298866783263,4.97212798439149,19.2987826133509,6.8932409282643,22.7689612178543
1.99981027745197,13.7844480772228,-17.0445975314003,63.5093989166017,-1.94279516536938,43.4029229568166,6.01416975796901,32.3585793913114
-32.424518453332,77.884473667645,2.28021953527119,22.0232082880877,3.50909751850203,27.9928672968645,6.27453902772847,11.8978090657739
-13.1041032680728,50.828384061787,1.43617877339292,23.1970306879707,4.85014156925134,17.5601092445599,7.00928803820893,17.9381384781027
0.378985307248222,17.992779436868,-8.18356453387337,48.4817299142751,3.2352995558305,28.9212414044298,6.67783012461862,16.4599884670539
-33.1823216962167,80.4875276619115,3.62594930733035,13.7541045817923,4.72046370810664,17.7551126954985,6.7452950303644,16.5037727106914
-1.05194189356561,23.2305136310211,1.80502649768206,22.8456186330224,NA,NA,7.16292883718968,20.3616722103375
1.87430176975812,15.1923649221007,-42.0515509741464,8.56826041304765,4.34852471652658,18.8007184198798,6.79496481707198,15.9065108917756
-4781.6384669635,5177.6681945262,2.94354995932417,19.7288246956056,4.65533554485766,20.5849778261604,6.91476047430068,16.1527825005428
NA,NA,2.19107176893475,21.315235247614,5.16726411554973,19.1577732712792,7.00542629540167,22.3681220648835
-14.7659610279648,50.2329737612822,-1.75225817964525,34.6814641134039,5.14171076455236,13.1099729432357,7.00636841523566,23.2155896768389
NA,NA,3.42804075554835,14.0317435946854,4.97451715090066,10.7380539799685,6.35915405568831,13.274667310927
NA,NA,1.0602223325978,24.4767659446437,5.0571993283665,12.4450846616314,6.54923626307604,13.7773424598927
1.04577308939322,16.0385306636445,-32.23379827837,87.476684482949,1.29651277097125,34.7534212050359,7.0352344032422,24.1948950342735
-1.87405394138628,27.3500540344736,-1.20850019637639,29.2457189339881,3.40774921876183,26.7480543696972,6.23487935268454,12.0739803486873
NA,NA,2.91980217616521,15.6010691534757,4.54228019310417,18.768584058876,6.75824086682018,15.2165615871771
-5.76346558447571,33.0520170737309,-692.590101055559,515.822453603271,5.02698325600637,18.4031847571431,7.04267014895426,23.9811200527907
-102.305010073779,172.75692877491,-15.3200984388101,61.4181721205455,-17.5922060566691,76.1194984783815,6.86420544019689,15.809786151806
-162.422837770821,250.356395193668,3.81883030256781,13.5221763254155,3.4325890167713,27.0478906841006,6.29648131414487,28.8215674533399
-28.3299029853791,71.3875432709222,1.69943510815462,22.3161152360047,4.85729346825522,12.4345049017734,6.94264855184221,22.5778175149401
-14.5584753818669,50.5096051257009,NA,NA,-10.4366744067863,60.0783956131129,7.21414728079012,17.842346437636
-7.33189930508248,37.6174226027819,0.320180422409782,29.1375810642421,4.91805468900348,18.2366045891385,6.61626145606809,13.3831720047153
0.101890658609284,19.2620017285209,1.00581691856472,25.4138287720922,-0.961258518273514,44.8052537649298,6.6388534492001,22.3229463904078
NA,NA,1.44650258366765,24.2844801106563,4.70439468189639,21.4614086465192,7.11863013672916,18.8088861159118
-1293.9420370346,1525.05825161092,3.29197381642177,13.1890239878692,4.6534593496729,20.4687217801376,6.99657544583629,17.7553231777364
-3.57873337520763,29.0955854935384,2.91397459293273,18.1127964529943,-5.36407660022624,51.9992613832068,7.1214240230668,19.3861960265792
1.46498728710878,14.0479428278593,-0.625806747971794,29.622791626831,3.11040426463,29.0065504660416,6.34295724696671,27.6546777395482
-725.278122378116,901.561070428103,-1.83742948762118,33.5870540493723,0.551958094060097,38.1603349374832,6.8406440443726,15.8373710554575
-7.20459630110174,35.3155071838156,-3.89797495244217,40.2970476840606,5.1437230983413,13.3502979861734,6.51183554137417,13.5369388618768
NA,NA,3.62204512968598,12.8111782746206,5.26376462263195,14.5292420736471,7.07963418097732,17.7761925923239
-47.5154812888131,100.331562422794,2.08338147233492,20.9125426941514,5.26416842721269,15.4343000436463,7.08531372250282,22.7180753660053
-22.1468514933093,63.052510452107,0.358010682621476,26.6662381073351,4.83104107715366,11.1136631760172,6.79785959874463,18.8202439830773
-132.209514596381,74.938637655393,-7.46711364116648,44.6025590261792,-3.28956403897229,49.2923961169947,6.07797438644052,11.2821291928777
-100.466021015039,50.3978659970911,3.49510526966992,10.7299773064304,4.50611268708068,21.7344967910348,0.780683501025941,52.5983366346234
-28.7822872483945,71.1833000127389,-6.05814620796369,43.0394766385638,5.19928157628215,14.9872048303325,6.4863387367865,12.9281021970355
-26.4835077243657,69.6589506868855,-7.59924440900492,43.9318014081163,2.43794384866185,32.1788832643683,6.94628369835314,16.0428970586026
-11.3076432099798,43.2560844978464,-0.695828859670206,30.0107863522116,4.51623947449818,16.6625768831585,7.13381904433195,18.790314121378
-2.62115161373776,26.9914508097263,2.9601406180779,17.4300463678689,4.94177086384506,14.1933705191696,6.65475768325674,15.4851394740072
0.33929815212535,18.964219215533,3.34079667419753,14.020573895025,3.80118474949179,25.9204554403972,6.67521031241752,22.0344282938099
-51.9927722718872,108.970144251389,-15.7316296120409,60.5340081638476,-3.98712600427442,48.4778998328822,6.76349045579271,27.7787168497418
-8.5520716364112,39.3430177007845,3.4165710184418,16.1811456638344,3.97902846655817,24.1247597028142,6.70898072703534,19.3096363424459
1.36356144534009,17.1898792545714,1.32445107492913,23.7216291350289,-13.2377822135541,70.6463000594185,6.88288340741065,27.7402747415136
-9.96758889584677,42.2761149042843,-16.6364106835002,62.580158384784,-1.41052674992621,43.7136045302775,6.7628734428785,15.0573792093934
1.95679515570347,15.3731996371628,-0.510651442203644,28.7671765226671,5.26080800815063,17.6618194707444,6.52203000863458,14.4232921257186
-23.2688676406531,68.3799811095731,-2.15100618696124,32.463424167668,4.31578536894711,24.247196760438,6.75741377489554,16.6917221058283
-5.36428823301674,34.4475739829303,3.08364127083975,17.2850004720164,4.98434343527338,16.9383548018987,6.93387356195069,18.4100404397382
NA,NA,-0.039427984275278,29.2684415289861,3.46051759352977,27.3825377277699,6.81836426976645,15.5272803004752
0.874958633407998,16.8738786697608,-3.61860516866666,38.2420806606413,3.96172656056055,26.7975982535772,6.53531198432023,25.834562237851
-1.53861067402947,25.6697192755331,3.1054828727545,13.188072206932,0.504998942077059,36.0268001895714,6.58567914771642,13.9186446444231
1.12507478638487,15.761048259047,-48.3519424526535,111.803254217479,5.07135208360326,16.0458954918118,6.39252486310353,13.4444691934832
-2.39302286406268,25.3068640868693,-7.35386457341863,45.3566971973756,4.29548052618319,22.2762972684156,7.11436264742819,25.1007888890136
-2.50641162622484,27.1285345752857,-2.44389991734558,35.0706870404301,3.97095714791048,22.7930900045028,7.07879297681087,17.6837873481892
-11.1503104986836,44.4118496134838,3.44825450684752,12.6411258754496,2.54072716311918,32.06299276488,6.86595701416114,15.60932600681
1.12314276263855,17.0033437264355,3.08124294559545,18.1808603752181,4.39448032145704,19.3154076223278,7.02388609441977,23.1437919227224
1.74983351714888,13.4321600250924,2.04317079757852,21.4587524416622,5.00630892285531,14.6829723146048,6.9282922608151,18.7851000080221
-14.5568210397719,50.7386402193035,-2.52926506495767,35.9325981862448,2.86296237792222,28.1576906337796,6.9009549961268,18.6574779366885
-0.893098041049765,22.9350436906682,3.76883550186319,12.6891757928921,-0.196932825333519,39.8944713893953,7.39278721645894,23.5306599264523
-14.9934870331901,50.2732680055228,-45.4596057208123,111.272003762471,4.99484420232187,15.8032485727317,6.40952910969887,12.769454331868
NA,NA,3.01768953269193,18.4429517065802,4.25388703139858,23.0875159008657,6.3312902781725,12.5017189703643
NA,NA,3.63286493433955,9.89525432195667,-29.082071048973,100.987979597794,6.78082977442962,24.6474072267845
-2.77492693342501,29.6536340557047,-105.30987031988,197.677672506609,5.12456441836796,16.3522521018074,5.55224051551064,33.5208668888503
NA,NA,2.4768641775536,20.046562494965,4.58586379960142,19.99548853072,6.54404025414864,25.8819203871711
-63.6017298366208,118.196921711152,3.31482161895385,16.6303464680501,-10.0751690172545,63.656168254123,6.21346619166862,11.5813552982828
-25.1750825920837,67.806663636077,2.48800998731743,19.6081920823004,4.88905631659803,13.162443137069,3.62061911237518,42.3800052620065
-32.613141290743,80.1215026730004,-33.0929074306473,92.0304710310751,5.23862742297957,14.4532050497697,6.92141889872028,26.7181072956061
-144.008045118119,224.206200933179,3.66787920107805,10.7652078434498,-1.5518438077942,43.1180526419058,6.9984030649971,23.4957712071079
NA,NA,0.111494009212233,28.5419065978666,5.00631447450344,13.4220290000891,6.94907025933471,16.0317425169559
NA,NA,2.51265002758635,19.4190337663675,5.08548986956773,16.2922491550337,6.98659242835393,17.6509103827775
2.06414070224254,13.7466700643214,1.45752446388699,23.9179002719131,-2.65277275203877,47.0125570544256,6.88965574718871,17.2159477525864
-1.59707912783944,23.1173628941096,-21.3373985646753,71.122394136623,4.45827224346255,22.5959158571136,7.04642226592845,19.7378142308384
-0.464121688559723,19.9952645891941,3.43948055209021,11.2622202381218,-1.03971948018108,40.4042486434793,6.70466075367763,17.5193343538929
2.18825897176328,10.7737387912493,-10.223031786687,52.5418209051486,4.6146578312862,21.2972023080524,6.8499352220128,15.3342656760777
-23.5507597573833,65.0766160673191,2.5744358819307,18.6667593269895,3.07484037782299,28.6239005795436,7.25781302990649,19.0679725222382
NA,NA,-4.69140021092946,40.3114267283362,4.72523920540322,20.7105951815309,6.70226035396042,15.2191439588726
2.28237514018384,11.7072095320474,0.919333756637823,27.966032912915,5.15289821569107,14.3853571714355,5.55577652472651,34.1001138119936
NA,NA,3.7520218410123,12.308763075081,2.68608574442002,30.379945648899,6.9385776399729,17.1595173541234
-3.96349535024593,30.8438374206889,3.63421346731787,11.0720655120687,4.75205265071538,18.6467400595999,6.75985103216709,15.3551923241119
-6.02867190002227,32.869477310568,-1.43432515378466,29.5909468744096,5.04638745653859,11.7020741096538,6.50347032513129,14.6971825127567
1.87970963309777,13.3342884806093,3.55675326576092,10.0016765634817,5.0590315991206,11.8907724491203,7.092472038179,22.5037554053293
-0.985864167633956,23.8197552232373,-7.83611385884527,45.5494850276256,4.62473336173681,18.5696061427417,6.24555593106335,28.8208791239954
-12.564768946152,47.2579204202233,2.56174435245031,19.3914967269769,4.76660122444783,18.740793042734,6.52041777701508,25.1678258635133
-8.69618713806269,41.3457877305238,3.46183537260375,14.149629157836,4.96402323656221,18.1625167095927,6.95303877717957,19.0933219577053
-12.1464954089058,44.4351640153566,1.56129802010721,23.4789587722521,2.86701723406662,31.1317782550983,6.88785734205001,16.8384780598813
NA,NA,3.36862467603502,16.3118061433725,4.52262237663155,23.8722033403994,6.76707663972863,17.1397159975299
-12.8537045644127,46.719003048244,3.64618705480744,11.1950762728724,4.27191591870171,21.9945344213417,6.75278373521149,25.7426279791599
NA,NA,0.826227436447025,24.1823846895647,3.82559249703074,28.7672191979425,6.70191750194619,23.9037211914225
-95.1414704920726,168.341318667609,2.75196912337526,19.1018013936031,4.08373070190852,23.6862031487195,7.09361359318411,20.0707668061922
-2.92321913321834,27.242535560945,-44.6800826955072,110.096096713817,4.67901879390613,19.8453616251172,6.70439725784795,25.8159653772877
NA,NA,-52.7455833799587,121.611752710175,5.19021460371288,18.3259572409997,6.22012911751118,12.5017054543234
-0.396588316707433,21.8871350097063,2.96666924293985,14.0466760766046,4.79574553306361,14.0213894750507,6.59583263954345,15.4353708922714
-12.0145126814073,46.2816983943775,3.5966174765684,11.7789516635843,5.01321827455158,13.4502096595411,6.31147679196567,30.2727640933411
NA,NA,3.93332945021589,9.91765696800197,1.1365978423321,35.9662515053079,5.81179624256083,33.2027555609815
NA,NA,2.28360105291806,19.8225010338931,3.64180443544309,26.0500198357059,6.9934432207785,16.3374994556454
-4874.24242516446,5308.23089605118,-0.804383460753748,30.9516170441561,4.82042837432394,13.1062930013394,7.01547348269736,20.757087771198
-850.852047355262,685.077014281852,-23.274332589402,75.2575857583403,2.61493649114886,30.299885015984,6.87702881122704,24.4314002942111
-889.682775764618,1071.36173840145,2.33106484104642,20.8560509313047,0.114696704829818,38.4139662125098,7.17953599512274,21.7042235550148
NA,NA,0.250810579668668,28.1737073435917,3.64694448210403,25.8199084973054,4.9354661147997,37.7523759062836
2.04333944993432,11.5891506890769,-0.687854193102071,30.3087855893301,3.86230481789908,25.1462228808064,7.14003436922323,20.2940565311104
NA,NA,-16.4885774183547,64.2209660964856,3.00995381512241,28.4304984931973,6.89268307297092,20.496839772696
-2.19706205990295,26.004829469533,0.453507508427791,28.3482821193185,4.89248781599403,17.10700834671,6.69833982757851,16.8467372831478
2.68459871380585,6.72921094486693,-2.44036063647977,35.3277784190489,3.99285375425523,24.6846232667305,7.09020066255995,19.9814898822635
-219.68671168565,321.570843528594,3.67370985471074,9.17253977782643,4.91589380693852,16.5217240950001,6.75553696952955,25.6071853369742
NA,NA,3.25337344425526,16.3076022148588,4.88448459517961,10.7769950764316,5.87872345067223,10.7216636440442
-214.853090179512,309.155626288486,-45.1769245308709,112.042207765078,3.69458282895537,24.2509391020653,6.94249851631106,17.0237255453511
-3.16285124224217,26.7868418862396,-11.8885294871322,54.1132091853671,3.29826872597027,27.6280049859485,6.76554029606817,22.6631871434801
-1.1701104399948,22.8408329276515,3.45925452665536,12.5057709719327,4.59969165142358,18.1254008136922,2.50079572334732,47.8906847894683
-82.617931812757,150.946410774395,NA,NA,4.63485825041461,15.6953730007288,6.72407270301835,16.5473781255626
-411.747848281398,545.641918138481,3.51309948179818,16.4716682526547,5.22387514893316,16.6326563116192,7.15584623319261,19.7084378819036
1.73092170728329,14.8273487921598,-6.46540593611434,46.6925933630795,5.09593297257931,13.3941500037923,5.02656913054233,36.1592634843132
1.8720948082031,12.803729819053,2.11763357726507,20.1212618999504,3.84048775021092,25.3680006379172,6.56342903347196,25.6187517647531
-4.54514477927775,31.4592006653766,3.32310129201003,16.2288416879726,2.20851288748228,34.2913572398348,6.73912750378043,27.2154217324595
-496.610287367498,640.79849455957,0.192438842785878,25.2285626198079,NA,NA,6.50738415328824,13.9297893691623
-676.168932266773,531.20123913522,1.91708369291804,20.5500259127742,4.71342791208212,21.1968497853928,6.92212170343745,17.9142895459411
-23.7024617143344,65.7340047506776,2.15830448982642,20.5668203591132,4.52163012218258,21.534795271669,6.9956975121113,17.6042180689861
-124.032716708102,206.860968419706,NA,NA,5.18607872055036,15.8676813758953,6.91285103891557,19.5800955598614
NA,NA,2.73196913823713,19.1063756043255,5.05762310547345,18.3739803540534,7.06502725780576,24.2127410652667
-81.5553653325463,37.2037613838829,-15.1885272510919,61.0069548667723,-18.434847697123,79.1447389436809,7.01961444427509,21.4214922149328
-0.392527455939156,22.2192084770604,1.24131738491456,24.3055856798074,3.13299136683026,28.7012020908701,6.93419800100699,16.9324641329321
0.078515993603455,17.7678131643997,-7.04835194275869,46.6875444699458,5.07130588793081,19.724172606217,5.93655327948522,30.7833824182661
-14.084310237717,49.2390650062359,2.31591583585121,19.5041307899808,2.68961605885925,27.747380944888,6.66200105008444,14.5721619936869
NA,NA,-15.2017083771247,60.4171265947321,0.80737185502409,35.5438156239227,4.42105159259244,39.4271249912324
-4.8573868278327,32.8247664301332,-41.3287457391681,102.651329774524,4.49660084670902,20.8832436011788,6.0725478379461,11.0965644821697
NA,NA,2.6039511551735,20.3695185644034,4.68826078526228,20.2528908804946,6.93058378561767,15.9673779991519
-1543.75160358535,1792.2031668766,NA,NA,4.57622771276064,10.029226055306,6.96026077928075,18.4219661096165
NA,NA,1.58485145122542,25.2868594134684,5.0540786339028,16.868401109459,6.47173723077726,13.084581514949
NA,NA,1.23381614714417,25.0888174027828,0.178543158543118,39.8310190757881,6.2863175169707,12.5523998879949
-1.77538848612548,23.6512309164821,1.71412155435534,21.7233786910073,4.80309760177848,14.3671128613347,5.28444777807283,36.1010740360961
-14.8179224702378,51.0371883539489,3.53863947871798,10.2675556406186,4.83335134902851,14.7397887378007,6.62710194089041,17.1554461115622
0.310527005737899,19.6555794469296,2.66294488627658,15.7545512724232,4.91100958349612,15.8112264745277,6.94692051424539,21.7590139762474
-54.7213015022636,113.140033107014,NA,NA,4.88245616588644,18.8591391309773,6.7433779180936,15.6143940792938
2.38328680938068,9.54925183310791,1.96882102776029,20.1164597925371,4.74955887147549,18.9301832541985,6.6444899740613,14.6914680780926
-6.64343350554539,37.4990678012622,3.63885358765504,15.4765310396064,2.60851553504625,30.5203266846511,6.4789509274574,27.7178720187875
NA,NA,1.56241282932197,23.8364392993332,4.33814313461573,22.9037486957623,6.87752326070923,20.0596560985379
2.44662195633197,11.9051846050676,-22.2333386041836,74.2443379279805,4.83955116923272,18.3046843861788,6.79265946603883,27.5707757565981
1.59421974452942,13.6584017506131,-3.34510158511012,37.6311607282261,5.05293586519594,19.2886741085976,6.96932698039716,22.4565610109149
-2.75448996630073,26.2389016418173,0.140288612902664,27.9678087125459,4.6911978207984,21.4566775625758,7.00192164493538,18.9335226113128
1.48637141474398,14.0313363092392,-24.6769888017592,77.5484431039456,5.05772777870387,13.464363594311,6.78022426397831,22.5992161064282
-0.481050306398819,22.5712631917645,3.00701905670753,15.5611261779371,2.61982924073181,32.4360285174594,6.50013718155534,13.2617784264168
-6.45921944801269,34.74604364768,-38.1696354624591,98.2237083625322,4.89916510483068,10.945042359962,7.11540075755035,18.2913893472829
NA,NA,NA,NA,-23.9196715696674,88.5743530235567,6.16326856413702,31.9699079419859
NA,NA,3.72882733627149,11.0925172901925,3.4729815509277,28.1560102773014,7.07655744159591,18.134554898703
-43.5233257188778,90.6296121209852,3.63359487941266,13.040989108868,3.30120131180075,28.4991029333444,6.87367043134434,19.2145241114843
1.38067765605534,15.9031206629463,2.14722125269176,20.6751992760642,4.98787100107152,11.5400364014389,6.69648932608167,15.7526029072059
-3.96312043452141,30.3167660037837,-2.22079401250252,32.8884535507789,4.87230360135434,14.0353929565981,7.20980482456939,18.6899761368859
-385.101523028399,274.88681994121,-6.9423538882465,41.469293420506,4.69079243047962,10.3800463401833,6.78868944611921,15.1698664506356
0.592771384873513,16.1500056173064,-38.7290145855125,101.746133052628,4.3737979316754,21.8259508756776,6.81053409952931,17.7393098459334
-221.431941466522,320.021289589259,2.71606323417957,17.8283078532434,3.18917703681397,27.563625663203,6.39370267569739,25.6724027237643
1.02978876007441,17.9353104668053,NA,NA,2.22048464046427,32.845743117182,6.90025570178942,17.6604791781347
-5.46318355978602,33.3647102165854,-27.8293566116458,83.1975634367026,-10.6540190826278,63.8048947750002,7.05313284274256,18.1107087184829
-6.85849267987664,38.8120923135573,NA,NA,5.23446655437293,16.6996713687192,7.02982709463243,18.8923001730671
-5.59423512015585,32.5252889852999,-99.3353584136395,186.364008015054,-2.5293446184247,47.8221834856579,7.00532713940094,20.6590990964932
-4.86631772790781,34.022711859036,0.431940572055357,27.0613766466494,5.06151245153234,16.6820811792279,6.46995318212917,14.4059151562079
NA,NA,1.40249887141106,25.5017400154683,3.8536733830069,23.7906423879499,5.75489492442011,35.6551844523355
NA,NA,3.44452944561526,12.6241679475129,4.93481034497169,15.2642293381054,6.58832501035643,12.8841241812713
1.19847269400597,15.4533035411747,-6.19066396486522,41.810701017331,-7.7461399409682,57.6336006496078,6.41277105470034,12.6479816704215
-5.78005940358702,32.8905628243587,-54.4763024623354,124.223369669005,4.88389095587701,12.4461665644164,6.8704501978997,16.4438674455392
-29.408399018449,72.520344122314,3.22289443299199,18.1034395264838,4.01986672661165,25.5641321943474,6.55657789081003,13.3588748340814
2.06054323670708,12.7856005276258,3.23480245531319,13.7217220437641,5.20390716466357,16.0084019959895,6.97569373476716,16.3294554065378
2.47707521412821,10.4876953241831,3.65868737878106,9.22503127626497,-0.147348140900448,39.9998874051759,7.00750671949419,24.5239281823272
1.51879601398295,13.3275928674167,-7.68773657642715,45.8457694920031,4.08103415437884,23.5624023152826,6.90956268346072,16.7129675854831
-3.03025562561196,25.7129352172926,2.79199585159878,18.6572637625436,4.8128914780416,18.2269720635496,6.91168825757511,18.0350447802458
NA,NA,3.73727641537264,12.2470104759651,3.215235754221,28.4764206607195,6.95880398552758,28.7030151535952
-2.20102205445784,25.3662409283329,-13.7482848139571,57.2117179682156,4.56412893294562,21.2493598043582,6.95378488300772,19.8140021946276
NA,NA,2.88322177784924,18.4270008744462,4.84414354581229,17.8459311605282,6.74659970529297,15.0522633811066
2.16267285810692,10.8577453748366,3.2942769179676,15.9508596101796,4.89883022157205,18.6283603810315,6.9699388310837,21.5912169516692
NA,NA,0.722133180704603,25.1611405530278,-11.5068183371146,66.237237482603,6.82704557749098,15.8283173261271
-6.57150764598506,34.3577081876776,0.804136933834586,26.2020611429634,1.81003111042965,33.5114190025538,6.21236104528029,30.1042663693274
-2.37994188077215,26.2684180540143,-4.75399974160273,39.6104015219352,4.031937583471,24.6506922145723,7.16051463270636,21.5568038410985
-13.8290939338494,47.4722335661368,2.17505777457872,21.2012703108476,4.85528619531929,19.5193504221198,3.29421295988756,44.1875297102731
2.0798036066638,11.4369527281693,0.851614635355169,23.4830151153522,4.86479920011639,18.7191989001495,5.85903331864999,10.3209034228106
-19.0190958838031,57.8774024628852,-119.981614484722,213.088478554269,4.32023741518755,25.4336779616155,5.45225999966975,31.6581654412851
2.45910735787501,11.0559868297351,3.4350681454766,15.572124790196,4.26342690008796,20.7807446224515,6.91281094503131,15.1440259353606
-1041.67553807245,859.028922917802,-4.40903456814796,40.8486682055604,4.69683025950563,20.3373613052959,6.08521391171598,11.9151186397232
-1362.01480800207,1147.97537028832,2.96976462843628,17.285370253733,-8.12469929938677,59.8666453121739,6.93465987848016,16.7681941038351
2.40281874172299,11.8073064359698,3.69071432737084,12.6083629249934,5.06363477047407,14.5527958285196,5.3075072695373,37.1736944028475
2.61449566672511,11.3893324088001,-74.444736548621,153.740558301883,-11.8363138560895,69.0176977342179,6.75276662187067,14.6840637640279
NA,NA,2.97778889758612,17.004779908729,2.32631739916522,31.6357402949903,6.86076115894259,16.384626061352
NA,NA,-29.7681913952861,85.3115765257005,4.7297593734006,20.3750118818517,6.54915865617625,14.8189223419138
NA,NA,-7.14202393026273,46.5781434710786,-1.50322058494537,43.8823344944925,5.72568129332163,10.0940999979452
-9.26799273558914,41.5091466136555,2.36521031903118,19.5087837178869,1.02842618052403,36.4006095156182,6.81718174845846,23.286960702793
-11.1889345550093,43.945404668577,NA,NA,2.30816395450052,31.7789879655218,6.2967329377898,29.9212881375214
2.37496491674471,10.8638013015921,3.28892249451786,11.3807475363503,4.24388962061428,23.255726607556,6.7262714168902,26.3849232045123
-1.7917916021802,25.2520161832283,2.74408560191954,18.9242796385349,-3.84247538081732,47.2921954863994,6.79657113293565,16.4393631672117
2.1371797198724,10.6647458566983,-1615.53995194443,1332.14045311865,3.9648788881747,25.6126829888829,6.7876467241782,15.6692173370874
NA,NA,-16.4940525637599,62.4781272068732,1.03037434275553,38.3944631417548,6.85905225496155,16.3346038215402
-8.36415820517438,37.1457514879277,-294.480610159082,179.127916172456,4.98301851835663,12.1824824027889,6.33808744562533,12.3979551599534
NA,NA,2.04553738641845,22.0416645264994,-1.98672404910402,44.8559939896282,6.7356706615405,25.0118676868952
-0.284302298101405,19.7622461728596,2.27761341262906,20.279122736476,4.44630417114315,21.7866880208467,7.01815984451318,25.9313709175003
-1.44332116097899,23.7191330490366,1.37269006639461,23.2651736042958,5.01556824236195,15.1337590754828,6.85962172721795,16.5441227590645
-4.10917631748643,30.4136128974907,3.48983244558044,11.2950131902206,4.61201218635867,22.4492653102907,6.69988591555519,14.8662017043379
-27.4033462893121,70.6731703345007,0.355504420634558,27.2807017449118,NA,NA,6.53141252721757,14.1180392052546
-7.5774685500835,39.327155532974,0.0985597373270473,27.9114692302836,2.28486136374083,30.6390906399539,6.90798714931345,21.3348217794961
-1.95948685733523,24.7744414433908,3.25189785014077,16.7547891628839,-6.87670157246209,54.5629775900708,7.04166993411127,19.857713651209
-0.0203838977975579,20.3009450510126,3.47887182096155,14.318666228645,4.93867027350551,16.0518849248747,7.07408220490526,20.8178893255789
NA,NA,1.83631906264994,23.1090070002444,4.22414474205134,24.0193980543515,6.63732184231663,26.6647757377699
NA,NA,-0.498326948633704,28.7761631562826,4.21217708429738,24.2039913706732,6.70128874744091,18.5243824332723
0.925021371640605,17.1428591900317,-5.68492098539857,42.2531086438163,4.12393093999492,22.9568170136574,6.88468047241036,17.0768599961531
-11.0145136947619,42.9581768773892,-10.4020490789726,50.6443952282851,4.43052063407274,21.711670059984,6.79375907084057,15.6270384794128
-12.4296158608535,46.2792562732016,3.58786546555717,12.4427231934611,5.16926983218858,16.4543069404386,7.07949573528602,21.8629558520646
NA,NA,3.29525457081313,14.0320055417745,3.42509357770701,27.395286582722,6.95309458403205,17.0259695033916
-6.21296598495699,35.3859073504225,3.72296910991091,12.1521617229102,1.64630216628104,35.4284498572357,6.78108541627696,17.687232539733
0.213453869219309,17.9960294589154,2.05207134724153,21.9317486210151,3.7375878266685,23.9133655111587,7.24412073904427,19.3983145539104
-7.89152835272987,37.9027853456325,-47.0030911773524,113.599081776734,-0.410341844462451,41.5673306689386,6.82513602245793,17.8646936255603
-81.1615474441822,145.263935608171,-39.4919271828675,101.851400512018,5.06577983614716,17.2350866852324,7.14981052750722,20.9876049937053
0.160809507004041,19.0889935440886,-2.36088082899316,35.848710696704,-11.2416243340097,67.2624944382365,5.29083633473406,35.1240174562936
-125.177226368475,69.6404860439962,-1.07983839940886,29.9048832546864,1.89440100929468,32.0319002543762,6.93625973964284,26.6345944007099
NA,NA,3.42804884310301,13.2916378586581,4.31076055173207,24.3229848465569,6.9955076433944,18.9403605685769
-2.05778998003473,26.1352003460316,-0.456829485516193,28.9562580657137,3.95138416925074,25.7780375290607,6.80131091459524,15.6368499437805
-4.25701905027838,29.2101280436969,-5.11675215943755,41.4834258422469,5.08938691609564,17.9141920025909,6.5482258603781,14.4469523679616
0.778911892164656,16.3274967108795,3.65244800401975,10.7108273733795,4.8819074374426,10.6792949149592,6.62772056094875,14.503080859666
NA,NA,-3.5183139901125,39.810597410225,5.17682908884633,13.4286708037883,6.89837151805572,17.5101639562477
-3.81184223786819,30.3804961286951,3.67714625226946,12.1762262080172,4.03167417650698,24.9165904954144,7.23045651258268,18.6953406286537
1.68320681657648,14.1649621588201,0.85606264144425,25.2220583660672,NA,NA,6.19839523751929,12.4330143541935
NA,NA,1.8001238292823,22.4700740831543,4.47884234910781,21.2624326577352,7.11589044652889,22.6693835259328
-2.30122233686435,26.775773754997,-28.9447037928262,84.2142873822268,5.01277883472247,18.6530252848068,7.11656626810289,21.3352143997101
-89.8994704144482,45.1022372546738,3.46655847717832,9.29417946937266,-0.232564631176324,40.6222823289471,7.0364113682258,20.2760730693517
