"X1","X2","X3","X4","X5","X6","X7","X8"
NA,NA,2.06010649569301,3.96611117875171,2.40626687879906,3.30857017182542,2.58399056010371,3.38585486856769
1.24395622832497,7.01507446331811,-3.39420483681723,8.76451438626496,-800.495632799115,805.454865424589,2.40235060873707,3.19272929581365
2.05598246574166,3.89277739487459,2.09163391098724,3.17017157312917,2.1488301291476,3.25663077573163,2.43188535460128,3.21902283562062
1.73197705572974,3.30313164358687,1.56199761733175,3.48046289774954,2.60297650899504,3.80528817085498,2.32598365189234,3.12172568389794
1.66067661025818,3.36498382270873,2.11446551207848,4.68675456463919,2.22964121289736,3.42269235256234,-320.431300679248,325.553784712544
1.91251197964372,3.9319375033092,2.45566305082722,4.36668759084858,2.09342836404066,3.36081010161331,2.31892863887922,3.2646069888574
1.76393849439733,3.45028641490201,0.764419057143383,4.74780944572566,2.3975933547371,3.37191422119612,2.42954799978543,3.57126013030415
NA,NA,1.99989641903706,3.06964926609322,2.38375511942875,4.24005404196783,2.51976811212296,3.43750176932231
2.03900763060051,5.42359601120944,1.86182846388255,3.35137284299259,2.61191428029324,4.24692036426301,2.48790662296868,3.43597229677958
1.84907284411019,5.05863464126382,2.54166448439811,6.03984219795161,2.2504384054108,3.53082981310001,2.50140225519412,3.25629534317837
NA,NA,2.15670506063184,3.68999005258714,2.541602687839,3.46088012261733,2.63327148779878,3.53546708898869
1.53776480311279,3.61933745536035,1.73145980558622,3.74809764796169,2.45130019998435,4.48564359500148,2.3759527211557,3.08178318148058
1.62715839635957,4.12543712829473,2.10047552301542,3.39390868944609,2.43751348594255,3.44738668156776,2.47381375465656,3.23447468902223
1.49908744405463,3.26705606808682,-793.54944329115,798.35036685806,-1650.65234452659,1655.79340670414,2.50516169799218,3.33916871059576
0.291216435649378,5.36043564313733,-251.364356679398,256.009812802968,2.29030738517046,3.24359294145042,1.67670130317633,3.26137479839902
1.51723131709795,5.4509786927611,-770.083513919659,775.543506874198,2.32107469682838,3.42262136453358,2.33806920185631,3.19617265919798
1.67174321755502,4.33836148522541,1.94972174898779,3.31455712779538,-258.406466652778,263.19387394709,2.4321417934193,3.12434178317904
-1100.91069895473,1106.78542525119,2.07086727888076,4.03353100527645,2.24957514273027,3.61279604610164,2.35892465760024,3.4182603334944
0.14445429486165,11.4814152529035,1.69518347000596,3.18012504728454,2.26538909123768,3.0465950092825,2.37735873220763,3.21084273132807
2.04650882055769,3.65819560108438,2.14712509209621,3.52998642317501,2.29056533576804,3.29346918604486,2.64596426301066,3.79725711016564
2.23166851590348,3.72426170964576,-3266.60637310577,3271.50069253545,2.3489288596025,3.46358826606281,2.34662167609239,3.0517312585447
1.78284270862415,6.75784580583139,2.52443457469695,6.11625040842625,2.08051609266891,3.46253762478508,2.58447222107954,3.52736116211848
1.99616924532431,7.64347470613012,2.27960125139383,3.90960814568939,2.51203389141071,3.79384073095508,2.73413161193086,3.69186183184528
1.92808973158868,4.1629005658842,NA,NA,2.34084279723944,3.7538779934062,2.30283750021511,2.97916539478694
2.10606996157568,3.98988111432472,2.1416418153799,3.28525718245448,2.43547210310231,4.546873393346,2.27281719018933,3.15591383086704
0.296755186408594,5.02292613559095,2.22937042718937,4.78340020643117,2.29966743003944,3.39165625786071,-269.916270384857,274.867187922706
1.54561754377372,3.95372659735194,2.18306580205613,3.36989530721454,2.25830869518448,2.9568746990676,2.67194719129707,3.54367554223478
1.51991073791277,4.43241283050088,1.60961280586162,4.56699198194867,NA,NA,2.60551299769181,3.39067800612162
-2297.6630690003,2302.73858425943,1.71573155520017,4.34615452531637,2.47874085864484,4.6922466880308,2.34162192862029,3.06861886033838
2.03348076159676,4.77687426911308,2.43198502858046,4.93990620556474,2.36917234225027,4.27526828110619,2.28145031495665,3.0534372016812
-1812.1565585563,1816.7221929289,-2831.74509516695,2836.69138514737,2.34869953318252,3.36377625370179,2.63807157304164,3.59700179616348
1.64248259402446,4.36632075688248,2.44067701388843,4.71025253805369,2.31534224333985,3.42634247430362,2.65364917206627,3.75709581384262
1.77859249064987,3.08823965330076,2.32690091503529,4.56082716261935,-1715.82485024838,1720.85918698438,2.5110745004861,3.32272576418563
1.85179640646811,3.07523222321642,2.13488128467082,3.94142501445582,2.75673972749047,4.10421116011543,2.5458812101644,3.33636014414889
-2329.37271532987,2334.65972966013,2.69458404882865,4.94854250881716,2.5270683416612,3.90061261657871,2.46937455500708,3.30655868163983
-4692.62418810551,4697.19669479255,1.74583191773976,3.36090481592272,2.32595479262492,3.50475212466739,2.65099632517763,3.52391950868038
1.27766098024538,4.55793128131563,2.24821823774664,3.32801921489581,2.27835881086111,3.48549882533011,2.45624659841142,3.07215854790627
-2515.43309129003,2520.14555558979,-2680.06258363797,2685.44601382056,2.51209012242953,3.97616179060066,2.61956446134767,3.78082485401522
1.82958419243439,4.4328583157596,1.58727798298079,6.28906089582233,2.36237947831748,3.51172600030018,2.28463780998222,2.90288299829336
-0.225411086505516,6.71227929535631,2.11475166499643,4.52316295500095,2.19239515158347,2.98286734264492,2.2917917460468,3.16426978181152
1.88823580578273,5.30589773676706,2.2144074393265,3.69164006135703,2.31694646851143,3.23232948565104,-428.573377088227,433.556324126547
-1706.02766169429,1711.22511286488,2.56840407781441,4.71262850082955,2.03912929496862,3.02332236462642,2.55739212917994,3.36959449256558
-1372.59520889211,1378.28562506088,2.01462075872305,3.3727341099167,1.98445752120383,2.95974455910893,2.75196831073713,3.76195373908272
1.05693043101866,4.86855284933363,1.89688612288093,3.80530549462831,2.45666795792638,3.7598332311434,2.44301365453592,3.29540415212133
1.95760716477422,4.25400512225819,2.01337978656986,2.99945326663979,2.32198051150498,3.3390326299509,-199.708920696981,204.613291554643
0.994035970311249,6.8116981052039,2.12623982461722,3.77446671465077,2.32756559756689,3.54610082995632,2.3015406125368,3.13257101299489
1.06646008027976,6.46142293607978,1.95115923498033,3.7288170715288,2.33826435711728,3.68931411046647,2.2946619593678,3.08094342894117
NA,NA,1.66999949475087,3.47126129221781,2.49522648943559,3.33419817579087,2.47624462500447,3.39724626996482
-2659.65665445593,2664.40945817369,2.13246062334049,4.55375193217268,2.34313971674296,3.3267326017527,2.88812590616756,3.87544056210043
NA,NA,2.061247011956,4.57372449890841,2.60372261817464,4.02032557968154,2.4873224788772,3.25422732828
1.54998306504825,5.58844941587145,2.10492619378527,3.54503718230209,2.59310172842999,3.73363417767202,2.42500960700587,3.11620595730655
1.60449634931068,3.64271180202119,1.95910036187874,2.86288436508831,2.25640939165202,3.14731883505602,2.28053962111923,3.13166776432254
-1594.92490982159,1600.76347335647,-1968.98158258847,1974.13614844293,2.42484688599788,4.09935708545772,2.320772263378,3.14437211100983
0.34809764549823,4.75080717923404,1.77036959318723,3.52685710571118,2.07442950954898,3.03541474510628,2.36865003856566,3.16670404808311
1.68295139763427,3.2767662511974,2.34352938197867,4.86815253150821,-622.7114979281,627.818604451615,2.41370807471409,3.1750656136386
-4138.05104645773,4143.61095622312,-8.00400013209703,13.7349708151559,2.31070481364953,3.51401551569265,2.17993065145704,3.0008239904662
2.16406688618558,4.16505784596096,2.30756812094903,4.48778323306474,2.43940229290252,3.24734860030686,2.449077953426,3.25685048086487
2.1143816966937,3.60537087008821,-822.086852155402,826.869132195151,2.42757200785792,4.26844099683026,2.56458493497531,3.40241673709491
1.82948365042936,5.06148285402833,NA,NA,2.01833388533326,3.40307993063079,2.47466747138527,3.12523093527077
-1039.85289986888,1044.5951592415,2.2660961373924,4.6250909432449,2.39577172692977,3.6680743361922,2.39163440398201,3.06141773789653
-2121.02807182287,2126.18406160328,2.20136669332295,5.16246342715425,2.7164809206663,4.51535064613824,2.56786755591696,3.29182257473768
NA,NA,2.00941350910792,6.29135211782179,2.52728309943836,3.65262632713479,2.64717847447276,4.12218110527572
1.70452932210587,3.04588989847927,1.57600346993081,3.64560093382739,2.07799667461539,3.96697057060967,2.41517272580027,3.37260279369019
1.76970560462137,4.8519132014659,-1809.93867428838,1815.50937064633,2.41723381317984,3.71880198981062,2.3754433414407,3.09035306852658
1.98460922363918,3.10549290600078,2.19803261052421,3.32671793674643,2.62254998128224,4.03864354915333,2.17747129574956,3.02987590700165
1.92742296744623,4.69376814580535,1.92362637048888,4.12751046010707,2.93399400543303,4.83622964215628,2.47046934366639,3.21630460167734
1.90400665846794,2.89958124374274,2.07958635866517,3.21880077351212,2.53667253237289,4.37519377964902,2.54286110959242,3.5175382135928
1.35361267316608,6.35900326620914,1.93629544692976,3.18033788958604,-2218.14222491588,2223.05289251708,2.4334710273276,3.24369685544981
2.08482884419971,3.45797946770032,1.89085788201175,4.50397041346739,2.23098530365982,3.39292602179404,2.68053765384651,3.65754018137506
NA,NA,1.94989239778455,3.69889937757364,-534.864917405636,540.348498682312,2.20140351068427,2.98789571583726
1.95721475276877,3.77700018013458,2.09637199249928,4.46140439427026,2.27198833041924,3.06632035635135,2.36313327181374,3.0484586333649
1.9995179484498,4.09788633412764,2.24648855935836,4.23589803527204,2.19318830518306,2.86156778719253,2.45036589605847,3.42701715000121
NA,NA,1.69888430563232,5.13093118163362,2.37461682529529,3.32124447415294,2.6702928997102,3.52365412413482
0.566680627128798,5.81511860957374,2.47954481343664,4.11621891848995,2.15688874065848,4.14872904384534,2.5222350817435,3.42537264986951
2.19250231009593,3.88054033490316,2.10455433243968,3.57488205114004,2.22423359173598,3.12854837184296,2.27641977795921,3.10125819059272
1.16122634529015,4.90366228558661,-847.242439636167,851.853718547909,2.37908102216778,3.56695467788837,2.47436496991754,3.24300893060874
1.67124386711068,3.03118278087112,2.07902597334588,3.56177463161584,2.35515525258422,3.7840065522447,2.4794960700135,3.4243402990547
NA,NA,2.02628230593709,4.91768334275304,2.34116428221053,3.35133320506199,2.5974250820469,3.57371666392399
1.83440279793796,5.32915682973906,1.93470678619066,3.5505077323208,NA,NA,2.56940774316837,3.60495902960599
2.15546168061971,5.07598174411358,2.20605079280906,4.73602130746718,2.31927572796733,3.47206668576887,2.32162516895591,3.18001625682163
1.79203835866466,5.33107056604079,2.13479861327169,4.13207937968357,NA,NA,2.5546180355498,3.44585448822458
2.08549847117895,4.01469091688739,2.05263496156017,3.64189307988534,2.37592068549902,3.89962465659291,2.49687447491275,3.16045519101244
1.10305532429225,6.34077547301951,-348.564761965622,353.524242217064,2.21686797698923,3.29819390734568,2.15425410410444,2.94434050034227
0.414774621710628,4.79197276006154,1.43499958685023,4.95954750252564,2.64185130550863,4.07033018660009,2.67347803625756,3.64272447921323
1.74119874486071,4.05536190186032,2.31713038823471,4.10866100175861,2.36781570130141,3.62485539296265,2.35161316131578,3.17520019227875
-3052.43916299503,3057.01694394628,2.04707823280579,3.55466278619231,2.25732165353094,3.25251890679033,2.32954511823758,3.14789105333102
1.91530506400528,4.30838011274625,-758.834307153542,764.527743386079,2.45639970363933,3.39215787736191,2.51390624175487,3.49837262153621
0.918548654708987,7.10667369916446,1.69043592114603,3.1780050508293,1.97094231317352,3.36316719870895,2.44012004830685,3.09330498631232
1.86568249585136,4.77321492399251,1.67075938595469,3.30919831551218,2.38145979294748,3.9456501996453,2.57165964178348,3.34484212963844
-1991.12825531465,1995.75306415344,1.96126556426063,4.76429980357944,2.14120584855512,3.49987789294395,2.38222953422343,3.58984061527448
1.60299153761415,4.38444571477966,2.11140677075724,3.59914489935727,2.12605677293197,2.80046426939202,2.25530874223521,2.92130143404424
1.68129026623774,4.23735454436172,2.11033046219069,3.87604170927967,2.27680376294846,3.21680825588296,2.37872647503756,3.05212555693609
-689.416164712532,695.23577020808,2.21588035628564,3.98501978705353,NA,NA,2.59641915821723,3.44438862285891
-1074.92018947954,1079.82683973512,1.86933820620777,3.2177768026704,2.58246109141404,3.98728891176439,2.07924104005359,3.00442050296652
-1.96990835977464,7.18057990860024,1.54933926622615,6.19452421674065,2.15264605628407,3.77610244412431,2.57209515323449,3.95761444784158
1.96754088654642,3.46764636042328,2.06461066883735,3.66438068493592,2.02971824239684,3.33509656846759,2.53883657416897,3.42162972376877
NA,NA,2.1580077565613,3.96065705890629,2.25362356412192,3.39797089853505,2.57970459333689,3.62997850874247
1.48415713254689,7.05996552774548,1.98216321449402,3.80750876156397,2.40157529929599,3.6836579808968,2.37219512898261,3.0969899941764
1.45163743488812,4.28214141203938,NA,NA,2.51473793238604,4.13972328899163,2.46132416480243,3.15679072625515
0.477650620262842,9.35868372848893,1.81342385341975,3.87200653728171,NA,NA,2.27443058106486,3.2205954314892
-609.625607905095,614.209781544507,2.03359025252505,3.60606733704575,2.12428418753637,3.40333335590969,2.40257301731212,3.22263862947665
-2744.63154113426,2749.13339582476,2.08324422063456,3.27195767407657,2.38068359679137,3.54805847933885,2.43056712998294,3.29099468267971
1.69234565196092,5.09518954445845,2.30058930941809,4.64494037702346,2.44752272348204,3.58976886133291,2.40686667564454,3.02710628646887
2.42075651318961,4.79896325688152,1.83956501233899,3.17620789693898,2.16212309663975,3.67097573525711,-931.81372620554,936.976569667303
2.10572319358669,4.70824911617446,1.71725525036674,3.8102373068581,1.92344397170592,3.09328337668485,2.43019677260924,3.14118819367522
NA,NA,2.05370459793532,3.69370222727355,2.54892934318907,4.54769565988059,2.51012934094974,3.62704931622442
1.79085838801102,5.83123558189167,2.23459050408258,3.64800086783338,2.16150476367909,3.86732806614103,2.44819384297643,3.19447427184349
1.70057925463768,4.88688418181605,-3918.8588063341,3924.02083841406,2.25606991248562,3.33107233119462,2.38911976113226,3.14270089303734
1.60860241128645,6.83699475555808,2.46407433522631,4.40626161328131,2.67110734787048,4.24411600899997,2.71636169963483,3.91126472150345
1.22366441382499,4.62861462232995,1.57931012638132,3.85059336821945,2.08057715384706,3.45331077279217,2.3117471740651,3.05640225800066
1.91386317808802,6.31087557763753,2.16708231023709,4.08874151509077,2.11005866366678,3.07898385067413,2.19004847173304,3.26629012215186
1.69246132671918,3.95438441627202,2.20986750503221,4.13903921109275,2.47848459780361,4.00641975173299,2.54617104529969,3.22306832520225
1.90066412036111,4.95273505990008,2.06750941658829,4.07314108850791,2.59599331834871,3.8658201790277,2.39358454245278,3.27212413024422
2.07654287414908,3.56202764649012,2.16254609307648,3.31671505373312,2.58673125018643,4.18006925236399,2.45740381341391,3.29895828551628
1.88587320183958,5.96231087326875,NA,NA,2.59798025539166,3.76905728786261,1.86867049852171,3.52391428192727
-6.31164461486916,25.3817768430582,-284.538979260948,289.080496421383,2.1242626072959,3.61594975695283,2.31985513117785,3.07441482001287
1.55434969726819,3.51125836340227,2.00589845184782,4.19436259819228,2.63086238337768,4.2924538420654,2.59643532608071,3.70143530741163
NA,NA,-489.967689375263,495.311313494845,2.23659010268361,3.78717673593182,2.54337756501049,3.32961736977279
1.85846583630942,4.62150383943037,2.10189492856704,4.27316405214825,2.41371791666763,4.44159301169774,2.61214244654355,3.36109993557323
2.16237366833001,6.10205118661625,2.00287315798897,2.93168829405904,2.13872430956199,3.0750080827205,2.3880354173318,3.21882661127606
2.19411227958621,4.15468802271842,2.21247085030256,3.80338288090194,2.12256756807153,3.53201852796242,2.39261145735436,3.03964275146391
1.16327723830946,7.44045721119635,2.27359829027062,3.92527539648066,2.3418514091112,3.47037253762976,2.53601324022935,3.31450817043604
1.85433356776144,4.30381435953069,2.23943324589016,4.9159435536567,2.21333686800989,3.19645888322579,2.7743715189001,3.70405648298181
-1830.51961128872,1835.41563168484,2.18622760517929,3.21531183608728,2.28522172123543,3.16401167696812,2.26243872884024,2.96027873168823
-1704.91014900814,1709.77022284195,2.01376572323434,4.25760138569687,2.47129626711981,3.73675650899847,2.54335318568543,3.40985996069599
1.95639317894572,3.99019822656444,2.1499739801776,3.73809219769584,1.91390252716465,3.48337477815701,2.40025239812123,3.23846804434197
-2470.95683827386,2476.47040692244,2.29482273338828,3.68429750573012,2.49635569615931,3.96484553802717,-287.286774152887,292.435499496236
-1465.26411898026,1469.90625551839,1.98730767103883,2.83543010195713,2.46356775822339,4.62819281251366,2.45536783354581,3.12573625429043
NA,NA,-3853.82402012157,3858.70171540107,2.42543916112023,3.4740854042769,2.5182215310447,3.38684602286297
1.698367000478,4.28846171588341,1.81419231254352,4.08322944719916,2.30196588431036,3.25141455887491,2.46459930505341,3.43439844330827
1.83915291299139,3.23394797047353,2.20516016913099,3.41253804726919,2.14034118199001,3.39322560034684,2.50762491986103,3.24157090532527
1.51761100729159,7.20526854039848,1.7367593101432,2.99656690067931,2.06116718756167,2.96467878233373,2.60119207060584,3.47872219937921
1.09943039071449,6.66933072801948,1.96760388353906,4.38364165185768,2.48925506364433,3.58065435341786,2.27822971277999,2.8616869205846
1.36508426896045,3.33028242424162,2.27640554815547,3.24310912668781,2.24396763248744,3.13581542681505,2.5718542379484,3.49733562214925
NA,NA,2.22728684503712,3.41544416163227,2.26051893776664,3.02292354503599,2.55073239131208,3.23190750171099
1.47434435133072,4.2841129571592,2.1851212569436,3.22179928695983,2.37798105679551,4.19772412377431,-620.333255857672,625.148081604549
0.905418129879068,5.22586274578312,2.25264120857436,4.52987468293046,-810.023147345557,815.405116301258,2.41712593851483,3.2124347967538
-5809.50520073161,5814.47275225595,2.35186298413797,4.93316732174083,2.55405468833363,4.41987923552609,2.97845504929,4.5993878524795
1.82225877068007,4.26404745470186,2.23775353875969,4.7292751759635,2.65834060161152,4.77868763354423,-788.163087642217,793.092706642665
NA,NA,1.92202763047778,3.81497119485321,2.15885857547234,3.15940081956508,2.31808571955357,3.2150808148543
1.71097941247741,4.11258280228621,2.31158085436976,3.90589471435219,1.96094095085911,3.71247517551466,2.43808230115126,3.26380597933787
1.4407416789497,7.15880086022444,NA,NA,2.20726855891151,3.57199991797594,2.55755694840189,3.66070134435924
-2812.63871993984,2817.88205674631,-1190.97865194697,1195.77874593324,2.55050306925815,3.90200552137162,2.66025556629766,3.69396612747535
1.58136974787144,5.81135787572102,2.07286435863588,3.19170737528364,2.00163692198101,3.67023068639072,2.75749652667697,3.7806748658045
2.04261493137334,3.25719485542065,1.5009403178807,6.26061650126491,2.39635780335495,5.31155671826473,2.56261415279852,3.41667622177093
1.27167349667729,4.65031177556617,2.22060924665678,3.68206685628524,2.19959615254583,3.08932989907935,2.29638223634423,3.17489041913285
-623.1315325193,628.45898650925,2.14258970606229,3.21949435062213,2.19096662324127,3.11992730509204,2.28042958391932,3.07168624968295
2.0432716318489,4.17296153663407,2.23568179602987,3.78005749059091,2.17150593665321,3.14459787875863,2.33877509136158,3.1992430574441
1.92236997153803,3.70990745721034,2.1220368007355,3.71897506264503,1.87829005541915,3.66766649414922,2.64037002793093,3.66128053698954
1.50085183434643,5.14793880509232,2.12126493012033,4.7150809942832,2.19145608371892,3.72371180844142,2.46622597456529,3.30908308537511
1.60734992574302,3.40825455442205,-917.34680253529,922.477286371575,-215.961753723939,220.898121093961,2.45929748058495,3.24294865432318
2.06961885746586,4.80918501019255,2.28114023038925,3.31326055707057,-568.584283551732,573.570568564428,2.29294397303975,3.28789677600965
0.642407058960055,6.38289197323308,2.10428140269742,5.57913658297694,2.47322332200316,3.46552480825198,2.37523252229245,3.16129760224891
0.894550116884766,5.55490370999969,1.69291611892389,3.66604453956191,2.37698018850859,3.26348814307043,2.37898452810897,3.12609745862509
2.04612975107542,3.82623405101805,2.06348879165757,3.21511458527382,2.10060281895664,3.41382401093989,2.26950922410811,3.11808932209698
1.83245667319017,4.34879676170867,2.12375697977558,3.96012359746652,-3006.83131873089,3011.86220954028,2.60542199479688,3.40358416699096
1.62178661595689,5.87551695396659,1.98969696812211,3.13194343387703,2.29644492578569,3.74405220750128,2.73398040461904,3.81284768591889
2.13686463353418,5.35776162951468,2.10076206314294,3.10206126434387,2.30239976059783,3.23913264069999,-545.218253656219,550.076778634563
-2210.62303913403,2215.70573782479,1.57237118605903,3.43870914281035,-1438.59981499508,1443.77426072239,2.07192376454638,3.17935059664803
-0.626382759074558,6.00547247307656,2.09204909452056,3.20305942961729,2.36109079070203,3.3901531978276,2.54470390557857,3.74061216951395
0.650141534344147,7.01974472931089,2.54988272807998,3.86022729225672,1.99717816625302,3.7691730469338,2.4490645038956,3.53324811677999
-0.409127596505698,5.68564789186236,2.11764844929964,4.19882125545734,2.28966209611079,3.43222471017433,2.41813993861491,3.32765312107982
1.62245449858307,3.1476361163483,2.11482857124665,2.8282097464792,2.22967941248632,3.95608199710598,2.53518437307819,3.3089526983149
1.87603564130563,3.81615655766551,NA,NA,2.09109018249598,2.91294452093015,2.14874415533029,3.23395630196801
1.56728597320252,4.40276512238382,1.73522821922021,3.43660124146896,2.64310114811097,4.38998968760066,2.45796269113318,3.11132254117792
2.01537211288546,3.4594886250901,1.92611228479296,3.73814942382579,2.51207376462428,3.70924805899569,2.69617681877216,3.6864481761334
1.58759540426848,3.39530542002742,1.99137240975562,4.67640590271809,2.19430060610238,3.22059671605814,2.21974234645375,2.82856919680053
2.06399044247536,3.76647248369132,2.06831044108475,3.9628450005848,2.20513951341271,3.51339737217031,2.67785102743514,3.62213944688123
NA,NA,NA,NA,2.06143926953229,3.38055683438979,2.64818742832848,3.5759793475295
1.70530400706413,4.72320377637786,2.12089763700672,2.96247013205522,2.01324060969044,4.05679336252407,2.34273533564362,3.48701956552162
1.83922136258725,4.66781163335919,1.30385647025454,4.71048578621495,2.05877759329888,2.9410040439041,2.36031263091968,3.07642552123569
1.91998486578708,4.32354572808613,2.01031574980388,5.77484799435361,-915.849041010974,920.983142789058,2.5256206600683,3.26228860251511
1.97686219697617,4.68260431999035,2.04665990342819,4.54638126015484,2.41741826555266,4.21269982398925,-492.709932556551,497.617292469403
1.44919096717891,5.58967712636449,2.06655447211796,4.13963256919264,NA,NA,2.3714931418023,2.98396888894527
2.24409263239239,4.55468106031106,-986.664094613963,991.654939480037,2.28369003940313,3.08637035477699,1.96913198566324,3.4465238965572
-2161.58091451338,2166.97982605364,2.04768512518331,3.73408371189432,1.91599864958795,3.21317466993488,2.25855818751506,2.98529783880921
1.88142944442892,4.58964738080775,1.95331935604215,3.98670653767605,2.45380845052622,3.43739675921962,2.55367503854671,3.42209454840334
1.45404356973639,3.92905607285203,1.58657795254812,3.3256004578488,2.51938612850515,3.73935024106403,2.21824178087851,2.90993140141504
-1773.55919339206,1778.90465970704,2.04583626127866,3.83752616337,2.27495855749962,3.2456006195564,2.51239795378587,3.26946326458429
1.84374407115568,5.83454856875012,2.33656474249988,3.90434048766336,2.24935185480423,3.32261804993238,2.43359322191544,3.12239875491154
2.23933839490137,4.85417919409083,-569.572804118965,574.787448660419,2.12231757793866,3.06358357057533,2.63292366653915,3.39136042124743
NA,NA,1.73232668670355,5.71832756317616,2.12533809907541,2.9632787437623,2.4165549513215,3.05608802943295
0.257377544927482,6.10385324437508,2.53129246780196,3.96139789875674,2.15386472000119,3.0427385502624,2.46734342983393,3.28584280216405
-1604.83984726745,1609.88223636942,2.25682357809442,4.04382439211507,2.54320706940477,4.441728959973,2.54868582008963,3.41076943668021
NA,NA,2.01722375046165,4.88668503950535,2.37977584116311,4.09972649890621,2.38595708162095,3.38838400198861
-754.648112152945,759.528691358207,1.89904155325039,5.17069332428163,2.36093106343099,3.46020236685663,2.45358054508996,3.20590082044378
1.71767668033186,4.62992997364915,2.06160607956267,4.2654360216194,2.26410881909858,3.41905478730888,2.65420600607273,3.40362414822907
0.9545616323744,4.43830439464005,1.93514381557778,3.90643654827996,2.41161355243666,3.32265211391773,2.64183623002523,3.466095992406
1.47680203428833,5.98260403002302,2.20644785688817,4.40489123436263,2.45132902216338,3.91373710263004,2.18423064178198,2.9897687554919
1.62959067449225,6.10263118836327,2.30318645114007,5.54546238048594,2.35748613394129,4.16662343053162,2.43679098844737,3.20362435288829
-1157.31140831391,1162.86016647455,-1539.40744370778,1544.84561326484,2.20913705071404,3.4731633131105,2.40638793015356,3.16129770529472
1.39897375973177,5.90565474611784,-688.287597223388,693.605974810185,2.32373123139821,3.42680112747615,2.44875543766497,3.33540405784597
-1027.44535956884,1032.87663600854,2.03771656005897,4.03554367222581,2.22578335431994,3.75097172441751,2.42951278770784,2.99419141897577
1.40209063071508,3.3893631819747,1.9776095282533,3.37806720020863,2.46618846802091,3.41182400233253,2.74488482490495,3.8563224424269
1.85364606931945,3.92723237347766,-621.786803336204,626.953562092728,2.6452493915123,4.46654684209634,2.30336959662442,3.27099980351665
NA,NA,2.01890878963177,3.76811673944645,2.4960739169709,3.87555447652731,-862.937543577335,867.916921039571
0.86931227347711,4.78902476482783,1.8189041881649,3.88470300311437,2.15871134863825,2.9983515540064,2.54053897578859,3.41261768698967
-2940.64433645564,2945.50777018697,1.8890902451296,5.96793216742175,2.47316391766492,3.84950409777868,2.57211689559584,3.37417466276796
-2719.86386630302,2724.98008980984,1.94643059396698,3.36865413225447,2.36589079511471,3.99489642575889,2.4516271816869,3.10740987202227
0.618154534525499,4.35470958611293,2.10683736861833,3.87407612125127,2.1918977924664,3.24705784294804,2.56421640045226,3.60920253778122
1.73655525037566,5.82093585379326,2.05220406465056,3.38714269497677,2.48359018925508,3.65923926114226,2.58897337993605,3.41585488921031
1.88264318991254,4.82834649872921,NA,NA,2.57867987407203,3.71020271780449,2.50186261850194,3.29878812971606
1.51967088849354,5.18322747578172,1.96109275865249,3.8410567479448,2.20852039832142,3.59306749313538,2.3710805169715,3.44440673683267
1.01419199890797,4.33818207220241,2.09534386930277,5.70219418439676,2.56492351936836,3.44822381539418,2.47389688423088,3.32970286699301
-629.376052992425,634.930314597641,1.65691890505415,6.23393606643,2.6431396071374,4.15965010373777,2.52605346486996,3.32112864607828
2.2331042646188,4.15955518089365,1.67756255276935,4.66647741703763,2.01621217838268,4.09821726616835,2.59884438701876,3.36905311283295
2.12123803508643,4.07075494767254,2.08991655024175,3.92190537109332,2.2600667082115,3.37227177926436,2.4720947540264,3.41188752837972
-6074.437401341,6079.98803040317,2.37991588467825,4.91822460258858,2.33343305354974,3.83500319537024,2.53247275598748,3.24046296872031
0.988261677851451,6.0634242806247,2.12371292140039,3.26909130062415,2.71017067405016,4.33285955223019,-690.913005051659,696.006935548362
1.9754454458913,4.93453886120718,2.15890754530572,3.3680692998275,2.3461662635655,3.22940106420474,2.42184619894157,3.26439704997967
1.41836676623588,4.00820799509771,1.83047027103318,4.44963477067397,2.26854198162471,3.29788697807148,2.3025482857019,3.04926887926456
1.86497216089375,3.18683865668628,2.53407068812372,4.22436560185754,2.57503033268038,4.20432298857282,2.42334694631416,3.1976244703877
2.10350089746339,5.12541865295441,-720.421749955172,724.9895378665,-507.034783365147,511.994190567446,2.27528659142941,3.07619458249148
-3617.10642094642,3622.73185067509,-1963.52593480869,1968.34792775519,2.29058211905615,3.17026584659619,2.58074686138687,3.52602662865071
1.39693751588668,6.86201788529973,2.09189075459286,3.73066629257451,2.55685092865897,3.60911460270418,2.31734216761507,3.42732561873546
1.71590725644844,4.06103398191317,2.12191451289997,4.28218766203464,2.44830780561538,3.62531258720897,2.49398636095077,3.34652765678894
1.88869093729965,4.12136106076821,NA,NA,2.47390794631401,3.4193156970097,2.22465357836069,2.89809651480761
-1919.1735638538,1924.04422165212,2.23378347058706,3.85237702697259,2.36207157018992,3.89998127292278,2.14385452778318,2.90572943794668
NA,NA,-1472.05322543334,1476.88263131628,2.27879379256372,3.3405353816053,-290.250963671898,295.266954193955
NA,NA,2.10748171989351,3.49927894956415,1.91056025402581,2.90441790365646,2.49450855757768,3.42010332309467
2.01170559827926,3.86431713113624,2.23802447908258,5.26739669504588,2.3993838511112,3.79053320913391,2.59842568698562,3.29029135465415
0.527045126098662,5.32155763761348,1.33801643503225,5.6364173286308,2.04443421013681,3.57969940134864,2.42889046266135,3.16911813185967
-4980.67748832957,4985.8844685882,-2088.0425471837,2093.45926561686,2.51349916140393,3.89083264346907,1.9256358562229,3.25171555516288
-2613.02604025473,2617.61419159926,1.98120715877953,3.43622594525889,2.50966980558109,3.73451047080126,2.49239571176249,3.20887766618089
2.02390134840481,3.96050950674839,2.19560014086446,3.82407054904516,2.269085001186,3.47859908042112,2.69743440047087,3.60506098855108
NA,NA,1.20260880770716,10.0981587831015,2.52023168173269,4.28298160651488,2.72544915255901,3.54143806349593
-1.77982713494351,15.0935211538124,2.09014549015388,4.38149724627682,2.24733516262047,4.2191624981163,2.32102409841828,3.23676691759201
1.75965627043753,3.94188803410344,-921.94671534389,926.716652162983,2.12947100940336,3.01071481801902,2.52297520091146,3.3125784239484
NA,NA,1.54737648952101,3.34935661196337,2.45687782927405,3.96156939055176,2.37042125256542,3.05078491245879
2.16616203733355,4.59819446708886,2.31087935272239,4.42278808403468,2.19076334373335,3.33389834309969,2.4336743932846,3.21300287182095
0.938613507255151,8.34950084821383,2.3256295204106,4.65028263116846,2.30325464438616,3.18648506561531,2.36997716160113,2.99030314911678
2.14538248580367,4.62064302506906,2.21336633891166,3.10844758398509,2.28526623777156,3.63520045985723,2.35413557522263,3.17839141414349
NA,NA,-2203.66258599102,2208.71869313968,2.04880508058712,3.03342668428149,2.48890810545055,3.31732853733185
-1285.43806268266,1290.53104452562,2.03472819984589,4.41967408398471,2.40667532052753,3.75452439680599,2.38575667726072,3.25339288002938
2.12941309933598,3.78866930106102,1.93520130958759,4.10552862431414,2.35493017058346,3.66352152958846,2.37392182910627,3.2684239235394
-2290.91126489299,2295.68794431348,2.15582767941724,4.08905045161906,2.33356335780661,3.49591387291017,2.54439962618571,3.50924035085547
1.91366289846463,4.13910893516826,2.10616894342358,3.27729684099646,2.60733871847088,4.05083362622842,2.40428270438299,3.04864204628106
-0.150752114846052,11.7519253444013,1.56905125790239,3.82975362698767,NA,NA,2.37151837758594,3.38734396407118
NA,NA,2.17750930824379,3.51073786151335,2.65078188357301,3.80499924359373,2.43949186663503,3.13679846033663
-605.186155743199,609.937886419856,2.72233741264305,5.57444521312194,2.69969682735854,3.94598984489811,2.41210835495497,3.22663140049577
1.89849010830476,3.5217568205752,2.0938406422242,5.25442195922611,2.46587712812442,3.72677792265703,2.11593884573794,3.08937742247724
1.32306853755579,4.00267298739926,2.03936469120676,3.78521473278094,2.51546928520121,3.72505242052251,2.31083819075121,3.14624961972329
1.67630401033294,5.74343277122588,-603.655737663058,608.647331854284,2.57672818842458,4.43892246949738,2.42462042202129,3.22873413873725
1.71146564245159,3.6622448428469,1.40478114128344,8.21803782174684,2.19720755505634,3.51139112880749,2.28863191045484,3.28353791062521
1.24841699291587,6.10618469767569,1.99903795699256,2.82333184896679,2.24641517882594,3.09148651669799,2.64729947837817,3.83326297361218
1.43855513252857,3.7741508491996,2.12705854487238,3.03373984695496,2.25078577444647,3.16525704016058,2.22320876543937,3.04397048578464
0.782101454016331,4.5726814293585,2.0563340365546,3.73246243287004,2.33829178321029,3.67853667066127,2.36740340455792,3.02038986554443
NA,NA,2.46854222836255,4.10831905457469,-361.587077615824,366.401239578096,2.16861586247485,3.03217378728901
1.97606253948984,3.34881551436113,2.39832653592229,4.16256961277128,2.54925247961083,4.21815342113712,2.51967235652202,3.23790532491516
2.14528069833295,4.54879409645724,1.86545489864792,4.20347170669074,2.1273180870202,3.0188691177983,2.19784941802714,3.05128607373812
2.00749724497786,3.96907735645543,1.84252658462869,3.64257482529068,2.31950498107539,3.39602881672307,2.68631998287006,3.49246386589525
-5749.93193243286,5755.4167572785,-1962.61969182618,1967.55209733742,2.32083472701483,3.152733444935,-308.683031512978,313.647381922797
1.96885415363335,3.69056730835844,2.39644049114177,3.92363857326946,2.33553808667631,3.58169263226926,2.47977414743447,3.60244806945052
-1240.43475147773,1245.34993705424,1.97286664817515,3.31933620257669,2.04632070411538,3.4434709226313,2.59227513325324,3.43812691587194
-721.769832850198,726.813311941306,NA,NA,1.68125283883482,3.94013048795394,2.33351498365434,3.25913572766371
1.92877868191223,3.34501998559603,2.34194247755779,3.63746906608899,2.02701389678479,3.07477742723929,2.56239825736362,3.56713460455603
2.00301281717286,3.2784257623499,1.51058255229311,3.37322201122504,2.42121566492763,3.50026819348595,2.63064905831603,3.47766812300905
1.78100651235863,5.20784744275181,2.39356852156333,4.50835747728095,2.33057378290828,3.31800234931356,2.32319648876342,3.15583587043709
1.71993351664421,7.67148305213315,2.14953874459094,3.42097214212304,2.10839156790839,3.33843471239647,2.96302783278406,4.55676560592356
-3816.4865708426,3821.48635195136,2.20226650279529,5.16140537140551,2.49093735606264,3.71877085265319,2.72423936429148,3.76476879307165
2.22101659923755,4.16693033074661,2.17242017082013,4.18364640027957,2.28923631669698,3.94251813678924,2.42837519614964,3.3111257376878
1.80437535635339,3.34408810373536,2.17779742976632,4.43623124015287,2.20582063747605,3.10005657846787,1.66661729871315,4.04259217789396
1.40654983309068,4.14160579333643,2.16960478832925,3.33448269149253,2.56737941466592,4.15860228556515,2.40226230279039,3.11639694828388
NA,NA,-2746.80141911875,2751.74571992509,2.31004440166107,3.73486434500182,2.09717493801775,2.9075136161976
1.60041267951719,4.30791964653869,2.19778861719786,5.13429035978043,-1436.59884767944,1441.56963839904,-671.571871740546,676.447974939477
1.86229108932831,3.71138972131243,1.84021031025251,3.46339226170949,2.21447465599788,3.06620484555826,2.39147581202803,3.24733656691439
0.979126566966189,5.27066593823325,2.1370517150839,4.89350276122831,2.02286209352886,3.44653173644973,2.28091569127883,3.25133798398362
1.73962862139324,3.21161932025757,2.53828081172048,4.63399860804403,2.47850252058834,3.55238642396259,2.70277005118364,3.5625997206526
1.94170309938979,5.306011524553,2.03911320010576,3.36119424326745,2.44758371789624,3.34043939227749,2.47711108984922,3.24260827230151
NA,NA,2.46931997711128,4.30710817047126,2.51767560716007,3.91638053910232,2.24514979014848,3.08640394932105
1.42994144953935,5.59748700017635,2.18031160851561,3.43956722490672,2.40767520290134,4.14161379966117,2.36919055810319,3.26077080767289
1.54394052483986,4.19550984194931,2.38304376116248,4.68219008716883,2.28563632738692,3.51911887028633,2.30636181887868,2.94794911006753
0.491493925480193,10.1524243096036,0.723572657670627,4.50766328151112,2.217269601117,3.27730355887077,2.5355109776367,3.46879711310157
1.38309816397371,7.6468506666037,2.09797832543737,3.39086173089914,1.6623584373734,3.58310092295674,2.48675333841103,3.18402038404742
-1328.27858661657,1334.21391785772,2.23969187407163,3.88424912464508,2.02389275312055,3.11469662508104,2.36128870661907,3.0405772195454
1.58815361575266,3.98136733656518,2.27199281135881,4.27213247921759,2.10636747161661,3.52860719741325,2.33927852081921,3.05808105452606
2.05778624194409,3.32607732555509,1.94186586961853,4.79081234164656,2.30103279600498,3.70364324270774,2.56608800842481,3.58206458923556
1.78525066498037,3.54057263678591,1.90478499884606,5.27246269534953,2.24392919182,4.35131746728991,2.1049303615991,3.00928545012031
2.02811096909254,4.0539237300293,NA,NA,2.13188138874218,3.27085757052318,2.24969912886639,2.94607529346368
-6807.73444043755,6813.18729274976,2.16450456561784,3.35891119968482,2.37920910479651,3.3623431506636,2.42880816850186,3.22694852135715
1.78112359396027,4.58431923628192,-1395.55416419365,1400.18998664435,2.45815238791828,3.31383910448502,2.33735641544243,3.09441220174723
NA,NA,1.87769682177764,3.51212609132568,2.72246553905873,4.12126804581758,2.46861576181702,3.30971511035254
1.85813845155608,3.46064302068248,-1484.48115385476,1489.46528614305,2.51490345170173,3.75029685554604,2.4537379049132,3.14784049922546
2.0122087719046,3.938572918221,2.10105115680355,3.76012883281226,2.39956886767258,4.32072136493074,2.41064343010342,3.27984510996584
1.73738249694247,3.87661044748217,2.28941586476906,3.22226062753703,2.53893366789352,4.01785854266373,2.60654761768207,3.50085125294511
1.66919736883876,3.90092487808181,-1066.58560242198,1072.14958534573,2.2607653086063,3.31784672841489,2.97506853071805,4.5363862532156
1.72102401474202,3.4835852767688,NA,NA,2.00340192683913,2.70614076908032,2.51987893208934,3.23146998486746
2.13705950860486,4.5825603180122,NA,NA,-1321.9295695076,1327.00093147806,2.24145766112703,2.90497216880985
1.96534632068405,4.02078939749313,NA,NA,2.59533273417074,4.03078643268669,2.54299280408311,3.57834211731229
-0.482701080347963,13.0510568545641,2.40974163917695,4.56296353320161,2.30752072761983,3.81767533909273,2.49130333677031,3.69963952827978
1.2164132230166,5.67853520454349,1.8803864940322,3.65751468367862,2.39139184990044,3.41173616936864,2.58443995019076,3.5692762716068
1.99591523436057,5.38680554865646,-250.303619902292,255.09944022128,2.14914538320404,3.16912670589774,2.49928298478808,3.11046372018988
1.12185246089177,4.12446763936911,0.679570563812899,5.70028546112074,2.218411915355,3.02141707366504,2.48061135664633,3.53947017426069
1.71025574327155,3.34140437381608,1.77003497891846,4.41570314130434,2.11051935388835,3.02947561738022,2.34193831960897,2.97183670808366
0.910419717780603,6.283330673333,1.81752994362921,4.02435896439082,2.38338308695274,3.4540956931256,2.18515086831839,2.86291615823397
1.93078937211982,4.32170302727168,2.08818099148057,4.97829602352192,2.42332208397895,3.50990093293817,2.52708713243037,3.31239775877661
-439.468147162878,444.503301217103,1.90830121837899,3.88180296088735,1.77523160334978,3.68297265396116,2.45592177842231,3.15125483152618
1.30427648854107,5.26507361409277,2.35034543389631,3.43463065489121,1.85428210128006,3.40594022770801,2.32105586852512,3.25612575083771
1.84673341390612,3.79793257259159,2.10737974941274,3.87169083567739,-563.058309704757,568.012980445859,2.37810174319378,3.15613577422238
1.5384294204072,5.94229169113629,2.04220200423285,3.04458682643368,2.33072379100685,3.37836370553869,2.53214294456067,3.40601490159228
-1823.90387027405,1828.8547111947,2.10744333221086,5.13520046838336,2.69262823433206,4.02441629969413,2.43143878255908,3.16452237449383
-2.73213013593932,17.2878868382759,1.43277728648447,4.00162098758839,2.43820147005268,3.35864737098519,2.31259770945459,3.01337049048769
1.79141350620454,5.70095723552674,2.06663187420899,6.14895576842822,2.33461780821067,3.19908380601014,2.23029355294029,2.94031507274071
1.44403377718682,4.73855536955563,-529.684591202691,534.717696074607,2.43011077141256,3.76768305403396,2.6204800339247,3.35857283373754
NA,NA,2.04682233377801,3.03750145718092,2.31630915831052,3.42836946210874,-435.49303460791,440.512909993332
2.03861204369969,3.18393770996468,2.22581515838993,5.93357566210189,2.21479519282683,3.23474662917812,2.71689687980548,4.09055957761319
2.17733311901515,3.76674754713839,2.06821255015411,3.08652783431265,2.27680721947844,3.25036813146041,2.49550438298174,3.36851528396501
2.02816297174351,4.03920976686718,-544.870521569249,550.331686888053,2.37776090380731,4.70900167799394,2.61739578140497,3.37828780957184
1.88476583533776,3.8004090988538,2.21832474953853,3.40603303505621,NA,NA,2.20187433164287,2.9274003793253
NA,NA,1.45068968995935,3.85431969540974,2.7084694553865,4.67011179230848,2.43303996216483,3.12485053891104
1.92470878110958,5.11550987625486,2.08227563491364,3.3122997028654,2.13129358817178,3.19572921303318,2.50776845556622,3.17962475458384
1.66450732771177,5.93562023073906,2.29862518796938,3.20411710095992,1.98478492817728,3.15729754031363,2.46177872136572,3.2099650578612
1.07322625563319,4.76973800910344,2.27059543816352,3.60542004896162,2.55916304746166,3.82392600750896,-486.06775461618,491.11816492599
-4330.48734681805,4335.62303075015,1.88692282779706,4.26048628256846,2.38527724129118,3.71953458094091,2.37194221414393,3.07341693277364
-2797.20658305357,2802.21519111938,-413.148153882056,418.024388231676,2.51982616075336,3.93592869961333,2.48816789640726,3.23057171727254
0.567907713397251,11.483563540886,2.11384768335982,3.46654022730885,2.68794085703386,4.92125793512256,2.25898831225044,3.0702979735138
2.24233177603299,3.84050421834317,2.4937521638987,4.2673457287562,2.20759926783481,3.34691504572542,2.52450710015151,3.32206838311855
1.50955700107993,5.39362780363123,2.15571301242918,3.54519988401461,2.27727141381242,3.26832135931029,2.40411232441041,3.30177388465397
1.68818908242431,4.32387409570675,-1054.35718796581,1060.36200805279,2.29481217683463,3.18857471083466,2.537545023809,3.45559766345338
-731.74455838165,736.651299337221,2.33879032513544,4.09258504820867,2.2847153335628,3.38647419120354,2.42527638394511,3.15587566906011
1.96943949795816,3.89214416438848,1.82063415164323,3.34673745989406,2.16110161285124,3.26557777965576,2.5021283659472,3.40748687241079
2.03137557339168,5.16433431978307,2.15220229141931,4.40469760103366,2.45885030699666,4.01768861349759,2.51579606881453,3.20873828008652
1.73288727561144,4.24128062021535,1.89041355439432,5.28544668713177,2.11616175483379,3.15198537147713,2.41137921834192,3.07383948773349
-0.0262649568554929,9.2481199189914,2.34119210455122,4.67881713284374,2.47243433819251,3.7510660778327,2.60840821083153,3.32934558799075
1.71805402003713,4.50998757194891,2.31243289820704,3.78983626137711,2.30441036281753,3.60184598058957,2.49579464993021,3.23825291335418
2.00462102774717,4.73584004762393,1.9106975081202,3.65901725734506,2.33862230822205,3.53543183583459,2.38686117881928,2.98957478800406
-3280.14779251148,3286.28697529577,2.21740400749634,4.42225087486193,2.56056126059642,3.93263556385252,2.52558074246033,3.30118308693801
1.41564176127464,3.42373095840497,2.15446391076219,3.85569235369743,2.40684861475968,4.80877668499269,2.52331050674059,3.59639626240334
1.59688128469332,6.11049783288574,-1386.39414619237,1391.39281815326,2.29514664922904,3.41127247416764,2.72102744001958,3.57016276461056
1.98934643679977,3.14575915829073,2.22407681981241,4.42787179126232,2.46165577188172,3.61182568824953,2.48196216055042,3.3820153685833
-0.032226960880462,11.2110358580069,2.04612773917119,3.9840559523154,2.26416115675537,3.21576790404119,2.3982851770824,3.22241700059982
1.08103919562455,6.34194162166295,1.87269679073468,3.33991869305556,2.10186330187705,2.94935510046283,2.52958771362283,3.49511855736671
NA,NA,2.28194171773706,3.49823941955178,2.18761544840218,3.01480114564957,2.18517655743091,3.24203356736939
2.00182148960349,4.49545157860664,2.16284658758642,3.78765393335198,2.3272134960331,3.30215784732249,2.63714556383025,3.59516560385163
1.75420870465821,3.58979842289635,2.05066905984551,4.31487442936592,2.52477366096632,4.43324486558688,2.73306735367732,3.77248477385549
1.94223239920544,3.44900096532468,2.0994517257233,3.79520377297274,2.38869474439226,3.51309711991819,2.75167007484337,3.94932692149521
-4056.29765652702,4062.03868271346,2.41385037820464,4.136705695432,2.04643413066784,3.01617202080356,2.51523751256351,3.46382794478518
1.60324722381465,4.18285356667729,2.23434211986503,3.60181066462888,-263.597945684667,268.526864036312,2.48617461853482,3.1265990447215
1.19379942156087,3.52611670293691,2.15666492852983,3.85063549123623,2.21838437502163,3.0106170345583,2.27116095722188,2.90878939500234
0.568412363687376,7.60189150386126,2.25076809805582,3.62756711954172,2.02147837429331,2.96315239086888,2.57528113144434,3.50041366931987
1.72788106756449,5.33351635482094,2.20258451030749,3.19164433977609,2.45705229570378,4.52198113413289,-699.007299860196,704.200782749651
-711.211038077602,716.945787184839,1.83389828199955,4.31137177084008,2.21414601005216,3.04727455389899,2.48424211361493,3.28792675078364
NA,NA,1.46202701288291,7.06107125062272,2.31184813599153,3.3037817692417,2.54565470092643,3.27705669995221
1.95528609631223,3.96672540146883,2.26047901439682,3.75030699649293,NA,NA,2.33869903289318,3.39305396377385
1.59305119128653,7.25226764954721,2.52680419966395,5.77499672823828,2.33121384602523,3.66100834419859,2.24280214908888,3.31433648598468
1.3780769658095,5.10739953998754,1.98997446168515,3.43331022624044,2.36150578618913,3.4086075829723,2.59335297150848,3.30591845808675
2.29552973800043,3.9300940609188,2.14703059115368,3.40879035483934,-474.11479778923,479.262750747196,2.35815326488193,3.03071591891802
1.78146466533655,4.06315396799616,-650.120353836221,655.230492209339,2.33994453264935,3.52696141606063,2.17662384801977,2.99336851193794
0.927731963525962,5.12635873545223,-2084.91516383083,2089.68209263968,2.37957738691951,3.2284792292437,2.24520416081771,2.86528110525454
1.11928369936241,3.79679151381799,-1055.20288194009,1060.35240310418,2.47111041157683,3.9223106422275,2.38481097624994,3.30181378254888
1.95628039594135,3.91641700088551,-1845.18373097106,1849.70699831956,2.40643861759825,3.83382314896271,2.29761176804407,3.02327934386653
NA,NA,NA,NA,2.16955555856618,4.47909434369935,2.38081269240103,3.15006798007116
1.93153903268456,4.09117760480538,-1548.36717796023,1553.74479101482,2.52262161097806,3.75895581043062,2.43616662875737,3.09423156951499
1.68189115248108,4.22404028760611,2.36771191362172,5.7978157105309,2.4926931155905,3.90855918599289,2.63666181695636,3.82474363572437
2.28341313754265,4.1516649163818,-593.36408187798,598.439606593561,2.16616283297816,3.72528945360314,2.41785602981854,3.00202720999601
1.9062073966714,5.10513673607967,1.53592901130623,5.33083834727434,-1502.18232144489,1506.8730941471,2.52169134727144,3.35482866654956
1.71690631954305,5.16856536840711,1.87642451687826,3.25337568982999,2.26160997716756,3.53430002852799,2.64693300585218,4.21589287660014
-716.389349001147,721.006072980408,1.76387057959892,6.20454687216298,2.38112784706152,3.27747652800373,2.59054410098432,3.5778099955615
1.7777667716308,5.97900742114529,1.88714378141629,3.42662305422698,-380.409071933795,385.362598244935,2.09415831199231,3.10672691825506
1.76660585941839,3.93864959526714,2.25953435678299,4.61975732197294,2.19655111660875,3.31141634485271,2.3802896546265,3.30153126680956
2.00393092844199,4.00046780169422,2.0211795964395,4.01334184743346,2.47398008373375,3.67202906681619,2.62566329506305,3.75813464191001
-7034.14411126107,7040.32178007262,2.2986310964107,3.77563785836653,2.40383733843002,3.69372447839503,2.59746230515252,3.43955175707925
0.478769876839968,8.04640106021439,2.22434315576615,3.92889423249798,2.36197499676947,3.5661211668323,2.67911321817254,3.51414316949127
1.8163338334944,4.93356254683235,-2676.39014115253,2681.4414077411,2.51099081099519,3.63390430696569,2.56499858628401,3.64360558025764
-1671.96074054993,1676.94102026253,1.48356128672412,3.80289908422143,1.85539961106876,3.82141860058799,2.56985869395337,3.50913878673195
-1070.32799935498,1074.96899134504,NA,NA,2.32625947288266,3.47834843814199,2.2261116779181,3.14186028398165
-0.859830677111805,6.38675982754272,2.02240335174942,4.21994223043606,2.53031577108689,3.73168388278625,2.23701628056169,2.99213040482671
2.22507146479008,3.71409179260709,-0.783858656065249,6.03160118785896,2.23057079179474,3.36369375178656,2.5600362982085,3.37953217818533
NA,NA,-1020.44245601158,1025.39996018607,2.14187404435977,3.10927233058734,-1339.7434467069,1344.76796081947
-1909.69740946803,1915.35410587037,2.02211525536386,3.80663211989548,2.12072488348247,4.02393083408247,2.52577066036945,3.39937793970836
-928.875107660512,933.533069041452,1.92261828047477,3.93310097323179,2.5909663989546,4.60468736387048,2.51358538537298,3.53837067404137
1.39819684035105,4.14056437536923,NA,NA,1.91055553754623,3.21472502878673,2.03584200889408,3.06896140444694
0.688547759243931,6.61536242854936,-1075.77276653916,1080.89928880235,2.27283911249961,3.31918275892217,2.41730888966342,3.34512625829102
-0.277031042742236,9.03155526547279,2.3698168345771,4.96860222238556,2.65345370890132,4.11415345054922,2.35416337566823,3.06068040767452
2.18526303038832,4.68396223512002,2.00314468312735,3.29764708211164,-1073.82255493503,1078.66341617125,2.60694470273454,3.53583185206197
-1.11634899454095,6.40295465090717,2.14392673332243,4.29130817065421,2.17539202292406,3.77948893240623,2.57241709234941,3.41221109373831
-482.863558881428,487.738693597282,1.74399298911661,4.95437106498895,2.22276961793435,3.35460394584289,2.21600462666421,2.91295309995816
-797.53779158668,801.921352518504,1.59863052865228,4.59341004548308,2.1901438870571,3.37740458609929,2.34967507715531,2.98719314948303
NA,NA,2.1297267977934,3.63395444271613,1.96519041871321,3.05541648168566,-1428.10223901916,1433.3207613774
2.15502891831934,4.50300549760761,1.94170642224482,3.43760549089034,2.61849499242318,4.32272900474518,2.69926670744774,3.65092790087658
-6438.29706171394,6444.68061780671,2.17345048140135,6.10641059222556,2.51462665757338,3.72937349531633,2.2550421470069,2.95260420727739
2.06280837946453,5.76730115664699,-1708.47624058889,1713.49159098932,2.13453339705665,3.19843069124749,2.3558573087378,3.01855304200094
NA,NA,-998.480069658477,1003.22706159668,2.18599646741629,5.02566238257194,2.53996287613228,3.27122809116595
-2438.11966272577,2443.55826531748,-1491.31121583297,1496.02014135142,2.26204371956542,3.46737386662586,2.45040295779901,3.20504456722769
1.8151956461743,4.66632519957581,-1017.58413688352,1023.28145279735,2.29270962137116,3.30218966982692,2.43123233455581,3.40538621665098
1.96455429725378,3.16565198688986,2.30999866703227,5.03309580582971,2.26437011730907,3.63828595652923,2.31459728070498,3.11821754972844
-575.65328620887,580.997400116147,2.12375140039882,3.7792936283791,2.23076964636561,3.45097544703014,2.56888292403901,3.61334864267592
-485.021811525415,489.565940828063,2.22431720861795,4.38414693293067,2.26480042658814,3.71520236780929,2.42107682202026,3.26245847825143
1.83897599198917,3.67269721749196,1.98485877558415,3.10824267436207,2.33224512907069,3.77578972233998,2.10548937640345,3.17827859796461
0.925760653969376,5.77909140215325,-1598.99544170339,1604.30857523275,2.21493668720293,3.56952770617628,2.52545305887422,3.58194514568728
2.03732683876917,4.28249601428175,NA,NA,2.48307108912691,3.77390898793109,2.46255649621506,3.31164227988556
NA,NA,2.38288527173547,3.56693835085454,2.36730942873286,3.37988419815196,2.48007753414064,3.46673648366299
1.40514541032594,5.86388682449931,2.08338766015575,2.91906497887676,2.3757796670652,3.59674518226398,2.75810820358738,4.11530955595599
1.35116903367864,3.62926986189094,-1789.65738715086,1795.05320235374,1.96049331292817,2.84963443888373,2.47343619899125,3.2677471529275
0.568367737921798,4.6561918383925,2.21075270271283,3.40982505859528,2.30780524599617,3.1563203774783,NA,NA
NA,NA,1.97115470380329,3.50595986956436,2.6282747945593,4.63653095945592,2.08654343770398,3.14968863898558
1.72460063259558,3.60362995202413,2.2210072486622,4.89445163131163,2.29557323655008,3.89108878970383,2.34930555294112,3.11102615356328
1.78629169535968,4.12183043282454,1.17392012794956,4.79585899986718,2.33138235306944,3.48292669836883,2.63188148001576,3.61881101063576
1.82502021775624,3.49789172761052,1.92040453235756,3.17753390954595,2.17772411126329,3.06988494562744,2.31338629206809,3.04732972214626
NA,NA,2.09471133941789,3.32931368974594,2.55839067030485,5.73905412119983,2.41117851403476,3.23003646081535
1.97769629620696,4.22971059700352,2.387691014467,4.06166188279282,2.45093978049609,3.60714891053201,2.2672709905145,2.99549814311806
1.79803264548721,5.41757299657515,2.10797985598324,3.99552063167866,-325.468738996743,330.688634314276,2.40583860266337,3.12571514735942
-934.358599161856,939.973601158528,2.39838510032454,5.34400819671055,2.43030843665197,3.80391436687328,2.38760797646738,3.15843313751656
1.60965055881357,5.61763160904181,1.9409892382119,3.79962208994952,-999.29651789583,1004.69615383663,2.43977685140539,3.40858275981839
2.15995216719795,5.6719799721164,1.93128464811152,5.16605014083537,2.20547083469149,3.15886210973538,2.28340709823768,3.08444011590337
1.62000136542538,5.79023246525252,2.05700099830268,3.20850749353772,2.47746945206434,3.44942847894935,-1533.11617836035,1538.08835677888
-1610.1694185787,1615.68865314091,2.25714075759376,3.63213082634486,2.36256842093827,3.3707670473414,2.87340136451507,4.32870612867098
-869.886478022598,874.27715398347,2.34773794752494,3.79051517503768,2.15373487555843,3.74002811878047,2.11169606159967,3.16075387313585
1.70193432299887,3.41448854559848,2.40503233473646,4.72394908698581,2.37795926836617,3.62666531586392,2.6020861418034,3.51791058972631
1.67225162616176,4.97598679710816,-3397.53843669701,3402.56925130221,2.37718013520601,3.12008537940285,2.33065461895731,3.13668829828288
1.40323111331293,9.21309155698075,2.2843453632809,5.69295353900429,2.33639473320636,3.23257897831192,2.42350610552778,3.38452380814897
2.01184060851674,5.66713597444039,-915.485002995955,920.714180305341,2.15041774977619,3.0479848433427,2.53134737666006,3.56261342513763
2.11188572921727,6.03125510594103,2.3313958377504,3.56961638964976,2.11499646811251,3.63588497225969,-245.708113696805,250.595179061266
2.09732195267156,3.11046715040917,1.83891588974654,3.33565177069887,2.40978004249354,3.47126333581855,2.5062215452624,3.38973085242441
-3.70037051628144,20.8904078216461,2.04544738076251,3.53751803835776,2.05781609977018,3.46190823443084,2.3753189066183,2.99853910766387
1.72767106792065,3.28725264454801,1.73959468645371,3.45728701834935,2.44421331964456,3.40443558685561,2.251246564024,3.09765664454909
1.00948417569009,7.13118331624296,-2418.28844199522,2423.36935312612,-507.369672367331,512.726992016369,2.5518264985709,3.43376272638706
1.71829842124239,4.46331569512292,1.70689925360269,3.8054072055539,2.42540146575981,3.43782126069742,2.67769849546119,3.5224338066406
1.46477125255667,5.82759505505247,2.19806595483101,4.19536508708045,2.41078661862511,3.40617745764383,2.58992010371441,3.4471434687468
1.8968084933611,3.76689172933656,1.76209977803491,3.68159923920313,2.63906810445351,4.22049041961504,2.49519699219657,3.51772828428851
1.22696800427382,4.61997162278562,2.40518678595941,3.93824445835567,2.26863091972249,3.30293822086399,-1141.14415591899,1146.46888178556
-3721.51485657901,3726.74897646807,1.68332329490861,3.58085231816218,2.40803617382808,3.89185396216594,2.35807178272149,3.18255955232402
-711.289294596595,715.842277661323,2.28900251273518,3.60790121180441,NA,NA,2.36927276003338,2.97601368664273
1.83015816381171,3.73541309536938,1.80714148770524,4.39700404684978,2.26456374211802,3.16491861998448,2.29393834541504,3.0612002110105
0.285727104279708,10.0872895593515,1.96884139948999,3.54026039731011,2.12233582582437,3.05780086773553,2.2937740453158,2.94342309306317
NA,NA,-1137.54245231085,1142.52265434373,2.31874375886928,3.41834087663286,2.58063151180326,3.42218916377358
-6232.29934067189,6237.0625226884,2.31586713272364,3.29950567239577,2.15674550558749,4.04187755113078,2.25955163216503,2.94683829820795
1.20973629173794,4.04436984346593,2.13102053792797,6.69802645466834,2.36602106800077,3.1830820666334,2.69886841944651,3.80389084869624
1.68761521357003,3.082639143005,1.7730054380408,3.79842758649329,2.63953104811348,5.20998377518441,2.4705845007949,3.21315073208054
-1099.56402619723,1104.8719688691,NA,NA,2.09547347483106,3.6051370716257,2.58311989386817,3.63355995090987
2.33398308459418,4.36740259470899,-2732.34879885658,2737.31082327122,2.31974234479402,4.53709200880187,2.34797545927617,3.17673727795292
-978.728988469969,983.796446290285,1.97355958119383,2.71088895362441,-860.711592496067,865.622026301262,2.3912379740301,3.36806133832362
2.04421552720515,4.33954489963644,NA,NA,2.2771922283951,3.39474965797347,-753.359261247237,758.688965261007
2.13414933858666,3.92476067935315,1.94897476015786,3.57652161993385,1.74240272943498,3.43031957704898,2.404695856207,3.15232339220392
1.76930951690874,3.86361350833123,1.66013059618808,5.39905100055108,2.41908017646305,3.57012565222539,2.37332772170535,3.14048178582001
1.74441358318667,4.83266766430373,1.551000224806,4.33478944365818,2.31716608827823,3.35163947836487,2.61522702092841,3.53391988641946
1.12260573631228,4.52312994018049,1.99112052470296,4.03343272397415,1.93376677554525,3.36531434037749,2.51995769463358,3.58640739952108
2.06637987791518,3.22102613608537,2.09507033816391,3.70226395718161,2.33126733082236,3.64401424981606,-1275.11156694344,1280.20823951771
-1610.0428515729,1615.39279479549,NA,NA,-2291.52021613821,2296.6780631821,2.44667401978003,3.32222092079968
NA,NA,1.32711513091327,4.10285942854274,1.70295750253419,3.13422264895538,2.61862822590408,3.5506639873713
1.95047648727037,5.09106032836927,1.78547345053668,3.48716188954804,2.73338419509687,3.95508718795098,2.46687400312052,3.35491307397262
1.64219532144592,7.19456767465601,1.85513636112456,3.81580921318227,2.40724463283793,3.91073338677374,-459.783642166169,464.648946037059
1.57754892080192,3.11378319077047,2.31467922322581,5.70851898293457,2.31401718377154,3.24452566040839,2.15360186240953,3.09400595079551
1.42612431495912,3.55154055366623,2.02859291659706,4.56943569956405,2.4375223447928,3.95511041763509,2.53326177418854,3.28714816413548
1.77671422955908,4.32639416550901,2.21984789512783,3.48509202960944,1.85907786354308,3.35109316140352,2.31193900719883,3.21664953302965
1.37467499064718,6.64375416217624,2.33277660301437,3.70891993685492,-0.384630393383773,5.83693976076952,2.74697796123336,3.77735144175973
1.97725147914624,3.91205745987745,0.828822830467274,4.42973600167045,2.28765308077139,3.30366943953964,2.00682481493355,3.20470863889495
2.13971554482512,3.50223229582268,NA,NA,2.20632206619114,3.33481973484251,2.48924190278842,3.15486570391945
1.8824651743613,2.80682231381923,2.09367563225118,3.94742312712035,-543.771553463966,548.798864748394,2.40144430025808,3.17287410530669
2.15695366110499,4.8197400313611,1.75584914350438,3.89741153524994,2.37576260677866,3.17813113364535,-644.835009011582,649.881346418115
1.76524418506934,4.04624857365563,2.17461214628367,4.6227284727644,2.32971989337859,3.60159225178358,2.63237161636378,3.63046225066697
1.72747251253174,4.69885182058986,1.86607846818711,3.49987758673136,2.33806662976999,3.53504586438165,2.35557403535746,3.16684570985258
0.810330181024129,7.1993107902945,1.8241797058167,3.71804218266363,1.97205190175861,3.09125401265346,2.55210347795787,3.3397781326844
2.15763087428094,3.80310767476429,2.21939954348652,3.44356364770104,2.3293879090455,3.21196126963679,2.53662536610006,3.49300531962933
1.43123217107189,4.57954225028514,1.88761902885478,3.60502813624132,2.19800277048732,3.09774218226274,2.51734716226095,3.41033234048487
NA,NA,2.06897477869455,3.33680902772082,2.46552602992507,4.19602005920208,2.54438523526396,3.8065870352029
1.82084887731441,5.20168792081405,2.33202300289681,3.64574007385149,2.52461438238502,3.82725930293729,2.54133834464769,3.14876727543192
1.78835268742217,4.94144523463738,1.4931232224121,5.48847202920676,-1382.51644596546,1387.83221708091,2.42560469015596,3.12608711186003
NA,NA,1.98855979207665,2.87860568025949,2.41139955511721,3.20603859872245,2.56858038413354,3.52959678833713
-2041.90544400485,2046.88344021061,1.915515858853,3.15971925533363,2.43392355681416,3.81208030317809,2.53401411135405,3.3992184656956
2.1741694153716,3.47322847025434,2.21008669445252,4.39539142793926,2.4539488921597,3.50020024650844,2.52569377284322,3.27107662835411
1.94831418828015,2.93776404776985,2.14615024418332,4.07693027027797,2.81954884226543,4.78160088609479,2.45160959551632,3.2533490577005
1.56526243831965,3.69857819735339,2.21229058704879,3.75184344172725,2.45859565953717,3.88699225938408,2.51188121763098,3.28360032032389
1.33792829532067,4.14727663801957,2.01093994795789,4.05543752416947,2.16729062412963,3.18059775562148,2.04756615890789,3.19485214461248
-1085.1867526059,1090.21639393828,2.14607744354175,4.34282014908664,2.07330906489629,3.2580593061894,2.3486281901403,3.07831514921591
-1864.33962957668,1869.6361888034,1.98821757612118,4.08787432019055,2.47797707833008,3.52074466503873,2.13830747732498,2.88931524087008
1.25973484078788,3.32352442605595,2.19528346882555,3.17446747610751,-1361.0178195414,1365.79026214222,2.56097496952289,3.80310842295668
1.02589854773809,4.03871409933868,-480.495147106385,485.820171548767,NA,NA,2.30520116815133,3.04732657839962
-1102.34024346814,1108.02504687785,1.54453806934672,5.33940871480474,2.37603882885876,4.381728719496,2.31895884054412,3.47884799472878
-2410.43748701162,2415.65254955931,2.20829875833382,4.67526780237609,NA,NA,2.61523774763394,3.68037440413227
-664.418316934417,669.509877072879,2.1663902962631,4.05463298451003,2.04556647530027,3.31893132637674,2.48032454271147,3.1974904964186
0.666759668198347,4.19005936283613,1.51928913161752,5.41326321801788,2.4400209522763,3.49405498962622,2.34743435953444,3.06632403947653
1.61863997573536,7.4814678098911,2.19052625405258,5.19737118008177,-1134.01322376446,1138.65201452459,2.42195098531139,3.07524589849231
NA,NA,NA,NA,2.21239310794092,3.15233339529291,2.72324653772483,3.72885431643157
2.06567245742766,4.24202786413608,-538.52770970916,543.49533853793,2.17742162152398,3.12261386908419,2.47742565575091,3.26251032701671
-2151.46896219402,2156.44564293171,2.17968774915666,3.94353645165066,2.20758372803776,4.02825413176302,2.23124762119147,3.13345176250866
2.01798522277654,4.40360798674067,2.2050901067075,3.3170500554933,2.21059403613813,2.97961308247046,2.43968055416516,3.18226271919456
-3386.19957357624,3390.87800980094,2.09486686732626,3.59192435034918,2.86863315821315,4.83547211988831,2.27637079752835,3.21490411549455
1.74521910933413,3.13558647679583,2.07834321283756,4.03606314706301,2.52768299431901,3.59287633999042,2.34509266858579,3.11174956178542
1.9862300328603,4.1380175715908,2.15563698188679,4.78210148882066,2.50082329416779,3.99255684747322,2.68439453047479,3.71239873284025
1.80096892402542,5.59618727519131,2.50959438718964,4.159502439431,2.50534652379939,4.66105634031911,2.29507973706912,2.86045573726934
1.59916908565875,4.75111286699304,1.99828603505006,4.12612319331266,2.63713448664204,4.07095524408784,2.36527514983497,3.36837558945257
NA,NA,2.21879272370564,3.7622425672974,2.03660728588028,3.4424754911653,2.51682815967136,3.22365745849963
1.94396217624708,3.44682608626065,2.16970738840001,3.45211884358494,2.33675306661759,3.89534175583755,2.32275816109326,3.14197400152928
0.339831025396951,6.41221447185958,2.14147226659338,3.86077404731079,2.20251885111495,2.9164852212512,2.52448395606666,3.38589503055598
1.58044314835607,4.20008018238666,2.29873727440349,3.67609270797607,2.25703716130359,3.39576084078813,2.70827190039825,3.6078801770955
1.53004515661285,4.86811959954889,-0.0420124580224859,7.36456241116772,2.51569108632762,4.14579941395924,2.4052659478167,3.33254148572337
1.73529643181052,4.05314677684448,2.24881530507084,4.3012341708549,2.116997412271,3.28754237435433,2.63580187581302,3.46227085034155
1.64391478826281,3.56598042118769,1.57898029345979,4.36692266572459,2.28332074079312,4.06898529446994,-194.528918864257,199.615232007899
1.15914776011129,4.43381578296271,2.13181432254713,3.37366303700201,2.16016948166739,3.1553409703191,2.36583205629735,3.07254791239332
1.83474204689676,4.1689976106262,1.87342773909788,8.39617002054553,2.54038196067373,3.61007346991343,-552.77379283437,557.943137366091
-597.370471394714,602.103795287338,2.22483928577891,3.87849223090969,2.38059598347695,3.41981048642573,2.25348253493526,3.00559179651256
1.5883487685868,3.90272678556244,1.96404466330148,4.11940450312376,2.2590743036822,3.38341814259649,2.13010686591983,2.9386360494418
-601.205041307388,606.152776014703,2.35911787817687,4.13433871315722,2.558439000459,3.72083798119951,2.3678601305996,3.30935821710689
2.00960661845094,4.13607375084034,2.39216491076547,4.18492677281244,2.36059688044872,3.44228128271463,2.36497491305255,2.98153923961599
2.0103156798939,3.71646030923404,-3094.11807946741,3099.15183346376,2.29883048224163,3.51302605611741,2.55384904473939,3.31806798528671
1.90604906268852,5.13826275543278,2.23947886660876,3.6955281278767,-298.527926622981,303.591473587342,2.30836321459974,3.00390188720313
2.05225227610876,3.54961033844555,NA,NA,2.38515577353364,4.32875348885186,2.56966629791769,3.53328884884311
1.40712131677883,4.43232220109441,1.94569478736561,4.48920271043524,2.17121910551281,3.48153201120765,2.40401523785736,3.02554603520567
1.91441563292272,4.78295830924122,2.13527424824111,3.6309388018735,2.63816011999516,4.84890746643301,2.40934895272246,2.99209243027872
2.11072942600247,4.92835262651644,1.88453276153543,3.02291583345407,2.19878995871761,3.29844881151507,2.41669021377924,3.33438551888226
NA,NA,-2493.12622990061,2497.9045648845,-329.979813797784,335.09048942992,2.57091888614372,3.39725522578618
1.71062814195614,4.25186445736811,1.95991354266406,3.32185674458281,2.45062701049178,3.41662864496298,2.58564653449264,3.57434855708491
-1.50934157326287,6.8795341227297,2.18009792828787,4.13531348730541,2.25551628721122,3.48690351098971,2.46476775314781,3.14956474279511
1.61271286106895,5.09721236762096,1.64385793183625,8.74988495024297,2.16985402745322,3.59054160494012,2.46928737120276,3.2170906074895
0.817252667047426,12.2837266895854,1.80610137045936,4.56209602801816,2.35284300131991,3.48856914085649,2.58900460900478,3.43096692775063
2.08536427497347,4.38351615669815,2.39737288753251,3.47458929962831,2.22498281274093,3.02423703526401,-1030.83985436677,1035.95412266563
1.83133721298302,3.61608994929459,-1029.19392114782,1034.15805183021,2.36319970585616,3.67979678745258,2.53781523983908,3.40388093171066
1.22599350251237,6.22804062512179,2.06698812199549,3.42882549173787,1.97078846635996,3.07231144780674,2.50579086614595,3.39239640087709
NA,NA,-3118.69486058872,3123.75997247177,2.33792818548829,3.2275936217833,2.70012345239705,3.75938043961392
1.70287393776797,5.62311792287659,1.84641132670441,5.11474012081633,2.04727057938858,3.3800842178016,2.46418857284804,3.18491185081504
1.76086330725282,3.33510475068882,2.10335817061073,3.44377611081534,2.21522597010702,3.28624290638406,2.61301796487069,3.46342199269526
1.55681543206048,5.08464440716615,2.06792251399293,3.22765026984362,2.33889403957532,3.24136068736871,2.23923474027684,2.94743142922268
-0.80859573455291,12.8214215706074,1.89754131274803,4.70919597192824,2.08538572795266,3.96639154107215,2.54039736076306,3.40399029911001
NA,NA,2.04401463507173,3.20110659256376,2.37268726328572,3.87349775879331,2.35401217290772,3.33690497965817
1.98021040907362,5.05753635762746,-3785.29982705994,3790.18593877147,2.46585430337829,3.34666435582307,2.42393007681917,3.15942547448613
1.4276026550255,3.03983372542306,2.13791688665379,3.14474300676628,2.24083054651423,4.21056352464043,2.49462176441695,3.22147504016424
-522.603986062669,527.807592579382,0.776267500789904,4.4083615071422,2.14482366893982,3.30163376334595,2.80957604724658,3.71231770871045
-2308.34154609796,2313.79950401116,2.20230011769085,4.04082963705715,2.09260320928238,3.27855222545461,2.58070790796679,3.24048015622991
1.91213741114519,4.77964749087072,2.0146314948109,3.962147726845,2.31398360379363,3.16898285341962,2.51813674283733,3.20849850056371
2.17651968799992,3.59664768824698,1.70966696631448,3.64110606512574,2.23531838889951,3.28233459440191,2.50436005814552,3.26308081755483
1.92802709878916,2.96418155288091,-932.877892827433,938.100769752528,2.14211300182644,3.25592556609229,2.53727367888764,3.29520432571888
-1110.57940552909,1115.45746779811,2.00985876940935,4.0979283403282,2.24504367619284,3.40190272425016,2.58081362541105,3.53781529992937
2.00314464474831,4.27647926442901,2.42314692502217,3.98751858353927,2.45823218011405,3.6827545345648,2.58608588162443,3.50427938055091
1.74850759007156,4.13864426690331,1.78125135418941,3.88205564731222,2.3506469871115,3.2188631928244,2.66744164007759,3.52188912636076
2.22072838925108,3.39771149616436,1.52465551099097,3.5800741800659,2.19161430468466,3.78443374261746,2.46636331447885,3.49019312949638
1.95110014068179,3.67028872096678,2.1648145225253,3.48123108761529,2.19017924372294,3.71801564846649,2.42963147095493,3.2426321659239
1.81731367268385,4.00804093210723,-239.046231322561,243.950164031724,2.40765091660106,3.39426613532283,2.28400197300444,2.98143993189383
1.86477510889829,3.08467718599452,1.843618919439,6.54441299429781,1.88692957002419,3.68403617080687,2.65717113784423,3.54165135899772
1.91084903966968,3.28122079695006,1.99369198826294,4.81580463376247,2.63292483114384,4.24400493909504,2.33494361867991,3.17859841731739
0.979179127380222,5.80947590380567,1.98869018183956,3.14473237334101,2.39789034012543,3.37608301750543,2.88415384475106,3.89137361520879
1.88530711585169,6.06555059598997,2.35006850069722,4.94408042819186,2.18297852848382,3.46907066018228,2.51437572496048,3.55156344572057
2.05096185855364,3.52003496475379,2.26145664244718,3.73781880004782,-620.533473123459,625.588500429051,2.31975315672506,3.02419711438908
-1739.8504117964,1744.68395497695,2.20323699302418,3.7382516219524,-1845.57730347484,1850.72064834253,2.40638298963962,3.099328162692
1.31660695292412,7.50341412902427,1.78482836883538,4.15738064395623,2.534588582996,3.42039943893871,2.43255366196225,3.2238337371863
1.95113134571834,3.7826298325409,2.01966465688756,7.34388030224815,2.16562329443052,3.53967569678191,2.40736998012918,3.06256662413323
-968.809088380402,974.502316204277,-752.405543360182,757.281682660165,2.72567564203368,4.26090464487347,2.65539056853063,3.80212844645775
NA,NA,1.79336231285153,4.07722181873338,1.85519520102673,3.42657561675038,2.47858017259533,3.3571027503132
1.38056936943045,3.95062022235921,-3351.73363880221,3357.11466993156,2.74903654074772,4.30357544675148,2.40286794819896,3.08192848629344
2.16812754223857,4.94371954977173,2.50388912559571,5.13469594037679,2.22767571791625,3.94959049223425,2.41884482856634,3.17580818178027
1.97151065999657,5.32473316649868,2.07286107271702,4.19987226187494,2.65401470735612,5.43920347038427,2.54716547031585,3.45387230514519
1.95257120073148,4.16449199422368,1.78075969329482,4.1523137703789,2.21588831024712,3.60792663984061,2.47298362716201,3.28948323971722
0.75667380755911,6.31045323982099,2.06181436416556,3.75559338671151,NA,NA,2.31049636367149,2.921929711311
NA,NA,-1255.32945998727,1261.35640632434,2.00064895297298,3.20094242478062,2.2362433010252,3.24701160170003
2.16003568048678,4.50954208031049,1.61719135703032,4.49331718824779,2.53843019014399,4.04541450006209,2.27250047146329,3.2542088203436
-3654.76936537066,3659.67139529472,-502.986082119821,507.947752554508,2.12664887211906,3.06476915730536,2.4546010400113,3.33611767256143
2.20802710931053,4.86059295283671,2.32043708192895,4.04695202238555,2.07863088325403,3.21859304258543,2.39068712994486,3.14449611739311
2.0774096360604,4.6847197581364,2.38889329004583,4.58100324945941,-438.61523668189,443.609512859421,2.25852360976832,2.90841018015285
1.39298317073453,4.35048937683481,1.60540765760695,3.7735072930748,2.34651829857977,3.3228320654996,2.47202145507634,3.38257408296238
1.86464365293806,4.2230277864904,2.22827112229051,3.31230071893846,2.27741593945947,3.3609566474575,2.63798586539592,3.88190632245655
1.72077669215299,7.1417338990763,-355.305373440898,360.505469425815,2.29946788134628,3.49630452527118,2.44592270619286,3.20319343351441
2.00073595464531,3.24361819578957,2.17780588226716,4.38208464749321,2.6042615732127,3.92865406067367,2.49006454386171,3.21484695934748
2.15317932825675,4.18837394215497,1.57170093587012,3.72127260659365,1.99790349644666,2.95359817695194,2.5209062816762,3.44931232161812
1.84740194121086,3.51702863950447,NA,NA,2.19270186361265,2.91783332954623,2.12923114477337,3.26778196455967
1.08920737293686,4.73403610089751,2.20371240808911,3.3493777465254,2.38576876941029,3.23955283682079,2.52540672298293,3.3023994556255
1.89285702716365,3.02172328870515,1.73679121888455,3.31022937349448,2.11577681758602,3.33647426270462,2.48656803284123,3.25299616746591
NA,NA,1.9692644068391,3.0069410779712,2.6717330300649,4.07006589221131,2.15316103410779,2.95033810525578
1.93526604273661,3.79238550913805,1.14323633983543,4.6894351009147,2.23070729112888,3.23119385033129,2.51681836779475,3.32132924535753
-656.203025963885,661.41392392845,2.06806959660913,4.34028550082584,-820.071850484918,824.912413688405,2.49271096084238,3.34344054618037
-2553.48223763797,2557.80649089744,-540.338649112979,545.352082077424,2.59033573506313,4.17713556372014,2.34418277503028,3.27561616408909
-773.407754738952,778.445474654875,-840.905290526859,845.796138724315,-889.392383549625,894.593349091385,2.46166181724118,3.0764875486983
-937.612377050996,942.465764103139,2.12893782119988,4.92271689186448,2.13455058324439,3.33191709080395,2.66440649372814,3.61405653833771
-1404.56704755634,1409.58304457929,1.83475745045228,3.53733643161033,-691.627651045672,696.542313028066,1.54633952898368,3.61000437376868
1.6990097756433,3.66114699243681,-1253.57199117225,1258.76380393593,-651.766803344318,656.968503536973,2.42538664052832,3.15577122384567
-3017.27759717802,3022.10432493107,-2956.09266910466,2961.3876613796,2.14770290181718,2.94905247648836,2.51507244981822,3.36619289295831
1.78392040166764,3.37734679252291,2.16644011902052,3.62639916906474,2.37964362072031,4.26628162267404,2.54298858106596,3.14976473438988
1.43863396519979,5.62788455589436,2.26510024406379,3.87478058167468,2.28429875356186,3.40316135594592,2.78896416569318,3.84480448242478
1.85255572359839,5.10320613990728,1.93086932146357,4.06567198802157,-979.86908316769,985.130765286142,2.63471045506286,3.6134124949906
1.90073362946871,5.82764120064453,NA,NA,2.45076429433624,3.49069905986077,2.62607698330835,3.55663749500501
1.81213533981023,3.82243675278652,1.77745380876723,3.04949672259221,2.4832799697756,4.01037100515238,2.29602321160335,3.19611879143466
1.93717468236264,6.08846156341136,1.88676487202839,4.49891772143111,2.30760809667807,3.28173042917551,2.69356109332028,3.53290574054252
1.20089575306016,7.73865563605559,2.27132425342634,6.20092264554379,2.3055555916147,3.09198929428605,2.53552842417471,3.18625239396234
1.57521533862799,3.94589566443155,2.09765690159516,3.46214341721492,2.05995879963322,3.56065287706443,2.51107115006808,3.36427744871263
1.73002842390521,2.898074130401,2.03531953020162,3.92641550147457,2.61833017706281,4.21591366878591,2.66732340869165,3.48775460422015
1.75513431391608,3.21486521955905,2.25522317045541,3.86673334480033,2.0103229717627,3.78026323704418,2.28696773061077,3.19752797541397
1.41318391617441,7.39235471436716,2.19098913066869,3.86692811094399,2.39172231492735,3.34366701944804,2.44339642709891,3.07335083500358
1.59037372435417,3.6536860520978,2.00368602047122,3.73538382871676,2.14558183363921,3.15538655123171,2.64928502435266,3.74653240738497
2.20030580106212,3.94090046340463,2.23681402335006,3.9205948171115,2.00131397977319,3.39553839330476,2.26301404798163,2.99359137043558
1.63065131412158,3.77868463100154,2.21266391390702,3.78603763392007,2.50511121644983,4.03689229409171,2.38454113807306,2.96323302266103
1.57324697552169,6.77795424419307,1.83538637499604,3.34237045780684,2.39036886844088,3.38884443391121,2.3028705191166,3.05680914885784
1.73716314809604,3.66555946438501,-770.353701830677,775.221974768723,2.00140042241658,3.60100551725772,2.38525774735649,3.80210668368043
NA,NA,2.05229684324654,4.06114541608346,2.41617322814833,3.80995537981292,2.50901163912129,3.2441630383628
1.60812039658438,6.79908407382651,1.83672446737973,3.34572047580666,2.69090458402258,5.02190708333136,2.63412506824229,3.64403193942091
0.460078105330605,7.51871298337558,2.41041699304373,4.31942269942551,-3298.66360362564,3303.92941175627,2.54317964271931,3.6405281723509
1.54591089194709,4.55351554207876,2.10730563661156,4.58490013761119,2.15609429936011,3.44163218874715,2.57890619886765,3.44403510085649
0.719884180707867,6.09490368115828,2.4391292444193,4.16577952970187,2.52137811980794,5.68033016797278,2.46696265090108,3.31190708341098
1.3310357794844,3.97745575502528,2.03538243889161,7.31513424188005,2.30933355913359,3.24098909330744,2.20417963653547,3.2006116131503
0.909083003989579,9.12517828370802,2.07745646593885,3.92978157358991,2.11202346760178,3.80573884095884,2.26391726854413,2.81784090883642
-0.756611895852183,6.32151167552958,2.10098518443884,4.52984482009728,2.00921594217429,3.2185479635848,2.53034762785619,3.45770757762065
1.71305845982534,4.82976540034235,1.72026631952761,3.69829255599074,2.58851608859191,4.24256316903167,2.5251374329594,3.23761868642812
1.68810144019208,2.96782278192469,NA,NA,2.19545518438186,3.25333702571401,2.3327338103653,3.13706645390801
0.875004028322545,4.48205492734031,-1395.80143464679,1401.01901300883,2.47748925946549,3.5506687131503,2.57483727687426,3.39321616251941
1.5547855694769,3.89796131753638,2.37145405605822,3.89446735047241,2.3048250251055,3.42699553914906,2.33096602252044,3.18563049590487
1.2577506547284,6.6909605245897,2.184237332852,3.10836722694112,2.19464973244166,3.43374608166609,2.59544654353104,3.50557450849895
1.86919887062136,5.8345464696907,2.32008418729434,3.7905560587275,2.41864710091911,3.73707448896004,2.51013886466764,3.29222590479181
1.81348647718847,4.39337104819088,NA,NA,1.19622884002106,4.27508294093055,2.43100508535954,3.17262900897434
0.895453471912077,6.40197560244773,0.987885261884593,7.1456534435524,2.77585206240111,5.08349239684691,2.64885336515602,3.66177930074847
NA,NA,1.94882176745277,4.66277897919753,NA,NA,2.32598365577995,2.92395957173464
-1721.60637933029,1727.00719395545,1.70730230833179,3.23492194148538,2.47326725995393,3.77709544938652,2.56542637081551,3.31981561386386
2.08585361084018,3.65025963270349,1.89638058122121,4.32389997017286,1.60218342475431,3.76921151958274,2.62039007536759,3.52758110022495
1.71080488050542,4.88913010531092,1.43071493106064,4.24688167153067,2.43623094344286,4.83238196541342,2.48321293153103,3.26658501563161
1.10054854784018,4.66276518809132,2.12701019966509,3.42899239240163,-557.67116008625,562.512828945579,2.60624183997626,3.41369062055912
1.85399727932672,5.0409369106071,2.13032463354666,3.29795821671572,2.72852340411923,4.07475991279044,2.57903720030101,3.57612553108442
1.90548854853579,4.60592588610201,2.13641849803532,3.21538455388379,2.3320104984462,3.35996492094794,2.39012068389915,3.07347845599908
1.15897692834788,5.87150574719537,2.0658633835799,3.5486662230408,2.53922086341103,3.53442334961785,2.60352043753235,3.67150939209777
2.05899332883638,5.31598843898736,1.65842084156243,4.14994889920176,-363.268313148864,368.119709489339,2.35644165061121,2.99869501093376
-961.977062008147,966.912578330667,2.05144154670576,3.57061703185107,2.95991172068871,4.64582834540592,2.43973897645762,3.21915550183561
2.08351135270484,3.79637149380915,2.28830183215314,4.45615297105062,2.34647194855049,3.62443623548888,2.42297506993982,3.11282614350032
-1235.32470169115,1240.0167152944,2.15230802693529,3.88499166890557,2.27730120823825,3.79260413496627,2.29226907782558,3.20432404859691
1.67183394261375,4.83009022611622,-595.83142374463,600.907685509074,-2242.77158854618,2247.93364968343,2.32360175033323,2.99791106819614
1.64401582466632,3.92672371415269,-507.595856687849,513.008783489071,2.312793418807,3.257424575171,2.68767782435365,3.69128483380749
1.63641093492741,5.24254229733127,1.75474857810086,4.08111149212099,2.51361207153121,3.7899230205035,2.43810400735742,2.97582342186548
1.6524750975611,5.23418306348135,2.23565701826314,4.44003049651057,2.09827114870276,3.2022923924089,2.36027707805163,3.07009859398279
1.87883849306242,3.86558223307853,1.64353903563047,4.03343490343991,2.40534637178597,4.17981522741043,2.69143413493805,3.48141800748039
1.98182285521322,4.37295432504117,2.07620386712758,3.46821163606836,2.40519142204553,3.26029712330771,2.66233467118565,3.72821434398691
-501.68105530969,506.344325280549,2.10147356377003,3.39898522117991,2.56476207488372,4.89054045476203,2.67263211617882,3.76970294965825
1.49305696868773,3.92818795335141,2.11320092254099,4.98519697354628,-261.265722488503,266.274979488549,2.26268633117636,3.14564705834778
2.04109742739648,3.93489401501359,2.27664548234375,3.89286160989159,-416.89890352595,421.926103319191,2.49627147965594,3.38863105685061
2.02130735721563,3.50971314245171,NA,NA,2.46167714310193,3.63076788127249,2.59025935394111,3.396037650503
0.462332096719369,9.55362753739309,2.26821581882744,5.27040066334333,2.48862841528649,3.54842832073632,2.5608207982998,3.42143066855246
1.42177575250842,4.09497133009395,-1054.19843468094,1059.47104598977,2.0555449472698,2.87720653525921,2.38471815262309,3.09529236094268
1.56502339370394,3.21509225582557,2.13581218160838,3.21523514775215,-1497.97638716506,1503.0590277097,2.66415999994458,3.50461143252092
1.76219024019518,4.97000985998527,NA,NA,2.79273188875587,4.28780391859027,2.45930142884745,3.3079710890307
-10603.8517332271,10609.8319888828,-536.399994437799,541.093558438587,2.47144273219625,3.50622314253371,2.39870460599911,3.07186581591333
-1803.71240481597,1809.33876180237,-2400.83993631529,2406.37633245299,1.46486948628746,4.15317123406427,2.38994260911176,3.04511107465131
1.71232572396101,4.22900175982387,1.8702943170825,3.72203708612885,2.48143220140089,3.77495625807928,2.13678584547299,3.17787390417164
-675.370423928938,680.134739533899,-967.830152358158,972.873867969471,2.59812330774901,3.67693443281667,2.67309641830285,3.73288763366336
1.83928663337975,4.96987831051508,2.06588065051529,4.05974526990569,2.39525873893069,3.56902489045796,2.3300049767029,3.13294606728269
NA,NA,1.92507499791769,4.50692631573101,2.38964091059795,3.27855672235387,-1143.82796026437,1148.9281479413
0.665200337492107,10.1685722149666,2.19229286753936,3.22459274528154,2.11560644293968,3.14723877838845,2.36127911234428,3.12265499476499
1.91458446764455,3.79088024046298,-439.77666237219,444.783751701181,2.41607569874789,3.35571411032041,2.49443880120472,3.17928860569889
-1723.59734706669,1728.12813165374,2.15086829301157,4.68090597441461,2.21736622608016,2.88191693304781,2.3572023414891,3.18406078593233
-3672.10892360907,3677.46859111249,2.29169494943304,3.65771677284747,2.36746768424889,3.3147402148871,2.6040432433914,3.39308850015984
1.11256644507637,6.52590196182092,2.31595158110473,5.40185604488495,2.30127538715414,3.67825154041311,2.77950355746995,3.84207005329431
-739.335725638435,744.548955900448,2.4486451198275,4.87196063907936,2.24419621894953,3.38244002303204,2.39910854029848,3.36484360629336
-1505.23343232813,1509.9991598589,2.12024891851588,3.48069878467048,2.34953188741125,4.15627251489417,-310.118897456913,315.024067478033
-1111.40925762051,1116.78151926526,2.09638069556509,3.47034521729851,-288.767189054289,293.856437858302,2.53454790123526,3.3149900881855
1.91964931531223,4.64381412716789,2.33457649054208,4.07144249926402,2.61836302557557,4.12260268617448,2.47723246899075,3.26878608464758
1.03088001767731,6.30839953984703,2.19786834339284,3.72733316360013,2.46679562080225,3.724316132658,2.21820962175604,3.33124784083464
1.69210150847094,5.09986742846644,-3378.31379548907,3383.29869187946,2.37422641868057,3.50033048501605,2.33721272864105,3.06205960419968
-1859.65950691267,1864.77703072523,2.05467506726554,3.30592836592403,2.43337583133514,3.95426153279836,2.53249328230441,3.58417398073612
1.1050375638628,6.91739360590526,2.14248800459362,3.38114462801354,2.32618873588853,3.40140441410875,2.39449772924672,3.14425752745466
2.21411886670739,4.94196971659839,-746.329963755221,751.561138455942,2.56640764392472,4.12072618325733,2.14576106228387,3.0276237052494
1.72762870886745,3.6986114137221,2.62214254109335,5.00189898761646,2.22240089183046,3.15402675130632,2.42097661673996,3.1404402386378
2.12202589529637,4.41396497446113,1.63122392037452,4.2393264733828,2.39440508093688,3.39950115300189,2.81111485983098,3.73570256604963
-5.22641527180089,10.0831737836465,1.78284850769753,4.32976826100336,2.27518435290742,3.70277117747924,2.48498433825439,3.20772702707253
0.919211364595411,5.48936139749064,2.21314029689176,3.95701700398702,2.34129329115238,3.60113064346308,2.33709942235065,3.06062680351827
1.99444829602097,3.22427306547317,2.26035405151029,5.86098050221291,2.09294318978887,3.37538661995172,2.54918746863902,3.39980907033743
1.99145599925111,3.88330968050506,1.93789594054122,4.18586436712763,2.72375852176289,4.15026748564078,2.51267721737867,3.56251973625144
NA,NA,1.78969365460212,6.27980534769235,2.54565312874875,4.16044913235996,2.44432587086824,3.12380301332178
1.74760639079091,6.490978933526,-513.121025246652,518.633879331444,2.21370615340872,3.11046795991748,2.55461608527768,3.34109694329857
1.62263992703059,4.06250001505767,-304.784696479836,309.570719452085,2.12347721749693,3.36791886917007,2.43218374531578,2.98223811187722
1.94770438704175,3.59646053748576,2.1311644507982,4.16219514173012,2.33003329689719,3.24239548439798,2.75174817484092,3.78360453658826
1.73576715311575,4.09358211569332,2.17928349887861,3.57044711405693,2.38581187536203,3.67283091703727,2.71058587665165,3.65198387806611
-4466.88503308116,4472.17057278004,2.06434057911827,3.35139414669795,2.17676166944191,3.8872917591534,2.51397476445414,3.20294199155643
-3553.92546758941,3558.68276820642,1.50172686052177,4.27264000943552,2.24156079083868,3.56596033238675,2.43066346689466,3.30179518926884
-530.695013229193,536.012898063373,1.7536806094701,3.77322770238012,2.76612857304642,5.20097503687944,2.27247545099204,2.98112265344053
2.31447939973215,4.59064239015802,2.05438477451643,3.37518242303416,2.58551282960054,3.76461357865567,2.53117965187415,3.41693556696005
1.68588876544035,4.84513145714284,2.35281746413047,3.61446811191073,2.04792383965611,3.40560179407341,2.48239221147839,3.24872399321968
2.08509253730486,5.19253372246213,1.01445250770794,4.67398796482047,2.48544129532833,3.59849289207671,2.41217558725811,3.21073692576135
1.72073795311824,3.69871550994613,1.99173911930816,6.05141516606732,-1129.09854815699,1134.21668306508,2.60114873740971,3.77353003478789
1.5642246060939,4.38140116363589,1.98302838117923,3.14896953539124,-398.880895300643,403.733283767862,2.49921887155794,3.33972925370956
1.84852496251027,5.87096586239781,1.59261222135719,3.48794371456408,2.43125623926129,3.62705782276319,2.62790022471105,3.58609519540288
-2847.45292207156,2852.73560783145,2.13937090278386,3.7430981047038,2.2644539485558,3.64454892241173,2.38867647365973,3.09179699543854
-844.155985834717,849.228862045433,1.93964110652222,4.31848779337777,NA,NA,2.57072967062469,3.25382253734746
NA,NA,2.17614154639509,3.98703284395924,2.56972859680627,3.73558040267095,2.60804284948457,3.58006278564036
2.15830278813709,4.23714975513086,1.9376134933373,3.74040750389864,2.70060811507921,4.17484569850303,-888.109426468826,893.291257823909
1.97892061933844,5.49156661853671,1.9949946302389,3.13270913543882,2.30789096962155,3.33210985690383,2.46916870488707,3.28911183949634
1.86874387579453,4.32694435908639,2.11138317111648,3.27983929999327,2.28821117380168,3.51542887524097,2.45400456118199,3.26101523277203
2.02372954599579,4.18882380350041,1.89188375340922,3.56024575446732,2.21590277590031,3.39825809670744,2.23796461142796,3.04028023914212
-1028.16288155006,1033.31548139609,2.11101719128746,4.14761576454607,2.29317802485054,3.33829600836476,2.45555135178486,3.23153929212776
1.39530139166843,4.34133822209217,2.12488821366011,3.52713628982634,2.22322829918447,3.04455207220944,2.52711345097276,3.27065265544153
1.48229936779458,4.83550164663976,2.1975647711821,3.33048171606081,2.61352067943914,3.96404764168311,2.34544019573846,3.42044455239103
NA,NA,2.07766812236858,3.09920737051541,2.61769376994107,4.12720026846717,2.55202599285555,3.35727787884779
1.72389069184804,5.14261459695313,2.28448748962199,3.7277283261037,1.95140673525884,2.96931567246184,2.68707826983446,3.67814051131935
-3.61490591886238,20.3123588328264,NA,NA,2.06956829382871,3.36730513857454,2.72216639770222,3.82498218369422
NA,NA,2.1018783462263,3.01801732073048,-1400.88534096805,1406.19210056377,2.44364001648495,3.26569856891101
-2.80275646861391,9.75828573573532,NA,NA,2.16861035919385,3.90358723318489,2.45870598949898,3.30336681101384
0.549254579062374,5.57500146287848,2.19121445953395,3.9116714928434,2.33560995087077,4.47055637112976,2.45888858128118,3.18078791396822
1.87280495272259,2.90061017991833,2.01025723934982,2.90012828749193,2.37468096820202,3.85235710404113,2.49075632014751,3.31148384867931
1.79593532317879,4.08913284164558,1.93959492896622,3.83731790318178,2.48181174908198,3.66210016684369,2.5332008860017,3.39521845938923
1.79543091595466,5.13359668473692,-2170.89810588182,2175.75896523761,2.57136025738989,3.85703619585181,2.57985299887189,3.4488633783575
2.02700172850753,3.76415098988877,-2292.64701437241,2297.62210862084,2.19789899869054,3.88441722732866,-264.640298691633,270.007364361422
1.46395514154246,8.9633036726565,2.05027051046504,4.25078069323851,1.69321485257553,3.38625208877912,2.41009909126117,3.12761860551724
1.57053358426559,4.97033708841573,2.28100931613081,3.99274561959158,2.26776285217116,3.3203476331847,2.67330700978573,3.75129884817066
NA,NA,2.28364250169641,3.62477325255969,2.17537727282855,3.13301935303576,2.54630945202007,3.67471339336804
0.275789884508464,9.11621740008208,2.12037502937433,4.39759279196057,2.56984495094122,4.47074482040685,2.55925024021712,3.44764730951286
1.50189865491755,3.38442794995892,NA,NA,2.36849079046846,3.48212986876237,2.26000904690302,2.97747642958378
NA,NA,-535.690948898231,540.248033356445,2.14120572808009,3.00398448994106,2.62668673366734,3.57259275599496
1.96629730755303,5.11433537473283,2.15280779063554,3.99968685642524,2.24378293206549,3.38407873758709,2.41107954134224,3.34863296117046
1.76449499555417,3.63246993191277,2.00810715562842,3.65239141253917,2.42422203418925,4.34623833291567,2.82570676839312,3.85861825005354
-0.794709688391684,5.70358033997417,2.0739015182877,3.78314085213383,2.46457507616629,3.65391977967845,2.63193980712601,3.61848512654798
1.98886106760228,3.79800426094232,2.20644606862572,3.97599826174305,2.38349297536223,3.72364772763111,2.32412142667036,3.02577762789444
1.94173573080199,3.68186284143054,2.07625473915871,4.21674653810651,2.29872395858314,3.62870395775084,2.48342591258415,3.14940221503623
1.66346500492439,3.54510519876306,-785.667962485441,791.475219911651,2.31179937149504,3.29037905056888,2.45399070551004,3.16759299229654
NA,NA,2.21303659279386,3.93354653865508,2.31840237989387,3.48780721369551,2.44517455088816,3.30187172031235
1.48635021073879,8.00106678737948,2.08516766652951,3.22801932956802,2.17036146535896,3.29777207251545,2.55043102779545,3.37015164497624
2.1235701321337,3.25758118458442,-1029.78512471282,1034.42708603753,2.50674822500561,3.55646491313254,2.61091355475237,3.37577949987809
-1332.93056819036,1338.8410927587,1.93027695576932,4.77661944805345,2.30266330384886,3.50049099652208,2.25357219232715,2.9898348898843
1.92394716636059,3.8364558790623,-4127.66134435809,4133.05540018516,2.71869829192124,3.76234884543771,2.52610289714511,3.25491233977348
1.81713897289324,4.14106551322702,2.4554619179009,4.07816925966335,2.1856751878272,3.36634724340979,2.44221689112653,3.29002126279579
1.45026678989583,4.02868350663284,2.32081963293315,4.61698487702869,2.33423982558134,3.27210856158496,2.59205573653914,3.50963130732122
1.49246440490964,5.32471398028372,2.34930899727912,4.31618302631705,2.15428989956864,2.9361630333336,2.45375719271622,3.32271983319671
1.37653164581648,4.34791206038442,-1094.05147381858,1099.08745914878,1.54264664525705,3.60099092633294,-523.1013223283,528.031907420043
NA,NA,2.19810041396806,5.42214275628925,2.18571021685839,3.563312483353,2.58180866518455,3.31677673528714
1.20981960825899,5.774815722533,1.69498223824503,3.22337951687499,2.25345567380712,3.54847076933703,2.45041388299952,3.3508909290478
2.1253528437112,4.43221751295383,2.18919907787855,3.56484646264589,2.36873460334488,3.56513514001318,2.39177318925667,3.17108416722844
-3618.00029061867,3623.02646955985,2.16185595640676,4.18527508388766,2.56074719937781,4.01096175071064,2.25626467989904,3.02966748475506
1.67696267594617,5.41317922342007,2.18241200094823,3.40101065262283,2.25002329705304,3.2702860467815,2.33353145327549,3.20641349357852
1.86539503818145,3.36103765811236,-2587.63950241869,2592.75320247548,2.29719962719603,3.36722379020381,2.57576413986751,3.51215787398396
1.77807924182656,3.44546783226244,2.26202405852795,3.96370289434108,2.24412924366058,3.73312786622545,2.4752817614196,3.26209111687056
-3390.16068345311,3395.12016934206,1.91422527157908,3.8015906607813,2.2798210291123,4.37601654129015,2.50449738592009,3.66179403214725
1.33179477376837,6.80981735106659,2.08838513139985,5.67074155903201,2.05929984417027,3.33697253843308,2.48763091430941,3.46116175367959
1.00832919695027,8.25819306511207,1.85706364594214,3.28710898536599,2.32811479587396,3.46049398677128,2.34752669878498,3.17448361303167
1.60710488311563,4.81821071207643,1.97168309560188,4.25078173653186,2.14556222632866,3.24842494671209,2.3449723969311,3.32730987205966
1.76791611212635,3.96352149384798,2.6824640304774,4.8192420455249,2.37934136199538,3.59435628959605,2.6503955251574,3.81074637394392
-803.074777095255,808.435437790676,2.31205661777716,4.14052994008009,2.34755698881518,3.41628559324432,2.42820222459436,3.28929977298456
1.80432193213319,3.41290298025013,2.21892205177133,3.9568805946623,2.56271055802741,4.05890979077805,2.24970259999418,3.35203322981561
-1920.61216395884,1925.50042379628,-1938.55636918573,1943.63970117449,2.37267759463161,3.13229125013499,2.66471518714447,3.79884421283987
1.92113699526885,3.71549533736535,-3495.31345722174,3500.28219134578,2.3991323203401,3.47912062136556,2.55768863906813,3.42508579391157
1.25469412133597,5.50981049578049,1.90257649714008,3.73240652780596,2.3783164585075,3.98307884234984,2.34427064741588,2.87301722215472
1.73021887976967,4.75365507397933,2.37654562933955,4.31171499036939,2.16835276222866,3.48824435593216,2.39814269334033,3.24978677932175
1.65888898879418,5.75937341078328,1.95176879899714,3.01237361932034,2.4971877332985,3.59064062878256,2.14334575874591,3.58115471039567
NA,NA,1.9115707201576,3.00113055086884,2.31796285099921,3.25067635652163,2.65414610151778,3.65132007810797
-1234.44773286744,1239.59064776451,1.61435110991123,7.5875680166248,2.29944982092762,3.05169392727467,2.49770081608588,3.3486550027335
1.42398447515732,5.30503764409359,2.0634172344014,3.7112224966853,2.18925521180509,3.29473018206642,2.44968390755948,3.29389491509534
1.89166802038569,6.15454018541299,2.26777011056911,3.23229963658792,2.34152237739589,3.61958868237542,2.51455368351309,3.44668927743691
-861.99480331125,867.135163883334,1.92435953176821,5.41237422049785,1.81002013271432,3.59472136915513,2.37840408172208,3.22518650904809
1.75418522979864,3.0363111783481,1.54631700281639,3.70302255534119,2.04293542098541,3.08249651117366,1.68201621095094,3.4155127807179
NA,NA,1.96172440754943,3.6319648688104,2.07529245046886,2.89417331212895,2.31519364094057,2.91763563647816
1.69596291827083,4.43720928752202,1.90868875587497,3.91726428535695,2.21847574538684,3.69323824509245,2.44351315642454,3.33944271891883
-1234.53518259399,1239.36029942028,1.95791135371169,3.41510745297599,2.41183965286965,3.33784090462925,2.59633770483265,3.56702706056781
-6890.96266480787,6897.22059961359,2.22693009332906,4.57779890698846,-451.779765716752,456.953224716866,2.25740968146777,3.32769820250333
-755.549579924147,759.968982558289,1.96108272990841,3.16665010850181,2.39487729538319,4.32087088747052,2.68147839046033,3.74745480678031
1.98552869817226,3.92245254273673,-1570.1131315011,1575.3418781984,2.43093581585552,4.11514046969096,2.3711426754143,3.16227484607497
NA,NA,2.56264648623715,4.69941114376403,2.83122266771447,5.17054776847713,2.57098936083436,3.30424215004499
1.95152370127322,5.35843721403441,2.02075734469069,3.77243233642411,NA,NA,2.3514432444349,3.02377739900422
1.72325959729042,3.76205671368533,2.14555079123491,3.63103776076471,2.40535888692318,3.40842717033644,-679.706589044167,684.688769141605
1.83623557348595,3.92855459160151,1.98001749448551,3.25236029722764,2.30610980389695,3.43891422226607,2.40856953582953,3.21952551767985
1.91585233553725,3.66440757235,2.3846928854978,4.70432439370956,2.42280585656795,4.00378423317383,2.34495824994298,3.0072050566989
0.308895878508228,4.61736963538991,1.21394518234368,3.64362559475713,2.32829587315491,3.59014701497524,2.45298834864225,3.09110263508028
2.04443835412218,4.16710347317384,2.20320867925889,5.80508128327096,-1752.05947702978,1757.36381503897,2.75141136527549,3.4644488862198
2.09347758656765,3.64028032376556,1.92803650752795,3.07174116486352,-286.32210185736,291.430522122973,2.56608008462063,3.40159263542469
0.519738560382041,9.55955139849331,1.97714770724248,3.46772425588204,2.3692882856067,3.21642232167348,2.62918365889718,3.44080528103752
1.12705774251314,4.18019325207018,1.609963884598,3.55817222220847,2.27124042693888,3.10157967257319,2.16775856239171,3.0909825611738
1.65586665268318,3.95921040087831,1.35014943352358,3.42324530752259,2.17409208251321,3.18568737984659,2.48258159994235,3.23318974576831
1.74672419659685,4.65715649818209,2.05743577791423,4.75722471801843,2.52684745760088,3.71090468304547,2.2268649509386,3.0097623151586
1.74888745864692,4.14554647039226,-704.492489243438,709.482210445646,2.03952778570786,3.33720428134188,2.30227497253737,2.95408788514704
NA,NA,1.95412122665326,3.34489265086648,2.22250363162301,3.08656192495052,2.50788689720098,3.28812921820391
2.0637062376474,3.51594799457764,1.3938242208244,4.25222479198027,2.47845430258622,3.58015093683011,2.5238248835053,3.47085646110902
-1962.98943425788,1968.2298672788,-1115.22077733859,1120.16249721899,1.79094259089707,4.01818331797099,2.22756587543299,3.00945241395841
2.06564572614722,3.55076185646665,1.89487808887054,3.39387273291576,2.23874980825841,3.19027114856105,2.53632368360472,3.32039398185659
1.43712628751579,5.4100747884758,2.50424034844704,3.78064697316543,2.42741129506597,3.89706506426739,2.28827339317425,3.20510014503265
1.28416549099032,6.67487173158454,1.81780279304212,8.26374850394313,0.858206136645515,4.22013287489325,2.41238861053642,3.2082376385588
1.85328784794463,3.10643917459832,2.10337061039656,5.26911509616913,2.38530868573985,3.31833685340188,2.39771614512197,3.26679375866666
1.33261266840325,7.04300400557222,2.30255685692876,4.2023911424207,2.30826487891188,3.47747370049331,2.47676928337601,3.31402590941506
1.87099063693683,3.8766994250034,1.97770307265154,3.03025159266089,2.31219848728676,3.07222184424906,2.56110451159649,3.31753666689475
1.88252404236574,3.08755693778301,-1650.86209291865,1656.10481813423,2.61145918127489,3.82774063489348,2.29863234406941,3.22767910658761
1.8343947739484,5.28548127633889,-1501.69474552549,1506.29483783245,2.12435300991022,3.73176105920157,2.55287448549743,3.47486006383437
1.75243690782273,3.9442044332271,2.09289379845115,4.11668141487471,2.40918652129995,5.18434046323862,2.45948782411041,3.19262018419522
1.31542415379717,6.97291235206376,2.27604259439469,4.51836367078818,2.20562089675899,3.33098943023178,2.36264336769144,2.98904082410702
1.74457892147999,6.0934474240538,2.2148877735512,4.77478628290606,2.03287755211175,3.30319608332259,2.13417764157022,3.19034649415609
1.84285209000858,3.52345711627368,2.15713877283086,5.70826123869339,2.30867100386233,3.2146201216566,2.54568349652505,3.45417051838825
1.43767287578682,3.66963294788274,1.87973221204807,4.05972829861555,2.52500605224616,3.69945966399651,2.45487568594992,3.25805221705262
1.85291025981016,3.2058634918548,NA,NA,2.43148462298999,3.6711093589909,2.39853447732159,3.2646672112673
NA,NA,-1284.68265916136,1289.21012047169,2.66206166031589,4.19709498913458,2.37799033853156,3.0843251447111
1.78116845393872,3.72726289560903,2.38534227762794,5.4059031539251,2.41103754170615,3.51193428802428,2.66594038184578,3.31292525317737
1.52895370359599,3.46515073813537,1.97934482367327,2.78068561593569,2.08292246726625,3.65946433805254,2.39313268191875,3.24926050516674
1.98876731519983,4.18071185701668,1.43044797145873,3.73446446811425,2.17917070891807,2.83093926719889,2.44160523900091,3.24723367307841
-1070.87007193463,1076.13595481483,2.15060482901081,7.20883375632641,2.43204150485664,4.21606045455515,2.17025051676382,2.97696573678024
1.57562872788189,4.02980404201522,1.95903431219398,3.13394970746104,2.45515052345539,3.79935207974828,2.42740152337062,3.12781379086123
-2168.23832890498,2173.19271847584,2.00322118656469,2.8107854229488,2.14956116464772,3.22871840748856,2.68412074115857,3.68836569927536
-1727.15481600508,1731.8077831978,2.21007271853973,3.19157735661857,2.43211070584213,3.52146395938914,2.27506800062671,2.89885834703686
-1697.40722110807,1701.97697232229,2.21797157249645,3.31371491318865,2.06632553148125,3.47002399149558,-838.62517686359,843.819306058861
-2863.42946410732,2868.47989781683,2.13574280011156,3.88934458066293,2.42293178568083,3.63479495020923,2.23646895254776,3.12642012609427
1.71947713256706,4.42422694014715,1.92454310006617,4.22658262349488,2.19813094114288,3.33857018357027,2.46090393903336,3.22418213673798
1.07137062767095,4.6103360109361,-2905.06003584665,2909.90302784544,2.39848646283922,3.86097092177196,2.57578861962174,3.36730967235696
1.71946345547516,3.26601853611792,2.28441842684647,5.2072557803634,1.96513219013824,2.83051997490373,2.41628407309966,3.26992885523463
1.92273568085751,5.31742134349045,2.06399112521789,3.1084229493665,2.17798234662643,3.35629260501827,2.30093305969373,3.026489775322
1.99698952346646,4.3096672407431,2.07076087520424,4.96459881920816,2.42168995778554,3.8422887392704,2.57911669782673,3.55573081896937
0.717254883051009,5.82622402578029,2.58011321136278,5.24936950912663,2.04777616900277,3.5299583067498,2.70007643340368,3.79046765583538
1.73318187012411,3.72382671520953,1.85939242052817,4.2313458186789,2.4504755418135,3.5576383510261,2.47428800595527,3.3014044336111
-1000.55437946915,1005.28463589965,-498.72998034377,503.801054634455,2.46695296606336,3.56463534264469,2.46197537986303,3.16534090612836
-3599.87553799687,3604.71075086573,2.45856047322222,5.03273984264777,2.56396689191784,4.37722759444264,2.44863050394285,3.65976306611153
0.984605261631485,5.09354299908848,2.05180249472216,3.35333271417267,2.20627959453714,3.53826918826372,2.68756089909656,3.78943001124056
-1213.5862277519,1218.94402738417,2.23934743889705,3.88368568662709,2.52382038937974,4.09689382535011,2.83413333615246,3.90706491498201
1.46435916143766,5.44752809174107,-407.543357630332,412.543902146214,-1070.44607637706,1075.40047244166,2.20613611680632,2.80509557877438
1.84227702430669,3.76809838666053,1.97178132401054,4.17098468882392,2.05740783602573,3.0434536820275,2.62530716316777,3.68093984286293
1.93457349637471,3.34356363160257,1.89905284031804,3.50302437784589,2.45767484353143,3.71256620188953,2.39314910252024,3.19038200714294
1.71358757525995,4.11222903495159,2.02564637298769,4.12467153049515,2.34259686368574,3.25072212089599,2.35242216071323,3.32935732354226
1.84497041359739,4.43817221152371,-464.388366121186,469.465231710605,-1108.38509152407,1113.30147468396,2.4011556045334,3.21512879609031
1.57828038304604,3.34979985412228,2.06312218170267,8.19254676517348,2.16798109781041,3.36334387680381,2.55154411782322,3.37918824444748
-17.7406791883042,44.918537676514,2.34588188899235,4.15622639454823,2.49512032472814,3.40107079927048,2.52523449914085,3.34316628194455
1.94207348240577,3.32441752618182,2.36585857626695,3.73474757520286,2.34417359715639,3.54677437079505,2.53196181097635,3.55828643311397
1.57890381095178,3.80136291948344,2.02520823013066,4.0030939662735,2.12905099269135,3.10882975182499,-270.544751519702,275.520479493672
2.19062014015017,3.35706245132638,2.06761766124615,3.81057091370361,-777.098059233054,781.99012693781,2.4053903487276,3.10919971252682
0.820534162464534,5.43761982808047,2.02261343624277,3.84556915644614,2.32016500290479,3.31930675183477,2.47153557414645,3.20509393757307
1.57888327824584,4.17862811380905,-894.689040591176,899.618797620465,2.49572566526113,3.93469804990315,-652.209508100704,657.241420925098
1.29796115079017,5.54511781119019,1.86002516567582,3.58751117346325,2.51164903847016,4.04021909956573,2.35270489772677,3.0969750016164
1.92888353423458,6.00779662728901,-932.4732429678,937.426633122305,2.41781711350265,3.34846733693411,2.47631132790706,3.18619766297873
-559.584360189005,564.722342814776,2.10388977489593,5.34199222711443,2.3788808618235,3.51270247823898,2.5219867958105,3.3780167182411
1.22173201632307,6.09386351981872,2.26214612467435,3.91239821015294,2.65149701195622,4.57899233153171,2.34726497611905,3.12801278544042
0.315140598875492,7.6450149889619,2.00284216188863,3.6926783113316,2.1759594748192,3.17358551780108,2.69929212994682,3.86119164739257
1.71537309594228,4.58433279033069,2.13476518090463,3.92619923354471,2.25101088361409,3.23440369788198,2.36010966817534,3.28410650769865
1.16885021872627,5.16107030467355,-423.18876812307,428.267602506144,2.33957630134939,3.55199506299303,2.47347148490449,3.37098550910191
1.81560858245232,4.9246798057417,2.16276105448944,4.14765425514813,2.33344765928706,3.5063084241967,2.13536205516176,3.35125244992073
1.86609814679798,3.93660926352646,-808.010879802104,813.201239403525,2.54709679040277,3.85944020605847,2.30871266327895,3.09779408838301
-955.375444785083,959.907700958964,2.1756187250094,3.43366304944633,1.58929574158236,3.30301273595564,2.59815871809781,3.53122425249309
1.23667611725663,7.35132033416757,1.79124138009984,3.13530982056384,2.52303956479365,3.6405341678833,2.33872266410375,3.16892231457031
1.98894705290327,3.5243941700131,2.05472993428393,3.45031157547609,2.60287594925114,4.25763026958417,2.32414185729884,3.12753507269502
2.02027952406312,3.25129671579098,2.27748100491945,4.63511151807792,2.61440653606509,5.20862955283824,2.39604342672799,3.4417135555888
0.844343487193274,5.75637779764781,1.9720829904335,4.25071562827759,2.36355259715375,4.26885862839839,2.5201666434736,3.20413088819928
1.99558701505238,4.37965455843838,2.13975921869791,4.07277234482337,2.34141661805261,3.24311245340012,1.99041267432993,3.09903745379642
-633.536639937259,638.368914278705,2.1721400473316,3.32805887269632,2.12492586602366,3.3850776505545,2.62504789753992,3.52222232372461
1.79005979024192,3.9900296875131,1.39944306760751,4.33826663800321,2.22017021839065,3.1214626706119,2.6109917570765,3.66762273094268
1.84360111484863,7.03450382954212,1.79590161967113,3.78471915778936,2.28068298281852,3.06668881043433,2.68904385863378,3.57546721992977
1.13734914432537,6.80621234125181,1.98797505991031,4.38025226561667,2.10714528208893,4.2957094490734,2.33547015596184,2.98156781933631
0.609191854935179,6.51340485739963,2.29807406219532,3.34070453914248,2.3830429250749,3.74094816459786,2.61639197502926,3.9037849968335
0.351751397596332,11.0816006731793,1.45168647263338,3.71462250747924,2.5227937878343,3.55409197628807,2.4085327164776,3.11593801783249
1.85235652692886,5.36022161112661,1.98837043416929,5.14086903797362,2.17521841081769,3.52335119395765,2.52837139220591,3.21082013772177
2.01031620589035,3.69015891698838,2.00123936449727,3.64664878745872,2.42125840129021,3.36072211237895,2.52379029545625,3.34157435279014
1.76211809761328,3.9153518897662,-3273.45748282807,3279.20265234528,2.32249187301592,3.717847619335,2.43472123864876,3.30284985727687
1.92133171092162,3.72437184577101,2.00795772334006,3.25815454725693,2.30210140894411,3.42833897301179,2.62150570682848,3.45748649832025
1.96197459189551,4.14913315441901,2.13637509183549,4.38676605182729,2.03173724149398,4.07987023977662,2.58683147472671,3.72506369443169
-1198.73139525213,1204.13042370847,-841.935316982044,847.059686525338,2.45335668799197,3.70063160369417,1.91350346270233,3.30145687887339
NA,NA,2.43645558112027,3.98695308553255,2.64231654664175,4.29949894983502,2.60883811125424,3.41318958869292
1.77068904189713,3.87969901548757,2.36159396295832,4.26191257537103,2.4861879516827,4.56548483730789,2.491803097363,3.25711351855239
2.08880877049735,4.13956027813824,1.83587595317958,3.16186556148884,2.57560474663559,4.22737462213522,2.41268096559159,3.18031735958183
1.47826623071652,5.51716866127188,1.81710466217052,3.55049969138292,2.59169467966628,3.89261827011467,2.47093292046186,3.19445078704215
-1228.87171851205,1234.65646577249,2.04455621637559,3.44709864272484,2.42324864907508,3.40565007930738,2.39024072158001,3.39868278911982
-839.026445962779,844.549433262265,-1847.56411895363,1853.3959028851,2.36617209497804,3.74062590733541,2.47642241424544,3.18147285686807
1.5960093587551,4.29294726974299,2.00633234861447,3.64429487622901,-403.111197137458,408.3778698629,2.63794168803077,3.67837801502582
1.60599283742147,3.69426786929704,2.18787735252943,3.21811852741253,2.3788856077992,3.88216694879623,-317.136924020493,322.149328582663
1.96358199247778,3.67410223984417,2.17443645987948,6.54610710594398,2.31114536651115,3.46933581140219,2.29254120160607,2.99157651740137
1.43960608721306,4.39989265799813,2.15099281820362,3.47691123007151,2.3428776028221,3.95929971646877,2.66096239325987,3.72029331654641
-626.939046514991,632.372908672626,2.49442317106609,4.53253653978467,2.25184590698668,3.55536659182234,2.59176958876983,3.40969636155985
1.62460185763267,4.39471242091274,1.84711526675055,3.14865690217097,2.14268055870267,3.13295917665536,2.48517937789557,3.19536164428529
1.7469985147582,4.42164284835794,-3453.45807706208,3458.81225034775,1.99437290428184,3.38915728431268,2.55421872685939,3.44028861567269
1.83575688432072,4.20550243985878,-567.709625629687,573.260203786894,-286.716462851651,291.856005666091,2.36279006588791,3.05134708851474
-1797.21301864693,1802.06786882687,1.8259572579984,3.78891077004516,2.33224365847713,3.64519645663323,2.37721529757885,3.14321045325164
-2252.12292561505,2257.02767752752,2.17305711279229,3.00300983443347,2.48535972179111,4.84115784102168,2.43423909759892,3.40941847783981
-3605.01549458926,3609.77392172408,2.02750190564776,5.30697523456463,2.22117419249322,2.9555412620126,2.39518577555118,2.95770775334309
NA,NA,-1478.54667355445,1483.92136122576,2.42138760921321,3.5348130791619,2.45694817525654,3.23155174148502
NA,NA,2.09962628463267,3.07857139862016,2.78049669072126,5.29688975904623,2.39964016992479,3.36541076393311
1.83120289576124,4.44311254245836,2.03659239618303,4.43165445272893,-276.682038459948,281.852171788436,2.62696364996623,3.62176908681016
-0.43171274560661,9.68818908915024,1.96995884573077,3.87481872329668,2.45531599373951,3.68969257888319,2.66525280744209,3.56363398205665
1.01043822148322,5.98886595043471,2.37099514290902,3.55358942269977,2.3670086264219,3.50495658382893,2.354493903587,3.1231821603109
1.52664298156209,4.08452055904008,2.3668601480472,3.48544169337323,2.41968449780854,3.35734506719943,2.70493933288864,4.09635494267461
-0.527507466020627,6.78504587688821,2.27593375155979,4.6146756024092,-796.8482141315,802.047462673706,2.52096162423094,3.55273569094984
1.20007520150643,5.16818294671729,2.17818609474649,3.32835290982481,2.75707057578952,4.07899922628855,2.45127106095033,3.28283531408222
1.27788971864659,4.13960634645343,1.95890825504647,4.47633855077516,2.23950005505027,3.10039236110447,2.2019369797303,2.9968212455412
1.23337007518905,5.37426954665877,2.15787335154425,3.19574328074293,2.50964970144492,3.80933943127069,2.50045583063193,3.27960215011836
2.01249098747868,3.68591543027299,2.29493006636661,3.3650189126692,2.49147978778713,4.17192873654589,2.49847462185362,3.29586673624056
1.31951615239325,3.63511176697388,2.01898089573551,4.8233665481575,2.46550680744812,3.61962762215602,2.48780198136841,3.25132384905436
2.00591286981248,4.15929819946071,2.08809086462604,3.42398345002642,1.97380067084348,3.40338975099624,2.47125528916424,3.25131053957838
1.68227426849894,3.22124509192272,2.10689641392831,5.37637660072792,2.22514626275277,3.17306723794524,2.61581544382451,3.51233644712915
-2705.18543529757,2710.53303945002,1.83929386425947,3.16300935454375,2.037342964433,3.46920575291427,2.62969497601738,3.54014266977195
-1.02323689802381,8.54240168481043,-443.963717280236,449.258625972282,2.27291425717009,3.42563473994238,2.45643736291654,3.21446234756467
1.96822029697301,3.27078142934493,1.26348394246196,4.02897390121153,1.7302294243406,2.93865815793321,2.88711098130252,4.21191172849731
-905.805217625842,910.829218853382,NA,NA,2.37350536280132,3.59525032309341,2.4775321020681,3.63357939163793
1.68785717886795,3.82403096734006,2.12742045018561,3.00572424197184,2.25610597979043,3.11936397282029,2.46724137236892,3.37656402585499
1.99140553649877,4.37093140488445,2.41355265244235,4.45901164275618,2.1638732301874,3.24903497991524,2.3298920166902,3.00310055790441
1.44549503250355,3.86449979057866,-2323.0578319723,2328.56010015133,2.3876684391653,3.41525782404492,2.64115398143413,3.52626782751806
1.12663020183971,3.96844572619333,1.5463473429785,4.88459918953953,2.01561092639496,3.17829797382776,2.38595209872149,3.15995162877645
0.649914645171323,5.04162353747399,-510.216000392027,515.178137616247,2.34869846509432,3.10128497775038,2.53032008484952,3.4111507534079
2.22853291141041,5.97096123820768,1.98965791958873,3.08588014323217,2.13328896756532,3.57668034200721,2.39791690231965,3.20612931130584
-1309.1568031989,1314.57286904933,-1514.88232294404,1520.21117538304,2.33842535206868,3.62053623430245,2.50869796259371,3.19000795656085
1.81808037906325,5.63030208461413,-1276.83819047738,1281.37118769296,2.5226009370543,3.96750269632092,2.40138290851848,3.01442682591209
1.62761521997179,3.41743052026812,-1084.59604665161,1089.47719664631,2.40756835244083,3.67844824626677,2.60986139209891,3.54346830415672
-1143.60076663705,1149.24513650709,2.05418543882004,3.32393535872613,1.84784270969803,3.77074787870258,2.73048035293633,3.66087304483472
1.17595424767069,6.34245332869717,1.82018690006535,3.36939930368037,2.15077567784913,3.25227621951793,2.40342860015529,3.20232045945495
-767.147819795281,771.824824619092,1.6064604792596,3.57432816602666,-543.751213565249,548.728490715236,2.29484430052731,3.0915505893502
1.12574355207013,7.87692066181244,-418.153092043805,423.332898825962,2.233441480364,3.26333989329198,2.41776678356682,3.09891531553083
1.85720956555006,4.50381104045988,2.18639561660453,3.83759619146427,2.3859554261903,3.28295151437761,2.64379251073627,3.669089294239
1.50465824158123,3.96173480992378,2.14667180934948,3.25262937278144,2.2108554819629,3.13922702674893,2.44269733707882,3.29131911358531
0.595804585522378,5.24721373217912,NA,NA,-1577.14912136076,1582.20589064981,2.30665016175239,3.36311427980299
-5386.04944275257,5391.46161895829,-1221.24190960752,1225.93899978081,2.18108333182719,3.07591895299642,2.43938414566907,3.23889840415291
0.695375223910074,8.98251571476127,-502.791856670907,507.548092782465,2.218160345261,3.12771429376882,2.30465492920829,3.30352079719001
0.981173149126441,7.84773048762158,-6202.57340053888,6208.36462256808,2.39823545475711,3.68254579687937,2.457594547309,3.47189255778288
1.18106090948707,5.79345689088919,1.98303500697691,3.81674580966476,2.45883537277656,3.8088507745474,2.3187344735243,3.28166808248224
-2715.82084820769,2720.3586655772,-3000.3246025531,3005.42258588794,2.32548577182765,3.57972653947651,2.70743689575142,3.61218628353665
2.03068683038447,3.38570221064679,2.13838295850029,4.02582591565442,2.45964846012345,3.74139107816675,2.56246283885677,3.36122287085102
1.62909032558767,5.78673427604111,1.42674642249306,3.62455635027311,2.35356602445783,3.48456387987545,2.52777523915294,3.27607825297765
1.92869609148145,4.19946887851784,2.41291444090124,3.60267595896206,2.40487940041131,3.46151969084577,2.55489176110262,3.22382950833361
2.08908086095984,3.11781416901831,2.19848869712049,4.16148440357607,1.96250907944002,3.18810492369651,2.56346770951536,3.39414844676871
-1125.01715955352,1130.31784010813,NA,NA,-1153.49012505044,1158.25636922771,2.54961479088374,3.41546700289585
-936.54623445316,941.712902401384,2.27633121764073,3.3045067258915,2.04422708448695,2.76787385875261,-164.897085341826,169.812797072842
1.75344049994886,5.44947831448844,-1.28314734024868,7.43376400648782,2.46232938091469,3.5201997991617,2.24088655496089,3.09167266549467
-1255.59665853854,1260.24077568373,2.06582883143943,4.61172951119445,2.50213207526973,4.24960518083897,1.57496125323745,3.64582617132
-2422.69359236313,2427.31309439535,2.12810787492364,3.02711840998684,2.12976057278048,3.053787223397,2.71298697864904,3.84938908937216
1.9594545650334,4.12036457401785,-694.185384475912,699.634825531974,2.404326443059,3.45880053983674,2.41021467373629,3.04984892589743
1.790599868043,5.38319943623035,1.85991773364865,3.5215057964647,-4924.58517641348,4929.95321966894,2.34495120226701,3.13736447861901
1.42012640525501,4.48014987628593,2.08804532379136,4.85738950378865,-1595.51929208818,1600.48360731309,2.68272207887395,3.77784688962915
2.19780632828273,3.81700682674511,2.18371139859437,3.69576250123401,2.69462570634693,4.20186956232944,2.84034748221566,3.89523613414017
1.30499832603324,4.9319871275414,1.42260290815584,3.60510106919338,2.26110631194014,3.88490530466579,2.53505197725622,3.41336040912398
1.68506762850302,7.80400617556758,1.3140616157099,4.00984665840974,2.26477656054834,3.49704350767924,2.40627711095397,3.03945761309021
-1.37669901640776,10.1042849227407,1.97434307487628,3.58146793695016,2.36220827661859,3.58341045514972,2.4315398970823,3.1727830244306
-4449.77489030091,4455.93207181059,2.14058560370448,4.24339334534945,2.28028149213214,3.63250528860129,2.34749371686038,3.14109375775681
-1100.07155166867,1105.055834549,2.23642039129018,4.62355463181925,2.45783070143752,3.48306476426171,2.51694759357929,3.21959328797871
-6666.30257571855,6671.18292247321,2.21020529234508,3.40272021150641,-333.976044630537,338.990618458417,2.68022085692374,3.73615014621442
1.38005311817092,6.58148950838844,2.08275003459542,4.13015244716478,-826.021177529157,831.231704967076,2.49925387720114,3.26165028391471
1.63700821086547,4.1207764420809,2.40808634876116,3.55345256385514,2.23365356913712,3.61110859468092,2.31439914915037,3.26570007024935
1.78489753791927,6.21889552135289,1.63927001473829,3.98607882364773,2.17309340345767,3.30723410464907,2.4884871362835,3.50599995627965
-2487.20359363756,2493.10049155664,1.9702413540983,3.49137197119179,2.5393152029758,3.93001630422837,2.4775819395215,3.1640902759947
-4165.97269091557,4170.59685756477,2.38207459614831,5.47922598274683,2.18181245330781,3.50972746460181,2.64886801621181,3.78079632910607
2.11483764107839,4.64750754013296,2.38316334254623,5.27093917927802,1.66906717318057,3.60937919999806,2.22698425578552,2.93190039046455
-995.048134793043,999.704440478839,-709.405213780073,714.496467092887,2.32257111899098,3.39993505575829,2.46251640964303,3.12267066389711
1.17146869546322,5.60184951463286,2.31230485506762,6.06513414553321,-1173.70116818712,1178.55034469393,2.59001923125669,3.5219432989579
1.64255938680997,3.63564630390124,2.4134081818145,4.42416019003815,-684.840658012268,690.003714940502,2.4913808305205,3.22801246065333
-1905.71535422212,1910.78586956499,2.09298389239516,3.96393636979648,2.3864065784657,3.76465688000195,2.30146943899516,2.9848546097246
2.07540883623274,3.22619653909895,2.20737500809406,3.39206459122382,2.37883715971561,3.43111513141036,2.48724296439006,3.55725748642789
-0.229801839423754,5.18180631218049,1.97002563264509,3.11733903253795,1.93864736286587,3.26349965960994,2.51634150635607,3.33275071374403
-2962.29873088012,2967.15119303701,2.06244607038229,3.54656100157741,1.8312407769595,3.18028741406212,2.46754167938802,3.34065072064301
2.22311932173772,3.78163956129805,1.73804683578438,4.53294532136762,2.33437101715371,3.35179194452491,2.35009496922325,3.22536935234805
1.65401550419662,2.71014500674541,2.08604043044346,3.97766478875905,2.30851446386603,3.41614265984344,2.40942261191874,3.17186583793952
-957.751113433148,963.622374440664,-885.461270253754,890.781338897257,1.59427491219249,3.82213281844837,2.56479843255204,3.43905897675947
-385.846411765154,390.163593172065,1.89843599809031,3.57022829468974,2.41194099426,3.62181276705954,2.47201871573233,3.25401342028971
-2665.45028195888,2670.69824776685,1.91544463347283,4.33668448743822,2.41558401890796,3.69353759348469,2.59411498966463,3.62106849427839
-1645.67113967897,1650.40715154258,2.12126715244368,3.59041740902139,2.11819734152393,2.98800263710445,-296.456400719313,301.501353684818
1.85213696328408,4.51295730116493,1.99346295819237,3.63634859569909,2.45426838757608,3.4324076696433,2.48134255886267,3.24031657045404
2.06645988229,4.53240548896772,1.8458119433014,4.90988692091137,2.51987724970357,3.42308030992792,2.45896080651029,3.24381522830902
1.96894896775793,3.42699965052888,2.22410214757882,5.39501583646311,2.6289105969102,4.39853177856084,2.67272331020705,3.4433333345336
1.9919966913256,4.97933938049602,1.91867653915304,4.32896905404208,NA,NA,2.54681191178094,3.40991240915942
1.61376551602564,4.15806741583641,2.30302367602713,4.21951820050389,2.79026743644154,4.81504189403266,2.57135135651625,3.56994787900846
-5484.16945017327,5490.48525421532,2.29898906169449,3.26597624626756,1.95028503466127,3.49864427812749,2.58365742576697,3.40845638820154
0.893451441027937,4.89531777452129,-532.681970059896,537.725464870306,2.22839402803812,3.16859229102838,2.60907536414079,3.40272729162523
-1527.25188725826,1532.49445364713,2.45919604772624,4.1710221390774,-1330.69403049968,1335.68558315327,2.17591472056408,2.92887163608859
-2506.83378438761,2512.02527409233,-2956.48575835728,2961.52248160798,2.15278290770927,3.03806402977408,2.68156359280924,3.55175184952037
-21452.5969497688,21460.7008426085,1.91436879212731,4.42137921281676,2.26434639105934,2.97344209906455,2.22523723889746,2.87633293939877
1.49232644812776,3.45477866142883,1.94450266592787,7.4574736222204,2.33005655751353,3.27403406813678,2.39051890562264,3.15020607745477
1.69957585633833,4.51590362538083,2.34811192252919,3.99127507900506,2.31559119598106,3.68505325382644,2.31347777100813,3.07093404493468
1.36990695938496,3.6297849917434,1.67959066396635,3.87331787637206,2.45197141247274,3.40953161493727,2.56306353094355,3.36865296644647
1.76857562140572,4.19111444192403,1.85465534687919,3.8749752399805,2.06741568934267,3.3367919914162,2.59646930174362,3.43649857663927
1.81888717299433,4.37342526034887,2.25115218637784,3.88853826827831,2.40784766454132,3.44075836079314,2.20410590893769,3.28254369810679
1.58315665530592,3.40199737110886,2.04161983258197,6.02083423577188,2.15405084446402,3.80753950137896,2.42688596244433,3.30491985660578
1.14326531518113,4.58302575893537,1.71883009637363,3.50757059475688,2.35958207708588,3.37941209986929,2.44577176466735,3.12204989858049
-802.29533628312,807.398754133359,2.09833233636539,4.26079150936897,2.48646462963662,4.09822339128762,2.73644511478771,3.9002357476772
1.98233404831531,4.46120447416245,1.70858777555731,3.30389846303645,2.19539728903777,3.26253036367388,2.22322086729276,3.12592591296061
1.72764418235674,4.55046808127378,2.27010368130598,4.19724444493925,2.49543609306673,3.98377395624865,2.27279208066374,2.96524668653876
1.33873643080947,4.76788448251302,1.56038696199709,5.13758932413264,-458.50536540744,463.443399363882,2.45533879999896,3.30831973966581
0.831039070029526,5.51058868312035,2.18863681038,4.04077001755263,2.26242135874394,3.36385823976393,2.29378134764337,2.93522852900966
2.00040555749544,3.70324074939215,-2455.72963655183,2461.04841776194,1.90397748093741,3.31784527147957,2.31131294527177,3.07998827281565
1.99507111224347,3.2518723860604,NA,NA,1.94022139536677,4.20099496615028,2.51014152171028,3.2532103009276
NA,NA,2.15361454110085,4.70897520512033,0.883469668247267,4.11052631064653,2.63621468692322,3.69141147696103
2.13161380420195,3.90241429283236,2.16502744423791,3.22140439248106,2.38112410965226,3.49316630337427,2.28488276509893,3.10298864746679
1.74632797702823,3.73437690299083,1.96247798096602,2.81416396161596,2.3281451912284,3.83350048205706,2.5332971910048,3.40112907901242
-1790.20571661288,1795.67854047738,1.69399222826361,5.63856468273708,2.45550714230544,3.56869427428004,2.49896849490916,3.34854868757489
1.18939737471958,7.18932148254596,2.10304899411839,3.59546932826858,-304.147570929368,309.052404458958,2.60813861015996,3.32339158546742
1.97153613203382,3.46276941889927,1.495769139858,3.36724496168752,2.44275135077035,3.85657237114307,2.38075682752734,3.33076285763399
1.96829400751145,4.86145583211417,2.10261791170077,3.61808147554983,2.16386037107197,3.786694886129,2.20543778193216,2.92229499530015
1.59686778736267,4.06129911637334,-933.47540190693,938.452297624649,2.65059801628123,4.47581327396657,2.76026812876288,3.8087962618828
-639.149040959111,644.465442523641,-2420.02520811462,2425.35156078891,2.59044775567589,3.67848384209637,2.40298614574247,3.16614757387665
1.58898875271348,4.23163458845359,2.0574618759448,3.10272226305463,2.2343324186913,3.36684339484612,2.67359198152054,3.74406249130105
-476.473105438726,481.177407311405,2.12426151853112,3.15662616585953,2.1490517156481,3.16894753843986,2.01307156487294,2.84785697146523
1.86224122759113,3.94076520682703,2.25382369791346,4.89450891867397,2.37592579261102,3.54266559685546,2.84556795634872,4.02325875542726
1.90446655767639,3.66664843565916,1.86798295906722,2.86263021859462,2.06413732040244,2.9497650224146,2.48905077696575,3.19465334812773
1.118264349731,5.12259682985515,2.18565622095122,5.23505018652707,2.58092124073224,3.84554229146724,2.35228705313339,2.97686976080566
1.15419830854926,8.14893747335439,2.05727324718153,3.41977529526574,2.76845537909401,4.25207257724998,2.39364503265474,3.08362327876472
2.076486064549,3.40805320753383,1.84758802603834,3.58965631904446,2.29160940541807,3.21590787183962,2.51679078412716,3.66585114950608
1.93150595490572,3.20431521611814,2.38037727280441,6.49415278503283,2.31660677801246,3.88007726294272,2.45998482486372,3.10783288660765
-3791.60299688506,3796.96894938951,-3426.81800950962,3431.77963291055,2.10323813077003,3.65400086700373,2.51510232628891,3.183843685082
1.64375291012529,3.91452151215626,0.386815503474207,4.94891569216504,2.42549174234029,3.47498668275346,2.39735266124427,3.1035906084459
1.69197997730319,6.68989593656221,2.27570597493089,4.06682972623235,2.41330792766885,3.79190104850472,2.20618508464234,2.78319744733884
-1501.94546679003,1507.08206602537,1.97950390391499,3.42964247465143,2.41292193251901,3.58927573725745,2.74671525307696,3.65034735456414
1.45225095584649,3.76168903781005,0.857143163770659,3.84988696408599,2.41825445037546,3.68582139689366,2.77582191427082,3.74023728003116
NA,NA,1.96101535090237,2.83012767494411,2.48373794139319,3.93774603811131,2.48289781777915,3.53599683377319
1.93686165135694,4.48102380695317,2.11754444575487,3.80315354842728,2.34003050865316,3.43447320556735,-183.847076572215,188.941077995267
1.99435324782432,3.33115454233376,1.82445368285797,6.92316049353385,2.50107576846687,3.73103183922947,2.60315258595771,3.34711356850962
1.77356352555057,3.13302679763133,1.94641850468901,5.02873567787937,2.55575900199277,4.37157027135813,2.54834765336982,3.34378004936047
2.03114828600427,3.95687678410173,2.11519677955848,8.82655681602239,2.37564441671365,3.24850130535811,2.32538061643417,2.90988442942208
2.02245414089967,4.10518756355539,1.97616579945308,3.26505649636531,-483.161659115764,488.240822171148,2.60887526230207,3.64852036016739
1.33699120286221,6.34759428659236,1.74331250824779,3.3023063172314,2.23836014330277,3.54783777677902,2.41371593453143,3.238433679405
-717.880522971443,722.994636869224,2.25761214721807,3.80933796469254,2.01437530577334,3.0803389594127,2.54408412148419,3.53399005562903
NA,NA,1.9579933735026,3.44746414940558,2.23305987726041,3.37155278855494,2.35049294086053,3.2366112979307
-5512.75465220749,5517.90326272921,1.90197171323846,4.78793413874786,-296.003368311523,300.902932346017,2.24870523272864,3.00904172810396
1.76350180281634,6.2234610329297,2.09008616377498,3.74382843011931,2.65602023183285,4.17020816641551,2.53346904579186,3.31902169767477
-1806.23622932613,1811.12229511704,2.07517986643075,3.60535698312267,2.4389883003827,3.87159361232745,2.33443342233564,3.13101977476645
0.473211560812534,4.49991401888867,2.19944135071866,3.41023284245687,2.35461820777681,3.17811736860438,2.57581555911655,3.31494348782687
NA,NA,1.57410624508743,4.05208909133787,2.4637895433618,3.46267923452147,2.67231428619976,3.69435824429513
1.31945244529358,5.17849331611488,1.89689852844904,3.54990069022866,2.40000050044695,3.69774921686411,2.29652300623205,3.18381788072355
1.39029833630902,5.0981031669323,1.82152554008196,4.64854495091652,2.02958177157705,3.27930474113795,2.39520844377981,3.41299142120823
1.75964514603542,5.54753966322454,2.42506246156561,5.16381510328322,2.64353070192793,4.01193388551133,2.56639800968596,3.44342186490153
0.915980841037346,4.96610447291252,1.77666793784459,3.21488522364599,2.37379020427764,3.49958472949164,2.39889719727148,3.41240372712478
-2683.29848651295,2688.33132924878,2.13986455603622,3.60296368349616,2.47763420641196,3.69844142973103,2.46244648620215,3.07834723083513
-643.618470155769,648.47682938497,NA,NA,2.17375388233429,3.43730713621901,2.33246934844734,3.07448848725617
NA,NA,1.93763261907965,3.66201175495344,2.25659253969453,3.45044098116506,2.52498450164667,3.45225106078132
1.93859654326401,4.27216524097034,2.19227491444666,4.14067755142065,2.39195825443744,3.73136253591615,2.33647991525156,2.95969435763145
1.84081220417301,4.13749760618468,1.8176217853619,5.47007132113768,2.22072153014944,3.32247114989468,2.55668023229465,3.41755527280998
1.55992751909881,3.04667033999201,1.88440883541501,3.368783356325,2.54188392169734,4.48613611601507,2.83976830591207,3.98803706956626
1.28512872333746,5.7255180732267,1.67888689912624,4.62277736144509,2.46962737208888,4.05218069036762,2.40579922733828,3.14588762678221
NA,NA,2.01913695845227,3.35519415479109,2.58462349672383,4.52193682424563,2.44241475160362,3.24905052505683
1.6529327687413,4.62617343568744,2.24480671163185,3.54940153485371,2.31518709590072,3.90744790325978,2.4242256669001,3.11441919605876
1.35235441442909,4.71405099425822,-2258.0362731541,2263.32933097718,2.38505211590647,3.57276388614358,2.53376929694636,3.30113566122872
0.752600530465647,4.70912428218394,2.31833061609799,3.54875252339398,2.11385349091758,3.02448280901031,2.31145341682821,3.0134515740053
0.810559948313093,6.03870155631908,2.42418512329685,4.23973058346194,-206.757411309271,211.600565652277,2.56004280006993,3.41156973532439
2.01503622267339,5.9174839351423,NA,NA,2.43109295171876,3.58306500437753,2.57382037787,3.39501750544761
-7.41295480967261,12.1160809007174,1.83806214141955,3.32316105016792,2.44588394593014,4.20860513890028,2.1458982947293,2.98088739892868
-2693.03215433301,2698.0010444844,1.91244279431974,3.30288971027738,2.68217628916632,3.97946013720768,2.67034445686243,3.62236176193022
1.96405770234408,4.48383503136322,2.46759459666022,4.521012819233,1.68345953322933,3.36999629283719,2.6691820976475,3.84053515060299
1.27922158996829,6.16598054016359,2.08987785284356,2.92233310430912,2.58311746270469,4.6243974032755,2.50378768744067,3.30696940835518
