"id","n","EIN","TYPE"
1,"500",2.5391304347826,"IV"
2,"500",4.12951534582154,"IV"
3,"500",2.97437993030812,"IV"
4,"500",2.5175543496583,"IV"
5,"500",2.51283021648345,"IV"
6,"500",2.92222474147646,"IV"
7,"500",2.60711245464967,"IV"
8,"500",2.4682542278334,"IV"
9,"500",3.73130182090498,"IV"
10,"500",3.453853742687,"IV"
11,"500",2.56756756757204,"IV"
12,"500",2.57855112923657,"IV"
13,"500",2.87629776232715,"IV"
14,"500",2.38307175607072,"IV"
15,"500",2.82582603939335,"IV"
16,"500",3.48410500492952,"IV"
17,"500",3.00505235139022,"IV"
18,"500",2.93736314823095,"IV"
19,"500",5.81293477388256,"IV"
20,"500",2.85235221082104,"IV"
21,"500",2.97796511277462,"IV"
22,"500",4.27034425722777,"IV"
23,"500",4.81982197572722,"IV"
24,"500",3.04549514873644,"IV"
25,"500",3.0479755379502,"IV"
26,"500",2.65984066099977,"IV"
27,"500",2.74967207056283,"IV"
28,"500",2.97616178420683,"IV"
29,"500",2.53775762956698,"IV"
30,"500",3.40517751535492,"IV"
31,"500",2.28281718630141,"IV"
32,"500",3.00440167545347,"IV"
33,"500",2.43341607197532,"IV"
34,"500",2.46351431484227,"IV"
35,"500",2.64350716513251,"IV"
36,"500",2.28625334352132,"IV"
37,"500",2.91779613078051,"IV"
38,"500",2.35623214988208,"IV"
39,"500",3.13122125409699,"IV"
40,"500",3.24343410442539,"IV"
41,"500",3.59706677127489,"IV"
42,"500",2.59872558529262,"IV"
43,"500",2.84520808438606,"IV"
44,"500",2.96274164017615,"IV"
45,"500",3.1058061435162,"IV"
46,"500",3.90286703775758,"IV"
47,"500",3.76394150817977,"IV"
48,"500",2.34883720930232,"IV"
49,"500",2.37640185888149,"IV"
50,"500",2.74257425742575,"IV"
51,"500",3.56921624045985,"IV"
52,"500",2.62360407566594,"IV"
53,"500",2.9192817674418,"IV"
54,"500",2.54945241236614,"IV"
55,"500",2.47985882441583,"IV"
56,"500",2.77995488269582,"IV"
57,"500",3.16456236607327,"IV"
58,"500",2.85987628339095,"IV"
59,"500",3.44548325222885,"IV"
60,"500",2.37112968630709,"IV"
61,"500",2.5779948902031,"IV"
62,"500",2.36296296296296,"IV"
63,"500",2.37520961029257,"IV"
64,"500",3.31080940304364,"IV"
65,"500",2.54505106481998,"IV"
66,"500",3.31059555662579,"IV"
67,"500",2.40179395110534,"IV"
68,"500",3.85630796968761,"IV"
69,"500",2.77140415595001,"IV"
70,"500",2.45081967213118,"IV"
71,"500",2.86710746645168,"IV"
72,"500",3.04870214128872,"IV"
73,"500",2.43243243243245,"IV"
74,"500",3.19089961835127,"IV"
75,"500",3.03652132249954,"IV"
76,"500",3.03244431543838,"IV"
77,"500",2.3512133239909,"IV"
78,"500",2.31199999999999,"IV"
79,"500",3.58177981383851,"IV"
80,"500",3.61572171236665,"IV"
81,"500",3.56155446235273,"IV"
82,"500",3.05009469403317,"IV"
83,"500",3.72191539865588,"IV"
84,"500",2.60337369088608,"IV"
85,"500",2.89828032336051,"IV"
86,"500",2.28889047562525,"IV"
87,"500",3.11184258837577,"IV"
88,"500",4.01261117693672,"IV"
89,"500",3.31944870992194,"IV"
90,"500",2.31240441939075,"IV"
91,"500",2.9937186261969,"IV"
92,"500",2.95932240529973,"IV"
93,"500",2.90980274777383,"IV"
94,"500",2.45332512779105,"IV"
95,"500",2.6053357744128,"IV"
96,"500",2.71759362348485,"IV"
97,"500",2.57017550523335,"IV"
98,"500",4.27206133014618,"IV"
99,"500",2.86688942346375,"IV"
100,"500",4.91816717437588,"IV"
101,"500",2.29208681970603,"IV"
102,"500",2.25092734525143,"IV"
103,"500",3.39376759820969,"IV"
104,"500",3.60985988503556,"IV"
105,"500",3.40698615488057,"IV"
106,"500",2.90476190476189,"IV"
107,"500",3.81104698495135,"IV"
108,"500",3.29373171822686,"IV"
109,"500",4.22279858342226,"IV"
110,"500",2.92613951807747,"IV"
111,"500",4.11236937786278,"IV"
112,"500",2.8234228714956,"IV"
113,"500",3.4266995901306,"IV"
114,"500",2.8192852603196,"IV"
115,"500",3.92409203755417,"IV"
116,"500",9.53506611409452,"IV"
117,"500",2.53280403033523,"IV"
118,"500",2.60526315789473,"IV"
119,"500",3.2399848378699,"IV"
120,"500",4.13221242747313,"IV"
121,"500",3.17440015115231,"IV"
122,"500",4.3018672247529,"IV"
123,"500",3.07907396364607,"IV"
124,"500",2.44801019806185,"IV"
125,"500",2.43003691690512,"IV"
126,"500",2.97329570275508,"IV"
127,"500",2.75678432428928,"IV"
128,"500",2.32106826906217,"IV"
129,"500",2.4634165367878,"IV"
130,"500",2.99341435818071,"IV"
131,"500",2.53655044173246,"IV"
132,"500",4.36143977384503,"IV"
133,"500",3.88438055936698,"IV"
134,"500",2.34768334660103,"IV"
135,"500",2.6115703323375,"IV"
136,"500",2.87922865424496,"IV"
137,"500",3.06564043783109,"IV"
138,"500",2.48377576217316,"IV"
139,"500",3.04315311269096,"IV"
140,"500",2.47058823529495,"IV"
141,"500",2.91178110738181,"IV"
142,"500",4.29977126958707,"IV"
143,"500",2.62166840323521,"IV"
144,"500",3.69636381179623,"IV"
145,"500",2.64990489339699,"IV"
146,"500",2.96099263612173,"IV"
147,"500",2.66372699497503,"IV"
148,"500",3.10811658424148,"IV"
149,"500",2.81613871437419,"IV"
150,"500",3.32439531971938,"IV"
151,"500",2.50780224008253,"IV"
152,"500",3.43940193382921,"IV"
153,"500",3.51264951609657,"IV"
154,"500",3.22472691344223,"IV"
155,"500",2.93618190104673,"IV"
156,"500",3.09062671744942,"IV"
157,"500",3.74865178496174,"IV"
158,"500",3.74731313152443,"IV"
159,"500",2.54134934537762,"IV"
160,"500",2.689544857001,"IV"
161,"500",3.83494313182752,"IV"
162,"500",2.63826014767833,"IV"
163,"500",2.38504530746568,"IV"
164,"500",2.84609609948557,"IV"
165,"500",2.98502554779317,"IV"
166,"500",2.73743036898778,"IV"
167,"500",2.49145041214795,"IV"
168,"500",2.91523146308334,"IV"
169,"500",2.74774778245713,"IV"
170,"500",3.21425389172099,"IV"
171,"500",3.25351649797322,"IV"
172,"500",3.1217652969366,"IV"
173,"500",3.32973325848326,"IV"
174,"500",3.5194340467717,"IV"
175,"500",3.39938684635172,"IV"
176,"500",2.69945577013118,"IV"
177,"500",3.23553841261833,"IV"
178,"500",2.69154982129421,"IV"
179,"500",2.67273315749069,"IV"
180,"500",3.8391463199529,"IV"
181,"500",3.5467587944961,"IV"
182,"500",2.36000000000002,"IV"
183,"500",3.18061539465128,"IV"
184,"500",2.52119455098372,"IV"
185,"500",2.90384639154523,"IV"
186,"500",2.44028960263133,"IV"
187,"500",3.1738033269905,"IV"
188,"500",2.69643301350722,"IV"
189,"500",3.72970303215568,"IV"
190,"500",3.86611093142776,"IV"
191,"500",2.77437908032012,"IV"
192,"500",3.6523142529248,"IV"
193,"500",2.7156382198495,"IV"
194,"500",2.39572690634489,"IV"
195,"500",2.89043922139856,"IV"
196,"500",2.74137943428996,"IV"
197,"500",2.82916851915247,"IV"
198,"500",2.43171686566634,"IV"
199,"500",2.55811175341015,"IV"
200,"500",2.48643206031921,"IV"
201,"500",3.77874555208446,"IV"
202,"500",3.35549484432087,"IV"
203,"500",3.35144918213763,"IV"
204,"500",2.67618703555519,"IV"
205,"500",2.77713080260806,"IV"
206,"500",3.19632972275623,"IV"
207,"500",3.09599649137948,"IV"
208,"500",2.77531453108334,"IV"
209,"500",3.52584297923808,"IV"
210,"500",3.45499215354924,"IV"
211,"500",2.7132873806668,"IV"
212,"500",2.52590540879002,"IV"
213,"500",3.6144597752089,"IV"
214,"500",2.81271486433284,"IV"
215,"500",4.12947770059321,"IV"
216,"500",2.88847061918081,"IV"
217,"500",3.00502599903393,"IV"
218,"500",2.43532889915641,"IV"
219,"500",2.8018021783284,"IV"
220,"500",2.7345132743363,"IV"
221,"500",2.93801136470775,"IV"
222,"500",2.92430138185607,"IV"
223,"500",2.60349012931479,"IV"
224,"500",2.29407567226755,"IV"
225,"500",2.9922054275766,"IV"
226,"500",2.34108527131779,"IV"
227,"500",6.65684700943446,"IV"
228,"500",2.85077215227048,"IV"
229,"500",2.36507936507937,"IV"
230,"500",3.3821782522112,"IV"
231,"500",4.64405717773449,"IV"
232,"500",3.38301275543637,"IV"
233,"500",2.81308411214955,"IV"
234,"500",2.54649092148138,"IV"
235,"500",2.9590412001985,"IV"
236,"500",2.3883397102464,"IV"
237,"500",3.02638591681644,"IV"
238,"500",5.80058661477764,"IV"
239,"500",2.30081300813008,"IV"
240,"500",2.37586533832827,"IV"
241,"500",2.71012346443998,"IV"
242,"500",2.66287076247752,"IV"
243,"500",3.70986839077941,"IV"
244,"500",2.68685524264924,"IV"
245,"500",3.67730084529578,"IV"
246,"500",2.60635299086409,"IV"
247,"500",2.67739144168741,"IV"
248,"500",2.40476190551569,"IV"
249,"500",2.66243902692549,"IV"
250,"500",3.3470373973951,"IV"
251,"500",2.98828730071664,"IV"
252,"500",2.74241242281823,"IV"
253,"500",2.8297107309959,"IV"
254,"500",2.45759278825629,"IV"
255,"500",2.52173954555373,"IV"
256,"500",2.63689933375413,"IV"
257,"500",2.64071928976138,"IV"
258,"500",3.49442697755522,"IV"
259,"500",4.69570828438868,"IV"
260,"500",2.49989055438038,"IV"
261,"500",3.19397346499208,"IV"
262,"500",2.57423173004438,"IV"
263,"500",2.77407781321355,"IV"
264,"500",2.69999999999999,"IV"
265,"500",2.95416616302794,"IV"
266,"500",2.78684040532037,"IV"
267,"500",3.12489625259972,"IV"
268,"500",2.47562397082541,"IV"
269,"500",3.62385731197139,"IV"
270,"500",2.30894308944069,"IV"
271,"500",3.51371422485785,"IV"
272,"500",2.86972518339458,"IV"
273,"500",5.32195911754187,"IV"
274,"500",4.51497441528871,"IV"
275,"500",2.96766562057484,"IV"
276,"500",2.78476047615892,"IV"
277,"500",2.69193178374959,"IV"
278,"500",2.66291165088314,"IV"
279,"500",3.04101734956092,"IV"
280,"500",2.72642615610771,"IV"
281,"500",3.18272141512109,"IV"
282,"500",2.80530973451324,"IV"
283,"500",2.65939073611928,"IV"
284,"500",2.9753908450628,"IV"
285,"500",2.80699647221232,"IV"
286,"500",2.78506112346028,"IV"
287,"500",2.60230464575541,"IV"
288,"500",3.35980991330853,"IV"
289,"500",2.99306785908859,"IV"
290,"500",6.28417788710807,"IV"
291,"500",3.44747421378005,"IV"
292,"500",3.69136039150851,"IV"
293,"500",2.62316005013044,"IV"
294,"500",2.52583005854382,"IV"
295,"500",3.5968751955568,"IV"
296,"500",3.12624619969575,"IV"
297,"500",2.5175770271126,"IV"
298,"500",3.28467505131692,"IV"
299,"500",2.82233299324886,"IV"
300,"500",3.74036055577174,"IV"
301,"500",2.47542046032509,"IV"
302,"500",7.27787835116828,"IV"
303,"500",3.74618537086564,"IV"
304,"500",3.09129457337122,"IV"
305,"500",2.1627906976752,"IV"
306,"500",2.61127487683218,"IV"
307,"500",2.97204033307677,"IV"
308,"500",3.03368636930534,"IV"
309,"500",2.84258746709578,"IV"
310,"500",2.23076923076962,"IV"
311,"500",3.52010932868222,"IV"
312,"500",3.80006377922542,"IV"
313,"500",2.92148213236831,"IV"
314,"500",2.56784196604671,"IV"
315,"500",2.50430403290162,"IV"
316,"500",6.02573562714161,"IV"
317,"500",3.04141799718808,"IV"
318,"500",3.45159240235558,"IV"
319,"500",3.00603158906553,"IV"
320,"500",2.4533704777853,"IV"
321,"500",2.93079183117332,"IV"
322,"500",3.59785494658737,"IV"
323,"500",2.9870839479134,"IV"
324,"500",4.61092748106795,"IV"
325,"500",3.11402079599302,"IV"
326,"500",3.37023053768555,"IV"
327,"500",3.06959139214733,"IV"
328,"500",2.41968635983981,"IV"
329,"500",3.85368955878953,"IV"
330,"500",2.56755279754525,"IV"
331,"500",5.58940444856323,"IV"
332,"500",3.71149040864375,"IV"
333,"500",2.25757580735194,"IV"
334,"500",3.24863653410506,"IV"
335,"500",2.67200356377728,"IV"
336,"500",2.69561668226506,"IV"
337,"500",2.87051309321789,"IV"
338,"500",2.89305039524597,"IV"
339,"500",2.35995806224889,"IV"
340,"500",4.08515193377432,"IV"
341,"500",3.53069871119272,"IV"
342,"500",2.86737455361813,"IV"
343,"500",2.82999999999998,"IV"
344,"500",2.96100574889053,"IV"
345,"500",4.42265942041687,"IV"
346,"500",3.24273825289852,"IV"
347,"500",3.11281189945961,"IV"
348,"500",2.92230931666635,"IV"
349,"500",3.02704534948909,"IV"
350,"500",2.4580376065902,"IV"
351,"500",2.93634869841343,"IV"
352,"500",2.40677966101767,"IV"
353,"500",3.01135831874497,"IV"
354,"500",2.9529657200436,"IV"
355,"500",3.21753902696223,"IV"
356,"500",3.50567206637554,"IV"
357,"500",3.44273584397508,"IV"
358,"500",2.30836198963033,"IV"
359,"500",3.87838709638805,"IV"
360,"500",2.85262772734277,"IV"
361,"500",3.00219936506811,"IV"
362,"500",3.08883440577536,"IV"
363,"500",4.26258546852718,"IV"
364,"500",3.37494819016338,"IV"
365,"500",2.49013985630214,"IV"
366,"500",2.32049599502891,"IV"
367,"500",2.76346457521546,"IV"
368,"500",2.96958162869859,"IV"
369,"500",2.45614035095537,"IV"
370,"500",2.82834820117143,"IV"
371,"500",2.32898069047032,"IV"
372,"500",2.76938060786014,"IV"
373,"500",3.65195509389664,"IV"
374,"500",4.37726211136528,"IV"
375,"500",3.43461263275417,"IV"
376,"500",2.64330282818311,"IV"
377,"500",2.43756735792716,"IV"
378,"500",2.19178046591177,"IV"
379,"500",2.54999999999999,"IV"
380,"500",3.32901720796347,"IV"
381,"500",3.19177804638485,"IV"
382,"500",3.91505476805576,"IV"
383,"500",2.40157480325172,"IV"
384,"500",2.71930129585681,"IV"
385,"500",3.24076042287506,"IV"
386,"500",2.56510314207182,"IV"
387,"500",2.67205695363827,"IV"
388,"500",2.2720646513239,"IV"
389,"500",2.75583660474057,"IV"
390,"500",3.35242602806131,"IV"
391,"500",3.15991142652546,"IV"
392,"500",2.52100840375937,"IV"
393,"500",3.63451611741262,"IV"
394,"500",2.49021944778479,"IV"
395,"500",2.61227978815715,"IV"
396,"500",2.549180327869,"IV"
397,"500",2.66411529230985,"IV"
398,"500",2.95406106409211,"IV"
399,"500",2.66145597268338,"IV"
400,"500",2.84761914196699,"IV"
401,"500",3.10370344660524,"IV"
402,"500",3.60780282103118,"IV"
403,"500",2.80750099833637,"IV"
404,"500",3.61364108392769,"IV"
405,"500",3.91596606965718,"IV"
406,"500",3.70511691533895,"IV"
407,"500",2.75961728110494,"IV"
408,"500",2.1953379804357,"IV"
409,"500",2.55821143429868,"IV"
410,"500",3.32411921163496,"IV"
411,"500",5.30816133514684,"IV"
412,"500",3.83948829147857,"IV"
413,"500",4.07157041757915,"IV"
414,"500",2.60389455154036,"IV"
415,"500",8.59501865268235,"IV"
416,"500",2.50746185623433,"IV"
417,"500",4.07033374596652,"IV"
418,"500",3.09080705818265,"IV"
419,"500",3.64618315380457,"IV"
420,"500",2.83185011134883,"IV"
421,"500",2.92346981352972,"IV"
422,"500",2.61705994452964,"IV"
423,"500",2.27649153236387,"IV"
424,"500",2.78278562959054,"IV"
425,"500",5.18650833181562,"IV"
426,"500",2.58771929824567,"IV"
427,"500",2.38159100825718,"IV"
428,"500",2.62705306760193,"IV"
429,"500",2.38512717828752,"IV"
430,"500",2.65397133593307,"IV"
431,"500",3.35069283965159,"IV"
432,"500",2.53372891015831,"IV"
433,"500",3.19188021342079,"IV"
434,"500",3.02945500896991,"IV"
435,"500",2.81646151261998,"IV"
436,"500",3.2885406237452,"IV"
437,"500",2.82286783824638,"IV"
438,"500",2.64370300700028,"IV"
439,"500",2.67497161129784,"IV"
440,"500",2.58196721311476,"IV"
441,"500",3.52076840781982,"IV"
442,"500",4.41838149805097,"IV"
443,"500",2.3456660557862,"IV"
444,"500",2.48883243431268,"IV"
445,"500",3.05155419753405,"IV"
446,"500",4.00921457641171,"IV"
447,"500",2.94465446951184,"IV"
448,"500",2.8209739203239,"IV"
449,"500",2.34464374409027,"IV"
450,"500",3.48834684623304,"IV"
451,"500",2.90574637936248,"IV"
452,"500",3.2131621665608,"IV"
453,"500",4.00482048565932,"IV"
454,"500",2.98036927452262,"IV"
455,"500",3.00538721067851,"IV"
456,"500",2.74774774774773,"IV"
457,"500",3.51126839906423,"IV"
458,"500",3.36489896102978,"IV"
459,"500",2.41803278688526,"IV"
460,"500",2.48899810287903,"IV"
461,"500",2.82369894281297,"IV"
462,"500",2.443039118025,"IV"
463,"500",2.63192031783652,"IV"
464,"500",2.74260246667012,"IV"
465,"500",2.51482066618825,"IV"
466,"500",2.64827961336325,"IV"
467,"500",2.29162963342191,"IV"
468,"500",2.53230632353838,"IV"
469,"500",2.84240170485369,"IV"
470,"500",2.60753127384621,"IV"
471,"500",2.54578006923119,"IV"
472,"500",2.42840951551724,"IV"
473,"500",4.55005389281323,"IV"
474,"500",2.32608775525405,"IV"
475,"500",3.15385016078187,"IV"
476,"500",2.48834036884242,"IV"
477,"500",3.21079660475861,"IV"
478,"500",2.33921811235034,"IV"
479,"500",2.44040279306498,"IV"
480,"500",3.06212380222555,"IV"
481,"500",3.69857809960837,"IV"
482,"500",3.17514097632589,"IV"
483,"500",2.82407407407405,"IV"
484,"500",2.69539413125387,"IV"
485,"500",3.37602274862827,"IV"
486,"500",2.89026166537137,"IV"
487,"500",3.19908237808087,"IV"
488,"500",2.8942216043275,"IV"
489,"500",2.60494760472525,"IV"
490,"500",2.796481771537,"IV"
491,"500",3.00186982876148,"IV"
492,"500",2.36666194631196,"IV"
493,"500",2.74553777707462,"IV"
494,"500",2.47386735365739,"IV"
495,"500",3.07284018464564,"IV"
496,"500",2.86338799456397,"IV"
497,"500",3.52215590906065,"IV"
498,"500",2.80093130727716,"IV"
499,"500",2.91972175893662,"IV"
500,"500",3.34868697108197,"IV"
501,"500",3.51954102625945,"IV"
502,"500",2.79999999999997,"IV"
503,"500",2.98124629966213,"IV"
504,"500",2.68509627473341,"IV"
505,"500",3.35496261434495,"IV"
506,"500",6.55048967831643,"IV"
507,"500",3.23444021583581,"IV"
508,"500",2.7237135811388,"IV"
509,"500",3.72701706381708,"IV"
510,"500",2.61864412919693,"IV"
511,"500",3.66299593032228,"IV"
512,"500",2.54798402897082,"IV"
513,"500",3.32072991961331,"IV"
514,"500",6.00641291802722,"IV"
515,"500",2.48800000000001,"IV"
516,"500",3.51887338335054,"IV"
517,"500",2.23371819022428,"IV"
518,"500",2.60180325835689,"IV"
519,"500",2.72897895659749,"IV"
520,"500",3.34589245100796,"IV"
521,"500",2.88658368812345,"IV"
522,"500",2.44610432583503,"IV"
523,"500",2.4390311345094,"IV"
524,"500",3.13981195458866,"IV"
525,"500",2.94357592848744,"IV"
526,"500",2.80921994270772,"IV"
527,"500",2.81069443082428,"IV"
528,"500",2.91267730239554,"IV"
529,"500",2.4747261474464,"IV"
530,"500",2.59603491830987,"IV"
531,"500",3.39432751559295,"IV"
532,"500",3.97542885592083,"IV"
533,"500",2.78549841165372,"IV"
534,"500",2.41677159027635,"IV"
535,"500",4.41001054097419,"IV"
536,"500",2.86688058912962,"IV"
537,"500",2.84661391193759,"IV"
538,"500",2.79611650555116,"IV"
539,"500",2.66559479589483,"IV"
540,"500",3.55592354600515,"IV"
541,"500",3.64812191324763,"IV"
542,"500",3.05853159747758,"IV"
543,"500",3.53356352369005,"IV"
544,"500",2.55752212391163,"IV"
545,"500",3.33478888039864,"IV"
546,"500",2.45101496202983,"IV"
547,"500",3.53431003107362,"IV"
548,"500",3.3810646970984,"IV"
549,"500",2.87173627378467,"IV"
550,"500",3.04383571971423,"IV"
551,"500",4.43125529561464,"IV"
552,"500",2.62217707521744,"IV"
553,"500",3.17077663520586,"IV"
554,"500",2.68221529035767,"IV"
555,"500",2.91162173691719,"IV"
556,"500",2.4572901579344,"IV"
557,"500",2.53389830508473,"IV"
558,"500",2.86382577593733,"IV"
559,"500",2.60544898228247,"IV"
560,"500",2.16212662973588,"IV"
561,"500",2.51885995796148,"IV"
562,"500",2.42669352607164,"IV"
563,"500",2.50799851147719,"IV"
564,"500",2.68007838404005,"IV"
565,"500",2.4133638765234,"IV"
566,"500",2.58063359709528,"IV"
567,"500",3.53325926054708,"IV"
568,"500",3.47788093175283,"IV"
569,"500",3.86418741505662,"IV"
570,"500",2.81728604629838,"IV"
571,"500",4.012818122887,"IV"
572,"500",4.46977569455787,"IV"
573,"500",2.76055550152977,"IV"
574,"500",2.3140512771531,"IV"
575,"500",2.48499976673756,"IV"
576,"500",4.40276931527078,"IV"
577,"500",2.62202988822599,"IV"
578,"500",3.07060313223338,"IV"
579,"500",2.70466797256156,"IV"
580,"500",4.17560060985738,"IV"
581,"500",2.70136130624053,"IV"
582,"500",2.42975206611566,"IV"
583,"500",4.20360223520545,"IV"
584,"500",3.98939554435309,"IV"
585,"500",3.04971321701293,"IV"
586,"500",3.40739393093308,"IV"
587,"500",2.65424576725484,"IV"
588,"500",5.0171306438488,"IV"
589,"500",2.7824498898387,"IV"
590,"500",3.27141193008385,"IV"
591,"500",2.32796211105839,"IV"
592,"500",2.67852947783143,"IV"
593,"500",2.72637344350664,"IV"
594,"500",3.97435558965905,"IV"
595,"500",3.85187267015603,"IV"
596,"500",3.10342876268967,"IV"
597,"500",3.6487145371799,"IV"
598,"500",2.22556390977443,"IV"
599,"500",2.70040731258203,"IV"
600,"500",2.86805662177183,"IV"
601,"500",3.29996749290817,"IV"
602,"500",2.88165686796575,"IV"
603,"500",3.44746709496691,"IV"
604,"500",3.2557072173189,"IV"
605,"500",3.51524133777162,"IV"
606,"500",3.68749088391187,"IV"
607,"500",2.46775816125969,"IV"
608,"500",2.93994142325699,"IV"
609,"500",2.34600680162339,"IV"
610,"500",3.25096208436499,"IV"
611,"500",2.7853697694095,"IV"
612,"500",3.43947661612934,"IV"
613,"500",3.44332908052122,"IV"
614,"500",2.87221036307048,"IV"
615,"500",3.17738859012719,"IV"
616,"500",2.33163498542965,"IV"
617,"500",2.71062246101957,"IV"
618,"500",2.98799572120503,"IV"
619,"500",2.76551024983367,"IV"
620,"500",5.00797981705623,"IV"
621,"500",2.75837354130119,"IV"
622,"500",2.39005782476476,"IV"
623,"500",3.36610005009023,"IV"
624,"500",2.99012782780969,"IV"
625,"500",2.81317849320101,"IV"
626,"500",2.97066374189244,"IV"
627,"500",2.38215780248053,"IV"
628,"500",3.40458247194742,"IV"
629,"500",2.7864077669903,"IV"
630,"500",5.41688627622936,"IV"
631,"500",2.85273235405376,"IV"
632,"500",2.26539229352683,"IV"
633,"500",2.67983375170769,"IV"
634,"500",3.81923420344865,"IV"
635,"500",2.60661513100678,"IV"
636,"500",2.38286376538349,"IV"
637,"500",2.68613082237101,"IV"
638,"500",3.28173172124006,"IV"
639,"500",3.66963977876217,"IV"
640,"500",3.39598446846869,"IV"
641,"500",2.55876190627625,"IV"
642,"500",4.01121558488403,"IV"
643,"500",3.57804429165289,"IV"
644,"500",2.71312006129477,"IV"
645,"500",3.26799543487875,"IV"
646,"500",2.4283792559228,"IV"
647,"500",3.20428638104303,"IV"
648,"500",2.60936068074707,"IV"
649,"500",2.93738283987809,"IV"
650,"500",2.63716817508884,"IV"
651,"500",4.11929266215846,"IV"
652,"500",2.84256997104413,"IV"
653,"500",2.77208246226376,"IV"
654,"500",2.91467463440454,"IV"
655,"500",2.64276984944194,"IV"
656,"500",2.37865030850484,"IV"
657,"500",2.65894241709033,"IV"
658,"500",3.45256089494509,"IV"
659,"500",3.26551011129159,"IV"
660,"500",3.6388131298835,"IV"
661,"500",2.70972673153218,"IV"
662,"500",2.97281288486489,"IV"
663,"500",3.85974541245404,"IV"
664,"500",2.6413428799462,"IV"
665,"500",2.53643810535821,"IV"
666,"500",2.44444446109434,"IV"
667,"500",3.19772627163397,"IV"
668,"500",3.73524361893758,"IV"
669,"500",3.09784411744046,"IV"
670,"500",3.1062766747481,"IV"
671,"500",2.57629992301538,"IV"
672,"500",2.8683198068803,"IV"
673,"500",3.15890050721717,"IV"
674,"500",2.48760330578513,"IV"
675,"500",3.43325264440059,"IV"
676,"500",8.348726456982,"IV"
677,"500",2.50458723027486,"IV"
678,"500",3.47776463356071,"IV"
679,"500",3.06212802097043,"IV"
680,"500",2.38670756632046,"IV"
681,"500",2.94253408241219,"IV"
682,"500",3.46451380034579,"IV"
683,"500",2.89557635919815,"IV"
684,"500",5.21362940709948,"IV"
685,"500",3.27043533634066,"IV"
686,"500",2.71962616822432,"IV"
687,"500",4.69600364229527,"IV"
688,"500",2.44316330243824,"IV"
689,"500",2.64485981308408,"IV"
690,"500",3.54031634114293,"IV"
691,"500",2.69848246373347,"IV"
692,"500",2.45443532579124,"IV"
693,"500",2.8934326642723,"IV"
694,"500",2.81179928611627,"IV"
695,"500",2.60428510184373,"IV"
696,"500",2.93396226415092,"IV"
697,"500",4.74370849905913,"IV"
698,"500",2.69057565835906,"IV"
699,"500",2.95526228417114,"IV"
700,"500",2.88020152271145,"IV"
701,"500",2.97910224306013,"IV"
702,"500",2.73947514826434,"IV"
703,"500",3.40858919259668,"IV"
704,"500",2.86222185310045,"IV"
705,"500",2.93693693693693,"IV"
706,"500",3.49231766539599,"IV"
707,"500",3.27878517833251,"IV"
708,"500",2.5130894705868,"IV"
709,"500",3.54507094968312,"IV"
710,"500",2.61321634814691,"IV"
711,"500",2.6117735370445,"IV"
712,"500",2.47974294447622,"IV"
713,"500",4.07080606241748,"IV"
714,"500",4.63326113103117,"IV"
715,"500",3.21265779759603,"IV"
716,"500",2.86571880298716,"IV"
717,"500",2.68033034771035,"IV"
718,"500",2.60861245619166,"IV"
719,"500",2.44412991872105,"IV"
720,"500",2.8183161663171,"IV"
721,"500",3.38225230855823,"IV"
722,"500",3.2419369768745,"IV"
723,"500",3.70913119978873,"IV"
724,"500",2.41739130434783,"IV"
725,"500",2.5714574485366,"IV"
726,"500",3.36451105962546,"IV"
727,"500",4.02310410289934,"IV"
728,"500",2.57018028604205,"IV"
729,"500",2.39524820407337,"IV"
730,"500",2.74757281553396,"IV"
731,"500",3.06658610289643,"IV"
732,"500",2.41255841314182,"IV"
733,"500",3.12896740286186,"IV"
734,"500",2.20970131707119,"IV"
735,"500",2.9539906204545,"IV"
736,"500",2.59504132256743,"IV"
737,"500",3.65498045765382,"IV"
738,"500",2.74265815548787,"IV"
739,"500",2.88239508254373,"IV"
740,"500",2.79012995394363,"IV"
741,"500",2.46313275694907,"IV"
742,"500",3.10577091364801,"IV"
743,"500",2.8668789551666,"IV"
744,"500",5.03964497943768,"IV"
745,"500",2.65362549729166,"IV"
746,"500",2.80753852678074,"IV"
747,"500",3.20194034738947,"IV"
748,"500",2.94721696451959,"IV"
749,"500",2.52631578947366,"IV"
750,"500",2.78982711611252,"IV"
751,"500",2.62021651045903,"IV"
752,"500",2.80820379130693,"IV"
753,"500",3.4236005379958,"IV"
754,"500",3.97951861128743,"IV"
755,"500",2.47986351127148,"IV"
756,"500",4.18780833698774,"IV"
757,"500",2.87384503097012,"IV"
758,"500",2.48504049007437,"IV"
759,"500",3.55993802514364,"IV"
760,"500",2.84832067052491,"IV"
761,"500",4.14416825293046,"IV"
762,"500",3.91901317276689,"IV"
763,"500",2.68315460314113,"IV"
764,"500",2.55365291183478,"IV"
765,"500",2.52938687583248,"IV"
766,"500",2.44696969697033,"IV"
767,"500",2.75421567477387,"IV"
768,"500",2.49705222086568,"IV"
769,"500",3.08473958610826,"IV"
770,"500",2.6329414400975,"IV"
771,"500",2.80271638494856,"IV"
772,"500",2.47719478543408,"IV"
773,"500",2.32648359636125,"IV"
774,"500",2.28487560711164,"IV"
775,"500",2.52521685475381,"IV"
776,"500",3.0718520363571,"IV"
777,"500",2.84085331930353,"IV"
778,"500",2.49274099579654,"IV"
779,"500",3.62007851217398,"IV"
780,"500",3.15332838210478,"IV"
781,"500",3.27173945441565,"IV"
782,"500",2.72850429266682,"IV"
783,"500",2.36512821524917,"IV"
784,"500",2.41760643442675,"IV"
785,"500",3.03907413035998,"IV"
786,"500",2.67889981613553,"IV"
787,"500",3.45594362658937,"IV"
788,"500",2.80518770548361,"IV"
789,"500",2.63906856398864,"IV"
790,"500",2.91290830510577,"IV"
791,"500",3.14157131256055,"IV"
792,"500",2.46404011858416,"IV"
793,"500",13.5889292441049,"IV"
794,"500",2.6332455042938,"IV"
795,"500",2.69013336521761,"IV"
796,"500",2.77384129573827,"IV"
797,"500",3.1290769952725,"IV"
798,"500",2.87875569602745,"IV"
799,"500",3.42153948099018,"IV"
800,"500",3.9683400807618,"IV"
801,"500",2.56899131288512,"IV"
802,"500",3.65779776807089,"IV"
803,"500",3.98007779391869,"IV"
804,"500",3.14985294313648,"IV"
805,"500",3.16496026169991,"IV"
806,"500",3.37014419409701,"IV"
807,"500",2.90135370516222,"IV"
808,"500",2.26612808694097,"IV"
809,"500",4.2939982257121,"IV"
810,"500",2.75667061145818,"IV"
811,"500",2.63578811992705,"IV"
812,"500",3.30036064242054,"IV"
813,"500",3.18762078674538,"IV"
814,"500",2.41613717072295,"IV"
815,"500",2.89004473887751,"IV"
816,"500",4.43905247219538,"IV"
817,"500",3.97178074278859,"IV"
818,"500",3.5612983561674,"IV"
819,"500",5.71667603538781,"IV"
820,"500",3.60628906902774,"IV"
821,"500",2.85023756143936,"IV"
822,"500",2.83873499368974,"IV"
823,"500",2.82285177834631,"IV"
824,"500",3.05555387315726,"IV"
825,"500",2.69951422817071,"IV"
826,"500",2.53781512605041,"IV"
827,"500",2.82519402869235,"IV"
828,"500",3.1141845243178,"IV"
829,"500",3.4977174459942,"IV"
830,"500",2.89237363022039,"IV"
831,"500",2.76149364974294,"IV"
832,"500",2.94447831424905,"IV"
833,"500",2.65013035335925,"IV"
834,"500",2.81884211616098,"IV"
835,"500",2.91974937260559,"IV"
836,"500",2.71693107881723,"IV"
837,"500",3.00965713927271,"IV"
838,"500",3.08432068155807,"IV"
839,"500",3.02062966208975,"IV"
840,"500",2.42742508997029,"IV"
841,"500",2.45237595623713,"IV"
842,"500",2.37921356741079,"IV"
843,"500",2.79999999999999,"IV"
844,"500",2.73333333333336,"IV"
845,"500",3.1371577191098,"IV"
846,"500",4.62823817177182,"IV"
847,"500",3.49965208595897,"IV"
848,"500",2.80558177030109,"IV"
849,"500",3.12876920543379,"IV"
850,"500",3.18412907411186,"IV"
851,"500",2.70874803255001,"IV"
852,"500",3.30381981092391,"IV"
853,"500",2.84920320887583,"IV"
854,"500",2.47731395968357,"IV"
855,"500",3.08260553463659,"IV"
856,"500",2.45175968021083,"IV"
857,"500",2.67380207622932,"IV"
858,"500",3.75958239339331,"IV"
859,"500",2.61950086315897,"IV"
860,"500",2.51200061376977,"IV"
861,"500",2.755944073104,"IV"
862,"500",3.18116847069161,"IV"
863,"500",2.65499741154111,"IV"
864,"500",2.54753796401652,"IV"
865,"500",2.84576909132265,"IV"
866,"500",4.09974707480904,"IV"
867,"500",2.70803292521115,"IV"
868,"500",3.72419123183869,"IV"
869,"500",2.52252287011995,"IV"
870,"500",2.8221849350168,"IV"
871,"500",3.75920378818393,"IV"
872,"500",2.33850241190558,"IV"
873,"500",4.50133210694128,"IV"
874,"500",3.18051030300497,"IV"
875,"500",2.73319652575251,"IV"
876,"500",2.92150915885075,"IV"
877,"500",2.70608810286057,"IV"
878,"500",4.83894546933567,"IV"
879,"500",4.41445181837401,"IV"
880,"500",3.48725890018813,"IV"
881,"500",2.26890868475399,"IV"
882,"500",2.70819452051563,"IV"
883,"500",3.70791230081439,"IV"
884,"500",3.06408248499965,"IV"
885,"500",2.60344751498908,"IV"
886,"500",2.6503402773069,"IV"
887,"500",2.5833339741124,"IV"
888,"500",3.60145940721865,"IV"
889,"500",2.32205857259744,"IV"
890,"500",2.30975101610842,"IV"
891,"500",3.03990956952563,"IV"
892,"500",3.58689965213667,"IV"
893,"500",2.95013814077047,"IV"
894,"500",3.00740657751392,"IV"
895,"500",3.11849272678732,"IV"
896,"500",4.7445369020353,"IV"
897,"500",4.36379295316648,"IV"
898,"500",3.07859075483788,"IV"
899,"500",2.49214144016301,"IV"
900,"500",2.44017337733286,"IV"
901,"500",3.98077131327968,"IV"
902,"500",2.87889232647319,"IV"
903,"500",4.00189652963608,"IV"
904,"500",2.9484489595429,"IV"
905,"500",2.31208332460518,"IV"
906,"500",3.38117259060568,"IV"
907,"500",2.32815284289826,"IV"
908,"500",3.38665910504804,"IV"
909,"500",2.6391028453556,"IV"
910,"500",2.53525767143562,"IV"
911,"500",2.65080268766584,"IV"
912,"500",2.47600223637837,"IV"
913,"500",2.42623107844671,"IV"
914,"500",3.00237944151788,"IV"
915,"500",2.18208025547102,"IV"
916,"500",2.93563050375799,"IV"
917,"500",2.15859070345547,"IV"
918,"500",2.62398290398562,"IV"
919,"500",2.36800593180571,"IV"
920,"500",3.18254713222451,"IV"
921,"500",3.29943268562886,"IV"
922,"500",2.6979743091434,"IV"
923,"500",3.48566803591081,"IV"
924,"500",2.88591646593102,"IV"
925,"500",3.15790202102105,"IV"
926,"500",2.89438460777462,"IV"
927,"500",2.62128319443438,"IV"
928,"500",2.59574485236233,"IV"
929,"500",4.05194641987196,"IV"
930,"500",2.4735525547783,"IV"
931,"500",3.10773974085958,"IV"
932,"500",2.49984597556418,"IV"
933,"500",2.97984503166487,"IV"
934,"500",3.0961562166716,"IV"
935,"500",2.49257701320739,"IV"
936,"500",2.86314553705825,"IV"
937,"500",2.55170892511978,"IV"
938,"500",3.22176926123888,"IV"
939,"500",3.13905613181526,"IV"
940,"500",3.05331045666125,"IV"
941,"500",3.17081387657494,"IV"
942,"500",2.8518231534438,"IV"
943,"500",2.62347174915194,"IV"
944,"500",2.49999999999999,"IV"
945,"500",3.01701404851715,"IV"
946,"500",2.74035244000953,"IV"
947,"500",2.73641193224656,"IV"
948,"500",4.18935942863277,"IV"
949,"500",2.71715277546654,"IV"
950,"500",3.41487491981281,"IV"
951,"500",2.829083451868,"IV"
952,"500",2.65820078226512,"IV"
953,"500",2.91031167058354,"IV"
954,"500",2.35215093633951,"IV"
955,"500",2.90150321720908,"IV"
956,"500",2.78555749666778,"IV"
957,"500",3.12043058979307,"IV"
958,"500",4.65156789095182,"IV"
959,"500",2.74226963604141,"IV"
960,"500",2.56791058551193,"IV"
961,"500",2.68297625222391,"IV"
962,"500",2.77913721114078,"IV"
963,"500",4.1909379569327,"IV"
964,"500",2.56829961767038,"IV"
965,"500",2.60696999682827,"IV"
966,"500",2.78095238288421,"IV"
967,"500",3.20894272915505,"IV"
968,"500",2.66275389507904,"IV"
969,"500",2.45329516159095,"IV"
970,"500",2.994012535053,"IV"
971,"500",3.06382085222753,"IV"
972,"500",3.84229274472728,"IV"
973,"500",2.55705694889072,"IV"
974,"500",2.50000000000001,"IV"
975,"500",2.57430526085865,"IV"
976,"500",3.99348141787302,"IV"
977,"500",2.44303289545402,"IV"
978,"500",2.4865627898506,"IV"
979,"500",2.41322314049585,"IV"
980,"500",3.24897288070423,"IV"
981,"500",3.24420075162066,"IV"
982,"500",3.65359240462998,"IV"
983,"500",2.94104265697493,"IV"
984,"500",2.51642136791481,"IV"
985,"500",2.42917961460052,"IV"
986,"500",2.43650800914504,"IV"
987,"500",3.10538089211717,"IV"
988,"500",2.98915490517885,"IV"
989,"500",2.30329892954541,"IV"
990,"500",3.50532339828208,"IV"
991,"500",2.4033613450597,"IV"
992,"500",3.13955310221437,"IV"
993,"500",3.03320270434366,"IV"
994,"500",2.73086240632479,"IV"
995,"500",3.42463075231609,"IV"
996,"500",3.96626007890785,"IV"
997,"500",2.35156304552238,"IV"
998,"500",2.48444507569249,"IV"
999,"500",3.22394636685365,"IV"
1000,"500",3.72260106506594,"IV"
1,"1000",3.01310883722236,"IV"
2,"1000",2.68515477472386,"IV"
3,"1000",2.63090274205821,"IV"
4,"1000",2.52123025754065,"IV"
5,"1000",3.40061003835883,"IV"
6,"1000",3.4111753208379,"IV"
7,"1000",2.75611425143452,"IV"
8,"1000",2.53477284256514,"IV"
9,"1000",2.60660065343757,"IV"
10,"1000",4.29075334117486,"IV"
11,"1000",2.92334755660949,"IV"
12,"1000",2.73977872677395,"IV"
13,"1000",2.74719210623075,"IV"
14,"1000",2.40046178345482,"IV"
15,"1000",2.32272806178493,"IV"
16,"1000",2.72999647726941,"IV"
17,"1000",2.63213943839159,"IV"
18,"1000",3.05219914207861,"IV"
19,"1000",2.43765425864525,"IV"
20,"1000",2.83855575763561,"IV"
21,"1000",2.44715971484171,"IV"
22,"1000",4.3203424915616,"IV"
23,"1000",3.09460469854161,"IV"
24,"1000",2.6651985667211,"IV"
25,"1000",2.71344949891719,"IV"
26,"1000",3.50638531681027,"IV"
27,"1000",2.77648055463534,"IV"
28,"1000",3.08830239390515,"IV"
29,"1000",3.03094304025827,"IV"
30,"1000",3.6859456170726,"IV"
31,"1000",2.4731449902111,"IV"
32,"1000",3.57546477597106,"IV"
33,"1000",3.44386403882732,"IV"
34,"1000",3.03815314956332,"IV"
35,"1000",3.8215632788229,"IV"
36,"1000",2.55336836683124,"IV"
37,"1000",2.78811872632123,"IV"
38,"1000",2.69171509129348,"IV"
39,"1000",3.93816943940156,"IV"
40,"1000",3.31895730999869,"IV"
41,"1000",2.95302375034176,"IV"
42,"1000",3.64051628932198,"IV"
43,"1000",2.69367743431988,"IV"
44,"1000",2.85109580875462,"IV"
45,"1000",2.50641652660483,"IV"
46,"1000",2.95035326963399,"IV"
47,"1000",2.83998815325457,"IV"
48,"1000",2.57063039348434,"IV"
49,"1000",3.34310627775658,"IV"
50,"1000",3.31748575543221,"IV"
51,"1000",2.82498168804368,"IV"
52,"1000",2.41099236348352,"IV"
53,"1000",2.57728292723234,"IV"
54,"1000",2.64861334944921,"IV"
55,"1000",3.60584095674344,"IV"
56,"1000",2.86548534152945,"IV"
57,"1000",3.39767567700689,"IV"
58,"1000",2.39114001987418,"IV"
59,"1000",2.52868860554514,"IV"
60,"1000",3.44559354031865,"IV"
61,"1000",3.6819150602386,"IV"
62,"1000",4.15038281346486,"IV"
63,"1000",2.6108022018791,"IV"
64,"1000",2.78534817897964,"IV"
65,"1000",2.76237527363532,"IV"
66,"1000",3.02556841529798,"IV"
67,"1000",2.64919356608864,"IV"
68,"1000",2.5583166682579,"IV"
69,"1000",3.19741414773957,"IV"
70,"1000",2.8243958876791,"IV"
71,"1000",3.27888819338477,"IV"
72,"1000",3.2411932973152,"IV"
73,"1000",3.41490774363297,"IV"
74,"1000",3.2978818659633,"IV"
75,"1000",2.83971819178986,"IV"
76,"1000",2.30563945587079,"IV"
77,"1000",2.82040030248086,"IV"
78,"1000",3.47198282434507,"IV"
79,"1000",2.74260725925573,"IV"
80,"1000",3.47103605013812,"IV"
81,"1000",3.13343899647763,"IV"
82,"1000",2.84726402072276,"IV"
83,"1000",2.47974012572117,"IV"
84,"1000",3.19727354468794,"IV"
85,"1000",3.21289569499666,"IV"
86,"1000",2.80087050949905,"IV"
87,"1000",2.84671811626823,"IV"
88,"1000",2.43422048598767,"IV"
89,"1000",2.48997885073343,"IV"
90,"1000",3.36278268392004,"IV"
91,"1000",2.85527583505725,"IV"
92,"1000",2.99318608573518,"IV"
93,"1000",3.10045007166959,"IV"
94,"1000",2.54355750443909,"IV"
95,"1000",3.8719317414834,"IV"
96,"1000",2.86449567688664,"IV"
97,"1000",3.05933240773379,"IV"
98,"1000",2.894835988029,"IV"
99,"1000",2.43776824034336,"IV"
100,"1000",2.84271519535073,"IV"
101,"1000",2.8198287947854,"IV"
102,"1000",2.67760094735557,"IV"
103,"1000",3.47276484322078,"IV"
104,"1000",2.50788645463899,"IV"
105,"1000",2.76374627861242,"IV"
106,"1000",2.87370341260444,"IV"
107,"1000",2.94129568595798,"IV"
108,"1000",2.58101603998302,"IV"
109,"1000",3.43516797425381,"IV"
110,"1000",2.71495174730039,"IV"
111,"1000",3.12791191266393,"IV"
112,"1000",3.17445335806248,"IV"
113,"1000",3.0703252525481,"IV"
114,"1000",2.7396305734048,"IV"
115,"1000",2.56595744680845,"IV"
116,"1000",2.27075858021755,"IV"
117,"1000",3.10013052502005,"IV"
118,"1000",2.67181205979077,"IV"
119,"1000",3.18752949035764,"IV"
120,"1000",2.46728072602401,"IV"
121,"1000",3.00792686560225,"IV"
122,"1000",3.09943684337564,"IV"
123,"1000",3.57768839977343,"IV"
124,"1000",2.70076972063328,"IV"
125,"1000",3.1356835544656,"IV"
126,"1000",2.94403308893672,"IV"
127,"1000",2.9895601195592,"IV"
128,"1000",2.41136888649798,"IV"
129,"1000",2.43884763974611,"IV"
130,"1000",2.94871087987134,"IV"
131,"1000",2.80884910820009,"IV"
132,"1000",2.36666310541126,"IV"
133,"1000",3.17562276769837,"IV"
134,"1000",2.75975733742164,"IV"
135,"1000",2.8213655033347,"IV"
136,"1000",2.70346027195171,"IV"
137,"1000",3.39125794575241,"IV"
138,"1000",3.6425151529394,"IV"
139,"1000",3.48351435736159,"IV"
140,"1000",2.8684994126655,"IV"
141,"1000",3.10873778436098,"IV"
142,"1000",2.58189655189404,"IV"
143,"1000",2.40004699313653,"IV"
144,"1000",2.63228586695976,"IV"
145,"1000",3.88077840957281,"IV"
146,"1000",2.95133805147101,"IV"
147,"1000",2.68104202834221,"IV"
148,"1000",3.00786964331039,"IV"
149,"1000",2.92050593169027,"IV"
150,"1000",3.41817296220176,"IV"
151,"1000",2.56524191814261,"IV"
152,"1000",2.79720039372991,"IV"
153,"1000",3.84170899283718,"IV"
154,"1000",2.6794803292429,"IV"
155,"1000",2.63930168846569,"IV"
156,"1000",3.04194028862105,"IV"
157,"1000",2.56082020099957,"IV"
158,"1000",2.60141166374341,"IV"
159,"1000",2.50554016443469,"IV"
160,"1000",2.64755426206893,"IV"
161,"1000",3.20505501016835,"IV"
162,"1000",3.15823485237849,"IV"
163,"1000",2.47151915886292,"IV"
164,"1000",2.57446808527196,"IV"
165,"1000",2.58591473034458,"IV"
166,"1000",2.83213085430937,"IV"
167,"1000",3.33388915623686,"IV"
168,"1000",3.01557772083477,"IV"
169,"1000",2.78082191780908,"IV"
170,"1000",2.54168388453097,"IV"
171,"1000",3.00717112823475,"IV"
172,"1000",3.89258187207875,"IV"
173,"1000",3.29652058179151,"IV"
174,"1000",3.1030935206553,"IV"
175,"1000",2.49542243303687,"IV"
176,"1000",2.89088441853882,"IV"
177,"1000",2.9700129468591,"IV"
178,"1000",2.45608920519846,"IV"
179,"1000",2.94168121232433,"IV"
180,"1000",3.12045261508162,"IV"
181,"1000",2.60732227072674,"IV"
182,"1000",3.72532712493985,"IV"
183,"1000",3.24634518327935,"IV"
184,"1000",3.15032398510474,"IV"
185,"1000",3.4519543949835,"IV"
186,"1000",3.53486743876601,"IV"
187,"1000",3.16352105059104,"IV"
188,"1000",2.92079018192887,"IV"
189,"1000",3.3056695456254,"IV"
190,"1000",3.924324415813,"IV"
191,"1000",2.71908477853071,"IV"
192,"1000",2.65918879339869,"IV"
193,"1000",3.03663011614239,"IV"
194,"1000",2.67783836423096,"IV"
195,"1000",2.58337937826211,"IV"
196,"1000",2.89351276453911,"IV"
197,"1000",2.85180359563963,"IV"
198,"1000",3.92851120627568,"IV"
199,"1000",2.65754236311073,"IV"
200,"1000",2.9904567449348,"IV"
201,"1000",2.71967337981366,"IV"
202,"1000",2.86175119486542,"IV"
203,"1000",2.90107475329865,"IV"
204,"1000",3.89876902684977,"IV"
205,"1000",3.94542748574207,"IV"
206,"1000",3.17201998490349,"IV"
207,"1000",3.00591096066754,"IV"
208,"1000",3.64907024363341,"IV"
209,"1000",2.69640211101227,"IV"
210,"1000",2.76348842256661,"IV"
211,"1000",3.14005252085358,"IV"
212,"1000",3.37921814499063,"IV"
213,"1000",2.28389395566393,"IV"
214,"1000",2.41099647325298,"IV"
215,"1000",2.91127852358368,"IV"
216,"1000",3.2020510874673,"IV"
217,"1000",2.60944206008585,"IV"
218,"1000",3.04308024877982,"IV"
219,"1000",2.41470294146754,"IV"
220,"1000",2.80338033472883,"IV"
221,"1000",3.75271058706423,"IV"
222,"1000",3.48721688183153,"IV"
223,"1000",2.70835921657947,"IV"
224,"1000",2.70871655201921,"IV"
225,"1000",3.00983534495481,"IV"
226,"1000",5.65038379540432,"IV"
227,"1000",3.23582136821535,"IV"
228,"1000",2.38496840954674,"IV"
229,"1000",2.44836655074219,"IV"
230,"1000",3.36683371837854,"IV"
231,"1000",3.48795607578952,"IV"
232,"1000",2.66090696144838,"IV"
233,"1000",2.52805357433044,"IV"
234,"1000",3.2272011419153,"IV"
235,"1000",3.02036496695087,"IV"
236,"1000",3.12243906551815,"IV"
237,"1000",2.69173289221002,"IV"
238,"1000",2.69940244244503,"IV"
239,"1000",2.84412358487857,"IV"
240,"1000",4.14839131288249,"IV"
241,"1000",3.67413130072516,"IV"
242,"1000",2.91228971199385,"IV"
243,"1000",2.49579709561303,"IV"
244,"1000",4.81140948151514,"IV"
245,"1000",2.41118490297968,"IV"
246,"1000",2.58039919591367,"IV"
247,"1000",2.89439823471232,"IV"
248,"1000",3.28843064146862,"IV"
249,"1000",3.28044807434679,"IV"
250,"1000",3.03446330266933,"IV"
251,"1000",2.74255070495968,"IV"
252,"1000",2.46620275562357,"IV"
253,"1000",3.16003953220561,"IV"
254,"1000",2.64610142537592,"IV"
255,"1000",2.48936170212765,"IV"
256,"1000",2.98970577182339,"IV"
257,"1000",2.44190228175908,"IV"
258,"1000",3.45096299942214,"IV"
259,"1000",2.78525544335699,"IV"
260,"1000",3.6818359371004,"IV"
261,"1000",3.17803328554985,"IV"
262,"1000",3.3070143349596,"IV"
263,"1000",2.75204373991089,"IV"
264,"1000",2.47215040317332,"IV"
265,"1000",3.66603948848914,"IV"
266,"1000",2.651801285981,"IV"
267,"1000",3.51527723815611,"IV"
268,"1000",3.58613970988226,"IV"
269,"1000",2.70015372168661,"IV"
270,"1000",3.38821407379127,"IV"
271,"1000",2.80993941671117,"IV"
272,"1000",3.53261692416565,"IV"
273,"1000",2.61561796959087,"IV"
274,"1000",2.74442002816826,"IV"
275,"1000",3.06197049935835,"IV"
276,"1000",3.2720626452882,"IV"
277,"1000",3.36633910563254,"IV"
278,"1000",3.5886238470978,"IV"
279,"1000",2.8212566635576,"IV"
280,"1000",2.76170788265133,"IV"
281,"1000",2.31791122535011,"IV"
282,"1000",2.69491145655166,"IV"
283,"1000",2.49206614414562,"IV"
284,"1000",2.9305899948079,"IV"
285,"1000",2.75583824615304,"IV"
286,"1000",2.78199146187776,"IV"
287,"1000",2.40000011087135,"IV"
288,"1000",2.70454545507399,"IV"
289,"1000",2.49382719304012,"IV"
290,"1000",3.48635258618928,"IV"
291,"1000",2.76895058885541,"IV"
292,"1000",2.39791015949421,"IV"
293,"1000",3.18992801246682,"IV"
294,"1000",3.0928690601114,"IV"
295,"1000",2.92094445401001,"IV"
296,"1000",3.53323850750124,"IV"
297,"1000",2.89505208963317,"IV"
298,"1000",2.89248804439376,"IV"
299,"1000",2.98953529254506,"IV"
300,"1000",2.54339441533326,"IV"
301,"1000",3.62132190029711,"IV"
302,"1000",2.71719913703643,"IV"
303,"1000",4.1077938213186,"IV"
304,"1000",2.51655243595833,"IV"
305,"1000",2.54216189547946,"IV"
306,"1000",4.07969541024591,"IV"
307,"1000",2.57737019223338,"IV"
308,"1000",2.73058265940192,"IV"
309,"1000",2.81217889229737,"IV"
310,"1000",2.65250469268455,"IV"
311,"1000",2.69728766888952,"IV"
312,"1000",2.75137114446465,"IV"
313,"1000",2.93800774356257,"IV"
314,"1000",3.07370455518276,"IV"
315,"1000",2.43811717481017,"IV"
316,"1000",2.79019395533433,"IV"
317,"1000",3.38054894632745,"IV"
318,"1000",2.8504564482219,"IV"
319,"1000",3.00241004349231,"IV"
320,"1000",3.21568768667206,"IV"
321,"1000",2.58368580576864,"IV"
322,"1000",3.27844994622649,"IV"
323,"1000",3.58793012076304,"IV"
324,"1000",3.51000461869748,"IV"
325,"1000",3.05113457979208,"IV"
326,"1000",2.78485738273263,"IV"
327,"1000",3.31982744117913,"IV"
328,"1000",3.00507813222981,"IV"
329,"1000",2.49933598044555,"IV"
330,"1000",3.32597430553737,"IV"
331,"1000",3.01509184574329,"IV"
332,"1000",2.60630774189512,"IV"
333,"1000",2.89009056864442,"IV"
334,"1000",2.9752502604692,"IV"
335,"1000",3.18277174460572,"IV"
336,"1000",2.94732774934802,"IV"
337,"1000",3.27527803681832,"IV"
338,"1000",2.91807639224695,"IV"
339,"1000",3.00365020988303,"IV"
340,"1000",2.93916760879877,"IV"
341,"1000",2.69711442504179,"IV"
342,"1000",3.07263502641981,"IV"
343,"1000",4.26154913175282,"IV"
344,"1000",3.00539300544488,"IV"
345,"1000",4.15090046395112,"IV"
346,"1000",2.7116423439628,"IV"
347,"1000",2.77791047299651,"IV"
348,"1000",2.55506918655908,"IV"
349,"1000",2.38346440442555,"IV"
350,"1000",2.57476058204139,"IV"
351,"1000",2.26163367425201,"IV"
352,"1000",2.46774193548387,"IV"
353,"1000",2.68880652729118,"IV"
354,"1000",4.08276381207631,"IV"
355,"1000",2.53776235779038,"IV"
356,"1000",3.43338367929029,"IV"
357,"1000",2.56490010335412,"IV"
358,"1000",3.98420872588095,"IV"
359,"1000",2.65688341782163,"IV"
360,"1000",3.43964583937796,"IV"
361,"1000",3.01726072193648,"IV"
362,"1000",3.03713447738861,"IV"
363,"1000",3.07661869413207,"IV"
364,"1000",2.52563329428504,"IV"
365,"1000",2.64323018547277,"IV"
366,"1000",2.30677290836653,"IV"
367,"1000",3.12117279109274,"IV"
368,"1000",2.62387126589685,"IV"
369,"1000",2.47875208724453,"IV"
370,"1000",2.91437368762967,"IV"
371,"1000",2.92785962685328,"IV"
372,"1000",2.48739497601568,"IV"
373,"1000",2.56326113159481,"IV"
374,"1000",3.66920952848133,"IV"
375,"1000",2.65039588261949,"IV"
376,"1000",3.21761745198832,"IV"
377,"1000",3.34918202705278,"IV"
378,"1000",3.09602028706768,"IV"
379,"1000",2.88184062025477,"IV"
380,"1000",2.68965595656758,"IV"
381,"1000",4.13993053681345,"IV"
382,"1000",2.50767520021297,"IV"
383,"1000",2.37349596910073,"IV"
384,"1000",2.35446275922353,"IV"
385,"1000",2.84865795691889,"IV"
386,"1000",3.67154723643099,"IV"
387,"1000",2.95152251438896,"IV"
388,"1000",3.30423207077431,"IV"
389,"1000",2.54655072497311,"IV"
390,"1000",2.65656676468004,"IV"
391,"1000",2.58119658119656,"IV"
392,"1000",2.974911811295,"IV"
393,"1000",2.50122631951626,"IV"
394,"1000",2.69790760144195,"IV"
395,"1000",2.81028888065406,"IV"
396,"1000",2.73855728668383,"IV"
397,"1000",3.55772943998691,"IV"
398,"1000",2.98488956390837,"IV"
399,"1000",2.54896922095176,"IV"
400,"1000",2.71201251458191,"IV"
401,"1000",3.22467644862991,"IV"
402,"1000",3.05175024383095,"IV"
403,"1000",3.87119664851755,"IV"
404,"1000",2.87030566408071,"IV"
405,"1000",3.54866739447345,"IV"
406,"1000",2.6327542459202,"IV"
407,"1000",2.94463579196931,"IV"
408,"1000",3.06912656128131,"IV"
409,"1000",3.56449071086113,"IV"
410,"1000",2.51540730260322,"IV"
411,"1000",3.9886494511426,"IV"
412,"1000",2.61458865469303,"IV"
413,"1000",2.95050611370008,"IV"
414,"1000",2.58728383022271,"IV"
415,"1000",2.79148270956013,"IV"
416,"1000",2.59844085240153,"IV"
417,"1000",2.54045556544866,"IV"
418,"1000",2.7561532295783,"IV"
419,"1000",3.19671552095573,"IV"
420,"1000",2.72184950861902,"IV"
421,"1000",3.17171562215754,"IV"
422,"1000",2.63208780653539,"IV"
423,"1000",2.94845186226979,"IV"
424,"1000",3.10207276727751,"IV"
425,"1000",2.75455089840005,"IV"
426,"1000",2.49010101644047,"IV"
427,"1000",2.8076864025597,"IV"
428,"1000",4.41452349629815,"IV"
429,"1000",2.78571651226704,"IV"
430,"1000",2.48728813559321,"IV"
431,"1000",2.48101220732028,"IV"
432,"1000",2.34222426740912,"IV"
433,"1000",2.75229373198187,"IV"
434,"1000",2.76274819004586,"IV"
435,"1000",3.52959079836958,"IV"
436,"1000",2.94289483423209,"IV"
437,"1000",3.01227662433855,"IV"
438,"1000",2.89866714767276,"IV"
439,"1000",2.54824561626345,"IV"
440,"1000",2.71498727972801,"IV"
441,"1000",2.63631767004236,"IV"
442,"1000",2.83547278715342,"IV"
443,"1000",4.01159910308019,"IV"
444,"1000",3.29901430808056,"IV"
445,"1000",2.85246996236864,"IV"
446,"1000",3.02084826993465,"IV"
447,"1000",2.62927941606886,"IV"
448,"1000",2.50205778465984,"IV"
449,"1000",3.02054937968576,"IV"
450,"1000",2.82663033937716,"IV"
451,"1000",3.39867030952403,"IV"
452,"1000",2.68297802745924,"IV"
453,"1000",2.77111094424016,"IV"
454,"1000",2.83148159559378,"IV"
455,"1000",2.74632358254805,"IV"
456,"1000",2.70289190320768,"IV"
457,"1000",2.98888153837415,"IV"
458,"1000",3.49079762580943,"IV"
459,"1000",2.43358273616807,"IV"
460,"1000",2.53761755709331,"IV"
461,"1000",3.30273906119589,"IV"
462,"1000",3.11154025723064,"IV"
463,"1000",2.98206701438802,"IV"
464,"1000",3.03318873606368,"IV"
465,"1000",3.2444487963142,"IV"
466,"1000",3.03804594815587,"IV"
467,"1000",2.68487547246653,"IV"
468,"1000",2.66251222119077,"IV"
469,"1000",3.44197339207573,"IV"
470,"1000",3.44178328035496,"IV"
471,"1000",3.11051164038656,"IV"
472,"1000",3.4662761748177,"IV"
473,"1000",3.69394871706718,"IV"
474,"1000",2.46443514644387,"IV"
475,"1000",2.48381441438493,"IV"
476,"1000",3.06161210040366,"IV"
477,"1000",2.7610700811004,"IV"
478,"1000",2.84339560883772,"IV"
479,"1000",3.05720317995029,"IV"
480,"1000",3.46886923535373,"IV"
481,"1000",3.33454841331032,"IV"
482,"1000",3.06220461418136,"IV"
483,"1000",2.99051764550152,"IV"
484,"1000",2.81091311599248,"IV"
485,"1000",3.00112315695209,"IV"
486,"1000",2.98741499118978,"IV"
487,"1000",3.66127497657262,"IV"
488,"1000",3.27502473796287,"IV"
489,"1000",2.97295147959219,"IV"
490,"1000",2.75273867977457,"IV"
491,"1000",5.13479887982171,"IV"
492,"1000",3.0516657583443,"IV"
493,"1000",3.04172458321262,"IV"
494,"1000",3.24672829566704,"IV"
495,"1000",3.28854584178895,"IV"
496,"1000",2.51687699817879,"IV"
497,"1000",2.96750349724273,"IV"
498,"1000",2.5180722891566,"IV"
499,"1000",3.21744874890042,"IV"
500,"1000",2.88310652505731,"IV"
501,"1000",2.45372429749475,"IV"
502,"1000",2.38916749194169,"IV"
503,"1000",2.64088514362344,"IV"
504,"1000",3.15770570779664,"IV"
505,"1000",5.19687144103961,"IV"
506,"1000",3.18409869923876,"IV"
507,"1000",2.93598109358041,"IV"
508,"1000",2.48206534119522,"IV"
509,"1000",2.74790680686668,"IV"
510,"1000",2.53255594152302,"IV"
511,"1000",3.48057572376037,"IV"
512,"1000",2.77356714071304,"IV"
513,"1000",2.64778639191827,"IV"
514,"1000",3.30336864233814,"IV"
515,"1000",2.62256061381775,"IV"
516,"1000",2.44305585576723,"IV"
517,"1000",2.64132994671003,"IV"
518,"1000",2.59231450396605,"IV"
519,"1000",3.121564877374,"IV"
520,"1000",2.98838961082795,"IV"
521,"1000",2.67538651572011,"IV"
522,"1000",2.61143846254717,"IV"
523,"1000",3.05389355486877,"IV"
524,"1000",3.20533275428072,"IV"
525,"1000",2.83165350075081,"IV"
526,"1000",2.55236484552844,"IV"
527,"1000",2.8230228050703,"IV"
528,"1000",2.45196635458153,"IV"
529,"1000",4.1940159568684,"IV"
530,"1000",3.40474831101271,"IV"
531,"1000",2.56671127759028,"IV"
532,"1000",3.64707446444454,"IV"
533,"1000",2.9996377212475,"IV"
534,"1000",2.97074430748829,"IV"
535,"1000",2.97110450639581,"IV"
536,"1000",4.68177247956786,"IV"
537,"1000",2.43806964999144,"IV"
538,"1000",2.93529206579245,"IV"
539,"1000",2.69051556467236,"IV"
540,"1000",3.81929253298625,"IV"
541,"1000",3.13636666729598,"IV"
542,"1000",2.96653673183686,"IV"
543,"1000",2.90870387543854,"IV"
544,"1000",3.01347316853705,"IV"
545,"1000",3.05525427263905,"IV"
546,"1000",2.48083521734376,"IV"
547,"1000",3.18369455215725,"IV"
548,"1000",3.48494826975262,"IV"
549,"1000",2.68945747534088,"IV"
550,"1000",2.77028592061448,"IV"
551,"1000",2.60004799245834,"IV"
552,"1000",3.27994526488019,"IV"
553,"1000",2.64648677123189,"IV"
554,"1000",2.51072961373393,"IV"
555,"1000",2.77654507730725,"IV"
556,"1000",2.52351029618951,"IV"
557,"1000",2.48810274240515,"IV"
558,"1000",2.91633572037506,"IV"
559,"1000",3.20417754871749,"IV"
560,"1000",2.50671648222299,"IV"
561,"1000",2.44542409872805,"IV"
562,"1000",3.52582735653218,"IV"
563,"1000",2.68604694103131,"IV"
564,"1000",2.59590638183925,"IV"
565,"1000",2.64749613746698,"IV"
566,"1000",2.89641964404263,"IV"
567,"1000",3.06994041286923,"IV"
568,"1000",2.99827065474257,"IV"
569,"1000",2.50207468879666,"IV"
570,"1000",2.41347526567972,"IV"
571,"1000",3.19284129672975,"IV"
572,"1000",4.23612344948506,"IV"
573,"1000",2.77990015940504,"IV"
574,"1000",2.98086751583809,"IV"
575,"1000",3.06097825762787,"IV"
576,"1000",3.02895862080634,"IV"
577,"1000",2.86953492459399,"IV"
578,"1000",3.07870442023078,"IV"
579,"1000",2.99935077391354,"IV"
580,"1000",2.58887841640144,"IV"
581,"1000",2.43413646902263,"IV"
582,"1000",3.056721129665,"IV"
583,"1000",2.59122247159319,"IV"
584,"1000",3.36491984623462,"IV"
585,"1000",3.34610288711137,"IV"
586,"1000",3.30245438706058,"IV"
587,"1000",4.67525834038583,"IV"
588,"1000",3.00361901976438,"IV"
589,"1000",3.31541500226806,"IV"
590,"1000",2.70927943775918,"IV"
591,"1000",2.60425531918334,"IV"
592,"1000",2.60878918101926,"IV"
593,"1000",3.13296070326532,"IV"
594,"1000",2.64630227989656,"IV"
595,"1000",3.05532012301092,"IV"
596,"1000",2.64601769911502,"IV"
597,"1000",4.0667693527185,"IV"
598,"1000",3.30580037332515,"IV"
599,"1000",2.47111212490859,"IV"
600,"1000",3.11014027569703,"IV"
601,"1000",2.83879830129565,"IV"
602,"1000",2.77800129603336,"IV"
603,"1000",2.71414142513119,"IV"
604,"1000",2.67590152595955,"IV"
605,"1000",2.80726480331035,"IV"
606,"1000",2.90418487038209,"IV"
607,"1000",2.81102928927841,"IV"
608,"1000",3.37222740160188,"IV"
609,"1000",3.01864984792043,"IV"
610,"1000",2.53813088222193,"IV"
611,"1000",2.70646340061111,"IV"
612,"1000",2.91793003511092,"IV"
613,"1000",3.33784375738685,"IV"
614,"1000",2.83848696953519,"IV"
615,"1000",2.77220775159797,"IV"
616,"1000",2.75022939247497,"IV"
617,"1000",3.54919894804363,"IV"
618,"1000",3.08475354611767,"IV"
619,"1000",2.44262295081979,"IV"
620,"1000",3.76930824108539,"IV"
621,"1000",2.63630565441526,"IV"
622,"1000",2.67552366468027,"IV"
623,"1000",2.50884958766009,"IV"
624,"1000",2.34678200039397,"IV"
625,"1000",2.7681980688514,"IV"
626,"1000",2.79616570160567,"IV"
627,"1000",2.52185780565671,"IV"
628,"1000",3.06281296021049,"IV"
629,"1000",3.21600065682435,"IV"
630,"1000",2.70844280641045,"IV"
631,"1000",2.50354466449575,"IV"
632,"1000",3.41588713371309,"IV"
633,"1000",2.97470586114025,"IV"
634,"1000",3.85890381299484,"IV"
635,"1000",3.66030287945343,"IV"
636,"1000",2.80047385159318,"IV"
637,"1000",2.7833629564318,"IV"
638,"1000",3.20300949490305,"IV"
639,"1000",2.96260075349648,"IV"
640,"1000",2.49244819519496,"IV"
641,"1000",2.68030171659479,"IV"
642,"1000",2.76181631630358,"IV"
643,"1000",2.61558735036077,"IV"
644,"1000",3.8120207643549,"IV"
645,"1000",2.93527519687866,"IV"
646,"1000",3.05630838435045,"IV"
647,"1000",3.08507865043939,"IV"
648,"1000",4.0606672768616,"IV"
649,"1000",3.06188015383442,"IV"
650,"1000",4.03474950114723,"IV"
651,"1000",2.75642704239581,"IV"
652,"1000",2.39301148612441,"IV"
653,"1000",3.14667979626416,"IV"
654,"1000",2.87486530646777,"IV"
655,"1000",2.70786736290811,"IV"
656,"1000",2.88718343497865,"IV"
657,"1000",2.76345415592511,"IV"
658,"1000",2.7147835987753,"IV"
659,"1000",2.9836427880206,"IV"
660,"1000",2.84422023626421,"IV"
661,"1000",4.02157714268774,"IV"
662,"1000",2.56599895828523,"IV"
663,"1000",2.54027796796063,"IV"
664,"1000",2.94123450374383,"IV"
665,"1000",3.12906444995,"IV"
666,"1000",3.08158719517716,"IV"
667,"1000",2.83901049861797,"IV"
668,"1000",2.56385188283886,"IV"
669,"1000",2.69561123555488,"IV"
670,"1000",2.72606475393827,"IV"
671,"1000",3.12931647791676,"IV"
672,"1000",2.82601225174322,"IV"
673,"1000",2.76402324362146,"IV"
674,"1000",2.58843774644199,"IV"
675,"1000",3.00610790786285,"IV"
676,"1000",2.54273504273507,"IV"
677,"1000",2.55994783347839,"IV"
678,"1000",2.84090978538176,"IV"
679,"1000",3.05144297618867,"IV"
680,"1000",2.45519276342088,"IV"
681,"1000",2.888456416074,"IV"
682,"1000",2.43042967789956,"IV"
683,"1000",2.48754712421562,"IV"
684,"1000",3.15052560185178,"IV"
685,"1000",3.13687746786119,"IV"
686,"1000",2.95420787712805,"IV"
687,"1000",3.25898391066745,"IV"
688,"1000",2.64473684210527,"IV"
689,"1000",2.27854222910683,"IV"
690,"1000",3.07624732353039,"IV"
691,"1000",2.8302492840838,"IV"
692,"1000",2.92852118521076,"IV"
693,"1000",3.09122216518439,"IV"
694,"1000",3.14650063863261,"IV"
695,"1000",2.90362871310514,"IV"
696,"1000",3.07329156572447,"IV"
697,"1000",2.65659349804877,"IV"
698,"1000",2.32098066235525,"IV"
699,"1000",3.35344820191139,"IV"
700,"1000",2.69702791353463,"IV"
701,"1000",3.26681558878213,"IV"
702,"1000",3.46890225498092,"IV"
703,"1000",3.33274601179809,"IV"
704,"1000",2.51799266509684,"IV"
705,"1000",3.81012158512865,"IV"
706,"1000",2.45918087756001,"IV"
707,"1000",2.87702277026222,"IV"
708,"1000",3.17356552014721,"IV"
709,"1000",2.79171132678553,"IV"
710,"1000",2.55685002839383,"IV"
711,"1000",3.11286347643452,"IV"
712,"1000",2.85790796618019,"IV"
713,"1000",3.87956334521593,"IV"
714,"1000",2.57208631565407,"IV"
715,"1000",3.11123241606687,"IV"
716,"1000",3.75085303800115,"IV"
717,"1000",3.22629327892862,"IV"
718,"1000",3.08790132321681,"IV"
719,"1000",2.54166599437769,"IV"
720,"1000",2.48436706201821,"IV"
721,"1000",2.81749151247302,"IV"
722,"1000",3.34413030985447,"IV"
723,"1000",2.48207120915874,"IV"
724,"1000",2.45635063551322,"IV"
725,"1000",4.60095956326801,"IV"
726,"1000",2.88731986554335,"IV"
727,"1000",2.75003487357851,"IV"
728,"1000",3.66836687613303,"IV"
729,"1000",2.62466977907879,"IV"
730,"1000",2.79684463817991,"IV"
731,"1000",2.91297652061596,"IV"
732,"1000",2.68650940334384,"IV"
733,"1000",3.40236450015876,"IV"
734,"1000",2.56386641920511,"IV"
735,"1000",2.61437334864963,"IV"
736,"1000",3.63102881500059,"IV"
737,"1000",2.8965948405574,"IV"
738,"1000",2.88829427599981,"IV"
739,"1000",2.61618889585658,"IV"
740,"1000",3.54450863960368,"IV"
741,"1000",2.4287853885504,"IV"
742,"1000",4.00414498126492,"IV"
743,"1000",2.49988883619574,"IV"
744,"1000",2.72243598156226,"IV"
745,"1000",2.58406805340323,"IV"
746,"1000",2.38669737052308,"IV"
747,"1000",3.40733024796633,"IV"
748,"1000",2.49486060110406,"IV"
749,"1000",2.64950693875987,"IV"
750,"1000",2.82302450640233,"IV"
751,"1000",2.4708599401971,"IV"
752,"1000",2.64437541089315,"IV"
753,"1000",3.14244366080623,"IV"
754,"1000",5.04077564849263,"IV"
755,"1000",3.68624285328285,"IV"
756,"1000",3.25247399967473,"IV"
757,"1000",2.50397733265622,"IV"
758,"1000",2.62136260779175,"IV"
759,"1000",2.30004615347855,"IV"
760,"1000",3.10478760666293,"IV"
761,"1000",3.39720313259144,"IV"
762,"1000",3.49483702822863,"IV"
763,"1000",3.93270000576213,"IV"
764,"1000",2.96973025533181,"IV"
765,"1000",2.49572650875785,"IV"
766,"1000",2.26373065516555,"IV"
767,"1000",3.89562271577652,"IV"
768,"1000",2.38001521980448,"IV"
769,"1000",2.58245621978649,"IV"
770,"1000",4.67971929266861,"IV"
771,"1000",2.54649200982751,"IV"
772,"1000",2.40700330475674,"IV"
773,"1000",2.70082503757915,"IV"
774,"1000",2.76584324284255,"IV"
775,"1000",3.01254369038725,"IV"
776,"1000",3.07556286178052,"IV"
777,"1000",2.42149599939714,"IV"
778,"1000",3.74583710360494,"IV"
779,"1000",2.5862070372922,"IV"
780,"1000",3.5176798472062,"IV"
781,"1000",3.9147413602447,"IV"
782,"1000",3.04536911960353,"IV"
783,"1000",2.53553714534231,"IV"
784,"1000",3.74565015793499,"IV"
785,"1000",2.70256760444742,"IV"
786,"1000",3.06151656276207,"IV"
787,"1000",2.50027225794086,"IV"
788,"1000",3.07138300641723,"IV"
789,"1000",2.70103860908196,"IV"
790,"1000",3.07515895174142,"IV"
791,"1000",2.53843279470912,"IV"
792,"1000",5.12783447343807,"IV"
793,"1000",3.25105414177029,"IV"
794,"1000",3.05030307573491,"IV"
795,"1000",3.01415109820208,"IV"
796,"1000",2.93909428747488,"IV"
797,"1000",2.93409129634445,"IV"
798,"1000",2.46487851464452,"IV"
799,"1000",2.72376816956953,"IV"
800,"1000",2.47669507725269,"IV"
801,"1000",3.72294100100518,"IV"
802,"1000",3.08727216741364,"IV"
803,"1000",2.84776023661011,"IV"
804,"1000",3.03048220722467,"IV"
805,"1000",2.53941719153711,"IV"
806,"1000",3.15520765481879,"IV"
807,"1000",2.59517980071057,"IV"
808,"1000",2.80464088722787,"IV"
809,"1000",2.46327560033184,"IV"
810,"1000",2.75252075488001,"IV"
811,"1000",3.45629626149868,"IV"
812,"1000",3.11139930935555,"IV"
813,"1000",3.10626578176064,"IV"
814,"1000",2.75009946001396,"IV"
815,"1000",2.86885485280536,"IV"
816,"1000",2.79031038873024,"IV"
817,"1000",3.18411366276349,"IV"
818,"1000",2.8193893006689,"IV"
819,"1000",2.58315449005631,"IV"
820,"1000",3.56461973607145,"IV"
821,"1000",2.82394407597799,"IV"
822,"1000",2.87258475860462,"IV"
823,"1000",2.6330561352985,"IV"
824,"1000",3.26157057183139,"IV"
825,"1000",2.56218477164711,"IV"
826,"1000",3.21170433332641,"IV"
827,"1000",3.31175326916468,"IV"
828,"1000",2.49887075733421,"IV"
829,"1000",2.68380217677672,"IV"
830,"1000",2.74582742955022,"IV"
831,"1000",2.91589196573871,"IV"
832,"1000",2.82531361242174,"IV"
833,"1000",2.70299793997098,"IV"
834,"1000",4.36027178291173,"IV"
835,"1000",2.81395202413756,"IV"
836,"1000",3.51347985542538,"IV"
837,"1000",2.49788608446076,"IV"
838,"1000",2.6770866428374,"IV"
839,"1000",2.77528907860332,"IV"
840,"1000",2.80743401402178,"IV"
841,"1000",2.58803347361288,"IV"
842,"1000",3.6672385701062,"IV"
843,"1000",2.68734383565444,"IV"
844,"1000",2.58909884162641,"IV"
845,"1000",3.23412342445598,"IV"
846,"1000",2.92238878451372,"IV"
847,"1000",2.9622922828044,"IV"
848,"1000",2.92615092071022,"IV"
849,"1000",3.4453046769845,"IV"
850,"1000",2.75326950228565,"IV"
851,"1000",3.21762340291082,"IV"
852,"1000",2.67680831614359,"IV"
853,"1000",2.8299744895179,"IV"
854,"1000",3.42117372194651,"IV"
855,"1000",2.75603715732623,"IV"
856,"1000",3.74163650732811,"IV"
857,"1000",2.50115160940161,"IV"
858,"1000",2.64745434602307,"IV"
859,"1000",2.64622892183675,"IV"
860,"1000",2.22008238286223,"IV"
861,"1000",2.56657234607873,"IV"
862,"1000",3.43628214759927,"IV"
863,"1000",2.751134089518,"IV"
864,"1000",3.21547326625901,"IV"
865,"1000",2.48106861210976,"IV"
866,"1000",2.53776903141045,"IV"
867,"1000",2.66442621949964,"IV"
868,"1000",2.26649860778944,"IV"
869,"1000",2.4405749973516,"IV"
870,"1000",2.68906039877308,"IV"
871,"1000",2.59479310187286,"IV"
872,"1000",2.59039432264313,"IV"
873,"1000",2.58990339107858,"IV"
874,"1000",3.0119959040344,"IV"
875,"1000",2.69965059106546,"IV"
876,"1000",2.54545454545634,"IV"
877,"1000",2.34854508664869,"IV"
878,"1000",2.37811805577898,"IV"
879,"1000",2.89561101459998,"IV"
880,"1000",2.89989040832084,"IV"
881,"1000",2.54899166742384,"IV"
882,"1000",3.08210443707736,"IV"
883,"1000",2.52565138638308,"IV"
884,"1000",3.00779519993165,"IV"
885,"1000",3.17998655034828,"IV"
886,"1000",2.38372093023257,"IV"
887,"1000",2.79041897176612,"IV"
888,"1000",3.07530833311957,"IV"
889,"1000",3.33877917131694,"IV"
890,"1000",2.57761314245524,"IV"
891,"1000",2.72472052803086,"IV"
892,"1000",2.69071176505667,"IV"
893,"1000",3.47271741379,"IV"
894,"1000",2.93973694991419,"IV"
895,"1000",2.51385198867461,"IV"
896,"1000",2.66195413705982,"IV"
897,"1000",2.77790550591322,"IV"
898,"1000",3.19198947452696,"IV"
899,"1000",3.42998751155472,"IV"
900,"1000",2.80646275192574,"IV"
901,"1000",3.1064512408801,"IV"
902,"1000",2.98076945630815,"IV"
903,"1000",2.81267441919301,"IV"
904,"1000",2.73080666264505,"IV"
905,"1000",3.93065028944757,"IV"
906,"1000",3.82705126091213,"IV"
907,"1000",2.54562665640712,"IV"
908,"1000",4.18871950030041,"IV"
909,"1000",3.41878418592632,"IV"
910,"1000",3.02846013109582,"IV"
911,"1000",2.79971979965894,"IV"
912,"1000",2.54368233259152,"IV"
913,"1000",2.80450353597985,"IV"
914,"1000",3.135496078576,"IV"
915,"1000",3.03185260960126,"IV"
916,"1000",2.66003432175125,"IV"
917,"1000",2.73433214639002,"IV"
918,"1000",3.12606456045552,"IV"
919,"1000",2.85584228073253,"IV"
920,"1000",2.81490577694573,"IV"
921,"1000",3.37784943210638,"IV"
922,"1000",3.80955899202096,"IV"
923,"1000",3.12382279659756,"IV"
924,"1000",3.26127093826551,"IV"
925,"1000",2.78248265398102,"IV"
926,"1000",2.5217474052053,"IV"
927,"1000",3.31510909340182,"IV"
928,"1000",2.51836162535005,"IV"
929,"1000",3.16787400247204,"IV"
930,"1000",4.70098814407414,"IV"
931,"1000",3.16969350076713,"IV"
932,"1000",2.7764542701692,"IV"
933,"1000",2.86481529342984,"IV"
934,"1000",3.06984522732808,"IV"
935,"1000",4.03122703417692,"IV"
936,"1000",2.61320034556525,"IV"
937,"1000",3.17956192286718,"IV"
938,"1000",2.50624311929688,"IV"
939,"1000",3.23367406312261,"IV"
940,"1000",3.34898814306487,"IV"
941,"1000",3.11470341396631,"IV"
942,"1000",2.65939060505242,"IV"
943,"1000",2.44400000000011,"IV"
944,"1000",3.43129487311059,"IV"
945,"1000",2.69321591835949,"IV"
946,"1000",2.38832097129099,"IV"
947,"1000",3.66627845550035,"IV"
948,"1000",2.84925916119349,"IV"
949,"1000",2.43150705077276,"IV"
950,"1000",2.8603496936253,"IV"
951,"1000",2.48844785885942,"IV"
952,"1000",2.663176337144,"IV"
953,"1000",2.58009206949972,"IV"
954,"1000",2.64044384219532,"IV"
955,"1000",3.57416630829372,"IV"
956,"1000",2.36530658883092,"IV"
957,"1000",3.71035320373915,"IV"
958,"1000",2.73852427122364,"IV"
959,"1000",2.7186221725414,"IV"
960,"1000",4.43726502891862,"IV"
961,"1000",2.48081170046591,"IV"
962,"1000",2.66786559781962,"IV"
963,"1000",3.17126785058162,"IV"
964,"1000",2.70457318928321,"IV"
965,"1000",2.35351506392833,"IV"
966,"1000",2.39557151292324,"IV"
967,"1000",2.96034899709107,"IV"
968,"1000",4.37380708819591,"IV"
969,"1000",3.48757709128419,"IV"
970,"1000",5.47087679779043,"IV"
971,"1000",2.6206111479092,"IV"
972,"1000",2.52280941273959,"IV"
973,"1000",3.03347505595531,"IV"
974,"1000",2.70272876145409,"IV"
975,"1000",3.34495292599316,"IV"
976,"1000",2.91695729694715,"IV"
977,"1000",2.84026842477671,"IV"
978,"1000",2.80483709658776,"IV"
979,"1000",2.81309766821265,"IV"
980,"1000",2.72339960933885,"IV"
981,"1000",3.23503524549924,"IV"
982,"1000",3.79443878242442,"IV"
983,"1000",2.49577658074529,"IV"
984,"1000",2.87141411976619,"IV"
985,"1000",2.82439110187491,"IV"
986,"1000",2.79982218701655,"IV"
987,"1000",3.16647623293366,"IV"
988,"1000",3.64384655324979,"IV"
989,"1000",2.62659609587001,"IV"
990,"1000",3.15083213028567,"IV"
991,"1000",2.68716555662168,"IV"
992,"1000",2.89710412324278,"IV"
993,"1000",2.646528911539,"IV"
994,"1000",2.93354156974598,"IV"
995,"1000",3.33195785337939,"IV"
996,"1000",2.69955156950674,"IV"
997,"1000",2.58061159579374,"IV"
998,"1000",2.60766625229856,"IV"
999,"1000",3.49430370794661,"IV"
1000,"1000",2.50610547857634,"IV"
1,"2000",2.85741852531224,"IV"
2,"2000",2.47961631273698,"IV"
3,"2000",2.70273045243962,"IV"
4,"2000",3.20413233992501,"IV"
5,"2000",2.82616678272985,"IV"
6,"2000",2.72711923282699,"IV"
7,"2000",2.88475378796661,"IV"
8,"2000",3.31190458069829,"IV"
9,"2000",3.42941732227812,"IV"
10,"2000",2.8906341092554,"IV"
11,"2000",3.00124140522817,"IV"
12,"2000",3.46847189749292,"IV"
13,"2000",2.94245008375515,"IV"
14,"2000",2.5705310887745,"IV"
15,"2000",2.76695016331044,"IV"
16,"2000",2.87184803068098,"IV"
17,"2000",2.39370364715593,"IV"
18,"2000",2.93118559441596,"IV"
19,"2000",2.65599205026009,"IV"
20,"2000",2.79201726090645,"IV"
21,"2000",2.90625856283266,"IV"
22,"2000",2.77152685872699,"IV"
23,"2000",3.15293731118289,"IV"
24,"2000",3.04736039532282,"IV"
25,"2000",3.49117274822416,"IV"
26,"2000",2.84566184395007,"IV"
27,"2000",2.60759169712604,"IV"
28,"2000",2.55387931041919,"IV"
29,"2000",3.58549377333782,"IV"
30,"2000",3.32222031167823,"IV"
31,"2000",2.85623789344215,"IV"
32,"2000",2.87084235882174,"IV"
33,"2000",2.51716836800175,"IV"
34,"2000",3.43047544380295,"IV"
35,"2000",3.21384047911996,"IV"
36,"2000",2.91535345864616,"IV"
37,"2000",2.88192881809561,"IV"
38,"2000",3.24412595651509,"IV"
39,"2000",2.93705273930883,"IV"
40,"2000",2.5876312471142,"IV"
41,"2000",2.77463797708123,"IV"
42,"2000",2.53122582979752,"IV"
43,"2000",2.47210104015638,"IV"
44,"2000",3.10825059453489,"IV"
45,"2000",2.83050657072794,"IV"
46,"2000",2.93683321376161,"IV"
47,"2000",3.01378923379187,"IV"
48,"2000",2.91471233261323,"IV"
49,"2000",2.83493615924783,"IV"
50,"2000",3.31202409892809,"IV"
51,"2000",3.163367953051,"IV"
52,"2000",2.70186411335402,"IV"
53,"2000",3.2621019857278,"IV"
54,"2000",2.55492212732763,"IV"
55,"2000",2.55355326175753,"IV"
56,"2000",2.91236016467109,"IV"
57,"2000",2.84337544660469,"IV"
58,"2000",3.34800650234409,"IV"
59,"2000",2.71070690798202,"IV"
60,"2000",3.03192303156098,"IV"
61,"2000",3.61591578340227,"IV"
62,"2000",3.08995471328657,"IV"
63,"2000",3.02248362261253,"IV"
64,"2000",3.06801790149523,"IV"
65,"2000",3.33059676521778,"IV"
66,"2000",3.88511182379465,"IV"
67,"2000",3.45593315601095,"IV"
68,"2000",2.4553338006005,"IV"
69,"2000",2.81195566272693,"IV"
70,"2000",2.74179063833823,"IV"
71,"2000",2.6691543433853,"IV"
72,"2000",2.52737804618779,"IV"
73,"2000",2.84793064972411,"IV"
74,"2000",3.15280889225191,"IV"
75,"2000",2.67639098178947,"IV"
76,"2000",2.97301785002807,"IV"
77,"2000",3.06958090241446,"IV"
78,"2000",2.84624874363626,"IV"
79,"2000",2.59784946236665,"IV"
80,"2000",2.8956712068681,"IV"
81,"2000",2.61853448275868,"IV"
82,"2000",3.13777267104596,"IV"
83,"2000",2.75753094216746,"IV"
84,"2000",3.35609074605436,"IV"
85,"2000",2.99633554713203,"IV"
86,"2000",2.75492028016063,"IV"
87,"2000",2.92427879050062,"IV"
88,"2000",2.66705475594123,"IV"
89,"2000",3.16355499629639,"IV"
90,"2000",2.82054187074953,"IV"
91,"2000",2.46326052116199,"IV"
92,"2000",2.74680600941571,"IV"
93,"2000",2.62899786780399,"IV"
94,"2000",3.28487500158921,"IV"
95,"2000",2.96437425020419,"IV"
96,"2000",2.68240740543221,"IV"
97,"2000",2.82579723132849,"IV"
98,"2000",3.04261664009639,"IV"
99,"2000",3.32723061068884,"IV"
100,"2000",2.44769894396363,"IV"
101,"2000",2.76380877172303,"IV"
102,"2000",2.96437103806511,"IV"
103,"2000",3.01864579240747,"IV"
104,"2000",2.91654941594843,"IV"
105,"2000",2.50836367419538,"IV"
106,"2000",3.54831250153483,"IV"
107,"2000",3.01441641491006,"IV"
108,"2000",2.79357112184012,"IV"
109,"2000",3.45761167843522,"IV"
110,"2000",2.76694396331962,"IV"
111,"2000",2.59452125717046,"IV"
112,"2000",3.2424521747683,"IV"
113,"2000",3.2309067486882,"IV"
114,"2000",3.38340025127521,"IV"
115,"2000",3.18351877162714,"IV"
116,"2000",2.87010618212437,"IV"
117,"2000",3.46165811272154,"IV"
118,"2000",3.01188341930771,"IV"
119,"2000",3.42765546418268,"IV"
120,"2000",2.60686619614124,"IV"
121,"2000",2.82729304801697,"IV"
122,"2000",2.90611197337048,"IV"
123,"2000",2.70489787561784,"IV"
124,"2000",2.72461669910177,"IV"
125,"2000",3.10402638805914,"IV"
126,"2000",2.69863865266083,"IV"
127,"2000",3.23060061709324,"IV"
128,"2000",3.54588028536852,"IV"
129,"2000",2.94976228269857,"IV"
130,"2000",2.77669022159263,"IV"
131,"2000",2.76678339116842,"IV"
132,"2000",2.5129229849477,"IV"
133,"2000",3.03495470853109,"IV"
134,"2000",2.68989152965125,"IV"
135,"2000",2.64172124140132,"IV"
136,"2000",3.28785259028491,"IV"
137,"2000",2.69098447785023,"IV"
138,"2000",3.48696696192986,"IV"
139,"2000",3.71851411757787,"IV"
140,"2000",2.65912969751871,"IV"
141,"2000",2.83670806318688,"IV"
142,"2000",2.88963423844373,"IV"
143,"2000",3.22625429531488,"IV"
144,"2000",2.83593380418587,"IV"
145,"2000",3.85395726080984,"IV"
146,"2000",2.64446302581259,"IV"
147,"2000",2.65544696416665,"IV"
148,"2000",2.65805190770592,"IV"
149,"2000",2.77297827478419,"IV"
150,"2000",2.95758394608017,"IV"
151,"2000",2.4681836850108,"IV"
152,"2000",2.49314250634787,"IV"
153,"2000",2.96937406512757,"IV"
154,"2000",2.82023416578951,"IV"
155,"2000",2.75721341494826,"IV"
156,"2000",2.5154454046968,"IV"
157,"2000",3.02024856664348,"IV"
158,"2000",2.77076620064891,"IV"
159,"2000",2.58722286365562,"IV"
160,"2000",2.87562199426482,"IV"
161,"2000",2.88317560659341,"IV"
162,"2000",2.86094340314256,"IV"
163,"2000",3.09288070479615,"IV"
164,"2000",2.50201735171307,"IV"
165,"2000",3.51654541785581,"IV"
166,"2000",3.11066091180998,"IV"
167,"2000",2.70744866108026,"IV"
168,"2000",2.85926844279151,"IV"
169,"2000",2.72099805196104,"IV"
170,"2000",3.03501698610725,"IV"
171,"2000",2.49989081860149,"IV"
172,"2000",2.56705088904179,"IV"
173,"2000",3.31505904477095,"IV"
174,"2000",2.62639823029947,"IV"
175,"2000",2.68503019709006,"IV"
176,"2000",2.56458665976142,"IV"
177,"2000",2.94560260487292,"IV"
178,"2000",3.12936818478459,"IV"
179,"2000",2.76027958852801,"IV"
180,"2000",2.78598495236831,"IV"
181,"2000",2.592950574257,"IV"
182,"2000",2.54430842141885,"IV"
183,"2000",2.59830163513179,"IV"
184,"2000",3.49246801468889,"IV"
185,"2000",3.23975117003466,"IV"
186,"2000",2.91056671514381,"IV"
187,"2000",2.84158180320373,"IV"
188,"2000",2.8671328331772,"IV"
189,"2000",3.18253306239671,"IV"
190,"2000",3.26205478223646,"IV"
191,"2000",2.84115018191227,"IV"
192,"2000",2.87526617943718,"IV"
193,"2000",2.98837753936872,"IV"
194,"2000",2.93900623517672,"IV"
195,"2000",3.55589811680432,"IV"
196,"2000",3.1858141967491,"IV"
197,"2000",2.57853145132233,"IV"
198,"2000",3.1613340077218,"IV"
199,"2000",3.1803936104368,"IV"
200,"2000",2.71947781770722,"IV"
201,"2000",3.07141472519867,"IV"
202,"2000",3.14444129593826,"IV"
203,"2000",2.9007939457284,"IV"
204,"2000",3.00657366738127,"IV"
205,"2000",3.40139485543759,"IV"
206,"2000",3.05721472227551,"IV"
207,"2000",2.81616924373793,"IV"
208,"2000",3.08421812445999,"IV"
209,"2000",3.52151511314017,"IV"
210,"2000",2.78778366388512,"IV"
211,"2000",2.7832144798481,"IV"
212,"2000",3.3896766606266,"IV"
213,"2000",2.47970360114922,"IV"
214,"2000",2.73042398282617,"IV"
215,"2000",3.08298276568157,"IV"
216,"2000",3.03681019641217,"IV"
217,"2000",2.94661182166185,"IV"
218,"2000",3.13102642155635,"IV"
219,"2000",2.80966458708451,"IV"
220,"2000",2.40748907884114,"IV"
221,"2000",3.09495853012255,"IV"
222,"2000",2.81206680574273,"IV"
223,"2000",3.2021659024365,"IV"
224,"2000",3.12209013819117,"IV"
225,"2000",2.87384204080356,"IV"
226,"2000",3.40160664412378,"IV"
227,"2000",3.23324883036838,"IV"
228,"2000",2.57009291371119,"IV"
229,"2000",3.20922360991291,"IV"
230,"2000",2.76233084341652,"IV"
231,"2000",2.74486985500074,"IV"
232,"2000",2.96023334881439,"IV"
233,"2000",2.5411158824343,"IV"
234,"2000",3.08059985866676,"IV"
235,"2000",3.00922585008596,"IV"
236,"2000",2.91473861535839,"IV"
237,"2000",3.32908617234965,"IV"
238,"2000",2.53433476394868,"IV"
239,"2000",3.22789056358337,"IV"
240,"2000",3.32284333612833,"IV"
241,"2000",3.09632752539072,"IV"
242,"2000",3.12026085286186,"IV"
243,"2000",3.50782532896098,"IV"
244,"2000",2.85429934193192,"IV"
245,"2000",2.66895084776197,"IV"
246,"2000",2.70802140730353,"IV"
247,"2000",3.00841422693578,"IV"
248,"2000",2.40708098113579,"IV"
249,"2000",3.38370295037398,"IV"
250,"2000",2.57309360240925,"IV"
251,"2000",2.85776689889923,"IV"
252,"2000",2.73678408597492,"IV"
253,"2000",2.95861535947278,"IV"
254,"2000",2.74489581337334,"IV"
255,"2000",2.81069166339438,"IV"
256,"2000",2.55089566201204,"IV"
257,"2000",2.96074192920679,"IV"
258,"2000",2.82428806611092,"IV"
259,"2000",2.72341314015243,"IV"
260,"2000",3.10485410435791,"IV"
261,"2000",3.11587722674311,"IV"
262,"2000",2.65293860797196,"IV"
263,"2000",3.36299085011554,"IV"
264,"2000",3.02245437333145,"IV"
265,"2000",2.48539535979899,"IV"
266,"2000",2.64033975077807,"IV"
267,"2000",2.73469691498929,"IV"
268,"2000",3.01544447227547,"IV"
269,"2000",2.89401155508686,"IV"
270,"2000",3.2170280731312,"IV"
271,"2000",3.27464450128126,"IV"
272,"2000",2.90237759883662,"IV"
273,"2000",2.74728657999389,"IV"
274,"2000",2.62272968016507,"IV"
275,"2000",2.5692946891008,"IV"
276,"2000",2.81748733451493,"IV"
277,"2000",3.00233801935636,"IV"
278,"2000",3.29762332955496,"IV"
279,"2000",2.70136947963268,"IV"
280,"2000",2.87077612773005,"IV"
281,"2000",2.88599574620165,"IV"
282,"2000",3.42186679243815,"IV"
283,"2000",3.13260015362388,"IV"
284,"2000",3.36014511630166,"IV"
285,"2000",3.27839610527862,"IV"
286,"2000",2.78930601851059,"IV"
287,"2000",2.35477134795972,"IV"
288,"2000",2.53568098523251,"IV"
289,"2000",3.31305958342872,"IV"
290,"2000",3.06259803335628,"IV"
291,"2000",2.90156400963454,"IV"
292,"2000",2.65913604455089,"IV"
293,"2000",2.61991449451002,"IV"
294,"2000",2.56999748563429,"IV"
295,"2000",2.91873939003917,"IV"
296,"2000",2.96661150845856,"IV"
297,"2000",2.72910212865547,"IV"
298,"2000",2.63011116449403,"IV"
299,"2000",2.47733537055103,"IV"
300,"2000",2.85454374827277,"IV"
301,"2000",3.3585222670131,"IV"
302,"2000",2.89842442051893,"IV"
303,"2000",2.76685080711041,"IV"
304,"2000",3.09889691272326,"IV"
305,"2000",2.87233931020963,"IV"
306,"2000",2.72477091100247,"IV"
307,"2000",2.76358767546943,"IV"
308,"2000",3.54338129090062,"IV"
309,"2000",2.59347826086947,"IV"
310,"2000",3.68929062384749,"IV"
311,"2000",2.66351140060248,"IV"
312,"2000",2.57104123424546,"IV"
313,"2000",3.19154452748531,"IV"
314,"2000",3.05240591111604,"IV"
315,"2000",3.22787743018334,"IV"
316,"2000",3.80459939607821,"IV"
317,"2000",2.77725715678011,"IV"
318,"2000",2.77279638656135,"IV"
319,"2000",2.74169344383464,"IV"
320,"2000",2.83559476238317,"IV"
321,"2000",2.7133396962535,"IV"
322,"2000",3.23826946024712,"IV"
323,"2000",2.63407356315546,"IV"
324,"2000",3.1117502080126,"IV"
325,"2000",2.95312817170355,"IV"
326,"2000",2.93702707202832,"IV"
327,"2000",3.24659841222447,"IV"
328,"2000",3.60781264987619,"IV"
329,"2000",2.85320956169834,"IV"
330,"2000",3.03674073006562,"IV"
331,"2000",2.73996453039828,"IV"
332,"2000",2.52560920116994,"IV"
333,"2000",2.60120829702587,"IV"
334,"2000",2.8146856716778,"IV"
335,"2000",3.4790092632766,"IV"
336,"2000",2.95089593215522,"IV"
337,"2000",2.5313030757357,"IV"
338,"2000",2.46445917582231,"IV"
339,"2000",2.61450070478997,"IV"
340,"2000",2.49231538258109,"IV"
341,"2000",3.48951671491834,"IV"
342,"2000",2.63071028197558,"IV"
343,"2000",2.80781495261662,"IV"
344,"2000",2.48340248976737,"IV"
345,"2000",2.99611109511191,"IV"
346,"2000",2.88505668458071,"IV"
347,"2000",2.57397647898281,"IV"
348,"2000",2.93345297435499,"IV"
349,"2000",2.8040283080816,"IV"
350,"2000",3.19671052690216,"IV"
351,"2000",3.12013088328048,"IV"
352,"2000",3.32432495113277,"IV"
353,"2000",3.14078871070434,"IV"
354,"2000",3.20062615079169,"IV"
355,"2000",2.94572614329065,"IV"
356,"2000",2.34538635110708,"IV"
357,"2000",2.89795500284777,"IV"
358,"2000",2.82930218753262,"IV"
359,"2000",2.47676315556961,"IV"
360,"2000",2.75398373073073,"IV"
361,"2000",3.07300457527497,"IV"
362,"2000",3.04878090841253,"IV"
363,"2000",2.96404808180089,"IV"
364,"2000",3.07244755898044,"IV"
365,"2000",2.83840910582837,"IV"
366,"2000",2.90230395551233,"IV"
367,"2000",3.13099982693657,"IV"
368,"2000",2.79713227179065,"IV"
369,"2000",2.62557318747355,"IV"
370,"2000",3.07232785878247,"IV"
371,"2000",3.59782688141254,"IV"
372,"2000",2.56264028316648,"IV"
373,"2000",2.79601093571089,"IV"
374,"2000",3.38380357972527,"IV"
375,"2000",2.4204306181117,"IV"
376,"2000",2.97744047766514,"IV"
377,"2000",2.78868678188862,"IV"
378,"2000",2.78377423657819,"IV"
379,"2000",2.51030345019944,"IV"
380,"2000",3.47061199858418,"IV"
381,"2000",3.12200007644485,"IV"
382,"2000",2.66648204415207,"IV"
383,"2000",3.60582942499412,"IV"
384,"2000",2.86470879309564,"IV"
385,"2000",2.79744964559904,"IV"
386,"2000",2.95132803691915,"IV"
387,"2000",2.84087254669787,"IV"
388,"2000",2.99000139719872,"IV"
389,"2000",3.05401742570533,"IV"
390,"2000",2.8922321966896,"IV"
391,"2000",3.128490038529,"IV"
392,"2000",2.87359681344241,"IV"
393,"2000",2.98626242466459,"IV"
394,"2000",2.40506387590595,"IV"
395,"2000",2.73206281173723,"IV"
396,"2000",3.63240287700761,"IV"
397,"2000",3.09333101312695,"IV"
398,"2000",2.90715452571913,"IV"
399,"2000",2.62380452844537,"IV"
400,"2000",4.14872239575234,"IV"
401,"2000",3.02904434551405,"IV"
402,"2000",2.60994765876683,"IV"
403,"2000",3.11711140176262,"IV"
404,"2000",2.69981797039762,"IV"
405,"2000",2.68216647221344,"IV"
406,"2000",2.96344896550685,"IV"
407,"2000",2.86666773413983,"IV"
408,"2000",2.94688149716945,"IV"
409,"2000",3.00231229211504,"IV"
410,"2000",2.74863275730443,"IV"
411,"2000",2.78448685575914,"IV"
412,"2000",2.59920129655944,"IV"
413,"2000",2.8754407201861,"IV"
414,"2000",2.94052168915604,"IV"
415,"2000",2.75986216710051,"IV"
416,"2000",2.92432445325009,"IV"
417,"2000",2.67865982451873,"IV"
418,"2000",2.93161136322862,"IV"
419,"2000",2.90848203813447,"IV"
420,"2000",3.42977926203427,"IV"
421,"2000",2.78578457029324,"IV"
422,"2000",3.14994506799701,"IV"
423,"2000",2.51403887688992,"IV"
424,"2000",2.71474118105125,"IV"
425,"2000",2.59006834677995,"IV"
426,"2000",2.86854231775107,"IV"
427,"2000",3.09931152835914,"IV"
428,"2000",2.77455156731709,"IV"
429,"2000",3.92475741164894,"IV"
430,"2000",2.85030527322838,"IV"
431,"2000",3.42841717679795,"IV"
432,"2000",2.45521690259743,"IV"
433,"2000",2.83597094318428,"IV"
434,"2000",2.58636115324198,"IV"
435,"2000",2.99460291434422,"IV"
436,"2000",2.83440278332155,"IV"
437,"2000",2.64954055796137,"IV"
438,"2000",2.98764079031921,"IV"
439,"2000",2.57892352194473,"IV"
440,"2000",2.41859007574479,"IV"
441,"2000",3.34423569152392,"IV"
442,"2000",3.15898900980583,"IV"
443,"2000",2.77927142208997,"IV"
444,"2000",3.19631638121395,"IV"
445,"2000",2.6050855124733,"IV"
446,"2000",2.72615468369287,"IV"
447,"2000",2.79566126015552,"IV"
448,"2000",2.77057090051682,"IV"
449,"2000",2.51365564221372,"IV"
450,"2000",2.776946870212,"IV"
451,"2000",2.96565607258109,"IV"
452,"2000",2.93655624707582,"IV"
453,"2000",2.53165295720603,"IV"
454,"2000",2.77067458934115,"IV"
455,"2000",2.64787247637503,"IV"
456,"2000",3.33077304456357,"IV"
457,"2000",3.17593684266116,"IV"
458,"2000",2.65788555772653,"IV"
459,"2000",2.80871907691983,"IV"
460,"2000",3.12300192999613,"IV"
461,"2000",2.97707456933407,"IV"
462,"2000",3.80057486418011,"IV"
463,"2000",3.17279395946062,"IV"
464,"2000",2.67394418987555,"IV"
465,"2000",2.66568418554284,"IV"
466,"2000",2.9993608716844,"IV"
467,"2000",2.3862213004112,"IV"
468,"2000",2.53879310344842,"IV"
469,"2000",3.37888377417738,"IV"
470,"2000",2.64332603938728,"IV"
471,"2000",2.6822489008385,"IV"
472,"2000",2.96703797095126,"IV"
473,"2000",2.31939538006443,"IV"
474,"2000",2.68236325161692,"IV"
475,"2000",2.65001774530408,"IV"
476,"2000",3.11791892990039,"IV"
477,"2000",2.5951035593043,"IV"
478,"2000",3.85205263905073,"IV"
479,"2000",3.06027966715471,"IV"
480,"2000",3.2466900708205,"IV"
481,"2000",3.58320143205925,"IV"
482,"2000",3.35404486536494,"IV"
483,"2000",2.73954138852279,"IV"
484,"2000",3.11604741122757,"IV"
485,"2000",2.55950203618307,"IV"
486,"2000",2.82639900104586,"IV"
487,"2000",3.33074525014343,"IV"
488,"2000",2.70226989331267,"IV"
489,"2000",3.17615301763153,"IV"
490,"2000",2.65775522599325,"IV"
491,"2000",3.07522771529358,"IV"
492,"2000",2.90020323495134,"IV"
493,"2000",2.82124622313935,"IV"
494,"2000",3.13963849082926,"IV"
495,"2000",2.90143908158167,"IV"
496,"2000",2.90592826917952,"IV"
497,"2000",2.53177348218038,"IV"
498,"2000",3.35695463119275,"IV"
499,"2000",2.82637555836023,"IV"
500,"2000",3.74353379321408,"IV"
501,"2000",2.74861938511634,"IV"
502,"2000",2.55533781606795,"IV"
503,"2000",2.93362782772738,"IV"
504,"2000",2.87120989910047,"IV"
505,"2000",2.88019781619667,"IV"
506,"2000",2.9207060710882,"IV"
507,"2000",2.62460992400247,"IV"
508,"2000",3.02149824665437,"IV"
509,"2000",2.52154995708335,"IV"
510,"2000",2.7827609036358,"IV"
511,"2000",2.71367739859509,"IV"
512,"2000",2.75073443824554,"IV"
513,"2000",2.79012736347201,"IV"
514,"2000",3.02588863451241,"IV"
515,"2000",3.12309251103952,"IV"
516,"2000",2.90625932960068,"IV"
517,"2000",3.22569703557733,"IV"
518,"2000",2.72322871614289,"IV"
519,"2000",2.6855777173685,"IV"
520,"2000",2.74148322860663,"IV"
521,"2000",2.75882649165071,"IV"
522,"2000",2.69901928395937,"IV"
523,"2000",2.8234732002215,"IV"
524,"2000",3.07049335733942,"IV"
525,"2000",2.78475508996795,"IV"
526,"2000",2.98802402365106,"IV"
527,"2000",2.95409744609471,"IV"
528,"2000",2.90095852596194,"IV"
529,"2000",2.78548287041553,"IV"
530,"2000",3.43846488511944,"IV"
531,"2000",2.88698667881543,"IV"
532,"2000",2.82602459433305,"IV"
533,"2000",2.52751365279577,"IV"
534,"2000",2.57167243384491,"IV"
535,"2000",2.97749401096735,"IV"
536,"2000",2.85264949560621,"IV"
537,"2000",3.49329014345358,"IV"
538,"2000",2.64088540888855,"IV"
539,"2000",3.5263059937496,"IV"
540,"2000",3.08863310507525,"IV"
541,"2000",4.04660908887019,"IV"
542,"2000",2.91190747504386,"IV"
543,"2000",2.69668246702111,"IV"
544,"2000",2.6007956888768,"IV"
545,"2000",3.29192234510304,"IV"
546,"2000",2.59570901471221,"IV"
547,"2000",2.64861196291973,"IV"
548,"2000",2.49713808876522,"IV"
549,"2000",2.83467518203968,"IV"
550,"2000",2.81918629345849,"IV"
551,"2000",2.89788620330873,"IV"
552,"2000",3.26645781694319,"IV"
553,"2000",2.4757508366993,"IV"
554,"2000",2.55526759657944,"IV"
555,"2000",2.81266080311554,"IV"
556,"2000",2.72612554014532,"IV"
557,"2000",3.37089946113811,"IV"
558,"2000",2.73095057073008,"IV"
559,"2000",2.42028160174338,"IV"
560,"2000",3.38373564939163,"IV"
561,"2000",2.60048277087988,"IV"
562,"2000",2.73323383702417,"IV"
563,"2000",2.45733099119673,"IV"
564,"2000",2.60085009632746,"IV"
565,"2000",2.54837768915277,"IV"
566,"2000",3.32296262169717,"IV"
567,"2000",2.84373005475389,"IV"
568,"2000",2.63084105922611,"IV"
569,"2000",2.97073167709851,"IV"
570,"2000",3.24682548746399,"IV"
571,"2000",2.79466926292679,"IV"
572,"2000",2.69877244295037,"IV"
573,"2000",2.81030583834882,"IV"
574,"2000",3.41712192292436,"IV"
575,"2000",2.89529310440344,"IV"
576,"2000",2.86769466718769,"IV"
577,"2000",2.65048419243546,"IV"
578,"2000",2.69842618653898,"IV"
579,"2000",3.27100175527077,"IV"
580,"2000",2.88960665117604,"IV"
581,"2000",2.80120296983715,"IV"
582,"2000",3.11306430398063,"IV"
583,"2000",3.85640583367697,"IV"
584,"2000",2.63290406531474,"IV"
585,"2000",2.79886324405363,"IV"
586,"2000",4.10085414389036,"IV"
587,"2000",2.77516132622051,"IV"
588,"2000",2.95888115428031,"IV"
589,"2000",2.61388195287955,"IV"
590,"2000",3.41553962881179,"IV"
591,"2000",2.72439610504794,"IV"
592,"2000",3.0140789863079,"IV"
593,"2000",2.86591028212728,"IV"
594,"2000",2.81419790705387,"IV"
595,"2000",3.07786079493958,"IV"
596,"2000",2.73565589047581,"IV"
597,"2000",3.92967222962401,"IV"
598,"2000",2.51483063328928,"IV"
599,"2000",3.12518135467022,"IV"
600,"2000",2.68569747216852,"IV"
601,"2000",3.63430645442814,"IV"
602,"2000",2.42083442966471,"IV"
603,"2000",3.40164165845483,"IV"
604,"2000",2.84598770969707,"IV"
605,"2000",3.03682210651444,"IV"
606,"2000",2.42569817023746,"IV"
607,"2000",3.80287003304731,"IV"
608,"2000",2.98545409201969,"IV"
609,"2000",3.03495267160226,"IV"
610,"2000",2.58103056862378,"IV"
611,"2000",2.785108996989,"IV"
612,"2000",3.15176754601736,"IV"
613,"2000",2.65028177055583,"IV"
614,"2000",3.2925807995982,"IV"
615,"2000",2.83274427267662,"IV"
616,"2000",3.72765126482287,"IV"
617,"2000",2.50462850002317,"IV"
618,"2000",2.51359989662018,"IV"
619,"2000",3.04622251218721,"IV"
620,"2000",3.0185283680114,"IV"
621,"2000",2.4663757412645,"IV"
622,"2000",2.54132027231996,"IV"
623,"2000",3.54026790367307,"IV"
624,"2000",2.98883293736498,"IV"
625,"2000",2.80902036017587,"IV"
626,"2000",3.12819422974009,"IV"
627,"2000",3.13752887028284,"IV"
628,"2000",2.98214181469433,"IV"
629,"2000",2.83409881647591,"IV"
630,"2000",2.63142261066407,"IV"
631,"2000",2.88589490453415,"IV"
632,"2000",2.54964157956399,"IV"
633,"2000",2.84110394956799,"IV"
634,"2000",2.98976346378362,"IV"
635,"2000",2.81331812099079,"IV"
636,"2000",3.25290220115271,"IV"
637,"2000",2.54462440200678,"IV"
638,"2000",3.37048285587502,"IV"
639,"2000",3.09555587673012,"IV"
640,"2000",2.93727845184831,"IV"
641,"2000",3.19381868206675,"IV"
642,"2000",2.86379657499864,"IV"
643,"2000",3.34356691359103,"IV"
644,"2000",2.68821382156839,"IV"
645,"2000",2.89695311696939,"IV"
646,"2000",2.98897776519333,"IV"
647,"2000",2.97121196730773,"IV"
648,"2000",2.73416490487029,"IV"
649,"2000",3.43701300370183,"IV"
650,"2000",3.35305113055436,"IV"
651,"2000",2.6620870566631,"IV"
652,"2000",2.7456980433335,"IV"
653,"2000",2.78621439064759,"IV"
654,"2000",3.02932139619965,"IV"
655,"2000",3.03202671429765,"IV"
656,"2000",2.90376056161271,"IV"
657,"2000",3.98355180496293,"IV"
658,"2000",3.17506320412811,"IV"
659,"2000",2.72676281686476,"IV"
660,"2000",3.04196709370252,"IV"
661,"2000",2.55906745404247,"IV"
662,"2000",2.42619423360946,"IV"
663,"2000",3.02915703101224,"IV"
664,"2000",2.95450143548377,"IV"
665,"2000",2.53913044186516,"IV"
666,"2000",3.15265449973861,"IV"
667,"2000",3.43772690679112,"IV"
668,"2000",2.82000041326269,"IV"
669,"2000",2.90182002452132,"IV"
670,"2000",2.80708043630388,"IV"
671,"2000",2.81573701660765,"IV"
672,"2000",2.63389018569695,"IV"
673,"2000",3.28878416056113,"IV"
674,"2000",3.37244701920412,"IV"
675,"2000",2.46036120386034,"IV"
676,"2000",2.71843671620162,"IV"
677,"2000",2.65337979785955,"IV"
678,"2000",3.03609879618937,"IV"
679,"2000",3.40308316100027,"IV"
680,"2000",3.11351903612158,"IV"
681,"2000",3.07195595796283,"IV"
682,"2000",3.21419822662085,"IV"
683,"2000",3.0411581130096,"IV"
684,"2000",2.53973347067733,"IV"
685,"2000",2.79405524267793,"IV"
686,"2000",2.65419831293215,"IV"
687,"2000",3.52029488567404,"IV"
688,"2000",2.92531032961541,"IV"
689,"2000",2.57259510901058,"IV"
690,"2000",2.81393083482629,"IV"
691,"2000",3.38523018355246,"IV"
692,"2000",3.05924742792237,"IV"
693,"2000",3.05357035149667,"IV"
694,"2000",2.96371395816699,"IV"
695,"2000",2.80108921103196,"IV"
696,"2000",2.90310479679469,"IV"
697,"2000",2.73406676893721,"IV"
698,"2000",3.03160656906908,"IV"
699,"2000",2.90157715018547,"IV"
700,"2000",3.24052356867948,"IV"
701,"2000",2.7760112156185,"IV"
702,"2000",2.80317419358315,"IV"
703,"2000",2.54522646645112,"IV"
704,"2000",2.57181878579499,"IV"
705,"2000",2.87451135010569,"IV"
706,"2000",2.90096322157208,"IV"
707,"2000",2.96693487167903,"IV"
708,"2000",3.28585447504423,"IV"
709,"2000",2.76015467191727,"IV"
710,"2000",2.83221170869992,"IV"
711,"2000",2.98862855494302,"IV"
712,"2000",3.32791878520123,"IV"
713,"2000",2.69813619130168,"IV"
714,"2000",2.89430439132262,"IV"
715,"2000",2.69699358652038,"IV"
716,"2000",2.98684882579571,"IV"
717,"2000",2.88192129102975,"IV"
718,"2000",3.31081017440273,"IV"
719,"2000",2.7524844223833,"IV"
720,"2000",2.93912647085283,"IV"
721,"2000",3.18069765042867,"IV"
722,"2000",2.82829855908041,"IV"
723,"2000",3.04391418104053,"IV"
724,"2000",2.78431960376042,"IV"
725,"2000",2.67557187410115,"IV"
726,"2000",2.74199269693575,"IV"
727,"2000",2.98055552988566,"IV"
728,"2000",2.70237075093472,"IV"
729,"2000",2.56271596607954,"IV"
730,"2000",2.4847328812989,"IV"
731,"2000",2.95585699523964,"IV"
732,"2000",2.87484027874945,"IV"
733,"2000",2.58672950005717,"IV"
734,"2000",3.35787409142686,"IV"
735,"2000",3.27303814277324,"IV"
736,"2000",4.0008852180958,"IV"
737,"2000",2.68777292576416,"IV"
738,"2000",2.90689302862981,"IV"
739,"2000",2.87251201308151,"IV"
740,"2000",3.21329504487089,"IV"
741,"2000",2.95922144406508,"IV"
742,"2000",2.65216900459531,"IV"
743,"2000",2.55421013280633,"IV"
744,"2000",2.79285530364009,"IV"
745,"2000",2.68641004975604,"IV"
746,"2000",2.6798897311799,"IV"
747,"2000",3.11887607032317,"IV"
748,"2000",2.68836603352487,"IV"
749,"2000",2.65453277828677,"IV"
750,"2000",3.02930261970816,"IV"
751,"2000",2.90456295443403,"IV"
752,"2000",2.71451047840973,"IV"
753,"2000",3.16223817966668,"IV"
754,"2000",2.53916950576938,"IV"
755,"2000",2.85182276957086,"IV"
756,"2000",2.89286928970259,"IV"
757,"2000",2.69221016576791,"IV"
758,"2000",3.21959990808419,"IV"
759,"2000",2.92805703455589,"IV"
760,"2000",3.79676349226928,"IV"
761,"2000",2.76830516349538,"IV"
762,"2000",2.66803681771717,"IV"
763,"2000",2.76164556275946,"IV"
764,"2000",3.11223285812133,"IV"
765,"2000",3.05129699099044,"IV"
766,"2000",3.42957832472523,"IV"
767,"2000",2.96148591486522,"IV"
768,"2000",2.8711934026594,"IV"
769,"2000",2.50505498805848,"IV"
770,"2000",3.32405097970589,"IV"
771,"2000",3.12725130160183,"IV"
772,"2000",2.68913978606814,"IV"
773,"2000",2.97678733261563,"IV"
774,"2000",2.76817476148842,"IV"
775,"2000",3.02886336794503,"IV"
776,"2000",2.76835056235658,"IV"
777,"2000",3.12972869230559,"IV"
778,"2000",2.39782608252098,"IV"
779,"2000",2.76713747582235,"IV"
780,"2000",3.13198934852797,"IV"
781,"2000",2.78886723787628,"IV"
782,"2000",3.0040569464198,"IV"
783,"2000",3.01579415435403,"IV"
784,"2000",3.47059724318024,"IV"
785,"2000",2.87227439140043,"IV"
786,"2000",3.31035710736492,"IV"
787,"2000",2.47719803229959,"IV"
788,"2000",2.55043075902662,"IV"
789,"2000",3.08512052271048,"IV"
790,"2000",2.79665949229087,"IV"
791,"2000",2.45819157994581,"IV"
792,"2000",2.76566248730711,"IV"
793,"2000",2.94809556199931,"IV"
794,"2000",2.94547398397572,"IV"
795,"2000",2.61894037225817,"IV"
796,"2000",2.44603385237776,"IV"
797,"2000",2.81973587736978,"IV"
798,"2000",3.21521185758214,"IV"
799,"2000",3.27593406901794,"IV"
800,"2000",2.88314222521838,"IV"
801,"2000",2.94579167003124,"IV"
802,"2000",3.61524467174397,"IV"
803,"2000",2.67477249631014,"IV"
804,"2000",2.74270729074804,"IV"
805,"2000",2.94578568217121,"IV"
806,"2000",2.91987804174188,"IV"
807,"2000",3.20326849823062,"IV"
808,"2000",2.446154238769,"IV"
809,"2000",3.08178686633848,"IV"
810,"2000",3.43025310941765,"IV"
811,"2000",3.91151804445167,"IV"
812,"2000",3.31620561277607,"IV"
813,"2000",2.79226453572636,"IV"
814,"2000",2.75500175828908,"IV"
815,"2000",2.67081644450128,"IV"
816,"2000",2.67368589662642,"IV"
817,"2000",3.20142736558117,"IV"
818,"2000",3.06199554483638,"IV"
819,"2000",3.03844288206118,"IV"
820,"2000",2.84928480238767,"IV"
821,"2000",2.89099025683458,"IV"
822,"2000",3.02016974617546,"IV"
823,"2000",2.86522019097795,"IV"
824,"2000",3.0558037406353,"IV"
825,"2000",3.07699414584307,"IV"
826,"2000",3.47090774823839,"IV"
827,"2000",3.5258363944953,"IV"
828,"2000",3.4014896843854,"IV"
829,"2000",3.24215647489047,"IV"
830,"2000",2.91444936419123,"IV"
831,"2000",3.05339900115672,"IV"
832,"2000",2.6333363627209,"IV"
833,"2000",3.13052627829771,"IV"
834,"2000",2.89024058895667,"IV"
835,"2000",3.15108865964544,"IV"
836,"2000",2.90360624940451,"IV"
837,"2000",2.63781986767902,"IV"
838,"2000",2.69176509429726,"IV"
839,"2000",2.56977140722004,"IV"
840,"2000",2.98872005755518,"IV"
841,"2000",3.66325878140639,"IV"
842,"2000",2.58835772725291,"IV"
843,"2000",2.97810034418755,"IV"
844,"2000",4.03869322488374,"IV"
845,"2000",2.58506666424416,"IV"
846,"2000",3.07250428631135,"IV"
847,"2000",2.93598260512542,"IV"
848,"2000",2.88851478250398,"IV"
849,"2000",2.59962427110271,"IV"
850,"2000",3.41803490103903,"IV"
851,"2000",2.66994620807737,"IV"
852,"2000",3.1594945663578,"IV"
853,"2000",3.33170426216651,"IV"
854,"2000",3.04256721480207,"IV"
855,"2000",2.68859521091986,"IV"
856,"2000",2.699106750349,"IV"
857,"2000",2.75327435867363,"IV"
858,"2000",2.84927449855624,"IV"
859,"2000",2.3344437911369,"IV"
860,"2000",2.98437784294737,"IV"
861,"2000",2.68773497630536,"IV"
862,"2000",2.70645410505132,"IV"
863,"2000",2.90146313160511,"IV"
864,"2000",2.59695445011136,"IV"
865,"2000",2.72499172142235,"IV"
866,"2000",2.85498465478626,"IV"
867,"2000",2.97948079318556,"IV"
868,"2000",3.24505181668761,"IV"
869,"2000",3.0430082993538,"IV"
870,"2000",2.80929529420031,"IV"
871,"2000",2.70152594868353,"IV"
872,"2000",2.48863857499315,"IV"
873,"2000",2.74839068682799,"IV"
874,"2000",2.83445347028396,"IV"
875,"2000",2.67504125435591,"IV"
876,"2000",2.52838464452518,"IV"
877,"2000",2.62850114241181,"IV"
878,"2000",2.67293731951491,"IV"
879,"2000",3.04039062581824,"IV"
880,"2000",3.13384307366198,"IV"
881,"2000",2.95260615565208,"IV"
882,"2000",3.1005197691451,"IV"
883,"2000",2.91906495216664,"IV"
884,"2000",2.93319954562854,"IV"
885,"2000",2.57530700156827,"IV"
886,"2000",2.38312208863196,"IV"
887,"2000",2.40605047161978,"IV"
888,"2000",2.99126459003819,"IV"
889,"2000",3.37586862805435,"IV"
890,"2000",2.59177389808874,"IV"
891,"2000",2.93156349144787,"IV"
892,"2000",2.68402162772594,"IV"
893,"2000",2.48215761245624,"IV"
894,"2000",3.44824763433819,"IV"
895,"2000",3.07300580830296,"IV"
896,"2000",2.88091003411379,"IV"
897,"2000",2.97280936588416,"IV"
898,"2000",2.95639339036672,"IV"
899,"2000",2.97044773284962,"IV"
900,"2000",2.50728691393974,"IV"
901,"2000",2.6052637189592,"IV"
902,"2000",2.92238108190902,"IV"
903,"2000",2.74016375405337,"IV"
904,"2000",3.23466575360209,"IV"
905,"2000",2.84576995895481,"IV"
906,"2000",2.63922318658932,"IV"
907,"2000",2.86125308737463,"IV"
908,"2000",2.42458825340381,"IV"
909,"2000",2.58152846411697,"IV"
910,"2000",3.07553172923383,"IV"
911,"2000",2.90497614556299,"IV"
912,"2000",2.6010735112379,"IV"
913,"2000",2.50576409551081,"IV"
914,"2000",2.84308148083931,"IV"
915,"2000",2.86232856185473,"IV"
916,"2000",2.70820386532043,"IV"
917,"2000",3.01687688065977,"IV"
918,"2000",3.05456080619633,"IV"
919,"2000",2.55309998931419,"IV"
920,"2000",2.94333802860969,"IV"
921,"2000",2.97147877981574,"IV"
922,"2000",3.51372118773552,"IV"
923,"2000",2.5042372881561,"IV"
924,"2000",3.8026546652371,"IV"
925,"2000",2.72446465639438,"IV"
926,"2000",2.69849315953325,"IV"
927,"2000",2.49577632679373,"IV"
928,"2000",2.59542346874167,"IV"
929,"2000",2.61889424506195,"IV"
930,"2000",2.80204531282515,"IV"
931,"2000",3.00032222490375,"IV"
932,"2000",2.93075151370501,"IV"
933,"2000",2.70210384037943,"IV"
934,"2000",2.92430301266723,"IV"
935,"2000",2.98079517292149,"IV"
936,"2000",2.86949708847758,"IV"
937,"2000",3.29234401046212,"IV"
938,"2000",2.72896382635583,"IV"
939,"2000",3.23960502465769,"IV"
940,"2000",2.4690169782209,"IV"
941,"2000",2.81313979925394,"IV"
942,"2000",2.61091137620849,"IV"
943,"2000",3.07060818075853,"IV"
944,"2000",2.4969979894469,"IV"
945,"2000",2.93714520651327,"IV"
946,"2000",3.08082283664273,"IV"
947,"2000",3.01210070829274,"IV"
948,"2000",2.45241676479484,"IV"
949,"2000",3.14966186095671,"IV"
950,"2000",2.97527762860048,"IV"
951,"2000",3.5632056451239,"IV"
952,"2000",3.13446579888613,"IV"
953,"2000",2.80058790676871,"IV"
954,"2000",2.65899962704398,"IV"
955,"2000",2.95929569473324,"IV"
956,"2000",2.50695117140852,"IV"
957,"2000",3.21323176609974,"IV"
958,"2000",3.51026397817199,"IV"
959,"2000",2.75375863862884,"IV"
960,"2000",3.09834202047759,"IV"
961,"2000",2.87861949888688,"IV"
962,"2000",2.95023921254688,"IV"
963,"2000",3.10260448808678,"IV"
964,"2000",3.00109883488823,"IV"
965,"2000",3.05203792363456,"IV"
966,"2000",3.21074198975225,"IV"
967,"2000",2.88725185711026,"IV"
968,"2000",3.11605380384817,"IV"
969,"2000",3.46366463667545,"IV"
970,"2000",2.81207286103588,"IV"
971,"2000",2.53958152769196,"IV"
972,"2000",2.89309896004089,"IV"
973,"2000",2.54735713259302,"IV"
974,"2000",2.80230633290767,"IV"
975,"2000",2.44978201724707,"IV"
976,"2000",3.41311419912418,"IV"
977,"2000",3.15529095635508,"IV"
978,"2000",2.76636778819059,"IV"
979,"2000",2.96323438894163,"IV"
980,"2000",3.04887485865553,"IV"
981,"2000",2.6544432563575,"IV"
982,"2000",3.32773229371963,"IV"
983,"2000",2.93668746688464,"IV"
984,"2000",3.08803781807149,"IV"
985,"2000",2.80553050927665,"IV"
986,"2000",2.85351676042979,"IV"
987,"2000",3.06166039517679,"IV"
988,"2000",2.77159634002206,"IV"
989,"2000",3.5140100188562,"IV"
990,"2000",3.26090403122825,"IV"
991,"2000",3.55328016048473,"IV"
992,"2000",3.11131749958025,"IV"
993,"2000",2.97890800102503,"IV"
994,"2000",2.56916814996394,"IV"
995,"2000",2.42157717150297,"IV"
996,"2000",3.00707897804815,"IV"
997,"2000",3.32724454241521,"IV"
998,"2000",3.330818213187,"IV"
999,"2000",2.52672791303326,"IV"
1000,"2000",3.60375743299009,"IV"
1,"4000",2.9849227143357,"IV"
2,"4000",2.79753995227536,"IV"
3,"4000",2.82545409511095,"IV"
4,"4000",2.72385466789514,"IV"
5,"4000",2.56124201664815,"IV"
6,"4000",2.79176781386831,"IV"
7,"4000",3.00040406504479,"IV"
8,"4000",2.97863494072263,"IV"
9,"4000",2.96193945987413,"IV"
10,"4000",2.87884879918624,"IV"
11,"4000",3.08436928839373,"IV"
12,"4000",2.72886795131814,"IV"
13,"4000",2.85414422183939,"IV"
14,"4000",2.92216520429397,"IV"
15,"4000",2.46903805078767,"IV"
16,"4000",2.76712093052714,"IV"
17,"4000",2.77824178829917,"IV"
18,"4000",2.88859249554732,"IV"
19,"4000",2.79410073176785,"IV"
20,"4000",3.22161068658815,"IV"
21,"4000",2.69917646731855,"IV"
22,"4000",3.05591669159901,"IV"
23,"4000",3.21299672188807,"IV"
24,"4000",2.64100144750102,"IV"
25,"4000",2.71436551052819,"IV"
26,"4000",2.47545876892438,"IV"
27,"4000",3.10781136676593,"IV"
28,"4000",2.99809550190671,"IV"
29,"4000",2.70512039447933,"IV"
30,"4000",2.66744375831893,"IV"
31,"4000",3.11753668460256,"IV"
32,"4000",3.20537249295445,"IV"
33,"4000",2.91690013233587,"IV"
34,"4000",2.94112067715665,"IV"
35,"4000",2.88796661832345,"IV"
36,"4000",3.087457916929,"IV"
37,"4000",2.76420257315884,"IV"
38,"4000",3.20019465768145,"IV"
39,"4000",2.59376040413779,"IV"
40,"4000",2.72803076392916,"IV"
41,"4000",2.49147351916036,"IV"
42,"4000",2.96349331087276,"IV"
43,"4000",3.25696102490993,"IV"
44,"4000",2.86920890332863,"IV"
45,"4000",2.45218542883105,"IV"
46,"4000",2.71705581276584,"IV"
47,"4000",2.68780269415448,"IV"
48,"4000",2.93674544748465,"IV"
49,"4000",3.38178323413399,"IV"
50,"4000",2.8707749035786,"IV"
51,"4000",2.77060778215621,"IV"
52,"4000",2.70610369272088,"IV"
53,"4000",2.73257218719392,"IV"
54,"4000",2.76767704332439,"IV"
55,"4000",2.79438684417635,"IV"
56,"4000",2.59037732096162,"IV"
57,"4000",2.85296421714544,"IV"
58,"4000",2.98350083603511,"IV"
59,"4000",2.79994920332802,"IV"
60,"4000",2.72652607093927,"IV"
61,"4000",2.92984506532732,"IV"
62,"4000",3.38467978987424,"IV"
63,"4000",2.89388775974523,"IV"
64,"4000",2.73289820498364,"IV"
65,"4000",2.60367360137561,"IV"
66,"4000",2.84338697267186,"IV"
67,"4000",3.03019966159261,"IV"
68,"4000",2.83858394138871,"IV"
69,"4000",3.16903891761079,"IV"
70,"4000",2.59464961326076,"IV"
71,"4000",2.70579595258932,"IV"
72,"4000",2.93869152302984,"IV"
73,"4000",3.09697351192251,"IV"
74,"4000",2.97380386580651,"IV"
75,"4000",2.68883898427596,"IV"
76,"4000",2.85868695026314,"IV"
77,"4000",2.9519181845341,"IV"
78,"4000",3.08557087298545,"IV"
79,"4000",3.08718338638718,"IV"
80,"4000",2.75082071288877,"IV"
81,"4000",3.00023626188719,"IV"
82,"4000",2.82866483296259,"IV"
83,"4000",2.54929730222335,"IV"
84,"4000",3.15810125773539,"IV"
85,"4000",2.76340667679726,"IV"
86,"4000",2.7387180857843,"IV"
87,"4000",3.00613943164554,"IV"
88,"4000",2.76671251730959,"IV"
89,"4000",2.95825088571096,"IV"
90,"4000",2.98603507474895,"IV"
91,"4000",2.58830508813972,"IV"
92,"4000",2.71542601598683,"IV"
93,"4000",3.02040389053807,"IV"
94,"4000",2.54183077151005,"IV"
95,"4000",3.26485480053804,"IV"
96,"4000",2.98023314896887,"IV"
97,"4000",3.10484155103968,"IV"
98,"4000",2.7345925615795,"IV"
99,"4000",2.80905744552879,"IV"
100,"4000",2.74751300627703,"IV"
101,"4000",2.81260582339439,"IV"
102,"4000",2.86078090633133,"IV"
103,"4000",2.71698648105671,"IV"
104,"4000",2.58142173088141,"IV"
105,"4000",2.78569248314223,"IV"
106,"4000",3.06858932858708,"IV"
107,"4000",2.82133405740996,"IV"
108,"4000",2.7659103270848,"IV"
109,"4000",3.31381321056914,"IV"
110,"4000",2.68407471603288,"IV"
111,"4000",2.72816929694245,"IV"
112,"4000",2.88461968525097,"IV"
113,"4000",2.8328543363485,"IV"
114,"4000",2.87818104946509,"IV"
115,"4000",2.69629239022449,"IV"
116,"4000",2.69713497559536,"IV"
117,"4000",3.14893531674617,"IV"
118,"4000",2.93649746739164,"IV"
119,"4000",2.98662119105839,"IV"
120,"4000",2.80343101430393,"IV"
121,"4000",2.71612710440913,"IV"
122,"4000",2.9252607053327,"IV"
123,"4000",3.23921400094096,"IV"
124,"4000",2.61135873026423,"IV"
125,"4000",2.97660657319071,"IV"
126,"4000",2.8193602212316,"IV"
127,"4000",2.57436267167435,"IV"
128,"4000",2.79055204391812,"IV"
129,"4000",2.95253377695383,"IV"
130,"4000",2.94949887418084,"IV"
131,"4000",2.87459791259315,"IV"
132,"4000",3.03995713499252,"IV"
133,"4000",2.5699583166823,"IV"
134,"4000",3.03459493004883,"IV"
135,"4000",2.89131994651154,"IV"
136,"4000",2.40741287343846,"IV"
137,"4000",2.81478036763431,"IV"
138,"4000",3.78892145088475,"IV"
139,"4000",2.46480950022447,"IV"
140,"4000",2.76658326720394,"IV"
141,"4000",2.85094414024457,"IV"
142,"4000",3.10912914638057,"IV"
143,"4000",3.1771108468865,"IV"
144,"4000",3.26908569624074,"IV"
145,"4000",2.98964518728473,"IV"
146,"4000",2.73563632773854,"IV"
147,"4000",2.67605791680114,"IV"
148,"4000",2.76900907440284,"IV"
149,"4000",3.15082528246024,"IV"
150,"4000",2.8876545299702,"IV"
151,"4000",2.85112306745407,"IV"
152,"4000",2.7904203745247,"IV"
153,"4000",2.76826506227068,"IV"
154,"4000",2.75254099336703,"IV"
155,"4000",2.69379927310255,"IV"
156,"4000",3.00450308089392,"IV"
157,"4000",3.27341404526897,"IV"
158,"4000",2.42926248917185,"IV"
159,"4000",2.62563718059721,"IV"
160,"4000",3.14265803754626,"IV"
161,"4000",2.9911563103378,"IV"
162,"4000",2.87289652984737,"IV"
163,"4000",2.92206853569655,"IV"
164,"4000",2.69135022864915,"IV"
165,"4000",2.78464261615555,"IV"
166,"4000",3.19131249745278,"IV"
167,"4000",2.52415577162714,"IV"
168,"4000",3.14999523715818,"IV"
169,"4000",3.11208338792899,"IV"
170,"4000",2.91487745058262,"IV"
171,"4000",2.71836907607769,"IV"
172,"4000",2.8939546312917,"IV"
173,"4000",2.45367995642598,"IV"
174,"4000",2.67773101537378,"IV"
175,"4000",2.70782794111022,"IV"
176,"4000",2.62192801316214,"IV"
177,"4000",2.98788479347503,"IV"
178,"4000",2.56408659114677,"IV"
179,"4000",2.89093060918508,"IV"
180,"4000",2.77799598841349,"IV"
181,"4000",3.01214204389329,"IV"
182,"4000",2.73632149037723,"IV"
183,"4000",2.87659311599899,"IV"
184,"4000",2.97972762838492,"IV"
185,"4000",2.88717054180478,"IV"
186,"4000",2.82974068276687,"IV"
187,"4000",3.0289150771509,"IV"
188,"4000",3.05396611121561,"IV"
189,"4000",2.58699969863694,"IV"
190,"4000",2.82020767066783,"IV"
191,"4000",2.78384281772414,"IV"
192,"4000",2.89207974775547,"IV"
193,"4000",2.7118521033418,"IV"
194,"4000",3.30060363366593,"IV"
195,"4000",2.78718470007054,"IV"
196,"4000",2.48968873111825,"IV"
197,"4000",2.97657833138913,"IV"
198,"4000",2.9731457791819,"IV"
199,"4000",2.77951852685458,"IV"
200,"4000",3.08670946911674,"IV"
201,"4000",3.00241413457318,"IV"
202,"4000",2.900325374109,"IV"
203,"4000",2.90774362690209,"IV"
204,"4000",2.90179987561195,"IV"
205,"4000",2.92359105547412,"IV"
206,"4000",2.98394874992586,"IV"
207,"4000",2.94199114120306,"IV"
208,"4000",2.88646786235389,"IV"
209,"4000",2.54696524835139,"IV"
210,"4000",2.84312162446062,"IV"
211,"4000",2.67590858248323,"IV"
212,"4000",2.81048570835093,"IV"
213,"4000",2.67574058696044,"IV"
214,"4000",3.05338674501879,"IV"
215,"4000",2.87233389317527,"IV"
216,"4000",2.92025700886986,"IV"
217,"4000",2.56137504658415,"IV"
218,"4000",2.52479198286493,"IV"
219,"4000",2.50799526102836,"IV"
220,"4000",2.95730594033617,"IV"
221,"4000",2.94435852081988,"IV"
222,"4000",2.79900429726051,"IV"
223,"4000",2.58867570569289,"IV"
224,"4000",2.85063668897169,"IV"
225,"4000",3.15124769451098,"IV"
226,"4000",3.13344360802747,"IV"
227,"4000",2.77889550800515,"IV"
228,"4000",2.91777681242993,"IV"
229,"4000",2.71060308251211,"IV"
230,"4000",2.82333863255277,"IV"
231,"4000",2.68014015535895,"IV"
232,"4000",2.76626349468306,"IV"
233,"4000",2.9031183213912,"IV"
234,"4000",2.81957477864505,"IV"
235,"4000",2.82117287632283,"IV"
236,"4000",3.02681998852059,"IV"
237,"4000",2.72646237533203,"IV"
238,"4000",2.87943117082856,"IV"
239,"4000",2.78814516348583,"IV"
240,"4000",2.81936987772537,"IV"
241,"4000",2.60265813410759,"IV"
242,"4000",2.72854390523725,"IV"
243,"4000",2.82667728037927,"IV"
244,"4000",2.78608491054003,"IV"
245,"4000",3.24028122599517,"IV"
246,"4000",2.63358962561201,"IV"
247,"4000",2.69389663505117,"IV"
248,"4000",2.60039482488193,"IV"
249,"4000",2.87878884071859,"IV"
250,"4000",2.62456774588263,"IV"
251,"4000",3.08939192438265,"IV"
252,"4000",2.48217520490965,"IV"
253,"4000",3.04111110844249,"IV"
254,"4000",3.01520102456259,"IV"
255,"4000",2.79632535565902,"IV"
256,"4000",3.06476643095982,"IV"
257,"4000",3.05415859066254,"IV"
258,"4000",2.73951617960026,"IV"
259,"4000",3.75989671935381,"IV"
260,"4000",3.24450407868156,"IV"
261,"4000",2.86975046691872,"IV"
262,"4000",2.85460473830355,"IV"
263,"4000",2.75932962553714,"IV"
264,"4000",2.50234427710768,"IV"
265,"4000",2.43805159946528,"IV"
266,"4000",2.81940618947121,"IV"
267,"4000",2.76612683763123,"IV"
268,"4000",3.13268488591812,"IV"
269,"4000",2.85985968107536,"IV"
270,"4000",2.66577686973476,"IV"
271,"4000",2.81498068288804,"IV"
272,"4000",2.62715546447311,"IV"
273,"4000",3.00215404536914,"IV"
274,"4000",2.83538686122923,"IV"
275,"4000",2.70093296308224,"IV"
276,"4000",2.69867978767263,"IV"
277,"4000",3.07407629883019,"IV"
278,"4000",2.5571079058597,"IV"
279,"4000",2.59788721116503,"IV"
280,"4000",2.82787834492951,"IV"
281,"4000",2.71588430859483,"IV"
282,"4000",2.88916543608478,"IV"
283,"4000",2.80078920206933,"IV"
284,"4000",2.84524427003463,"IV"
285,"4000",3.05369943531359,"IV"
286,"4000",3.75572739196682,"IV"
287,"4000",2.8756744584784,"IV"
288,"4000",2.57321491496844,"IV"
289,"4000",3.0606674606977,"IV"
290,"4000",3.09547143252504,"IV"
291,"4000",3.07685811089878,"IV"
292,"4000",2.80487335248898,"IV"
293,"4000",3.01004076545351,"IV"
294,"4000",2.65688751384631,"IV"
295,"4000",2.52403351327618,"IV"
296,"4000",2.91974244560349,"IV"
297,"4000",2.80358830497424,"IV"
298,"4000",2.78859080968142,"IV"
299,"4000",2.76711875870808,"IV"
300,"4000",2.96907892307647,"IV"
301,"4000",2.79798057852645,"IV"
302,"4000",2.66298409997114,"IV"
303,"4000",2.5853043128405,"IV"
304,"4000",2.98952643383112,"IV"
305,"4000",2.50993769271107,"IV"
306,"4000",3.40372822870934,"IV"
307,"4000",2.93200983347337,"IV"
308,"4000",2.9978417954884,"IV"
309,"4000",2.56463735548408,"IV"
310,"4000",2.77894525053794,"IV"
311,"4000",2.84369660507503,"IV"
312,"4000",2.83587188961346,"IV"
313,"4000",2.52520515490489,"IV"
314,"4000",2.72267957345878,"IV"
315,"4000",2.8593698068399,"IV"
316,"4000",2.66464314288212,"IV"
317,"4000",2.92328774163503,"IV"
318,"4000",2.85294310453219,"IV"
319,"4000",2.99657134363119,"IV"
320,"4000",2.79057602650261,"IV"
321,"4000",2.95480761917899,"IV"
322,"4000",2.86226717445053,"IV"
323,"4000",2.74260935303771,"IV"
324,"4000",2.96887689941114,"IV"
325,"4000",2.8670237816422,"IV"
326,"4000",2.68821798341167,"IV"
327,"4000",2.91338191469917,"IV"
328,"4000",3.05985338457196,"IV"
329,"4000",3.14559510231507,"IV"
330,"4000",2.93198876456686,"IV"
331,"4000",2.81035108884111,"IV"
332,"4000",3.01235313549477,"IV"
333,"4000",2.71360506240015,"IV"
334,"4000",3.11615558384094,"IV"
335,"4000",3.25277606376641,"IV"
336,"4000",3.35049849816929,"IV"
337,"4000",2.98953272867434,"IV"
338,"4000",2.80638683162816,"IV"
339,"4000",2.58997517611211,"IV"
340,"4000",3.0378474003821,"IV"
341,"4000",2.59674144472756,"IV"
342,"4000",2.88608443219929,"IV"
343,"4000",2.91135570043932,"IV"
344,"4000",2.86587649833351,"IV"
345,"4000",2.77856931753678,"IV"
346,"4000",2.94963571479761,"IV"
347,"4000",2.69443459189997,"IV"
348,"4000",2.58499617997886,"IV"
349,"4000",2.55524263303613,"IV"
350,"4000",2.84331237939941,"IV"
351,"4000",2.6604455559553,"IV"
352,"4000",2.76544033623609,"IV"
353,"4000",2.76519909913618,"IV"
354,"4000",3.23070272634036,"IV"
355,"4000",2.70994161990727,"IV"
356,"4000",2.9382600069105,"IV"
357,"4000",3.43141294122616,"IV"
358,"4000",3.08417704827291,"IV"
359,"4000",2.60044261512368,"IV"
360,"4000",2.84091046071803,"IV"
361,"4000",3.19189896848653,"IV"
362,"4000",3.01850703111588,"IV"
363,"4000",3.0966281938319,"IV"
364,"4000",3.10430208327082,"IV"
365,"4000",3.03949874034266,"IV"
366,"4000",2.68398598094987,"IV"
367,"4000",2.6145733426942,"IV"
368,"4000",2.96978423819692,"IV"
369,"4000",2.51225705628871,"IV"
370,"4000",2.96257430003891,"IV"
371,"4000",3.02597802970718,"IV"
372,"4000",2.55240170667051,"IV"
373,"4000",2.88121757397722,"IV"
374,"4000",2.70742189167138,"IV"
375,"4000",3.07138827739826,"IV"
376,"4000",2.99231409304386,"IV"
377,"4000",2.56447886331119,"IV"
378,"4000",2.66843411331917,"IV"
379,"4000",2.60926117912115,"IV"
380,"4000",3.17509730416216,"IV"
381,"4000",2.60382317714214,"IV"
382,"4000",2.68720517536937,"IV"
383,"4000",2.90559548364911,"IV"
384,"4000",2.82772376251335,"IV"
385,"4000",2.91830927560339,"IV"
386,"4000",2.71640741521671,"IV"
387,"4000",3.09111578335746,"IV"
388,"4000",2.84176765013584,"IV"
389,"4000",2.64188398718403,"IV"
390,"4000",3.05369910228075,"IV"
391,"4000",2.88709938805031,"IV"
392,"4000",2.97340700890181,"IV"
393,"4000",3.43670887977169,"IV"
394,"4000",2.87059167595937,"IV"
395,"4000",2.54564533056108,"IV"
396,"4000",2.61811603834478,"IV"
397,"4000",2.7301658532522,"IV"
398,"4000",3.12534624532576,"IV"
399,"4000",2.68035800710718,"IV"
400,"4000",2.82060748742506,"IV"
401,"4000",2.63138456681628,"IV"
402,"4000",2.76577687501139,"IV"
403,"4000",2.77302055699197,"IV"
404,"4000",2.92417980561189,"IV"
405,"4000",2.68392360707052,"IV"
406,"4000",2.48608920926884,"IV"
407,"4000",3.60105374659303,"IV"
408,"4000",2.63622496736776,"IV"
409,"4000",3.05999836576486,"IV"
410,"4000",2.73367145862009,"IV"
411,"4000",2.90401495683837,"IV"
412,"4000",3.04698040089884,"IV"
413,"4000",2.44353268223058,"IV"
414,"4000",2.9479761988434,"IV"
415,"4000",2.68692900714109,"IV"
416,"4000",2.67445160428655,"IV"
417,"4000",2.99279461247898,"IV"
418,"4000",3.1000661510509,"IV"
419,"4000",3.01853178623061,"IV"
420,"4000",3.00646263824254,"IV"
421,"4000",2.6623629332877,"IV"
422,"4000",2.77031566752276,"IV"
423,"4000",2.67264322333805,"IV"
424,"4000",2.67756927821277,"IV"
425,"4000",2.61859856918949,"IV"
426,"4000",3.00141033778842,"IV"
427,"4000",2.60319496518649,"IV"
428,"4000",3.25137963407138,"IV"
429,"4000",2.84186761643772,"IV"
430,"4000",3.10833992238902,"IV"
431,"4000",2.76235636861455,"IV"
432,"4000",2.87964965617686,"IV"
433,"4000",2.66485200688467,"IV"
434,"4000",2.77850962420546,"IV"
435,"4000",2.75690475376268,"IV"
436,"4000",3.07457345367394,"IV"
437,"4000",3.05318254707733,"IV"
438,"4000",2.54833628713428,"IV"
439,"4000",2.88444747028986,"IV"
440,"4000",3.08464610663769,"IV"
441,"4000",2.91089353854657,"IV"
442,"4000",2.43265193544518,"IV"
443,"4000",2.62380390660252,"IV"
444,"4000",2.91020496916201,"IV"
445,"4000",2.76429427011424,"IV"
446,"4000",3.26216470149654,"IV"
447,"4000",2.60576672691425,"IV"
448,"4000",2.82205380335393,"IV"
449,"4000",2.78715920278238,"IV"
450,"4000",2.52316870326662,"IV"
451,"4000",3.13141693351538,"IV"
452,"4000",2.76120987260502,"IV"
453,"4000",2.94594080532113,"IV"
454,"4000",3.0148153428647,"IV"
455,"4000",2.96383975137291,"IV"
456,"4000",3.17548613523343,"IV"
457,"4000",2.8450528100398,"IV"
458,"4000",2.775845901008,"IV"
459,"4000",3.04908858623534,"IV"
460,"4000",2.96661628852483,"IV"
461,"4000",2.89838520059866,"IV"
462,"4000",2.85247932660841,"IV"
463,"4000",2.89774076897743,"IV"
464,"4000",2.62120915176018,"IV"
465,"4000",2.7134716696781,"IV"
466,"4000",2.51381135909753,"IV"
467,"4000",3.18204169623979,"IV"
468,"4000",2.67626387327547,"IV"
469,"4000",2.89890341763645,"IV"
470,"4000",3.1478060758831,"IV"
471,"4000",2.83890751956503,"IV"
472,"4000",2.70687919950548,"IV"
473,"4000",2.74859844190185,"IV"
474,"4000",3.2260504270782,"IV"
475,"4000",2.86996799138381,"IV"
476,"4000",2.68234969185006,"IV"
477,"4000",2.81097163667986,"IV"
478,"4000",2.74563745651145,"IV"
479,"4000",2.7284211151856,"IV"
480,"4000",3.19839663165752,"IV"
481,"4000",2.57776773716923,"IV"
482,"4000",2.86682536964377,"IV"
483,"4000",2.87024280908549,"IV"
484,"4000",2.73236608131127,"IV"
485,"4000",2.95518949331132,"IV"
486,"4000",3.15807603874687,"IV"
487,"4000",2.86890371677003,"IV"
488,"4000",3.04903636307729,"IV"
489,"4000",2.54315657182072,"IV"
490,"4000",2.71918998434533,"IV"
491,"4000",2.58467226586099,"IV"
492,"4000",2.62953716572391,"IV"
493,"4000",2.53437145768082,"IV"
494,"4000",2.83860917385324,"IV"
495,"4000",2.67325707633427,"IV"
496,"4000",2.93595851501305,"IV"
497,"4000",2.65613255090144,"IV"
498,"4000",3.0514775733804,"IV"
499,"4000",2.71478063653152,"IV"
500,"4000",2.70072069150059,"IV"
501,"4000",2.87553786633075,"IV"
502,"4000",2.98408705596495,"IV"
503,"4000",3.07999754578877,"IV"
504,"4000",2.80716624797146,"IV"
505,"4000",2.84318898934613,"IV"
506,"4000",3.0099857683777,"IV"
507,"4000",2.55713414943318,"IV"
508,"4000",2.97084808577487,"IV"
509,"4000",2.94909363351152,"IV"
510,"4000",3.22975194600549,"IV"
511,"4000",2.82455021183154,"IV"
512,"4000",3.03821997878298,"IV"
513,"4000",2.59333308474976,"IV"
514,"4000",2.97219382993653,"IV"
515,"4000",2.84545857628294,"IV"
516,"4000",2.79167777565265,"IV"
517,"4000",2.85804840229059,"IV"
518,"4000",3.26094687797851,"IV"
519,"4000",2.91059403209835,"IV"
520,"4000",2.86331762170052,"IV"
521,"4000",2.88372043785018,"IV"
522,"4000",2.91623900230326,"IV"
523,"4000",3.05931446267021,"IV"
524,"4000",3.04518263108767,"IV"
525,"4000",3.09466538321918,"IV"
526,"4000",2.97827822198762,"IV"
527,"4000",2.83613181843942,"IV"
528,"4000",2.63272095244913,"IV"
529,"4000",3.09941124842097,"IV"
530,"4000",2.75677101799865,"IV"
531,"4000",3.38776372997992,"IV"
532,"4000",3.03296958534052,"IV"
533,"4000",2.67197513555707,"IV"
534,"4000",2.75285557616581,"IV"
535,"4000",2.82819369957427,"IV"
536,"4000",2.73496830213121,"IV"
537,"4000",3.22875950749419,"IV"
538,"4000",2.91784146145426,"IV"
539,"4000",2.7423982172462,"IV"
540,"4000",2.7973265051733,"IV"
541,"4000",3.00051888773052,"IV"
542,"4000",2.88123343343962,"IV"
543,"4000",2.61621303749125,"IV"
544,"4000",2.74162745136261,"IV"
545,"4000",2.76335464590345,"IV"
546,"4000",2.89535935628636,"IV"
547,"4000",2.76759162366899,"IV"
548,"4000",2.58346689496059,"IV"
549,"4000",2.92729776901936,"IV"
550,"4000",3.25994609392624,"IV"
551,"4000",2.82455806985364,"IV"
552,"4000",2.85245575160459,"IV"
553,"4000",2.98510930164716,"IV"
554,"4000",2.69850655466652,"IV"
555,"4000",2.91390308930421,"IV"
556,"4000",2.86978210015357,"IV"
557,"4000",2.55174956968179,"IV"
558,"4000",2.91907380657614,"IV"
559,"4000",2.91807575351137,"IV"
560,"4000",2.80989946955969,"IV"
561,"4000",2.76907468296974,"IV"
562,"4000",3.13923151603293,"IV"
563,"4000",2.57817195137618,"IV"
564,"4000",2.790578932187,"IV"
565,"4000",2.94063267138827,"IV"
566,"4000",2.84637665772792,"IV"
567,"4000",3.31688432405898,"IV"
568,"4000",3.12406147502673,"IV"
569,"4000",3.09135723915668,"IV"
570,"4000",2.74607100151901,"IV"
571,"4000",3.1132334169314,"IV"
572,"4000",2.86089040906853,"IV"
573,"4000",2.93767429939035,"IV"
574,"4000",3.0775390064559,"IV"
575,"4000",2.74224785301237,"IV"
576,"4000",2.75837363105124,"IV"
577,"4000",3.19790871586882,"IV"
578,"4000",2.6283027092086,"IV"
579,"4000",2.67388708036704,"IV"
580,"4000",2.67983983398722,"IV"
581,"4000",3.09368221551846,"IV"
582,"4000",2.87658733874204,"IV"
583,"4000",3.1390785038316,"IV"
584,"4000",3.0918539075351,"IV"
585,"4000",3.01147064986207,"IV"
586,"4000",2.88943486715603,"IV"
587,"4000",2.70239562484289,"IV"
588,"4000",2.54087908869027,"IV"
589,"4000",2.99402760273842,"IV"
590,"4000",2.88137805969376,"IV"
591,"4000",2.73490013213665,"IV"
592,"4000",2.98402671969683,"IV"
593,"4000",2.75829825921265,"IV"
594,"4000",3.050510526015,"IV"
595,"4000",2.90118238472973,"IV"
596,"4000",2.80181704716694,"IV"
597,"4000",3.15531633295224,"IV"
598,"4000",2.6249716137573,"IV"
599,"4000",2.94262099233968,"IV"
600,"4000",3.07398558779627,"IV"
601,"4000",2.87489897358132,"IV"
602,"4000",3.00996623026769,"IV"
603,"4000",3.07758136569271,"IV"
604,"4000",2.73179956994912,"IV"
605,"4000",3.13751491481506,"IV"
606,"4000",2.67756833077249,"IV"
607,"4000",2.82944723914662,"IV"
608,"4000",2.76790060672007,"IV"
609,"4000",2.74829656321124,"IV"
610,"4000",2.66075640926468,"IV"
611,"4000",3.18948132908057,"IV"
612,"4000",2.70696371461145,"IV"
613,"4000",2.71518783601721,"IV"
614,"4000",3.08642607120922,"IV"
615,"4000",3.19527450758628,"IV"
616,"4000",3.22116753291853,"IV"
617,"4000",2.70416669476207,"IV"
618,"4000",2.94245126825327,"IV"
619,"4000",2.99314850222206,"IV"
620,"4000",2.99112573342613,"IV"
621,"4000",2.74000525678289,"IV"
622,"4000",3.08438571623275,"IV"
623,"4000",2.88363625893907,"IV"
624,"4000",2.73528521095622,"IV"
625,"4000",2.71752684188154,"IV"
626,"4000",2.65732987482232,"IV"
627,"4000",3.20299202598311,"IV"
628,"4000",2.73147552199279,"IV"
629,"4000",2.55009383846631,"IV"
630,"4000",2.74196705355463,"IV"
631,"4000",2.8368637034518,"IV"
632,"4000",2.77063156371071,"IV"
633,"4000",2.99856587177562,"IV"
634,"4000",3.31078680538213,"IV"
635,"4000",2.88197607329592,"IV"
636,"4000",2.45258501056008,"IV"
637,"4000",2.92476899471038,"IV"
638,"4000",2.87300927681916,"IV"
639,"4000",2.77472873129534,"IV"
640,"4000",2.69963616642037,"IV"
641,"4000",3.05833363152027,"IV"
642,"4000",2.76937762835069,"IV"
643,"4000",2.58669238376664,"IV"
644,"4000",2.78070842768888,"IV"
645,"4000",3.2734087129403,"IV"
646,"4000",2.84635568266346,"IV"
647,"4000",2.69886311293446,"IV"
648,"4000",2.97449826948822,"IV"
649,"4000",3.03759847681505,"IV"
650,"4000",2.78406444209501,"IV"
651,"4000",2.94785651428813,"IV"
652,"4000",2.7072109285965,"IV"
653,"4000",3.26767635571459,"IV"
654,"4000",3.18128487735888,"IV"
655,"4000",2.85845837800528,"IV"
656,"4000",2.86622932808175,"IV"
657,"4000",2.62679905221629,"IV"
658,"4000",2.9740576094171,"IV"
659,"4000",2.86555810234904,"IV"
660,"4000",2.81145625650973,"IV"
661,"4000",3.1873393860988,"IV"
662,"4000",2.91947406263375,"IV"
663,"4000",3.10699771005696,"IV"
664,"4000",2.74023673454913,"IV"
665,"4000",2.91227610398607,"IV"
666,"4000",3.09405281756246,"IV"
667,"4000",2.59091567754176,"IV"
668,"4000",2.87914027219171,"IV"
669,"4000",2.85750989697701,"IV"
670,"4000",2.63912242528504,"IV"
671,"4000",2.84354532195631,"IV"
672,"4000",2.89888305320715,"IV"
673,"4000",2.88294237406474,"IV"
674,"4000",2.95465193585167,"IV"
675,"4000",3.1826093905769,"IV"
676,"4000",3.27357429069822,"IV"
677,"4000",2.85466929269798,"IV"
678,"4000",2.88103640025641,"IV"
679,"4000",2.8198382476247,"IV"
680,"4000",2.90112008441341,"IV"
681,"4000",2.96420967269546,"IV"
682,"4000",3.01435818861469,"IV"
683,"4000",2.68353283489444,"IV"
684,"4000",2.7688588483892,"IV"
685,"4000",3.21230292897819,"IV"
686,"4000",3.11051142269406,"IV"
687,"4000",3.00344877486499,"IV"
688,"4000",2.6187427382434,"IV"
689,"4000",3.09963974483115,"IV"
690,"4000",2.87985625125635,"IV"
691,"4000",3.34216250922333,"IV"
692,"4000",3.12521246683699,"IV"
693,"4000",2.6749495272824,"IV"
694,"4000",2.81641406381019,"IV"
695,"4000",2.81079184890329,"IV"
696,"4000",2.87352313560025,"IV"
697,"4000",2.96029133638585,"IV"
698,"4000",2.99334652731523,"IV"
699,"4000",2.62170354110572,"IV"
700,"4000",2.89050761845929,"IV"
701,"4000",2.86611907696116,"IV"
702,"4000",3.05084352193018,"IV"
703,"4000",2.88823851295646,"IV"
704,"4000",2.4652925458716,"IV"
705,"4000",2.94929270023585,"IV"
706,"4000",2.90065240602366,"IV"
707,"4000",2.78142867824256,"IV"
708,"4000",2.64296608232705,"IV"
709,"4000",2.769972473427,"IV"
710,"4000",3.04396100692574,"IV"
711,"4000",2.86868643914508,"IV"
712,"4000",3.08314570903367,"IV"
713,"4000",2.9743963339945,"IV"
714,"4000",2.76100515590832,"IV"
715,"4000",2.83614113449538,"IV"
716,"4000",3.23057094955066,"IV"
717,"4000",2.85875099878946,"IV"
718,"4000",2.80086791490489,"IV"
719,"4000",3.23177969999217,"IV"
720,"4000",2.99138721648985,"IV"
721,"4000",2.6086439347853,"IV"
722,"4000",2.82396473633104,"IV"
723,"4000",2.86225023457079,"IV"
724,"4000",3.15273308981288,"IV"
725,"4000",2.92317790940969,"IV"
726,"4000",2.87178941132741,"IV"
727,"4000",2.980621480475,"IV"
728,"4000",2.80179529538508,"IV"
729,"4000",2.54876449583442,"IV"
730,"4000",2.61641463870937,"IV"
731,"4000",2.89147793767169,"IV"
732,"4000",3.08168238270023,"IV"
733,"4000",2.79255394198555,"IV"
734,"4000",3.21446659862032,"IV"
735,"4000",2.76670876074464,"IV"
736,"4000",2.93761575543967,"IV"
737,"4000",2.68761032171956,"IV"
738,"4000",2.49109004871901,"IV"
739,"4000",2.81404752675469,"IV"
740,"4000",2.67608165332094,"IV"
741,"4000",2.77204549186126,"IV"
742,"4000",3.10793012574764,"IV"
743,"4000",2.98383636002266,"IV"
744,"4000",3.03499446996735,"IV"
745,"4000",2.62937056178276,"IV"
746,"4000",2.85788567285533,"IV"
747,"4000",2.6183136330486,"IV"
748,"4000",2.62818142884221,"IV"
749,"4000",2.89800805770244,"IV"
750,"4000",2.99734067230716,"IV"
751,"4000",2.6185091446957,"IV"
752,"4000",2.92835883273065,"IV"
753,"4000",2.74668676910345,"IV"
754,"4000",2.81031312454761,"IV"
755,"4000",2.83225495189432,"IV"
756,"4000",2.89539759639554,"IV"
757,"4000",2.93932058924562,"IV"
758,"4000",2.76315572532851,"IV"
759,"4000",3.0138672746659,"IV"
760,"4000",2.82605400415282,"IV"
761,"4000",2.67584209589923,"IV"
762,"4000",2.66226206786316,"IV"
763,"4000",2.99992700745665,"IV"
764,"4000",2.85646395150127,"IV"
765,"4000",2.83160084429444,"IV"
766,"4000",2.73115774162133,"IV"
767,"4000",2.98943281751158,"IV"
768,"4000",2.82119659354274,"IV"
769,"4000",2.84441945603966,"IV"
770,"4000",2.57360812677203,"IV"
771,"4000",2.77760765711592,"IV"
772,"4000",3.18624322021696,"IV"
773,"4000",2.58696317383179,"IV"
774,"4000",2.5970645976358,"IV"
775,"4000",2.68144453932101,"IV"
776,"4000",2.84254303788567,"IV"
777,"4000",2.97154914598935,"IV"
778,"4000",2.84310646416715,"IV"
779,"4000",2.66371141750787,"IV"
780,"4000",3.06742375839805,"IV"
781,"4000",3.24527204461953,"IV"
782,"4000",2.88784621978318,"IV"
783,"4000",2.8136581429957,"IV"
784,"4000",3.05419678502719,"IV"
785,"4000",3.23849545516856,"IV"
786,"4000",3.37059912556724,"IV"
787,"4000",2.50561584779035,"IV"
788,"4000",3.15312350301535,"IV"
789,"4000",2.79176555483159,"IV"
790,"4000",2.84088974212775,"IV"
791,"4000",2.80814220031185,"IV"
792,"4000",2.96536618113535,"IV"
793,"4000",2.9342003905427,"IV"
794,"4000",3.04512412204516,"IV"
795,"4000",2.48786398698499,"IV"
796,"4000",2.75729503062721,"IV"
797,"4000",2.83831475585976,"IV"
798,"4000",2.51595641219683,"IV"
799,"4000",2.72483994967159,"IV"
800,"4000",2.8312544954429,"IV"
801,"4000",2.9500017570258,"IV"
802,"4000",2.73763888077973,"IV"
803,"4000",3.2802418886697,"IV"
804,"4000",2.822108087937,"IV"
805,"4000",2.9222284970032,"IV"
806,"4000",2.74330725254124,"IV"
807,"4000",2.70325337583098,"IV"
808,"4000",3.06469148529545,"IV"
809,"4000",2.75382248933703,"IV"
810,"4000",2.72583846499693,"IV"
811,"4000",2.9188784911584,"IV"
812,"4000",2.86214876583644,"IV"
813,"4000",2.54472506406318,"IV"
814,"4000",3.07363511063226,"IV"
815,"4000",3.13930724400959,"IV"
816,"4000",3.13225553928177,"IV"
817,"4000",2.65851898764907,"IV"
818,"4000",3.26008848593138,"IV"
819,"4000",2.76223536715504,"IV"
820,"4000",2.86959576496384,"IV"
821,"4000",2.9326823241232,"IV"
822,"4000",2.86878554796282,"IV"
823,"4000",3.03949610257436,"IV"
824,"4000",3.1559475845792,"IV"
825,"4000",2.60748017078786,"IV"
826,"4000",3.01101384997358,"IV"
827,"4000",2.8744583079577,"IV"
828,"4000",2.79649916258671,"IV"
829,"4000",2.83269185375201,"IV"
830,"4000",2.89446175534992,"IV"
831,"4000",2.82894763555676,"IV"
832,"4000",3.15815985152829,"IV"
833,"4000",2.50620228108528,"IV"
834,"4000",2.64205885950372,"IV"
835,"4000",3.19062785490314,"IV"
836,"4000",3.00073297516484,"IV"
837,"4000",2.84027051109043,"IV"
838,"4000",2.99725367126604,"IV"
839,"4000",2.70706857720133,"IV"
840,"4000",2.76021287541525,"IV"
841,"4000",2.92182878771937,"IV"
842,"4000",2.67644676444713,"IV"
843,"4000",2.84424995837078,"IV"
844,"4000",2.88252546692895,"IV"
845,"4000",3.1243663683882,"IV"
846,"4000",3.11444339474937,"IV"
847,"4000",2.73883803194895,"IV"
848,"4000",3.40064713778162,"IV"
849,"4000",3.03684865759039,"IV"
850,"4000",2.86705318751627,"IV"
851,"4000",2.59937911263575,"IV"
852,"4000",2.89002899037515,"IV"
853,"4000",2.89717067904709,"IV"
854,"4000",2.86956291521139,"IV"
855,"4000",2.86128291437131,"IV"
856,"4000",3.06407594547683,"IV"
857,"4000",3.08491882289466,"IV"
858,"4000",2.83544985524061,"IV"
859,"4000",3.54951135489991,"IV"
860,"4000",3.05555574685301,"IV"
861,"4000",2.92190269911196,"IV"
862,"4000",2.6664962872973,"IV"
863,"4000",3.0837109044761,"IV"
864,"4000",2.77295186374897,"IV"
865,"4000",2.97073541912871,"IV"
866,"4000",2.80202310681274,"IV"
867,"4000",2.84935295957728,"IV"
868,"4000",2.70790486721529,"IV"
869,"4000",3.07666484812782,"IV"
870,"4000",3.19567669888552,"IV"
871,"4000",2.80287452980512,"IV"
872,"4000",2.69319744493876,"IV"
873,"4000",2.75834104954882,"IV"
874,"4000",3.15644090248764,"IV"
875,"4000",2.86700822533206,"IV"
876,"4000",2.83488222077769,"IV"
877,"4000",2.83914127491099,"IV"
878,"4000",2.80408786319915,"IV"
879,"4000",2.96474355254594,"IV"
880,"4000",2.80020127800327,"IV"
881,"4000",3.15981158964404,"IV"
882,"4000",2.9618428548539,"IV"
883,"4000",2.9019267460653,"IV"
884,"4000",2.88936063471811,"IV"
885,"4000",2.97880807814204,"IV"
886,"4000",2.98254089688979,"IV"
887,"4000",2.4578558655081,"IV"
888,"4000",2.66627961022778,"IV"
889,"4000",2.61039371227872,"IV"
890,"4000",3.2811880340106,"IV"
891,"4000",2.73003179981686,"IV"
892,"4000",2.74115784044301,"IV"
893,"4000",3.23028448425155,"IV"
894,"4000",3.36779180817792,"IV"
895,"4000",2.9742061931901,"IV"
896,"4000",2.72286736202209,"IV"
897,"4000",2.80216146075645,"IV"
898,"4000",2.74429373730859,"IV"
899,"4000",2.868270440779,"IV"
900,"4000",3.20818550156908,"IV"
901,"4000",2.88045208055793,"IV"
902,"4000",2.79004960969986,"IV"
903,"4000",2.99724354628157,"IV"
904,"4000",2.8208361077581,"IV"
905,"4000",3.21483217265894,"IV"
906,"4000",2.57944232312504,"IV"
907,"4000",2.79259353677007,"IV"
908,"4000",3.05598126510729,"IV"
909,"4000",2.85969664558691,"IV"
910,"4000",2.64316202435988,"IV"
911,"4000",3.02225022540897,"IV"
912,"4000",2.92454611005005,"IV"
913,"4000",2.90409620001552,"IV"
914,"4000",2.78773216078565,"IV"
915,"4000",2.79064422492913,"IV"
916,"4000",3.00192870465576,"IV"
917,"4000",2.86301606801102,"IV"
918,"4000",3.10759174197151,"IV"
919,"4000",2.52247648275248,"IV"
920,"4000",2.86082956465835,"IV"
921,"4000",2.85138801740966,"IV"
922,"4000",3.05802832237033,"IV"
923,"4000",2.97836216047018,"IV"
924,"4000",3.07064961776236,"IV"
925,"4000",2.99605690698425,"IV"
926,"4000",3.00590132788301,"IV"
927,"4000",2.55239317832633,"IV"
928,"4000",3.1166577211648,"IV"
929,"4000",2.55078508914811,"IV"
930,"4000",2.7703624915387,"IV"
931,"4000",2.69220590797141,"IV"
932,"4000",2.96585824869501,"IV"
933,"4000",3.01648393919145,"IV"
934,"4000",2.74332480352224,"IV"
935,"4000",2.86590290952506,"IV"
936,"4000",2.78391083162392,"IV"
937,"4000",3.31834043123246,"IV"
938,"4000",2.67457339012669,"IV"
939,"4000",2.61901938360125,"IV"
940,"4000",2.88182926983239,"IV"
941,"4000",2.61450493832652,"IV"
942,"4000",2.69565060904371,"IV"
943,"4000",2.88167591131894,"IV"
944,"4000",3.16381308194213,"IV"
945,"4000",2.69393570628286,"IV"
946,"4000",2.96721313500861,"IV"
947,"4000",2.92375859124202,"IV"
948,"4000",2.96576509781369,"IV"
949,"4000",2.85575984258067,"IV"
950,"4000",2.56386638861615,"IV"
951,"4000",3.28453219532284,"IV"
952,"4000",2.78456685980956,"IV"
953,"4000",3.2088272364108,"IV"
954,"4000",2.43046426816909,"IV"
955,"4000",3.43441335588799,"IV"
956,"4000",2.84185206254674,"IV"
957,"4000",2.66457840696953,"IV"
958,"4000",2.73863415570973,"IV"
959,"4000",3.09132096681662,"IV"
960,"4000",2.78390885573568,"IV"
961,"4000",2.84947300568546,"IV"
962,"4000",2.75047163484508,"IV"
963,"4000",2.49469126599059,"IV"
964,"4000",3.19853130382055,"IV"
965,"4000",3.25802959715099,"IV"
966,"4000",3.00944732577617,"IV"
967,"4000",2.54700071152643,"IV"
968,"4000",2.97513307723366,"IV"
969,"4000",2.94606385136514,"IV"
970,"4000",2.61763252292812,"IV"
971,"4000",3.12869781123473,"IV"
972,"4000",2.82607480696821,"IV"
973,"4000",3.03903708855661,"IV"
974,"4000",2.79355211939561,"IV"
975,"4000",2.6288734804163,"IV"
976,"4000",2.92624537173332,"IV"
977,"4000",2.73272659855105,"IV"
978,"4000",2.94537952347171,"IV"
979,"4000",3.18333626524745,"IV"
980,"4000",2.7401704434778,"IV"
981,"4000",2.90409993249402,"IV"
982,"4000",3.00490993729374,"IV"
983,"4000",2.90565046219813,"IV"
984,"4000",2.77039685851864,"IV"
985,"4000",2.70347891785176,"IV"
986,"4000",2.98861778121399,"IV"
987,"4000",2.64808713644151,"IV"
988,"4000",2.98711775255231,"IV"
989,"4000",3.41390268773917,"IV"
990,"4000",2.77584342706025,"IV"
991,"4000",2.84573263833022,"IV"
992,"4000",2.76932243147943,"IV"
993,"4000",2.91745247908754,"IV"
994,"4000",2.66245249541676,"IV"
995,"4000",2.98580626769716,"IV"
996,"4000",2.9844189416588,"IV"
997,"4000",2.56339284682899,"IV"
998,"4000",3.14635310939632,"IV"
999,"4000",3.25485862412525,"IV"
1000,"4000",2.90537854789792,"IV"
1,"500",-6.32350388448018,"Unadjusted"
2,"500",-3.51955902431812,"Unadjusted"
3,"500",22.9496402877712,"Unadjusted"
4,"500",421.088497761196,"Unadjusted"
5,"500",-377.244032616366,"Unadjusted"
6,"500",-19.3139292444992,"Unadjusted"
7,"500",-24.1486744997746,"Unadjusted"
8,"500",-5.92584674692953,"Unadjusted"
9,"500",37.0735138937733,"Unadjusted"
10,"500",-19.9233815942746,"Unadjusted"
11,"500",-7.88627411754982,"Unadjusted"
12,"500",7.03742155238833,"Unadjusted"
13,"500",18.6445643154865,"Unadjusted"
14,"500",-5.17882002779395,"Unadjusted"
15,"500",-7.8214914792396,"Unadjusted"
16,"500",10.20090620895,"Unadjusted"
17,"500",61.0468410631874,"Unadjusted"
18,"500",-78.1072866380659,"Unadjusted"
19,"500",-229.80528511797,"Unadjusted"
20,"500",-16.0963160995728,"Unadjusted"
21,"500",-73.1464012222166,"Unadjusted"
22,"500",-13.3473588299891,"Unadjusted"
23,"500",-12.2947268961013,"Unadjusted"
24,"500",46.6500002082549,"Unadjusted"
25,"500",-94.5182836754903,"Unadjusted"
26,"500",-14.0412104419207,"Unadjusted"
27,"500",-34.5807847106483,"Unadjusted"
28,"500",-22.3929603266464,"Unadjusted"
29,"500",-9.13300492609376,"Unadjusted"
30,"500",36.3235294119325,"Unadjusted"
31,"500",-7.3163848795377,"Unadjusted"
32,"500",16.4947813963516,"Unadjusted"
33,"500",-6.6332934517882,"Unadjusted"
34,"500",12.5931540402786,"Unadjusted"
35,"500",-23.0135651909249,"Unadjusted"
36,"500",-57.9411514445447,"Unadjusted"
37,"500",46.1164871551261,"Unadjusted"
38,"500",-13.2305936065991,"Unadjusted"
39,"500",-7.37100736945424,"Unadjusted"
40,"500",16.4084309133482,"Unadjusted"
41,"500",12.7464159832075,"Unadjusted"
42,"500",-670.929032258489,"Unadjusted"
43,"500",-6.2642582932967,"Unadjusted"
44,"500",8.01289827170807,"Unadjusted"
45,"500",23.1558743849874,"Unadjusted"
46,"500",17.0087954560579,"Unadjusted"
47,"500",-76.2778497489006,"Unadjusted"
48,"500",-11.856819525356,"Unadjusted"
49,"500",-15.9426698556378,"Unadjusted"
50,"500",-5.57851154972934,"Unadjusted"
51,"500",-9.83192427445547,"Unadjusted"
52,"500",-97.254237187623,"Unadjusted"
53,"500",-32.8242357857616,"Unadjusted"
54,"500",-104.331774359797,"Unadjusted"
55,"500",17.5331393488344,"Unadjusted"
56,"500",-55.4767198217049,"Unadjusted"
57,"500",-28.1530856795933,"Unadjusted"
58,"500",-22.7655347064087,"Unadjusted"
59,"500",-9.53527538624774,"Unadjusted"
60,"500",-14.456045806668,"Unadjusted"
61,"500",-38.3535709002429,"Unadjusted"
62,"500",-22.4974967836425,"Unadjusted"
63,"500",-26.0304692182203,"Unadjusted"
64,"500",-13.5852727965915,"Unadjusted"
65,"500",-5.44626479135455,"Unadjusted"
66,"500",17.2521527321725,"Unadjusted"
67,"500",10.7411482173956,"Unadjusted"
68,"500",625.696507646836,"Unadjusted"
69,"500",-14.2181588898667,"Unadjusted"
70,"500",-12.2332624726851,"Unadjusted"
71,"500",-12.42816365361,"Unadjusted"
72,"500",9.45466817660272,"Unadjusted"
73,"500",-71.011560693644,"Unadjusted"
74,"500",-8.61252200998898,"Unadjusted"
75,"500",-11.0248511324075,"Unadjusted"
76,"500",-9.28533521174619,"Unadjusted"
77,"500",-27.6315788069056,"Unadjusted"
78,"500",111.74666666664,"Unadjusted"
79,"500",11.6402146142629,"Unadjusted"
80,"500",876.697765148318,"Unadjusted"
81,"500",-164.786729854735,"Unadjusted"
82,"500",-10.1679006039965,"Unadjusted"
83,"500",-157.27777777766,"Unadjusted"
84,"500",-11.0107671656501,"Unadjusted"
85,"500",62.6510234648099,"Unadjusted"
86,"500",-9.17529554577482,"Unadjusted"
87,"500",-25.0243902436219,"Unadjusted"
88,"500",-6.50544563345442,"Unadjusted"
89,"500",-6.10699748013177,"Unadjusted"
90,"500",-217.948658567531,"Unadjusted"
91,"500",38.249745212377,"Unadjusted"
92,"500",19353.8333353791,"Unadjusted"
93,"500",-5.19652784409892,"Unadjusted"
94,"500",-22.6451941393698,"Unadjusted"
95,"500",-18.293653180409,"Unadjusted"
96,"500",37.6964539320106,"Unadjusted"
97,"500",-48.7593410490271,"Unadjusted"
98,"500",37.9354376386777,"Unadjusted"
99,"500",78.5100603636735,"Unadjusted"
100,"500",-7.48268718555851,"Unadjusted"
101,"500",-14.3451776649723,"Unadjusted"
102,"500",-7.39676155364384,"Unadjusted"
103,"500",98.4593177349919,"Unadjusted"
104,"500",-23.0689883182676,"Unadjusted"
105,"500",13.5558982266769,"Unadjusted"
106,"500",-8.22240943555159,"Unadjusted"
107,"500",37.9956616052085,"Unadjusted"
108,"500",36.0384282293553,"Unadjusted"
109,"500",-7.70195765021417,"Unadjusted"
110,"500",-8.06800618237175,"Unadjusted"
111,"500",122.713170523427,"Unadjusted"
112,"500",12.3567737746301,"Unadjusted"
113,"500",17.2603394692814,"Unadjusted"
114,"500",-7.46986851705002,"Unadjusted"
115,"500",-29.3837658745614,"Unadjusted"
116,"500",-14.2000194568191,"Unadjusted"
117,"500",-185.062104786699,"Unadjusted"
118,"500",-25.3173578974788,"Unadjusted"
119,"500",-10.7690299252325,"Unadjusted"
120,"500",-847.384615341126,"Unadjusted"
121,"500",-7.59403950786741,"Unadjusted"
122,"500",-11.3012792229688,"Unadjusted"
123,"500",-26.3447566820386,"Unadjusted"
124,"500",-6.29893116557369,"Unadjusted"
125,"500",-25.686667035334,"Unadjusted"
126,"500",-17.1878139685595,"Unadjusted"
127,"500",-59.8695652162707,"Unadjusted"
128,"500",-200.934306566426,"Unadjusted"
129,"500",-31.5841895163396,"Unadjusted"
130,"500",23.7251850665044,"Unadjusted"
131,"500",20.5976024499172,"Unadjusted"
132,"500",-9.55035971222996,"Unadjusted"
133,"500",356.052869730798,"Unadjusted"
134,"500",-16.7133716340981,"Unadjusted"
135,"500",134.760218864136,"Unadjusted"
136,"500",2709.77064378855,"Unadjusted"
137,"500",-46.5750466097639,"Unadjusted"
138,"500",-17.0198414809278,"Unadjusted"
139,"500",-7.39394145158407,"Unadjusted"
140,"500",-12.1567521816815,"Unadjusted"
141,"500",-21.9777597982696,"Unadjusted"
142,"500",-12.2620481927718,"Unadjusted"
143,"500",-7.75785962901624,"Unadjusted"
144,"500",-31.8200080353491,"Unadjusted"
145,"500",-12.0951360389279,"Unadjusted"
146,"500",149.343384389762,"Unadjusted"
147,"500",-7.81918191372637,"Unadjusted"
148,"500",-16.2495136815989,"Unadjusted"
149,"500",-45.897780545059,"Unadjusted"
150,"500",-14.6966928687771,"Unadjusted"
151,"500",-15.1177834001241,"Unadjusted"
152,"500",-13.2085535304563,"Unadjusted"
153,"500",-13.1461625338542,"Unadjusted"
154,"500",2021.18811962848,"Unadjusted"
155,"500",-49.848101058122,"Unadjusted"
156,"500",-68.0012940793514,"Unadjusted"
157,"500",-7.98518518473311,"Unadjusted"
158,"500",-11.8027903660942,"Unadjusted"
159,"500",-13.9822447628202,"Unadjusted"
160,"500",-37.4611734910255,"Unadjusted"
161,"500",-21.9706018304974,"Unadjusted"
162,"500",-76.9475312819833,"Unadjusted"
163,"500",-10.1899933575005,"Unadjusted"
164,"500",-9.02762953574341,"Unadjusted"
165,"500",-8.22321428481035,"Unadjusted"
166,"500",-7.69392067605302,"Unadjusted"
167,"500",83.9054298483042,"Unadjusted"
168,"500",29.3430611663218,"Unadjusted"
169,"500",-7.48325828422505,"Unadjusted"
170,"500",-6.12732868559632,"Unadjusted"
171,"500",-8.03665138942539,"Unadjusted"
172,"500",30.6901918082247,"Unadjusted"
173,"500",27.1826524672293,"Unadjusted"
174,"500",-6.73908732580115,"Unadjusted"
175,"500",-11.822525086117,"Unadjusted"
176,"500",-7.20062068818433,"Unadjusted"
177,"500",27.7753721252431,"Unadjusted"
178,"500",-42.6653236111177,"Unadjusted"
179,"500",-26.454161399835,"Unadjusted"
180,"500",-11.3922204213923,"Unadjusted"
181,"500",28.1660002285302,"Unadjusted"
182,"500",-6.19395017705159,"Unadjusted"
183,"500",-6.56748768468637,"Unadjusted"
184,"500",46.5010473190869,"Unadjusted"
185,"500",-6.83280042093302,"Unadjusted"
186,"500",-14.177551735999,"Unadjusted"
187,"500",-14.284448019327,"Unadjusted"
188,"500",-15.9894539498298,"Unadjusted"
189,"500",-6.77815148661363,"Unadjusted"
190,"500",-5.90051159182424,"Unadjusted"
191,"500",-16.6957598394944,"Unadjusted"
192,"500",-7.78830300202221,"Unadjusted"
193,"500",-7.69963353492689,"Unadjusted"
194,"500",-31.0899589082988,"Unadjusted"
195,"500",23.4107883827374,"Unadjusted"
196,"500",-143.408405172431,"Unadjusted"
197,"500",-8.11531308118365,"Unadjusted"
198,"500",-11.0114379084967,"Unadjusted"
199,"500",-21.9251406607665,"Unadjusted"
200,"500",-24.6097961272516,"Unadjusted"
201,"500",38.1314672261306,"Unadjusted"
202,"500",-11.1389473683123,"Unadjusted"
203,"500",-9.26145947812385,"Unadjusted"
204,"500",-9.32829606746058,"Unadjusted"
205,"500",-6.08434422980426,"Unadjusted"
206,"500",35.0665443219436,"Unadjusted"
207,"500",7.6453575107098,"Unadjusted"
208,"500",-6.72898275292797,"Unadjusted"
209,"500",8.45600736015382,"Unadjusted"
210,"500",6.25728949772974,"Unadjusted"
211,"500",2772.00037779186,"Unadjusted"
212,"500",-12.1510828945549,"Unadjusted"
213,"500",29.4898648648675,"Unadjusted"
214,"500",-10.2273800876845,"Unadjusted"
215,"500",143.303104617647,"Unadjusted"
216,"500",-40.180661104153,"Unadjusted"
217,"500",-24.9428702010912,"Unadjusted"
218,"500",-8.19343908824897,"Unadjusted"
219,"500",-7.78073023490064,"Unadjusted"
220,"500",-8.81249317064285,"Unadjusted"
221,"500",-66.1393323652791,"Unadjusted"
222,"500",-14.7175172107836,"Unadjusted"
223,"500",-9.30793594094134,"Unadjusted"
224,"500",-9.27946760912465,"Unadjusted"
225,"500",-4.19117158977788,"Unadjusted"
226,"500",-7.29455654938154,"Unadjusted"
227,"500",-24.5294692281767,"Unadjusted"
228,"500",-34.4912751673883,"Unadjusted"
229,"500",-65.3220050976914,"Unadjusted"
230,"500",-124.033376631115,"Unadjusted"
231,"500",6.49812874252031,"Unadjusted"
232,"500",-10.9344899460507,"Unadjusted"
233,"500",-5.54464922260593,"Unadjusted"
234,"500",69.360703870609,"Unadjusted"
235,"500",-6.02510457418081,"Unadjusted"
236,"500",-16.7369485097487,"Unadjusted"
237,"500",-36.5530213270022,"Unadjusted"
238,"500",24.0295048934947,"Unadjusted"
239,"500",-19.4724770252478,"Unadjusted"
240,"500",-15.4532665569004,"Unadjusted"
241,"500",33.3501007134925,"Unadjusted"
242,"500",-10.3635408617891,"Unadjusted"
243,"500",13.8272878709686,"Unadjusted"
244,"500",-14.8337129699691,"Unadjusted"
245,"500",-9.80498999414649,"Unadjusted"
246,"500",-26.0145980916558,"Unadjusted"
247,"500",-16.4695152127515,"Unadjusted"
248,"500",36.6513901248435,"Unadjusted"
249,"500",-64.6512560979938,"Unadjusted"
250,"500",-11.4811027123156,"Unadjusted"
251,"500",9.70215607231675,"Unadjusted"
252,"500",-8.25321855649845,"Unadjusted"
253,"500",65.3076923554381,"Unadjusted"
254,"500",-10.0275460967686,"Unadjusted"
255,"500",-18.1360306229101,"Unadjusted"
256,"500",-16.3788705979525,"Unadjusted"
257,"500",-8.51350509186178,"Unadjusted"
258,"500",6.98250630995579,"Unadjusted"
259,"500",-5.45415005436735,"Unadjusted"
260,"500",-11.1872926544066,"Unadjusted"
261,"500",-11.4982784930281,"Unadjusted"
262,"500",13.3254839744721,"Unadjusted"
263,"500",-19.9614394230276,"Unadjusted"
264,"500",-10.9580152074346,"Unadjusted"
265,"500",-10.8003660972954,"Unadjusted"
266,"500",-5.54884795054402,"Unadjusted"
267,"500",18.947710673343,"Unadjusted"
268,"500",14.0374890591762,"Unadjusted"
269,"500",-8.36786374586814,"Unadjusted"
270,"500",13.3665328496556,"Unadjusted"
271,"500",-35.0676140270402,"Unadjusted"
272,"500",-13.660942968113,"Unadjusted"
273,"500",-226.171047618917,"Unadjusted"
274,"500",14.6626054360635,"Unadjusted"
275,"500",-6.40655188241157,"Unadjusted"
276,"500",-24.6163158863609,"Unadjusted"
277,"500",-5.47793315721484,"Unadjusted"
278,"500",-14.4172185240788,"Unadjusted"
279,"500",-4.13157442293212,"Unadjusted"
280,"500",-9.4997820211006,"Unadjusted"
281,"500",-15.6143667180246,"Unadjusted"
282,"500",-7.64765439787905,"Unadjusted"
283,"500",7.56676557863592,"Unadjusted"
284,"500",-6.4924340368071,"Unadjusted"
285,"500",-22.5028866969244,"Unadjusted"
286,"500",-29.6840328762425,"Unadjusted"
287,"500",-16.3604763862032,"Unadjusted"
288,"500",-16.9090909090904,"Unadjusted"
289,"500",11.5124630888525,"Unadjusted"
290,"500",-31.6280871667207,"Unadjusted"
291,"500",-5.10491065297354,"Unadjusted"
292,"500",82.4907701663732,"Unadjusted"
293,"500",16.8387096774959,"Unadjusted"
294,"500",-16.9196890453629,"Unadjusted"
295,"500",25.4292057242345,"Unadjusted"
296,"500",-9.38624155223303,"Unadjusted"
297,"500",-7.73280943024638,"Unadjusted"
298,"500",-8.72821270234617,"Unadjusted"
299,"500",-50.198905753619,"Unadjusted"
300,"500",11.2668032929245,"Unadjusted"
301,"500",-28.7173974673827,"Unadjusted"
302,"500",-14.7613571017837,"Unadjusted"
303,"500",12.5137615814234,"Unadjusted"
304,"500",-71.4707027248226,"Unadjusted"
305,"500",-12.025862068965,"Unadjusted"
306,"500",-5.17105354838106,"Unadjusted"
307,"500",-18.948917041275,"Unadjusted"
308,"500",-9.54344472161248,"Unadjusted"
309,"500",16.7886944818332,"Unadjusted"
310,"500",-13.6462330114498,"Unadjusted"
311,"500",10.0435406140977,"Unadjusted"
312,"500",-5.6826412869483,"Unadjusted"
313,"500",-12.6481098439968,"Unadjusted"
314,"500",-19.9865275812128,"Unadjusted"
315,"500",-10.0631390919098,"Unadjusted"
316,"500",-15.8651861119805,"Unadjusted"
317,"500",-32.1606478296588,"Unadjusted"
318,"500",-7.84241823329581,"Unadjusted"
319,"500",-17.7402360162186,"Unadjusted"
320,"500",35.5036498089434,"Unadjusted"
321,"500",-21.0813282027863,"Unadjusted"
322,"500",-8.46212337515298,"Unadjusted"
323,"500",-9.22291444937352,"Unadjusted"
324,"500",-20.5043950654548,"Unadjusted"
325,"500",-8.22814631122139,"Unadjusted"
326,"500",-101.468364722296,"Unadjusted"
327,"500",-4.21487909612403,"Unadjusted"
328,"500",-63.8314992955685,"Unadjusted"
329,"500",9.97090466278857,"Unadjusted"
330,"500",25.5240577881593,"Unadjusted"
331,"500",9.43697953527044,"Unadjusted"
332,"500",11.8769422053633,"Unadjusted"
333,"500",-9.17667070696407,"Unadjusted"
334,"500",8.03368614051505,"Unadjusted"
335,"500",-105.246030746505,"Unadjusted"
336,"500",-6.27650383780524,"Unadjusted"
337,"500",-6.2924106411877,"Unadjusted"
338,"500",-9.8096046603663,"Unadjusted"
339,"500",20.7137759493981,"Unadjusted"
340,"500",-25.5201262825581,"Unadjusted"
341,"500",-127.979704554357,"Unadjusted"
342,"500",-9.45602125129282,"Unadjusted"
343,"500",-5.74970467342107,"Unadjusted"
344,"500",-6.38246268653031,"Unadjusted"
345,"500",35.9945713640869,"Unadjusted"
346,"500",-4.16446820104907,"Unadjusted"
347,"500",-9.7799042856853,"Unadjusted"
348,"500",-26.5165035278643,"Unadjusted"
349,"500",-9.66072265836966,"Unadjusted"
350,"500",154.222512222283,"Unadjusted"
351,"500",17.0011918618112,"Unadjusted"
352,"500",11.3710712255464,"Unadjusted"
353,"500",16.886223019047,"Unadjusted"
354,"500",-7.07501832522761,"Unadjusted"
355,"500",26.620092866192,"Unadjusted"
356,"500",-16.1891625612216,"Unadjusted"
357,"500",12.2299256583322,"Unadjusted"
358,"500",-15.0126414492223,"Unadjusted"
359,"500",17.4522524784774,"Unadjusted"
360,"500",-29.7053962832399,"Unadjusted"
361,"500",48.8602153436424,"Unadjusted"
362,"500",-13.9577140388926,"Unadjusted"
363,"500",-13.0370786968227,"Unadjusted"
364,"500",-141.722041822551,"Unadjusted"
365,"500",-11.2177135101798,"Unadjusted"
366,"500",-35.6908395376573,"Unadjusted"
367,"500",-9.33007361224994,"Unadjusted"
368,"500",-86.0662100354573,"Unadjusted"
369,"500",-21.623856976951,"Unadjusted"
370,"500",-8.24210324124424,"Unadjusted"
371,"500",-33.5159818863037,"Unadjusted"
372,"500",97.616932665692,"Unadjusted"
373,"500",-667.808306114421,"Unadjusted"
374,"500",-7.79464820603351,"Unadjusted"
375,"500",1092.72622479369,"Unadjusted"
376,"500",-205.063695895104,"Unadjusted"
377,"500",-24.4178974803426,"Unadjusted"
378,"500",-5.8958305712403,"Unadjusted"
379,"500",123.248332889209,"Unadjusted"
380,"500",-4.66703827175089,"Unadjusted"
381,"500",-7.42806393989338,"Unadjusted"
382,"500",-8.46956243500495,"Unadjusted"
383,"500",15.0489492934396,"Unadjusted"
384,"500",64.4273809540921,"Unadjusted"
385,"500",14.573541368529,"Unadjusted"
386,"500",11.8265096641989,"Unadjusted"
387,"500",-9.96053621990162,"Unadjusted"
388,"500",-15.1395135493924,"Unadjusted"
389,"500",-14.6947059592585,"Unadjusted"
390,"500",-8.13058706915446,"Unadjusted"
391,"500",-16.1986379725166,"Unadjusted"
392,"500",-9.71516178075832,"Unadjusted"
393,"500",-416.401651576606,"Unadjusted"
394,"500",-13.8032706634265,"Unadjusted"
395,"500",87.0646766169147,"Unadjusted"
396,"500",-8.20580474711751,"Unadjusted"
397,"500",-5.47692307691086,"Unadjusted"
398,"500",-13.0327868670471,"Unadjusted"
399,"500",-4.0628930734923,"Unadjusted"
400,"500",-9.04822334762104,"Unadjusted"
401,"500",-197.270547945184,"Unadjusted"
402,"500",-19.468258274553,"Unadjusted"
403,"500",-8.16967149117025,"Unadjusted"
404,"500",-12.7728155337441,"Unadjusted"
405,"500",-11.0802596444009,"Unadjusted"
406,"500",-28.5206399367979,"Unadjusted"
407,"500",-8.47909625358887,"Unadjusted"
408,"500",27.2183908045992,"Unadjusted"
409,"500",-18.1234221025596,"Unadjusted"
410,"500",16.0222529700199,"Unadjusted"
411,"500",-9.09440028130467,"Unadjusted"
412,"500",-17.7060804461177,"Unadjusted"
413,"500",17.5697067756084,"Unadjusted"
414,"500",31.3348481332848,"Unadjusted"
415,"500",-7.2185089974296,"Unadjusted"
416,"500",-19.0373895505947,"Unadjusted"
417,"500",-23.3403471757398,"Unadjusted"
418,"500",-24.6120717373496,"Unadjusted"
419,"500",-33.2135560239851,"Unadjusted"
420,"500",17.3786238387755,"Unadjusted"
421,"500",24.9433888867587,"Unadjusted"
422,"500",-20.793257897221,"Unadjusted"
423,"500",-9.24308328579563,"Unadjusted"
424,"500",-8.02760349050627,"Unadjusted"
425,"500",-23.2683140809458,"Unadjusted"
426,"500",-19.8301943498066,"Unadjusted"
427,"500",9.36425857336391,"Unadjusted"
428,"500",-20.1604277893782,"Unadjusted"
429,"500",191.725228937409,"Unadjusted"
430,"500",-6.13174419878861,"Unadjusted"
431,"500",-6.99440184409145,"Unadjusted"
432,"500",-12.1419250697061,"Unadjusted"
433,"500",-13.9209631655118,"Unadjusted"
434,"500",10.6771848038586,"Unadjusted"
435,"500",-14.270751363761,"Unadjusted"
436,"500",-21.6022099446956,"Unadjusted"
437,"500",-39.8964009979586,"Unadjusted"
438,"500",28.0647445626242,"Unadjusted"
439,"500",-8.08411105323111,"Unadjusted"
440,"500",-5.96372297544851,"Unadjusted"
441,"500",15.5507903443384,"Unadjusted"
442,"500",-6.46338372128988,"Unadjusted"
443,"500",73.1654474028807,"Unadjusted"
444,"500",-6.3080574269306,"Unadjusted"
445,"500",260.475597313624,"Unadjusted"
446,"500",-45.0921985373094,"Unadjusted"
447,"500",-20.4729014368542,"Unadjusted"
448,"500",43.1074651605857,"Unadjusted"
449,"500",18.9276406668023,"Unadjusted"
450,"500",11.4678571525808,"Unadjusted"
451,"500",-7.24959481361206,"Unadjusted"
452,"500",33.4649593632891,"Unadjusted"
453,"500",-3.23288334335236,"Unadjusted"
454,"500",-7.00738512072352,"Unadjusted"
455,"500",-4.84143324362493,"Unadjusted"
456,"500",-10.44659658816,"Unadjusted"
457,"500",31.5436669603868,"Unadjusted"
458,"500",-20.3752237495245,"Unadjusted"
459,"500",-33.3064515737998,"Unadjusted"
460,"500",-18.6459354120231,"Unadjusted"
461,"500",-5.12799139551548,"Unadjusted"
462,"500",-14.0580421323579,"Unadjusted"
463,"500",10.4644478693732,"Unadjusted"
464,"500",12.7049816711558,"Unadjusted"
465,"500",-37.9102841754514,"Unadjusted"
466,"500",-12.0689654321854,"Unadjusted"
467,"500",737.113171829081,"Unadjusted"
468,"500",-19.1333821120361,"Unadjusted"
469,"500",-8.05302618821885,"Unadjusted"
470,"500",-11.4762893031062,"Unadjusted"
471,"500",-7.06709456963314,"Unadjusted"
472,"500",-5.37542344460625,"Unadjusted"
473,"500",-8.79254457048185,"Unadjusted"
474,"500",-101.649981043033,"Unadjusted"
475,"500",-1084.98402420637,"Unadjusted"
476,"500",59.5804195884639,"Unadjusted"
477,"500",-4.88611802550145,"Unadjusted"
478,"500",-10.8161451547886,"Unadjusted"
479,"500",28.927176399643,"Unadjusted"
480,"500",-9.50440215836161,"Unadjusted"
481,"500",12.1855805791251,"Unadjusted"
482,"500",-761.722134854416,"Unadjusted"
483,"500",-6.81346370138366,"Unadjusted"
484,"500",-48.8260357562725,"Unadjusted"
485,"500",-9.79707087955562,"Unadjusted"
486,"500",25.1748257431631,"Unadjusted"
487,"500",-35.9009626328238,"Unadjusted"
488,"500",-12.7293689909465,"Unadjusted"
489,"500",-148.577911439677,"Unadjusted"
490,"500",-18.5054424988157,"Unadjusted"
491,"500",6.88079389210161,"Unadjusted"
492,"500",9.27526157918018,"Unadjusted"
493,"500",10.4216349154186,"Unadjusted"
494,"500",-22.5775216603358,"Unadjusted"
495,"500",8.86204081645657,"Unadjusted"
496,"500",-85.0500329061917,"Unadjusted"
497,"500",-11.8286361843972,"Unadjusted"
498,"500",-17.5121055228573,"Unadjusted"
499,"500",-1456.18999503641,"Unadjusted"
500,"500",-29.2507927406852,"Unadjusted"
501,"500",15.2037572302342,"Unadjusted"
502,"500",-6.72049660451318,"Unadjusted"
503,"500",-28.9772852570503,"Unadjusted"
504,"500",966.758928498832,"Unadjusted"
505,"500",-13.7573600379702,"Unadjusted"
506,"500",-15.8798636750922,"Unadjusted"
507,"500",-16.9061196105694,"Unadjusted"
508,"500",15.1183432629865,"Unadjusted"
509,"500",-10.4542759584028,"Unadjusted"
510,"500",-14.3513099654136,"Unadjusted"
511,"500",-20.5615904894667,"Unadjusted"
512,"500",15.5540066832928,"Unadjusted"
513,"500",-13.6628135631789,"Unadjusted"
514,"500",-11.0591295898693,"Unadjusted"
515,"500",-79.9714285713721,"Unadjusted"
516,"500",9.00575204112385,"Unadjusted"
517,"500",-5.37652029361282,"Unadjusted"
518,"500",-15.5256839678929,"Unadjusted"
519,"500",-7.174155009102,"Unadjusted"
520,"500",-8.4764948641507,"Unadjusted"
521,"500",-10.9991021144625,"Unadjusted"
522,"500",13.6341433984174,"Unadjusted"
523,"500",-9.54173747226239,"Unadjusted"
524,"500",12.5453706117636,"Unadjusted"
525,"500",-6.87908510537467,"Unadjusted"
526,"500",-73.310290651989,"Unadjusted"
527,"500",-13.9929328582147,"Unadjusted"
528,"500",55.5787589682531,"Unadjusted"
529,"500",-7.83476933678171,"Unadjusted"
530,"500",18.0166206931925,"Unadjusted"
531,"500",-8.82072538856474,"Unadjusted"
532,"500",-5.93221830985878,"Unadjusted"
533,"500",-10.8619738593956,"Unadjusted"
534,"500",-15.6442868138222,"Unadjusted"
535,"500",-6.68133802816901,"Unadjusted"
536,"500",-5.52576437869424,"Unadjusted"
537,"500",-7.25094278480551,"Unadjusted"
538,"500",-5.07139033075251,"Unadjusted"
539,"500",-12.1977077144103,"Unadjusted"
540,"500",99.6299168997458,"Unadjusted"
541,"500",8.46550915299113,"Unadjusted"
542,"500",-12.9944751380647,"Unadjusted"
543,"500",-5.79138027121655,"Unadjusted"
544,"500",-10.0565905096662,"Unadjusted"
545,"500",-13.4822788022322,"Unadjusted"
546,"500",21.2970386054481,"Unadjusted"
547,"500",22.8313864906019,"Unadjusted"
548,"500",-17.6325530755556,"Unadjusted"
549,"500",-6.91138873234164,"Unadjusted"
550,"500",-7.4904458584186,"Unadjusted"
551,"500",-9.06895871355909,"Unadjusted"
552,"500",-4.83485772355633,"Unadjusted"
553,"500",-93.3297871785659,"Unadjusted"
554,"500",-10.7497720225675,"Unadjusted"
555,"500",-15.1788756384451,"Unadjusted"
556,"500",-247.991145746603,"Unadjusted"
557,"500",-47.9477421164753,"Unadjusted"
558,"500",-6.55073529131817,"Unadjusted"
559,"500",-5.3957171336971,"Unadjusted"
560,"500",52.4786353196748,"Unadjusted"
561,"500",19.9040253760757,"Unadjusted"
562,"500",-30.0361663077929,"Unadjusted"
563,"500",-344.305268594571,"Unadjusted"
564,"500",-55.8239831560853,"Unadjusted"
565,"500",-38.2680240593269,"Unadjusted"
566,"500",-24.7641509425975,"Unadjusted"
567,"500",-165.993883278351,"Unadjusted"
568,"500",-6.79722586374505,"Unadjusted"
569,"500",-76.5933625722963,"Unadjusted"
570,"500",-672.521994072546,"Unadjusted"
571,"500",8.25694553453779,"Unadjusted"
572,"500",-28.4366812227028,"Unadjusted"
573,"500",18.894566561278,"Unadjusted"
574,"500",20.6213943856049,"Unadjusted"
575,"500",123.106674984921,"Unadjusted"
576,"500",-15.2577319587445,"Unadjusted"
577,"500",13.2561107376202,"Unadjusted"
578,"500",-9.34581737430674,"Unadjusted"
579,"500",-88.359861410043,"Unadjusted"
580,"500",19.3720136519491,"Unadjusted"
581,"500",-7.80450357651341,"Unadjusted"
582,"500",-103.521126760347,"Unadjusted"
583,"500",-6.12244897941216,"Unadjusted"
584,"500",-8.08419853979193,"Unadjusted"
585,"500",-13.3486005068152,"Unadjusted"
586,"500",-809.776266919687,"Unadjusted"
587,"500",1677.32995011088,"Unadjusted"
588,"500",-23.6430165104847,"Unadjusted"
589,"500",-6.7611966127508,"Unadjusted"
590,"500",-14.9328796494367,"Unadjusted"
591,"500",-120.795557365753,"Unadjusted"
592,"500",10.9319787963585,"Unadjusted"
593,"500",-13.1991383263264,"Unadjusted"
594,"500",-100.485251887759,"Unadjusted"
595,"500",-17.0379394361307,"Unadjusted"
596,"500",79.7061842447445,"Unadjusted"
597,"500",60.9038242361777,"Unadjusted"
598,"500",-9.07477819253484,"Unadjusted"
599,"500",-13.2620319414773,"Unadjusted"
600,"500",-25.3228740336504,"Unadjusted"
601,"500",-9.40079698710944,"Unadjusted"
602,"500",-9.57814891915203,"Unadjusted"
603,"500",-29.4077150940392,"Unadjusted"
604,"500",-15.9816341344178,"Unadjusted"
605,"500",-4.81192036362668,"Unadjusted"
606,"500",877.016949164778,"Unadjusted"
607,"500",-12.5117112888983,"Unadjusted"
608,"500",-9.50349527909028,"Unadjusted"
609,"500",-18.8629530744671,"Unadjusted"
610,"500",-6.49097036196723,"Unadjusted"
611,"500",-15.0008723706676,"Unadjusted"
612,"500",17.8887305572002,"Unadjusted"
613,"500",-117.581344074771,"Unadjusted"
614,"500",-7.57387960357819,"Unadjusted"
615,"500",-55.3426491425169,"Unadjusted"
616,"500",114.222007707942,"Unadjusted"
617,"500",9.66131572570882,"Unadjusted"
618,"500",-5.90688433033722,"Unadjusted"
619,"500",-12.9554013875127,"Unadjusted"
620,"500",-23.6261681683259,"Unadjusted"
621,"500",-65.3709700207829,"Unadjusted"
622,"500",-9.9530663508934,"Unadjusted"
623,"500",-6.12079927320708,"Unadjusted"
624,"500",-38.4141805808451,"Unadjusted"
625,"500",-8.21243158605432,"Unadjusted"
626,"500",-12.8011174713331,"Unadjusted"
627,"500",-24.7802303262918,"Unadjusted"
628,"500",17.0816696917329,"Unadjusted"
629,"500",-4.76547173547779,"Unadjusted"
630,"500",-89.0847457626765,"Unadjusted"
631,"500",-10.7132281943435,"Unadjusted"
632,"500",-14.9971242287026,"Unadjusted"
633,"500",-14.3902893209975,"Unadjusted"
634,"500",-4.84835329339669,"Unadjusted"
635,"500",-17.8517667301101,"Unadjusted"
636,"500",-25.2698966961617,"Unadjusted"
637,"500",-9.46536165421573,"Unadjusted"
638,"500",-32.9038461526368,"Unadjusted"
639,"500",27.8241689316526,"Unadjusted"
640,"500",29.4174908901625,"Unadjusted"
641,"500",-8.66943779592774,"Unadjusted"
642,"500",-26.2017750423999,"Unadjusted"
643,"500",27.9570027271629,"Unadjusted"
644,"500",-15.9066967571879,"Unadjusted"
645,"500",-6.87606727035966,"Unadjusted"
646,"500",-20.2415828942395,"Unadjusted"
647,"500",-5.60387096771761,"Unadjusted"
648,"500",25.7773980961655,"Unadjusted"
649,"500",17.5739388590233,"Unadjusted"
650,"500",-6.64732598685026,"Unadjusted"
651,"500",317.038235294089,"Unadjusted"
652,"500",-36.9473684205642,"Unadjusted"
653,"500",-9.20021752351621,"Unadjusted"
654,"500",-4.89640304053376,"Unadjusted"
655,"500",-5.53780011746881,"Unadjusted"
656,"500",-100.366598718449,"Unadjusted"
657,"500",-9.92346115621302,"Unadjusted"
658,"500",-19.5364238340661,"Unadjusted"
659,"500",-51.4702258725728,"Unadjusted"
660,"500",-9.71428568728704,"Unadjusted"
661,"500",52.1222879773136,"Unadjusted"
662,"500",-42.1263157828966,"Unadjusted"
663,"500",74.5093984970744,"Unadjusted"
664,"500",-25.0258410350404,"Unadjusted"
665,"500",-222.842040710888,"Unadjusted"
666,"500",-16.6833333333332,"Unadjusted"
667,"500",-10.5646902439608,"Unadjusted"
668,"500",19.7856406735045,"Unadjusted"
669,"500",-58.2244556112336,"Unadjusted"
670,"500",-37.540908287636,"Unadjusted"
671,"500",-16.5507755774335,"Unadjusted"
672,"500",-10.9819330507125,"Unadjusted"
673,"500",-33.8996823044995,"Unadjusted"
674,"500",13.8150711991475,"Unadjusted"
675,"500",-9.42551238491482,"Unadjusted"
676,"500",22.81006746238,"Unadjusted"
677,"500",9.64664321401252,"Unadjusted"
678,"500",-7.8577280397973,"Unadjusted"
679,"500",-1038.72384501346,"Unadjusted"
680,"500",11.6327385753354,"Unadjusted"
681,"500",34.6280743641158,"Unadjusted"
682,"500",-12.8449640595407,"Unadjusted"
683,"500",-22.1145991007599,"Unadjusted"
684,"500",24.9297452255016,"Unadjusted"
685,"500",-9.63953368408887,"Unadjusted"
686,"500",-45.3316582914343,"Unadjusted"
687,"500",30.5411796897789,"Unadjusted"
688,"500",-76.8231560217703,"Unadjusted"
689,"500",-4.74216216216218,"Unadjusted"
690,"500",-25.5767674069104,"Unadjusted"
691,"500",-11.0606448943782,"Unadjusted"
692,"500",-15.708552122213,"Unadjusted"
693,"500",31.126962269553,"Unadjusted"
694,"500",23.8873929292317,"Unadjusted"
695,"500",-7.29363705596576,"Unadjusted"
696,"500",-4.97283232373296,"Unadjusted"
697,"500",15.0072367627543,"Unadjusted"
698,"500",30.4495876094175,"Unadjusted"
699,"500",-4.51677533473741,"Unadjusted"
700,"500",-19.5354727258798,"Unadjusted"
701,"500",121.961538461638,"Unadjusted"
702,"500",-39.0217753738096,"Unadjusted"
703,"500",-6.5298317602862,"Unadjusted"
704,"500",-18.3274050669906,"Unadjusted"
705,"500",-7.81992482473286,"Unadjusted"
706,"500",-29.3691042592506,"Unadjusted"
707,"500",78.4290216402121,"Unadjusted"
708,"500",-47.6517138763305,"Unadjusted"
709,"500",-12.1094051461185,"Unadjusted"
710,"500",-11.3798688488822,"Unadjusted"
711,"500",29.9663306266381,"Unadjusted"
712,"500",-8.9165245244407,"Unadjusted"
713,"500",7.9326285545423,"Unadjusted"
714,"500",-25.2331267605628,"Unadjusted"
715,"500",-14.6233679211838,"Unadjusted"
716,"500",-128.37009385213,"Unadjusted"
717,"500",-22.4424061532528,"Unadjusted"
718,"500",41.8979834656817,"Unadjusted"
719,"500",-13.4988572145368,"Unadjusted"
720,"500",-40.7080704945905,"Unadjusted"
721,"500",-13.0038778149758,"Unadjusted"
722,"500",-6.59550516298845,"Unadjusted"
723,"500",9.33352795716504,"Unadjusted"
724,"500",-9.74324474797119,"Unadjusted"
725,"500",-7.19104254086772,"Unadjusted"
726,"500",-17.6022940332088,"Unadjusted"
727,"500",6.82096943081654,"Unadjusted"
728,"500",47.2070229127998,"Unadjusted"
729,"500",-6.28026581899902,"Unadjusted"
730,"500",-5.74208832124236,"Unadjusted"
731,"500",-11.1300106580904,"Unadjusted"
732,"500",-63.4525519416381,"Unadjusted"
733,"500",-11.8506002708758,"Unadjusted"
734,"500",31.3142890865156,"Unadjusted"
735,"500",14.8631368399512,"Unadjusted"
736,"500",111.419355056968,"Unadjusted"
737,"500",-19.7405491444483,"Unadjusted"
738,"500",53.7983169168971,"Unadjusted"
739,"500",15.4795386116343,"Unadjusted"
740,"500",-20.9801633603567,"Unadjusted"
741,"500",-24.5569935285426,"Unadjusted"
742,"500",-8.21072229280887,"Unadjusted"
743,"500",-7.46104792607763,"Unadjusted"
744,"500",-4.58460092971828,"Unadjusted"
745,"500",16.0919381443549,"Unadjusted"
746,"500",-21.9084091650313,"Unadjusted"
747,"500",-18.0931327612389,"Unadjusted"
748,"500",-9.37565036420147,"Unadjusted"
749,"500",124.96865642007,"Unadjusted"
750,"500",18.4241786161221,"Unadjusted"
751,"500",-20.2657591048205,"Unadjusted"
752,"500",-21.9732955831676,"Unadjusted"
753,"500",20.5037313513041,"Unadjusted"
754,"500",-19.7082379984459,"Unadjusted"
755,"500",53.3202357563844,"Unadjusted"
756,"500",-20.4899980190591,"Unadjusted"
757,"500",-16.6090254317051,"Unadjusted"
758,"500",141.911051966973,"Unadjusted"
759,"500",-5.5543098165042,"Unadjusted"
760,"500",-25.0027430190069,"Unadjusted"
761,"500",56.6861269480097,"Unadjusted"
762,"500",-145.396719116141,"Unadjusted"
763,"500",25.9954545454556,"Unadjusted"
764,"500",27.4782628878463,"Unadjusted"
765,"500",-15.3385014286211,"Unadjusted"
766,"500",-7.99299765491575,"Unadjusted"
767,"500",-5.9651162790652,"Unadjusted"
768,"500",-29.8199309324099,"Unadjusted"
769,"500",-4.63117206644619,"Unadjusted"
770,"500",-8.49480835345929,"Unadjusted"
771,"500",-6.32769560948915,"Unadjusted"
772,"500",-36.6623288958045,"Unadjusted"
773,"500",-5.12650620970355,"Unadjusted"
774,"500",7.29140979572389,"Unadjusted"
775,"500",-16.1210096510765,"Unadjusted"
776,"500",-7.74595000536444,"Unadjusted"
777,"500",-19.9342193985337,"Unadjusted"
778,"500",-7.96209919650756,"Unadjusted"
779,"500",24.7607609753373,"Unadjusted"
780,"500",8.81057288223205,"Unadjusted"
781,"500",-16.5116382037121,"Unadjusted"
782,"500",247.033728776865,"Unadjusted"
783,"500",-14.126081650766,"Unadjusted"
784,"500",-12.2089150368349,"Unadjusted"
785,"500",-13.422117783083,"Unadjusted"
786,"500",-9.78978497631314,"Unadjusted"
787,"500",-6.09333237274525,"Unadjusted"
788,"500",-4.81618386908883,"Unadjusted"
789,"500",-8.84091589108161,"Unadjusted"
790,"500",-9.6785400588146,"Unadjusted"
791,"500",285.955191907952,"Unadjusted"
792,"500",-8.13865163111762,"Unadjusted"
793,"500",6.59384025963864,"Unadjusted"
794,"500",-14.1420227343827,"Unadjusted"
795,"500",-14.1977195151608,"Unadjusted"
796,"500",24.2735489365013,"Unadjusted"
797,"500",19.7328319938735,"Unadjusted"
798,"500",-21.9088549255974,"Unadjusted"
799,"500",-7.27108481660198,"Unadjusted"
800,"500",-5.69103207477455,"Unadjusted"
801,"500",-20.2069037221885,"Unadjusted"
802,"500",-9.09247778531494,"Unadjusted"
803,"500",-14.6363636363638,"Unadjusted"
804,"500",21.6232596232589,"Unadjusted"
805,"500",-20.757264349856,"Unadjusted"
806,"500",27.5951202270857,"Unadjusted"
807,"500",-98.9047097450553,"Unadjusted"
808,"500",-30.8730590989433,"Unadjusted"
809,"500",-16.613810741688,"Unadjusted"
810,"500",514.676565153584,"Unadjusted"
811,"500",-28.3807312826423,"Unadjusted"
812,"500",-5.76265609810816,"Unadjusted"
813,"500",9.19452164416388,"Unadjusted"
814,"500",13.3683665555941,"Unadjusted"
815,"500",-10.0592052971521,"Unadjusted"
816,"500",65.6000000002962,"Unadjusted"
817,"500",-6.98794459004204,"Unadjusted"
818,"500",-7.14924346629997,"Unadjusted"
819,"500",23.0689159791511,"Unadjusted"
820,"500",10.3867473528195,"Unadjusted"
821,"500",55.2600000091808,"Unadjusted"
822,"500",-50.7216917786935,"Unadjusted"
823,"500",-30.0207082025969,"Unadjusted"
824,"500",-5.38011912562841,"Unadjusted"
825,"500",-10.0546976331583,"Unadjusted"
826,"500",-18.5221962318028,"Unadjusted"
827,"500",-11.6387695082045,"Unadjusted"
828,"500",43.3068812444979,"Unadjusted"
829,"500",-20.85382606949,"Unadjusted"
830,"500",-6.61691403442266,"Unadjusted"
831,"500",-5.27744982288051,"Unadjusted"
832,"500",-7.94060876020429,"Unadjusted"
833,"500",-7.78077112251373,"Unadjusted"
834,"500",13.2436139423959,"Unadjusted"
835,"500",30.1635631232529,"Unadjusted"
836,"500",-11.4542536831074,"Unadjusted"
837,"500",53.7885822123879,"Unadjusted"
838,"500",16.5888955368811,"Unadjusted"
839,"500",27.4779900461055,"Unadjusted"
840,"500",-13.8753709195807,"Unadjusted"
841,"500",-26.6931007137148,"Unadjusted"
842,"500",-13.6036276335723,"Unadjusted"
843,"500",-6.01152002015495,"Unadjusted"
844,"500",24.9200000001241,"Unadjusted"
845,"500",-8.61010359847186,"Unadjusted"
846,"500",-10.0045389991254,"Unadjusted"
847,"500",82.7596419880014,"Unadjusted"
848,"500",-6.46338582134572,"Unadjusted"
849,"500",-4.95689044077304,"Unadjusted"
850,"500",-31.1404958648554,"Unadjusted"
851,"500",15.6237946845389,"Unadjusted"
852,"500",-12.8468998959279,"Unadjusted"
853,"500",51.5965968333931,"Unadjusted"
854,"500",-10.2005135607383,"Unadjusted"
855,"500",17.7951767735975,"Unadjusted"
856,"500",-27.30426629128,"Unadjusted"
857,"500",-4.10146127309173,"Unadjusted"
858,"500",-13.3163264762434,"Unadjusted"
859,"500",-15.6966683881291,"Unadjusted"
860,"500",-4.8843439122085,"Unadjusted"
861,"500",-28.8590522444612,"Unadjusted"
862,"500",15.7071154426229,"Unadjusted"
863,"500",9.83163592967267,"Unadjusted"
864,"500",21.757864932891,"Unadjusted"
865,"500",42.6262452789229,"Unadjusted"
866,"500",-13.2211478693272,"Unadjusted"
867,"500",-10.3926587668942,"Unadjusted"
868,"500",-5.21649600532651,"Unadjusted"
869,"500",123.714736662396,"Unadjusted"
870,"500",-6.56958164558983,"Unadjusted"
871,"500",-12.6105758472336,"Unadjusted"
872,"500",16.7122719934505,"Unadjusted"
873,"500",-4.04074806142638,"Unadjusted"
874,"500",16.304147465451,"Unadjusted"
875,"500",-6.68671679117488,"Unadjusted"
876,"500",208.640454239636,"Unadjusted"
877,"500",-16.7782200980925,"Unadjusted"
878,"500",-10.314040041057,"Unadjusted"
879,"500",-5.61643463292226,"Unadjusted"
880,"500",9.80108050660458,"Unadjusted"
881,"500",-7.64694634611379,"Unadjusted"
882,"500",10.5475979550349,"Unadjusted"
883,"500",-44.100814077625,"Unadjusted"
884,"500",-183.454226147075,"Unadjusted"
885,"500",-21.4572108113545,"Unadjusted"
886,"500",-7.45980363206854,"Unadjusted"
887,"500",-8.64340230290755,"Unadjusted"
888,"500",-22.9646308355291,"Unadjusted"
889,"500",-4.97187129883043,"Unadjusted"
890,"500",-28.1041360487057,"Unadjusted"
891,"500",-17.6759356878167,"Unadjusted"
892,"500",-166.910216269106,"Unadjusted"
893,"500",-91.2319168871389,"Unadjusted"
894,"500",15.3778847858355,"Unadjusted"
895,"500",1124.46667463912,"Unadjusted"
896,"500",6.70495911008209,"Unadjusted"
897,"500",-126.057425807529,"Unadjusted"
898,"500",-5.69438640362313,"Unadjusted"
899,"500",-16.4728840776597,"Unadjusted"
900,"500",-13.2221459844404,"Unadjusted"
901,"500",-6.90584245869365,"Unadjusted"
902,"500",-10.2519216430452,"Unadjusted"
903,"500",-491.111111109573,"Unadjusted"
904,"500",-50.0767398781374,"Unadjusted"
905,"500",44.381071922494,"Unadjusted"
906,"500",14.7478329007945,"Unadjusted"
907,"500",-10.353704478346,"Unadjusted"
908,"500",-5.26445276905965,"Unadjusted"
909,"500",12.6979933852918,"Unadjusted"
910,"500",-20.8526793926081,"Unadjusted"
911,"500",-9.65739309508559,"Unadjusted"
912,"500",9.5853963207012,"Unadjusted"
913,"500",-4.97671272586658,"Unadjusted"
914,"500",-8.20846902049695,"Unadjusted"
915,"500",-41.3354390884954,"Unadjusted"
916,"500",-11.7172591192093,"Unadjusted"
917,"500",-102.618200462968,"Unadjusted"
918,"500",-6.94127651896988,"Unadjusted"
919,"500",54.3673503167862,"Unadjusted"
920,"500",-17.7428182569372,"Unadjusted"
921,"500",197.491675357758,"Unadjusted"
922,"500",66.1500000109504,"Unadjusted"
923,"500",7.46104943026009,"Unadjusted"
924,"500",-4.47043839651716,"Unadjusted"
925,"500",-7.10950620439496,"Unadjusted"
926,"500",-10.7288301004703,"Unadjusted"
927,"500",-17.2867533045473,"Unadjusted"
928,"500",-5.19574801596945,"Unadjusted"
929,"500",-6.66883962489695,"Unadjusted"
930,"500",24.9673620218893,"Unadjusted"
931,"500",-6.81226816986304,"Unadjusted"
932,"500",-105.386430045251,"Unadjusted"
933,"500",12.452689625606,"Unadjusted"
934,"500",-5.39127747595088,"Unadjusted"
935,"500",-7.69304349778366,"Unadjusted"
936,"500",-24.3514508434423,"Unadjusted"
937,"500",-227.545359499287,"Unadjusted"
938,"500",4.76399560936701,"Unadjusted"
939,"500",60.5140924464641,"Unadjusted"
940,"500",31.6954127072851,"Unadjusted"
941,"500",-85.1405882170306,"Unadjusted"
942,"500",-10.4977970481696,"Unadjusted"
943,"500",-13.4539284274694,"Unadjusted"
944,"500",-11.241330127819,"Unadjusted"
945,"500",77.0613496932416,"Unadjusted"
946,"500",-87.354628617006,"Unadjusted"
947,"500",-16.9600180358949,"Unadjusted"
948,"500",-14.1615598885751,"Unadjusted"
949,"500",14.7501751017091,"Unadjusted"
950,"500",1291.22950820358,"Unadjusted"
951,"500",-52.0361240955563,"Unadjusted"
952,"500",-4.41018970457652,"Unadjusted"
953,"500",19.7388590939038,"Unadjusted"
954,"500",-13.9371517110795,"Unadjusted"
955,"500",17.2947627857649,"Unadjusted"
956,"500",-22.5996654842215,"Unadjusted"
957,"500",-13.8661578279827,"Unadjusted"
958,"500",12.0244470339467,"Unadjusted"
959,"500",96.4270250705909,"Unadjusted"
960,"500",-7.41628958965126,"Unadjusted"
961,"500",-8.82486706766936,"Unadjusted"
962,"500",-1096.32284796546,"Unadjusted"
963,"500",25.5604812884744,"Unadjusted"
964,"500",-15.1508270037495,"Unadjusted"
965,"500",-13.2585956185153,"Unadjusted"
966,"500",-7.0830986482973,"Unadjusted"
967,"500",-39.8196189209825,"Unadjusted"
968,"500",26.983084587107,"Unadjusted"
969,"500",306.442080379109,"Unadjusted"
970,"500",30.9217626080424,"Unadjusted"
971,"500",-4.99552572627032,"Unadjusted"
972,"500",12.6793507590545,"Unadjusted"
973,"500",-5.50165416489233,"Unadjusted"
974,"500",-8.90160629464738,"Unadjusted"
975,"500",-10.5967322288064,"Unadjusted"
976,"500",-19.9410801510554,"Unadjusted"
977,"500",111.037870256135,"Unadjusted"
978,"500",51.226284130146,"Unadjusted"
979,"500",-25.9490027707173,"Unadjusted"
980,"500",53.1737343314909,"Unadjusted"
981,"500",-36.9068709825934,"Unadjusted"
982,"500",-6.91237191542167,"Unadjusted"
983,"500",-13.0308465506943,"Unadjusted"
984,"500",-7.68272198401957,"Unadjusted"
985,"500",-14.9389033318593,"Unadjusted"
986,"500",-10.9743097020539,"Unadjusted"
987,"500",-15.6034749860301,"Unadjusted"
988,"500",6.48860959499768,"Unadjusted"
989,"500",-21.2686692631638,"Unadjusted"
990,"500",9.20521402154647,"Unadjusted"
991,"500",-10.101156123309,"Unadjusted"
992,"500",-9.80132423061537,"Unadjusted"
993,"500",-6.73969133006034,"Unadjusted"
994,"500",-17.9108356426573,"Unadjusted"
995,"500",-16.5484276712125,"Unadjusted"
996,"500",-19.6303142329012,"Unadjusted"
997,"500",-48.1680478340796,"Unadjusted"
998,"500",-253.464890429731,"Unadjusted"
999,"500",-18.8205459942513,"Unadjusted"
1000,"500",8.42971032261094,"Unadjusted"
1,"1000",-11.8580038112908,"Unadjusted"
2,"1000",-10.4099685000697,"Unadjusted"
3,"1000",-9.8548056233377,"Unadjusted"
4,"1000",-26.0872825068949,"Unadjusted"
5,"1000",114.152964090091,"Unadjusted"
6,"1000",-84.8733021333611,"Unadjusted"
7,"1000",-24.2503943567696,"Unadjusted"
8,"1000",-42.6898494697957,"Unadjusted"
9,"1000",-53.954368834986,"Unadjusted"
10,"1000",-27.4843312101902,"Unadjusted"
11,"1000",77.8343023940029,"Unadjusted"
12,"1000",33.4011252972489,"Unadjusted"
13,"1000",-57.7503171816067,"Unadjusted"
14,"1000",-25.9190210600213,"Unadjusted"
15,"1000",-24.136213011444,"Unadjusted"
16,"1000",-8.31511456053539,"Unadjusted"
17,"1000",-27.7727976884656,"Unadjusted"
18,"1000",-278.482901209929,"Unadjusted"
19,"1000",-25.1420151187436,"Unadjusted"
20,"1000",-13.0102539371196,"Unadjusted"
21,"1000",-18.5927807307663,"Unadjusted"
22,"1000",-256.292585886271,"Unadjusted"
23,"1000",-26.3399559744835,"Unadjusted"
24,"1000",-9.73312876265284,"Unadjusted"
25,"1000",-10.1450036171001,"Unadjusted"
26,"1000",-109.391999999984,"Unadjusted"
27,"1000",-309.74825829217,"Unadjusted"
28,"1000",-137.333326749558,"Unadjusted"
29,"1000",-23.1264436477573,"Unadjusted"
30,"1000",52.600144796065,"Unadjusted"
31,"1000",-70.449333786128,"Unadjusted"
32,"1000",-18.3783925941094,"Unadjusted"
33,"1000",-28.0288538818504,"Unadjusted"
34,"1000",-21.1235968452335,"Unadjusted"
35,"1000",-25.983202631625,"Unadjusted"
36,"1000",-17.1331618825585,"Unadjusted"
37,"1000",-16.0819392894895,"Unadjusted"
38,"1000",-11.5470966132941,"Unadjusted"
39,"1000",-14.4511531055877,"Unadjusted"
40,"1000",-14.5203312297851,"Unadjusted"
41,"1000",-16.4136002490379,"Unadjusted"
42,"1000",16.1750635770304,"Unadjusted"
43,"1000",-13.3497615260037,"Unadjusted"
44,"1000",34.5783964513314,"Unadjusted"
45,"1000",-10.0518253268069,"Unadjusted"
46,"1000",-19.4730912531944,"Unadjusted"
47,"1000",-15.5557261580982,"Unadjusted"
48,"1000",-17.4818948673008,"Unadjusted"
49,"1000",-15.729783693513,"Unadjusted"
50,"1000",-53.4514808382316,"Unadjusted"
51,"1000",-21.2512883877546,"Unadjusted"
52,"1000",50.6000060135554,"Unadjusted"
53,"1000",-10.2298784302178,"Unadjusted"
54,"1000",-9.71694264354433,"Unadjusted"
55,"1000",-26.7832530819499,"Unadjusted"
56,"1000",-5.75319023079064,"Unadjusted"
57,"1000",-299.916666470347,"Unadjusted"
58,"1000",-8.82723832716641,"Unadjusted"
59,"1000",-7.11623799876776,"Unadjusted"
60,"1000",-138.593980596637,"Unadjusted"
61,"1000",14.6700086695423,"Unadjusted"
62,"1000",-31.5875442517528,"Unadjusted"
63,"1000",-26.3916070958545,"Unadjusted"
64,"1000",-36.0713841254261,"Unadjusted"
65,"1000",-25.7726813265413,"Unadjusted"
66,"1000",-11.1211511680551,"Unadjusted"
67,"1000",-15.8538218385678,"Unadjusted"
68,"1000",-18.8182090553762,"Unadjusted"
69,"1000",-16.3176731986342,"Unadjusted"
70,"1000",-8.63609430674774,"Unadjusted"
71,"1000",124.268715175422,"Unadjusted"
72,"1000",-11.6094542034546,"Unadjusted"
73,"1000",-65.8718691819552,"Unadjusted"
74,"1000",-17.9889251027933,"Unadjusted"
75,"1000",-24.7753564209532,"Unadjusted"
76,"1000",-8.91102149411988,"Unadjusted"
77,"1000",-36.5995253497352,"Unadjusted"
78,"1000",44.5418785883369,"Unadjusted"
79,"1000",38.5365957800695,"Unadjusted"
80,"1000",-217.980930513677,"Unadjusted"
81,"1000",-16.1632653044309,"Unadjusted"
82,"1000",16.7643782135434,"Unadjusted"
83,"1000",-6.50519619993694,"Unadjusted"
84,"1000",-18.2872837653495,"Unadjusted"
85,"1000",17.6491433756136,"Unadjusted"
86,"1000",-10.8262698146654,"Unadjusted"
87,"1000",-6.76014897953862,"Unadjusted"
88,"1000",40.2579087834548,"Unadjusted"
89,"1000",37.888798506686,"Unadjusted"
90,"1000",-9.19888751171464,"Unadjusted"
91,"1000",-8.11484340417458,"Unadjusted"
92,"1000",-15.07003554612,"Unadjusted"
93,"1000",-27.57848905283,"Unadjusted"
94,"1000",-61.3353161794999,"Unadjusted"
95,"1000",-14.254974330171,"Unadjusted"
96,"1000",228.872809984622,"Unadjusted"
97,"1000",-34.676850111959,"Unadjusted"
98,"1000",-26.8572079592993,"Unadjusted"
99,"1000",-155.253329502413,"Unadjusted"
100,"1000",30.1002926382689,"Unadjusted"
101,"1000",-10.4581981410311,"Unadjusted"
102,"1000",-101.265438510616,"Unadjusted"
103,"1000",616.040817444055,"Unadjusted"
104,"1000",-32.7292013248021,"Unadjusted"
105,"1000",-23.2543473297303,"Unadjusted"
106,"1000",-20.521629678467,"Unadjusted"
107,"1000",14.672236127793,"Unadjusted"
108,"1000",-19.7834304061142,"Unadjusted"
109,"1000",-10.0171964975937,"Unadjusted"
110,"1000",-7.8013117968254,"Unadjusted"
111,"1000",-384.479996708103,"Unadjusted"
112,"1000",-10.5094978647846,"Unadjusted"
113,"1000",-17.2226061651745,"Unadjusted"
114,"1000",101.500816072876,"Unadjusted"
115,"1000",-50.3427431841501,"Unadjusted"
116,"1000",-9.58648452560248,"Unadjusted"
117,"1000",18.5381174872077,"Unadjusted"
118,"1000",-11.0693391998897,"Unadjusted"
119,"1000",123.25627224918,"Unadjusted"
120,"1000",19.8694920970802,"Unadjusted"
121,"1000",35.2554740022196,"Unadjusted"
122,"1000",-15.6055406119112,"Unadjusted"
123,"1000",23.6196381148754,"Unadjusted"
124,"1000",-8.94829848140702,"Unadjusted"
125,"1000",-11.369731164916,"Unadjusted"
126,"1000",32.2664262458926,"Unadjusted"
127,"1000",-7.71688895319666,"Unadjusted"
128,"1000",-35.294116713808,"Unadjusted"
129,"1000",-14.3708053920595,"Unadjusted"
130,"1000",47.1814808668463,"Unadjusted"
131,"1000",-337.366454496063,"Unadjusted"
132,"1000",-12.2559978770078,"Unadjusted"
133,"1000",-18.9934846828216,"Unadjusted"
134,"1000",-25.5720477675134,"Unadjusted"
135,"1000",25.7445996568973,"Unadjusted"
136,"1000",96.5399518352637,"Unadjusted"
137,"1000",-11.3447624188924,"Unadjusted"
138,"1000",-49.1960784199453,"Unadjusted"
139,"1000",-66.1181811440904,"Unadjusted"
140,"1000",-31.4996789615077,"Unadjusted"
141,"1000",-4.81067020801307,"Unadjusted"
142,"1000",-32.0755233988583,"Unadjusted"
143,"1000",-18.6081504065945,"Unadjusted"
144,"1000",-27.860801139641,"Unadjusted"
145,"1000",18.3938052085289,"Unadjusted"
146,"1000",-23.1665158255115,"Unadjusted"
147,"1000",36.4892857342428,"Unadjusted"
148,"1000",-7.15296774842936,"Unadjusted"
149,"1000",22.2276107350512,"Unadjusted"
150,"1000",-19.441434020081,"Unadjusted"
151,"1000",-18.0030476285506,"Unadjusted"
152,"1000",-20.9363347679427,"Unadjusted"
153,"1000",-26.9509100846065,"Unadjusted"
154,"1000",-11.1764888796834,"Unadjusted"
155,"1000",-4.56778541220575,"Unadjusted"
156,"1000",867.901044330004,"Unadjusted"
157,"1000",-8.32055840165782,"Unadjusted"
158,"1000",28.8389554831404,"Unadjusted"
159,"1000",-8.57213321557691,"Unadjusted"
160,"1000",21.353694431869,"Unadjusted"
161,"1000",101.839548211877,"Unadjusted"
162,"1000",-18.4632177372214,"Unadjusted"
163,"1000",-9.66517421307612,"Unadjusted"
164,"1000",-136.638907394889,"Unadjusted"
165,"1000",-13.7810257516212,"Unadjusted"
166,"1000",-3.95724447375554,"Unadjusted"
167,"1000",171.656006396262,"Unadjusted"
168,"1000",-15.0197745232942,"Unadjusted"
169,"1000",-9.27375535125582,"Unadjusted"
170,"1000",-7.94936014892915,"Unadjusted"
171,"1000",-8.57478027836403,"Unadjusted"
172,"1000",-11.7788225673845,"Unadjusted"
173,"1000",-21.4864932604138,"Unadjusted"
174,"1000",-44.6982028056045,"Unadjusted"
175,"1000",-20.5183366999308,"Unadjusted"
176,"1000",37.543563850017,"Unadjusted"
177,"1000",-26.9881649859687,"Unadjusted"
178,"1000",-13.0627060158689,"Unadjusted"
179,"1000",-8.28059843971064,"Unadjusted"
180,"1000",-44.1084269165433,"Unadjusted"
181,"1000",24.2029069133539,"Unadjusted"
182,"1000",-8.14513355052466,"Unadjusted"
183,"1000",-35.4030478710225,"Unadjusted"
184,"1000",-11.4816508766199,"Unadjusted"
185,"1000",-59.4707566415469,"Unadjusted"
186,"1000",-80.3242289818399,"Unadjusted"
187,"1000",-17.9398921097281,"Unadjusted"
188,"1000",-12.6250080380423,"Unadjusted"
189,"1000",-9.9904282832674,"Unadjusted"
190,"1000",-10.1211035126416,"Unadjusted"
191,"1000",-9.36679073970503,"Unadjusted"
192,"1000",-14.9306703981708,"Unadjusted"
193,"1000",-17.9905627402071,"Unadjusted"
194,"1000",-161.971212240891,"Unadjusted"
195,"1000",-27.4333439834154,"Unadjusted"
196,"1000",-36.98384491022,"Unadjusted"
197,"1000",-16.4428076144841,"Unadjusted"
198,"1000",-88.9110390022239,"Unadjusted"
199,"1000",-10.8923426286994,"Unadjusted"
200,"1000",15.9190423838152,"Unadjusted"
201,"1000",-3861.88589749787,"Unadjusted"
202,"1000",-11.3544877346054,"Unadjusted"
203,"1000",-9.68837498338325,"Unadjusted"
204,"1000",-16.7839978045688,"Unadjusted"
205,"1000",-21.0583981353345,"Unadjusted"
206,"1000",-56.6373357009659,"Unadjusted"
207,"1000",-34.710743599185,"Unadjusted"
208,"1000",-9.36823649739013,"Unadjusted"
209,"1000",23.7978393503617,"Unadjusted"
210,"1000",-57.574828939153,"Unadjusted"
211,"1000",-8.09542886869195,"Unadjusted"
212,"1000",-22.7376836646486,"Unadjusted"
213,"1000",33.7733770156192,"Unadjusted"
214,"1000",-14.5909664989086,"Unadjusted"
215,"1000",-8.47876670334297,"Unadjusted"
216,"1000",-11.9434576638777,"Unadjusted"
217,"1000",-11.4673310952937,"Unadjusted"
218,"1000",-20.4074090177603,"Unadjusted"
219,"1000",-20.6695722401684,"Unadjusted"
220,"1000",-13.3960395695086,"Unadjusted"
221,"1000",-36.6680914716087,"Unadjusted"
222,"1000",-17.192930988634,"Unadjusted"
223,"1000",-15.7097811593021,"Unadjusted"
224,"1000",59.71831295258,"Unadjusted"
225,"1000",48.1183061800401,"Unadjusted"
226,"1000",-63.7404883220522,"Unadjusted"
227,"1000",22.3875803099605,"Unadjusted"
228,"1000",-46.1376445747806,"Unadjusted"
229,"1000",25.7935172451507,"Unadjusted"
230,"1000",-16.227402800551,"Unadjusted"
231,"1000",-29.597723997321,"Unadjusted"
232,"1000",-8.03836712842382,"Unadjusted"
233,"1000",-37.0370581789375,"Unadjusted"
234,"1000",-6.01946906063156,"Unadjusted"
235,"1000",-147.062415262027,"Unadjusted"
236,"1000",-14.7498781255553,"Unadjusted"
237,"1000",51.92472113808,"Unadjusted"
238,"1000",-15.6401230008528,"Unadjusted"
239,"1000",-39.3563932417268,"Unadjusted"
240,"1000",33.7628065818762,"Unadjusted"
241,"1000",-22.8960996355133,"Unadjusted"
242,"1000",19.1953231448827,"Unadjusted"
243,"1000",-13.6777989221937,"Unadjusted"
244,"1000",-31.6974156071917,"Unadjusted"
245,"1000",104.903416310373,"Unadjusted"
246,"1000",-19.3820982875779,"Unadjusted"
247,"1000",131.607553562849,"Unadjusted"
248,"1000",18.6152447131573,"Unadjusted"
249,"1000",-9.48110161200239,"Unadjusted"
250,"1000",64.1633336631869,"Unadjusted"
251,"1000",16.2096779194321,"Unadjusted"
252,"1000",-18.432065722057,"Unadjusted"
253,"1000",25.6100525108481,"Unadjusted"
254,"1000",-13.5006139761636,"Unadjusted"
255,"1000",-7.51127441107264,"Unadjusted"
256,"1000",-7.63829980876841,"Unadjusted"
257,"1000",85.9645261460293,"Unadjusted"
258,"1000",-8.59390707228011,"Unadjusted"
259,"1000",-24.3434620140718,"Unadjusted"
260,"1000",16.7972705041464,"Unadjusted"
261,"1000",-10.6702119210843,"Unadjusted"
262,"1000",-14.9217021484219,"Unadjusted"
263,"1000",-22.4605464066315,"Unadjusted"
264,"1000",-20.3224791592996,"Unadjusted"
265,"1000",-17.6688979158173,"Unadjusted"
266,"1000",-14.1659933880055,"Unadjusted"
267,"1000",66.722925457156,"Unadjusted"
268,"1000",-12.8263906471487,"Unadjusted"
269,"1000",-9.5297164083048,"Unadjusted"
270,"1000",31.1639686685241,"Unadjusted"
271,"1000",19.8300283287379,"Unadjusted"
272,"1000",282.10295755549,"Unadjusted"
273,"1000",-9.67710388775703,"Unadjusted"
274,"1000",-52.0347604604521,"Unadjusted"
275,"1000",22.7853994835701,"Unadjusted"
276,"1000",163.045843054809,"Unadjusted"
277,"1000",-8.52565144519211,"Unadjusted"
278,"1000",-11.0308368316838,"Unadjusted"
279,"1000",-11.7085778361681,"Unadjusted"
280,"1000",-17.2413898647739,"Unadjusted"
281,"1000",-200.414709685357,"Unadjusted"
282,"1000",-14.6361236142365,"Unadjusted"
283,"1000",-6.29944281569512,"Unadjusted"
284,"1000",-5.71499175630716,"Unadjusted"
285,"1000",-16.301023594248,"Unadjusted"
286,"1000",-4.72577201131401,"Unadjusted"
287,"1000",-57.9227094202931,"Unadjusted"
288,"1000",-12.8716472053946,"Unadjusted"
289,"1000",-7.24949882317658,"Unadjusted"
290,"1000",-17.7734374998567,"Unadjusted"
291,"1000",56.3119764310129,"Unadjusted"
292,"1000",-10.9182127085211,"Unadjusted"
293,"1000",-10.0717407819878,"Unadjusted"
294,"1000",-14.4356368082613,"Unadjusted"
295,"1000",-19.6092983031712,"Unadjusted"
296,"1000",-4.49519113903496,"Unadjusted"
297,"1000",73.3200500090066,"Unadjusted"
298,"1000",-16.7816725221655,"Unadjusted"
299,"1000",-99.7561983135555,"Unadjusted"
300,"1000",32.6371544905703,"Unadjusted"
301,"1000",-11.1022805798863,"Unadjusted"
302,"1000",-16.1992057237221,"Unadjusted"
303,"1000",-26.2464450790425,"Unadjusted"
304,"1000",-11.9415066227474,"Unadjusted"
305,"1000",-19.3538695896846,"Unadjusted"
306,"1000",-13.5663743271732,"Unadjusted"
307,"1000",94.5161316700111,"Unadjusted"
308,"1000",-21.5351876117189,"Unadjusted"
309,"1000",-39.6587414313438,"Unadjusted"
310,"1000",-9.36873703686822,"Unadjusted"
311,"1000",19.638062590036,"Unadjusted"
312,"1000",51.4393021565141,"Unadjusted"
313,"1000",-116.94505493788,"Unadjusted"
314,"1000",-52.3300219688066,"Unadjusted"
315,"1000",111.081585900109,"Unadjusted"
316,"1000",-6.77289023389453,"Unadjusted"
317,"1000",21.5955834652903,"Unadjusted"
318,"1000",-12.3156003294368,"Unadjusted"
319,"1000",-8.09852659142215,"Unadjusted"
320,"1000",8.18411763896041,"Unadjusted"
321,"1000",-41.1639513989917,"Unadjusted"
322,"1000",-13.6066454911069,"Unadjusted"
323,"1000",16.4478315590874,"Unadjusted"
324,"1000",-14.4106016958339,"Unadjusted"
325,"1000",130.588883879388,"Unadjusted"
326,"1000",-18.3955492404578,"Unadjusted"
327,"1000",60.339273234138,"Unadjusted"
328,"1000",-7.57831335436278,"Unadjusted"
329,"1000",-9.12114773539809,"Unadjusted"
330,"1000",-27.2199277417223,"Unadjusted"
331,"1000",-26.7280436474294,"Unadjusted"
332,"1000",-14.1976476948007,"Unadjusted"
333,"1000",-27.6039712123647,"Unadjusted"
334,"1000",-9.74856053972523,"Unadjusted"
335,"1000",387.798223173312,"Unadjusted"
336,"1000",-16.5326936011858,"Unadjusted"
337,"1000",32.7033167400446,"Unadjusted"
338,"1000",-72.6181314663056,"Unadjusted"
339,"1000",-20.245138254954,"Unadjusted"
340,"1000",-15.8857944607085,"Unadjusted"
341,"1000",-26.549339785155,"Unadjusted"
342,"1000",-12.1210548442357,"Unadjusted"
343,"1000",-26.5753614343966,"Unadjusted"
344,"1000",-29.6757605792514,"Unadjusted"
345,"1000",-17.2440913295929,"Unadjusted"
346,"1000",-22.4349403747848,"Unadjusted"
347,"1000",-6.39288989855189,"Unadjusted"
348,"1000",-59.8119227452366,"Unadjusted"
349,"1000",-11.1225756694124,"Unadjusted"
350,"1000",-7.5528554020119,"Unadjusted"
351,"1000",-17.1337325334443,"Unadjusted"
352,"1000",-7.94550874406887,"Unadjusted"
353,"1000",-14.2543618399087,"Unadjusted"
354,"1000",-21.7027190650432,"Unadjusted"
355,"1000",-8.30913137457936,"Unadjusted"
356,"1000",-7.15595264455107,"Unadjusted"
357,"1000",-9.5471338792508,"Unadjusted"
358,"1000",-19.2089803015412,"Unadjusted"
359,"1000",-7.49613089675252,"Unadjusted"
360,"1000",-24.1510287823199,"Unadjusted"
361,"1000",-8.02928073831261,"Unadjusted"
362,"1000",-12.7967999999909,"Unadjusted"
363,"1000",-31.9169504493484,"Unadjusted"
364,"1000",-46.3253045446061,"Unadjusted"
365,"1000",-23.2405246108584,"Unadjusted"
366,"1000",-16.6648124214442,"Unadjusted"
367,"1000",-11.3246932237364,"Unadjusted"
368,"1000",-27.1302302506843,"Unadjusted"
369,"1000",-5.78288758076847,"Unadjusted"
370,"1000",-26.5826033197105,"Unadjusted"
371,"1000",-64.5547986138047,"Unadjusted"
372,"1000",-7.40574583728452,"Unadjusted"
373,"1000",-11.2227746829013,"Unadjusted"
374,"1000",248.015723270056,"Unadjusted"
375,"1000",-7.70281816817474,"Unadjusted"
376,"1000",-35.8355368583016,"Unadjusted"
377,"1000",12.2631992387675,"Unadjusted"
378,"1000",-28.4273736866785,"Unadjusted"
379,"1000",45.5366781966482,"Unadjusted"
380,"1000",-36.4920564616743,"Unadjusted"
381,"1000",26.7461472361447,"Unadjusted"
382,"1000",-12.5500475700555,"Unadjusted"
383,"1000",-29.2512952287193,"Unadjusted"
384,"1000",151.317827739901,"Unadjusted"
385,"1000",-37.4528895615215,"Unadjusted"
386,"1000",30.7604399031071,"Unadjusted"
387,"1000",22.4725335701024,"Unadjusted"
388,"1000",-31.7620479945427,"Unadjusted"
389,"1000",-9.11567880908259,"Unadjusted"
390,"1000",-10.5047500181752,"Unadjusted"
391,"1000",-17.3732545223745,"Unadjusted"
392,"1000",-25.944248134582,"Unadjusted"
393,"1000",-48.7768414402394,"Unadjusted"
394,"1000",-12.5681748576353,"Unadjusted"
395,"1000",-7.9784817691332,"Unadjusted"
396,"1000",-78.5869523600711,"Unadjusted"
397,"1000",37.2478396132599,"Unadjusted"
398,"1000",-19.0128778805197,"Unadjusted"
399,"1000",-57.5223210518001,"Unadjusted"
400,"1000",-10.9349508796378,"Unadjusted"
401,"1000",22.6349384339703,"Unadjusted"
402,"1000",-37.2895445905786,"Unadjusted"
403,"1000",-35.8386885881034,"Unadjusted"
404,"1000",72.9876044881751,"Unadjusted"
405,"1000",-24.3442907986615,"Unadjusted"
406,"1000",18.258091456503,"Unadjusted"
407,"1000",-180.68515274463,"Unadjusted"
408,"1000",-32.0047097183303,"Unadjusted"
409,"1000",-13.9366905422929,"Unadjusted"
410,"1000",-15.5022834695423,"Unadjusted"
411,"1000",-7.8903504770704,"Unadjusted"
412,"1000",-13.7121505073206,"Unadjusted"
413,"1000",51.6216404178838,"Unadjusted"
414,"1000",-31.9514150939119,"Unadjusted"
415,"1000",-7.72265588007938,"Unadjusted"
416,"1000",-11.525891055421,"Unadjusted"
417,"1000",-25.7430088127068,"Unadjusted"
418,"1000",-9.05371535972185,"Unadjusted"
419,"1000",-20.2609565725063,"Unadjusted"
420,"1000",65.3919697211473,"Unadjusted"
421,"1000",-10.2631651401921,"Unadjusted"
422,"1000",11.3260179976035,"Unadjusted"
423,"1000",-7.38017782954765,"Unadjusted"
424,"1000",-149.571417696468,"Unadjusted"
425,"1000",-10.9487328910305,"Unadjusted"
426,"1000",-19.4301284717582,"Unadjusted"
427,"1000",73.1262448260057,"Unadjusted"
428,"1000",-14.7794792031115,"Unadjusted"
429,"1000",334.791790305923,"Unadjusted"
430,"1000",-8.48304495944062,"Unadjusted"
431,"1000",-42.1665883300913,"Unadjusted"
432,"1000",29.1844805758706,"Unadjusted"
433,"1000",-6.12507556394692,"Unadjusted"
434,"1000",-6.48191539947612,"Unadjusted"
435,"1000",-8.80945251874377,"Unadjusted"
436,"1000",-17.1709046480679,"Unadjusted"
437,"1000",-34.2553444473682,"Unadjusted"
438,"1000",28.1639330304035,"Unadjusted"
439,"1000",-12.1121977456802,"Unadjusted"
440,"1000",-6.9715025901631,"Unadjusted"
441,"1000",-38.7460430837127,"Unadjusted"
442,"1000",-13.9275832023676,"Unadjusted"
443,"1000",-37.7646955605343,"Unadjusted"
444,"1000",63.1851144043925,"Unadjusted"
445,"1000",-176.730244365392,"Unadjusted"
446,"1000",-5969.77683023708,"Unadjusted"
447,"1000",-295.039979561617,"Unadjusted"
448,"1000",-8.46684350132542,"Unadjusted"
449,"1000",-10.2327415173737,"Unadjusted"
450,"1000",-7.69762795138483,"Unadjusted"
451,"1000",-42.033897816343,"Unadjusted"
452,"1000",-33.0259199727366,"Unadjusted"
453,"1000",-36.7812564564815,"Unadjusted"
454,"1000",-17.5400029263964,"Unadjusted"
455,"1000",-14.4133605366465,"Unadjusted"
456,"1000",72.1270331556566,"Unadjusted"
457,"1000",-8.50906617394583,"Unadjusted"
458,"1000",-52.8858043528722,"Unadjusted"
459,"1000",-49.2334697286194,"Unadjusted"
460,"1000",-18.8511066966866,"Unadjusted"
461,"1000",26.5656468199705,"Unadjusted"
462,"1000",-51.8163937526069,"Unadjusted"
463,"1000",-16.2881667004382,"Unadjusted"
464,"1000",-149.145855742617,"Unadjusted"
465,"1000",41.6611840827916,"Unadjusted"
466,"1000",48.2959240417373,"Unadjusted"
467,"1000",15.564928471224,"Unadjusted"
468,"1000",-7.65275502996796,"Unadjusted"
469,"1000",-20.5502044147626,"Unadjusted"
470,"1000",-14.1202278413262,"Unadjusted"
471,"1000",-20.1955422002811,"Unadjusted"
472,"1000",-18.7486879982079,"Unadjusted"
473,"1000",-24.7038290684454,"Unadjusted"
474,"1000",-20.522706662683,"Unadjusted"
475,"1000",-14.2524991805982,"Unadjusted"
476,"1000",-10.6749242477116,"Unadjusted"
477,"1000",-37.7955248536053,"Unadjusted"
478,"1000",-13.2374927175174,"Unadjusted"
479,"1000",135.222590736241,"Unadjusted"
480,"1000",87.0908705006228,"Unadjusted"
481,"1000",-7.7042089375443,"Unadjusted"
482,"1000",-22.2742969799412,"Unadjusted"
483,"1000",-9.45943673812555,"Unadjusted"
484,"1000",-119.629050227723,"Unadjusted"
485,"1000",-9.06276053504533,"Unadjusted"
486,"1000",-9.76925764396285,"Unadjusted"
487,"1000",-19.6612938970871,"Unadjusted"
488,"1000",-147.633614543702,"Unadjusted"
489,"1000",-44.5783806557823,"Unadjusted"
490,"1000",-8.58314513495672,"Unadjusted"
491,"1000",-18.4217695235955,"Unadjusted"
492,"1000",-20.3444146545483,"Unadjusted"
493,"1000",-23.1341919321782,"Unadjusted"
494,"1000",-27.4486203393626,"Unadjusted"
495,"1000",-48.3462773892915,"Unadjusted"
496,"1000",-12.9111501345115,"Unadjusted"
497,"1000",-11.2100220795935,"Unadjusted"
498,"1000",-31.3052453772605,"Unadjusted"
499,"1000",-362.183845728965,"Unadjusted"
500,"1000",-32.4265344908204,"Unadjusted"
501,"1000",-797.555690595676,"Unadjusted"
502,"1000",-6.79067126524557,"Unadjusted"
503,"1000",68.4115186069715,"Unadjusted"
504,"1000",-13.0083078265465,"Unadjusted"
505,"1000",20.4787914016276,"Unadjusted"
506,"1000",-23.775088598945,"Unadjusted"
507,"1000",-11.9660866620697,"Unadjusted"
508,"1000",150.623735634472,"Unadjusted"
509,"1000",48.2444154108044,"Unadjusted"
510,"1000",-10.5058084279101,"Unadjusted"
511,"1000",19.4848007590019,"Unadjusted"
512,"1000",50.1065357054831,"Unadjusted"
513,"1000",-15.6546534641169,"Unadjusted"
514,"1000",-16.0503154076417,"Unadjusted"
515,"1000",-11.6940565047599,"Unadjusted"
516,"1000",-49.2282537576311,"Unadjusted"
517,"1000",-419.459443673866,"Unadjusted"
518,"1000",-15.20635228649,"Unadjusted"
519,"1000",-11.1156342269108,"Unadjusted"
520,"1000",-24.6417678650959,"Unadjusted"
521,"1000",411.879024303912,"Unadjusted"
522,"1000",-7.27735368002825,"Unadjusted"
523,"1000",-8.6562648041531,"Unadjusted"
524,"1000",286.186115049483,"Unadjusted"
525,"1000",-8.09870840445372,"Unadjusted"
526,"1000",-20.608488113543,"Unadjusted"
527,"1000",-9.44932932654291,"Unadjusted"
528,"1000",17.8191574381091,"Unadjusted"
529,"1000",-26.7568442826785,"Unadjusted"
530,"1000",-12.8772203062981,"Unadjusted"
531,"1000",-13.1556962197675,"Unadjusted"
532,"1000",-12.9199648133118,"Unadjusted"
533,"1000",-5.49689568430169,"Unadjusted"
534,"1000",74.4922613754568,"Unadjusted"
535,"1000",-22.4551396261823,"Unadjusted"
536,"1000",22.687248369923,"Unadjusted"
537,"1000",-13.6399671660361,"Unadjusted"
538,"1000",-6.24848454486296,"Unadjusted"
539,"1000",-20.3790190438076,"Unadjusted"
540,"1000",17.1324292759243,"Unadjusted"
541,"1000",-17.1068843977742,"Unadjusted"
542,"1000",-8.5148861328235,"Unadjusted"
543,"1000",-24.7789410061625,"Unadjusted"
544,"1000",-25.5878766692666,"Unadjusted"
545,"1000",-14.277447402374,"Unadjusted"
546,"1000",-23.1911680424637,"Unadjusted"
547,"1000",23.346028295442,"Unadjusted"
548,"1000",-9.44526491909557,"Unadjusted"
549,"1000",-71.1682700325302,"Unadjusted"
550,"1000",-102.732767767029,"Unadjusted"
551,"1000",-14.8169966657686,"Unadjusted"
552,"1000",-55.2340804172904,"Unadjusted"
553,"1000",-21.86818751582,"Unadjusted"
554,"1000",-39.3096746069883,"Unadjusted"
555,"1000",15.1501360231482,"Unadjusted"
556,"1000",-19.4872449558204,"Unadjusted"
557,"1000",-17.2838062490901,"Unadjusted"
558,"1000",-80.4561602418221,"Unadjusted"
559,"1000",-14.7042373424472,"Unadjusted"
560,"1000",-8.78994700465769,"Unadjusted"
561,"1000",-18.0533923374033,"Unadjusted"
562,"1000",59.7630427908333,"Unadjusted"
563,"1000",-10.0529187900789,"Unadjusted"
564,"1000",-16.3653106991358,"Unadjusted"
565,"1000",-8.64794177781035,"Unadjusted"
566,"1000",23.5960109508574,"Unadjusted"
567,"1000",-20.9157397947153,"Unadjusted"
568,"1000",-7.30357933921058,"Unadjusted"
569,"1000",-13.8105946047952,"Unadjusted"
570,"1000",-32.3874151075834,"Unadjusted"
571,"1000",-6.32167383585544,"Unadjusted"
572,"1000",-14.2866481558383,"Unadjusted"
573,"1000",36.1671018597225,"Unadjusted"
574,"1000",-42.0323373075887,"Unadjusted"
575,"1000",-15.4761431123979,"Unadjusted"
576,"1000",-150.551696788561,"Unadjusted"
577,"1000",-11.1927385189495,"Unadjusted"
578,"1000",-25.2998185411891,"Unadjusted"
579,"1000",-16.0021544943278,"Unadjusted"
580,"1000",-15.7256735472608,"Unadjusted"
581,"1000",-10.772755570202,"Unadjusted"
582,"1000",451.974429003247,"Unadjusted"
583,"1000",-12.4939216773291,"Unadjusted"
584,"1000",39.1210151222636,"Unadjusted"
585,"1000",51.5023349478663,"Unadjusted"
586,"1000",-7.6309461235156,"Unadjusted"
587,"1000",-46.9447663191655,"Unadjusted"
588,"1000",-8.49970326409482,"Unadjusted"
589,"1000",-24.388405742991,"Unadjusted"
590,"1000",45.3276733048549,"Unadjusted"
591,"1000",-9.52802971986872,"Unadjusted"
592,"1000",-33.908022726386,"Unadjusted"
593,"1000",-7.47790224438133,"Unadjusted"
594,"1000",30.2136351716197,"Unadjusted"
595,"1000",-77.3886662849704,"Unadjusted"
596,"1000",-6.40195967248057,"Unadjusted"
597,"1000",-12.4584219891667,"Unadjusted"
598,"1000",-26.3489223651252,"Unadjusted"
599,"1000",-11.4677740035159,"Unadjusted"
600,"1000",-13.9678152376925,"Unadjusted"
601,"1000",-15.7855399446489,"Unadjusted"
602,"1000",22.5583675342435,"Unadjusted"
603,"1000",-16.1916442167902,"Unadjusted"
604,"1000",-91.2231205598178,"Unadjusted"
605,"1000",-35.0665429629397,"Unadjusted"
606,"1000",-88.0604668002198,"Unadjusted"
607,"1000",12.2613665457814,"Unadjusted"
608,"1000",-94.650955820151,"Unadjusted"
609,"1000",162.96843286614,"Unadjusted"
610,"1000",-11.185621947698,"Unadjusted"
611,"1000",34.6467854020046,"Unadjusted"
612,"1000",-13.0663625241678,"Unadjusted"
613,"1000",-13.0375476146465,"Unadjusted"
614,"1000",-8.18000324591967,"Unadjusted"
615,"1000",-175.237671412592,"Unadjusted"
616,"1000",-21.0046020018128,"Unadjusted"
617,"1000",13.4050435922282,"Unadjusted"
618,"1000",-22.9876543209112,"Unadjusted"
619,"1000",210.979049611892,"Unadjusted"
620,"1000",-60.0618219992332,"Unadjusted"
621,"1000",-8.55374241401888,"Unadjusted"
622,"1000",-9.60409777304997,"Unadjusted"
623,"1000",-9.25106874806854,"Unadjusted"
624,"1000",-11.5643710482193,"Unadjusted"
625,"1000",-17.101492759294,"Unadjusted"
626,"1000",-21.4080437801135,"Unadjusted"
627,"1000",-18.3599171413757,"Unadjusted"
628,"1000",-12.9252672423691,"Unadjusted"
629,"1000",-11.7303184536786,"Unadjusted"
630,"1000",-8.99530215068072,"Unadjusted"
631,"1000",-8.83480267948572,"Unadjusted"
632,"1000",724.689385468333,"Unadjusted"
633,"1000",-9.72877378363079,"Unadjusted"
634,"1000",-97.3807339449474,"Unadjusted"
635,"1000",-12.0012622180416,"Unadjusted"
636,"1000",22.5059695118231,"Unadjusted"
637,"1000",-21.0696555335564,"Unadjusted"
638,"1000",37.7043209404697,"Unadjusted"
639,"1000",23.3445488372567,"Unadjusted"
640,"1000",-22.879911905458,"Unadjusted"
641,"1000",26.8764340434889,"Unadjusted"
642,"1000",-36.7746984831328,"Unadjusted"
643,"1000",-6.3995196948406,"Unadjusted"
644,"1000",-19.1196443006027,"Unadjusted"
645,"1000",-68.0241385611358,"Unadjusted"
646,"1000",19.3929924141958,"Unadjusted"
647,"1000",-65.2904275074301,"Unadjusted"
648,"1000",-15.3924050632757,"Unadjusted"
649,"1000",36.2445786379782,"Unadjusted"
650,"1000",-10.246195680608,"Unadjusted"
651,"1000",-112.383420560658,"Unadjusted"
652,"1000",-30.3031403989921,"Unadjusted"
653,"1000",-6.08529827053712,"Unadjusted"
654,"1000",-5.28121185811767,"Unadjusted"
655,"1000",13.5004777648062,"Unadjusted"
656,"1000",-57.1864207218104,"Unadjusted"
657,"1000",-8.95459370108286,"Unadjusted"
658,"1000",-13.2560322694123,"Unadjusted"
659,"1000",98.6666682838996,"Unadjusted"
660,"1000",-19.0549331427007,"Unadjusted"
661,"1000",-14.7813091760943,"Unadjusted"
662,"1000",-10.2486930629438,"Unadjusted"
663,"1000",-21.6759019099281,"Unadjusted"
664,"1000",181.752837945637,"Unadjusted"
665,"1000",19.2840306423203,"Unadjusted"
666,"1000",20.1136718752234,"Unadjusted"
667,"1000",-63.8798369941025,"Unadjusted"
668,"1000",38.9468438705191,"Unadjusted"
669,"1000",-21.5657450144194,"Unadjusted"
670,"1000",-39.024879818311,"Unadjusted"
671,"1000",-10.8131101347026,"Unadjusted"
672,"1000",-409.973631285098,"Unadjusted"
673,"1000",-14.6634013595735,"Unadjusted"
674,"1000",35.3441488760913,"Unadjusted"
675,"1000",-10.1216334832894,"Unadjusted"
676,"1000",-8.5088977368266,"Unadjusted"
677,"1000",26.4166666902784,"Unadjusted"
678,"1000",-8.50169048158371,"Unadjusted"
679,"1000",-30.9280665917746,"Unadjusted"
680,"1000",-14.8990795236516,"Unadjusted"
681,"1000",35.8674788234679,"Unadjusted"
682,"1000",-7.27584166031452,"Unadjusted"
683,"1000",-9.85582342606349,"Unadjusted"
684,"1000",-9.08374582833152,"Unadjusted"
685,"1000",-12.506164482194,"Unadjusted"
686,"1000",-11.6300292195072,"Unadjusted"
687,"1000",-20.6917956081526,"Unadjusted"
688,"1000",-8.10145932634361,"Unadjusted"
689,"1000",87.9844372747726,"Unadjusted"
690,"1000",-19.6830789874944,"Unadjusted"
691,"1000",19.7883705157429,"Unadjusted"
692,"1000",-14.1773955835287,"Unadjusted"
693,"1000",-15.9396251981235,"Unadjusted"
694,"1000",1720.13196908888,"Unadjusted"
695,"1000",-11.8656014208985,"Unadjusted"
696,"1000",59.781971052487,"Unadjusted"
697,"1000",-37.917403225661,"Unadjusted"
698,"1000",-24.2190892656576,"Unadjusted"
699,"1000",-15.1144817231956,"Unadjusted"
700,"1000",-12.6155065284514,"Unadjusted"
701,"1000",32.3595814164379,"Unadjusted"
702,"1000",-117.879881913302,"Unadjusted"
703,"1000",289.56558340947,"Unadjusted"
704,"1000",38.3071319733181,"Unadjusted"
705,"1000",27.8968537086171,"Unadjusted"
706,"1000",-21.1271827380364,"Unadjusted"
707,"1000",-10.7280349981748,"Unadjusted"
708,"1000",-14.4781654176817,"Unadjusted"
709,"1000",-19.8829284749921,"Unadjusted"
710,"1000",-9.19758402450639,"Unadjusted"
711,"1000",79.7538605695165,"Unadjusted"
712,"1000",-21.6098020498055,"Unadjusted"
713,"1000",-18.7267711269915,"Unadjusted"
714,"1000",30.8101950774444,"Unadjusted"
715,"1000",-6.8616143777577,"Unadjusted"
716,"1000",-56.9923499289456,"Unadjusted"
717,"1000",-13.0537599099292,"Unadjusted"
718,"1000",-7.8004456548595,"Unadjusted"
719,"1000",-35.071002397176,"Unadjusted"
720,"1000",-11.9718536297687,"Unadjusted"
721,"1000",-25.3602011810116,"Unadjusted"
722,"1000",34.1463414665354,"Unadjusted"
723,"1000",-12.9146937275213,"Unadjusted"
724,"1000",-29.0324695230259,"Unadjusted"
725,"1000",-31.5968103530164,"Unadjusted"
726,"1000",-10.2676717386728,"Unadjusted"
727,"1000",130.030996972741,"Unadjusted"
728,"1000",-8.27998914631403,"Unadjusted"
729,"1000",227.96824096631,"Unadjusted"
730,"1000",-14.8795177293098,"Unadjusted"
731,"1000",-12.6021596040424,"Unadjusted"
732,"1000",-7.5406190935935,"Unadjusted"
733,"1000",-21.5776625345273,"Unadjusted"
734,"1000",-21.4525023369764,"Unadjusted"
735,"1000",-7.76594656044658,"Unadjusted"
736,"1000",-22.8526328229858,"Unadjusted"
737,"1000",-245.835282532361,"Unadjusted"
738,"1000",-10.5239292048925,"Unadjusted"
739,"1000",-17.6588787613251,"Unadjusted"
740,"1000",57.1885019560825,"Unadjusted"
741,"1000",-9893.16988511328,"Unadjusted"
742,"1000",-12.6547633174079,"Unadjusted"
743,"1000",-14.6232129782391,"Unadjusted"
744,"1000",86.8744238834329,"Unadjusted"
745,"1000",-10.9682416729367,"Unadjusted"
746,"1000",-13.849878636577,"Unadjusted"
747,"1000",-10.7788991103829,"Unadjusted"
748,"1000",-18.4205416477333,"Unadjusted"
749,"1000",128.586357301094,"Unadjusted"
750,"1000",-10.3161624292505,"Unadjusted"
751,"1000",-11.2654352822363,"Unadjusted"
752,"1000",-18.7917212041356,"Unadjusted"
753,"1000",482.994665030775,"Unadjusted"
754,"1000",41.3366903647161,"Unadjusted"
755,"1000",-88.1036950409722,"Unadjusted"
756,"1000",-8.9917823592214,"Unadjusted"
757,"1000",-6.88157143679179,"Unadjusted"
758,"1000",-29.1273178333296,"Unadjusted"
759,"1000",-9.51355698931935,"Unadjusted"
760,"1000",34.5690560516181,"Unadjusted"
761,"1000",-8.66797183838164,"Unadjusted"
762,"1000",-44.3573430312521,"Unadjusted"
763,"1000",-59.9157401985583,"Unadjusted"
764,"1000",-10.4085025511256,"Unadjusted"
765,"1000",-8.26565051420146,"Unadjusted"
766,"1000",-25.1604434674552,"Unadjusted"
767,"1000",-14.7873395841928,"Unadjusted"
768,"1000",8.342540258078,"Unadjusted"
769,"1000",-15.5668342285067,"Unadjusted"
770,"1000",-61.040327357431,"Unadjusted"
771,"1000",-17.1750176797669,"Unadjusted"
772,"1000",-9.89554572833843,"Unadjusted"
773,"1000",-23.3127307923153,"Unadjusted"
774,"1000",29.9850708657088,"Unadjusted"
775,"1000",-57.4843455834353,"Unadjusted"
776,"1000",-10.3518816339633,"Unadjusted"
777,"1000",-8.39363124536591,"Unadjusted"
778,"1000",-17.862377220505,"Unadjusted"
779,"1000",152.161589787736,"Unadjusted"
780,"1000",-36.6495759414742,"Unadjusted"
781,"1000",-204.835875908878,"Unadjusted"
782,"1000",153.232202816608,"Unadjusted"
783,"1000",-26.1037768019035,"Unadjusted"
784,"1000",-20.7196389867576,"Unadjusted"
785,"1000",-13.9934173666725,"Unadjusted"
786,"1000",40.8940671109579,"Unadjusted"
787,"1000",-7.08880822170722,"Unadjusted"
788,"1000",-23.2301413809057,"Unadjusted"
789,"1000",-50.4460714286683,"Unadjusted"
790,"1000",-153.08850226845,"Unadjusted"
791,"1000",-8.33800220623909,"Unadjusted"
792,"1000",47.6841861947966,"Unadjusted"
793,"1000",-16.5201285779557,"Unadjusted"
794,"1000",-30.6106070866557,"Unadjusted"
795,"1000",-68.5762480667976,"Unadjusted"
796,"1000",70.7370918608021,"Unadjusted"
797,"1000",-58.2431211089419,"Unadjusted"
798,"1000",-20.75017728442,"Unadjusted"
799,"1000",-11.0183679949637,"Unadjusted"
800,"1000",-16.5262072717851,"Unadjusted"
801,"1000",-11.6353195738675,"Unadjusted"
802,"1000",-52.1493144477572,"Unadjusted"
803,"1000",22.3519157390947,"Unadjusted"
804,"1000",-10.786915887822,"Unadjusted"
805,"1000",-9.43741624229437,"Unadjusted"
806,"1000",-9.8800749562139,"Unadjusted"
807,"1000",-9.31794298477275,"Unadjusted"
808,"1000",-12.6506957750405,"Unadjusted"
809,"1000",-7.76017185936162,"Unadjusted"
810,"1000",-11.6942124887742,"Unadjusted"
811,"1000",71.92833425798,"Unadjusted"
812,"1000",-49.8693995266096,"Unadjusted"
813,"1000",-15.335052886259,"Unadjusted"
814,"1000",-17.5489886842023,"Unadjusted"
815,"1000",-96.1436142390861,"Unadjusted"
816,"1000",-23.1645751035279,"Unadjusted"
817,"1000",-15.6943144959703,"Unadjusted"
818,"1000",82.3047399902588,"Unadjusted"
819,"1000",-22.348246637587,"Unadjusted"
820,"1000",-36.3911118604288,"Unadjusted"
821,"1000",-30.6090160965137,"Unadjusted"
822,"1000",-14.5011572756645,"Unadjusted"
823,"1000",-14.5184244654382,"Unadjusted"
824,"1000",28.9884046402503,"Unadjusted"
825,"1000",-4.03441938335748,"Unadjusted"
826,"1000",12.5419903482503,"Unadjusted"
827,"1000",18.4474241873316,"Unadjusted"
828,"1000",-21.9818926837383,"Unadjusted"
829,"1000",-11.9999999989273,"Unadjusted"
830,"1000",-281.246885519515,"Unadjusted"
831,"1000",-9.18102317466591,"Unadjusted"
832,"1000",-13.0799892135867,"Unadjusted"
833,"1000",-84.5672902671269,"Unadjusted"
834,"1000",15.8084472373626,"Unadjusted"
835,"1000",112.034639249191,"Unadjusted"
836,"1000",23.8772455317739,"Unadjusted"
837,"1000",54.0993357665359,"Unadjusted"
838,"1000",-16.4062729345469,"Unadjusted"
839,"1000",-8.39428079518792,"Unadjusted"
840,"1000",-7.55520251977201,"Unadjusted"
841,"1000",168.616859651598,"Unadjusted"
842,"1000",-16.0156737435377,"Unadjusted"
843,"1000",-7.08013748779935,"Unadjusted"
844,"1000",20.8788866312318,"Unadjusted"
845,"1000",-5.8575645195163,"Unadjusted"
846,"1000",-30.1001753673758,"Unadjusted"
847,"1000",-6.78489564339455,"Unadjusted"
848,"1000",-11.5772922307105,"Unadjusted"
849,"1000",107.771292805144,"Unadjusted"
850,"1000",-8.17587029650974,"Unadjusted"
851,"1000",-8.31971206780386,"Unadjusted"
852,"1000",-31.1451005599372,"Unadjusted"
853,"1000",-51.0599535476083,"Unadjusted"
854,"1000",-19.7953739115879,"Unadjusted"
855,"1000",-147.659570809483,"Unadjusted"
856,"1000",-69.7721686808544,"Unadjusted"
857,"1000",-48.6588375261669,"Unadjusted"
858,"1000",-62.2572729101897,"Unadjusted"
859,"1000",-21.8780478760166,"Unadjusted"
860,"1000",-14.232077009564,"Unadjusted"
861,"1000",16.0050305082908,"Unadjusted"
862,"1000",76.5086229633716,"Unadjusted"
863,"1000",-9.16883137640416,"Unadjusted"
864,"1000",-45.4540512934115,"Unadjusted"
865,"1000",-8.73470623864257,"Unadjusted"
866,"1000",-100.117796512839,"Unadjusted"
867,"1000",-6.29602069926933,"Unadjusted"
868,"1000",-13.0615988139941,"Unadjusted"
869,"1000",-42.7686946651296,"Unadjusted"
870,"1000",-30.7626793976592,"Unadjusted"
871,"1000",-11.2589125638525,"Unadjusted"
872,"1000",-11.4758779116985,"Unadjusted"
873,"1000",-8.58515189071555,"Unadjusted"
874,"1000",-22.4674510702447,"Unadjusted"
875,"1000",-12.8739468603778,"Unadjusted"
876,"1000",-8.12413800414138,"Unadjusted"
877,"1000",-17.8130441973222,"Unadjusted"
878,"1000",-14.9450429544679,"Unadjusted"
879,"1000",-7.35686671399199,"Unadjusted"
880,"1000",-6.80800091134199,"Unadjusted"
881,"1000",-7.78148166416067,"Unadjusted"
882,"1000",-20.4509365764068,"Unadjusted"
883,"1000",201.071285462371,"Unadjusted"
884,"1000",-16.6272153695349,"Unadjusted"
885,"1000",-8.98546042002699,"Unadjusted"
886,"1000",-19.5235956279145,"Unadjusted"
887,"1000",-8.10737479723506,"Unadjusted"
888,"1000",-1908.94438018046,"Unadjusted"
889,"1000",-12.1588709173807,"Unadjusted"
890,"1000",-12.4788160548093,"Unadjusted"
891,"1000",-53.0315387654327,"Unadjusted"
892,"1000",-6.15784419412763,"Unadjusted"
893,"1000",-36.6816479398756,"Unadjusted"
894,"1000",-58.0369473546116,"Unadjusted"
895,"1000",-7.36111268978549,"Unadjusted"
896,"1000",-16.4546724574593,"Unadjusted"
897,"1000",-44.0749531077289,"Unadjusted"
898,"1000",-12.9178467023354,"Unadjusted"
899,"1000",-19.247963684954,"Unadjusted"
900,"1000",-23.388140027781,"Unadjusted"
901,"1000",-52.1108103386161,"Unadjusted"
902,"1000",-43.0547180832489,"Unadjusted"
903,"1000",-16.6179566515347,"Unadjusted"
904,"1000",-18.0404370492296,"Unadjusted"
905,"1000",53.0924776727064,"Unadjusted"
906,"1000",-30.0730643514834,"Unadjusted"
907,"1000",-10.8323767122412,"Unadjusted"
908,"1000",426.353108229436,"Unadjusted"
909,"1000",-29.4141983470976,"Unadjusted"
910,"1000",-222.969673278248,"Unadjusted"
911,"1000",33.6672012371396,"Unadjusted"
912,"1000",53.753840379238,"Unadjusted"
913,"1000",-22.0396736738567,"Unadjusted"
914,"1000",-16.2033505764075,"Unadjusted"
915,"1000",14.6402523702187,"Unadjusted"
916,"1000",-9.62753627124907,"Unadjusted"
917,"1000",-12.2172215181943,"Unadjusted"
918,"1000",-30.8493853175992,"Unadjusted"
919,"1000",-202.121796952921,"Unadjusted"
920,"1000",-40.8759059577382,"Unadjusted"
921,"1000",-872.680782916515,"Unadjusted"
922,"1000",19.8262413275618,"Unadjusted"
923,"1000",-152.835164691738,"Unadjusted"
924,"1000",-16.0015875535252,"Unadjusted"
925,"1000",21.0739427342869,"Unadjusted"
926,"1000",-51.187499999968,"Unadjusted"
927,"1000",46.1436163938289,"Unadjusted"
928,"1000",-9.69882576572218,"Unadjusted"
929,"1000",24.9680121782673,"Unadjusted"
930,"1000",-82.4751905295994,"Unadjusted"
931,"1000",-46.8709232746195,"Unadjusted"
932,"1000",-41.2220993998289,"Unadjusted"
933,"1000",-6.97451481857301,"Unadjusted"
934,"1000",55.7974616536962,"Unadjusted"
935,"1000",-17.8085768307121,"Unadjusted"
936,"1000",-6.9105456235542,"Unadjusted"
937,"1000",-33.9475820666506,"Unadjusted"
938,"1000",-27.9445002569605,"Unadjusted"
939,"1000",33.9185833784646,"Unadjusted"
940,"1000",-27.1039012028847,"Unadjusted"
941,"1000",37.0888673464172,"Unadjusted"
942,"1000",-79.0913214067341,"Unadjusted"
943,"1000",-24.4991007660203,"Unadjusted"
944,"1000",-12.0879674179673,"Unadjusted"
945,"1000",-10.7880848175509,"Unadjusted"
946,"1000",43.0448599416652,"Unadjusted"
947,"1000",-28.4572817078829,"Unadjusted"
948,"1000",-19.4514968535134,"Unadjusted"
949,"1000",149.836606245718,"Unadjusted"
950,"1000",-39.7920083472369,"Unadjusted"
951,"1000",-6.52067313315246,"Unadjusted"
952,"1000",-11.394614430945,"Unadjusted"
953,"1000",-45.4410081980256,"Unadjusted"
954,"1000",-72.0653289397855,"Unadjusted"
955,"1000",-21.7714838634514,"Unadjusted"
956,"1000",-27.4918823820724,"Unadjusted"
957,"1000",80.1272081801118,"Unadjusted"
958,"1000",-8.36831668337478,"Unadjusted"
959,"1000",-402.692871517893,"Unadjusted"
960,"1000",-111.90268352834,"Unadjusted"
961,"1000",-7.32680217394011,"Unadjusted"
962,"1000",-37.5897087870248,"Unadjusted"
963,"1000",-23.959289032413,"Unadjusted"
964,"1000",-8.96492322125008,"Unadjusted"
965,"1000",89.2657456841525,"Unadjusted"
966,"1000",167.512886597967,"Unadjusted"
967,"1000",-12.2204516118438,"Unadjusted"
968,"1000",-14.4568945080923,"Unadjusted"
969,"1000",-208.10042797552,"Unadjusted"
970,"1000",-17.7339503744932,"Unadjusted"
971,"1000",867.236232834334,"Unadjusted"
972,"1000",179.387571771621,"Unadjusted"
973,"1000",-25.0589218935754,"Unadjusted"
974,"1000",20.4694343931978,"Unadjusted"
975,"1000",-11.6175133690194,"Unadjusted"
976,"1000",-31.7749244611704,"Unadjusted"
977,"1000",-5.59079557846779,"Unadjusted"
978,"1000",15.6789951165691,"Unadjusted"
979,"1000",-18.7627736958367,"Unadjusted"
980,"1000",-13.9408443363213,"Unadjusted"
981,"1000",-31.753195867181,"Unadjusted"
982,"1000",33.2414274643696,"Unadjusted"
983,"1000",272.456253283669,"Unadjusted"
984,"1000",-142.559982989214,"Unadjusted"
985,"1000",-5.29172594898234,"Unadjusted"
986,"1000",-9.26647221037008,"Unadjusted"
987,"1000",-6.85439299073845,"Unadjusted"
988,"1000",-16.6566871687418,"Unadjusted"
989,"1000",-25.13064024452,"Unadjusted"
990,"1000",-848.507975482827,"Unadjusted"
991,"1000",-23.4690820589124,"Unadjusted"
992,"1000",-28.8653531047889,"Unadjusted"
993,"1000",-6.73031681838093,"Unadjusted"
994,"1000",-14.7570485877898,"Unadjusted"
995,"1000",-15.1943415658711,"Unadjusted"
996,"1000",-9.91587288881662,"Unadjusted"
997,"1000",23.8791114040512,"Unadjusted"
998,"1000",-10.4944226224588,"Unadjusted"
999,"1000",-12.9596727543015,"Unadjusted"
1000,"1000",43.8496098215671,"Unadjusted"
1,"2000",-10.588518232777,"Unadjusted"
2,"2000",-33.9184518159456,"Unadjusted"
3,"2000",-19.3377501321411,"Unadjusted"
4,"2000",-33.5080431204078,"Unadjusted"
5,"2000",-16.3839396791074,"Unadjusted"
6,"2000",-12.3701356389556,"Unadjusted"
7,"2000",-75.2643179099606,"Unadjusted"
8,"2000",-34.0137824003581,"Unadjusted"
9,"2000",-17.901412902334,"Unadjusted"
10,"2000",-6.51402617824444,"Unadjusted"
11,"2000",-193.233896603859,"Unadjusted"
12,"2000",-16.2700409771394,"Unadjusted"
13,"2000",-563.372348712867,"Unadjusted"
14,"2000",-24.7920206320719,"Unadjusted"
15,"2000",-20.1269787999279,"Unadjusted"
16,"2000",-24.3170935318864,"Unadjusted"
17,"2000",-16.7996572900014,"Unadjusted"
18,"2000",-49.738436353125,"Unadjusted"
19,"2000",44.8818424697912,"Unadjusted"
20,"2000",-139.171389055365,"Unadjusted"
21,"2000",-12.1385209581918,"Unadjusted"
22,"2000",-17.2271167252982,"Unadjusted"
23,"2000",68.5187102513136,"Unadjusted"
24,"2000",-11.3878577951646,"Unadjusted"
25,"2000",-22.5514304179121,"Unadjusted"
26,"2000",11291.4328175384,"Unadjusted"
27,"2000",-25.9463208010536,"Unadjusted"
28,"2000",-19.9319179634599,"Unadjusted"
29,"2000",-139.113670294143,"Unadjusted"
30,"2000",-81.0266799629695,"Unadjusted"
31,"2000",-854.326470631023,"Unadjusted"
32,"2000",-43.7318426912237,"Unadjusted"
33,"2000",-14.4434207675593,"Unadjusted"
34,"2000",-33.5372639974027,"Unadjusted"
35,"2000",20.3366721392286,"Unadjusted"
36,"2000",-29.3889144813449,"Unadjusted"
37,"2000",-16.0964106075716,"Unadjusted"
38,"2000",-31.7232635203176,"Unadjusted"
39,"2000",-47.8282714029259,"Unadjusted"
40,"2000",-45.5619125699469,"Unadjusted"
41,"2000",-27.6897264953891,"Unadjusted"
42,"2000",-16.1435358224936,"Unadjusted"
43,"2000",-12.7266236759186,"Unadjusted"
44,"2000",-17.8794660384745,"Unadjusted"
45,"2000",-33.9293529151621,"Unadjusted"
46,"2000",-19.6754930350163,"Unadjusted"
47,"2000",-11.5408522078657,"Unadjusted"
48,"2000",-26.9481649955597,"Unadjusted"
49,"2000",39.0738767274389,"Unadjusted"
50,"2000",-11.1136089188814,"Unadjusted"
51,"2000",-18.2070829730037,"Unadjusted"
52,"2000",-20.9245003067448,"Unadjusted"
53,"2000",-46.7549043146909,"Unadjusted"
54,"2000",-12.046676593645,"Unadjusted"
55,"2000",-14.337638043492,"Unadjusted"
56,"2000",-105.121438339328,"Unadjusted"
57,"2000",-13.5977709039378,"Unadjusted"
58,"2000",135.238263072724,"Unadjusted"
59,"2000",-14.42202984974,"Unadjusted"
60,"2000",-15.7031199884236,"Unadjusted"
61,"2000",-25.5993989037906,"Unadjusted"
62,"2000",-69.7512306006381,"Unadjusted"
63,"2000",-7.88350939464895,"Unadjusted"
64,"2000",-26.6142090744554,"Unadjusted"
65,"2000",-13.7025866813126,"Unadjusted"
66,"2000",-18.3150129923428,"Unadjusted"
67,"2000",-20.284102006049,"Unadjusted"
68,"2000",-13.6475566985319,"Unadjusted"
69,"2000",-30.4275205846496,"Unadjusted"
70,"2000",-13.4227122964434,"Unadjusted"
71,"2000",-14.2733784839899,"Unadjusted"
72,"2000",32.4958825863246,"Unadjusted"
73,"2000",-10.1466790309427,"Unadjusted"
74,"2000",-34.6574647514681,"Unadjusted"
75,"2000",-9.06814611200737,"Unadjusted"
76,"2000",-24.8961699832168,"Unadjusted"
77,"2000",-10.6916900862259,"Unadjusted"
78,"2000",-28.0790307534905,"Unadjusted"
79,"2000",-28.1640059266165,"Unadjusted"
80,"2000",-11.8089850793173,"Unadjusted"
81,"2000",-7.65184525607038,"Unadjusted"
82,"2000",31.9225078288807,"Unadjusted"
83,"2000",142.684464621013,"Unadjusted"
84,"2000",17.2992693060848,"Unadjusted"
85,"2000",-27.4691759539119,"Unadjusted"
86,"2000",-14.8464571368622,"Unadjusted"
87,"2000",-24.9195625488116,"Unadjusted"
88,"2000",-35.4355702125737,"Unadjusted"
89,"2000",32.1954194321093,"Unadjusted"
90,"2000",-14.9746290854481,"Unadjusted"
91,"2000",-31.3566795959095,"Unadjusted"
92,"2000",-95.355325455271,"Unadjusted"
93,"2000",-16.3346484562109,"Unadjusted"
94,"2000",-15.6790537171935,"Unadjusted"
95,"2000",-23.824417503146,"Unadjusted"
96,"2000",-8.52631371760535,"Unadjusted"
97,"2000",-28.5331825423573,"Unadjusted"
98,"2000",-54.8875632474623,"Unadjusted"
99,"2000",96.1804908253287,"Unadjusted"
100,"2000",-26.2134468064487,"Unadjusted"
101,"2000",-22.5320481141831,"Unadjusted"
102,"2000",-9.91996735175248,"Unadjusted"
103,"2000",-58.6214796220285,"Unadjusted"
104,"2000",-9.78504548181573,"Unadjusted"
105,"2000",-21.302112293335,"Unadjusted"
106,"2000",-152.200134250605,"Unadjusted"
107,"2000",-7.80807147797331,"Unadjusted"
108,"2000",-22.5966497875452,"Unadjusted"
109,"2000",-40.85746642928,"Unadjusted"
110,"2000",-11.0187196045063,"Unadjusted"
111,"2000",-15.8640514383025,"Unadjusted"
112,"2000",-63.4193662359524,"Unadjusted"
113,"2000",-23.0184093009955,"Unadjusted"
114,"2000",-575.511372087899,"Unadjusted"
115,"2000",34.1091593526907,"Unadjusted"
116,"2000",-11.129018959916,"Unadjusted"
117,"2000",-215.126876735601,"Unadjusted"
118,"2000",-21.8823417661517,"Unadjusted"
119,"2000",-31.2438052590433,"Unadjusted"
120,"2000",-18.4280930352566,"Unadjusted"
121,"2000",-35.3411371352643,"Unadjusted"
122,"2000",23.8909921503735,"Unadjusted"
123,"2000",-20.0365587519818,"Unadjusted"
124,"2000",29.1821501516975,"Unadjusted"
125,"2000",-11.888705630803,"Unadjusted"
126,"2000",-44.6159954051088,"Unadjusted"
127,"2000",-98.7655529858742,"Unadjusted"
128,"2000",-56.9887554750583,"Unadjusted"
129,"2000",-7.52784370674684,"Unadjusted"
130,"2000",-27.6282952352135,"Unadjusted"
131,"2000",-19.6884625785314,"Unadjusted"
132,"2000",-32.3996694566455,"Unadjusted"
133,"2000",-28.4332152453967,"Unadjusted"
134,"2000",-15.6878350670171,"Unadjusted"
135,"2000",-23.9264505370979,"Unadjusted"
136,"2000",-8.82413589517626,"Unadjusted"
137,"2000",-16.3365166788601,"Unadjusted"
138,"2000",-30.6505474997012,"Unadjusted"
139,"2000",-45.7830830711161,"Unadjusted"
140,"2000",23.8637686048073,"Unadjusted"
141,"2000",-13.6025174323608,"Unadjusted"
142,"2000",-49.950680828313,"Unadjusted"
143,"2000",-124.534367239949,"Unadjusted"
144,"2000",-21.0371396910929,"Unadjusted"
145,"2000",129.435258774116,"Unadjusted"
146,"2000",-17.6438167671023,"Unadjusted"
147,"2000",4648.02018555213,"Unadjusted"
148,"2000",-33.3638265960358,"Unadjusted"
149,"2000",-8.69733913480929,"Unadjusted"
150,"2000",-14.8214627126727,"Unadjusted"
151,"2000",-304.246365781521,"Unadjusted"
152,"2000",-10.352737020044,"Unadjusted"
153,"2000",-19.1040341173201,"Unadjusted"
154,"2000",-20.3772018007113,"Unadjusted"
155,"2000",-7.72663320903087,"Unadjusted"
156,"2000",2044.06565066641,"Unadjusted"
157,"2000",-13.6380321918946,"Unadjusted"
158,"2000",-21.8279391233995,"Unadjusted"
159,"2000",-10.0946879331462,"Unadjusted"
160,"2000",-28.5810001306846,"Unadjusted"
161,"2000",-15.0451627360792,"Unadjusted"
162,"2000",-12.0605039322931,"Unadjusted"
163,"2000",-18.5271732171028,"Unadjusted"
164,"2000",-22.9717197245989,"Unadjusted"
165,"2000",-10.4950003164468,"Unadjusted"
166,"2000",68.7555555601985,"Unadjusted"
167,"2000",406.063113388457,"Unadjusted"
168,"2000",-73.9708857546808,"Unadjusted"
169,"2000",-8.95056649841898,"Unadjusted"
170,"2000",-14.5603866569201,"Unadjusted"
171,"2000",-36.5840447457924,"Unadjusted"
172,"2000",-7.02416428868843,"Unadjusted"
173,"2000",-16.4137379061116,"Unadjusted"
174,"2000",1467.22685477952,"Unadjusted"
175,"2000",-62.1950671742348,"Unadjusted"
176,"2000",-31.7804649059157,"Unadjusted"
177,"2000",-7.9200968989025,"Unadjusted"
178,"2000",-47.6375058830719,"Unadjusted"
179,"2000",-21.4937005188182,"Unadjusted"
180,"2000",-12.6007147495106,"Unadjusted"
181,"2000",399.615681171767,"Unadjusted"
182,"2000",-49.3539020065679,"Unadjusted"
183,"2000",-13.8959021974519,"Unadjusted"
184,"2000",-20.1209642110295,"Unadjusted"
185,"2000",102.620689668635,"Unadjusted"
186,"2000",-14.3969054627862,"Unadjusted"
187,"2000",-11.0808053345866,"Unadjusted"
188,"2000",-12.7924306501961,"Unadjusted"
189,"2000",-51.6520932492153,"Unadjusted"
190,"2000",24.2510023065135,"Unadjusted"
191,"2000",-18.8206205415872,"Unadjusted"
192,"2000",-68.7353863713102,"Unadjusted"
193,"2000",-9.13258451830036,"Unadjusted"
194,"2000",-18.7820971954282,"Unadjusted"
195,"2000",-22.2301634699689,"Unadjusted"
196,"2000",-17.5526193687884,"Unadjusted"
197,"2000",-15.325173283639,"Unadjusted"
198,"2000",-13.3095936471104,"Unadjusted"
199,"2000",-38.4364392845538,"Unadjusted"
200,"2000",-9.68267375444389,"Unadjusted"
201,"2000",-222.375800102521,"Unadjusted"
202,"2000",-31.6429116930844,"Unadjusted"
203,"2000",-17.3340052150939,"Unadjusted"
204,"2000",-445.058637340378,"Unadjusted"
205,"2000",89.1746925891323,"Unadjusted"
206,"2000",280.628195357777,"Unadjusted"
207,"2000",-12.8680690827151,"Unadjusted"
208,"2000",-31.2941598136424,"Unadjusted"
209,"2000",-11.5530687711734,"Unadjusted"
210,"2000",-17.095488515306,"Unadjusted"
211,"2000",-36.6402807807253,"Unadjusted"
212,"2000",-18.1346584328026,"Unadjusted"
213,"2000",-10.714183794162,"Unadjusted"
214,"2000",-29.9391495723353,"Unadjusted"
215,"2000",1200.92706067839,"Unadjusted"
216,"2000",-10.7319298961983,"Unadjusted"
217,"2000",-38.4406532594803,"Unadjusted"
218,"2000",-81.5011303777493,"Unadjusted"
219,"2000",-99.0260458646602,"Unadjusted"
220,"2000",-25.0836067305245,"Unadjusted"
221,"2000",-20.9839258536215,"Unadjusted"
222,"2000",-18.3689999945132,"Unadjusted"
223,"2000",-87.2051793131305,"Unadjusted"
224,"2000",-37.4500138970233,"Unadjusted"
225,"2000",-19.1848356312145,"Unadjusted"
226,"2000",-18.3411015289419,"Unadjusted"
227,"2000",-29.9869066092552,"Unadjusted"
228,"2000",-32.1273542234023,"Unadjusted"
229,"2000",-233.748593887959,"Unadjusted"
230,"2000",-136.015830020983,"Unadjusted"
231,"2000",551.002696477405,"Unadjusted"
232,"2000",-15.9497750722088,"Unadjusted"
233,"2000",-14.6354529554863,"Unadjusted"
234,"2000",-580.375277488984,"Unadjusted"
235,"2000",-12.431112572737,"Unadjusted"
236,"2000",-11.0526823390828,"Unadjusted"
237,"2000",-9.47745347401338,"Unadjusted"
238,"2000",-9.58978503686306,"Unadjusted"
239,"2000",-40.996629845621,"Unadjusted"
240,"2000",-22.739529772619,"Unadjusted"
241,"2000",-17.1607694786159,"Unadjusted"
242,"2000",-11.8328638305477,"Unadjusted"
243,"2000",74.5535567215898,"Unadjusted"
244,"2000",47.5514459701457,"Unadjusted"
245,"2000",-12.0144692699815,"Unadjusted"
246,"2000",-48.5946526483708,"Unadjusted"
247,"2000",-21.9203688433559,"Unadjusted"
248,"2000",-17.3868748317843,"Unadjusted"
249,"2000",-293.66688315295,"Unadjusted"
250,"2000",-27.0937752575051,"Unadjusted"
251,"2000",31.1312108430894,"Unadjusted"
252,"2000",-18.9735940783724,"Unadjusted"
253,"2000",-18.3574062032152,"Unadjusted"
254,"2000",-13.6397969502852,"Unadjusted"
255,"2000",-13.4994500904637,"Unadjusted"
256,"2000",-22.0672984639441,"Unadjusted"
257,"2000",330.393408416432,"Unadjusted"
258,"2000",-22.7051346559924,"Unadjusted"
259,"2000",-86.8056597986512,"Unadjusted"
260,"2000",-13.7719494991903,"Unadjusted"
261,"2000",-16.0506885160388,"Unadjusted"
262,"2000",-8.67224200165069,"Unadjusted"
263,"2000",-353.580187206386,"Unadjusted"
264,"2000",-29.2990158571868,"Unadjusted"
265,"2000",-14.776386706798,"Unadjusted"
266,"2000",-29.5946585355397,"Unadjusted"
267,"2000",-62.657502660373,"Unadjusted"
268,"2000",-17.4369498558341,"Unadjusted"
269,"2000",-9.58496799667358,"Unadjusted"
270,"2000",-46.0557720012164,"Unadjusted"
271,"2000",-19.5788934386516,"Unadjusted"
272,"2000",-8.88038628503069,"Unadjusted"
273,"2000",-10.5942404470853,"Unadjusted"
274,"2000",-22.0064485977546,"Unadjusted"
275,"2000",334.067419564104,"Unadjusted"
276,"2000",-14.8445357317115,"Unadjusted"
277,"2000",-33.5676216783954,"Unadjusted"
278,"2000",-20.4632762338385,"Unadjusted"
279,"2000",-37.5499868142115,"Unadjusted"
280,"2000",-13.5659336138164,"Unadjusted"
281,"2000",25.4411708422888,"Unadjusted"
282,"2000",-16.9558344509985,"Unadjusted"
283,"2000",-17.5193028877719,"Unadjusted"
284,"2000",-37.4723809807419,"Unadjusted"
285,"2000",-28.1833118753269,"Unadjusted"
286,"2000",-136.365255073338,"Unadjusted"
287,"2000",-16.2439024314416,"Unadjusted"
288,"2000",-11.0209434900848,"Unadjusted"
289,"2000",-17.7090645282227,"Unadjusted"
290,"2000",-407.947767653252,"Unadjusted"
291,"2000",-12.0777293558232,"Unadjusted"
292,"2000",-26.1204872598717,"Unadjusted"
293,"2000",-40.4351028706866,"Unadjusted"
294,"2000",-12.5168234076748,"Unadjusted"
295,"2000",-11.8746282229839,"Unadjusted"
296,"2000",94.1223589582824,"Unadjusted"
297,"2000",-51.5904874463367,"Unadjusted"
298,"2000",-39.6373299584354,"Unadjusted"
299,"2000",-27.1571467828028,"Unadjusted"
300,"2000",29.1476626881968,"Unadjusted"
301,"2000",-15.2765227802013,"Unadjusted"
302,"2000",678.628574394593,"Unadjusted"
303,"2000",-6.52848495534429,"Unadjusted"
304,"2000",-22.7628889264111,"Unadjusted"
305,"2000",13.3542006182262,"Unadjusted"
306,"2000",85.9653380802525,"Unadjusted"
307,"2000",-15.7427465000951,"Unadjusted"
308,"2000",-19.7970956704555,"Unadjusted"
309,"2000",-7.30848637285205,"Unadjusted"
310,"2000",-27.5531831205636,"Unadjusted"
311,"2000",-9.45435693936061,"Unadjusted"
312,"2000",203.52507578657,"Unadjusted"
313,"2000",-11.6203084458103,"Unadjusted"
314,"2000",-14.2971149072765,"Unadjusted"
315,"2000",-22.2104036461743,"Unadjusted"
316,"2000",94.9797046204859,"Unadjusted"
317,"2000",-28.1413060820407,"Unadjusted"
318,"2000",129.369297739103,"Unadjusted"
319,"2000",-117.644384545654,"Unadjusted"
320,"2000",-16.0436421801851,"Unadjusted"
321,"2000",-15.7995401950522,"Unadjusted"
322,"2000",-8.84938769681645,"Unadjusted"
323,"2000",-95.7200694611995,"Unadjusted"
324,"2000",111.492508701843,"Unadjusted"
325,"2000",-50.8469091728036,"Unadjusted"
326,"2000",-11.752395524956,"Unadjusted"
327,"2000",-35.3796235059217,"Unadjusted"
328,"2000",-19.1578939035839,"Unadjusted"
329,"2000",36.4460654853183,"Unadjusted"
330,"2000",-23.4215105578362,"Unadjusted"
331,"2000",-11.0494897468807,"Unadjusted"
332,"2000",18.6296037716216,"Unadjusted"
333,"2000",-141.532141338877,"Unadjusted"
334,"2000",-25.7591315627693,"Unadjusted"
335,"2000",-30.4042381700635,"Unadjusted"
336,"2000",-16.3669951201421,"Unadjusted"
337,"2000",-91.7311057322661,"Unadjusted"
338,"2000",-13.8660337161103,"Unadjusted"
339,"2000",-44.1666531909407,"Unadjusted"
340,"2000",-42.7819136272383,"Unadjusted"
341,"2000",-108.865769783681,"Unadjusted"
342,"2000",-30.6605368228416,"Unadjusted"
343,"2000",-11.3737104530362,"Unadjusted"
344,"2000",-14.3600442692029,"Unadjusted"
345,"2000",-28.0933436965294,"Unadjusted"
346,"2000",-7.07845918345854,"Unadjusted"
347,"2000",-31.3747425383471,"Unadjusted"
348,"2000",1362.68637535003,"Unadjusted"
349,"2000",-42.9022037542244,"Unadjusted"
350,"2000",-20.7209913667598,"Unadjusted"
351,"2000",-30.4540983412235,"Unadjusted"
352,"2000",-88.1165476358467,"Unadjusted"
353,"2000",-18.5036421526611,"Unadjusted"
354,"2000",-89.3286830404592,"Unadjusted"
355,"2000",-146.470649803643,"Unadjusted"
356,"2000",-14.9285857471639,"Unadjusted"
357,"2000",-18.1566078092605,"Unadjusted"
358,"2000",-13.3772926457146,"Unadjusted"
359,"2000",50.7976596157394,"Unadjusted"
360,"2000",-20.408905004236,"Unadjusted"
361,"2000",-22.6966033175637,"Unadjusted"
362,"2000",-14.6189413007685,"Unadjusted"
363,"2000",-13.9504782377165,"Unadjusted"
364,"2000",2067.92775831223,"Unadjusted"
365,"2000",-19.0841071057881,"Unadjusted"
366,"2000",-16.4528807808047,"Unadjusted"
367,"2000",185.938889160119,"Unadjusted"
368,"2000",-55.473210698159,"Unadjusted"
369,"2000",-17.6497687723614,"Unadjusted"
370,"2000",-21.6094136088813,"Unadjusted"
371,"2000",-14.690602787046,"Unadjusted"
372,"2000",-10.0360221930518,"Unadjusted"
373,"2000",-16.994754319892,"Unadjusted"
374,"2000",-30.1310186521193,"Unadjusted"
375,"2000",-39.0921108945256,"Unadjusted"
376,"2000",-10.5743192395637,"Unadjusted"
377,"2000",-42.9299723586477,"Unadjusted"
378,"2000",-18.2483725432341,"Unadjusted"
379,"2000",-15.5669460098719,"Unadjusted"
380,"2000",-14.8335574715921,"Unadjusted"
381,"2000",-27.4417998492971,"Unadjusted"
382,"2000",82.5442908036382,"Unadjusted"
383,"2000",-15.6193480765472,"Unadjusted"
384,"2000",-6.84544485599171,"Unadjusted"
385,"2000",-8.09874340091446,"Unadjusted"
386,"2000",-27.0875962719679,"Unadjusted"
387,"2000",34.1756112924828,"Unadjusted"
388,"2000",-21.9145472172018,"Unadjusted"
389,"2000",123.205400186488,"Unadjusted"
390,"2000",-20.7759269830728,"Unadjusted"
391,"2000",21.8906805120758,"Unadjusted"
392,"2000",-522.344017013711,"Unadjusted"
393,"2000",-11.1190731454073,"Unadjusted"
394,"2000",-43.1443035736435,"Unadjusted"
395,"2000",-10.9540501055671,"Unadjusted"
396,"2000",19.1113454664795,"Unadjusted"
397,"2000",-17.2881710575228,"Unadjusted"
398,"2000",-17.9049904606609,"Unadjusted"
399,"2000",-24.5169474924986,"Unadjusted"
400,"2000",-22.9017857138348,"Unadjusted"
401,"2000",21.3862230836745,"Unadjusted"
402,"2000",-10.8570662733936,"Unadjusted"
403,"2000",-24.3038668240845,"Unadjusted"
404,"2000",-10.512825108372,"Unadjusted"
405,"2000",-15.1434940102063,"Unadjusted"
406,"2000",-21.5884303867373,"Unadjusted"
407,"2000",-132.486478107791,"Unadjusted"
408,"2000",122.49493194958,"Unadjusted"
409,"2000",-26.4642640254405,"Unadjusted"
410,"2000",-21908.7719036958,"Unadjusted"
411,"2000",-28.0982602904168,"Unadjusted"
412,"2000",18.5838903850322,"Unadjusted"
413,"2000",-27.3858865756379,"Unadjusted"
414,"2000",49.7975271267678,"Unadjusted"
415,"2000",-234.063265115382,"Unadjusted"
416,"2000",-10.784664459727,"Unadjusted"
417,"2000",-8.22478648713779,"Unadjusted"
418,"2000",-186.657868815843,"Unadjusted"
419,"2000",-1115.72213994958,"Unadjusted"
420,"2000",-9.79863973200414,"Unadjusted"
421,"2000",787.756399364967,"Unadjusted"
422,"2000",-14.0935494241632,"Unadjusted"
423,"2000",-20.0486907051915,"Unadjusted"
424,"2000",-17.9870892078474,"Unadjusted"
425,"2000",-19.4451206007894,"Unadjusted"
426,"2000",233.317962238869,"Unadjusted"
427,"2000",-28.4993079412407,"Unadjusted"
428,"2000",-14.5973295792308,"Unadjusted"
429,"2000",22.2287122903362,"Unadjusted"
430,"2000",-13.212801249755,"Unadjusted"
431,"2000",-48.4841170158484,"Unadjusted"
432,"2000",-31.1599737162007,"Unadjusted"
433,"2000",-37.3208575245925,"Unadjusted"
434,"2000",-11.070622343126,"Unadjusted"
435,"2000",65.7708394553084,"Unadjusted"
436,"2000",-27.9338711957191,"Unadjusted"
437,"2000",-14.6064618978974,"Unadjusted"
438,"2000",-22.7143248830833,"Unadjusted"
439,"2000",-9.14368232463714,"Unadjusted"
440,"2000",1339.77277539746,"Unadjusted"
441,"2000",-19.1698341006859,"Unadjusted"
442,"2000",-12.395306299251,"Unadjusted"
443,"2000",-37.3863948678151,"Unadjusted"
444,"2000",-134.852034719436,"Unadjusted"
445,"2000",60.9686157755699,"Unadjusted"
446,"2000",-9.02939442910048,"Unadjusted"
447,"2000",-34.3053286814433,"Unadjusted"
448,"2000",-65.3637443749141,"Unadjusted"
449,"2000",137.766473988361,"Unadjusted"
450,"2000",-43.5452466738447,"Unadjusted"
451,"2000",-9.28194850807362,"Unadjusted"
452,"2000",863.237102353469,"Unadjusted"
453,"2000",68.7379190145499,"Unadjusted"
454,"2000",-30.5127832564281,"Unadjusted"
455,"2000",-9.17058245667581,"Unadjusted"
456,"2000",-17.4353586271661,"Unadjusted"
457,"2000",-28.4201097636543,"Unadjusted"
458,"2000",-10.0931596276533,"Unadjusted"
459,"2000",-11.286995501816,"Unadjusted"
460,"2000",-10.8937951140378,"Unadjusted"
461,"2000",82.7923211314697,"Unadjusted"
462,"2000",32.7815741711383,"Unadjusted"
463,"2000",-105.613125954455,"Unadjusted"
464,"2000",-17.1171904981451,"Unadjusted"
465,"2000",-9.53059024296103,"Unadjusted"
466,"2000",37.2221018314266,"Unadjusted"
467,"2000",-8.59580189793389,"Unadjusted"
468,"2000",-19.7090130303194,"Unadjusted"
469,"2000",-27.2333424907648,"Unadjusted"
470,"2000",-19.0606512134366,"Unadjusted"
471,"2000",-114.7154247099,"Unadjusted"
472,"2000",21.4323243807859,"Unadjusted"
473,"2000",-25.3391290010917,"Unadjusted"
474,"2000",-18.0378785982326,"Unadjusted"
475,"2000",74.0832467028971,"Unadjusted"
476,"2000",-14.9908544455435,"Unadjusted"
477,"2000",-20.4576787641755,"Unadjusted"
478,"2000",-29.7162774163344,"Unadjusted"
479,"2000",49.6656654473876,"Unadjusted"
480,"2000",-46.1210032050654,"Unadjusted"
481,"2000",-26.9401599299645,"Unadjusted"
482,"2000",-11.7493124817319,"Unadjusted"
483,"2000",-38.1682584098523,"Unadjusted"
484,"2000",24.3035119787794,"Unadjusted"
485,"2000",-16.6956719025487,"Unadjusted"
486,"2000",-81.3014510759428,"Unadjusted"
487,"2000",-33.1953778887445,"Unadjusted"
488,"2000",-9.95513864956669,"Unadjusted"
489,"2000",-19.4384783648043,"Unadjusted"
490,"2000",-14.0211006501625,"Unadjusted"
491,"2000",18.890897632132,"Unadjusted"
492,"2000",-35.0116981003346,"Unadjusted"
493,"2000",-18.5287670526325,"Unadjusted"
494,"2000",-74.6878416700208,"Unadjusted"
495,"2000",-25.7321403191289,"Unadjusted"
496,"2000",-40.5516940374445,"Unadjusted"
497,"2000",-26.0435646387273,"Unadjusted"
498,"2000",-579.699263522738,"Unadjusted"
499,"2000",-17.8704995149739,"Unadjusted"
500,"2000",-13.9751404732457,"Unadjusted"
501,"2000",-9.90808482632974,"Unadjusted"
502,"2000",-11.2330449432431,"Unadjusted"
503,"2000",-29.1913951691826,"Unadjusted"
504,"2000",-22.3876789918233,"Unadjusted"
505,"2000",26.2340775505208,"Unadjusted"
506,"2000",-46.8216915499909,"Unadjusted"
507,"2000",-43.794014266281,"Unadjusted"
508,"2000",-16.9347016108852,"Unadjusted"
509,"2000",-15.6255047145191,"Unadjusted"
510,"2000",-14.9321168587903,"Unadjusted"
511,"2000",-53.6497674042644,"Unadjusted"
512,"2000",-32.6655856053737,"Unadjusted"
513,"2000",-9.72855644351706,"Unadjusted"
514,"2000",-23.7555153624832,"Unadjusted"
515,"2000",-84.5406182285442,"Unadjusted"
516,"2000",-49.1077788947059,"Unadjusted"
517,"2000",-21.9796855874772,"Unadjusted"
518,"2000",-20.4024187972904,"Unadjusted"
519,"2000",-23.5031590975348,"Unadjusted"
520,"2000",-13.67511525228,"Unadjusted"
521,"2000",-37.539335388846,"Unadjusted"
522,"2000",-23.8270086703882,"Unadjusted"
523,"2000",-9.55904120091422,"Unadjusted"
524,"2000",-16.1908326404953,"Unadjusted"
525,"2000",77.8973725961681,"Unadjusted"
526,"2000",-48.6609943243641,"Unadjusted"
527,"2000",-22.8504813991652,"Unadjusted"
528,"2000",-26.3954638154039,"Unadjusted"
529,"2000",-12.1825157241096,"Unadjusted"
530,"2000",-16.3439749604756,"Unadjusted"
531,"2000",-21.6712796734358,"Unadjusted"
532,"2000",-7.8236052447856,"Unadjusted"
533,"2000",-13.5522527256528,"Unadjusted"
534,"2000",-8.71723342906284,"Unadjusted"
535,"2000",-12.023290730259,"Unadjusted"
536,"2000",264.424500102559,"Unadjusted"
537,"2000",-23.3500739754794,"Unadjusted"
538,"2000",-17.2436862418017,"Unadjusted"
539,"2000",-86.5450550457177,"Unadjusted"
540,"2000",-32.1142297696907,"Unadjusted"
541,"2000",-16.2966503286331,"Unadjusted"
542,"2000",-27.3223152912605,"Unadjusted"
543,"2000",-6.1746351555886,"Unadjusted"
544,"2000",70.7118049956878,"Unadjusted"
545,"2000",-11.692175038994,"Unadjusted"
546,"2000",-18.9135246621405,"Unadjusted"
547,"2000",-13.5270413607167,"Unadjusted"
548,"2000",-7.95459863365648,"Unadjusted"
549,"2000",-18.4229401742743,"Unadjusted"
550,"2000",-10.9757796707716,"Unadjusted"
551,"2000",-21.6663137052316,"Unadjusted"
552,"2000",-160.606474492242,"Unadjusted"
553,"2000",24.7566498871506,"Unadjusted"
554,"2000",62.4932033026555,"Unadjusted"
555,"2000",1331.06165981293,"Unadjusted"
556,"2000",-25.4274587762719,"Unadjusted"
557,"2000",170.000467078002,"Unadjusted"
558,"2000",-23.4701599320786,"Unadjusted"
559,"2000",-13.2372328596508,"Unadjusted"
560,"2000",-25.580757677371,"Unadjusted"
561,"2000",-9.77457883655666,"Unadjusted"
562,"2000",-45.9995800295406,"Unadjusted"
563,"2000",-13.0847774627135,"Unadjusted"
564,"2000",-8.97484451049176,"Unadjusted"
565,"2000",-25.090696247246,"Unadjusted"
566,"2000",-12.6466573509836,"Unadjusted"
567,"2000",34.3944941019113,"Unadjusted"
568,"2000",-14.3194245138527,"Unadjusted"
569,"2000",-21.4616502261123,"Unadjusted"
570,"2000",-17.0606486977384,"Unadjusted"
571,"2000",-20.3916607058634,"Unadjusted"
572,"2000",-47.7367247120183,"Unadjusted"
573,"2000",237.911135908158,"Unadjusted"
574,"2000",-15.0095103032084,"Unadjusted"
575,"2000",-7.19909583557893,"Unadjusted"
576,"2000",-15.8545931368938,"Unadjusted"
577,"2000",-9.68536843722486,"Unadjusted"
578,"2000",-11.1550604272466,"Unadjusted"
579,"2000",-35.903745563547,"Unadjusted"
580,"2000",-14.6852138303195,"Unadjusted"
581,"2000",-24.4391457738883,"Unadjusted"
582,"2000",-26.4080773069179,"Unadjusted"
583,"2000",-64.1374809030958,"Unadjusted"
584,"2000",-19.45723713642,"Unadjusted"
585,"2000",-114.292044777301,"Unadjusted"
586,"2000",-19.0533240221087,"Unadjusted"
587,"2000",-117.619796183988,"Unadjusted"
588,"2000",-10.8847388802868,"Unadjusted"
589,"2000",-39.7203920245102,"Unadjusted"
590,"2000",-25.4921062757598,"Unadjusted"
591,"2000",-33.7380728731278,"Unadjusted"
592,"2000",-247.474525269586,"Unadjusted"
593,"2000",-10.9116672967334,"Unadjusted"
594,"2000",-22.7712639785599,"Unadjusted"
595,"2000",-16.0966943008473,"Unadjusted"
596,"2000",-8.47801264688303,"Unadjusted"
597,"2000",-15.0639984529883,"Unadjusted"
598,"2000",-12.3953251127685,"Unadjusted"
599,"2000",-15.0384218510834,"Unadjusted"
600,"2000",-9.41781400540308,"Unadjusted"
601,"2000",-121.408086936661,"Unadjusted"
602,"2000",-19.8576129856762,"Unadjusted"
603,"2000",15.2830596062255,"Unadjusted"
604,"2000",53.7039365578515,"Unadjusted"
605,"2000",91.5911935875828,"Unadjusted"
606,"2000",-20.3189141525193,"Unadjusted"
607,"2000",-47.5326835963999,"Unadjusted"
608,"2000",1905.72047729745,"Unadjusted"
609,"2000",-70.5988345450696,"Unadjusted"
610,"2000",-17.6367103698799,"Unadjusted"
611,"2000",-45.1436089160353,"Unadjusted"
612,"2000",-13.4538882894774,"Unadjusted"
613,"2000",-13.1899760417804,"Unadjusted"
614,"2000",-171.756442543602,"Unadjusted"
615,"2000",17.4960048507862,"Unadjusted"
616,"2000",-79.9466589469329,"Unadjusted"
617,"2000",-2351.59878257858,"Unadjusted"
618,"2000",-36.0976580052519,"Unadjusted"
619,"2000",37.7168990181525,"Unadjusted"
620,"2000",-23.4931375159469,"Unadjusted"
621,"2000",-10.8863883068159,"Unadjusted"
622,"2000",-17.7401628446957,"Unadjusted"
623,"2000",34.9087059647088,"Unadjusted"
624,"2000",-52.1054483191372,"Unadjusted"
625,"2000",-19.2738329789755,"Unadjusted"
626,"2000",496.680199690178,"Unadjusted"
627,"2000",-17.6031902554317,"Unadjusted"
628,"2000",-60.7040975369912,"Unadjusted"
629,"2000",-24.9618355113453,"Unadjusted"
630,"2000",-64.2145598782943,"Unadjusted"
631,"2000",-203.079103847176,"Unadjusted"
632,"2000",-489.128449432974,"Unadjusted"
633,"2000",-12.367581704064,"Unadjusted"
634,"2000",-79.577593841352,"Unadjusted"
635,"2000",-13.333485601778,"Unadjusted"
636,"2000",-29.5603110617732,"Unadjusted"
637,"2000",-13.9770477613464,"Unadjusted"
638,"2000",168.387768406677,"Unadjusted"
639,"2000",-16.5763336162906,"Unadjusted"
640,"2000",-8.13356942965282,"Unadjusted"
641,"2000",-31.7703215484593,"Unadjusted"
642,"2000",-19.3485972140108,"Unadjusted"
643,"2000",-13.2439456827917,"Unadjusted"
644,"2000",-72.5662905669262,"Unadjusted"
645,"2000",35.0733825126721,"Unadjusted"
646,"2000",-21.8825394413446,"Unadjusted"
647,"2000",-46.783700113743,"Unadjusted"
648,"2000",-25.569390953688,"Unadjusted"
649,"2000",-12.5653658681515,"Unadjusted"
650,"2000",-11.4942970466657,"Unadjusted"
651,"2000",-14.5725578727554,"Unadjusted"
652,"2000",-24.801658632986,"Unadjusted"
653,"2000",-17.5464716896384,"Unadjusted"
654,"2000",-11.67851864493,"Unadjusted"
655,"2000",-8.50124255030618,"Unadjusted"
656,"2000",-22.6645616339141,"Unadjusted"
657,"2000",-31.7540550735717,"Unadjusted"
658,"2000",20.1553639792907,"Unadjusted"
659,"2000",-32.0728458609252,"Unadjusted"
660,"2000",-22.1087666640109,"Unadjusted"
661,"2000",-13.8100149513113,"Unadjusted"
662,"2000",-12.4819822063944,"Unadjusted"
663,"2000",-50.4845928658287,"Unadjusted"
664,"2000",-14.9687071438223,"Unadjusted"
665,"2000",-35.3839866161961,"Unadjusted"
666,"2000",-49.9473902778126,"Unadjusted"
667,"2000",-399.959316444419,"Unadjusted"
668,"2000",287.852864292721,"Unadjusted"
669,"2000",-15.0630108617631,"Unadjusted"
670,"2000",-9.34759221904495,"Unadjusted"
671,"2000",56.6600725718273,"Unadjusted"
672,"2000",-15.6201653040975,"Unadjusted"
673,"2000",-19.497104850266,"Unadjusted"
674,"2000",-18.397396112414,"Unadjusted"
675,"2000",-16.0191443320916,"Unadjusted"
676,"2000",-23.2388143750543,"Unadjusted"
677,"2000",-8.73340187295951,"Unadjusted"
678,"2000",-20.4951581094566,"Unadjusted"
679,"2000",-23.7088912935308,"Unadjusted"
680,"2000",-17.2759235693262,"Unadjusted"
681,"2000",20.2357504873377,"Unadjusted"
682,"2000",-22.2954802791318,"Unadjusted"
683,"2000",-11.4854660215452,"Unadjusted"
684,"2000",76.14575843391,"Unadjusted"
685,"2000",-34.5682878269617,"Unadjusted"
686,"2000",359.909492572806,"Unadjusted"
687,"2000",-18.7193480444495,"Unadjusted"
688,"2000",-18.6041878717909,"Unadjusted"
689,"2000",-9.94464369969191,"Unadjusted"
690,"2000",-24.8937295373048,"Unadjusted"
691,"2000",-90.0412097842384,"Unadjusted"
692,"2000",-23.4470654445422,"Unadjusted"
693,"2000",-107.499999865348,"Unadjusted"
694,"2000",-26.3681264416895,"Unadjusted"
695,"2000",-34.8193056054884,"Unadjusted"
696,"2000",-20.8385667165163,"Unadjusted"
697,"2000",-532.429727195109,"Unadjusted"
698,"2000",40.470607795528,"Unadjusted"
699,"2000",-12.4233219496406,"Unadjusted"
700,"2000",-13.3520610945823,"Unadjusted"
701,"2000",-22.79318119335,"Unadjusted"
702,"2000",-22.3992017885251,"Unadjusted"
703,"2000",-17.2589179710164,"Unadjusted"
704,"2000",-15.4068876541736,"Unadjusted"
705,"2000",-18.2055894635653,"Unadjusted"
706,"2000",-10.3642815403133,"Unadjusted"
707,"2000",-13.3183237914289,"Unadjusted"
708,"2000",-22.2981703867324,"Unadjusted"
709,"2000",-31.7851412616083,"Unadjusted"
710,"2000",-18.2802293626902,"Unadjusted"
711,"2000",-40.7238455477448,"Unadjusted"
712,"2000",-13.0571579935933,"Unadjusted"
713,"2000",-16.737212810106,"Unadjusted"
714,"2000",-12.9995882734737,"Unadjusted"
715,"2000",-13.7810307878772,"Unadjusted"
716,"2000",105.603909758252,"Unadjusted"
717,"2000",-9.17549280757769,"Unadjusted"
718,"2000",57.1664650962717,"Unadjusted"
719,"2000",380.338177339307,"Unadjusted"
720,"2000",71.1987509352426,"Unadjusted"
721,"2000",-11.9657937364276,"Unadjusted"
722,"2000",907.014317927854,"Unadjusted"
723,"2000",-107.508223131581,"Unadjusted"
724,"2000",-44.2327953912451,"Unadjusted"
725,"2000",-18.26164449207,"Unadjusted"
726,"2000",-7.72409081500312,"Unadjusted"
727,"2000",-48.7370925714563,"Unadjusted"
728,"2000",-39.6135411775084,"Unadjusted"
729,"2000",-16.2473570672015,"Unadjusted"
730,"2000",-87.9397430247744,"Unadjusted"
731,"2000",-5.94649908934212,"Unadjusted"
732,"2000",-19.3907892156833,"Unadjusted"
733,"2000",-19.0523437084803,"Unadjusted"
734,"2000",-10.6783975165148,"Unadjusted"
735,"2000",-13.485920508555,"Unadjusted"
736,"2000",-12.5791178077409,"Unadjusted"
737,"2000",-8.02345534583364,"Unadjusted"
738,"2000",-35.8741258391589,"Unadjusted"
739,"2000",-31.7817061945378,"Unadjusted"
740,"2000",81.8056466417648,"Unadjusted"
741,"2000",-25.6724956780614,"Unadjusted"
742,"2000",-9.89407789889254,"Unadjusted"
743,"2000",-18.0614349612861,"Unadjusted"
744,"2000",-12.8475402556213,"Unadjusted"
745,"2000",41.0384249903206,"Unadjusted"
746,"2000",109.192755933809,"Unadjusted"
747,"2000",-555.571543184139,"Unadjusted"
748,"2000",-16.1893086078131,"Unadjusted"
749,"2000",-7.9827006897286,"Unadjusted"
750,"2000",13.5948608882446,"Unadjusted"
751,"2000",-11.91899725852,"Unadjusted"
752,"2000",-23.0760297910043,"Unadjusted"
753,"2000",-11.963298197165,"Unadjusted"
754,"2000",-20.6628928220406,"Unadjusted"
755,"2000",-99.3439776247062,"Unadjusted"
756,"2000",-58.324847453599,"Unadjusted"
757,"2000",-1127.05011824196,"Unadjusted"
758,"2000",-47.7166184927761,"Unadjusted"
759,"2000",-21.6674441479846,"Unadjusted"
760,"2000",-14.6388688022785,"Unadjusted"
761,"2000",36.1264080709587,"Unadjusted"
762,"2000",-17.3478863234963,"Unadjusted"
763,"2000",-48.5825703526104,"Unadjusted"
764,"2000",-45.7711740337574,"Unadjusted"
765,"2000",-24.699562181788,"Unadjusted"
766,"2000",-21.8403937380406,"Unadjusted"
767,"2000",-9.56668388481663,"Unadjusted"
768,"2000",-16.7796063064565,"Unadjusted"
769,"2000",118.596303549806,"Unadjusted"
770,"2000",-11.0975205098508,"Unadjusted"
771,"2000",-30.8879146143635,"Unadjusted"
772,"2000",-32.9803767739447,"Unadjusted"
773,"2000",-23.6997861712385,"Unadjusted"
774,"2000",-16.2763708383361,"Unadjusted"
775,"2000",-29.5655088153653,"Unadjusted"
776,"2000",-16.1327932886453,"Unadjusted"
777,"2000",286.671356320525,"Unadjusted"
778,"2000",-139.023489126618,"Unadjusted"
779,"2000",-35.2952013802653,"Unadjusted"
780,"2000",-14.4708152201656,"Unadjusted"
781,"2000",-22.4036423626361,"Unadjusted"
782,"2000",123.820030189394,"Unadjusted"
783,"2000",41.99894700108,"Unadjusted"
784,"2000",-20.738274473846,"Unadjusted"
785,"2000",-79.3108067500248,"Unadjusted"
786,"2000",-31.7066052803346,"Unadjusted"
787,"2000",-10.0891691185208,"Unadjusted"
788,"2000",425.716691244952,"Unadjusted"
789,"2000",-17.3380899368671,"Unadjusted"
790,"2000",109.174888251049,"Unadjusted"
791,"2000",68.4927568029303,"Unadjusted"
792,"2000",-17.0046050577813,"Unadjusted"
793,"2000",-32.7285142174119,"Unadjusted"
794,"2000",-33.5589016691941,"Unadjusted"
795,"2000",-26.2111066455632,"Unadjusted"
796,"2000",-141.125149346671,"Unadjusted"
797,"2000",-631.155962889655,"Unadjusted"
798,"2000",16.7407068239461,"Unadjusted"
799,"2000",1186.90931536458,"Unadjusted"
800,"2000",-43.1512087693535,"Unadjusted"
801,"2000",-10.9811767219273,"Unadjusted"
802,"2000",39.3605350978451,"Unadjusted"
803,"2000",37.8209457463679,"Unadjusted"
804,"2000",41.9318366583663,"Unadjusted"
805,"2000",-52.8497183016416,"Unadjusted"
806,"2000",-24.6239418595459,"Unadjusted"
807,"2000",-6.35827465749981,"Unadjusted"
808,"2000",-15.6865524407926,"Unadjusted"
809,"2000",-19.4935875473632,"Unadjusted"
810,"2000",-78.8732382017236,"Unadjusted"
811,"2000",-452.725758021596,"Unadjusted"
812,"2000",-23.612062141856,"Unadjusted"
813,"2000",-19.8740057718091,"Unadjusted"
814,"2000",-15.9425953222197,"Unadjusted"
815,"2000",-10.5135130263715,"Unadjusted"
816,"2000",-26.3406779689404,"Unadjusted"
817,"2000",-24.8087674859793,"Unadjusted"
818,"2000",-21.9269088869282,"Unadjusted"
819,"2000",-36.3510572225628,"Unadjusted"
820,"2000",-19.6619528338053,"Unadjusted"
821,"2000",-12.8924943058011,"Unadjusted"
822,"2000",155.151582736003,"Unadjusted"
823,"2000",-40.3658582268535,"Unadjusted"
824,"2000",-14.9877847555723,"Unadjusted"
825,"2000",-14.002696256678,"Unadjusted"
826,"2000",-8.69508071209091,"Unadjusted"
827,"2000",-39.0090069093266,"Unadjusted"
828,"2000",49.2865951414834,"Unadjusted"
829,"2000",-74.8278614559979,"Unadjusted"
830,"2000",-15.3276453272791,"Unadjusted"
831,"2000",-19.7369574067294,"Unadjusted"
832,"2000",-8.59998145879659,"Unadjusted"
833,"2000",-12.314804328766,"Unadjusted"
834,"2000",-28.7610560122439,"Unadjusted"
835,"2000",-46.5225238450166,"Unadjusted"
836,"2000",113.976876573749,"Unadjusted"
837,"2000",-27.7725976781393,"Unadjusted"
838,"2000",-76.4785438240823,"Unadjusted"
839,"2000",-12.713321636781,"Unadjusted"
840,"2000",937.200042806879,"Unadjusted"
841,"2000",-15.3065137896137,"Unadjusted"
842,"2000",-28.1460381058006,"Unadjusted"
843,"2000",-53.6441284430349,"Unadjusted"
844,"2000",-92.1164253032628,"Unadjusted"
845,"2000",-26.5934517856198,"Unadjusted"
846,"2000",90.4870489739246,"Unadjusted"
847,"2000",-18.718791674352,"Unadjusted"
848,"2000",22.7589624406153,"Unadjusted"
849,"2000",-10.3421844514943,"Unadjusted"
850,"2000",-16.0238166759627,"Unadjusted"
851,"2000",-21.4651608888383,"Unadjusted"
852,"2000",-20.066790528495,"Unadjusted"
853,"2000",-13.2727552238865,"Unadjusted"
854,"2000",-51.6062654810927,"Unadjusted"
855,"2000",-50.3374854399766,"Unadjusted"
856,"2000",-7.13656338482836,"Unadjusted"
857,"2000",-28.5442508150057,"Unadjusted"
858,"2000",-17.2943853229902,"Unadjusted"
859,"2000",78.7204586616953,"Unadjusted"
860,"2000",-18.5085766357282,"Unadjusted"
861,"2000",-11.3951764605349,"Unadjusted"
862,"2000",-27.4540344594751,"Unadjusted"
863,"2000",-23.2710040379635,"Unadjusted"
864,"2000",68.6570162105285,"Unadjusted"
865,"2000",-87.4564577151522,"Unadjusted"
866,"2000",-10.5768406636268,"Unadjusted"
867,"2000",-15.3160270505856,"Unadjusted"
868,"2000",-9.2922974435182,"Unadjusted"
869,"2000",-19.1809563680211,"Unadjusted"
870,"2000",-8.89564314177378,"Unadjusted"
871,"2000",-10.3487306744897,"Unadjusted"
872,"2000",-33.9316628701408,"Unadjusted"
873,"2000",-18.5777137588413,"Unadjusted"
874,"2000",7.90333305641405,"Unadjusted"
875,"2000",-17.837459664912,"Unadjusted"
876,"2000",-35.7078643862239,"Unadjusted"
877,"2000",-24.5839381486827,"Unadjusted"
878,"2000",27.1377439996953,"Unadjusted"
879,"2000",-16.2472816802047,"Unadjusted"
880,"2000",-15.7711964912098,"Unadjusted"
881,"2000",-22.3319926273087,"Unadjusted"
882,"2000",477.87756648477,"Unadjusted"
883,"2000",-11.9139760757026,"Unadjusted"
884,"2000",-18.6135641068863,"Unadjusted"
885,"2000",-9.30509655049534,"Unadjusted"
886,"2000",-11.3022115005106,"Unadjusted"
887,"2000",-12.8218545773151,"Unadjusted"
888,"2000",67.5375810794052,"Unadjusted"
889,"2000",-29.4305922828299,"Unadjusted"
890,"2000",-60.048480449884,"Unadjusted"
891,"2000",91.2730504464355,"Unadjusted"
892,"2000",-7.521705613003,"Unadjusted"
893,"2000",-16.3539424537814,"Unadjusted"
894,"2000",-14.8161998292435,"Unadjusted"
895,"2000",-12.3888609116971,"Unadjusted"
896,"2000",-17.0058795259596,"Unadjusted"
897,"2000",-7.74037791092113,"Unadjusted"
898,"2000",-3151.84218900345,"Unadjusted"
899,"2000",-16.9917612316696,"Unadjusted"
900,"2000",-11.5051540425807,"Unadjusted"
901,"2000",-12.5857548970657,"Unadjusted"
902,"2000",-19.0439581083292,"Unadjusted"
903,"2000",-13.4013357704111,"Unadjusted"
904,"2000",-18.5378839946396,"Unadjusted"
905,"2000",34.7774920645075,"Unadjusted"
906,"2000",382.371541499507,"Unadjusted"
907,"2000",2011.01814396569,"Unadjusted"
908,"2000",-40.9700530547475,"Unadjusted"
909,"2000",-10.3320748621638,"Unadjusted"
910,"2000",-30.5867870908809,"Unadjusted"
911,"2000",51.6017130124655,"Unadjusted"
912,"2000",-12.0119591036922,"Unadjusted"
913,"2000",-264.654195679153,"Unadjusted"
914,"2000",-21.5069478660228,"Unadjusted"
915,"2000",-11.3858691472847,"Unadjusted"
916,"2000",-15.3085138113403,"Unadjusted"
917,"2000",-10.552806507354,"Unadjusted"
918,"2000",-140.651471155149,"Unadjusted"
919,"2000",-14.991126141698,"Unadjusted"
920,"2000",-68.616859825271,"Unadjusted"
921,"2000",-43.4901709168759,"Unadjusted"
922,"2000",-10.0226842420347,"Unadjusted"
923,"2000",-18.4190569228505,"Unadjusted"
924,"2000",-848.909398724738,"Unadjusted"
925,"2000",-32.5358092343074,"Unadjusted"
926,"2000",-14.1088497812707,"Unadjusted"
927,"2000",-29.0508355203862,"Unadjusted"
928,"2000",638.623721769832,"Unadjusted"
929,"2000",-34.5365961449781,"Unadjusted"
930,"2000",-16.780557536448,"Unadjusted"
931,"2000",-23.0329375898007,"Unadjusted"
932,"2000",-12.5516901966319,"Unadjusted"
933,"2000",-23.0031438966796,"Unadjusted"
934,"2000",-27.5678620191629,"Unadjusted"
935,"2000",-12.7034149271855,"Unadjusted"
936,"2000",-43.9767414265735,"Unadjusted"
937,"2000",-9.33553142359214,"Unadjusted"
938,"2000",-10.6835870680529,"Unadjusted"
939,"2000",-12.460233297944,"Unadjusted"
940,"2000",-178.667843164551,"Unadjusted"
941,"2000",-11.6440552751541,"Unadjusted"
942,"2000",-17.3493180598241,"Unadjusted"
943,"2000",-14.8921457341902,"Unadjusted"
944,"2000",-11.3254052673225,"Unadjusted"
945,"2000",70.935378479292,"Unadjusted"
946,"2000",-157.151094301595,"Unadjusted"
947,"2000",-33.9548458868609,"Unadjusted"
948,"2000",47.5589852382919,"Unadjusted"
949,"2000",109.631912255177,"Unadjusted"
950,"2000",-19.3025384786881,"Unadjusted"
951,"2000",18.2125180437323,"Unadjusted"
952,"2000",-33.8287084862535,"Unadjusted"
953,"2000",-15.592030050589,"Unadjusted"
954,"2000",-34.8889438646632,"Unadjusted"
955,"2000",-41.8386741908184,"Unadjusted"
956,"2000",155.487601846693,"Unadjusted"
957,"2000",14.3004712955612,"Unadjusted"
958,"2000",-13.2864310594439,"Unadjusted"
959,"2000",-16.8490725587431,"Unadjusted"
960,"2000",-22.7525794087161,"Unadjusted"
961,"2000",-13.0911186941194,"Unadjusted"
962,"2000",-63.0002082863644,"Unadjusted"
963,"2000",-11.445211333966,"Unadjusted"
964,"2000",-19.7381181320609,"Unadjusted"
965,"2000",-12.9353614468715,"Unadjusted"
966,"2000",-23.5760172610604,"Unadjusted"
967,"2000",-97.5040876192776,"Unadjusted"
968,"2000",-60.4522708119419,"Unadjusted"
969,"2000",-15.9372353090114,"Unadjusted"
970,"2000",400.857557748506,"Unadjusted"
971,"2000",-9.09829426475475,"Unadjusted"
972,"2000",-21.155523473369,"Unadjusted"
973,"2000",-19.9612624418281,"Unadjusted"
974,"2000",-27.7543705796111,"Unadjusted"
975,"2000",-1093.48822503657,"Unadjusted"
976,"2000",-90.1964567855431,"Unadjusted"
977,"2000",-26.1407951282464,"Unadjusted"
978,"2000",-67.9470721850673,"Unadjusted"
979,"2000",-78.2488678156611,"Unadjusted"
980,"2000",-42.0078583892175,"Unadjusted"
981,"2000",27.3433257614075,"Unadjusted"
982,"2000",-22.1762401493312,"Unadjusted"
983,"2000",-23.1462926312803,"Unadjusted"
984,"2000",-15.6504568607588,"Unadjusted"
985,"2000",-9.88586421207688,"Unadjusted"
986,"2000",-253.520315167229,"Unadjusted"
987,"2000",-9.5649663359199,"Unadjusted"
988,"2000",-24.2787294089344,"Unadjusted"
989,"2000",-16.6414151168261,"Unadjusted"
990,"2000",-301.321794257643,"Unadjusted"
991,"2000",-36.4433542000925,"Unadjusted"
992,"2000",-12.7352480065035,"Unadjusted"
993,"2000",-21.2971844168239,"Unadjusted"
994,"2000",-28.4396546570215,"Unadjusted"
995,"2000",349.040958801722,"Unadjusted"
996,"2000",-8.82156291069986,"Unadjusted"
997,"2000",-10.4610558463692,"Unadjusted"
998,"2000",15.6887576068011,"Unadjusted"
999,"2000",-13.7611566901718,"Unadjusted"
1000,"2000",-18.5428238241322,"Unadjusted"
1,"4000",-45.6757611095193,"Unadjusted"
2,"4000",-10.9190783986333,"Unadjusted"
3,"4000",-17.3245646835875,"Unadjusted"
4,"4000",-16.0790388758715,"Unadjusted"
5,"4000",-8.03107178158172,"Unadjusted"
6,"4000",-13.6176924902436,"Unadjusted"
7,"4000",-11.6350515412387,"Unadjusted"
8,"4000",-26.2978639596796,"Unadjusted"
9,"4000",-11.3133422816536,"Unadjusted"
10,"4000",-31.9189783794516,"Unadjusted"
11,"4000",-20.664639567964,"Unadjusted"
12,"4000",-24.4252201587939,"Unadjusted"
13,"4000",-18.3024136934863,"Unadjusted"
14,"4000",-23.518369171604,"Unadjusted"
15,"4000",-37.7416312820458,"Unadjusted"
16,"4000",-20.6499120909893,"Unadjusted"
17,"4000",-83.7603297335747,"Unadjusted"
18,"4000",-12.7668008161071,"Unadjusted"
19,"4000",-20.1316776175155,"Unadjusted"
20,"4000",-11.9975469234417,"Unadjusted"
21,"4000",-25.0439210357876,"Unadjusted"
22,"4000",-20.6160765204404,"Unadjusted"
23,"4000",-43.0175802357108,"Unadjusted"
24,"4000",-18.5096741487529,"Unadjusted"
25,"4000",-17.1611491817578,"Unadjusted"
26,"4000",-22.6004211482305,"Unadjusted"
27,"4000",-17.7987086280356,"Unadjusted"
28,"4000",-13.2342998588762,"Unadjusted"
29,"4000",1781.79024243607,"Unadjusted"
30,"4000",-11.6900694604857,"Unadjusted"
31,"4000",-16.4153331562777,"Unadjusted"
32,"4000",-39.1099455971848,"Unadjusted"
33,"4000",-131.559041253126,"Unadjusted"
34,"4000",-53.6957623987123,"Unadjusted"
35,"4000",-36.8090222186191,"Unadjusted"
36,"4000",-88.9213396492382,"Unadjusted"
37,"4000",462.030192202195,"Unadjusted"
38,"4000",-30.1798481924832,"Unadjusted"
39,"4000",-16.4185367050917,"Unadjusted"
40,"4000",-29.1457604471456,"Unadjusted"
41,"4000",-21.8813708255592,"Unadjusted"
42,"4000",-102.268433390684,"Unadjusted"
43,"4000",-18.9131989365047,"Unadjusted"
44,"4000",-24.164861090361,"Unadjusted"
45,"4000",-39.616982803002,"Unadjusted"
46,"4000",-13.5066259021125,"Unadjusted"
47,"4000",-14.1582963751522,"Unadjusted"
48,"4000",-95.5220843052162,"Unadjusted"
49,"4000",149.044307180521,"Unadjusted"
50,"4000",-35.744975248176,"Unadjusted"
51,"4000",-29.8415807381587,"Unadjusted"
52,"4000",-20.962759783538,"Unadjusted"
53,"4000",-138.469960202545,"Unadjusted"
54,"4000",-18.1851235325653,"Unadjusted"
55,"4000",-12.8542641992897,"Unadjusted"
56,"4000",-16.3278698955319,"Unadjusted"
57,"4000",-14.7313407816495,"Unadjusted"
58,"4000",-79.8997464265746,"Unadjusted"
59,"4000",-23.7410426237577,"Unadjusted"
60,"4000",-19.3905126428128,"Unadjusted"
61,"4000",-24.0127375509505,"Unadjusted"
62,"4000",-12.2196017434028,"Unadjusted"
63,"4000",-11.7339977701866,"Unadjusted"
64,"4000",-27.4371526434617,"Unadjusted"
65,"4000",-18.9113890769203,"Unadjusted"
66,"4000",-15.2946217467811,"Unadjusted"
67,"4000",-20.4924050412628,"Unadjusted"
68,"4000",-47.2966017501011,"Unadjusted"
69,"4000",-46.8681887217418,"Unadjusted"
70,"4000",-24.3454136552633,"Unadjusted"
71,"4000",-11.2181775234819,"Unadjusted"
72,"4000",-9.89418447478556,"Unadjusted"
73,"4000",-12.6582340012685,"Unadjusted"
74,"4000",-15.6403138005091,"Unadjusted"
75,"4000",-17.0003518167597,"Unadjusted"
76,"4000",-16.6328247509211,"Unadjusted"
77,"4000",-13.8638183100378,"Unadjusted"
78,"4000",-19.9686538297468,"Unadjusted"
79,"4000",-35.4535318574501,"Unadjusted"
80,"4000",-52.4460503588439,"Unadjusted"
81,"4000",-14.8145937217912,"Unadjusted"
82,"4000",-16.0743102821124,"Unadjusted"
83,"4000",-22.9229100511042,"Unadjusted"
84,"4000",-15.5761766903425,"Unadjusted"
85,"4000",-24.7979107054699,"Unadjusted"
86,"4000",-13.8309370491861,"Unadjusted"
87,"4000",-26.7634010190588,"Unadjusted"
88,"4000",-33.8451008168896,"Unadjusted"
89,"4000",-59.5793658432583,"Unadjusted"
90,"4000",-26.4169354503624,"Unadjusted"
91,"4000",-68.313232444077,"Unadjusted"
92,"4000",-14.266821179055,"Unadjusted"
93,"4000",-9.57205505032802,"Unadjusted"
94,"4000",-17.5243777838905,"Unadjusted"
95,"4000",-26.3307121377382,"Unadjusted"
96,"4000",-30.5152079279855,"Unadjusted"
97,"4000",-38.4519860396033,"Unadjusted"
98,"4000",100.536265132362,"Unadjusted"
99,"4000",93.3745582606831,"Unadjusted"
100,"4000",-11.7609859023814,"Unadjusted"
101,"4000",-73.4289166101047,"Unadjusted"
102,"4000",-19.0097458187576,"Unadjusted"
103,"4000",-25.4681309737757,"Unadjusted"
104,"4000",-11.2759429664257,"Unadjusted"
105,"4000",-13.4085158729338,"Unadjusted"
106,"4000",-14.1344164720524,"Unadjusted"
107,"4000",-133.057729228758,"Unadjusted"
108,"4000",-88.655916863572,"Unadjusted"
109,"4000",-26.5419090976392,"Unadjusted"
110,"4000",-9.50257525644445,"Unadjusted"
111,"4000",-44.600982114643,"Unadjusted"
112,"4000",-55.0365425360469,"Unadjusted"
113,"4000",-129.200995689274,"Unadjusted"
114,"4000",-52.8654852858423,"Unadjusted"
115,"4000",-13.9078262706258,"Unadjusted"
116,"4000",-20.2325357200834,"Unadjusted"
117,"4000",-10.9058286549217,"Unadjusted"
118,"4000",-32.6885650275955,"Unadjusted"
119,"4000",-12.528175794455,"Unadjusted"
120,"4000",-26.6166234907545,"Unadjusted"
121,"4000",-203.840012399485,"Unadjusted"
122,"4000",-21.4667128587171,"Unadjusted"
123,"4000",-31.4004445289688,"Unadjusted"
124,"4000",-15.2019014436981,"Unadjusted"
125,"4000",-23.2474622981404,"Unadjusted"
126,"4000",-107.08758934726,"Unadjusted"
127,"4000",-12.4355751723434,"Unadjusted"
128,"4000",-15.9614221311321,"Unadjusted"
129,"4000",-17.332663218911,"Unadjusted"
130,"4000",-11.7587345243876,"Unadjusted"
131,"4000",-16.9922048868707,"Unadjusted"
132,"4000",-25.3632359173398,"Unadjusted"
133,"4000",-16.601144115697,"Unadjusted"
134,"4000",-32.4325011581522,"Unadjusted"
135,"4000",-58.3783099013722,"Unadjusted"
136,"4000",-35.357354840296,"Unadjusted"
137,"4000",-14.1882350276417,"Unadjusted"
138,"4000",-62.0921062959649,"Unadjusted"
139,"4000",-28.1491602718683,"Unadjusted"
140,"4000",-11.8092259326354,"Unadjusted"
141,"4000",-28.7112485261652,"Unadjusted"
142,"4000",-138.829089344848,"Unadjusted"
143,"4000",-58.62150622855,"Unadjusted"
144,"4000",-8.90037921164164,"Unadjusted"
145,"4000",-78.4769576742793,"Unadjusted"
146,"4000",-19.2662844808535,"Unadjusted"
147,"4000",-23.2884127884802,"Unadjusted"
148,"4000",639.45426235455,"Unadjusted"
149,"4000",-36.8472150626224,"Unadjusted"
150,"4000",-67.6756612312257,"Unadjusted"
151,"4000",-18.2449319376711,"Unadjusted"
152,"4000",-19.2499843534263,"Unadjusted"
153,"4000",-56.0181173472737,"Unadjusted"
154,"4000",-20.1153067046892,"Unadjusted"
155,"4000",-11.2996747292745,"Unadjusted"
156,"4000",-114.579122738149,"Unadjusted"
157,"4000",-36.8319275197699,"Unadjusted"
158,"4000",-11.8832079099108,"Unadjusted"
159,"4000",-10.0541665723375,"Unadjusted"
160,"4000",-35.9208547638565,"Unadjusted"
161,"4000",-14.9230751759814,"Unadjusted"
162,"4000",130.895000393592,"Unadjusted"
163,"4000",-16.6368379544141,"Unadjusted"
164,"4000",-24.0845972392784,"Unadjusted"
165,"4000",-17.9902141711361,"Unadjusted"
166,"4000",-32.3404568180778,"Unadjusted"
167,"4000",-15.6170470657222,"Unadjusted"
168,"4000",-18.0910121214542,"Unadjusted"
169,"4000",40.7419387922247,"Unadjusted"
170,"4000",-22.1382151708928,"Unadjusted"
171,"4000",-42.0225554346768,"Unadjusted"
172,"4000",-86.3678273929908,"Unadjusted"
173,"4000",-15.5631002323111,"Unadjusted"
174,"4000",26.9279031057616,"Unadjusted"
175,"4000",-13.8983624251348,"Unadjusted"
176,"4000",-161.536895093772,"Unadjusted"
177,"4000",-44.0102044471529,"Unadjusted"
178,"4000",-16.7517500043122,"Unadjusted"
179,"4000",-82.2992650894163,"Unadjusted"
180,"4000",-48.3048104823648,"Unadjusted"
181,"4000",-25.2962512645187,"Unadjusted"
182,"4000",-36.8771469936119,"Unadjusted"
183,"4000",226.632973358491,"Unadjusted"
184,"4000",-17.6185814238577,"Unadjusted"
185,"4000",-16.3952126625326,"Unadjusted"
186,"4000",-14.071657704053,"Unadjusted"
187,"4000",-30.7862618408981,"Unadjusted"
188,"4000",-16.3878697285679,"Unadjusted"
189,"4000",-13.0804416278632,"Unadjusted"
190,"4000",-131.565766701369,"Unadjusted"
191,"4000",-11.2181140259539,"Unadjusted"
192,"4000",-43.4148916406032,"Unadjusted"
193,"4000",-42.8162762387839,"Unadjusted"
194,"4000",-28.8093085261272,"Unadjusted"
195,"4000",-20.6023424919775,"Unadjusted"
196,"4000",-92.1551968126958,"Unadjusted"
197,"4000",-398.134107837967,"Unadjusted"
198,"4000",-54.1409726328904,"Unadjusted"
199,"4000",-37.1600152091979,"Unadjusted"
200,"4000",-38.3892982693868,"Unadjusted"
201,"4000",-20.0139025894331,"Unadjusted"
202,"4000",-49.2544214709691,"Unadjusted"
203,"4000",-38.2191970753869,"Unadjusted"
204,"4000",-67.76918470013,"Unadjusted"
205,"4000",-58.5431523310237,"Unadjusted"
206,"4000",-39.8688428062111,"Unadjusted"
207,"4000",-12.3892965829264,"Unadjusted"
208,"4000",-21.9643715489518,"Unadjusted"
209,"4000",-45.4755440682922,"Unadjusted"
210,"4000",-27.3944111775824,"Unadjusted"
211,"4000",-64.1615316106688,"Unadjusted"
212,"4000",-7.22914475020368,"Unadjusted"
213,"4000",-66.5300345882337,"Unadjusted"
214,"4000",-2028.15203116213,"Unadjusted"
215,"4000",-20.6960464269027,"Unadjusted"
216,"4000",-13.8975303329469,"Unadjusted"
217,"4000",-16.0901134472102,"Unadjusted"
218,"4000",-28.3906236706604,"Unadjusted"
219,"4000",-16.633671443787,"Unadjusted"
220,"4000",-103.878014672916,"Unadjusted"
221,"4000",-12.6389649943295,"Unadjusted"
222,"4000",-11.9589742993088,"Unadjusted"
223,"4000",-11.0946027633286,"Unadjusted"
224,"4000",-1173.18591289705,"Unadjusted"
225,"4000",-17.1915883778985,"Unadjusted"
226,"4000",-34.1899232253861,"Unadjusted"
227,"4000",-11.6625556430963,"Unadjusted"
228,"4000",-24.257610120381,"Unadjusted"
229,"4000",-18.7769704477929,"Unadjusted"
230,"4000",-17.6218055191048,"Unadjusted"
231,"4000",-18.4424890650825,"Unadjusted"
232,"4000",-23.2286961145629,"Unadjusted"
233,"4000",-34.5934568754011,"Unadjusted"
234,"4000",-9.9337895648008,"Unadjusted"
235,"4000",-46.4450016072435,"Unadjusted"
236,"4000",-11.4489582452283,"Unadjusted"
237,"4000",-14.5234414273253,"Unadjusted"
238,"4000",-13.4607620211167,"Unadjusted"
239,"4000",-9.85069800927795,"Unadjusted"
240,"4000",-19.4926048550624,"Unadjusted"
241,"4000",-33.3567752674715,"Unadjusted"
242,"4000",99.6651902804139,"Unadjusted"
243,"4000",-56.5621128536978,"Unadjusted"
244,"4000",-35.5940432710882,"Unadjusted"
245,"4000",-12.0030202949968,"Unadjusted"
246,"4000",-47.8195458470403,"Unadjusted"
247,"4000",-202.95309589125,"Unadjusted"
248,"4000",-15.1766439497113,"Unadjusted"
249,"4000",-17.6549926602242,"Unadjusted"
250,"4000",-562.326361933035,"Unadjusted"
251,"4000",-267.451146549625,"Unadjusted"
252,"4000",-42.4868717441115,"Unadjusted"
253,"4000",-26.9716998472863,"Unadjusted"
254,"4000",-50.8796808735017,"Unadjusted"
255,"4000",-19.3369946649662,"Unadjusted"
256,"4000",-23.3263854886962,"Unadjusted"
257,"4000",-8.79916108853564,"Unadjusted"
258,"4000",-17.3762138205295,"Unadjusted"
259,"4000",-62.8408375983675,"Unadjusted"
260,"4000",-38.295228258804,"Unadjusted"
261,"4000",-20.1236180954821,"Unadjusted"
262,"4000",-15.943177945927,"Unadjusted"
263,"4000",-34.7697153731258,"Unadjusted"
264,"4000",-18.0562938436247,"Unadjusted"
265,"4000",-13.8001529909971,"Unadjusted"
266,"4000",-19.8131772022847,"Unadjusted"
267,"4000",-16.756441292704,"Unadjusted"
268,"4000",-180.906061095061,"Unadjusted"
269,"4000",-22.8782064174215,"Unadjusted"
270,"4000",-34.6706322615125,"Unadjusted"
271,"4000",-25.7152545860027,"Unadjusted"
272,"4000",-16.6578188044781,"Unadjusted"
273,"4000",-36.6769835448764,"Unadjusted"
274,"4000",-25.6797818128489,"Unadjusted"
275,"4000",-11.7057558136922,"Unadjusted"
276,"4000",-22.2137801095117,"Unadjusted"
277,"4000",-12.2727647043601,"Unadjusted"
278,"4000",-187.455373461175,"Unadjusted"
279,"4000",-79.0112487794703,"Unadjusted"
280,"4000",65.2376451529969,"Unadjusted"
281,"4000",-13.701558438172,"Unadjusted"
282,"4000",-15.4961022503212,"Unadjusted"
283,"4000",-17.2744966373359,"Unadjusted"
284,"4000",-20.8570297105663,"Unadjusted"
285,"4000",-59.7386754576174,"Unadjusted"
286,"4000",46.6857816498023,"Unadjusted"
287,"4000",-9.03690077921466,"Unadjusted"
288,"4000",-12.4540647113861,"Unadjusted"
289,"4000",-541.434525450061,"Unadjusted"
290,"4000",-11.2110287797451,"Unadjusted"
291,"4000",-25.43085379183,"Unadjusted"
292,"4000",-12.4632248291516,"Unadjusted"
293,"4000",-92.3979924433073,"Unadjusted"
294,"4000",-25.6700574148665,"Unadjusted"
295,"4000",-25.3422975246901,"Unadjusted"
296,"4000",-22.4811172174729,"Unadjusted"
297,"4000",-13.6602164960826,"Unadjusted"
298,"4000",-31.7184493421952,"Unadjusted"
299,"4000",-42.200511657658,"Unadjusted"
300,"4000",-23.7240968451137,"Unadjusted"
301,"4000",-19.2444376085591,"Unadjusted"
302,"4000",-18.7225152117084,"Unadjusted"
303,"4000",-767.524599195871,"Unadjusted"
304,"4000",-27.9068845878937,"Unadjusted"
305,"4000",-12.6726519849089,"Unadjusted"
306,"4000",-12.4447919034934,"Unadjusted"
307,"4000",-27.1960482833628,"Unadjusted"
308,"4000",-17.0339262769162,"Unadjusted"
309,"4000",-28.4411754729697,"Unadjusted"
310,"4000",-14.139783971099,"Unadjusted"
311,"4000",-24.0746304780378,"Unadjusted"
312,"4000",-17.1892722463795,"Unadjusted"
313,"4000",-13.1133747757198,"Unadjusted"
314,"4000",-31.0217394639122,"Unadjusted"
315,"4000",-14.1805686484313,"Unadjusted"
316,"4000",-13.9448931008404,"Unadjusted"
317,"4000",-32.2946519982887,"Unadjusted"
318,"4000",-17.1479773358679,"Unadjusted"
319,"4000",-15.2946147722612,"Unadjusted"
320,"4000",-57.0190477223027,"Unadjusted"
321,"4000",-13.2564313732033,"Unadjusted"
322,"4000",-46.8026617803984,"Unadjusted"
323,"4000",-12.7155226479419,"Unadjusted"
324,"4000",-26.4944403137857,"Unadjusted"
325,"4000",-644.954485602312,"Unadjusted"
326,"4000",-13.0837951399303,"Unadjusted"
327,"4000",-16.8922016078635,"Unadjusted"
328,"4000",-34.5909160817191,"Unadjusted"
329,"4000",72.3426834466177,"Unadjusted"
330,"4000",1074.29543567375,"Unadjusted"
331,"4000",-25.1461020365559,"Unadjusted"
332,"4000",-18.4688393663709,"Unadjusted"
333,"4000",-61.9708549746624,"Unadjusted"
334,"4000",-21.7023022140599,"Unadjusted"
335,"4000",-63.9470242666648,"Unadjusted"
336,"4000",61.0561905933341,"Unadjusted"
337,"4000",-100.535416338087,"Unadjusted"
338,"4000",-12.6179108992543,"Unadjusted"
339,"4000",-15.9123767488862,"Unadjusted"
340,"4000",-175.669442497999,"Unadjusted"
341,"4000",-23.7639954131064,"Unadjusted"
342,"4000",-10.814963349836,"Unadjusted"
343,"4000",-120.311649326188,"Unadjusted"
344,"4000",-135.977420705685,"Unadjusted"
345,"4000",-18.8662471006504,"Unadjusted"
346,"4000",-117.111394377685,"Unadjusted"
347,"4000",64.4037316085071,"Unadjusted"
348,"4000",-40.3877889809229,"Unadjusted"
349,"4000",-46.7695759229066,"Unadjusted"
350,"4000",-10.1311734603635,"Unadjusted"
351,"4000",-14.0310353450946,"Unadjusted"
352,"4000",-19.4628008218622,"Unadjusted"
353,"4000",-13.3306874161944,"Unadjusted"
354,"4000",-15.5795496795391,"Unadjusted"
355,"4000",-74.1691564678673,"Unadjusted"
356,"4000",-18.5388217639278,"Unadjusted"
357,"4000",-56.7767637774411,"Unadjusted"
358,"4000",-78.991829131112,"Unadjusted"
359,"4000",-14.483199289597,"Unadjusted"
360,"4000",-24.5097312958446,"Unadjusted"
361,"4000",-62.8678331458117,"Unadjusted"
362,"4000",-62.937010633097,"Unadjusted"
363,"4000",-24.7965140445254,"Unadjusted"
364,"4000",-32.5610889656712,"Unadjusted"
365,"4000",162.677420583612,"Unadjusted"
366,"4000",-14.5359882380107,"Unadjusted"
367,"4000",-26.3779358867146,"Unadjusted"
368,"4000",-23.2846030613579,"Unadjusted"
369,"4000",-12.800485049418,"Unadjusted"
370,"4000",962.094877418443,"Unadjusted"
371,"4000",257.634282252784,"Unadjusted"
372,"4000",-52.8918566096774,"Unadjusted"
373,"4000",-78.6325737454944,"Unadjusted"
374,"4000",-14.4687351882675,"Unadjusted"
375,"4000",-476.117878018469,"Unadjusted"
376,"4000",-20.6540458956241,"Unadjusted"
377,"4000",-34.3509560743679,"Unadjusted"
378,"4000",-33.8642418381808,"Unadjusted"
379,"4000",-10.3112359154603,"Unadjusted"
380,"4000",-56.331440123369,"Unadjusted"
381,"4000",-99.7805629516871,"Unadjusted"
382,"4000",-24.1575336309102,"Unadjusted"
383,"4000",-237.308628306469,"Unadjusted"
384,"4000",-16.2825391836968,"Unadjusted"
385,"4000",-15.7971052357806,"Unadjusted"
386,"4000",-263.614945110863,"Unadjusted"
387,"4000",-67.7683022350865,"Unadjusted"
388,"4000",-63.3095063877876,"Unadjusted"
389,"4000",-23.107377163347,"Unadjusted"
390,"4000",-10.8243892182813,"Unadjusted"
391,"4000",-40.1378691593806,"Unadjusted"
392,"4000",-11.8435173132419,"Unadjusted"
393,"4000",-14.4572034901909,"Unadjusted"
394,"4000",-29.0548332529914,"Unadjusted"
395,"4000",-14.4334726467985,"Unadjusted"
396,"4000",-48.6262830019415,"Unadjusted"
397,"4000",-18.1621604595741,"Unadjusted"
398,"4000",-25.8605393746392,"Unadjusted"
399,"4000",-19.2051037526305,"Unadjusted"
400,"4000",-75.5502957642017,"Unadjusted"
401,"4000",-14.5001517964668,"Unadjusted"
402,"4000",-141.038317262733,"Unadjusted"
403,"4000",-45.3765707788538,"Unadjusted"
404,"4000",-10.5552827035168,"Unadjusted"
405,"4000",-33.5553366405354,"Unadjusted"
406,"4000",-12.771835862561,"Unadjusted"
407,"4000",-22.3694937561095,"Unadjusted"
408,"4000",-18.9056991334913,"Unadjusted"
409,"4000",-206.455641972911,"Unadjusted"
410,"4000",-24.8515340201371,"Unadjusted"
411,"4000",-75.3717200190625,"Unadjusted"
412,"4000",-21.8300769796865,"Unadjusted"
413,"4000",-24.1894672643663,"Unadjusted"
414,"4000",-22.6974828953139,"Unadjusted"
415,"4000",-26.5023000416982,"Unadjusted"
416,"4000",-17.5342637129785,"Unadjusted"
417,"4000",-16.7851167273224,"Unadjusted"
418,"4000",-37.8843722938566,"Unadjusted"
419,"4000",-25.4432765974258,"Unadjusted"
420,"4000",-22.7568391185507,"Unadjusted"
421,"4000",-13.9382224510217,"Unadjusted"
422,"4000",-72.9421043966284,"Unadjusted"
423,"4000",-26.6919417177485,"Unadjusted"
424,"4000",-20.22889347737,"Unadjusted"
425,"4000",-13.6671014522457,"Unadjusted"
426,"4000",-21.1285176992977,"Unadjusted"
427,"4000",-29.6342243484311,"Unadjusted"
428,"4000",49.9836635824262,"Unadjusted"
429,"4000",-44.9226540251572,"Unadjusted"
430,"4000",-29.9078955514034,"Unadjusted"
431,"4000",-16.9475428805988,"Unadjusted"
432,"4000",-17.3199968850267,"Unadjusted"
433,"4000",-11.1596372774022,"Unadjusted"
434,"4000",-34.9378826405113,"Unadjusted"
435,"4000",-20.6148719244918,"Unadjusted"
436,"4000",-23.9206562691415,"Unadjusted"
437,"4000",-39.0431658756587,"Unadjusted"
438,"4000",-12.8032552687032,"Unadjusted"
439,"4000",-10.0489136248272,"Unadjusted"
440,"4000",-19.4124539783721,"Unadjusted"
441,"4000",-49.4886999644575,"Unadjusted"
442,"4000",-17.1474826780894,"Unadjusted"
443,"4000",-14.919589982262,"Unadjusted"
444,"4000",-18.7689457659611,"Unadjusted"
445,"4000",-12.7200651999737,"Unadjusted"
446,"4000",50.8286913193155,"Unadjusted"
447,"4000",-23.8221191588267,"Unadjusted"
448,"4000",-32.5652088022,"Unadjusted"
449,"4000",-67.6190090962118,"Unadjusted"
450,"4000",-9.85920634257007,"Unadjusted"
451,"4000",-22.3060301644347,"Unadjusted"
452,"4000",-25.3494269700079,"Unadjusted"
453,"4000",-19.3660035738326,"Unadjusted"
454,"4000",-54.073262246673,"Unadjusted"
455,"4000",-18.8187132594194,"Unadjusted"
456,"4000",-21.6163772977476,"Unadjusted"
457,"4000",-1437.61349451401,"Unadjusted"
458,"4000",-13.0140272003686,"Unadjusted"
459,"4000",-51.1867062415027,"Unadjusted"
460,"4000",-20.5934013369788,"Unadjusted"
461,"4000",223.446236738918,"Unadjusted"
462,"4000",-15.9925887455448,"Unadjusted"
463,"4000",55.4532974338689,"Unadjusted"
464,"4000",-20.2542064865045,"Unadjusted"
465,"4000",-91.6600018919481,"Unadjusted"
466,"4000",-28.1062968334256,"Unadjusted"
467,"4000",-23.8536536003451,"Unadjusted"
468,"4000",-15.8850227286388,"Unadjusted"
469,"4000",-12.1395909601176,"Unadjusted"
470,"4000",-24.0771679854964,"Unadjusted"
471,"4000",-12.5028803537824,"Unadjusted"
472,"4000",-31.0753974556478,"Unadjusted"
473,"4000",-18.8598691462777,"Unadjusted"
474,"4000",45.2757075746332,"Unadjusted"
475,"4000",-27.6829129762336,"Unadjusted"
476,"4000",-12.2609406486747,"Unadjusted"
477,"4000",-56.5892901436781,"Unadjusted"
478,"4000",-23.1461877899946,"Unadjusted"
479,"4000",-54.6856191887086,"Unadjusted"
480,"4000",-12.715919385634,"Unadjusted"
481,"4000",-33.9843256741405,"Unadjusted"
482,"4000",-15.6713660559901,"Unadjusted"
483,"4000",-11.8434800132099,"Unadjusted"
484,"4000",-8.77457067924855,"Unadjusted"
485,"4000",-40.4129481555058,"Unadjusted"
486,"4000",-27.6413303979154,"Unadjusted"
487,"4000",-25.0856109788131,"Unadjusted"
488,"4000",-26.0292272596138,"Unadjusted"
489,"4000",-13.4188474838478,"Unadjusted"
490,"4000",-59.5975327505413,"Unadjusted"
491,"4000",-10.500527493441,"Unadjusted"
492,"4000",-15.33284184491,"Unadjusted"
493,"4000",-55.0011213284498,"Unadjusted"
494,"4000",-20.575033165347,"Unadjusted"
495,"4000",-17.7005982843085,"Unadjusted"
496,"4000",-22.1896022192356,"Unadjusted"
497,"4000",-58.4499685681957,"Unadjusted"
498,"4000",-29.1659061791285,"Unadjusted"
499,"4000",-105.524488212658,"Unadjusted"
500,"4000",-25.1531831744082,"Unadjusted"
501,"4000",-32.1396005430139,"Unadjusted"
502,"4000",141.570865664493,"Unadjusted"
503,"4000",-9.71807030352944,"Unadjusted"
504,"4000",-47.3701141125073,"Unadjusted"
505,"4000",-41.8212213513709,"Unadjusted"
506,"4000",-19.4200166595396,"Unadjusted"
507,"4000",-18.4578421191156,"Unadjusted"
508,"4000",-19.912549834065,"Unadjusted"
509,"4000",-37.788568550589,"Unadjusted"
510,"4000",-22.0041609888881,"Unadjusted"
511,"4000",-12.6644084249945,"Unadjusted"
512,"4000",-31.6492980251225,"Unadjusted"
513,"4000",-19.6274671275217,"Unadjusted"
514,"4000",-41.2083996940861,"Unadjusted"
515,"4000",-20.2197488325909,"Unadjusted"
516,"4000",-31.3474264236105,"Unadjusted"
517,"4000",-45.0206957289377,"Unadjusted"
518,"4000",-21.6518558197424,"Unadjusted"
519,"4000",-16.2145214537291,"Unadjusted"
520,"4000",-22.031649402197,"Unadjusted"
521,"4000",-24.0360308385411,"Unadjusted"
522,"4000",-63.6390658337665,"Unadjusted"
523,"4000",123.037170652318,"Unadjusted"
524,"4000",-13.701953232151,"Unadjusted"
525,"4000",-17.8183038060015,"Unadjusted"
526,"4000",-14.7522511822622,"Unadjusted"
527,"4000",-23.7681417789938,"Unadjusted"
528,"4000",-12.1105494362848,"Unadjusted"
529,"4000",41.2015937124354,"Unadjusted"
530,"4000",-24.1978571947723,"Unadjusted"
531,"4000",110.922390375157,"Unadjusted"
532,"4000",-19.4743819812095,"Unadjusted"
533,"4000",-29.7926225863267,"Unadjusted"
534,"4000",-25.1149730884284,"Unadjusted"
535,"4000",99.448153881078,"Unadjusted"
536,"4000",-22.7350047002764,"Unadjusted"
537,"4000",-59.4913642807006,"Unadjusted"
538,"4000",-11.7444381010161,"Unadjusted"
539,"4000",-99.9332016277164,"Unadjusted"
540,"4000",-11.7870713528539,"Unadjusted"
541,"4000",-27.927076473016,"Unadjusted"
542,"4000",-22.1473784694741,"Unadjusted"
543,"4000",-10.2558771674103,"Unadjusted"
544,"4000",-17.0712056830395,"Unadjusted"
545,"4000",-43.8473090979002,"Unadjusted"
546,"4000",-9.95002129974162,"Unadjusted"
547,"4000",-23.9083051348254,"Unadjusted"
548,"4000",-25.300020375105,"Unadjusted"
549,"4000",-36.4024721713946,"Unadjusted"
550,"4000",-17.0470447372817,"Unadjusted"
551,"4000",-22.5625234320769,"Unadjusted"
552,"4000",-23.3853941233499,"Unadjusted"
553,"4000",-14.9414605503491,"Unadjusted"
554,"4000",-20.9667812152822,"Unadjusted"
555,"4000",-42.3995311952599,"Unadjusted"
556,"4000",-24.3524122423086,"Unadjusted"
557,"4000",-69.8037567509396,"Unadjusted"
558,"4000",-14.5739230916002,"Unadjusted"
559,"4000",-13.5085108290223,"Unadjusted"
560,"4000",-29.5924438600019,"Unadjusted"
561,"4000",-22.7073073539847,"Unadjusted"
562,"4000",-21.7048248874156,"Unadjusted"
563,"4000",-17.7050597696943,"Unadjusted"
564,"4000",-10.6458949381495,"Unadjusted"
565,"4000",-19.4747081004337,"Unadjusted"
566,"4000",-46.0298512607126,"Unadjusted"
567,"4000",-59.3710405260349,"Unadjusted"
568,"4000",-20.0622758520883,"Unadjusted"
569,"4000",-19.9996315965583,"Unadjusted"
570,"4000",-16.329211809591,"Unadjusted"
571,"4000",353.886057870322,"Unadjusted"
572,"4000",-15.7698761972936,"Unadjusted"
573,"4000",-16.1857534935872,"Unadjusted"
574,"4000",-13.3879941718178,"Unadjusted"
575,"4000",-24.039969807303,"Unadjusted"
576,"4000",145.966324737214,"Unadjusted"
577,"4000",219.816445123576,"Unadjusted"
578,"4000",-18.6927923230308,"Unadjusted"
579,"4000",-39.900128788137,"Unadjusted"
580,"4000",-18.819632780173,"Unadjusted"
581,"4000",-11.5116287614325,"Unadjusted"
582,"4000",-18.3552252552175,"Unadjusted"
583,"4000",-8.73833621853415,"Unadjusted"
584,"4000",-22.0040648465581,"Unadjusted"
585,"4000",-25.325959943559,"Unadjusted"
586,"4000",-17.8172187961167,"Unadjusted"
587,"4000",-27.7411563797883,"Unadjusted"
588,"4000",-169.553714178931,"Unadjusted"
589,"4000",-11.076805934339,"Unadjusted"
590,"4000",-29.9522278924318,"Unadjusted"
591,"4000",-12.7849851154402,"Unadjusted"
592,"4000",-22.3072845496371,"Unadjusted"
593,"4000",-14.4069034998381,"Unadjusted"
594,"4000",1045.50910733097,"Unadjusted"
595,"4000",-18.7796579620652,"Unadjusted"
596,"4000",-413.737194455058,"Unadjusted"
597,"4000",-13.5634539084461,"Unadjusted"
598,"4000",-36.1104393331932,"Unadjusted"
599,"4000",-53.6545596091971,"Unadjusted"
600,"4000",-10.3920123050979,"Unadjusted"
601,"4000",-10.1866454379936,"Unadjusted"
602,"4000",549.742190070396,"Unadjusted"
603,"4000",-26.0438400568905,"Unadjusted"
604,"4000",-19.8325173293332,"Unadjusted"
605,"4000",-29.9942102137312,"Unadjusted"
606,"4000",-46.8816135056159,"Unadjusted"
607,"4000",-17.225685410927,"Unadjusted"
608,"4000",-53.9048840263265,"Unadjusted"
609,"4000",-50.4083210725559,"Unadjusted"
610,"4000",-19.8645272066126,"Unadjusted"
611,"4000",-39.4391733664042,"Unadjusted"
612,"4000",71.0732149259052,"Unadjusted"
613,"4000",-15.7076006751724,"Unadjusted"
614,"4000",-26.7468338710902,"Unadjusted"
615,"4000",-17.7594298003135,"Unadjusted"
616,"4000",147.161055117902,"Unadjusted"
617,"4000",-32.8622641745818,"Unadjusted"
618,"4000",-144.53739728146,"Unadjusted"
619,"4000",-39.3130623259466,"Unadjusted"
620,"4000",-61.808385002215,"Unadjusted"
621,"4000",-8.59228323370155,"Unadjusted"
622,"4000",108.89199281118,"Unadjusted"
623,"4000",-17.5674054997958,"Unadjusted"
624,"4000",-70.4772684061157,"Unadjusted"
625,"4000",885.524687708968,"Unadjusted"
626,"4000",-71.051204340092,"Unadjusted"
627,"4000",-70.8486741347761,"Unadjusted"
628,"4000",-12.1103519013064,"Unadjusted"
629,"4000",-13.4447225663508,"Unadjusted"
630,"4000",-13.1400703151004,"Unadjusted"
631,"4000",40.8599391485979,"Unadjusted"
632,"4000",-105.710117438766,"Unadjusted"
633,"4000",-68.6679671260903,"Unadjusted"
634,"4000",-29.2807853588916,"Unadjusted"
635,"4000",-18.2555436413639,"Unadjusted"
636,"4000",-12.2311705494911,"Unadjusted"
637,"4000",-16.8661071222927,"Unadjusted"
638,"4000",-26.2254214022965,"Unadjusted"
639,"4000",61.5201478102557,"Unadjusted"
640,"4000",624.763438775384,"Unadjusted"
641,"4000",-33.164964887543,"Unadjusted"
642,"4000",-26.4477992368266,"Unadjusted"
643,"4000",-35.2149494408525,"Unadjusted"
644,"4000",-30.0925818029157,"Unadjusted"
645,"4000",-45.5644717925,"Unadjusted"
646,"4000",-25.9133054849701,"Unadjusted"
647,"4000",-16.2134458378938,"Unadjusted"
648,"4000",72.1860236655647,"Unadjusted"
649,"4000",-19.0797340578604,"Unadjusted"
650,"4000",-31.2515863042408,"Unadjusted"
651,"4000",-37.9683171248698,"Unadjusted"
652,"4000",-10.7867190490934,"Unadjusted"
653,"4000",-21.0055543701636,"Unadjusted"
654,"4000",-28.6511358370535,"Unadjusted"
655,"4000",-55.4918017082917,"Unadjusted"
656,"4000",-12.14143752418,"Unadjusted"
657,"4000",-14.716112904208,"Unadjusted"
658,"4000",207.511534632803,"Unadjusted"
659,"4000",-18.8704262954765,"Unadjusted"
660,"4000",-17.1863596182715,"Unadjusted"
661,"4000",-528.285102237137,"Unadjusted"
662,"4000",-14.2136214398014,"Unadjusted"
663,"4000",-38.3901029219515,"Unadjusted"
664,"4000",134.643420002245,"Unadjusted"
665,"4000",-58.4198693944621,"Unadjusted"
666,"4000",-49.9589385869271,"Unadjusted"
667,"4000",-12.7057899228706,"Unadjusted"
668,"4000",-34.4306147685502,"Unadjusted"
669,"4000",-70.5025275251162,"Unadjusted"
670,"4000",93.5824057630848,"Unadjusted"
671,"4000",-25.1285808824745,"Unadjusted"
672,"4000",-111.776638223426,"Unadjusted"
673,"4000",-17.3966890079342,"Unadjusted"
674,"4000",-12.6703046848211,"Unadjusted"
675,"4000",-48.6304717163098,"Unadjusted"
676,"4000",-132.56137208675,"Unadjusted"
677,"4000",65.6176597930486,"Unadjusted"
678,"4000",-26.9252230507012,"Unadjusted"
679,"4000",-106.107569210174,"Unadjusted"
680,"4000",-87.4927289966675,"Unadjusted"
681,"4000",-13.3045662525402,"Unadjusted"
682,"4000",-18.1617241306405,"Unadjusted"
683,"4000",-22.7526766305191,"Unadjusted"
684,"4000",-13.2431512643081,"Unadjusted"
685,"4000",-29.2876700902167,"Unadjusted"
686,"4000",-17.0706492536175,"Unadjusted"
687,"4000",-22.8701022496707,"Unadjusted"
688,"4000",-26.4123279749921,"Unadjusted"
689,"4000",-82.1348451756591,"Unadjusted"
690,"4000",-14.1472635001734,"Unadjusted"
691,"4000",-56.6151365136789,"Unadjusted"
692,"4000",376.258875108407,"Unadjusted"
693,"4000",-21.542590621839,"Unadjusted"
694,"4000",-10.7780779485189,"Unadjusted"
695,"4000",-12.5394186554844,"Unadjusted"
696,"4000",39.6080886871581,"Unadjusted"
697,"4000",-335.822995044235,"Unadjusted"
698,"4000",-393.923695685467,"Unadjusted"
699,"4000",-27.8428708264998,"Unadjusted"
700,"4000",-23.17921320183,"Unadjusted"
701,"4000",-25.1432525974148,"Unadjusted"
702,"4000",-17.1738017207027,"Unadjusted"
703,"4000",-89.1645228913398,"Unadjusted"
704,"4000",-9.22908793808063,"Unadjusted"
705,"4000",-44.0580001808243,"Unadjusted"
706,"4000",-29.0522156597414,"Unadjusted"
707,"4000",-15.7920803036666,"Unadjusted"
708,"4000",32.304597522679,"Unadjusted"
709,"4000",-15.1689818608441,"Unadjusted"
710,"4000",-31.7586417363051,"Unadjusted"
711,"4000",-46.7859637816677,"Unadjusted"
712,"4000",-28.6917304211696,"Unadjusted"
713,"4000",-152.234946119697,"Unadjusted"
714,"4000",-20.2027540982875,"Unadjusted"
715,"4000",-6.9724039653588,"Unadjusted"
716,"4000",-34.3972436469971,"Unadjusted"
717,"4000",-13.0262928578674,"Unadjusted"
718,"4000",-18.2760010384911,"Unadjusted"
719,"4000",-33.7550360522302,"Unadjusted"
720,"4000",-14.9731356508055,"Unadjusted"
721,"4000",-14.4757046925709,"Unadjusted"
722,"4000",-12.8791750002306,"Unadjusted"
723,"4000",-16.7000795190142,"Unadjusted"
724,"4000",-47.6115729268267,"Unadjusted"
725,"4000",-40.2070844682074,"Unadjusted"
726,"4000",75.6030976041123,"Unadjusted"
727,"4000",-284.484078328126,"Unadjusted"
728,"4000",-17.6779982778079,"Unadjusted"
729,"4000",-10.0953583951357,"Unadjusted"
730,"4000",-21.4381147706222,"Unadjusted"
731,"4000",-32.3244576534988,"Unadjusted"
732,"4000",-11.6550673298754,"Unadjusted"
733,"4000",-15.4946710604303,"Unadjusted"
734,"4000",-15.5734213464402,"Unadjusted"
735,"4000",-13.9380700875632,"Unadjusted"
736,"4000",-40.4334482615073,"Unadjusted"
737,"4000",-16.7982719258343,"Unadjusted"
738,"4000",-17.214536007912,"Unadjusted"
739,"4000",-22.3516575450655,"Unadjusted"
740,"4000",-24.3652125446589,"Unadjusted"
741,"4000",-48.361517357238,"Unadjusted"
742,"4000",-31.777181888031,"Unadjusted"
743,"4000",-112.533527237522,"Unadjusted"
744,"4000",-20.0068291796564,"Unadjusted"
745,"4000",-9.79080713254011,"Unadjusted"
746,"4000",-21.0326050113057,"Unadjusted"
747,"4000",-8.18483208189439,"Unadjusted"
748,"4000",-11.6163932270503,"Unadjusted"
749,"4000",-13.3573848691876,"Unadjusted"
750,"4000",-48.5304485449325,"Unadjusted"
751,"4000",-22.1106154273,"Unadjusted"
752,"4000",-10.9211414046901,"Unadjusted"
753,"4000",-11.3566942334523,"Unadjusted"
754,"4000",-66.3686201629012,"Unadjusted"
755,"4000",-26.811492268445,"Unadjusted"
756,"4000",-13.5383730953676,"Unadjusted"
757,"4000",156.422769412755,"Unadjusted"
758,"4000",-18.3737318200465,"Unadjusted"
759,"4000",-18.9990898147863,"Unadjusted"
760,"4000",-26.9599942063327,"Unadjusted"
761,"4000",-25.8651415334611,"Unadjusted"
762,"4000",-19.1416458379985,"Unadjusted"
763,"4000",-28.1177401511897,"Unadjusted"
764,"4000",-81.1094622212856,"Unadjusted"
765,"4000",-16.7377786255927,"Unadjusted"
766,"4000",-30.9566294553751,"Unadjusted"
767,"4000",-156.272439995719,"Unadjusted"
768,"4000",327.298683196796,"Unadjusted"
769,"4000",-61.5815470791533,"Unadjusted"
770,"4000",-35.7976932341019,"Unadjusted"
771,"4000",-17.2776620240076,"Unadjusted"
772,"4000",-26.5808281873743,"Unadjusted"
773,"4000",-120.509831369285,"Unadjusted"
774,"4000",-8.07647158720422,"Unadjusted"
775,"4000",-91.6050476437642,"Unadjusted"
776,"4000",-15.9495418829679,"Unadjusted"
777,"4000",32.6695719774112,"Unadjusted"
778,"4000",-53.6202307050854,"Unadjusted"
779,"4000",-124.68306726115,"Unadjusted"
780,"4000",-21.3839801774664,"Unadjusted"
781,"4000",-11.3451000016878,"Unadjusted"
782,"4000",-113.180933692892,"Unadjusted"
783,"4000",-14.3771966185969,"Unadjusted"
784,"4000",-12.0716622157202,"Unadjusted"
785,"4000",-20.2896669529656,"Unadjusted"
786,"4000",-69.2765292971008,"Unadjusted"
787,"4000",-37.8573208010408,"Unadjusted"
788,"4000",-20.3452866298112,"Unadjusted"
789,"4000",-56.6050355990362,"Unadjusted"
790,"4000",-18.0705951703409,"Unadjusted"
791,"4000",-41.9820339906088,"Unadjusted"
792,"4000",-20.9564691304093,"Unadjusted"
793,"4000",-28.2111258360914,"Unadjusted"
794,"4000",-19.036182368148,"Unadjusted"
795,"4000",-13.2456087867842,"Unadjusted"
796,"4000",-11.1885198416272,"Unadjusted"
797,"4000",-21.2125711049149,"Unadjusted"
798,"4000",-13.3522080447915,"Unadjusted"
799,"4000",-33.3387598067596,"Unadjusted"
800,"4000",-14.5966490883766,"Unadjusted"
801,"4000",-49.4951874146534,"Unadjusted"
802,"4000",-42.1230943922349,"Unadjusted"
803,"4000",-16.9405140601703,"Unadjusted"
804,"4000",-89.7010869737241,"Unadjusted"
805,"4000",-26.4662822419346,"Unadjusted"
806,"4000",-14.422663598685,"Unadjusted"
807,"4000",-13.168582646459,"Unadjusted"
808,"4000",-18.6749450028728,"Unadjusted"
809,"4000",-23.8382200619695,"Unadjusted"
810,"4000",-17.4134025305654,"Unadjusted"
811,"4000",-22.6625773460631,"Unadjusted"
812,"4000",-95.335951664636,"Unadjusted"
813,"4000",-16.3628919146056,"Unadjusted"
814,"4000",-24.2787132800098,"Unadjusted"
815,"4000",-26.4305152556204,"Unadjusted"
816,"4000",-60.6516445488284,"Unadjusted"
817,"4000",-9.2605510427542,"Unadjusted"
818,"4000",-19.4166425228695,"Unadjusted"
819,"4000",-11.9435420823377,"Unadjusted"
820,"4000",-19.609446887796,"Unadjusted"
821,"4000",-33.1855995851453,"Unadjusted"
822,"4000",-36.0926893472966,"Unadjusted"
823,"4000",60.5312001787741,"Unadjusted"
824,"4000",-11.6951065642257,"Unadjusted"
825,"4000",-12.7618873893492,"Unadjusted"
826,"4000",-18.0558376570038,"Unadjusted"
827,"4000",68.0382401221363,"Unadjusted"
828,"4000",-19.7305999443234,"Unadjusted"
829,"4000",-13.2658763084838,"Unadjusted"
830,"4000",-14.1415820650575,"Unadjusted"
831,"4000",-13.5523381956379,"Unadjusted"
832,"4000",35.042705901424,"Unadjusted"
833,"4000",-13.1616426407207,"Unadjusted"
834,"4000",-37.2187402212763,"Unadjusted"
835,"4000",-18.228940676495,"Unadjusted"
836,"4000",-22.2162122644401,"Unadjusted"
837,"4000",-28.6387723390655,"Unadjusted"
838,"4000",-13.9193901421555,"Unadjusted"
839,"4000",-14.9979529486731,"Unadjusted"
840,"4000",-22.6514771997252,"Unadjusted"
841,"4000",-18.1161654149067,"Unadjusted"
842,"4000",70.4828055396673,"Unadjusted"
843,"4000",-11.6998462359355,"Unadjusted"
844,"4000",-122.096700115712,"Unadjusted"
845,"4000",-14.5507303716068,"Unadjusted"
846,"4000",-41.5163944152095,"Unadjusted"
847,"4000",-26.7512329260729,"Unadjusted"
848,"4000",-31.1279755392698,"Unadjusted"
849,"4000",-14.1088992298238,"Unadjusted"
850,"4000",-52.2690445387188,"Unadjusted"
851,"4000",-17.4780573618654,"Unadjusted"
852,"4000",-16.7935729542381,"Unadjusted"
853,"4000",9335.98518816346,"Unadjusted"
854,"4000",-109.839222909874,"Unadjusted"
855,"4000",-43.0073684681026,"Unadjusted"
856,"4000",-19.3091400297964,"Unadjusted"
857,"4000",-27.8096447485185,"Unadjusted"
858,"4000",-40.7931727182931,"Unadjusted"
859,"4000",-122.21948169567,"Unadjusted"
860,"4000",2015.63751113541,"Unadjusted"
861,"4000",95.7428487481878,"Unadjusted"
862,"4000",-29.8347634523147,"Unadjusted"
863,"4000",-50.9963451255242,"Unadjusted"
864,"4000",-76.968363420968,"Unadjusted"
865,"4000",-42.0827399828399,"Unadjusted"
866,"4000",112.267516584138,"Unadjusted"
867,"4000",-18.1652366081439,"Unadjusted"
868,"4000",-31.2792024101133,"Unadjusted"
869,"4000",-26.0675971497344,"Unadjusted"
870,"4000",-111.107139927974,"Unadjusted"
871,"4000",-21.4657278091902,"Unadjusted"
872,"4000",-16.1301818816519,"Unadjusted"
873,"4000",366.915628143235,"Unadjusted"
874,"4000",37.1631386191794,"Unadjusted"
875,"4000",-14.1783075832233,"Unadjusted"
876,"4000",-11.1855876422601,"Unadjusted"
877,"4000",-20.1810752052926,"Unadjusted"
878,"4000",-30.7678688698004,"Unadjusted"
879,"4000",-13.350557636679,"Unadjusted"
880,"4000",-15.7940262992098,"Unadjusted"
881,"4000",-50.4730805228216,"Unadjusted"
882,"4000",-15.8987287769566,"Unadjusted"
883,"4000",-34.749864187055,"Unadjusted"
884,"4000",-96.830404464876,"Unadjusted"
885,"4000",-19.2030614511318,"Unadjusted"
886,"4000",-9.21564048710595,"Unadjusted"
887,"4000",-52.1735241110317,"Unadjusted"
888,"4000",-22.6750366304752,"Unadjusted"
889,"4000",-19.5414672097224,"Unadjusted"
890,"4000",-31.9732747810135,"Unadjusted"
891,"4000",-24.2221891854745,"Unadjusted"
892,"4000",-12.2997951299459,"Unadjusted"
893,"4000",-42.5713442016611,"Unadjusted"
894,"4000",79.8223323005942,"Unadjusted"
895,"4000",-171.727861448456,"Unadjusted"
896,"4000",-13.3978900063209,"Unadjusted"
897,"4000",-24.7324022366896,"Unadjusted"
898,"4000",-25.4785789547097,"Unadjusted"
899,"4000",-117.05605741297,"Unadjusted"
900,"4000",-22.9473597589561,"Unadjusted"
901,"4000",-15.8633511721539,"Unadjusted"
902,"4000",-14.5524452144012,"Unadjusted"
903,"4000",-22.1515955510221,"Unadjusted"
904,"4000",-33.7347305965471,"Unadjusted"
905,"4000",-57.109795902581,"Unadjusted"
906,"4000",41.8426556626016,"Unadjusted"
907,"4000",-11.8766770599258,"Unadjusted"
908,"4000",-36.0408840415366,"Unadjusted"
909,"4000",-59.7854618518113,"Unadjusted"
910,"4000",-49.345875660937,"Unadjusted"
911,"4000",-12.801053706567,"Unadjusted"
912,"4000",-47.4237624809479,"Unadjusted"
913,"4000",-17.4289762944878,"Unadjusted"
914,"4000",-13.1215018109102,"Unadjusted"
915,"4000",-44.4087737098145,"Unadjusted"
916,"4000",-12.0926271212517,"Unadjusted"
917,"4000",-13.6540649373771,"Unadjusted"
918,"4000",-40.9035561283793,"Unadjusted"
919,"4000",-15.6927424701789,"Unadjusted"
920,"4000",-27.9589682590818,"Unadjusted"
921,"4000",-20.1974793927949,"Unadjusted"
922,"4000",254.254926356515,"Unadjusted"
923,"4000",-14.5204793679896,"Unadjusted"
924,"4000",-17.7862247117965,"Unadjusted"
925,"4000",-13.8091649343724,"Unadjusted"
926,"4000",-16.137299771693,"Unadjusted"
927,"4000",-34.4183132767635,"Unadjusted"
928,"4000",-15.2343626365731,"Unadjusted"
929,"4000",-18.8139235965686,"Unadjusted"
930,"4000",-34.6386238340137,"Unadjusted"
931,"4000",-20.5898199014351,"Unadjusted"
932,"4000",-28.8697085469594,"Unadjusted"
933,"4000",-18.2039478672547,"Unadjusted"
934,"4000",-26.309497894241,"Unadjusted"
935,"4000",-16.3459255059342,"Unadjusted"
936,"4000",-18.0224541475858,"Unadjusted"
937,"4000",-65.9879600203114,"Unadjusted"
938,"4000",-17.415359421932,"Unadjusted"
939,"4000",-22.7346066512538,"Unadjusted"
940,"4000",-37.0920394113842,"Unadjusted"
941,"4000",-10.4607709110862,"Unadjusted"
942,"4000",-12.0252832868743,"Unadjusted"
943,"4000",-12.9248981547198,"Unadjusted"
944,"4000",-19.4616289113183,"Unadjusted"
945,"4000",-21.3576120732057,"Unadjusted"
946,"4000",-14.4895199421907,"Unadjusted"
947,"4000",-45.9644008519578,"Unadjusted"
948,"4000",-31.9210543960988,"Unadjusted"
949,"4000",-14.1446539775549,"Unadjusted"
950,"4000",-25.6849515240824,"Unadjusted"
951,"4000",-36.0166212895885,"Unadjusted"
952,"4000",-34.6753388600363,"Unadjusted"
953,"4000",-14.6286556299969,"Unadjusted"
954,"4000",-12.5533809466836,"Unadjusted"
955,"4000",-115.896436591219,"Unadjusted"
956,"4000",-13.3124148692816,"Unadjusted"
957,"4000",-52.3285496487413,"Unadjusted"
958,"4000",-14.3338559297592,"Unadjusted"
959,"4000",-29.4830592435703,"Unadjusted"
960,"4000",-17.1274399159341,"Unadjusted"
961,"4000",-14.6064921123204,"Unadjusted"
962,"4000",-21.6525965665044,"Unadjusted"
963,"4000",-13.0210796797578,"Unadjusted"
964,"4000",-722.429276488517,"Unadjusted"
965,"4000",-22.0468740765731,"Unadjusted"
966,"4000",-20.3729258249148,"Unadjusted"
967,"4000",-29.3921243119953,"Unadjusted"
968,"4000",-20.4328483412713,"Unadjusted"
969,"4000",-18.3899086715793,"Unadjusted"
970,"4000",-50.1776837179492,"Unadjusted"
971,"4000",-50.9277295644405,"Unadjusted"
972,"4000",-13.4666771027583,"Unadjusted"
973,"4000",-27.4787139899015,"Unadjusted"
974,"4000",-16.0183610247637,"Unadjusted"
975,"4000",-19.6350499632308,"Unadjusted"
976,"4000",-21.9907183565874,"Unadjusted"
977,"4000",-52.2385638783971,"Unadjusted"
978,"4000",-127.309678020502,"Unadjusted"
979,"4000",-15.7325414759412,"Unadjusted"
980,"4000",-34.5229444734654,"Unadjusted"
981,"4000",-30.4334973932078,"Unadjusted"
982,"4000",-28.7052689404903,"Unadjusted"
983,"4000",-17.2108837755474,"Unadjusted"
984,"4000",-76.3881683289104,"Unadjusted"
985,"4000",-826.358952720222,"Unadjusted"
986,"4000",-22.9635938495796,"Unadjusted"
987,"4000",-29.880473187825,"Unadjusted"
988,"4000",-52.9615810361376,"Unadjusted"
989,"4000",-20.8399291198085,"Unadjusted"
990,"4000",-46.5640196756151,"Unadjusted"
991,"4000",-34.294863878619,"Unadjusted"
992,"4000",-19.7485484806102,"Unadjusted"
993,"4000",-47.9928523689753,"Unadjusted"
994,"4000",-51.029488566456,"Unadjusted"
995,"4000",605.057836967667,"Unadjusted"
996,"4000",-31.256596107722,"Unadjusted"
997,"4000",-21.3447452770856,"Unadjusted"
998,"4000",-15.7895141296415,"Unadjusted"
999,"4000",-23.7964553697238,"Unadjusted"
1000,"4000",-18.4003280554462,"Unadjusted"
