"X1","X2","X3","X4","X5","X6","X7","X8"
NA,NA,2.63839388653477,4.84097488824512,2.64664844831134,3.76974882710168,2.93736046401321,3.89727827445771
2.22366620746361,8.83136129901832,2.68778040734668,5.00452710824138,2.56183642923666,3.68268003011987,2.94588793801153,3.84262021724517
1.81927907441068,4.10277792902871,2.38360924011934,3.62082447741898,2.67555802492983,3.84318784994611,2.94758939966868,3.88222599568345
1.81584876494486,3.58142065783437,2.39457035888202,4.09258458523425,2.76478370227584,4.22659742315865,2.87237147829053,3.7313564970225
1.93430254884662,3.87128975587848,2.54852685410339,5.29040684877613,2.73654969366502,4.10667339488392,3.14127498894755,4.17174679778086
2.07757084571807,4.57056064961529,2.44137576280089,4.73362175004328,2.7457908425341,4.08358208664917,3.08261458960586,4.11203657877889
1.98884420661959,3.94357360430314,2.59041353467027,5.12725316559137,2.58057476259603,3.76171178016431,3.27451862941228,4.52455468058613
NA,NA,2.22289760291461,3.4355206384404,3.05570593901966,5.00960810883814,3.02254585461435,4.05828146145972
1.95700182226155,5.91715535976108,2.35301210487927,3.96450724465366,3.09984117648944,4.99407459145363,3.13617740034894,4.23788524749397
1.86220462598665,5.85227235213473,2.74836923935059,6.7605122516141,2.98225783893992,4.47555448046741,2.91391761544934,3.8243801926398
NA,NA,2.3548225801614,4.24493320206849,2.51328951579481,3.62801264659797,3.0885175505743,4.15123842382987
1.87707836401134,4.09511204751909,2.445466019357,4.3856401317914,3.15124482520979,5.38117820645398,2.74552537509278,3.52794829630103
1.78844870727973,4.71652416482518,2.26664031634905,3.83948433592245,2.63751831505944,3.86431055008174,2.91107072496135,3.83383440137435
2.1268161564744,4.08013573737733,2.33285012069204,3.98810410295887,2.4936981722656,3.51913733804675,2.96842767622045,3.9256031893589
2.24584486891448,6.03171267231589,2.20685456571674,3.30933595043038,2.6171728572096,3.77839271980883,2.75156139530526,3.54250729404241
1.82907937199359,5.78645438017734,2.60519201400517,4.69793181925186,2.78053372265822,4.07715975989856,2.94590164191076,3.92439187767471
1.97920288069785,4.94577527327263,2.35511454666834,3.90766727499397,2.52958434251897,3.49583732197868,2.72866646647422,3.54556966838472
1.90390326414859,6.45406477191535,2.49495191250199,4.61089654954414,2.82001072158539,4.29816248622629,3.14020517618864,4.26835832939713
0.511942625866623,12.1741641141677,2.26539845902864,3.62438213973304,2.40951712227851,3.34541096409859,2.94201081971153,3.86744410546189
1.99688733125432,3.95447107866938,2.4558975682699,4.08131550615411,2.62643498447867,3.84888990276081,3.31472821634748,4.66180573548329
1.98261596577259,3.82724809284066,2.27539936439681,3.64626849933182,2.78994232237259,4.13101414754642,2.74371833237456,3.52021331009215
1.89230825037865,7.61112511951294,2.77771607560782,6.94704118248251,2.80893081503956,4.22541561343802,3.08942072173515,4.14483539392107
1.96696728007279,8.3512214128562,2.43003614844786,4.35566816878094,2.83220670493276,4.31868909171217,3.04402696696389,4.17373703734773
1.94826724416721,4.78210481978848,NA,NA,2.9929779710964,4.61096316543238,2.68554006008358,3.41963375236831
1.9158029347113,4.28017268712324,2.35357976060431,3.77708558048949,3.15154487645679,5.33815721895294,2.89923241519854,3.80263918486777
2.10803488944252,5.58478176040836,2.53091232877812,5.37892223061351,2.63183602067463,3.90875425295013,2.58985201462202,3.23743868253999
1.95711227474763,4.72985462697876,2.29948250845043,3.8240208543724,2.39415772143057,3.21396128280843,3.04100310713333,4.08651070302997
1.98305064026966,5.37057469300328,2.52396473357563,5.32178881990763,NA,NA,2.99551649956362,3.9493091093389
2.08032586121468,3.98456506909927,2.54734533376255,5.1150325216205,3.15743037482201,5.40813691059359,2.78766163657084,3.60677996983639
2.05319498316282,5.30359058866253,2.64198471563477,5.46498878448588,2.98629137784634,4.96962598987129,2.89657058625935,3.75393282840084
2.12232367899284,3.83106365545919,2.2506823246717,3.64597543821344,2.59575368036251,3.78205277494121,3.15798746621529,4.26997589105932
2.00123828898173,4.92578135750415,2.63192731149592,5.31345553650516,2.69737604839021,3.98913500734367,3.18391221415786,4.39857299952125
1.99939966534111,3.69152754296518,2.59136631955107,5.15373361966213,2.62201784856392,3.68824959699607,2.8917499951669,3.80965373861585
1.79618963860043,3.16183747023894,2.53306922870156,4.7002258775249,2.94592700042754,4.56514225173986,2.91666090476915,3.85997867368833
1.98760436426594,4.28262746225422,2.53513354731734,5.14320092383393,2.80448011492332,4.35398919782035,2.93427763692089,3.90305543359909
1.96984074641052,4.11477734944221,2.43345307869299,3.9370841158364,2.75753210373363,4.07760391539264,2.97137088933141,3.99839041111562
1.89868858717523,4.7953631822263,2.28950110403876,3.62743916935416,2.7221956845591,4.06827744774004,2.63522504675089,3.38388812625016
2.08659574469437,4.08990551027667,2.43566474515273,4.02626783179819,2.89977170140689,4.61515348241179,3.22517172867711,4.45778625815666
2.3025354371019,5.3930506016187,2.70057646169411,7.3782339144658,2.692558774816,3.99859011640787,2.66374477154905,3.35433227618207
1.76356198340415,6.78688890352999,2.73595742211014,5.40083082203645,2.4094535707401,3.31661407256822,2.89527356529416,3.81299479008863
2.036403409745,5.84820742159921,2.41442427815263,4.24308855765412,2.54578634816427,3.71330053329003,2.93304863965416,3.88022745252615
2.06081340434829,4.70944315000271,2.35691352621977,4.84125000014625,2.57910583405012,3.69424089229945,2.8886734713834,3.83091037827175
2.36088255559409,5.22441774167054,2.37091966570159,4.03882485530708,2.53533540316076,3.50901763172617,3.17441761406769,4.35577095678911
1.7619147888566,5.11530712704506,2.37058989569282,4.32204830606482,2.79490714324388,4.31801503574982,2.9382602111851,3.86594235201176
2.0782920379878,4.83185688474747,2.2774330042823,3.47066568154851,2.7151695777742,3.93968843826101,2.54242753198876,3.18725602721724
1.78977819728339,7.1759004250664,2.42172135947091,4.43254937027178,2.7954390209308,4.24005799703153,2.92040016890151,3.82917264503652
2.10663861592302,6.83066254046473,2.49550853968855,4.45694329972823,2.9384685705513,4.49866161605048,2.86325958837871,3.71510241806001
NA,NA,2.3763009345238,4.12783128379796,2.48069080727624,3.48740105487984,3.01857404183671,4.0195258138588
2.07414202206685,4.04080365071189,2.63727837627663,5.36591439446626,2.5530604357305,3.71251856186953,3.09254396395723,4.25496361007941
NA,NA,2.49161296768308,5.15717749334838,3.07228007420395,4.75387080469277,2.87479980558276,3.78264409146538
2.24966348561425,6.69218271955458,2.42304570656524,4.11905752820143,2.80070843256247,4.22127170654432,2.78783573240903,3.62013284889016
2.00225614250642,4.2925111311421,2.10448752117811,3.2007224775866,2.60621515107952,3.66453195773664,2.87427595108546,3.77154524065747
1.93854217185644,4.32922064825393,2.42504090457528,4.00121161806253,2.98375796090003,4.90910948205023,2.84797216277191,3.71749164574519
2.17675443378802,4.7077117304734,2.54479721045003,4.25220018609328,2.59812537413186,3.72766094937567,2.90433642975176,3.78133049421415
1.82057635842323,3.61036575349386,2.58607368691311,5.48194476223689,2.73039918529286,3.98156284854837,2.92810957561955,3.83355720959215
1.85245955063043,5.97108073972919,2.89468401348677,6.24046868099159,2.73075485077894,4.09354461229284,2.83686307093397,3.6647350246636
2.04255332482444,4.49848252295481,2.60586252623128,5.07521937673846,2.54217330014036,3.5671283854184,2.9691743047712,3.9091188437803
1.99160475462664,3.81063561853209,2.42106284131335,3.92898269072935,2.94307864443911,4.87601003177297,2.92777850472708,3.9277014602967
2.10214976194505,5.78107801295457,NA,NA,2.82203719984452,4.25520204230974,2.78457218319459,3.58452162418534
2.05300422723433,3.77632175219722,2.60201428976906,5.05132872397138,2.84649162712961,4.34684782883577,2.77570326357071,3.58270448603839
1.83598839930024,5.09472512246153,2.44221416878926,5.52453127931229,3.10457489214038,5.15258410459324,2.87474983532178,3.75774632440215
NA,NA,2.73387312902532,6.96380091738599,2.75398630176058,4.08966213164222,3.52124124014158,5.14351786353583
1.95091033193659,3.62949754388053,2.50064463839862,4.17936948350627,3.12841876901004,5.06488798884724,3.13668609579889,4.2017522357896
1.99281131840205,5.82823816333347,2.40165564052223,4.44076887392578,2.83329723781416,4.36032953971422,2.80650202740162,3.66818319726218
2.03296395153096,3.689250423916,2.24566584884758,3.56056689244866,2.97859565721502,4.66816050427787,2.83127343823707,3.68239636032122
2.02818592214352,5.26010096068795,2.63744158662666,5.00828436510855,3.20423481246822,5.3820527220111,2.91295617374855,3.79427552502261
1.86410293013758,3.14189427367174,2.35869051138702,3.71829094676455,3.08706079240915,5.14016460401878,3.09113943105574,4.19797323253426
1.72578085094343,7.37116684788145,2.32625148083296,3.69788088355463,2.53141084535251,3.47570062418842,2.88038360020688,3.80621008040592
1.9994963049255,3.66461635295277,2.7103918659088,5.33812839004434,2.731654260458,4.0522843789203,3.12581017511906,4.24089157158984
NA,NA,2.55419734363327,4.48785620471133,2.95734985363843,4.49168103548317,2.81080832397534,3.61838251108038
2.0573138636999,4.36798182295352,2.44245232601825,5.01353664580593,2.54167817317667,3.57915778149594,2.85062452981303,3.67435246687844
2.0007158661014,4.54714861386596,2.61100700646671,4.9472248106149,2.22316311163591,3.02487133983096,3.20764999438936,4.3139760496633
NA,NA,2.63722805064361,5.7910904867932,2.66667830869022,3.82436572954831,3.09545946191018,4.1084601289637
2.03829080595195,6.92309323344914,2.36587176273596,4.39221707583032,2.9888770215184,4.92768060256286,3.08024112656118,4.12196810142335
2.14777998089935,4.28046888879885,2.38525404319189,4.0751930959796,2.67636803424323,3.8290116361735,2.94753320819314,3.85832910643819
2.11719566772966,5.7843588969495,2.34503888373553,3.76288708140141,2.73269545323628,4.11638359132705,2.88354705659718,3.78650924995993
1.94643281102304,3.56785374729369,2.43366504749518,4.11225483444799,2.94782817586215,4.57856285804547,3.12304922309362,4.22357653966457
NA,NA,2.54692350960072,5.54372395185104,2.60957383243449,3.84123644918803,3.1201756939942,4.25545792528685
1.86793295870381,5.78439842893167,2.25280235556883,3.92123736360686,NA,NA,3.12267465651671,4.27517041995861
2.05111466648247,5.61647126407961,2.54908925953595,5.3207228518034,2.82439224345829,4.23566220279388,2.89739432909333,3.8391242758983
2.08739270247235,5.86214223671996,2.65811737614291,4.87810612865092,NA,NA,3.04872044250063,4.11749398198642
2.03178337621338,4.39711221295142,2.31350215656658,4.14766513529964,2.77036791450254,4.47685196421592,2.84751578105605,3.66828734304001
1.77451795598204,6.99138667166471,2.40124540152506,3.66517763225942,2.63682765911629,3.87679576635867,2.76477384538534,3.54913927830206
2.01530176835004,5.57072746938377,2.59335249981191,5.95595509699484,2.77190966005781,4.42849585419169,3.15109321575565,4.30075349355574
1.94677045594877,4.38467028561127,2.40246324077797,4.50909779211169,2.85913391618831,4.3174556251338,2.91571779994748,3.82430102993858
2.01069521682437,3.76143160205762,2.48264145963153,4.32996249971005,2.68174925490946,3.86496524648427,2.92891339848795,3.8457144428038
1.93630131484849,4.93343198311521,2.80224763516738,5.74631635219387,2.65344622236414,3.84792854066695,3.07444228210204,4.18443880469019
2.00880661200069,8.19023857549378,2.29860685406014,3.8255674127671,2.73449657960303,4.07593898280246,2.71271060151494,3.50872371476603
2.22673128783631,5.75023046492876,2.27066084076835,3.82050406842801,2.87103492996069,4.51809126085801,2.86153808125191,3.78739212189691
1.92520259398071,3.98847302270729,2.68500751833345,5.85635935917812,2.82831584881454,4.30601957525516,3.17631445862202,4.41013302406715
2.07986748585554,4.86559219224227,2.50746332340422,4.29095826185004,2.32925105011767,3.14047341843717,2.69456346361771,3.44889326664879
1.93049054056215,4.83206240546662,2.48655012269796,4.64914548887661,2.62267659443433,3.76658688218211,2.85036412464139,3.6677513823505
2.34064355070885,5.35059630331957,2.45968238008429,4.58781821648479,NA,NA,3.11029087126377,4.12622011924673
2.04002932615283,3.81880814999169,2.36840106315241,3.91378483933361,2.9089630383651,4.56052770580889,2.75627538603056,3.52005764883586
2.20161507676251,5.36081173184613,2.83271504373452,7.36255462041105,2.93039755594136,4.55619532193596,3.35826850321791,4.82308963939189
1.88875382751377,3.80657399814599,2.41612138738533,4.15723318331195,2.81041774279922,4.15848126615545,2.97463416454975,4.02980830382757
NA,NA,2.42788211777447,4.58242164178233,2.67160101241155,4.01145421264052,3.12489127544604,4.29460526019552
1.9425684252871,7.44724073718137,2.53632556600761,4.53632147919431,2.72104583131144,4.15961209060655,2.75298468511215,3.58213684471932
2.01962196709893,4.87897497098422,NA,NA,2.82463335320998,4.69213391207226,2.72504162763888,3.55093240218654
1.7230108691756,10.0851149140219,2.39178772388171,4.43248484892525,NA,NA,3.00317314488834,3.97889494573504
2.07360515635192,3.88909855958334,2.54217776311244,4.3569892969203,2.71689910218878,4.05602397869237,2.92339317774315,3.85841689661646
2.12187619998409,4.21086731022336,2.38031219600493,3.79698665892322,2.84667720239844,4.26881519379222,2.97949370770307,3.95383315483719
2.11056435080399,5.57855863718592,2.51630355377605,5.30258716682987,2.67111280119466,4.02968898776535,2.6980273612978,3.43942969751483
2.06152312944737,4.65034995846779,2.31968640095451,3.78449035675417,3.0228215458376,4.61588325750169,3.07100960522725,4.09251305186815
1.8916243626172,4.92631520404931,2.55772731833971,4.65520656086533,2.66540004867132,3.84058022859254,2.87367122869734,3.73603698880875
NA,NA,2.48137022318854,4.37060164721912,3.06880341925743,5.28746377519445,3.25800016975904,4.45648838694506
2.06599278418951,6.526494409706,2.30914826024256,3.96926525579304,3.11994339057238,4.93456365739487,2.84042189407647,3.72142929015062
2.10229616449309,5.45700033598471,2.34612823722022,3.74803370804811,2.68204760062522,3.93492264741242,2.80188662276192,3.6589504283124
2.07728736266445,8.3402849102981,2.57967239957538,4.87230778784831,2.95031941479344,4.778572954868,3.31055191101518,4.61965694424985
2.27909967947323,5.5317496356123,2.58662653534731,4.71083411306664,2.87818828826357,4.3830274234337,2.88322594911359,3.72023945724366
1.89882317132802,7.26002133465961,2.5616444910573,4.59885608558209,2.58910764538782,3.65711147373546,2.97712777914809,3.95038238505748
1.96298635382212,4.48253687669698,2.61792621867098,5.00582232313464,2.89667549941732,4.61342234619774,2.77658947164441,3.59333595500775
1.91043007008351,5.34472834123435,2.53137742121909,4.82754529838411,2.85116303489491,4.38749971654354,2.91775608223565,3.85055959690145
2.04897041052697,3.87620092147869,2.29776408158169,3.67260307158779,2.88979428223062,4.69027430720763,2.90759837351507,3.88583076401348
2.06888790788502,6.63870171712159,NA,NA,2.67664055537063,4.00720068252072,3.14808768478179,4.2715322654672
-5.22544089058997,26.5013098281507,2.20408222104908,3.37477806593386,2.94835531805403,4.5740419407812,2.8414147110959,3.68692134407971
2.08003038215425,4.09101062401161,2.5077714118708,4.77667956753805,3.00846572945653,4.88691260209024,3.28540380718836,4.55569094930842
NA,NA,2.59348083025898,4.83220318914292,2.85799491217141,4.39338598464485,2.87424890007627,3.80104884003934
2.20993848943465,5.43967949118489,2.53526187260154,4.84283798250985,3.04932941616803,5.18946451293887,2.95895980444462,3.88076923865794
2.04221874103924,6.7061491304341,2.07772207555002,3.21767524381163,2.60694945569992,3.6665356086507,2.94356492519878,3.87956200080781
2.03322504369454,4.34979801602113,2.3185129401748,4.23414279302767,2.75008886402978,4.24477962153778,2.68915531537998,3.43915161701024
2.10973681249747,7.85743802061728,2.50631299418427,4.55183167581191,2.6035141494131,3.91271799394854,2.91443028409807,3.82012153061702
2.12379667001041,5.00756216691743,2.58600919657019,5.37262476698694,2.6359085520896,3.7946113596322,3.06715114415209,4.20714145686012
2.08780807217753,4.02053487107026,2.3171241596464,3.52365699094707,2.48797684412202,3.53199164919103,2.80641151761346,3.59326897018553
1.96890158241319,4.26721547257805,2.64419447296678,5.10112847442658,2.89048479557688,4.42437684482235,2.97697760393159,3.99083239446894
2.06456328755163,4.48501912959913,2.40749178937584,4.29834620942745,2.7678039329274,4.18637819326953,2.87430033570074,3.80274123562641
1.89427085607363,3.62365492550574,2.48089310071221,4.21204764848909,2.8611352025803,4.54074225138665,2.73993107396376,3.50418534475195
1.99115421113706,4.64721931505654,2.14841197928129,3.16622648305291,3.08311295698055,5.39049203919339,2.7742159055166,3.5915958883424
NA,NA,2.28069505095452,3.67581967466388,2.87189703296123,4.17488797423107,3.05437166955642,4.08522225163678
2.07087709297482,4.8830920762516,2.45349365789486,4.85459505780998,2.55130502545296,3.69437630453552,3.19020366511818,4.31852044131499
1.79392733050466,3.51640909849698,2.27330681926728,3.7412361936061,2.74757069780752,4.17261012075312,2.90441972947377,3.77328895394703
1.99116846728968,8.10688648753653,2.34150894190043,3.61856481233635,2.45120747574213,3.41376097796645,3.01570871962716,4.04786741593419
1.81942983268882,7.15685231947139,2.6780880611506,5.1494273600384,2.71282634807055,4.01840165286417,2.56504359528455,3.23405321770727
2.06546438424164,3.80037423716054,2.22523042793273,3.40954489246528,2.57912536045266,3.65097691904979,3.045961012749,4.09692179408877
NA,NA,2.31078817281988,3.72953490019438,2.41506426188488,3.33506234433206,2.76331491356823,3.60073562219181
2.026828427537,4.78769305938951,2.20313810387299,3.5370239493575,3.17729414908673,5.23646877118253,2.75203144823378,3.51149663478919
1.94539247047037,6.28098552369123,2.64730209178927,5.41848229861175,3.01476594671909,4.93066071627984,2.94705849501982,3.895157506053
1.89911965489907,3.30532606212462,2.71839768662893,5.62173645299386,3.03931608459281,5.095689185504,3.51160623748955,5.26809623520241
2.22686331726802,5.36467409330963,2.53185167874978,5.39207148231731,3.13317193740592,5.45625232445324,2.71453899700825,3.47001532167033
NA,NA,2.45861485301703,4.54111467959455,2.4748888348308,3.57671031665185,2.98814708546878,3.93763106913728
2.09352265365797,4.99151689272718,2.66955254998617,4.70479909871235,2.91252397800217,4.59002288369146,2.94046867732674,3.86716901754811
1.83861026761233,8.14497025064344,NA,NA,2.73255608939118,4.26157191360845,3.14437063189007,4.30121209592623
2.10754368036832,3.68237564340404,2.30627584425621,3.64159169190653,2.93320736148015,4.46348769640068,3.09978171372353,4.26243085095128
1.85069491905912,6.72244449754177,2.22507536566454,3.61962315583461,2.90200646259328,4.47165936326471,3.26514588495231,4.47006985551434
2.01573062611181,3.57994519305066,2.5079184912791,6.25379735103823,3.16911647398504,5.86871143420234,2.92013863011183,3.9314420352123
1.9661122188325,5.35829823216585,2.44334705927821,4.16169301557831,2.50439270365758,3.47825974551853,2.94815007424366,3.86801139991832
2.13637217709689,4.45487131258619,2.19709393929086,3.49968825485981,2.46684989561949,3.57698576708982,2.82610150355387,3.69156665793546
2.07888712481745,4.73564279642748,2.61870201357271,4.6221780348223,2.56680936927488,3.71580636841419,2.83724629673376,3.77843694126506
1.91729538994169,4.10141457456015,2.30780793307188,4.20382697062656,3.02147437514347,4.55571263848926,3.08963807711604,4.25761863074824
1.95992933135092,6.18066132206062,2.71997304594592,5.59731742149334,2.97680625242941,4.68071131745366,2.88728945693795,3.86495973261518
2.04643897589613,4.06846871235024,2.31589403344917,3.64738491563222,2.58591979913403,3.68677033115912,2.94006938483292,3.85173635463689
2.17672305804768,5.43186996924635,2.22729440181379,3.57159693186343,2.69748499245276,3.82718494914724,3.05246263879255,4.06835757428237
2.12928773052354,6.9481610455627,2.7228650904243,6.4291381739269,2.70365749466684,3.95691870189135,2.86157010627872,3.75384462313483
2.01966213921847,5.86903384687618,2.47135143065583,4.38101445284288,2.55087404936327,3.62184338446414,2.87023068585192,3.77210102152546
2.05703694888089,4.21171531114908,2.51698984461017,4.0993858420443,2.87167767237569,4.24773178738583,2.9875088267938,3.92953805263755
2.04694644279376,4.93007928034205,2.53143997906233,4.6287518183419,2.50665239202835,3.61207018834717,2.9126886075649,3.86802524732746
2.02845235290066,7.16378772610395,2.40599876410983,3.85311628900679,2.96306314991434,4.62020837349949,3.19001689734273,4.40845380868429
2.07477108915832,5.86384262856237,2.20301836324175,3.42837951435811,2.56712927380794,3.71085549081266,2.69517664909988,3.39850287303887
2.01942227178143,4.32569768792732,2.55145291561004,4.31946623073419,2.59171560462036,3.63114831087659,2.94924281671762,3.84285098859644
1.99717478302619,5.40329825926799,2.18486028945227,3.48954623811437,2.68626031804469,3.94778438274121,3.18601909685288,4.44899382874714
1.75722033306454,7.83448385731593,2.42842291266257,4.05403264930813,2.95221143610938,4.65239828042033,3.17502370924843,4.35731040751615
1.99446826127947,4.80120812381082,2.54035261098222,4.99050855499851,2.76805014355618,4.12908562845593,2.93169090081367,3.93019663873484
2.03732206997016,3.74244107595172,2.08828454680098,2.98458610884449,2.97421798496988,4.78698046106091,2.91911319343357,3.82191970600974
2.11228320357263,4.79505058471004,NA,NA,2.4704724558062,3.40863860468681,3.00320159846837,3.9826662259678
2.12437187893442,5.65567803331893,2.39300353433857,3.98746249701274,3.1698309324806,5.25749659808611,2.76877962081406,3.56471474303515
1.86860439986599,3.8836726257754,2.80368491530585,5.02937869844234,2.70991767013296,4.13183645278821,3.14537384179603,4.28853170407691
2.00296661520902,3.95331242462247,2.61642107148043,5.36633611266871,2.57922871212232,3.72032950463988,2.68948281512221,3.4213306609627
2.12369553023396,4.50891845323956,2.63453182347525,4.62380700040422,2.7416655299236,4.13996399088699,3.1394292976653,4.22978717878451
NA,NA,NA,NA,2.81792778310283,4.13520164963386,2.95188213865233,4.02085360960228
2.15410277207817,6.11029428113828,2.17421459161891,3.25768501968223,3.04747048175826,4.99501957889721,3.12993432253899,4.25796246337987
2.15396855670425,5.69931020354422,2.76531747030119,5.83685273724875,2.47187292671895,3.45097877271427,2.77969487607564,3.58614427689989
1.95240200167867,4.81997013568764,2.80813255954871,6.75562769889639,2.80630820047368,4.06544061921886,2.78494633218143,3.66118460624446
1.98762414759865,4.99866786011098,2.64290715864533,5.38741128675474,3.07309810202718,5.00057526999768,2.71385496640048,3.44762934669371
2.09145649406116,6.91123946425319,2.52809655926723,4.77179231522422,NA,NA,2.59800353368392,3.33639137002746
1.96959808226296,4.67842275845527,2.3835433996759,4.00122630900565,2.48234201259732,3.51184532527069,3.06787985633244,4.12867321406809
2.02358956406716,4.27220539457443,2.38618101157298,4.23439887173337,2.6517521682893,3.87722994490425,2.72801273299702,3.53309238139955
1.97633857550045,5.07167898096557,2.49134328830421,4.75895138899924,2.81740000724324,4.00367917379648,2.9408614516359,3.93264061940448
2.04533142873274,4.64522027427097,2.34852206519738,3.82525257047455,2.80263228874375,4.28124948533408,2.65424278341609,3.35984368767558
1.9719336787951,3.5407314510325,2.69895674010132,4.75896581002642,2.64372762374639,3.79126225784675,2.8396288812403,3.73410225034099
2.26237260588227,6.65828839483615,2.42063606160845,4.28467599827508,2.70857361810323,3.9629477013732,2.76781349717921,3.60014917350919
2.11136471438977,5.22727249711861,2.33861033923044,4.4430443761813,2.48974969027738,3.49376714092584,2.89280233427705,3.83428981478415
NA,NA,2.86530324090322,7.09911516680063,2.36310224358315,3.27111428891852,2.72234892616242,3.49524353426935
2.07405107430421,6.95169100479584,2.40186839912171,4.06004753726756,2.56574716142626,3.57802313656573,2.8689169034793,3.77531580775607
1.8819595341013,4.01934481740024,2.51645221684698,4.76009913917509,3.15539744481192,5.16927299137676,3.02207610447827,4.040549804408
NA,NA,2.56960227537985,5.74698793224932,2.87999883956782,4.73354703298265,3.0740020799916,4.1620772050507
2.10594671934999,4.25037965572177,2.67053793566981,6.05062366942422,2.78581381800195,4.05637100213174,2.90115006652735,3.82014168149921
2.23433171629212,5.3592543086491,2.6468156272341,5.13513028192782,2.74859930033865,4.11342009703483,2.84363662289131,3.75089024618401
2.0765749234819,4.83865056962802,2.53324842414716,4.84209699215236,2.62441670672897,3.7233572082151,3.00443667128225,4.00836675378496
2.02900850005621,7.21254918634278,2.66515389747755,5.20899049842303,2.87250748746558,4.55577768052579,2.80101805975427,3.6245079540187
2.28920491442544,7.45564907447997,2.82818320807771,6.54877506831082,2.90835655640371,4.74126054268241,2.83397391872393,3.71846848790872
1.88430962670562,6.50431932750933,2.51915012078637,4.31322981489767,2.76944221412786,4.19627265307574,2.85981686990776,3.75373528993826
1.95022672229231,7.14364493886062,2.44804550623477,4.04841587905,2.68344667520351,3.95363098223456,2.92459037507314,3.9526950083021
2.18908469836829,4.209291812346,2.52601049464319,4.78289158117261,3.00308865763159,4.60730873852637,2.62761451006376,3.32568228102139
2.06221526054385,3.89150666843724,2.33904576647236,3.9489855899007,2.70710455150392,3.86652399924648,3.21132813960125,4.48191387693682
1.96382468396678,4.33206847307001,2.36217172185404,3.87292850895928,3.08612414241046,5.20395738398678,3.00408494102904,4.00981229667853
NA,NA,2.41183072036968,4.36382147674413,2.88761310948101,4.5093568593331,2.70424661035544,3.47626412172119
2.27709761286219,5.48902912660853,2.59638438173659,4.67234533887789,2.5168861656998,3.52735097557414,2.97392486798908,3.97529644483147
2.21396558102068,4.69649955848688,2.62591176653184,6.6702356335654,2.93058473785856,4.53129552144198,2.92652304929722,3.87803341512686
2.01144176807017,3.98393675326344,2.48425432039268,4.14434544590741,2.95097104319941,4.75668126529637,2.74888584239979,3.54852268674893
2.11436821383717,4.59468155909452,2.35635057831979,4.38487328910354,2.74984102934791,3.92214111109128,3.12688197019719,4.27793367750924
2.01971604505959,6.60592903014425,2.28233675749095,3.82705875205761,2.71218077294268,4.14114810116467,3.00058979364143,3.99117831298735
2.22588211631053,5.62865167872615,NA,NA,2.68118786223729,4.04596571615814,2.92773345349646,3.8599613550522
2.14073150122597,6.14474772637361,2.60701093460205,4.74263113705629,2.86276200074993,4.35482009111784,3.05996240287608,4.18713271911548
2.14235939345188,5.1624881911581,2.73105199874708,6.45659181840387,2.57134701840078,3.68090898193861,2.94488015808853,3.9579439386783
2.24530244095019,6.47357740451143,2.72486642343813,7.1802870637123,2.94657606359632,4.67746263405865,2.92167709698315,3.84797485982613
2.02508220113821,4.23752392947783,2.62310043685562,5.37741941968921,2.97290772554286,4.805181078148,2.88725547320283,3.81106089830395
1.89179382525369,4.30752002300902,2.55086693200744,4.56137397678915,2.75384320998414,4.06144874479893,3.13123901630031,4.25207544463522
2.21509919231833,5.31288031213362,2.88546505026578,5.87605372970926,2.90689210262362,4.54781471322269,2.83304703556381,3.70151573292846
1.72939565441031,6.02423272044629,2.25506429496767,3.66249327894944,3.09312015460364,5.01935796427383,2.70592458353692,3.47818716378982
1.92744188417302,5.39040629797168,2.33972561782954,3.84458128235372,2.57417740964459,3.68882786041804,2.907224283896,3.87081830171192
1.86462379022749,4.56275366108754,2.79717361271249,5.46759596141928,2.64613873970741,3.80980843474562,2.78397844596042,3.61578091128232
1.96976519154685,3.69336619427262,2.40671708124743,4.48376612728902,3.03336023966155,4.94420022236999,3.04881683838648,4.03585377514865
1.92892322944732,5.38110617215338,2.23441861678642,3.72783779481527,2.52979354905246,3.51494872939536,2.82114881094373,3.66230460523933
2.14739777349067,5.16785223798158,2.37088041161363,3.86837633716341,2.50430816234621,3.60716984779399,3.03322115638745,4.1218497876044
1.80408693566349,7.79845455951573,2.5813541029235,4.56201421759419,2.73611389616591,3.99858185147004,3.09932060391464,4.19143664856508
2.14547729018134,4.6618709807091,2.75047426243664,5.29620698580572,2.82600257419474,4.30307508003454,3.02332196853171,4.00902774432232
2.27190847256239,4.79531015093745,NA,NA,2.58626337661111,3.76856157054102,2.71970799845956,3.48601867415825
2.0982541538529,4.36342288283562,2.44144178374092,4.3644913494194,2.87046291234571,4.56594749871254,2.61619754358236,3.29904835101977
NA,NA,2.2699730109953,3.50144131034468,2.64126008604753,3.89031425158041,2.6419365732194,3.32816771311245
NA,NA,2.4754122106982,4.1874179279647,2.50017510126365,3.4213240338856,2.98228909461175,4.02744287073571
2.0092940783592,4.29394457142039,2.75991645637071,5.98627625475382,2.9134651776178,4.5162746287349,2.88361878823811,3.76171499957421
1.98353203849713,5.6905835171155,2.78022782984718,6.17820905638949,2.82623792283543,4.31557684828977,2.94650077855417,3.81208772172544
2.06073538626167,3.70037660924941,2.40396124071033,4.06721497796153,2.82000365290695,4.37527159809022,3.04592084185761,4.04246659039155
2.02428960374353,3.34743363409812,2.35288397960384,4.08647696224342,2.79789482316181,4.25367805476811,2.7851302461544,3.63014051493044
2.20525302186371,4.78218257334734,2.44422504012436,4.25844906130332,2.7904777555677,4.15130680960971,3.11251902704018,4.21948274561143
NA,NA,2.3163716704271,10.4752017050275,3.10706639466758,5.05391883955136,2.93875289663913,3.92185105495332
-0.780177331704012,15.8526464750985,2.4210410730572,5.05503457515888,3.03596051543599,4.87129673103764,3.06626489671234,4.05302965940801
2.01713058299519,4.47500788123278,2.21434464206941,3.52246872266287,2.49568345722993,3.48898878008831,2.92457872894415,3.84231233573555
NA,NA,2.28469095708125,3.93897792885504,2.89877369827052,4.5621438510879,2.79793484892981,3.59240826120464
2.05271176378168,4.89964770911657,2.61576363811957,5.08412922213924,2.645042369411,3.90795570421061,2.91175632227171,3.83932608856256
1.41857820929414,8.20230771809684,2.73060560809921,5.16823888510072,2.54320910458473,3.59009278095719,2.74170509550357,3.49850884004797
2.25403858825901,5.07679700168668,2.2797372338025,3.43836262837643,2.81538900358885,4.38925036157268,2.87188163465795,3.7764270289443
NA,NA,2.33329755783667,3.95964912907466,2.59365837248885,3.68543912134974,2.91378718769322,3.88029184774691
1.85673152207495,4.5703080569496,2.88881500914141,5.59964171079814,2.77796011405329,4.25964322225643,3.02620279476333,3.97291392782209
2.22419336060283,4.34659604793203,2.48537551506131,4.80352001996723,2.86760100583657,4.36932778993461,2.9488115862323,3.92570805577463
2.17960863693536,4.5738171479735,2.55458300567723,4.8144893368729,2.83601867634636,4.24060973823593,3.16434045850757,4.30096911094112
2.06268253409857,4.60238651679081,2.32199095046725,3.79043459558543,3.05559244350669,4.79737832640964,2.73575075536674,3.51029061726042
0.191833830489226,12.0358462383402,2.5028757964382,4.62252716973659,NA,NA,3.12495727909245,4.2543346440134
NA,NA,2.40577267562776,4.06608302344614,2.70921399542748,4.07131673565382,2.87528462861927,3.71961727511119
2.08302483875747,5.1234637678034,2.69726134010516,5.97574574335842,2.85158542326029,4.36996242469414,2.95067415449823,3.88013543284118
1.91580394419935,3.92260419668206,2.58919244332995,6.19897133514462,2.81384021299931,4.30330860909215,2.86332512552623,3.77530348726057
2.12117772781748,4.94940838543594,2.30935538875256,4.26585178765324,2.87677219241706,4.35972737015211,2.81810566752657,3.70512682626828
1.77083286127474,6.24240508306179,2.23631821207619,3.4232830949609,3.00719724392397,5.06135664261526,2.87167658570329,3.7913394174823
2.07001752837702,4.26008970476408,2.27900015092071,9.27800085777707,2.69964480891025,4.07445141566456,2.97696907961915,4.00024293796244
2.01331974890143,7.13667309114033,2.02423722250511,2.97106957496941,2.55418285345544,3.5842823134326,3.39676343041244,4.71011220877853
2.05181224873481,4.56719189669101,2.16231336880171,3.26002735982039,2.6158873104606,3.74312408450217,2.82902609036353,3.7046533485123
2.1033576960313,5.06546017833088,2.33931789565938,4.29187820921316,2.77008168863691,4.29100466759992,2.72391147717534,3.48037010103338
NA,NA,2.35062107589156,4.32818372864973,2.53725076992248,3.50556822750997,2.87889430909975,3.73818449280212
1.90388123301202,3.68821551212231,2.66341552303939,4.68999903129718,2.97299271182597,4.81580329415435,2.86183813836937,3.7369383406397
2.08955353667387,4.9197268354964,2.50334764536899,4.83024951170903,2.4117201462832,3.32019975231457,2.80809463147333,3.66385015216136
1.8464875978,4.22664214399699,2.33458235069555,4.13669424854102,2.59102618049753,3.84050643015372,2.88594499190234,3.83604355989597
2.26711604375737,5.24142279810608,2.31504435087425,3.88552361624579,2.54031278236479,3.58335734013199,2.65160215695348,3.40537679922158
1.94704311337267,4.00041010298306,2.31609865773243,4.1710152254828,2.80968322796154,4.24698435798388,3.12506066915373,4.35559380265691
2.09082238949577,4.40879795993452,2.37740343937196,3.95738571847219,2.81689136820045,4.27335805055871,2.95890496018769,3.95175526332335
1.98430754950248,3.85274603445288,NA,NA,2.98661055651898,4.81368207987473,3.00412156809028,3.98462404796649
2.04148399710429,3.67913478056842,2.46940888059189,4.03879484776451,2.5587239586404,3.63122231063319,3.13273139459791,4.23663699522989
1.9969004738906,3.62599564061626,2.32088225242577,3.93047297023719,2.62984075604703,3.93477556259193,3.14577843634994,4.22209687132977
1.92923661259265,5.67748243386253,2.80925117085781,5.24244042095598,2.64779721915828,3.8508946143932,2.91205080992764,3.83353634612424
2.13658378272225,8.98596438577382,2.28595883398781,3.75690360047956,2.71246631549092,4.02872898698718,3.54339160777518,5.24228128509005
2.09137001126355,4.40846882091605,2.49192597603911,5.85437565739532,2.82315269929975,4.32663748092788,3.15350454583109,4.32304761945512
2.07812149736109,4.57089318585844,2.63580194983605,5.14335730133724,2.93457297980644,4.7679723984587,2.97512030436038,3.98405690996999
1.92765840961618,3.63602040591802,2.69443432957351,5.17593855579718,2.62337223209562,3.67298397811657,3.30834406809941,4.60409918330213
2.03735724878188,5.12521089346965,2.34369370324151,3.73165733363604,2.93396863369655,4.71612146591051,2.77522599349411,3.616298907432
NA,NA,2.51524465759725,4.63000077292367,2.86016911037801,4.43518231379996,2.71191225760031,3.44733257594919
2.23971549226982,5.04329674770832,2.61402165916505,5.95523403098293,2.60801964518558,3.73448791947325,2.73573110513011,3.46764669788773
2.15453746067019,4.60393492396945,2.48036455199705,4.24205184407516,2.4718222804769,3.42788851794131,2.9575351346077,3.97100693514985
1.87118852422148,5.73643183128696,2.51547044594513,5.47111310832017,2.73426829767768,4.13467181568624,2.98128150831723,3.94597858146396
1.81987186860381,3.47289662447758,2.64127008146002,5.1862142179871,2.72054904339228,3.99431073767355,2.97991725929395,4.01169415764165
2.15658782958306,6.16215694987353,2.49739908403798,4.04281663078969,2.66854945324645,3.80073631640842,2.87477964064061,3.76300201807027
NA,NA,2.35042590970825,4.50109317198096,2.89503834881447,4.50978353297156,2.88613405580114,3.7700571320685
1.91292240461924,6.33820838498911,2.29841005770214,3.78348797646149,3.01283557010601,4.93186364003056,2.94176451770025,3.95740125059261
2.09665738156077,5.10521013113739,2.46614845605807,5.10185817161216,2.88350984810674,4.28380089023203,2.74264584113661,3.51269626388241
0.813886518231645,11.0913943979523,2.6976996631392,4.95031430118287,2.74242450040269,4.02807776192126,3.05171826317707,4.13568852634914
1.61133766145784,8.15261553166636,2.33957570897409,3.94448634814372,2.77761127570798,4.24328096419046,2.81203882948873,3.65821268007765
2.32683264177866,6.40968041190178,2.34391087244235,4.29027533390621,2.5518037295563,3.75116628691114,2.88298632074667,3.69750733528037
2.12791678733104,4.66806846354805,2.50918826104907,4.77885182888714,2.82384856858598,4.28872139872864,2.74155095052651,3.53334165236855
2.02576761697285,3.76553911195683,2.71546879912252,5.9228177352431,2.82519692658419,4.39249520313123,3.22740302802629,4.36162851352142
2.03104367183678,4.31667047879461,2.7798172758611,6.20011276919316,3.16918674611598,5.26530312752065,2.75685087011358,3.57708201710182
2.32263942390309,4.95722106198123,NA,NA,2.6813158559825,3.97804185462986,2.67197835425491,3.42545370578816
2.06259547994472,4.03208210910825,2.29000980645274,3.75824000316732,2.71899185053893,3.9469174963108,2.81826479877013,3.70739009973055
2.22060003100506,5.40490951267259,2.20081372398461,3.47613205884327,2.44992500736783,3.50999589239035,2.87485665825865,3.76003728980555
NA,NA,2.42983957638995,4.23180448680282,2.91050636995461,4.59437332149584,2.94722358444747,3.9170836185067
1.75203805381975,3.62653573189031,2.63512217903987,4.75104762381412,2.82251514423575,4.26593413221206,2.80230748815269,3.63240754517849
2.14619952505403,4.54035235675321,2.71937108152804,4.78601860409884,3.04834585664025,5.16905758630467,2.97884936137505,3.96490292872961
2.06622648639443,4.61547567799212,2.17099085649714,3.32794894039042,2.91390782170381,4.68341024845918,2.98454985268353,4.01112908817402
2.06186002681888,4.53372581590271,2.61667478851898,4.28730052785444,2.56141362142449,3.74408630045501,3.41725097531234,5.07776347774687
2.13390848987566,4.13791821959915,NA,NA,2.35044956455687,3.17734026359645,2.96757629717875,3.84197277786258
1.97396328424722,4.99377555758143,NA,NA,2.62142436249908,3.70981352165504,2.76102407451941,3.49914440772441
1.91306071781115,4.5978836070085,NA,NA,2.9439050770583,4.65534014705413,3.10014266940551,4.22359177253242
0.31073633183289,13.4488741518293,2.75665107767623,5.20996044198342,2.80717402822756,4.4196443105438,3.32099568087946,4.59704416926405
2.14625243873369,7.39568200569829,2.39776488482705,4.32794269965308,2.77018166329306,4.04581772284672,3.07571917435707,4.19513675912505
2.04092470141834,6.03225747307012,2.31251141462818,3.48693220137461,2.6035393093095,3.74644514219419,2.77434519327756,3.54975971364554
1.92503385460326,4.62820212481755,2.76180895148538,6.54857601325955,2.42426884770548,3.34745215833031,3.05859102612119,4.17037037966485
2.05871998185244,4.05362171148809,2.58439003802885,5.23342319907094,2.59178643771132,3.66253920202624,2.72554528373618,3.44976886137423
1.74234137994635,6.81849050835337,2.63535612525788,4.70192584788677,2.73834918358593,4.09942724540561,2.70001212756417,3.45541314279379
2.20284065480436,5.15026245123909,3.0791007990729,6.25597689829145,2.70465855212142,3.98342913012018,2.9242802109253,3.87417620773508
2.12696033053247,3.78167324468384,2.38199664115681,4.47522298304692,2.8224522686826,4.33174010606359,2.85684282944859,3.69137481012803
2.11351290317638,6.59361812522459,2.25259410035336,3.63010671274895,2.73102898648282,4.05269254083366,2.91123163442618,3.84936480768392
1.95364819139892,4.18867150191307,2.39146790857168,4.63180198647024,2.53352974092384,3.5671403422228,2.85616926627908,3.74405713183215
2.0140761433878,6.74611277311196,2.16507046194585,3.39804518310806,2.55088621297788,3.8028250433558,3.01692220169474,3.99687521028318
1.98946163817284,3.69699214842934,2.78186965000627,6.07277762575213,2.9764875504286,4.56162799065565,2.85586584875594,3.74280802683265
-1.96045761909695,18.5952792475095,2.5384137641669,4.76124882350395,2.53921572078183,3.69787386608086,2.81400371392648,3.61892875741055
2.03541652286549,6.19582533994081,2.64882273918468,6.86520701937223,2.70889123611639,3.83885634905804,2.69771364481141,3.48279248309882
1.98151473058009,5.58345020319978,2.46156576025228,4.23194596900609,2.90964557734961,4.42297242171124,2.87245636966747,3.7718840973583
NA,NA,2.28867376744383,3.54559242345997,2.57201852157044,3.85514579140989,2.79982139005913,3.57329698714556
1.97121611985887,3.46386654268406,2.80325929386536,6.91481730896083,2.59310676408519,3.78999716271464,3.46737674110083,4.99243253530915
2.01609250974096,3.74427508588404,2.18719489606288,3.39878921053066,2.6788135419454,3.81007215792239,2.98536570050767,3.98831640154492
2.10029083168288,4.61242333074771,2.54216512211115,5.70689896839251,3.19608727510731,5.60257259053805,2.91855167259579,3.85112018002492
1.93687633042868,4.34073144796363,2.23344721380288,3.75532441282643,NA,NA,2.75887946245545,3.54215487549268
NA,NA,2.56070675587414,4.54470083792048,3.11272717734677,5.3465339243015,2.87558357803996,3.71568572877935
2.00156127859414,5.69140766588759,2.22790333900809,3.6607526075968,2.70512182974723,3.8367099566251,2.77834021401493,3.59284662221767
2.2367786556309,7.20361357826856,2.17399752596497,3.26764866716189,2.57648837838364,3.72151747485384,2.83048546158202,3.70170426324275
2.14569654708068,5.31142059459835,2.27716105293072,3.91248249272997,2.91018313777712,4.42484513744597,3.03362578941741,3.99784688444892
1.88312464416883,3.5707118893948,2.55522260736386,4.79944831764709,2.87235993723452,4.42815394590822,2.77585115372612,3.56341329972417
2.02699155018535,3.9960411479656,2.17833417271154,3.5050267621162,2.91329284297953,4.52979299563814,2.9305485556874,3.84019899988976
0.656363414279244,12.5470954480476,2.49374370500457,4.32395278112743,3.10459498316364,5.54195493505356,2.89795404072945,3.74362437028663
1.96807989966083,3.79332632428726,2.45627336929065,4.55817419973821,2.74496110107281,4.05293235352607,2.95988088485225,3.93735415730969
2.34960182313607,6.47529785306874,2.486166626173,4.24411272439009,2.5604199847197,3.73890912811264,3.0186721218174,4.05764398699377
2.11032575554549,5.09475432950777,2.75452844132474,5.98933111188748,2.52911473225326,3.58293931905286,3.06571564287025,4.11558771497696
1.8106800708593,3.95059472304573,2.22594282212049,4.29063797598477,2.70479264790625,3.88502000735568,2.75796566909171,3.60169875800162
2.00734569611961,4.31151005135563,2.3516863242593,4.00599840466588,2.7247376275554,3.98712975577002,3.08448184061927,4.13165442517205
2.21050087485072,5.89801140631288,2.64454357902358,5.19309648008586,3.07716026193086,4.92671492042036,2.76724717553635,3.59184259796483
2.09948183365547,4.90136287864755,2.44880083522562,5.69131039452017,2.56846953833553,3.67778177386823,2.82761040179119,3.63956745400161
1.07575465103688,9.97659232173036,2.76853092132872,5.51337885833339,2.75316433713046,4.1928761706549,2.88456303918115,3.7626215765299
2.02093681817114,5.45025665613579,2.32840087212808,4.10867904158514,2.79782720163095,4.2122424428286,2.81917068349344,3.70131348368614
2.17945182016171,5.24163974230175,2.52227354401441,4.39673087435865,2.8326570819501,4.2859531211416,2.74363208670355,3.50343457987107
2.32057635234449,5.76748570589235,2.61664972274273,4.99862031598523,2.83636273534214,4.43472703218683,2.97228502528875,3.89825507021079
2.0642857925036,4.12177525697183,2.67731405784043,4.77992339508062,3.18027078847265,5.57199265643495,3.12800400553083,4.28934225338856
1.68178175218723,6.44057844166644,2.54578294042886,4.24062642568059,2.64109707575477,3.91058926330285,2.91848576098607,3.93591376086304
1.8301693637537,3.22026661070186,2.49240198109363,4.96856671645516,2.78374834051253,4.16055644235925,2.92364432684898,3.92725196923965
0.510353946389606,11.6661830773687,2.53667514031906,4.78789802885838,2.68275626731945,3.90553000934523,2.95608530777241,3.87299228234159
1.76082831903508,6.74559824991713,2.40268501254154,4.04081100126171,2.42482424609251,3.38794055363349,3.11510985592091,4.21658563092355
NA,NA,2.30371115172127,3.82422358176757,2.40157355017731,3.35440569905241,2.9710984041382,3.9753844395362
1.94814312855535,4.80047969258793,2.5980691546224,4.65011226839099,2.65479316081651,3.81330401545749,3.06798391927742,4.1722137693595
1.98204264139354,4.21945760089729,2.56684347532832,5.06461091440008,3.00766095511565,5.12782301026371,3.1721564749494,4.37999919907112
2.08417034627693,4.06630246322522,2.52528388686443,4.49719870864234,2.74369094560088,4.09351310897596,3.19853032569219,4.49042905586772
2.26344989331758,4.75694005915533,2.47223837582368,4.45622449783954,2.49690906704398,3.54124643585983,3.01394783553248,4.07924496287037
2.22788393227161,5.00525085870075,2.3982230065595,4.02370723261312,2.5885802817631,3.63836709352289,2.77518839280629,3.53056795704039
1.95586329603006,3.72738857884492,2.49543030729701,4.46009182468264,2.46901789036066,3.47519171693789,2.69902788639564,3.41265458701321
1.56438162346874,8.19241138371783,2.54010339627927,4.35423172913381,2.48123595560162,3.46660110086448,3.0231023146614,4.0829799405012
1.87487570743563,6.22304136871679,2.21064904598256,3.45897348142009,3.09333033071264,5.26994467926226,2.85327525178399,3.75785595401606
2.20339091546859,4.40211436022302,2.67083585893436,5.21118384080753,2.48887324902507,3.49886809440371,3.01351893995869,3.96681560066265
NA,NA,2.6376973042306,7.9010468387914,2.75442160653412,3.97799661377946,2.800035275907,3.64711377651632
2.1780014234915,4.75111566774225,2.28990918894922,3.95126142524325,NA,NA,2.9742798073498,4.00819329166148
1.67189459832661,7.99822527535194,2.87290163575719,6.51948587150759,2.77618462391399,4.32753510838815,2.98782211530235,4.02663452956034
2.37480589502576,6.88314784989333,2.46292824121066,4.04416892195018,2.85044407056689,4.13097289139,2.81955644219066,3.67977065192816
2.05182209218941,4.06478941048266,2.48928828501765,4.16575679750424,2.53392005518542,3.58756803027828,2.65058267410644,3.42066202793303
2.09400689705265,4.6567943251501,2.23241661447061,3.496040241218,2.69537504363599,4.00542334016278,2.78595434606683,3.60505310163908
2.17559552020722,6.18998643084746,2.47424472276748,4.14448410660862,2.56310599181697,3.60251816963549,2.61007140875325,3.31790022907414
1.93634938178084,4.3237900013203,2.53703530945737,4.29651917294228,2.96037596723248,4.70400060115679,3.09352040684823,4.13286088663588
1.84463072486526,4.19756015453961,2.28276463618078,3.74384903084676,2.85161322796691,4.46220583513524,2.81505142623248,3.65268437543571
NA,NA,NA,NA,3.03302794250182,5.27920230685384,2.86228015439256,3.77429805607173
1.92941105651449,4.56082352503536,2.63017497954575,4.91209680311933,2.8267126569625,4.26853217558448,2.83975382775573,3.66018696810857
2.28429912141515,5.13903231990517,2.71822236512364,6.40094129169385,2.79232816660139,4.4246096487237,3.29277229741989,4.65537704500826
2.01060555349111,4.17158129071599,2.62184955477949,4.84862584053243,2.84959305955595,4.45211367963277,2.68197523509337,3.40966110636386
1.95247639132144,5.71696527666582,2.93620319267632,6.68617178032076,2.52824822186504,3.50873210219423,2.98130408743133,3.93808222915941
2.02194507171405,5.63441821970682,2.36174815042926,3.94278396665055,2.80412836447761,4.23479256739641,3.35493538611004,4.96679763360562
2.18296809626066,4.30938692477625,2.76423570586615,6.8868607593105,2.5785294954473,3.66776074485372,3.04679775385654,4.16416161648021
2.05913660977153,6.19386150156443,2.47490389726913,4.23617727702289,2.56138033194748,3.82257607927774,2.99160930797799,3.969936956229
2.06445650250323,4.52431978750957,2.6130601802937,5.26356656413427,2.69769674410507,3.93999063619174,2.97930420186355,3.98076124654715
2.02556385724575,4.43244524890035,2.7191662068684,4.98349838886567,2.82331106248765,4.21873854486866,3.18550984398836,4.41892620504288
1.9069406737128,7.54031322023057,2.51255135609562,4.28844244063102,2.87114225988213,4.41164424447325,2.98091269277632,3.93251992298663
1.34439807038882,9.29406426561318,2.5857176798917,4.56364823971364,2.83687110256615,4.2735738913742,3.01034832554508,3.99701503085085
1.8570651010163,5.70025549738857,2.44903901246005,4.3593786775226,2.69105460975928,4.04358680786231,3.14123359592503,4.33714053585549
2.10403945289035,4.70572955375214,2.40629866504835,4.4199837195125,2.92885356160815,4.60045200027292,3.0039808107086,4.06391706687938
2.0576944049932,3.8130443617376,NA,NA,2.72999943542631,4.05251951591956,2.96732548513077,3.93246826519889
2.06301328485227,6.56865819432061,2.645575451765,5.09880966224711,2.74882601942246,4.16773693307215,2.78758927181605,3.59937499350201
1.88555645874298,3.6815886023513,2.47905986452108,4.54031997065032,2.65206158334018,3.96615476674844,2.96962229217843,3.93702185316939
NA,NA,2.54155501207835,4.12163691814686,2.62362440230075,3.76320991867544,2.73676230805042,3.475139549472
2.24768848163049,5.1010394572146,2.49602056971316,4.4826222193327,3.01655051605594,4.93056576823984,2.93980592815577,3.9414521931747
2.06856534802561,4.49302170480987,2.48707432414463,4.51697886462283,3.17856101356734,5.48661077315992,3.03263355317709,4.10296725110378
1.95416102860787,4.64026868135858,NA,NA,2.72766891920274,4.03012397190298,2.72390892177917,3.51060808008616
1.95570520713958,6.81611782597598,2.44648961315303,4.21450691248642,2.64254247755358,3.85757908649021,2.93380308276562,3.9235022640509
1.64220200484428,10.122824094755,2.51794113263485,5.40202677936624,2.98275726686052,4.78801272734236,2.84569775641344,3.71327070236239
2.0297979873926,5.00587838933955,2.44808541158464,4.02542119150898,2.6189323032881,3.86724612428673,3.00384623357464,4.0681001129502
2.0146972203701,4.89249865460685,2.48693634521738,4.95595836787753,2.98632051610389,4.72152673801162,2.98393702954341,3.96127674071129
1.93515085246743,3.44653816926657,2.44725881297859,5.46773041396558,2.72108414399948,3.99179811033598,2.71482132765512,3.47476444860718
2.17422183411024,4.36824332096323,2.62266627335243,5.2737895523942,2.71664768759463,4.03538496116335,2.70516748166673,3.47044281307644
NA,NA,2.43377463928426,4.11712436383957,2.65743384946677,3.79768264531626,2.91787706973603,3.79942974984993
2.20215526722287,5.17207411226639,2.31838656493362,4.14140467962985,3.0983246259758,5.03450403700933,3.05373597743898,4.16573378522329
1.69869864534987,9.119149150586,2.65193692430728,6.64953348081213,2.77026380782225,4.2598478580966,2.70860876558154,3.4923720001084
2.14792386332476,6.52762273924551,2.45401092498167,4.03682792539148,2.55528854747592,3.7231247620434,2.76041000362668,3.53470708755444
NA,NA,2.32009215167436,3.71214530720568,3.29200963738674,6.06704981217451,2.802155120619,3.68519656273752
1.98330479939846,5.05762706447097,2.37437851853763,4.09533726195787,2.94294236046946,4.43281229360928,2.92018775202253,3.82055181864836
1.95311887618912,5.04570571577095,2.43092821327748,4.58423244964131,2.78523403873232,3.99320905400635,3.08387000673858,4.15749884386238
1.92412317678939,3.38651270610866,2.59568132085524,5.51589987818035,2.83411134458007,4.43698629986521,2.8419093855804,3.71947142473091
2.08091907025799,4.26413241751258,2.33151205816574,4.16698186720406,2.63272859384033,3.94048876638588,3.0796938479746,4.18795282350673
1.93976266581092,3.44370447471153,2.61111412665286,5.13704427421089,2.85974378588816,4.496583839323,2.92322420780609,3.86346295783086
2.10984046650865,4.50035156238492,2.35960713116738,3.73636689541048,2.82623306962437,4.41665860898026,2.90403313688781,3.80847604900708
2.1600204030336,6.83206549284264,2.54130181224013,4.66507838525206,2.84555298258081,4.29189746268993,3.2226316239927,4.38147224381783
2.09720367710611,5.11674589551469,NA,NA,2.6554178092482,4.15706722325388,2.94651633279522,3.91083904487101
NA,NA,2.27369492959479,3.74882365255521,2.62050553158342,3.82040283605439,3.16241385515873,4.29537021953904
1.89845166652268,7.02169484442694,2.10258341585122,3.07051725263185,2.90256918965854,4.41853277352909,3.41925258602727,4.90168852799371
2.11378317087944,4.4738042990995,2.50106898681824,4.51180483678456,2.45282806682443,3.39248938344058,2.92082782965483,3.832512762074
2.05397526751339,4.47248101429767,2.41407775693208,3.85713203565998,2.67760503798397,3.68816610645403,NA,NA
NA,NA,2.30146740033894,4.06572685789578,3.02279601934289,5.11738542467852,2.90912613649701,3.83795282834189
2.23399653012321,4.4280368704912,2.60015254795374,5.48849818484073,2.9721985207838,4.729152317322,2.87575587481187,3.73576858958763
2.06150386474032,5.06527613509792,2.64788978157886,5.39376993727197,2.75553874282305,4.08552306427609,3.15922794863515,4.29493371154031
2.24989954687306,4.45876778221207,2.31667755495275,3.84623363432522,2.5386092964558,3.58811007467623,2.74063255821991,3.55721500769267
NA,NA,2.43597290410479,4.03089668493887,3.37291236015774,6.41589397647769,2.83700782882573,3.77521623723568
2.21395299578447,5.01887444935504,2.44581977315571,4.41684909092813,2.66664953699389,4.0142075409849,2.74160485473812,3.53696487195318
2.01697874472787,6.11341008700787,2.57446314888727,4.70648512961364,2.61243028034435,3.63629005137218,2.79630270709128,3.62560433918114
2.13067708403422,4.52437498126889,2.55382034876412,5.87677283568271,2.83104511120234,4.42916584511265,2.84810372527828,3.71237536597877
2.09331324124404,6.57721295242762,2.27620018804718,4.29974982486471,2.86710122669681,4.30032799226437,3.11167409640283,4.20306854193254
2.13352792987157,6.23817592893425,2.64703433521404,5.84229093769422,2.62423627521244,3.7297100354568,2.85011239961696,3.69986075423667
1.86926723007661,6.55700713338991,2.20522715476705,3.58928002139078,2.62531473192231,3.86091669883937,2.71355244591469,3.44577892246957
2.09926022206699,4.80081604662801,2.3438045228458,4.04654597366706,2.57525629606879,3.80903754908293,3.50544169195672,5.05811837645891
1.98865099806161,3.80899613730138,2.48068066997977,4.35788884053248,2.78594214816748,4.36920744514527,2.97190021100491,3.92239687696057
2.05309465583569,4.15526991626467,2.76345519970419,5.49999295051797,2.71817155600191,4.20160059866081,3.00892120416569,4.0768786812098
2.05827491755274,5.67727204713953,2.27185324006077,3.52700060955867,2.41573309460601,3.34099533068833,2.88028700957788,3.7421801738142
1.58863409972459,10.0252882051572,2.8775368423533,6.97249795268052,2.60491364542251,3.71429288035753,2.96066654137294,4.00121603403662
2.2836766116247,6.46148950752284,2.56135380297122,4.60326662261677,2.32346538381562,3.38629186014885,3.11404822678796,4.27676216438164
1.81482304586326,6.63350953166962,2.26397145785522,3.74929884002488,2.88110607443694,4.37475297440715,2.62430874217636,3.30283285661226
1.70278831176602,2.8990725862824,2.33528858866894,4.00683539200018,2.6234799242148,3.90997240483525,3.02117907834188,4.0524657399614
-3.54862075846999,23.5999873520608,2.55969769110915,4.35703819906916,2.75080504395965,4.18309295918841,2.66947984606647,3.40161835265353
2.01341759191048,3.96621565241236,2.41479099136967,4.15852531334183,2.7645613540229,3.96399197685582,2.92508796760102,3.83664868124044
1.69457098550489,8.44323062628456,2.33314105134455,3.69718086546102,3.02333274893598,4.7081143496836,3.01009651510762,4.03392292165408
2.00440606396771,5.35686934794166,2.58784773954378,4.69085097137489,2.66715837147558,3.89515800299524,3.01003219713473,4.02830486307288
2.00514948748697,6.44655182641482,2.55570538265804,4.88464111420882,2.60255536480101,3.80967490672745,2.95937113771961,3.96923631962411
1.99683296324466,4.21381673242851,2.35418960438154,4.29670453434596,3.09621266292347,4.92559071590254,3.09200121513892,4.22592925220062
2.00237928359186,5.28456777181322,2.52212390962817,4.40962252885812,2.55622169262463,3.80004349763305,2.89531292393063,3.76627158532115
2.10211928403615,4.8001986499216,2.22825210202949,3.96266228416743,2.98065497423107,4.66429758289817,2.85506136954292,3.74728258246827
1.99322967461301,3.61586468129873,2.51138690342333,4.16344971570852,NA,NA,2.72400588658433,3.4884061247697
2.13987408571488,4.69078730970468,2.5701766721301,4.96985728813405,2.56797385446624,3.65829668570082,2.83794695560732,3.67847881637339
1.2603417537042,10.7343743043393,2.5250866803937,4.38609181177295,2.60862635702735,3.6692031129831,2.75402789670373,3.50849787758265
NA,NA,2.23085813735324,3.44060590269069,2.65159058150238,3.91873439467542,3.00290348567554,4.0004959981234
1.75060671065409,4.12814826304983,2.17280622225393,3.38770641308518,2.91566430294907,4.81188486959811,2.71416058226851,3.50314945593933
2.0594072806077,4.61988207734509,2.63818487205956,8.08712301612464,2.54100843042867,3.58305518482207,3.1570751294273,4.37268652274122
1.87322167040484,3.63767720675175,2.45959896244721,4.35996448071813,3.10871433178048,5.74470124158389,2.81529121023861,3.72490352232532
2.22938301545772,5.55328295761644,NA,NA,2.90671507774958,4.46469644521597,3.12816650367158,4.27127447910705
2.25730875764193,4.70949374231729,2.47234913036455,4.26080661297991,3.12711647365871,5.286858169768,2.88390960376873,3.79926900363371
2.16602317632411,5.14644803526128,2.00991028712797,2.92370993601011,2.48597649058965,3.46571013462916,3.0952369129474,4.17083580900375
2.13707777368076,5.09590652531183,NA,NA,2.69240119014392,3.93778778741974,3.13331630235321,4.20899293653047
1.90504092884656,4.10324814266933,2.64532247194815,4.47551219345395,2.79320829632158,4.05975106832224,2.83106461943851,3.69558481595984
2.01110228906695,4.4397607295577,2.79111533377179,6.65627405803387,2.71255303275502,4.06579695696339,2.9136984959931,3.80090076493786
1.95834891970014,5.72005206552038,2.69910371887086,5.0796091517172,2.67862136212561,3.91541771384181,3.07487994540225,4.16042725887752
1.98579842477269,5.09839184620008,2.46366452225724,4.69168562839447,2.75858041434185,4.07160567845747,3.14683214445252,4.29229336260379
1.88696217571201,3.33809927850138,2.30513479202673,4.28993762278775,2.80549022608687,4.3436645636837,2.82310402039166,3.62821314099858
2.01427420315773,5.01522136492632,NA,NA,2.82722890892317,4.18152223700338,3.01792249840927,4.04194020823161
NA,NA,2.70401443193499,5.07029095840862,2.52377201492195,3.65407648342773,3.0446909750195,4.15135601577659
2.04132222216648,5.54156421981951,2.38046431387636,4.23371804977509,2.88839934044374,4.40317761649446,2.96193024842565,3.98631601342435
1.92545369184338,8.46175270967848,2.52785411010103,4.57654342546838,2.99818666599466,4.66622953246945,2.7399307459083,3.48054672471872
1.94972769046345,3.63693416198486,2.70741301758693,6.44364914481459,2.52073092520855,3.59239613680887,2.91491631765077,3.7849949112317
2.16127770766318,4.39557874003368,2.52944161243553,5.17799855485105,2.90768127307651,4.55849803154204,2.86608292365756,3.74296468507119
2.0792275778891,4.96095869806844,2.35811100002681,3.87898243288114,2.64129976576999,4.04720681479918,2.99956752468527,3.94731708638754
2.07673479253598,7.27399797598036,2.40664092649651,4.03887057124319,2.94398430393646,4.504901869857,3.07276778458912,4.22795521698929
2.04448743552913,4.36225028790612,2.51742842990464,4.75902667429913,2.66887186144637,3.91021809434964,2.8414736154588,3.69800157713802
1.90197570093273,3.49966866906173,NA,NA,2.70141115934529,3.96117129300072,2.79279026490462,3.60421667579817
1.71330860983801,2.77439427209041,2.50215970590149,4.60278675201204,2.52372914015586,3.6235079595504,2.8610423197814,3.75090562146031
2.03700725162609,5.09003118701828,2.66743996917471,4.96169358002954,2.55792456893738,3.53261581079412,2.85095547652386,3.6705673524411
2.23275885497741,4.91983534904417,2.63749753095213,5.42549927166998,2.87257071117748,4.36538442661765,3.0957275505009,4.23516290401678
1.98217270370359,5.26965925896164,2.38398931680132,4.29204582312764,2.73177742666149,4.10515808573965,2.88953673655922,3.81234559759244
2.18787099633455,9.89694660801378,2.42408436612588,4.42931962909986,2.53018856472405,3.68047320639258,2.95116694317884,3.90269704438717
2.12932141067163,4.33938979464567,2.3294910006902,3.84384218008671,2.6014787361588,3.66357762545788,3.04239879777581,4.13950950556562
2.12905933865514,6.35384496362505,2.48759290914472,4.47291535758075,2.64417080840163,3.76190442908514,3.07850595001298,4.12372993385814
NA,NA,2.2367046784095,3.75455630789748,3.02994779529564,4.94393203982311,3.29000265329827,4.65281003860965
2.08492784194367,5.74916766420084,2.50096798865093,4.18631396645854,2.79805275144237,4.3806448826123,2.66037067549277,3.40233751472883
2.03230066135852,5.73398471590734,2.60324220192694,6.19184415936117,3.0669345168667,4.8323623977498,2.84568423850573,3.66597864869617
NA,NA,2.11898485742163,3.2708047505501,2.58235988439042,3.57929575497665,3.07474547428919,4.16106655960374
2.03443795176748,4.20122216277485,2.35252453910951,3.76113521728377,2.96936492152579,4.58156002670511,3.01303812667782,4.03750015089497
1.99722530122775,3.68002309160791,2.47991301932238,4.97530977667375,2.60766307087979,3.88346347302832,2.80910724078925,3.68219037481854
1.84351696487438,3.15838156268593,2.45864747153122,4.64109240626271,3.12831128471905,5.25110961162886,2.94181476827865,3.8972422073128
1.95425283090977,4.11223631096114,2.50778026423849,4.35225373250181,2.81411790728459,4.48020338278052,2.76239550873506,3.66174752673996
1.86992752973653,4.77748863603855,2.41098647915466,4.70558701074018,2.59265905601634,3.76508324498536,3.00821081535607,4.0182489831116
2.0624353051515,5.32055019457364,2.51146852284271,4.93915247897854,2.77619020032543,3.99971502254242,2.77241950888511,3.6302628199817
2.13267015705675,5.1780130025714,2.42091987093025,4.63033953977779,2.58646185169225,3.8150978389713,2.63724617568219,3.32808191285058
1.91615487619982,4.00453696842808,2.10950991821194,3.30430013064648,2.61527070620869,3.66606130927907,3.28905318298908,4.60096049992663
2.09528242050131,4.3658384445792,2.49160051967951,4.06886153377005,NA,NA,2.85620011206093,3.69943620049264
2.02614205349384,6.37238177875035,2.67885649860442,6.20397157979848,3.11470381799867,5.20291700821673,3.22143206925471,4.37970800231994
2.0890398228191,4.79735232729642,2.74522684967081,5.45421536223183,NA,NA,3.17965904369276,4.38486479004873
2.18050912822498,4.75179011508948,2.60825710004732,4.79856362949841,2.64847982812651,3.95132718720606,2.85872951912983,3.69722739336844
2.25290402316047,4.77690141571155,2.65492910961484,6.55306333378265,2.60921701976803,3.89286047133623,2.80019678959339,3.63958037727563
2.0872960342986,8.67978553794016,2.61154210520642,6.15685408553511,2.63278730175687,3.7362071086146,2.7438359160638,3.53995637892377
NA,NA,NA,NA,2.57517138867421,3.66833744602208,2.99770725232214,4.12995278387933
2.05700742539935,4.60564757629619,2.42148643835618,4.13335041266176,2.49895178656722,3.60458477877091,2.92779987380508,3.81434116203888
1.88385493263043,3.3769124403636,2.55764986909683,4.73218307884513,3.07162296263501,4.92476783629544,2.92967302909254,3.81646297527293
2.19255721777357,5.36804858748317,2.30702572541294,3.67554726186201,2.47305323184225,3.45108663926346,2.84932666164781,3.71791735586488
2.05434264079415,4.16419524788208,2.54247955909574,4.26904438439614,3.17675874084265,5.40884067460561,2.94813345726526,3.91638476721859
1.85043022507859,3.59324779374157,2.45996984456519,4.60499085049457,2.64507517382768,3.91824035206853,2.84301090687662,3.7041856377893
2.14902303844255,4.78424421153803,2.4077435812371,5.41141726356827,2.95880149851326,4.62589030143529,3.26461674669887,4.45655969312292
1.9224266028069,6.06728030740796,2.68933876723374,4.74353395843116,3.17803107464671,5.51009939128362,2.59083685414076,3.25522071372361
2.05445609856319,5.56472847024139,2.56777391487953,4.84242895127709,2.99172866897796,4.6869351962452,3.06138862178962,4.15351434705723
NA,NA,2.46993854727342,4.34612085199343,2.7259083223387,4.04557062972807,2.882159216529,3.76630510863555
1.84977926880136,3.73983990375809,2.2593879431628,3.72881945908913,2.82942216024951,4.37349960073727,2.99869840200419,3.88737969215368
1.87783216610275,7.85822531213391,2.63252305133859,4.73238957760838,2.41463316893508,3.28373430305095,2.9533339785383,3.95318381053555
2.05830767905202,4.88365096075325,2.45866032252018,4.17972751847449,2.68549764767932,3.95782352221305,3.07669664802131,4.11490447885978
2.01926149695916,5.71204947441517,2.78773445185934,7.59152691474544,2.96763042699245,4.79026319097468,2.98168532123797,4.00133831296569
2.1109335906013,4.50988559328595,2.54451524422382,4.87161384289077,2.80789443894805,4.17707823916789,2.98576657290954,3.97317200130369
1.9050908620389,3.94313515925899,2.51101490710429,5.02500931619776,3.01330949923552,4.95748722216954,2.97270541362162,3.91412182319118
1.95372883563037,5.2443396456887,2.44382604343448,3.98312151967689,2.64460091005706,3.78903043947537,2.79065535803442,3.61210680694755
1.85102926327596,4.72091375056845,2.67917085505402,9.09784760151005,2.61869504316031,3.96471330486563,3.03600583075154,4.02560497237878
1.9094127945701,3.74580961039875,2.48676204059824,4.47196637954955,2.66328266206124,3.92182212748662,2.88100958751291,3.72902662662578
1.91885969918623,4.32193558059687,2.54782668335179,4.84244672420916,2.7115953374172,3.94121663164395,2.7003163424104,3.45292797644107
2.06932954077484,3.99028598062296,2.46231673333301,4.57760559299493,2.67242643399006,4.05715527156746,2.99444184996144,4.03847084873391
1.9287063202426,4.41825863115611,2.55057853765965,4.62016233165041,2.72760196976891,4.043458449555,2.69932562488954,3.42527344667828
2.04463736407932,4.19266093151116,2.34693798291656,3.72174501042646,2.80349929712426,4.18786853989151,2.94667597829338,3.86786161276253
2.11056784248112,5.97066251533309,2.48465969832984,4.41814781759105,2.76567913175755,4.11413949670733,2.74373973695436,3.52164427584426
2.02945621036038,3.85707487757965,NA,NA,2.98347632386978,5.01423521456843,3.08157489062125,4.20151862359445
1.99934988866407,5.24195763087759,2.5241532576211,5.16975503595528,2.79604376183852,4.28253608832496,2.65804594329192,3.39736808374147
2.14326608924887,5.41871779682628,2.36206019221085,4.13428559918455,3.25838297176893,5.71588439841497,2.63853251617754,3.36153300288962
1.99381878242852,5.39011174155619,2.1827606614357,3.49876494165016,2.74325624215442,4.02128264142844,2.94707038601362,3.9725731304734
NA,NA,2.38814012591502,3.7113906657303,2.76942350556448,4.02876844079247,2.85450431211915,3.79918276384909
1.99509454676484,5.10315325133009,2.27648326873727,3.80187868599872,2.64035050467067,3.80048118307465,3.24586465226402,4.39571299498096
1.85461212633101,5.94441673127171,2.62672368455646,4.8745196474121,2.80520185101771,4.22648571847644,2.81522715275299,3.64580169506278
2.11203131596652,5.91207193979054,2.31304373177907,9.33340244855756,2.71178800237421,4.12781315653881,2.85111217693492,3.75767399010869
0.723368614054188,13.8258736049809,2.64703050013588,5.44796989623038,2.71934801265886,4.07414119647691,3.00778112419476,4.0221346081955
2.06706518185244,4.79975444211667,2.34932319962595,3.72029991727672,2.48198161575047,3.5246945360632,2.75456897110562,3.52810296940919
1.93534480756015,3.98462496446251,2.44263195644026,4.46084984693885,2.88329853966782,4.39930269651295,3.00133656586212,4.01069552272716
2.00918968894198,7.29077203166188,2.33752188443025,3.95406995270064,2.61202713445928,3.73372063229853,2.94753123238925,3.95304032519103
NA,NA,2.35426341341004,3.78958898628747,2.58760937682763,3.68176484752573,3.21380661076904,4.40727169999681
2.09142786405024,6.54496888384466,2.55564504857818,5.59973574687868,2.73141860047653,4.16666304444152,2.87416167854363,3.73346520528615
1.88664207832462,3.69321247717624,2.21178340500248,3.74059103932584,2.6667954697413,3.93398892158067,2.9763481443995,3.98636920779453
2.03286690227954,6.17680601145678,2.26908360894841,3.61502668167226,2.68982372738766,3.865691561561,2.70661856730897,3.46348675372941
0.32468651220186,13.7359896832274,2.71359591176229,5.7135998173419,2.93720475018569,4.78801597116357,2.9317584710536,3.93953880862589
NA,NA,2.34440962349175,3.83424277924697,2.90312502159571,4.59954530234977,3.03703766977579,4.06299040736454
2.0293515096734,5.49257480367624,2.22622700090947,3.78168811244448,2.54967219196004,3.68622108536541,2.85664741132284,3.72582598281676
2.09560575617515,3.98398999347203,2.20596617943918,3.49976238706192,3.02524960462138,5.10095959465433,2.86550510975193,3.74344362189989
2.04818241906896,4.0419469991932,2.57188630231783,4.7721619386146,2.66590558904364,3.89309080021625,3.09683717543047,4.20612951043038
2.11677879801999,4.4798551792174,2.63973018611505,4.85705543188725,2.72153035295132,3.93798042405417,2.82907058000281,3.65744216681749
2.05376457637919,5.58661511501633,2.48603187694003,4.69094950936456,2.54593825131799,3.59863161481394,2.8264144003402,3.65689405103129
1.97986886802979,3.59619729112877,2.42081864763945,4.2169652871142,2.6489530433746,3.81943715645247,2.90375968543611,3.81315820379064
1.71524940520585,2.90350066070863,2.64037983625575,4.63745273543751,2.68912872587827,3.89836339900113,2.85643354388736,3.73664240030631
1.98100009743764,3.85543940940101,2.6995554522979,5.09600239903281,2.81557162511398,4.15952670919484,3.00534289073943,4.07083770220035
2.00046032466323,4.97789030551018,2.50934527883857,4.44753041137608,2.83799323418836,4.3416509429232,3.12036571872017,4.17786098732131
2.22754279452595,5.18848112105119,2.59923527836943,4.7358293682289,2.46822909225084,3.51161499739201,3.01346560654613,4.02990194817387
1.89999400480683,3.30308791967947,2.34381793193653,3.89693794257995,2.87438441744325,4.51320131100865,3.12058667715617,4.27033872223437
2.04390545335103,4.21444497823774,2.45752336082771,4.12250734611918,2.8814755330574,4.48094029021094,2.89974158015258,3.8335188685304
1.99800845851576,4.44194911442687,2.19293784888001,3.40746383008239,2.65746186616069,3.86610716675899,2.83599650038298,3.65122760083688
1.96294542825133,3.59946189319571,2.75354048180554,7.34980566408002,2.95332760777934,4.61627215080161,2.94394725417908,3.96451582175403
1.78909509692478,3.43116182340081,2.67645219977498,5.70879458597894,3.0698156231647,4.96756855476699,2.89125003520746,3.82794748398931
1.81302737403517,7.19565910340307,2.33225857543753,3.85220765303102,2.62246823124244,3.79818360320861,3.1155459792873,4.28267122392695
2.2924235414068,7.08678710847677,2.74876431748316,5.78295209213428,2.91184122783378,4.36612514061214,3.13457845330504,4.26801767689977
2.01539109663747,3.78557106219408,2.59869655251078,4.34927390844587,2.68716970994084,3.95221829777299,2.74543752368129,3.55943641459905
2.10081337453219,4.07914011709126,2.42679087082171,4.19426644727823,2.76505072305937,4.04266144097259,2.75724421061096,3.55599151015319
2.1165001395825,8.57313003475668,2.57403221550806,4.95835718587462,2.67067836509151,3.73088336988869,2.82698435758534,3.73857571576458
2.2354945273545,4.61863141673513,2.64526045785265,7.58145234213022,2.72180306293709,4.17378305167135,2.77420753982428,3.56722815903433
2.22999436773073,6.16504417405279,2.44154480540477,4.19338156939637,3.01572521558493,4.8607385041543,3.20747499881442,4.46202334794875
NA,NA,2.7839173029931,4.97414353415035,2.74456691175912,4.05685162505679,3.10084615665945,4.11272131977135
2.09664431621683,4.93106430076045,2.47102144278859,4.36372189737946,2.94540882888054,4.70887403238172,2.72843754316466,3.53798036154242
2.05808233618918,5.51972644605467,2.51430507045956,5.57595125543933,2.9931806857444,4.70867742276097,2.96422391745713,3.88758801231644
1.73836742551365,5.87842176631361,2.59492894491185,5.02685388834452,3.33774447771327,6.33210502079048,3.00636170721302,4.08057938528781
2.10683589809181,4.78335613533058,2.69380461375175,4.96692699548006,2.86406611603035,4.34734284653414,2.93296947341166,3.88574316011845
2.12241962405873,7.90766834828647,2.55203223006526,4.32776283757486,NA,NA,2.74161934531672,3.46976957195969
NA,NA,2.60744624820899,6.0657968754664,2.59347851132028,3.79518859374103,3.01004038050596,4.03391939882037
1.98350180305181,4.81214223606939,2.62741998591536,5.53878721146064,3.04636757234993,4.80889040352069,2.9605664426852,3.9761203799557
1.97424669897268,4.01018324827046,2.36958074133938,3.75500044969272,2.57406269559598,3.64870719910417,3.07386098820729,4.07669956679687
1.96172714464416,4.9860013166414,2.4043505820693,4.49270044890025,2.76641436795525,3.99631944742711,2.85179153346207,3.73419595573204
2.17737811120124,5.28910810270885,2.72497454076636,5.32277511452141,2.97564280272272,4.5015590299357,2.68708053829803,3.41851880773255
2.26857967707669,5.22120295265243,2.46020217042949,4.55296907419982,2.69164512122135,3.83042341368191,3.05308239351868,4.05395136282163
2.14027258837311,5.12721870000896,2.18715295865102,3.6445592225123,2.78499194523721,4.09054205376175,3.3382472943884,4.69032111313661
2.0330736133506,8.12945981486337,2.19066355530636,3.39097113685559,2.76586267401929,4.14241362567761,2.87705238544628,3.75877569484176
2.02101053989115,3.73667091282958,2.65071230165111,5.0468252293138,2.79819638612579,4.34575889352637,2.85408357771418,3.71129741334424
1.96947068002118,4.29185355789518,2.51576132942552,4.4833298071988,2.40660685910087,3.38970447429856,3.06494244662191,4.10800283804744
2.03852763481493,4.12467653166061,NA,NA,2.35392812069084,3.24297800725198,2.98065697412779,3.98998952595999
2.01037843909447,5.34377157362898,2.18045344394257,3.57060939250728,2.53336378518908,3.5790469750495,2.8923824627496,3.79775471851883
1.84703474391589,3.24576075569584,2.38880569268223,3.81779195732865,2.70515001908804,4.01268062122629,2.93169931630777,3.84330479339292
NA,NA,2.25842116257421,3.49511010567458,2.88221072229047,4.52625588040657,2.67349749564865,3.41497741131034
2.22327802467695,4.5990337691623,2.6174674259413,5.17379280484248,2.66320087707667,3.83026730322955,2.96400961540049,3.93460860017155
2.33751210493674,5.10365217686187,2.6310859513401,5.19990291714653,2.67718836376751,3.85634050919517,3.01567110786171,4.02543999531609
1.83211153547446,3.4779055319966,2.46050996998687,4.10499505116534,2.94734840200528,4.75248478492023,2.98399912579375,3.99048369279254
1.93317976631306,5.24394735154149,2.4422084901387,4.10043493140003,2.90687610858042,4.33090630726098,2.71043921269989,3.44971727747814
2.01496813751742,4.52266538747643,2.53048034472495,5.57916449197276,2.67982734571165,3.97179282497567,3.11919519549799,4.22419392934564
2.03494632026185,4.09261281628619,2.46115250163965,4.22749535631961,2.70644151568244,3.87855205071444,2.99405481744598,3.99210362555347
2.02054741426762,4.28140751743964,2.58771845881524,5.12375720258916,2.61344442679437,3.72872589890048,2.928639152691,3.81762169710028
1.94082311703297,4.12727070861442,2.50489225921309,4.24434157668082,2.42909679621365,3.32620938404816,3.01620884273936,4.00049728578312
1.98046891811064,3.96237382436294,2.2907429779282,4.02688731971354,3.13191910053523,5.23378150068305,2.67588166679492,3.41335648589035
1.97879581806908,6.5778061747293,2.44822822748951,4.32843864505824,2.59460394258583,3.81415472624905,3.13106448562685,4.36814302189252
2.19522700378932,6.20757602732688,2.76476880809808,5.01563780233317,2.79756102401376,4.31207103899552,3.12286257105226,4.25417695145206
2.06339664852238,6.34402310284569,NA,NA,2.69429795242428,3.94522040845042,3.08330850078542,4.18169565964237
2.05272804944978,4.41640268210886,2.26573071493706,3.68805330630604,2.95871316739707,4.73055960667592,3.00909217656988,3.98246405674674
1.97611549873796,6.61320128049796,2.89113621763663,5.73659807436512,2.62677364985229,3.77891233656455,2.93741608580662,3.93926500830693
1.73185324281296,8.42859197551225,2.62021375723232,7.02733520684597,2.40942005236395,3.36309331724395,2.80338265363288,3.60768419058813
1.80702940087166,4.67615022503578,2.37080926537037,3.96193645425232,2.72789313751748,4.21924243246523,3.00526268337286,4.02342808324057
1.82795365742287,3.21916656227902,2.50974031235123,4.66631362692052,3.05798486467358,4.89286243522812,3.02510063477192,4.0147397566221
1.88681778621638,3.54856326043675,2.58875067620728,4.47730075874765,3.11031348287206,4.94498489321095,2.96537516315082,3.93481433913652
1.70046228020433,8.72600394839691,2.501953947067,4.39687945443804,2.66935659312746,3.78014568389996,2.64017742511586,3.38508991147781
1.91107128412711,4.33151638589868,2.48381333056124,4.53934289501861,2.72380056520824,3.86378885259673,3.11538857620088,4.30691223341796
2.01129380010713,4.14634083727645,2.49539552943471,4.45855075666154,2.76729192054127,4.03991453609693,2.81448509335115,3.64507909814243
2.04226816691425,4.36754700347447,2.38248307033491,4.26653312209937,3.00029685194172,4.72462210886091,2.63003769104238,3.33371087072824
1.53966263768065,7.61832781917872,2.36232720967987,4.0482550787292,2.70461345553835,3.9090867965136,2.84214184797602,3.67381736124313
2.16828024326076,4.4382735729405,2.60388953529613,4.71770435033026,2.83609196997324,4.42754377181354,3.40049143332565,4.81895458158144
NA,NA,2.42781119110247,4.62499266042788,2.8407572727753,4.46405390368544,2.84783231127117,3.74042173802524
1.90102727941268,8.61776944549376,2.48192250741867,4.2701363373497,3.20206857881147,5.75335398383701,3.24569192557226,4.39966548101692
1.90437923105823,8.80785099057411,2.50888636924988,4.74727905489328,2.90703291554668,4.50957259140498,3.17482436084145,4.33426097760597
2.15484699933865,5.47898225216203,2.54334397498938,5.2655970503232,2.6919582353075,4.02806770234721,2.99773119167884,4.00972445459312
1.43409000904823,7.30005639468656,2.6612176766888,4.78622105590474,3.40258791444808,6.492923176287,2.98479702183697,3.98004098888193
2.07797665334294,4.63644707559281,2.80625060005861,7.86655148084768,2.53041623502987,3.63775357325714,2.87396133890579,3.80624676694146
1.57507839187828,9.74341109326627,2.57541074207733,4.80883416346908,3.00029830755904,4.7930060040798,2.56383159552132,3.22268167273607
2.35625324025224,5.39607093481782,2.67632725165045,5.42915258451283,2.63732784010378,3.83516391215624,3.12225245471404,4.21428802500187
2.05663806485459,5.77063667026022,2.38863173486835,4.43435283951729,3.01789013150788,4.95596118987451,2.81649540545644,3.67539795475581
1.86155377842687,3.44491245724056,NA,NA,2.67138482812069,3.86750599702953,2.94824755460459,3.85765037001746
1.86644236943121,4.65505643178776,2.42931297385554,4.28642386238018,2.69314046899548,3.95236987797712,2.97586723031791,3.95265006385455
2.0477868705656,4.46542627675499,2.60957731883386,4.49332085088212,2.77378277352753,4.20237394833167,2.97132454478575,3.95597178530435
2.10017296236141,6.9390898540748,2.1050946523482,3.26236755604512,2.74820473102708,4.0716586397417,2.96551306394661,4.01926275814817
2.02867999459568,6.6301461573277,2.30643424216906,4.03979609143708,2.88962868648536,4.384476461652,2.89507231568331,3.83435450171289
2.06868361114156,4.92505825230151,NA,NA,3.0388554452785,4.83690367605351,2.81621434148285,3.66851323548886
2.02491445920117,6.53859404343506,2.57679334228503,8.2584204131959,3.28188538163574,5.85163433524874,3.15114516925874,4.34374348436026
NA,NA,2.64150334846671,5.45736234286533,NA,NA,2.65000916814834,3.34206624713333
2.01479280635761,6.13827329887077,2.4019523257442,3.93522237499193,2.88013630412595,4.39798279243277,2.84217102518501,3.7576865575462
2.00482271111651,4.28110952113459,2.62014264764572,5.26335472574902,2.97103488258876,4.54610496790394,3.16357450636557,4.24291048714907
2.18689807304112,5.95357082255582,2.58866748845702,5.15400441076802,3.23448960004075,5.51245721739458,3.01521448928719,3.9762314958458
2.03199663801732,5.54366958450173,2.29382778096688,3.78124932280799,2.5868151973718,3.68264546760708,2.90839815286184,3.85365838210804
1.89971851145362,5.90648939956293,2.36568260594909,3.85463618542733,2.76097602616175,4.35739864088966,3.09110987141119,4.22208468339569
2.09334174723196,5.41573656954413,2.2419888433499,3.55915112323546,2.6087653622062,3.80721254305792,2.79535009950025,3.59675536365698
2.33934348565418,7.43061519008762,2.3844197203039,4.12181527975806,2.64611238486726,3.85955086745895,3.13811713639872,4.3029114941486
1.91557048976962,5.7737422768898,2.48260938193429,4.66586793964972,2.57873404099421,3.63166452982202,2.69335914150268,3.46707028857156
1.99751333587081,3.89637082677452,2.30252485726756,3.96288032630574,3.06291839566831,5.08083974414474,2.91767581546794,3.85580527097868
2.17344597378993,4.38125036149492,2.43852856886432,4.85089413215498,2.75910024455391,4.16921287826434,2.75041450920329,3.54397564007373
2.14625199912527,4.33794663087264,2.44396689082953,4.35433514776897,2.8170083840306,4.48506164345468,2.92618983082797,3.87373756706753
2.11667883996518,5.96363872332526,2.66760979804707,4.79649657739212,2.52713469376069,3.54164499567898,2.78020148676542,3.56158736201956
2.13772086514716,4.86102830669047,2.26645203341156,3.73577189034212,2.59774572814818,3.74196126805578,3.06437968025507,4.22188893119103
2.02222808258382,5.73276216195622,2.64196607835129,5.01185621702482,2.90672618422437,4.44391447774934,2.56931192830887,3.24527815907388
2.07973379201808,6.06602440883925,2.63421715903205,5.13115672213874,2.68221177476926,3.83399106925215,2.84389449266742,3.69269931868603
1.97818204509602,4.4587902523771,2.64160448855455,5.16925113551517,2.95148243305461,4.79765753392124,2.9495892998924,3.89297292977191
2.16682531066697,5.05044520726197,2.37711215712232,4.0868941626064,2.50276872717092,3.56445354632045,3.278090702773,4.52158136276941
1.93315680581768,4.15431641533995,2.40892737407868,3.95223815154656,3.25368633237382,5.49407701008556,3.157365632289,4.38803155351517
1.96891189989528,4.41294439196462,2.56285937386622,5.62499991292368,2.47908531671806,3.48141675514782,2.89209193580839,3.81054689869623
2.21145147880256,4.67450299176978,2.44371193591835,4.39378217662015,2.59583942540586,3.68045602947603,2.95115461238731,3.94630328042589
2.07434258298803,3.83475535454754,NA,NA,2.71089860054597,4.03362106558889,2.94121519522828,3.8770569164163
1.54934104514451,9.79696979713716,2.57665315600323,5.8924491299712,2.75369753751106,4.03790846850402,2.98235277321987,3.98567751992668
2.02305393755282,4.85533505506623,2.72351459689472,4.97994478542092,2.48846463300583,3.41977020896494,2.91231527620064,3.76516128818566
2.00690817623776,3.98032580915778,2.30810152902198,3.64316694659947,2.62872770529331,3.78212369008526,2.93317774149787,3.91970705627663
2.26573328157162,6.19865353788448,NA,NA,2.95762446037799,4.75783122508977,2.98134379382405,3.92385210038548
1.96737126667493,5.28129091826105,2.28416952180379,3.48669294426803,2.65044829469302,3.8981266114505,2.7692375511462,3.5551571291867
2.15488558478112,4.25229706955427,2.53080871531456,4.3580879475119,2.98750797892547,4.80364376034027,2.72532157722917,3.52363870590088
2.15826080235777,5.09804453998124,2.52657127459944,4.51569674220421,2.76219533098081,4.28680263082317,2.90715956955958,3.84147468383107
2.02182807571271,3.96193929010661,2.53148785039331,4.27171953820651,2.72894144809985,4.07164594333368,3.14544907819897,4.3228019012174
1.95338595196464,5.5752219684962,2.63980564180031,4.94123810431312,2.78110968888434,4.19279688124348,2.92581065329157,3.8421248839327
NA,NA,2.63340629732549,5.5051190049133,2.53236164905628,3.64227919246158,2.78942397180302,3.5371192816508
1.29671231623845,10.4206723377204,2.31717580444623,3.56009479222411,2.56303974081989,3.65892627256332,2.90566030673116,3.80344376144824
2.03399690730639,4.21248193460497,2.57623189763743,4.43037545085291,2.59630640263666,3.69907499097741,2.72023345198871,3.53071142814703
2.04721132153647,4.27614620262155,2.58879276399992,5.29587336846162,2.30926611691673,3.14319633021252,2.85882192114994,3.77134876484035
2.11362563558507,4.39588260567084,2.50870068374353,4.21030283873085,2.69601072050405,3.85836572824896,2.90528778475353,3.86317587599824
2.22544999284003,8.51331933754182,2.55238249038063,6.07305077465739,2.83199737014552,4.3343726759171,3.16624159784009,4.37862916812237
2.06052706403589,4.26440859653836,2.71073373815954,5.60458412896029,2.75265351686349,4.08512087659143,3.06630446595057,4.08682829602659
1.99292126636993,3.69946227581567,2.25987837064069,3.88224155673571,3.01381106349762,4.9884250780779,2.92275925456015,3.78650004959957
2.20308398014949,4.5505125063123,2.42428253026312,4.05345909785572,2.70669859929583,4.00307674952285,2.94019541789623,3.86885285516852
1.9626470205863,5.12931707951187,2.45257478485834,4.57057842864157,2.86204702482535,4.55652399031393,2.87783412920135,3.81569310507161
1.48209815044504,7.05854678265771,2.34194334516569,4.11790979996589,2.8473477369018,4.33498640286928,2.95644091098323,3.97533012660881
1.95976803691899,5.50364303030622,2.45682312581527,4.05352520420105,2.87903799687245,4.28012130702368,2.77363049597156,3.57482106188412
2.14547083305408,4.87916414528852,2.11271655263503,3.59358271619946,2.90459243256926,4.58024696903323,3.10485284014097,4.22838295786063
1.83000466139139,8.21197082406122,2.22814613445323,3.69537217708145,2.70639049776043,4.00326165999795,2.85160720549145,3.71246304796132
1.99782149600918,5.43140359459252,2.60136556521699,4.502482398426,3.05415384628754,4.88737554582338,2.83347970152838,3.6741328161083
2.09655676897687,4.32664425054119,2.71124277757961,5.50693912797764,2.54960034537581,3.64287242129581,2.82719091706491,3.68753906359678
2.18043507144031,5.09060200497399,2.48300548108328,5.00486508425534,2.51765028740636,3.76521684849049,3.06570682643072,4.17040307056746
2.0006056619614,5.52213963076389,2.45617259070385,4.84313281252881,2.89139178177822,4.46767622810722,2.84414746992985,3.69807999678518
2.20557837608771,7.04290506194109,2.47763188299283,4.40611291831438,2.72482380223748,4.14812778815597,2.84716751378027,3.70103558746603
1.79388026318511,3.21290156933119,2.72493549686189,6.76818369093003,2.75156316157604,4.09234600406056,2.90662599767419,3.85069186418953
1.92725898035817,4.23805859022899,2.49612706044652,4.83421405811879,3.00789468156311,4.70189629228307,3.16531331981172,4.30696824117084
NA,NA,2.82526374985555,7.68202224009663,3.07798329346128,4.96981653770017,2.78447130242082,3.61040621356401
1.82645196711829,7.01557915975083,2.44055229060855,4.70469169254432,2.60359795789961,3.65285023210005,2.91132051022882,3.84798966285411
2.0386803520308,4.76622272124219,2.22826872019206,3.52133425870961,2.74734117309259,4.05070508288387,2.6653682351315,3.34887846777457
2.119967816536,4.03581637446018,2.72991087387455,5.28221241663472,2.64824856554622,3.75417072954265,3.17535361235529,4.38299459953186
2.36223588849366,5.14118599432329,2.60344414342717,4.33256469077525,2.92211188229992,4.44901045145957,3.10604256656999,4.18932001145118
2.11301396380691,5.4489343788176,2.28396327776595,3.7013627628442,3.08823146881731,4.96171557488317,2.75941140916463,3.58619377744053
1.93622029422667,3.80576354173215,2.58478109761756,4.90980866852173,2.8134965938416,4.26663870007128,3.05113112311789,4.05324280843253
2.17993957688511,4.60842872723415,2.58557238073077,4.6875499158781,3.27359515418822,5.78659217401384,2.8180964935783,3.62879815905939
2.11977200839984,4.93222220357794,2.4257253065224,4.01136654753657,2.71652894880807,4.08541705685159,2.94121269762617,3.95157712941942
1.92474472475267,5.45455594740506,2.33612676618731,3.86890111580461,2.7566467207897,4.16080788638642,2.89945995998282,3.79819083938423
2.30213578700474,6.13239850231503,2.63636931137061,5.24696158611501,2.75385340861171,4.06932024465286,2.87978199585625,3.82580089018524
1.98214178255887,4.23380049620135,2.70163311762877,6.97811957405186,2.67341724988503,3.80707807046125,3.14415503123614,4.34313355237668
2.14605371395073,4.93164108986322,2.26849659695238,3.64448458222608,2.73511482570598,3.97232644317314,3.04640009278009,4.03716680879591
2.0942464912564,6.27553459533474,2.39111978087985,3.97083213962666,2.77249560178661,4.13595795927469,3.0319131257131,4.15627346008909
2.04464294433663,3.99139211554388,2.44845726683424,4.23327872385192,2.87760137937737,4.41620836748448,2.71332058093329,3.51653186613091
2.06465997565933,4.41775635492408,2.35522537248345,4.90805958651132,NA,NA,2.78609235774955,3.62257961162782
NA,NA,2.37495355417046,4.37455486874604,2.7727984902516,4.1943466681994,3.04486261739295,4.13577999095523
2.01206159987121,4.4285358562364,2.48500397346024,4.43222578903556,2.85759769904809,4.6215361641074,3.08700557459221,4.10959920762991
1.96752020596368,6.00188926102443,2.13426921566244,3.50004592180305,2.55911950918314,3.76673817303678,2.89996248535622,3.87738839357664
1.83815057061431,5.00484642181048,2.25622618294063,3.68346624415486,2.80232959524413,4.21008790192664,2.85321441029644,3.78820793641127
1.99989948148702,4.69010335530782,2.35522749872521,4.02709887791932,2.81032698367353,4.16845893403815,2.75923561685258,3.61039966346977
2.0315865599206,3.55200774359631,2.68029236518477,5.04881183972378,2.57209829503289,3.80123709826647,2.87735947041032,3.76232222780858
2.10629518108824,5.35299639603306,2.31700095744447,3.90627380651076,2.57299572073839,3.5695426714991,2.79008278802525,3.66768359557972
2.17265577268881,5.47193383995583,2.30961608844116,3.7054978691325,2.94699679324554,4.5607849714601,3.07258139102369,4.16451512623863
NA,NA,2.19082375895338,3.43913253076407,2.97630344568032,4.76142491012408,3.03118116056932,4.02086894221808
2.0587265923366,6.11124906028598,2.50558527380999,4.24581062407775,2.50697824695792,3.48123678339457,3.1129658478621,4.27242231991686
-2.0734156593165,18.9296818434513,NA,NA,2.70268382623832,4.01220874736105,3.12507188725496,4.3585598184731
NA,NA,2.06277954675155,3.25341491842297,2.8976038921649,4.43563554030848,2.86851315545199,3.80142714145723
2.01587298392971,8.32956871611933,NA,NA,2.95223936596985,4.68179858618151,2.91535921591936,3.88546602758308
1.78014264122202,5.78184899184364,2.5490425340709,4.49613531044172,3.13650582021186,5.31114430754611,2.8245847873378,3.69153093726304
1.75177275005684,3.09595776866223,2.21375790167566,3.3846228726582,2.88652383872349,4.5631890145282,2.92630707603894,3.92122187537101
1.91735639140379,4.74520895640462,2.36119834791093,4.40441173864322,2.63270350952604,4.0198207390338,3.07042894681985,4.07862899692497
1.97353717882696,5.93685506769686,2.42901062622216,3.85594737095321,2.87808685812343,4.39102789435512,3.06687063661734,4.10327749477501
2.01662307574922,4.18585848301052,2.4136671108467,4.08423803018334,3.0544000717412,4.901912371943,3.06662949039528,4.11094087979378
1.5720360814126,9.577485855598,2.77723991665409,5.21081421219702,2.67239890710031,4.01818894240507,2.88040157309539,3.71862190453924
2.21925523783893,5.89571121428771,2.48207185854583,4.53453064998253,2.6606765096175,3.88071490606256,3.21090647412091,4.41524920589708
NA,NA,2.38587767633352,4.17591298911152,2.57908501417937,3.64260615372365,3.2317501648578,4.45184352340493
0.939513571662772,9.8283782613942,2.6680290579994,5.25525380419491,3.09543059346353,5.2309377694928,3.03452238858622,4.05440555297498
1.95498268054055,3.88661006867091,NA,NA,2.7358944938025,4.07822898542562,2.76528498265818,3.54070689167503
NA,NA,2.11116382459594,3.17414409816388,2.60561246854826,3.63043617628133,3.00709055678978,4.05714704870111
2.05326033441883,5.79767049176743,2.6056086900627,4.72272097615697,2.71289447987842,4.02994178784821,3.07541522742528,4.13041676497112
2.15625806355069,4.35696032324336,2.32065606415965,4.21960078792289,2.97161937990946,5.01946919006137,3.17670997488766,4.38294596278283
2.1211558818952,4.54741693606959,2.58000245748585,4.40023757455576,2.77173780082851,4.2384958375938,3.04063284012675,4.11398590702407
2.0667742997241,4.1436895437961,2.5764822649457,4.7184201734483,2.77906438752653,4.26591729772884,2.78923981590164,3.58837895140577
1.95859912642512,4.21914565876301,2.52385781479509,4.92632445202903,2.8704414316123,4.30454755088712,2.83554720227156,3.64347498347402
2.06027441991728,4.18494809946443,2.67562985770522,5.55039251011822,2.67097704071058,3.81924794390025,2.89763254750211,3.76322707648627
NA,NA,2.44402197557007,4.46566545121097,2.814400138157,4.13582173312136,2.89404547774098,3.84027287197101
1.55604086268694,9.02626294076156,2.24534684111579,3.64923400055472,2.63610581681104,3.92210865474482,2.89015405815794,3.84835353480437
1.93151730451268,3.34274122107513,2.30664043927696,3.82733775028811,2.64638060872351,3.91666213739161,2.9053339536908,3.80999703239014
2.14922846138524,7.54326050471136,2.66858607416358,5.75979221095219,2.84294342204867,4.1767933104567,2.8123211000549,3.64264352253563
2.05390402474391,4.44941915506414,2.69861999295296,5.23118831170347,2.70951674647192,3.95783772070241,2.8315786165425,3.69469658439502
1.85242496564178,4.62346769279359,2.43022714184663,4.39495629673399,2.73139081627915,4.07290167471026,2.93019653262963,3.90560099299205
2.02822128665392,4.70153954139997,2.62984611200327,5.13747827812673,2.59741794189726,3.74839266015002,3.08469688195953,4.17968566966039
2.32729483043345,6.41050404593063,2.45502205663184,4.78804541808015,2.45292345077999,3.33305324100875,2.950255232548,3.96105406259715
2.15625052194106,5.03734312446169,2.22396262279275,3.67501345064729,2.78086765215881,4.15233903029282,2.90055003419643,3.76569237995453
NA,NA,2.47071904314394,5.98091534643754,2.84248617052343,4.32166472107712,2.85013511655607,3.74652864922577
2.18867430738503,6.48720913052173,2.37020583477902,3.86420506673825,2.87807343658704,4.42440978987846,2.99294358152868,4.04225518936272
2.06918669302242,4.74951799322031,2.42850282188453,4.13652512279663,2.81475347253633,4.25697829898591,2.91643107526658,3.84867706769305
2.02328445855391,3.96764698029468,2.57487984288654,4.82610213447263,2.97579720862664,4.63573380689872,2.69444852648314,3.50926621902452
2.22442415949354,6.2913341782083,2.33322434303572,3.81897400693326,2.6255147960595,3.74786397103733,2.95857872474949,3.88687792670796
2.00362711090138,3.90403157415552,2.49301096581556,4.1466221484005,2.68969240701119,3.9903599292883,3.09345908477271,4.19158163609058
1.97468441344081,3.99487311142952,2.51407292955861,4.59680462995476,2.82902268889411,4.41829048963001,2.86261057197379,3.78046078674432
2.11128926364509,4.15605544043912,2.47786241347201,4.5690771991879,3.1573177533811,5.2966515898201,3.18183776255417,4.41259956524336
1.49926505449245,7.38839666074809,2.76585924893207,6.53229620558746,2.73423486222169,4.05807790870487,3.03691414822256,4.11104203875301
1.40752783767166,9.06011511174939,2.25988112931476,3.82882813459176,2.77118011041769,4.07051877606346,2.90452748877745,3.83211081726345
2.06770494895086,5.63459402010845,2.744068635214,5.45232825619658,2.69857180445397,3.89617316248055,3.19642311524932,4.27078619409232
2.09426065725301,4.6458518195461,2.66897323150703,5.26448956129182,2.72973734639659,4.11742864639322,3.22522195380431,4.52927063281948
2.13638762119425,5.28281827778747,2.55810653120449,4.66282531762594,2.78535997706917,4.19881290415043,3.03053171532942,3.97537459479109
1.88636222820472,3.83931069953937,2.62314292167138,4.70643853751192,2.83661482400283,4.53861994553019,3.05901317510624,4.0981522733842
2.13341224105423,4.6164101156907,2.37405093110144,3.86464689916243,2.33756670169747,3.24016912942033,3.19161889694016,4.45029032991312
2.01733641785638,4.20125942325916,2.38660779973518,3.9280740627437,2.66450490184538,3.98411986414252,3.02545738961457,4.02118274260138
2.14972726969595,6.40357130649786,2.40784492958526,4.52807395893592,3.10044181083287,5.0048147447844,2.58714243279999,3.22367923953066
2.21698188139997,5.85536338824306,2.42124835586981,4.72309690450802,2.68313149295207,4.1530501149629,2.99210175967548,3.95109482615967
1.81883394926048,6.34616274948724,2.27581711685623,3.56812393671144,2.70271333612449,4.02041653956818,3.25720445349358,4.53655389524006
NA,NA,2.2664548902368,3.51853284185689,2.6003151738955,3.68887213264589,3.08853218010298,4.24126911690109
2.22002658021218,4.89861679076853,2.52057217251215,8.63690918662895,2.49030455249656,3.40346018471097,2.91454916467092,3.88145507343988
2.05359723586811,6.28514937678272,2.61842195334674,4.46518882446082,2.81571009215742,4.1221824335671,2.88621569334578,3.83627772909038
1.92848668897486,6.64810710022862,2.11063806999445,3.26086265661511,2.81812155462805,4.28219353448897,2.98946734123036,4.02663354113612
1.85854071365735,3.95419793269131,2.86249336371516,6.69817010649218,2.83410699209267,4.3417075949115,2.97910300292431,3.89780334934711
2.03655776528441,3.7103184709127,2.38805502666837,4.38863159131629,2.60971571168835,3.68576857037809,3.05790825756317,4.03844822942437
NA,NA,2.40447452067543,4.0958739482999,2.4149914719171,3.31268167532965,2.68535714991659,3.39301339900734
2.17008991230741,5.29312762599882,2.51348874044689,4.78198223114085,3.06603213437803,4.75985113613166,2.98325035332451,3.97379702625224
1.99459369960664,4.38117501614135,2.49423273702234,4.07583661579718,2.59399111752004,3.74475090558155,3.16855308058001,4.31782478469158
1.75208955816442,7.08575996510564,2.60924163391969,5.32148530700915,2.60888541593383,3.70317823715009,3.10017035494232,4.21408425721412
1.8985916818869,4.07635544201574,2.25777621930707,3.76015571144863,3.16820670963768,5.21458568801939,3.22763002704205,4.46974510909927
2.01607900440923,4.28229834787208,2.71128320261909,5.17129554349822,3.08606946720877,4.9852568693383,2.90818114722521,3.80530792334417
NA,NA,2.77107284417891,5.57990427693287,3.3497995324049,5.84773867090187,2.84301052975209,3.72266383248198
1.93914746574297,5.86107448331007,2.43229042002741,4.25590921329538,NA,NA,2.79563909816745,3.61523518022836
2.00608364424985,4.4022166357487,2.48197527537348,4.33207478445405,2.63050368847331,3.85413958853386,2.62285835903196,3.2818638061063
1.8674349958652,4.27757282748585,2.33500081317352,3.84516565888124,2.69749691533515,4.04588979998376,2.95098211593419,3.90452654523169
2.02688283280206,4.18200424889736,2.5504271155892,5.12558085798539,2.89496528938541,4.64179824671611,2.73591710874701,3.50615195835805
2.06131730859626,4.66930052029366,2.28756655674747,3.72544291571077,2.79031577860091,4.25815368590102,2.73514451168925,3.54158533218068
2.18896806842269,4.73384348774141,2.83263303348619,6.63972114790152,2.75000225446733,4.01305271018056,2.84232727820282,3.69430448092564
2.08927627007684,4.07469211535027,2.31663545813509,3.68674981346349,2.68625787515962,3.88827892968764,2.89966020423001,3.87136187732597
1.67767166955989,11.5659842873416,2.33220588602063,4.11124960396083,2.54589556232984,3.5820270523851,3.00184456240028,3.99983920743272
2.05694436125268,4.44700882723914,2.54154374289345,4.55877419703052,2.42200330515015,3.44983452373647,3.02392217354864,3.96614126849917
2.11922393854148,4.3012977759148,2.3896646253818,3.81648588244953,2.56386394358135,3.69731438527437,2.88319883719256,3.77884437236356
2.28867769887059,5.20526180626516,2.7339088790385,5.69581056119915,2.69304343468148,4.05852487391178,2.96578067238133,3.85509075331686
2.12890353049907,4.97981449621815,2.41526285516316,3.96242481982669,2.76329224783739,4.08726383116824,2.76509350567593,3.531593349603
NA,NA,2.30492990990673,3.88403680388951,2.65292054452903,3.70479769691359,2.97616087250917,3.91926457727184
1.98984133520626,3.78026125659396,2.57470321967194,4.95367725846625,2.5944423770099,3.89694363131025,3.03442540557955,4.09984847544572
2.11960965894096,4.79633211506326,2.48420428501745,4.30763137676179,3.11314215665258,5.01814431476521,2.80997934108492,3.63894388050193
2.00096036069552,3.79042689320096,2.39056689364051,4.08449819395058,2.61641795136284,3.72149694182086,2.98423115572703,3.89077026023014
1.86770651166674,6.10308027804587,2.33167869576095,3.98356635676305,2.94589352023872,4.6174579241353,3.00220314048157,3.92150408210335
1.85342228679755,7.25310897902818,2.52808489701946,8.64057119117698,2.65323787801137,3.87405979815786,2.86667541365275,3.75703171514905
1.87197399691205,3.50161669818604,2.5597956023104,5.94158417585711,2.58849849824824,3.69969861581598,2.95497608460074,3.92138786390599
1.88187667910786,7.80666713937995,2.65186671262034,4.97527157820679,2.73047767566447,4.03579645212986,2.9998766678014,3.96733117440845
2.10763773945635,4.56986464968248,2.34309545972558,3.77694067086265,2.41570280305077,3.34874529816926,2.81759361042438,3.71484561427298
1.89475779805122,3.4254197329029,2.44883945042915,4.18246697052613,2.82740138352866,4.27400166107949,3.02519314997296,4.03636815371017
2.1472908815056,6.48301156968492,2.41840322683671,3.90450472608176,2.9487749173851,4.61356197671308,3.09468069526428,4.14444468750592
2.05495435203131,4.52053982281668,2.39654230367572,4.66519528467864,3.35270887710367,6.06662554950811,2.85607669613551,3.73527242563307
1.65892457972416,7.58687002684511,2.74683604917669,5.4176595024468,2.57554154106284,3.82619842919519,2.72366369257094,3.49824023903141
1.87796127584955,6.75399948077345,2.59963534547808,5.45529146673593,2.67938511112819,3.84802791480028,2.93527725019015,3.89532694527037
1.99154171800987,3.84395979029436,2.58431904989403,6.52044835916498,2.55016931501937,3.65856364509066,3.04864516419651,4.10051597628586
1.91033449622698,4.07707226131454,2.65906817235596,4.89599576588984,2.76652473294305,4.15747399479239,2.87693958395374,3.79046445200433
1.89612617107012,3.49812132739836,NA,NA,2.79451054164524,4.19658983386456,2.96171384862631,3.90304948106264
NA,NA,2.24388682539484,3.27877035704104,3.0115677806173,4.77129043817041,2.78444108662462,3.61658296839395
2.13134098687722,4.63785410013936,2.76778956162543,6.3270310899836,2.86285186182989,4.13556380384512,2.72667989239568,3.53945305989548
2.0278272695011,4.12992812643686,2.00262051047679,2.99545102515055,2.85598639478858,4.4972880437235,2.87465065901907,3.85184897621143
2.24392146188673,5.07454685703837,2.52363883971297,4.51535619984993,2.31805429929015,3.15488416008001,2.91176919826757,3.84374614515807
2.14375426663048,4.33775478749957,2.56730457626555,7.88654112910007,3.12836191916868,5.17790680642384,2.74911542193634,3.55365288675399
2.311241065188,4.99108283543893,2.30426044402182,3.63448028372208,2.87361675185565,4.42273546176786,2.84477554767727,3.68144984602613
2.02360359292625,4.10628513291097,2.18435641062402,3.17617144529172,2.65608299288184,3.87102236183868,3.15958427210805,4.30829518243417
2.16577603419404,4.82590730595902,2.23200903779795,3.46415190028159,2.71575472153407,3.94985924152101,2.66215639014463,3.39543794298562
1.78666007818369,3.78195307210962,2.16883700766199,3.51722146534715,2.82328604010397,4.20066076197953,2.87482761336861,3.69591180949204
2.10416753274597,3.95376866023559,2.40887135620472,4.57600341232504,2.77077754589589,4.20619394958559,2.86301540635354,3.77873254171784
2.16654407216031,5.39993776825981,2.58840261887937,5.3010084389525,2.78466902143419,4.07439389526597,2.87977543037481,3.75505691411794
2.21449367417227,4.99563949130875,2.42493667987164,4.01434949941801,2.76273775147023,4.46969214104376,2.86191410643367,3.8061866533757
2.1008354680066,4.0427102020067,2.72015788474658,5.91165814789954,2.38039559632627,3.31448633151891,2.85650561057728,3.80304847745526
1.97204769236611,5.77088262930104,2.21598661703996,3.48690077231942,2.73555984415064,4.01662010179621,2.72281415243584,3.52364853103421
1.95062056808659,4.86966194043645,2.59250006967262,5.6519491317431,2.97210144140827,4.59560451396317,3.10596391612382,4.21872919194631
2.11015469256199,6.28993240246131,2.69963509419076,5.9147575655717,2.82515886298554,4.34508551950688,3.31062404595858,4.55928241316956
1.96182103900044,4.30090529646839,2.45496012552472,4.87392044270329,2.60805243472786,3.9175889088704,2.89274041014219,3.85496792800259
1.95525618450613,4.07920237965827,2.27885416959966,3.77086975912167,2.64632113845687,3.95252043019512,2.89214599333462,3.76057487608485
1.98894471285096,4.14701106168022,2.75121831870402,5.77254907489146,3.05366857285018,5.06371169230129,3.31932522477988,4.57954948062764
2.0472688274364,6.31474637706391,2.36476731042151,3.86969072373451,2.74844773059695,4.12300036874203,3.24910473459759,4.51464716100603
2.04537489340418,4.00937763000751,2.39125127956581,4.27726469795598,3.00541395261769,4.81150316785814,3.19337732575414,4.41888925316122
2.24526711343229,6.72969206655226,2.54457283921134,4.13430487034442,2.81103359489213,4.05976060468206,2.59423331879897,3.25303771882561
2.27523551841336,4.61999822799049,2.55106133327017,5.00580152100217,2.50787278974588,3.5365873406685,3.18149594049798,4.37309128406222
1.94805467784379,3.87081886245119,2.36329949829736,4.14495387026707,2.86893909613156,4.34186153712824,2.82125092264068,3.73273511373532
2.13860407037482,5.11996698681744,2.44514097390351,4.68133362876859,2.54365646650581,3.67587149775426,3.00842747751804,4.0454855282401
2.13500045091739,5.05959967128926,2.6117823549531,4.60494330349522,2.54731440582096,3.69546720552623,2.89932347753506,3.80619238950622
2.12419270186564,4.07695670129898,2.51259553906111,8.92900704158212,2.72006937316808,4.14108530254623,2.95956483496061,3.92050766780021
-15.3756965643949,41.8383922445667,2.54477071019489,4.62953077827781,2.57285476215215,3.66816622316344,2.93456414535166,3.87231545086683
1.90410171262702,3.47373348780823,2.40330207177192,4.07769998422238,2.80231390375994,4.12602559441536,3.09086758676599,4.2533858358931
2.12459070316473,4.74222251036006,2.54863963911501,4.60081753794895,2.55488116665752,3.62464706478798,2.93848647733951,3.87630354297187
1.75211283130103,3.14709623116081,2.45365876672178,4.41322255276413,2.37460282413705,3.20743946932359,2.89300438357836,3.7601491140349
1.68937680859494,5.84969405317173,2.39711469419373,4.4561802739828,2.6017567714169,3.75108423927083,2.88254188085551,3.76124736793058
2.0310302679874,4.88665197207984,2.41287354704392,4.49103842336588,2.76920689983699,4.40966209778439,2.93634496084311,3.85471633834274
2.11937059225797,6.64511107793964,2.46347808230078,4.30818880262547,2.94433215734417,4.69199685586655,2.84055161830298,3.68941928811228
2.28699329272504,7.24813493352731,2.35493536087783,3.86732137569574,2.56503346493848,3.72170152804214,2.85413934404846,3.71585177338876
2.12852231705985,4.8904292886581,2.81783929004149,6.20603716751514,2.81921262864167,4.16627710338777,2.96182778210505,3.94177150585211
2.00982215672837,7.50201653097279,2.43461921256587,4.38515772975779,3.00868537316198,5.13961946435495,2.8040761242418,3.66164271028549
1.46985288624346,8.63561459385801,2.35019474018067,4.04103875400068,2.55665521432197,3.66298663336749,3.26812283456233,4.56626033237298
1.9197766809397,5.42747890097028,2.54665249343125,4.67729665387045,2.54757941701948,3.70752788203826,2.94204128447866,3.92750952856999
2.17859198891461,5.86707404913961,2.44199123203326,3.82407729564914,2.72141479882025,4.20167569278202,3.01179955955359,3.99583022295898
1.99033170738685,5.39814069134214,2.74970776820232,4.90691400860161,2.7020842305364,4.06194234646774,3.06969521471034,4.10899871912031
1.96860892764059,4.50221996031376,2.56381024819005,4.77806403597499,3.11326728473691,4.73935667766672,2.91017905885846,3.85563216549099
1.92844853021555,3.33726106388992,2.40935968560589,3.94131148832571,2.71889856044346,3.96799089884044,3.07507962544798,4.13144280090821
1.75328858351602,8.09196356495517,2.4185860803292,3.95889652465727,2.760489871083,4.10081815068148,2.89389753939092,3.79770476667569
1.98053885301342,3.9221201907609,2.49718415914369,4.18796133058777,3.01665215032952,4.9975763583828,2.85018407031962,3.71049030301859
1.92229526482171,3.44903666317619,2.59577129570494,5.18009695396913,3.21008262401612,5.82176573767112,3.10943241900981,4.25562984355419
2.30407513815817,7.1404459102233,2.56064006651774,4.98322793146377,2.97335251324309,5.00966208111241,2.76680578054671,3.57915794072802
1.91663377050988,4.85828549070544,2.60832909627715,4.8204629640608,2.57887354654501,3.67796379248269,2.81788001299257,3.65324645751821
1.83721400731374,3.30122614750208,2.24690202697188,3.65919149939939,2.75173221574274,4.01089497247543,3.01163224514425,4.050722086937
2.1763865024896,4.63274985246065,2.54224394738914,4.9878544031116,2.63299205392521,3.67888392637889,3.097853492889,4.27330529191216
1.86347527155222,7.80834921814905,2.53029907204557,4.58179035842692,2.45449084848247,3.45246789744201,3.01411104445764,4.05941384495992
1.96133296595472,8.27160968598952,2.57489734369127,5.24593279857768,3.04357860138599,5.08981429414405,2.8179307953344,3.60206554100173
1.84561087882677,8.16762656736142,2.1047884708572,3.35468727230876,2.88477416416366,4.46923817811146,3.29189864752503,4.65978343734501
0.510077903052622,11.818680772467,2.41722182120721,4.53426840574138,2.72174964629295,3.95380002692804,2.85371865025586,3.6913740613653
1.88365298065353,5.71714712976041,2.57549470081379,6.04614381273233,2.81436725971725,4.27100825962936,2.81189598513271,3.6397060850545
1.89161083764408,4.02948523611298,2.40851357304746,4.34302871751365,2.62739324695632,3.86081099832133,2.94878213253583,3.89474372412036
2.01551986922849,4.46205417556338,2.62934747266213,5.24244466251043,2.79708458726177,4.33595827808142,2.95409415273819,3.95636948284055
1.97019631939896,3.88306524749787,2.366352314894,3.86981701881384,2.77452434616725,4.10492933594855,2.90187040237694,3.90019649590492
2.23172722037025,5.13712433312604,2.50740889807902,5.01635223363206,3.0664482118411,5.10155881367948,3.2884517307501,4.54820090961755
2.21656761220377,6.08041589267409,2.71561237109944,4.51437494902938,2.87247341183326,4.36539859330173,2.93142180789093,3.86572926376524
NA,NA,2.37053210769639,4.31111570932416,3.13072681747717,5.08408816661677,2.98738223734848,3.93531187247039
2.10065388801232,4.76610564444294,2.44712200244048,4.70223559089345,3.13073910467366,5.37071842861708,2.84473147347674,3.73891486591309
2.08866889864672,4.36095082689467,2.37598917753995,3.8760354365001,2.80068646641427,4.5844223638716,2.88426203528453,3.77648240541896
2.29456664444545,6.36099795276805,2.4872505715563,4.49302714125498,2.80111104661353,4.32230665094733,2.94025759115524,3.85324443989531
2.1880329549858,4.91638413076952,2.38971116014821,4.04751673765544,2.65595457991867,3.8425706672354,3.07847253740381,4.14341846526477
2.18796903356245,6.0164765719471,2.71667918672358,5.7498564703787,2.89139712149797,4.44574136066085,2.89105941657664,3.74145637139368
2.16975620894443,5.50134708385331,2.46017912503038,4.35783530337525,2.85262825235908,4.23906280023731,3.01899755685712,4.17013606655617
2.20109535050771,4.43080436185269,2.16348348943186,3.46528485367897,2.96191702676295,4.67992422384397,2.8106018408684,3.6171147717113
1.80454847989506,3.77428459997214,2.46937338293794,7.04929304935451,2.75672268992829,4.09021568966372,2.75882893793244,3.5614521305345
1.85922735728482,5.03545478429695,2.37803562615673,4.04185542774687,2.90078293021936,4.63992572957932,3.18421453855698,4.3624308347742
2.03275268073699,3.93829673006351,2.66132691008386,5.04337005737724,2.68232394309068,4.15549817091099,2.95604111383806,3.90448737827147
1.98562313568608,5.1228091240468,2.28830685739533,3.71412011187976,2.61078300635144,3.73078434601377,2.86193639484111,3.71761208835639
2.00056576587354,4.94064519314566,2.46514829409802,4.23400574994283,2.73290601143174,4.1464828026007,3.05341445940185,4.09200896576984
1.97914448419556,4.88118508709283,2.58682042825963,4.69112433133715,2.6545853973176,3.79401396094991,2.8108528310819,3.64061497002612
1.97430227896762,4.06792611458236,2.69232455094738,4.83931439895372,2.7462103520815,4.26546310559781,2.89709914989994,3.78435243815973
2.11153123097793,4.60788954892197,2.11818148072576,3.13542987098797,3.30740300254629,5.80173803965671,3.09326257606574,4.1264221545968
2.11984716133727,5.34044994567887,2.70516162735057,6.11083706443234,2.46856382719711,3.38703168709243,2.57122460258929,3.2535681832551
NA,NA,2.47673212851396,4.073278985036,2.68620822711867,4.00803583820127,2.92851372356772,3.83731482211343
NA,NA,2.10626097011503,3.23844744405387,3.27512768826196,5.97194913419824,2.97778377571851,4.03587008764604
2.25167269257925,5.09331882859464,2.86049555513392,5.62474732850298,2.62466987880974,3.86817275698416,3.14748083414421,4.31430568218482
1.41386724319935,10.7683367129539,2.50547962730445,4.61612803609136,2.71231638450189,4.16310642566166,3.05237064234551,4.14877572826189
1.87348195290342,6.81367493439715,2.479467037025,4.02743702682743,2.76367262058911,4.13940801565864,2.79721539497158,3.64319086633643
2.27577490769379,5.34898443025533,2.37008564395771,3.73569446558516,2.54962325268287,3.67562462403005,3.38373392732936,4.85462282640113
2.26378917871058,7.4992999705398,2.476305939133,4.95806949745474,2.58428082248385,3.60051267760538,3.17583309421055,4.33100384927769
1.9508341333008,6.0931531503412,2.44358416909827,3.96465309410663,2.94034431483582,4.5741078101197,2.92325041057557,3.86227452862337
1.76833904681379,4.42284345665727,2.78706342950487,5.57089017097561,2.51205667873644,3.53344861840806,2.84754845286107,3.68138028371888
1.98295101889057,6.39221601242315,2.23287071893811,3.52433039687924,2.81755898523549,4.35595036735026,2.97232505665267,3.89864364447408
1.96287182983782,3.98272815323263,2.24859375952926,3.58375082067092,3.05722483774118,4.98972496692437,2.86238084487822,3.78276199439225
2.12663717001529,4.50021498032784,2.65007270948068,5.56083364646336,2.74348162734649,4.10376745727034,2.82912717036584,3.70915480209716
2.00140756693084,5.04308928667703,2.32639251944504,3.96382605129909,2.73934514882194,4.1405738307328,2.87107003077237,3.80806342009394
1.8922478254394,3.84113337155128,2.73300766306959,5.89493636459385,2.71307179182928,3.87811771810847,3.07534841354173,4.11437929255468
2.29761144404284,5.23108500096829,2.32168583485497,3.71578167661422,2.8233194228954,4.17911801464947,3.08856069953176,4.11879407880177
1.76016141442563,8.64826991534274,2.54908584382747,4.88986620410094,2.76925754525987,4.10108941038723,2.8474447971254,3.73635661910294
1.93922884171693,3.5928464533498,2.54435061796541,4.403106374607,2.38452484927365,3.2514758276955,3.31675279403416,4.77833096605197
2.15389031757917,4.03479839730975,NA,NA,2.78884138112723,4.23951377897631,3.11285211434867,4.31160128803994
2.01386108166677,4.44639403040525,2.00807939438388,3.07422997103014,2.62297749003062,3.73913655141345,2.91364505778192,3.91573432535778
1.98058907151466,4.81954288502306,2.4812215054117,4.90176310524118,2.65983569575101,3.83230054617574,2.7177104133379,3.49723830596027
1.91547113988926,4.35160584401467,2.45413408214824,4.1276431578728,2.64621403416938,3.83491119044376,3.02581968514432,4.04334881809284
2.09039433491708,4.31727204121172,2.61259132775099,5.71724955180812,2.57102649273343,3.76627584623432,2.83775377713778,3.72164542480266
1.88043118282072,5.43147901073555,2.47993559322778,4.07136929033489,2.39327590017746,3.33892707967811,2.98817494356081,4.00873377030077
2.13551211524392,6.30993867531899,2.2175868321587,3.50867225523287,2.89218843635699,4.34636652323023,2.8456916285849,3.74659645579742
2.0878145213415,4.60983610749196,2.72152806953978,4.80147051043414,2.84570238427888,4.30531299549327,2.83388417647076,3.68066804996121
2.26365486846806,7.13772026176057,2.37687052820178,3.74030086940734,3.02654516886647,4.69438048200435,2.7135426019561,3.48005761941374
1.97173291859438,4.04290852037984,2.22271064534558,3.39451642944905,2.77480604197362,4.30476001325456,3.04118967615335,4.12735956798458
2.11607805802415,5.84665359812753,2.28476693001152,3.86105521788214,2.96586348717147,4.38340007384804,3.00793774755419,4.10427125167178
2.07881035206908,7.18768881442316,2.41105279898557,4.08061521161751,2.73842397333815,3.99027763482805,2.9001025224806,3.82565543835986
1.83465370807624,3.41027216013047,2.53070675882256,4.30808437527055,2.50871434819908,3.48401808615187,2.89248983427836,3.78420755099301
1.98964759895517,9.95016187663543,2.49833677046357,4.3283581304872,2.6562101242754,3.81365158351402,2.74881574812917,3.57499758515318
2.01490459038514,4.85691711121655,2.38242887550844,4.36834549046243,2.38145606391152,3.50455085015389,3.02397206579728,4.16958357933923
2.22261690623281,5.0834017085719,2.25065399252013,3.62071234700022,2.61265066183387,3.71218764315197,3.03238193776574,4.01424020516649
1.91649773646054,5.51715541771602,NA,NA,2.79946571924558,4.2596576534724,3.15752945478041,4.26172341247123
1.91292025174571,5.12445659718148,2.26336682039237,3.72879042628868,2.56433459320008,3.62058449332185,2.91743912854031,3.84368301493147
1.65695265665198,9.99010839147236,2.52873879098094,4.22579149768117,2.49085602897286,3.55876174353678,3.00549412235659,4.01301200644266
1.82907091394371,9.4339247351831,2.75146004043506,5.57184516741076,2.85377655818489,4.36702342220644,3.14914756441131,4.2739446087415
1.51282026199544,6.27694983049983,2.66407239277459,4.86802692528946,2.90679691097746,4.50354585349959,3.03899998832328,4.03517836892826
2.05733247783882,3.67598150636426,2.36397528475389,3.77019255534629,2.8140571297361,4.25725568841929,3.0197366702976,4.09927475665806
1.77414730164739,3.4931557891569,2.48659325570984,4.74345325180125,2.75282904863911,4.2429925360411,2.95327026688727,3.91195950726176
2.05831353163353,6.510192293934,2.34846718911744,4.04021686856928,2.80309183868693,4.18371819635441,2.8651260808054,3.76303764905421
2.1003602613171,4.87717901864185,2.38290483385526,3.88206397500941,2.71371085525854,4.0128922001648,2.76831448544052,3.60454371605407
1.85795542751032,3.07206210070582,2.59270415230498,4.96044662505976,2.77833003415659,4.07664578526529,2.97185473366507,3.96311578293912
2.24291625277912,4.82617704298936,NA,NA,2.51718184580846,3.44882419098479,3.09958516537827,4.13602641400797
2.03262412342004,3.70314370266671,2.29671448249395,3.59934056151128,2.40612259372762,3.25511814344542,2.63865327070977,3.37468070369019
1.8596045981197,6.27831445895353,2.57820445059286,6.02727305773005,2.58908099446187,3.84546461876734,2.89306661333113,3.79494235777359
2.08396767740289,3.76715736401932,2.62660725332598,5.47329942697851,2.97734186670139,4.91841720164151,3.11027916138759,4.22496336000431
1.99670783425209,3.63714927335255,2.19984038713471,3.41512047418785,2.48940055699996,3.59707397719181,3.24128733944769,4.48146340230323
2.12432695661886,4.66288070202416,2.40970492959876,4.44496908192923,2.55261363128748,3.84933783493873,2.7017021081381,3.48047013939533
2.08327401392728,6.10721189147123,2.6024730783398,4.36541786446702,2.74117645548271,3.90102805550188,2.92747904477056,3.81603417077479
1.97263250061939,4.84856118893626,2.66593904368339,5.43721326326277,2.61476293410011,3.71257033637598,3.21680709688953,4.48057756419548
1.83157480103346,3.77001969949292,2.40415416665062,4.23956972859571,3.00621938414249,4.79407506470539,3.10849094815363,4.3247306616393
1.92128823545958,5.63285152630932,2.46661061727502,3.89337159449897,3.02160714691573,4.73932635331941,2.94370411478177,3.93813405304075
1.57263731693129,8.72892149189985,2.53777433715042,4.8104744308349,2.81711318720149,4.25043447077083,2.76870753317575,3.55540125228529
1.30862859902453,9.10338355854898,2.43285208842873,4.28186088092556,2.99473484189539,4.46669030544391,2.87998779848201,3.75981100814908
2.12724630916531,7.58336850105741,2.67814812958537,5.12773227574987,2.73384631708982,4.22400194642291,2.86971155972148,3.77354683111042
2.0993980755205,4.08891220284494,2.69148062630624,5.38090681776526,2.67932891698433,3.90921132931183,2.80853647734503,3.66387505813825
2.14868421364904,4.89824497459026,2.34422573516319,3.75532053541155,2.68958010873143,3.85304628273458,3.1623325049308,4.3443022771993
1.98689635049598,8.32008459456348,2.56488837184209,4.69465716278746,3.01215301569129,4.82703783577039,2.9180920547127,3.83759957356129
2.12300202213827,4.98903240631202,2.27107051425547,3.68115249110004,2.84051171651837,4.40135401692764,3.05542471842289,4.03151022279068
1.86572327443237,6.99678233485237,2.61064377008663,4.82952484238021,2.71393751585689,3.92213640533179,3.10123842304095,4.23988823119064
2.10477336378282,6.01415498543785,2.42328555522724,4.1215416840534,2.89476773388509,4.58687658555138,2.78994428118331,3.62394200833055
1.94447481169643,3.84680853632288,2.64519109150249,5.95010410111977,2.66683843020264,4.08462130265894,3.18338946478106,4.42196463793007
1.97171465318997,4.85055536849518,2.67958367900149,5.96218451839891,2.70613041442722,4.0161347530982,2.64058442769549,3.38018956468976
1.91073370534428,2.96483979943187,2.4966833367424,4.18614265755988,2.66939254315522,3.91754706207128,2.81248025420619,3.61172646877583
2.26932755378306,7.237260418986,2.77902583267948,7.13820145672046,2.41306055306113,3.32049563520671,3.02697534319995,4.11428719352557
1.77203194065058,3.96786875593374,2.65130356949876,4.94179499832829,2.70198640281182,3.94674649899394,2.81958364142619,3.68068771792268
2.07269105377289,4.244145932642,2.5211593825268,4.50374665043269,2.88229444194138,4.39748890815658,2.70273195814138,3.46598119517658
1.90524941576396,3.53771559231842,2.33154919080244,3.90344314190093,2.59979906460928,3.84771547892736,3.19552590568749,4.40402162438705
1.99965523450637,4.31158737509561,2.20625565239965,3.5423183943191,2.69043738878875,3.95080552253651,2.86590260524328,3.85398028018167
2.19735121991233,4.38469616535503,2.38630115316251,4.28132467690583,2.54635045276153,3.68394741985098,3.03407972501338,4.0272608599523
2.11397649109917,3.99376104336642,2.65751668585308,5.32161644370613,2.66524937380957,3.88882173881957,2.93861264914611,3.90614525548275
1.88038209961292,3.21710495690663,2.31508540429086,4.44343469951764,2.76404510294839,4.1101846480641,2.83680218401804,3.72201359543835
1.98336573138468,6.50097212209351,2.61018761477753,4.62167738110485,2.90314545640611,4.48563218065698,3.09390729361036,4.14345452341496
1.96361579564934,3.54306941934699,2.48086352832493,4.25955827848153,2.82934758186185,4.29624758630211,2.94522157070538,3.89709828380407
2.19449812099405,4.30303165761187,2.49709795064205,5.1015101485074,2.78175923413215,4.2632023795262,3.10318443807352,4.23519548939865
1.87062117891982,3.42368201915374,2.35000406684289,4.06252189654226,2.56818671504332,3.56059174852142,2.95057320513143,3.91324520594364
1.94440654983217,5.15262125774607,2.4415327545054,4.28364154062643,2.64884550890096,3.79272884085294,2.83002884521239,3.72138547658628
2.02236158307684,4.83776749458231,2.59560130126354,5.61302418489292,2.53076132091109,3.64156308176227,2.88397400764498,3.81395298178053
1.93887203378775,3.66844316427593,2.60788702977559,5.88449941570879,3.1996974992926,5.19400972805527,2.84477714012007,3.75817783723685
1.9045001952073,5.47993490981317,2.50582069329617,5.14551141636553,NA,NA,3.03679718214006,4.05995875587547
2.35586607223202,5.24862955473295,2.51440414124217,4.85680259418185,3.09490926130591,5.38108187096445,3.1431829792416,4.28971737778091
2.18006022763339,4.92533154235717,2.09855290121034,3.22927763444353,2.80144550451805,4.20397131382038,3.03027547290312,4.01003676207697
2.07549370538459,5.97187435925028,2.29123786614255,3.5695176871611,2.64896718350515,3.7788608861138,2.97001159226184,3.94981563419046
1.99746419335431,4.43640119193297,2.48161458037772,4.47927239841205,2.51024778950802,3.50459902976362,2.72721805632988,3.521954088434
2.21562512819015,5.17624510583249,2.5145354238739,4.28823285422703,2.42442629150098,3.4181680402102,3.06937916090447,4.10122539417734
0.95084465939446,10.6026398588316,2.36651400707838,5.02527767572338,2.42397403407075,3.31419211127662,2.67212133700992,3.38204309054974
1.89581639820625,4.18311536617037,2.75146098214343,7.76689997012229,2.61464341470843,3.77192525007687,2.85233359088127,3.74946008978401
2.18876949157273,5.45156149060479,2.41152965692116,4.43524015104891,2.85646513833106,4.41049341989496,2.83418075329129,3.72377367681054
2.00066687369148,4.08684861748406,2.45438940903946,4.41294734042158,2.73274660410711,3.93942714125567,2.91691626444028,3.8684351758731
1.97676874299926,4.59749509003742,2.73690617645155,4.93416297424198,2.71433176397635,4.11127075163199,3.00249065067571,3.98826333510421
2.27555770259337,5.31899567108849,2.25793423393462,4.2360722320752,2.71855162195183,3.96284001550792,3.03549456971439,4.06398785618298
2.0961424827946,4.29433523910473,2.82076401780403,6.77476910429049,3.03021164844188,4.62186761184509,3.00829110647217,4.00362089731766
2.19582305042061,5.04474965675019,2.57717121612546,4.29375339099368,2.63419358488378,3.85731016673651,2.79520972869054,3.63404399824204
2.07396975122541,4.6980818135197,2.58786181565354,4.93954279403054,3.06234505856325,4.98288325370219,3.21265273439888,4.49913006486762
1.87001245248285,4.97712513538845,2.37306135187225,3.88194427022167,2.75795921472187,4.035831291936,2.87464614863316,3.73442197181828
2.01585278458305,5.08235696385147,2.47737945018104,4.68731640108354,3.01548027406285,4.7071131138669,2.74155968625586,3.50331826897061
1.97192506786688,5.57830062699534,2.60905360853904,5.99581337632922,2.49549620659984,3.55449302809914,2.96512997448154,3.93939943259375
1.881050080073,6.20663993960579,2.42453167739364,4.44392576772414,2.77317130663219,4.08475669880531,2.7865937958218,3.53575974687089
2.11774656421697,4.22941286863229,2.32909911754819,4.24638930959862,2.64607840623945,3.81798882080712,2.92134186158213,3.78765676074204
1.93430647773849,3.46359398922184,NA,NA,3.08945512514686,5.15098930728535,2.93222366234543,3.8347508634802
NA,NA,2.59232958552074,5.67140122115951,2.82773760249266,4.19388927403734,3.17978363648022,4.35616020404912
1.74457815581938,3.88344322685569,2.35104016721138,3.75053311212324,2.56338838078454,3.85625610485442,2.88844101624175,3.77715917873577
2.0968617976631,4.44031049088583,2.0941423868791,3.11357241662995,2.80003622511331,4.43003182419437,3.03994066057624,4.03872728457389
2.01552712585064,4.48433781504781,2.68136497702874,6.48747370243626,2.70417805626613,4.00939144830159,2.96605769769033,3.93590782048841
1.6592651244128,8.14392993244964,2.47569290294372,4.22159328694126,2.52288272566978,3.60712248283194,2.8327966115155,3.69310191390672
1.95073553096803,3.72026542924577,2.37308462012055,3.89511816836749,2.80442878818284,4.34597621090668,3.06992450368194,4.12377335473411
2.03460409093641,5.28125821710391,2.41112241794594,4.20180661006589,2.89118355869379,4.54104256861536,2.71143938327481,3.46585738235764
2.0212104148335,4.76459073609274,2.56287057555427,4.27421478367611,2.96083896913072,4.95262664009153,3.18716034648437,4.39453549629683
2.24718681188331,4.99095306949132,2.62418744678281,4.69598914740648,2.78856439660059,4.12602713473345,2.84636359170848,3.71111848189538
1.91826056998657,4.9244229142483,2.23918387245567,3.48152552140489,2.71707730887239,4.01320744754526,3.22611051530086,4.45173106865123
1.94665536524824,3.56514793676505,2.16517691354403,3.4656243607667,2.62900286267602,3.75846740332914,2.67492316962841,3.36149415692135
1.99894251858368,4.45874400197324,2.68789984330041,5.70188566862199,2.77605500175473,4.10717742630783,3.25153285268055,4.60858940598722
2.06790597427016,4.14365694545451,2.17071125959744,3.27778168283009,2.44190636865627,3.42700843016608,2.88124073987276,3.71458314595144
2.0813780415196,6.07477064856286,2.58155670606865,5.79903893169322,2.71074114167245,4.1620656975331,2.67464851811482,3.43248101804615
1.44306761671383,8.80496602337846,2.45931542870422,4.06512508064663,2.98742077286372,4.72621494158071,2.82975242062658,3.65884849857744
1.92234004421436,3.49001583944216,2.40692638180944,4.12163616812632,2.5930372971829,3.69993500945085,3.21102423766052,4.45042558180701
2.04684597281162,3.6326087584186,2.77749547243351,7.13765815607641,2.94585591806159,4.58254794474181,2.76039142560003,3.5419219398263
2.12295066108954,6.10980609581573,2.41769971626847,3.98734543252347,2.93872734091306,4.58163931283812,2.82917330283228,3.64714701864831
1.88861653097804,4.27820573825509,2.46721054223253,4.99769034900815,2.62938279755816,3.85561827108716,2.82808510900593,3.66826386612331
1.89571171301063,7.39730636111319,2.55469076788885,4.65230882364661,2.93982599460271,4.55920319957249,2.62490223340563,3.28567313647012
2.06725532076151,4.58263255820146,2.49598093257265,4.27382790450818,2.79236392637558,4.19464774089237,3.02569242888287,4.10152174763088
2.12249841092882,4.4501960233274,2.29921057745624,3.80469129667759,2.88152922201181,4.39365609851552,3.1195690453114,4.27417043674108
NA,NA,2.07262460075985,3.13300066222958,2.92146296521211,4.6151566068303,3.15882631126049,4.31526289697793
2.14310298824903,5.23536725398111,2.45299217961054,4.35340578112633,2.66108745945993,4.01271884587649,2.7789506885961,3.5976855913134
1.86622391548996,3.57167845940652,2.73820307282298,7.67480607926436,2.75318099866136,4.23590657338214,2.90441295009052,3.81033136622961
1.88610057632454,3.4745475411566,2.66858065126558,5.69087497443076,3.11526877573737,5.11790758990708,2.97386017057674,3.95005325321054
1.91742929738425,4.4421339279231,2.95838494427652,8.86864067712915,2.53806062980736,3.58553853938633,2.63200928063622,3.33139771799848
2.25781473986776,5.05239250145443,2.2432518461147,3.69161001511512,2.79781325666954,4.12307797924228,3.10454724901516,4.25278431778129
1.65353202152023,6.96661568582876,2.32920397894561,3.88102627674359,2.82390943794143,4.25884176531746,2.99233438869645,3.93834646094686
2.24737783017513,4.85280023532946,2.46253105507856,4.30078739141624,2.56224111885179,3.57415979571951,3.08245667877088,4.18585177589926
NA,NA,2.26128797682888,3.86412752060339,2.74254054843439,3.96858959449882,2.99626912695579,3.97618098004833
2.12805255603644,5.22060226184958,2.79385889399937,5.88600376399797,2.50725964354472,3.5781373861556,2.75501212297215,3.58374739036005
1.94728505839937,7.08680492182707,2.44608965377628,4.41444948218145,2.9461062712051,4.7359383692295,2.96415088406578,3.91401758194768
1.89893214577334,4.16459724707066,2.63582167996481,4.55154409083768,2.88012006075795,4.56353856580394,2.83891236391824,3.72475961319934
1.89726096465637,4.69543862923866,2.19882673868366,3.67612456387719,2.48877354722806,3.50969839222051,2.83926098007982,3.72802972104645
NA,NA,2.62073329080086,4.83111177049355,2.66975479710511,3.8689670985162,3.17776229992924,4.38234468520377
2.05217970182655,5.76501398414934,2.49461474657667,4.32657293911592,2.79938781622084,4.26449206455028,2.90803378312456,3.88871452834696
2.08830514598815,5.94339175262605,2.6521140038448,5.55287334997009,2.58188839735877,3.83078610636691,3.07625745001208,4.13501345303172
2.08653778943607,7.12186153082975,2.66012859593303,5.72642585377188,2.89543910466196,4.48096416594864,2.98996259307691,4.0070544044259
1.99453008881118,5.97998078562573,2.30140936388559,3.75861934123108,2.75860609682021,4.05672582048874,3.07887959564774,4.16196925806531
2.08101242290214,4.17935316858194,2.43653291241457,4.17065309886359,2.82669270087458,4.27204596891208,2.69992689633143,3.4475997367045
2.04616463047165,4.49565866001232,NA,NA,2.83385658396602,4.23589817697067,2.77757788194806,3.62907339266461
NA,NA,2.59083079313106,4.48126332168405,2.6823349832794,4.06287511237189,3.01102999634141,4.0326249086186
2.06761298052014,4.91600454468207,2.77022326450042,5.10023341660757,2.92838303403965,4.53883117698895,2.68750903291296,3.46386415156557
1.9747261945409,4.63964902388968,2.70310829858462,6.30376552525058,2.65139496736198,3.88921575272483,2.94733218405269,3.92243298288947
1.89638106041752,3.66158070873772,2.39720151411525,3.99132605667829,3.12991908889567,5.26687876245999,3.3030723910941,4.62782079986608
1.41661304006032,6.2833961446281,2.52985163328292,5.27799417432735,2.89297769862841,4.6658511202974,2.819546519512,3.65774044500784
NA,NA,2.34214547796091,3.94196804176147,3.08375173597835,5.19573621017778,2.89939147730344,3.82089229800897
2.18173282781167,5.54993185971733,2.40377697253415,4.03320175162094,2.93255219584752,4.73371412213893,2.7971813682514,3.61671814454112
2.22512010225128,6.10477756389076,2.57722148263767,4.54852798239186,2.81648995140822,4.21801384737002,2.85921952093349,3.76150984349283
2.1123726209017,5.43171704324539,2.41112207653463,3.95919505237903,2.53458514972425,3.5392671561285,2.77439888591302,3.58144273352701
1.96863121233184,7.07659170469816,2.66778957588567,4.84891080838763,2.43837813445386,3.36055663667164,2.90965024350826,3.88514450137803
2.07721584187495,6.48357612024538,NA,NA,2.883821697019,4.29171804402833,2.93801196812194,3.89246499220601
1.92276216984628,3.65593059260103,2.28246443742907,3.92957525500092,3.1333704928549,5.16236730030482,2.79239556790446,3.65124143204448
1.91147190969817,3.82597749612594,2.45111093002611,4.07774029407061,2.75842583325195,4.31174469176493,3.15565445630823,4.2793786955616
2.15778051609982,5.11737105422441,2.63357593432968,5.08605897763615,2.68442522014695,3.80103968379144,3.24219754034525,4.54947426837434
1.73273938167464,6.54726698696167,1.97997649875278,3.0104996873273,3.1695516926577,5.34542313014338,2.96344504532444,3.92073346324383
