"id","n","NNE","TYPE"
1,"500",2.64219510077372,"IV"
2,"500",5.52751375324097,"IV"
3,"500",2.9610285017197,"IV"
4,"500",2.69863471138962,"IV"
5,"500",2.90279615236255,"IV"
6,"500",3.32406574766668,"IV"
7,"500",2.96620890546136,"IV"
8,"500",3.13337894265722,"IV"
9,"500",3.93707859101131,"IV"
10,"500",3.85723848906069,"IV"
11,"500",2.97470545490888,"IV"
12,"500",2.98609520576521,"IV"
13,"500",3.25248643605246,"IV"
14,"500",3.10347594692586,"IV"
15,"500",4.13877877061519,"IV"
16,"500",3.80776687608547,"IV"
17,"500",3.46248907698524,"IV"
18,"500",4.17898401803197,"IV"
19,"500",6.34305337001715,"IV"
20,"500",2.97567920496185,"IV"
21,"500",2.90493202930663,"IV"
22,"500",4.7517166849458,"IV"
23,"500",5.15909434646449,"IV"
24,"500",3.36518603197785,"IV"
25,"500",3.09798781091727,"IV"
26,"500",3.84640832492544,"IV"
27,"500",3.3434834508632,"IV"
28,"500",3.67681266663647,"IV"
29,"500",3.03244546515697,"IV"
30,"500",3.67839278591268,"IV"
31,"500",2.97669366722601,"IV"
32,"500",3.46350982324294,"IV"
33,"500",2.84546360415315,"IV"
34,"500",2.47901355441969,"IV"
35,"500",3.13511591326008,"IV"
36,"500",3.04230904792636,"IV"
37,"500",3.34702588470076,"IV"
38,"500",3.08825062748552,"IV"
39,"500",3.8477930193603,"IV"
40,"500",4.27522544346707,"IV"
41,"500",3.9423054156721,"IV"
42,"500",3.3851282771755,"IV"
43,"500",3.79265014863231,"IV"
44,"500",3.43861095795083,"IV"
45,"500",3.45507446136763,"IV"
46,"500",4.48283931117489,"IV"
47,"500",4.46865057819388,"IV"
48,"500",2.63136052561179,"IV"
49,"500",3.05747283638937,"IV"
50,"500",3.16197933917521,"IV"
51,"500",4.47092310258441,"IV"
52,"500",3.14738363682426,"IV"
53,"500",3.13388141005519,"IV"
54,"500",3.44223308213071,"IV"
55,"500",2.71547105595855,"IV"
56,"500",3.91177014517981,"IV"
57,"500",3.27051792388963,"IV"
58,"500",2.90112018657937,"IV"
59,"500",3.94161388744981,"IV"
60,"500",2.91466298971577,"IV"
61,"500",3.46535676088088,"IV"
62,"500",2.55445054878183,"IV"
63,"500",2.79020393790856,"IV"
64,"500",3.91052474086776,"IV"
65,"500",2.86110718772348,"IV"
66,"500",3.64414344141573,"IV"
67,"500",2.50299860190466,"IV"
68,"500",4.54847384941244,"IV"
69,"500",2.83205632893913,"IV"
70,"500",2.69924272488548,"IV"
71,"500",3.21264784332671,"IV"
72,"500",3.27393223998368,"IV"
73,"500",2.48872159171173,"IV"
74,"500",4.48069201970055,"IV"
75,"500",3.2141244348491,"IV"
76,"500",3.95077728233958,"IV"
77,"500",2.75714327915837,"IV"
78,"500",2.24519958383565,"IV"
79,"500",3.82616569381774,"IV"
80,"500",3.83379296528104,"IV"
81,"500",3.97476746959616,"IV"
82,"500",3.2144477945824,"IV"
83,"500",4.38295231382337,"IV"
84,"500",3.7930146188669,"IV"
85,"500",3.16572037078002,"IV"
86,"500",2.886063409441,"IV"
87,"500",3.43486664898185,"IV"
88,"500",5.09952259374723,"IV"
89,"500",3.98848087638253,"IV"
90,"500",2.956837808344,"IV"
91,"500",3.47272983904891,"IV"
92,"500",3.38127647301438,"IV"
93,"500",3.84561992701421,"IV"
94,"500",2.92941873807226,"IV"
95,"500",3.78121340430432,"IV"
96,"500",2.84766391282988,"IV"
97,"500",2.73586393470287,"IV"
98,"500",4.69490458123424,"IV"
99,"500",3.44929846904157,"IV"
100,"500",5.90406289159875,"IV"
101,"500",2.98135185796763,"IV"
102,"500",3.16637175510372,"IV"
103,"500",3.84456149399495,"IV"
104,"500",3.35593654395758,"IV"
105,"500",3.40896978333326,"IV"
106,"500",2.69773094015139,"IV"
107,"500",4.29624359694775,"IV"
108,"500",3.7796482502389,"IV"
109,"500",5.20878613648128,"IV"
110,"500",3.90542465754277,"IV"
111,"500",4.57942225299381,"IV"
112,"500",3.22276161525955,"IV"
113,"500",3.62757920565893,"IV"
114,"500",2.96258566600283,"IV"
115,"500",4.35379481250331,"IV"
116,"500",10.6379344687804,"IV"
117,"500",3.08552050308293,"IV"
118,"500",2.67458028937986,"IV"
119,"500",3.82480899030977,"IV"
120,"500",4.37418393573667,"IV"
121,"500",3.19151152985784,"IV"
122,"500",4.98358741655738,"IV"
123,"500",3.56567941846392,"IV"
124,"500",3.0541714716239,"IV"
125,"500",3.11805852749562,"IV"
126,"500",3.27479120857538,"IV"
127,"500",2.75896289078968,"IV"
128,"500",3.3191867630968,"IV"
129,"500",2.78445014337586,"IV"
130,"500",3.47698458461321,"IV"
131,"500",2.65516821450082,"IV"
132,"500",5.0490274774131,"IV"
133,"500",4.4881410760801,"IV"
134,"500",2.93291931070109,"IV"
135,"500",2.77447448305237,"IV"
136,"500",3.40726074346326,"IV"
137,"500",4.1131889970808,"IV"
138,"500",2.60222285851185,"IV"
139,"500",3.79576870528882,"IV"
140,"500",2.84085929015838,"IV"
141,"500",3.54251977319257,"IV"
142,"500",4.99179025912788,"IV"
143,"500",2.89495966188618,"IV"
144,"500",4.28656970830044,"IV"
145,"500",2.79783790958123,"IV"
146,"500",3.66220522549917,"IV"
147,"500",3.29562174484154,"IV"
148,"500",3.40726496062247,"IV"
149,"500",3.00935498225092,"IV"
150,"500",4.07029532670577,"IV"
151,"500",3.05745384412319,"IV"
152,"500",3.80429651364701,"IV"
153,"500",4.53872438804312,"IV"
154,"500",3.94434799304732,"IV"
155,"500",3.13437613001498,"IV"
156,"500",3.4885128615679,"IV"
157,"500",4.5961200395023,"IV"
158,"500",3.96930685886035,"IV"
159,"500",3.17255997985438,"IV"
160,"500",3.70023652114709,"IV"
161,"500",4.79585209519024,"IV"
162,"500",3.39783819254514,"IV"
163,"500",2.88988157296094,"IV"
164,"500",3.45366689414134,"IV"
165,"500",3.89002495612667,"IV"
166,"500",2.87613851282069,"IV"
167,"500",2.97813951991574,"IV"
168,"500",3.31630699173676,"IV"
169,"500",2.91018066094966,"IV"
170,"500",4.13219852660822,"IV"
171,"500",3.92663938012423,"IV"
172,"500",3.38618606868316,"IV"
173,"500",3.49314600385482,"IV"
174,"500",4.50134797915718,"IV"
175,"500",3.32401042035911,"IV"
176,"500",3.1478974793208,"IV"
177,"500",3.52400877823301,"IV"
178,"500",3.34527585150186,"IV"
179,"500",2.7563325649138,"IV"
180,"500",4.46033050035921,"IV"
181,"500",3.66931860575419,"IV"
182,"500",2.68099164436729,"IV"
183,"500",4.51287103955003,"IV"
184,"500",2.95065217575077,"IV"
185,"500",3.22960276504466,"IV"
186,"500",3.17816318753588,"IV"
187,"500",3.79679301247061,"IV"
188,"500",3.45761274655496,"IV"
189,"500",4.62077884319949,"IV"
190,"500",4.87242699445271,"IV"
191,"500",4.19431447710747,"IV"
192,"500",4.54693583057646,"IV"
193,"500",3.19918825535714,"IV"
194,"500",2.97686096449055,"IV"
195,"500",3.1479465785184,"IV"
196,"500",2.96734098413401,"IV"
197,"500",3.88306336973536,"IV"
198,"500",3.45523256975378,"IV"
199,"500",2.9976892606668,"IV"
200,"500",3.35452488646584,"IV"
201,"500",4.31282253760192,"IV"
202,"500",3.92726689751834,"IV"
203,"500",4.14273961379979,"IV"
204,"500",3.65242379230499,"IV"
205,"500",4.35943992273081,"IV"
206,"500",3.13130306530802,"IV"
207,"500",3.09965692413135,"IV"
208,"500",3.76398975222598,"IV"
209,"500",3.8768141874283,"IV"
210,"500",3.65892409107235,"IV"
211,"500",3.21368872565751,"IV"
212,"500",2.83156569290974,"IV"
213,"500",3.65501470080035,"IV"
214,"500",3.65762500573612,"IV"
215,"500",4.80127074758961,"IV"
216,"500",3.40367413544522,"IV"
217,"500",3.53360931174992,"IV"
218,"500",3.23083851834426,"IV"
219,"500",3.32867204255105,"IV"
220,"500",2.85296045651214,"IV"
221,"500",3.15161932488979,"IV"
222,"500",3.83705777780631,"IV"
223,"500",2.88055599775554,"IV"
224,"500",2.68586161892083,"IV"
225,"500",3.49371779760553,"IV"
226,"500",2.65452933152885,"IV"
227,"500",7.53623457169723,"IV"
228,"500",3.24606923211398,"IV"
229,"500",2.32272233252966,"IV"
230,"500",3.47617973644912,"IV"
231,"500",4.81044296369549,"IV"
232,"500",3.66541779497284,"IV"
233,"500",3.17057933916629,"IV"
234,"500",3.21351978951228,"IV"
235,"500",3.28539470426743,"IV"
236,"500",3.37671289245443,"IV"
237,"500",3.33253452544469,"IV"
238,"500",6.11384003441472,"IV"
239,"500",2.56006849896632,"IV"
240,"500",3.60324430328043,"IV"
241,"500",2.9192040704407,"IV"
242,"500",3.53529305662671,"IV"
243,"500",4.00661897216827,"IV"
244,"500",3.16505361657055,"IV"
245,"500",4.57499642002088,"IV"
246,"500",3.30950207271291,"IV"
247,"500",3.58440893718109,"IV"
248,"500",2.5954378906059,"IV"
249,"500",2.79604837256717,"IV"
250,"500",3.50464018608513,"IV"
251,"500",3.03656487089849,"IV"
252,"500",3.75426942093173,"IV"
253,"500",2.97372660817787,"IV"
254,"500",3.24981017471515,"IV"
255,"500",2.91852679197768,"IV"
256,"500",2.86030938883635,"IV"
257,"500",2.81144805725343,"IV"
258,"500",3.80335952322759,"IV"
259,"500",5.56127408424803,"IV"
260,"500",3.2499194160898,"IV"
261,"500",3.32450734160977,"IV"
262,"500",2.7818394077671,"IV"
263,"500",3.58128407112576,"IV"
264,"500",2.82190719999957,"IV"
265,"500",3.64150611998907,"IV"
266,"500",3.37923619231982,"IV"
267,"500",3.80381017775422,"IV"
268,"500",2.6463842465407,"IV"
269,"500",4.15937238972829,"IV"
270,"500",2.51111570854705,"IV"
271,"500",4.12556539480418,"IV"
272,"500",3.60093375634908,"IV"
273,"500",5.95264045809198,"IV"
274,"500",4.8819765965621,"IV"
275,"500",4.36825652684022,"IV"
276,"500",3.39799262543955,"IV"
277,"500",2.89565336446484,"IV"
278,"500",3.1738570753157,"IV"
279,"500",3.63993024294216,"IV"
280,"500",3.04733879452649,"IV"
281,"500",3.81275477183883,"IV"
282,"500",2.89016016489318,"IV"
283,"500",2.68928689285503,"IV"
284,"500",3.34327594090362,"IV"
285,"500",3.34085108219327,"IV"
286,"500",3.2977929213608,"IV"
287,"500",3.1359133547374,"IV"
288,"500",3.48386942091432,"IV"
289,"500",3.25547216240982,"IV"
290,"500",6.87980524183111,"IV"
291,"500",4.77096722221599,"IV"
292,"500",4.03659108724423,"IV"
293,"500",3.27661798971041,"IV"
294,"500",3.05617084667026,"IV"
295,"500",4.28041594414986,"IV"
296,"500",3.67655155302172,"IV"
297,"500",2.95431678760816,"IV"
298,"500",4.35356551420049,"IV"
299,"500",3.071159846656,"IV"
300,"500",4.38009445824988,"IV"
301,"500",2.84322689330109,"IV"
302,"500",8.31741081420625,"IV"
303,"500",4.11562093140315,"IV"
304,"500",3.78248246688993,"IV"
305,"500",2.43415113217176,"IV"
306,"500",2.71754133127146,"IV"
307,"500",2.8801837978125,"IV"
308,"500",3.3563570812153,"IV"
309,"500",3.13880388919616,"IV"
310,"500",2.33797443815076,"IV"
311,"500",3.84648447224087,"IV"
312,"500",4.72019611694973,"IV"
313,"500",3.72855857083952,"IV"
314,"500",2.72691826678181,"IV"
315,"500",3.01151634907547,"IV"
316,"500",6.60172943116343,"IV"
317,"500",2.88070311197404,"IV"
318,"500",4.41244983810241,"IV"
319,"500",3.60254004252663,"IV"
320,"500",2.88063739695251,"IV"
321,"500",3.15942787373762,"IV"
322,"500",4.0542561405818,"IV"
323,"500",3.50042235615151,"IV"
324,"500",5.52617348638362,"IV"
325,"500",3.73559673715347,"IV"
326,"500",3.71054578123173,"IV"
327,"500",4.04403102911842,"IV"
328,"500",3.09303052473772,"IV"
329,"500",4.06118009692683,"IV"
330,"500",2.52521798722778,"IV"
331,"500",6.08826851187913,"IV"
332,"500",4.25321328447611,"IV"
333,"500",2.86271154002571,"IV"
334,"500",3.37431141057164,"IV"
335,"500",3.10075012114542,"IV"
336,"500",3.07523640475108,"IV"
337,"500",3.51019497623646,"IV"
338,"500",3.61656739548618,"IV"
339,"500",2.84162593743749,"IV"
340,"500",4.87839650359328,"IV"
341,"500",4.04895853807621,"IV"
342,"500",3.30275263784581,"IV"
343,"500",3.35023512447152,"IV"
344,"500",3.46455854561688,"IV"
345,"500",4.83505993683927,"IV"
346,"500",4.62897687245955,"IV"
347,"500",3.05830575133603,"IV"
348,"500",3.37540061110137,"IV"
349,"500",4.18279097552734,"IV"
350,"500",3.13006969155057,"IV"
351,"500",3.02109543970243,"IV"
352,"500",2.44776930079395,"IV"
353,"500",3.24511729077493,"IV"
354,"500",3.71166572066016,"IV"
355,"500",3.09109342210355,"IV"
356,"500",3.83472083399363,"IV"
357,"500",3.82818164571044,"IV"
358,"500",3.24617751051845,"IV"
359,"500",4.12649905566798,"IV"
360,"500",3.2943881450064,"IV"
361,"500",3.22900455307305,"IV"
362,"500",4.72362694697169,"IV"
363,"500",5.319231168001,"IV"
364,"500",3.77866029920243,"IV"
365,"500",3.40488450332124,"IV"
366,"500",2.9353693833654,"IV"
367,"500",4.31583573958644,"IV"
368,"500",2.78357253054714,"IV"
369,"500",2.71034905458395,"IV"
370,"500",3.67436396942254,"IV"
371,"500",3.28079352641774,"IV"
372,"500",3.29721485498322,"IV"
373,"500",4.38591151655778,"IV"
374,"500",5.88251304979965,"IV"
375,"500",3.51783818836608,"IV"
376,"500",3.45359793748847,"IV"
377,"500",2.690844510867,"IV"
378,"500",3.27123257753673,"IV"
379,"500",2.55143648657265,"IV"
380,"500",3.68711468974463,"IV"
381,"500",5.40892389796794,"IV"
382,"500",4.33777330128514,"IV"
383,"500",2.29916632586671,"IV"
384,"500",3.52046593193472,"IV"
385,"500",3.49941229598004,"IV"
386,"500",2.65531794144902,"IV"
387,"500",3.17252574388529,"IV"
388,"500",2.69173357026122,"IV"
389,"500",3.30509601444679,"IV"
390,"500",4.49604294793812,"IV"
391,"500",3.6069747863104,"IV"
392,"500",2.97590113794444,"IV"
393,"500",4.46007325547481,"IV"
394,"500",3.29379373498947,"IV"
395,"500",3.26322814090553,"IV"
396,"500",2.96436791158214,"IV"
397,"500",3.33101670030721,"IV"
398,"500",3.56338999991912,"IV"
399,"500",3.35433366454257,"IV"
400,"500",3.32811645520247,"IV"
401,"500",3.61641372256975,"IV"
402,"500",4.06519441586787,"IV"
403,"500",3.32752603265156,"IV"
404,"500",4.33526309683583,"IV"
405,"500",4.18585192940291,"IV"
406,"500",4.21313718173326,"IV"
407,"500",3.4500381343475,"IV"
408,"500",2.8988235676815,"IV"
409,"500",3.10418228605018,"IV"
410,"500",3.86777348234613,"IV"
411,"500",5.80696115244089,"IV"
412,"500",4.37258305957377,"IV"
413,"500",4.22416628876644,"IV"
414,"500",2.30093044902421,"IV"
415,"500",10.0256832967954,"IV"
416,"500",2.98981662216142,"IV"
417,"500",5.06890080589473,"IV"
418,"500",3.68063770595469,"IV"
419,"500",4.22585065695089,"IV"
420,"500",3.10532484783658,"IV"
421,"500",3.64347352770254,"IV"
422,"500",3.45115896697888,"IV"
423,"500",2.80454717795587,"IV"
424,"500",3.41533069770978,"IV"
425,"500",5.99735802902173,"IV"
426,"500",2.58235057867342,"IV"
427,"500",2.93937748685196,"IV"
428,"500",3.33964467897639,"IV"
429,"500",2.75544943857829,"IV"
430,"500",3.89133298653708,"IV"
431,"500",3.48340124997961,"IV"
432,"500",3.65623560579269,"IV"
433,"500",3.61649214949629,"IV"
434,"500",3.00414453575795,"IV"
435,"500",3.22543150931232,"IV"
436,"500",3.83920049261026,"IV"
437,"500",3.54209513548638,"IV"
438,"500",2.61253072710669,"IV"
439,"500",3.51474778404203,"IV"
440,"500",2.68257049486323,"IV"
441,"500",3.79144322099299,"IV"
442,"500",5.19360320076093,"IV"
443,"500",2.79333092622416,"IV"
444,"500",3.27842822384843,"IV"
445,"500",3.52009313797877,"IV"
446,"500",4.67536638425817,"IV"
447,"500",3.20336886171762,"IV"
448,"500",2.70082218499723,"IV"
449,"500",2.24385144096421,"IV"
450,"500",3.56351921932218,"IV"
451,"500",3.57629710201079,"IV"
452,"500",3.62591598133261,"IV"
453,"500",6.04240880217417,"IV"
454,"500",3.23435560265865,"IV"
455,"500",4.24145215114009,"IV"
456,"500",2.64997122262663,"IV"
457,"500",3.91704775307226,"IV"
458,"500",3.88314268863293,"IV"
459,"500",2.64280330433218,"IV"
460,"500",3.11783005727116,"IV"
461,"500",2.83862419641783,"IV"
462,"500",2.50094926378015,"IV"
463,"500",3.03324457093546,"IV"
464,"500",3.32370808288754,"IV"
465,"500",3.69149274986257,"IV"
466,"500",3.65534157981407,"IV"
467,"500",2.96034592231395,"IV"
468,"500",3.23056043254025,"IV"
469,"500",4.1992619161221,"IV"
470,"500",3.44319607505776,"IV"
471,"500",3.46614962165723,"IV"
472,"500",3.51490271943601,"IV"
473,"500",5.38354078611938,"IV"
474,"500",2.69812883188493,"IV"
475,"500",3.33132750084777,"IV"
476,"500",2.63038368649701,"IV"
477,"500",3.78030290262837,"IV"
478,"500",3.10926894433812,"IV"
479,"500",2.72183900941008,"IV"
480,"500",3.46663362499029,"IV"
481,"500",3.99485345510743,"IV"
482,"500",3.80959228440229,"IV"
483,"500",2.70530601222616,"IV"
484,"500",2.79480958627972,"IV"
485,"500",4.86802873911833,"IV"
486,"500",3.47097931990264,"IV"
487,"500",3.86565548568717,"IV"
488,"500",3.31040959194362,"IV"
489,"500",2.92411301064895,"IV"
490,"500",3.59903424065954,"IV"
491,"500",3.28597150692221,"IV"
492,"500",2.82761120248442,"IV"
493,"500",3.12039763989155,"IV"
494,"500",3.0298077606989,"IV"
495,"500",3.17348247569935,"IV"
496,"500",3.11864914779524,"IV"
497,"500",4.0406151789071,"IV"
498,"500",2.94326554397002,"IV"
499,"500",3.62065375977083,"IV"
500,"500",3.78099194303757,"IV"
501,"500",3.69196526199236,"IV"
502,"500",3.08430416089471,"IV"
503,"500",3.54912389904747,"IV"
504,"500",3.89951442880136,"IV"
505,"500",4.01205162787853,"IV"
506,"500",7.27462110951756,"IV"
507,"500",3.43340981198456,"IV"
508,"500",2.95998488601133,"IV"
509,"500",4.64998086030193,"IV"
510,"500",2.9813924558625,"IV"
511,"500",4.31819837394745,"IV"
512,"500",2.78992727775043,"IV"
513,"500",4.10483645686816,"IV"
514,"500",7.03033809771465,"IV"
515,"500",2.42899472780173,"IV"
516,"500",3.76096315667482,"IV"
517,"500",3.03979787482359,"IV"
518,"500",3.04506470913108,"IV"
519,"500",3.29831698861869,"IV"
520,"500",3.82018984569776,"IV"
521,"500",2.78803307957928,"IV"
522,"500",2.30937503295724,"IV"
523,"500",2.91821975341932,"IV"
524,"500",3.4891753150867,"IV"
525,"500",3.70801195778857,"IV"
526,"500",2.60154096224315,"IV"
527,"500",3.12917521579438,"IV"
528,"500",3.21997878647132,"IV"
529,"500",2.78120366072352,"IV"
530,"500",2.61012846016279,"IV"
531,"500",4.50434323871912,"IV"
532,"500",4.68960532494179,"IV"
533,"500",2.90048107941577,"IV"
534,"500",3.08997674581172,"IV"
535,"500",5.34481508716959,"IV"
536,"500",3.42706297204482,"IV"
537,"500",4.19751927089176,"IV"
538,"500",3.33401596186128,"IV"
539,"500",3.51385430848864,"IV"
540,"500",3.78890439112192,"IV"
541,"500",3.80839459591363,"IV"
542,"500",3.44509601671119,"IV"
543,"500",5.0150439861726,"IV"
544,"500",2.90886808012328,"IV"
545,"500",3.3978220195606,"IV"
546,"500",2.99221497362157,"IV"
547,"500",3.47386423064278,"IV"
548,"500",3.73324310695505,"IV"
549,"500",3.74489131486456,"IV"
550,"500",3.63374564419103,"IV"
551,"500",5.08126671410699,"IV"
552,"500",2.87884072636036,"IV"
553,"500",3.13066211895818,"IV"
554,"500",3.08160208323777,"IV"
555,"500",3.67707500636172,"IV"
556,"500",2.54639774980586,"IV"
557,"500",2.75567525297755,"IV"
558,"500",3.41115589691963,"IV"
559,"500",3.7205821408993,"IV"
560,"500",2.65500853373553,"IV"
561,"500",3.58856355892727,"IV"
562,"500",3.26881676249692,"IV"
563,"500",3.06377956827402,"IV"
564,"500",3.15097746585363,"IV"
565,"500",3.03404691282369,"IV"
566,"500",2.97142137123679,"IV"
567,"500",4.27830099639919,"IV"
568,"500",4.2014015155581,"IV"
569,"500",4.20370987568403,"IV"
570,"500",3.23456536577932,"IV"
571,"500",4.29465838961796,"IV"
572,"500",5.0802226091626,"IV"
573,"500",3.24158981295372,"IV"
574,"500",2.52356010985095,"IV"
575,"500",2.71769052332656,"IV"
576,"500",5.21323311430062,"IV"
577,"500",3.12129383501289,"IV"
578,"500",3.07881731869179,"IV"
579,"500",3.20490758519436,"IV"
580,"500",4.57899522842968,"IV"
581,"500",3.30327690810063,"IV"
582,"500",2.40890548787118,"IV"
583,"500",5.25939836245322,"IV"
584,"500",5.35611511081617,"IV"
585,"500",3.81691462575034,"IV"
586,"500",4.3670732018674,"IV"
587,"500",3.35721186446787,"IV"
588,"500",5.65924474257228,"IV"
589,"500",3.87616208753503,"IV"
590,"500",3.9136373675574,"IV"
591,"500",2.65323311783371,"IV"
592,"500",3.26074940060948,"IV"
593,"500",3.2566065736603,"IV"
594,"500",4.5196314082181,"IV"
595,"500",4.32941307596169,"IV"
596,"500",3.49687093172153,"IV"
597,"500",4.28175425131812,"IV"
598,"500",2.31715503763967,"IV"
599,"500",4.07653305261419,"IV"
600,"500",3.14296611612555,"IV"
601,"500",4.07023444779847,"IV"
602,"500",3.78783311125953,"IV"
603,"500",3.90310395550827,"IV"
604,"500",3.75453915838804,"IV"
605,"500",4.8849793378709,"IV"
606,"500",3.84465638332971,"IV"
607,"500",2.94694208132267,"IV"
608,"500",3.27734816764243,"IV"
609,"500",3.24209931499895,"IV"
610,"500",4.04015878164522,"IV"
611,"500",3.49937458591881,"IV"
612,"500",3.87749512227002,"IV"
613,"500",4.07287910042867,"IV"
614,"500",3.21848614873656,"IV"
615,"500",3.60863525896447,"IV"
616,"500",3.04373661057882,"IV"
617,"500",3.19092814592995,"IV"
618,"500",3.44297723528617,"IV"
619,"500",2.95454896876778,"IV"
620,"500",5.67315542114083,"IV"
621,"500",3.43919449630952,"IV"
622,"500",2.99361699269777,"IV"
623,"500",4.23219340972805,"IV"
624,"500",3.62433109246799,"IV"
625,"500",3.20359132716769,"IV"
626,"500",3.62815267116951,"IV"
627,"500",2.99188368290966,"IV"
628,"500",3.76430396023042,"IV"
629,"500",2.98844727222951,"IV"
630,"500",5.8586923269794,"IV"
631,"500",3.12323942095568,"IV"
632,"500",3.16167876207901,"IV"
633,"500",3.25475412062796,"IV"
634,"500",5.36938466519093,"IV"
635,"500",3.16246783028713,"IV"
636,"500",2.8461917710928,"IV"
637,"500",3.37679824323089,"IV"
638,"500",3.54598205004909,"IV"
639,"500",4.27032246655138,"IV"
640,"500",3.73170553361261,"IV"
641,"500",3.5123174891713,"IV"
642,"500",5.02098774272631,"IV"
643,"500",3.71461254530085,"IV"
644,"500",3.21160050975903,"IV"
645,"500",3.63551853820715,"IV"
646,"500",3.76137264636265,"IV"
647,"500",4.6242417190144,"IV"
648,"500",2.50339091625815,"IV"
649,"500",3.08265878529358,"IV"
650,"500",3.17113698172453,"IV"
651,"500",4.42101556343456,"IV"
652,"500",3.4024515366365,"IV"
653,"500",3.07789209549809,"IV"
654,"500",3.75171094140847,"IV"
655,"500",3.78097417131225,"IV"
656,"500",2.87099191797941,"IV"
657,"500",3.39418415205963,"IV"
658,"500",3.52599710598889,"IV"
659,"500",3.68965033607887,"IV"
660,"500",4.21726714465989,"IV"
661,"500",3.10797113938011,"IV"
662,"500",3.53884740190697,"IV"
663,"500",4.18489054329557,"IV"
664,"500",3.01801752994025,"IV"
665,"500",3.2412081652917,"IV"
666,"500",2.7303955048214,"IV"
667,"500",3.2202987280538,"IV"
668,"500",3.98470473349406,"IV"
669,"500",3.42149849621239,"IV"
670,"500",3.34500141839742,"IV"
671,"500",2.79179715175846,"IV"
672,"500",3.72964578856065,"IV"
673,"500",3.82229480632232,"IV"
674,"500",2.37326171181602,"IV"
675,"500",4.08498782631129,"IV"
676,"500",8.42813309206739,"IV"
677,"500",2.60424460282988,"IV"
678,"500",5.17272085002452,"IV"
679,"500",3.78099581653283,"IV"
680,"500",2.42386525935954,"IV"
681,"500",3.3312826739042,"IV"
682,"500",3.95519612326191,"IV"
683,"500",3.10124077937987,"IV"
684,"500",5.5747609685053,"IV"
685,"500",4.05748322606332,"IV"
686,"500",2.85394109554918,"IV"
687,"500",5.38394591652849,"IV"
688,"500",2.92079637460573,"IV"
689,"500",2.71851826252583,"IV"
690,"500",3.92546541309313,"IV"
691,"500",3.25660919339702,"IV"
692,"500",3.33428640898239,"IV"
693,"500",3.1052319217601,"IV"
694,"500",3.08887239259406,"IV"
695,"500",3.12261125969085,"IV"
696,"500",2.9060582766182,"IV"
697,"500",5.29115190172425,"IV"
698,"500",2.63712926279391,"IV"
699,"500",4.8462444830483,"IV"
700,"500",3.25166158990403,"IV"
701,"500",3.23794632921769,"IV"
702,"500",3.36488041402695,"IV"
703,"500",4.36889943818204,"IV"
704,"500",3.59679682320137,"IV"
705,"500",3.03483203067498,"IV"
706,"500",4.33794171895338,"IV"
707,"500",3.40935234312136,"IV"
708,"500",2.9954657194243,"IV"
709,"500",4.25787916885092,"IV"
710,"500",2.95382934252845,"IV"
711,"500",2.98477876243517,"IV"
712,"500",3.1336723520421,"IV"
713,"500",4.44383085762027,"IV"
714,"500",5.23382147471052,"IV"
715,"500",3.85114948452966,"IV"
716,"500",3.37005623839956,"IV"
717,"500",3.70960294949086,"IV"
718,"500",2.86283646387204,"IV"
719,"500",3.37491117837247,"IV"
720,"500",3.10929792055777,"IV"
721,"500",4.2766492880969,"IV"
722,"500",4.03617263482152,"IV"
723,"500",4.08249834937386,"IV"
724,"500",2.45555431009095,"IV"
725,"500",3.55932168549035,"IV"
726,"500",4.16937330632542,"IV"
727,"500",4.28829689460174,"IV"
728,"500",2.90636932317433,"IV"
729,"500",2.87343811809856,"IV"
730,"500",2.87901713450379,"IV"
731,"500",3.73160876915312,"IV"
732,"500",3.18788435787399,"IV"
733,"500",4.41892476163503,"IV"
734,"500",2.98747356195132,"IV"
735,"500",3.14918867614066,"IV"
736,"500",2.89025649572509,"IV"
737,"500",3.90011097452652,"IV"
738,"500",3.20415013999928,"IV"
739,"500",3.07250391167552,"IV"
740,"500",3.10444354084971,"IV"
741,"500",3.36530891444496,"IV"
742,"500",3.46140577808205,"IV"
743,"500",3.08198419271355,"IV"
744,"500",6.62182797845073,"IV"
745,"500",3.25197659424591,"IV"
746,"500",3.21026085722814,"IV"
747,"500",3.74696975256787,"IV"
748,"500",3.55435901335861,"IV"
749,"500",2.62473075791568,"IV"
750,"500",2.88505129590011,"IV"
751,"500",3.45797088700211,"IV"
752,"500",2.89569362694824,"IV"
753,"500",3.98539339485631,"IV"
754,"500",4.55326563291287,"IV"
755,"500",2.68679534754904,"IV"
756,"500",4.8442719092439,"IV"
757,"500",3.33875119456941,"IV"
758,"500",2.66008876547706,"IV"
759,"500",4.31515122559526,"IV"
760,"500",3.287747087424,"IV"
761,"500",4.62289730328463,"IV"
762,"500",4.3159803783115,"IV"
763,"500",2.91775075415212,"IV"
764,"500",2.99370337877076,"IV"
765,"500",2.69712374923424,"IV"
766,"500",2.75164036419878,"IV"
767,"500",3.38459754350829,"IV"
768,"500",3.07887769796898,"IV"
769,"500",3.65923415946255,"IV"
770,"500",3.24075452706503,"IV"
771,"500",3.65116195031347,"IV"
772,"500",3.06494436291861,"IV"
773,"500",3.49584167007653,"IV"
774,"500",2.78430657514666,"IV"
775,"500",3.02896809649078,"IV"
776,"500",3.78324092021006,"IV"
777,"500",3.60506658274051,"IV"
778,"500",3.07177283500665,"IV"
779,"500",3.87146516083358,"IV"
780,"500",3.41014125426152,"IV"
781,"500",4.20004354751165,"IV"
782,"500",3.13136316773442,"IV"
783,"500",3.0172292820822,"IV"
784,"500",3.06797788726559,"IV"
785,"500",4.18100760225016,"IV"
786,"500",3.02737626170584,"IV"
787,"500",4.48747958999227,"IV"
788,"500",3.44761687320193,"IV"
789,"500",2.90943677014749,"IV"
790,"500",3.62928552859613,"IV"
791,"500",3.59730006110332,"IV"
792,"500",3.10057470158231,"IV"
793,"500",13.2313478400859,"IV"
794,"500",2.68891760021762,"IV"
795,"500",3.4334066067624,"IV"
796,"500",2.44960453123092,"IV"
797,"500",3.76953543088334,"IV"
798,"500",3.45884112003362,"IV"
799,"500",4.38224083509881,"IV"
800,"500",4.76756411312618,"IV"
801,"500",3.50947580285897,"IV"
802,"500",4.75591934385058,"IV"
803,"500",5.05273374005074,"IV"
804,"500",3.67362779095499,"IV"
805,"500",4.02283301902711,"IV"
806,"500",3.6942361993645,"IV"
807,"500",3.23541444397718,"IV"
808,"500",2.63285479705273,"IV"
809,"500",4.9226260742356,"IV"
810,"500",2.95132952188716,"IV"
811,"500",2.68566596399895,"IV"
812,"500",4.72226052419074,"IV"
813,"500",3.38745963060766,"IV"
814,"500",2.56922007740791,"IV"
815,"500",3.40456817747512,"IV"
816,"500",4.83591224485063,"IV"
817,"500",5.11647132597212,"IV"
818,"500",5.0066187230941,"IV"
819,"500",6.16437933775979,"IV"
820,"500",3.80040005520697,"IV"
821,"500",2.96054803687853,"IV"
822,"500",3.23878702239593,"IV"
823,"500",2.92663078344841,"IV"
824,"500",3.68442577674814,"IV"
825,"500",4.14849175243893,"IV"
826,"500",2.39762452365251,"IV"
827,"500",3.43337976622763,"IV"
828,"500",3.22480986277069,"IV"
829,"500",4.32778229860675,"IV"
830,"500",3.55220854287766,"IV"
831,"500",4.10222280275478,"IV"
832,"500",3.83555164639887,"IV"
833,"500",3.3159498561802,"IV"
834,"500",2.7894165399336,"IV"
835,"500",3.44734107079088,"IV"
836,"500",2.98552470540025,"IV"
837,"500",3.55421612986644,"IV"
838,"500",3.4706054795096,"IV"
839,"500",3.4301647856442,"IV"
840,"500",3.02111419677499,"IV"
841,"500",3.35971038994995,"IV"
842,"500",3.73014855350807,"IV"
843,"500",2.81864258238054,"IV"
844,"500",2.40370773180764,"IV"
845,"500",3.67249576058695,"IV"
846,"500",6.09110197807665,"IV"
847,"500",4.34357844365028,"IV"
848,"500",3.81237966897456,"IV"
849,"500",4.88154457462519,"IV"
850,"500",4.021993641821,"IV"
851,"500",3.09559125173553,"IV"
852,"500",4.18758351565686,"IV"
853,"500",2.97279999153523,"IV"
854,"500",3.31342607517156,"IV"
855,"500",3.52224842680394,"IV"
856,"500",2.86669059849534,"IV"
857,"500",3.76434822250556,"IV"
858,"500",5.20421566488418,"IV"
859,"500",2.76603764753336,"IV"
860,"500",3.09434435744446,"IV"
861,"500",3.23012755603601,"IV"
862,"500",3.40006597826886,"IV"
863,"500",3.13353849195196,"IV"
864,"500",3.2038331880644,"IV"
865,"500",3.65595509677813,"IV"
866,"500",4.22272539528145,"IV"
867,"500",3.34882531441673,"IV"
868,"500",4.70068756511431,"IV"
869,"500",3.00732071948711,"IV"
870,"500",3.98136582807584,"IV"
871,"500",4.63324958324612,"IV"
872,"500",2.62246293410336,"IV"
873,"500",5.9699047377953,"IV"
874,"500",3.43591085080085,"IV"
875,"500",3.65300930740236,"IV"
876,"500",3.71682657708828,"IV"
877,"500",3.5186884244636,"IV"
878,"500",5.82353052406217,"IV"
879,"500",5.63149782456341,"IV"
880,"500",3.89488504624764,"IV"
881,"500",2.86665699210154,"IV"
882,"500",2.63365154540215,"IV"
883,"500",4.28425291278377,"IV"
884,"500",3.48876963997948,"IV"
885,"500",2.46500876410807,"IV"
886,"500",3.53454664788424,"IV"
887,"500",2.86788391304337,"IV"
888,"500",4.06895952853662,"IV"
889,"500",2.92556252071111,"IV"
890,"500",2.81692855380232,"IV"
891,"500",3.39360382932151,"IV"
892,"500",4.09524295269925,"IV"
893,"500",3.41059684477782,"IV"
894,"500",2.80079725026319,"IV"
895,"500",3.77706988088445,"IV"
896,"500",5.15077940441557,"IV"
897,"500",5.20600607878676,"IV"
898,"500",4.85530740511136,"IV"
899,"500",3.09415513918272,"IV"
900,"500",3.52346459411965,"IV"
901,"500",5.15349047252973,"IV"
902,"500",3.55601721422515,"IV"
903,"500",4.43125280464237,"IV"
904,"500",4.05946417461033,"IV"
905,"500",2.89564167400966,"IV"
906,"500",3.41113501084258,"IV"
907,"500",2.43778675238808,"IV"
908,"500",4.75329398638453,"IV"
909,"500",2.86995034829216,"IV"
910,"500",3.15841849320745,"IV"
911,"500",2.72148250404119,"IV"
912,"500",3.15562130480099,"IV"
913,"500",3.29102369263368,"IV"
914,"500",3.0538687672328,"IV"
915,"500",2.54874352825978,"IV"
916,"500",4.24216892673909,"IV"
917,"500",2.75334260749817,"IV"
918,"500",3.24876488930296,"IV"
919,"500",2.64715159903678,"IV"
920,"500",3.54851390378912,"IV"
921,"500",3.43006453882957,"IV"
922,"500",2.80365759903184,"IV"
923,"500",3.69221755251024,"IV"
924,"500",3.80224781348248,"IV"
925,"500",3.55269588499528,"IV"
926,"500",4.02368403231743,"IV"
927,"500",3.21693269264364,"IV"
928,"500",3.69593511701132,"IV"
929,"500",5.77674225911304,"IV"
930,"500",3.03946588218831,"IV"
931,"500",3.82016549108876,"IV"
932,"500",3.04375774558777,"IV"
933,"500",3.28713191651834,"IV"
934,"500",3.79727668684093,"IV"
935,"500",3.19523886094966,"IV"
936,"500",3.6202863535854,"IV"
937,"500",3.38602578237256,"IV"
938,"500",3.42356879393565,"IV"
939,"500",3.54910487421726,"IV"
940,"500",3.77511284743111,"IV"
941,"500",4.0438450098394,"IV"
942,"500",3.17357971642463,"IV"
943,"500",2.69895023348016,"IV"
944,"500",2.7466737682046,"IV"
945,"500",2.81401069133754,"IV"
946,"500",3.26858614427447,"IV"
947,"500",3.24993247044923,"IV"
948,"500",4.90159752843122,"IV"
949,"500",2.8355004801069,"IV"
950,"500",3.65793115402016,"IV"
951,"500",3.39290057546312,"IV"
952,"500",3.61906994068731,"IV"
953,"500",3.42134174211744,"IV"
954,"500",2.75590165100665,"IV"
955,"500",3.22884326027846,"IV"
956,"500",3.10578145986234,"IV"
957,"500",4.07807434504123,"IV"
958,"500",5.12401682004614,"IV"
959,"500",2.70617794182826,"IV"
960,"500",2.83972736561511,"IV"
961,"500",4.11637837845264,"IV"
962,"500",3.08341113461656,"IV"
963,"500",4.64650903706191,"IV"
964,"500",3.32494393948149,"IV"
965,"500",3.28634721712811,"IV"
966,"500",3.08403937000029,"IV"
967,"500",3.68923512111507,"IV"
968,"500",2.71895118744824,"IV"
969,"500",2.68032405874057,"IV"
970,"500",3.17978161265368,"IV"
971,"500",3.6551036206611,"IV"
972,"500",4.3100738536745,"IV"
973,"500",3.55008903275229,"IV"
974,"500",2.70893744623918,"IV"
975,"500",3.67432740894301,"IV"
976,"500",4.51704499011322,"IV"
977,"500",3.031764696422,"IV"
978,"500",3.29634979694751,"IV"
979,"500",2.2292597481066,"IV"
980,"500",3.90859684298795,"IV"
981,"500",4.0158484493071,"IV"
982,"500",4.60419966013291,"IV"
983,"500",3.98725543721845,"IV"
984,"500",3.13018279574204,"IV"
985,"500",3.27091164524198,"IV"
986,"500",2.96469702436527,"IV"
987,"500",3.49180876260111,"IV"
988,"500",3.30718760921529,"IV"
989,"500",2.77898088457762,"IV"
990,"500",3.85000459234421,"IV"
991,"500",2.5051437708663,"IV"
992,"500",3.8658323437645,"IV"
993,"500",4.16494883307102,"IV"
994,"500",3.77204483207355,"IV"
995,"500",4.522611458515,"IV"
996,"500",4.28039598106017,"IV"
997,"500",2.78934638122366,"IV"
998,"500",2.86872470291206,"IV"
999,"500",3.63757578516211,"IV"
1000,"500",4.14000318431816,"IV"
1,"1000",3.73968438738995,"IV"
2,"1000",3.84615375779403,"IV"
3,"1000",3.00221685876916,"IV"
4,"1000",3.24357747205814,"IV"
5,"1000",3.91946685143976,"IV"
6,"1000",3.58749875642209,"IV"
7,"1000",3.85883335013082,"IV"
8,"1000",2.8292091206775,"IV"
9,"1000",3.15875967476646,"IV"
10,"1000",4.75444074548234,"IV"
11,"1000",3.29987789111494,"IV"
12,"1000",3.4155530755742,"IV"
13,"1000",3.05306232613575,"IV"
14,"1000",3.16047711182546,"IV"
15,"1000",2.75809525807356,"IV"
16,"1000",3.65156191662851,"IV"
17,"1000",3.13139091083116,"IV"
18,"1000",3.55292423102307,"IV"
19,"1000",2.94489029938084,"IV"
20,"1000",3.26860653721201,"IV"
21,"1000",2.96083393186432,"IV"
22,"1000",4.86237862904516,"IV"
23,"1000",3.3928521586144,"IV"
24,"1000",3.22907005694999,"IV"
25,"1000",3.0653326705469,"IV"
26,"1000",3.95491727969581,"IV"
27,"1000",3.06175168141141,"IV"
28,"1000",3.92287677674163,"IV"
29,"1000",3.83118892769153,"IV"
30,"1000",4.05348675006032,"IV"
31,"1000",2.94832888144257,"IV"
32,"1000",3.97269142400054,"IV"
33,"1000",3.8725499696066,"IV"
34,"1000",3.61664755311323,"IV"
35,"1000",3.83916723557563,"IV"
36,"1000",3.1852685972647,"IV"
37,"1000",2.95847013669646,"IV"
38,"1000",3.23096628847546,"IV"
39,"1000",5.03940518807996,"IV"
40,"1000",4.06839412207329,"IV"
41,"1000",3.32875641790337,"IV"
42,"1000",3.59908176318301,"IV"
43,"1000",3.20487226050433,"IV"
44,"1000",3.34631910087882,"IV"
45,"1000",2.87404934291541,"IV"
46,"1000",3.42713536487134,"IV"
47,"1000",3.47622591970839,"IV"
48,"1000",3.25206610916088,"IV"
49,"1000",4.00159638537145,"IV"
50,"1000",3.82439523051573,"IV"
51,"1000",3.27105161738333,"IV"
52,"1000",2.65260499938235,"IV"
53,"1000",3.2131262613189,"IV"
54,"1000",3.39849869827166,"IV"
55,"1000",4.034009224575,"IV"
56,"1000",4.56757634723918,"IV"
57,"1000",3.84054095148487,"IV"
58,"1000",3.17502276602135,"IV"
59,"1000",2.98455978695497,"IV"
60,"1000",3.82667150687022,"IV"
61,"1000",3.98337272405078,"IV"
62,"1000",4.84883702320565,"IV"
63,"1000",3.34000706095245,"IV"
64,"1000",3.421212257224,"IV"
65,"1000",2.90311637064812,"IV"
66,"1000",3.8228629758676,"IV"
67,"1000",3.03849072907579,"IV"
68,"1000",3.0120661821938,"IV"
69,"1000",4.02426012797657,"IV"
70,"1000",3.5210267741723,"IV"
71,"1000",3.72799448591209,"IV"
72,"1000",3.7791159085408,"IV"
73,"1000",4.2141592687184,"IV"
74,"1000",3.37904441928314,"IV"
75,"1000",3.23022356958574,"IV"
76,"1000",3.05396298256847,"IV"
77,"1000",3.27295994097159,"IV"
78,"1000",4.04532373072588,"IV"
79,"1000",3.08701985958784,"IV"
80,"1000",3.93490605566967,"IV"
81,"1000",3.76811175239692,"IV"
82,"1000",3.23058364593311,"IV"
83,"1000",3.03321151689224,"IV"
84,"1000",4.27465379840338,"IV"
85,"1000",3.45578051644483,"IV"
86,"1000",3.40630197967079,"IV"
87,"1000",4.27428199368063,"IV"
88,"1000",3.06208713341362,"IV"
89,"1000",3.04558245459818,"IV"
90,"1000",4.27068343875578,"IV"
91,"1000",3.39921079262713,"IV"
92,"1000",3.56784780578728,"IV"
93,"1000",3.52375029828454,"IV"
94,"1000",3.14109295124301,"IV"
95,"1000",5.09763483207279,"IV"
96,"1000",3.28667728534864,"IV"
97,"1000",3.5051518797784,"IV"
98,"1000",3.53632352260096,"IV"
99,"1000",2.60755747474103,"IV"
100,"1000",3.41213628640348,"IV"
101,"1000",3.44958353001637,"IV"
102,"1000",3.08864942746408,"IV"
103,"1000",3.90944536030296,"IV"
104,"1000",3.05208837885434,"IV"
105,"1000",3.60646693960252,"IV"
106,"1000",3.42598593520383,"IV"
107,"1000",3.1392067580178,"IV"
108,"1000",3.04708097263416,"IV"
109,"1000",3.72599009371185,"IV"
110,"1000",3.64873032420698,"IV"
111,"1000",3.5802502883197,"IV"
112,"1000",3.81187427090281,"IV"
113,"1000",3.6794613598016,"IV"
114,"1000",2.98518357658474,"IV"
115,"1000",2.49474521712898,"IV"
116,"1000",2.78943014349147,"IV"
117,"1000",3.64222548970443,"IV"
118,"1000",3.71284200970095,"IV"
119,"1000",3.68904992755569,"IV"
120,"1000",2.64769865968083,"IV"
121,"1000",3.27632786660124,"IV"
122,"1000",3.52907233499809,"IV"
123,"1000",3.97931698177856,"IV"
124,"1000",2.92039057529674,"IV"
125,"1000",3.87266147369668,"IV"
126,"1000",3.35291899940164,"IV"
127,"1000",3.34647037460065,"IV"
128,"1000",2.6573192311671,"IV"
129,"1000",2.9782573628092,"IV"
130,"1000",3.65404435785242,"IV"
131,"1000",3.00727150643669,"IV"
132,"1000",2.98003687711839,"IV"
133,"1000",3.9137577105945,"IV"
134,"1000",2.817387660199,"IV"
135,"1000",3.02016153650713,"IV"
136,"1000",2.87008102661525,"IV"
137,"1000",4.03289219520051,"IV"
138,"1000",4.1700670698114,"IV"
139,"1000",3.96196158053354,"IV"
140,"1000",3.49986476630579,"IV"
141,"1000",3.68717582434926,"IV"
142,"1000",2.80769534039912,"IV"
143,"1000",2.97393376808137,"IV"
144,"1000",2.92234926074958,"IV"
145,"1000",4.38085792115866,"IV"
146,"1000",3.30252003742826,"IV"
147,"1000",2.84839109707533,"IV"
148,"1000",3.62044002419751,"IV"
149,"1000",3.25581745184922,"IV"
150,"1000",4.15864523371963,"IV"
151,"1000",2.98163947454069,"IV"
152,"1000",2.89944566683861,"IV"
153,"1000",4.5760016321756,"IV"
154,"1000",3.42618294174936,"IV"
155,"1000",3.30818784332724,"IV"
156,"1000",3.58009589870212,"IV"
157,"1000",3.12955752655831,"IV"
158,"1000",2.81569893879993,"IV"
159,"1000",3.43545957317211,"IV"
160,"1000",2.83720326378332,"IV"
161,"1000",3.24122778098535,"IV"
162,"1000",3.76543058299037,"IV"
163,"1000",2.53643532782274,"IV"
164,"1000",2.80708733417961,"IV"
165,"1000",3.19023301567566,"IV"
166,"1000",3.9165318068741,"IV"
167,"1000",3.99137859207457,"IV"
168,"1000",3.62916941193973,"IV"
169,"1000",2.88674798148393,"IV"
170,"1000",2.71594980565057,"IV"
171,"1000",4.30108510377497,"IV"
172,"1000",4.78188012922255,"IV"
173,"1000",4.01515922270003,"IV"
174,"1000",3.64994443724573,"IV"
175,"1000",3.19238485434077,"IV"
176,"1000",3.31028994165317,"IV"
177,"1000",3.62514733865173,"IV"
178,"1000",3.08688731783597,"IV"
179,"1000",3.72896127506387,"IV"
180,"1000",3.35265602994177,"IV"
181,"1000",3.39082735770587,"IV"
182,"1000",4.98220920385193,"IV"
183,"1000",3.23095796819464,"IV"
184,"1000",3.63827567801104,"IV"
185,"1000",4.15829510381458,"IV"
186,"1000",4.36058080254701,"IV"
187,"1000",3.89097295458096,"IV"
188,"1000",3.68767270814976,"IV"
189,"1000",3.93707219795029,"IV"
190,"1000",4.68847913819426,"IV"
191,"1000",3.41618996784202,"IV"
192,"1000",3.24823069264238,"IV"
193,"1000",3.6544510379079,"IV"
194,"1000",3.14401567818653,"IV"
195,"1000",3.11755011540666,"IV"
196,"1000",3.3878260985569,"IV"
197,"1000",3.63436486030724,"IV"
198,"1000",4.64807370004862,"IV"
199,"1000",3.31429988315004,"IV"
200,"1000",3.37061193371166,"IV"
201,"1000",3.05469775477428,"IV"
202,"1000",3.04264553864729,"IV"
203,"1000",3.67482103582917,"IV"
204,"1000",4.59382190857548,"IV"
205,"1000",4.95257674357521,"IV"
206,"1000",4.00025992827242,"IV"
207,"1000",3.55612045439829,"IV"
208,"1000",4.38075938998752,"IV"
209,"1000",2.95877878695855,"IV"
210,"1000",3.09215345009163,"IV"
211,"1000",4.13238478706588,"IV"
212,"1000",3.44524160426823,"IV"
213,"1000",2.98112820580085,"IV"
214,"1000",3.11962837438852,"IV"
215,"1000",3.57168416025884,"IV"
216,"1000",4.02334062412118,"IV"
217,"1000",2.73836912720787,"IV"
218,"1000",3.40296656658016,"IV"
219,"1000",2.88570716066999,"IV"
220,"1000",3.33141506933145,"IV"
221,"1000",4.37309635556227,"IV"
222,"1000",4.47921844311834,"IV"
223,"1000",3.23558810933593,"IV"
224,"1000",3.21968047092363,"IV"
225,"1000",3.35133705071384,"IV"
226,"1000",6.39578668772729,"IV"
227,"1000",3.73803782410804,"IV"
228,"1000",2.86840668236614,"IV"
229,"1000",3.11183444296814,"IV"
230,"1000",3.8499464301294,"IV"
231,"1000",3.94942224659997,"IV"
232,"1000",2.85904993108946,"IV"
233,"1000",3.14647334345566,"IV"
234,"1000",4.24422835996978,"IV"
235,"1000",3.64444776751427,"IV"
236,"1000",3.68453617127507,"IV"
237,"1000",3.05621277302634,"IV"
238,"1000",3.5627014830874,"IV"
239,"1000",3.23592784953695,"IV"
240,"1000",4.33650354173179,"IV"
241,"1000",4.39408188923728,"IV"
242,"1000",3.2876035882029,"IV"
243,"1000",2.82980065351855,"IV"
244,"1000",5.77850050434889,"IV"
245,"1000",2.49765339873726,"IV"
246,"1000",2.71117036431105,"IV"
247,"1000",3.31559805243627,"IV"
248,"1000",3.33940240227065,"IV"
249,"1000",3.67670727716829,"IV"
250,"1000",3.66679857853901,"IV"
251,"1000",3.23563829961828,"IV"
252,"1000",3.10028398356002,"IV"
253,"1000",3.24355694160762,"IV"
254,"1000",3.16739457892207,"IV"
255,"1000",2.76354144464542,"IV"
256,"1000",3.2541018641782,"IV"
257,"1000",3.12567761133148,"IV"
258,"1000",4.02584579590689,"IV"
259,"1000",3.02143121723369,"IV"
260,"1000",4.17315081671721,"IV"
261,"1000",3.88957962558665,"IV"
262,"1000",3.93518644268534,"IV"
263,"1000",3.03767551843878,"IV"
264,"1000",3.57262271526046,"IV"
265,"1000",4.28462784507399,"IV"
266,"1000",3.3612081980361,"IV"
267,"1000",3.99329177713265,"IV"
268,"1000",3.91374214972356,"IV"
269,"1000",3.27010785741384,"IV"
270,"1000",3.4257595408446,"IV"
271,"1000",3.04094901708182,"IV"
272,"1000",3.78400331383511,"IV"
273,"1000",3.82400698216104,"IV"
274,"1000",3.1420310285589,"IV"
275,"1000",3.31709310317428,"IV"
276,"1000",3.64402004496811,"IV"
277,"1000",4.31914326718281,"IV"
278,"1000",4.48996502252713,"IV"
279,"1000",3.20433719224669,"IV"
280,"1000",3.02412490481003,"IV"
281,"1000",2.83847289141394,"IV"
282,"1000",3.33082203159638,"IV"
283,"1000",3.693084901427,"IV"
284,"1000",3.75269484281344,"IV"
285,"1000",2.74946989844378,"IV"
286,"1000",3.45198765818671,"IV"
287,"1000",2.81240952925181,"IV"
288,"1000",2.99534352897773,"IV"
289,"1000",3.07576464425727,"IV"
290,"1000",3.98330575982982,"IV"
291,"1000",3.36285379224007,"IV"
292,"1000",2.8997218080014,"IV"
293,"1000",4.65519248237246,"IV"
294,"1000",3.90890661854989,"IV"
295,"1000",3.66864098657233,"IV"
296,"1000",4.66753884868218,"IV"
297,"1000",3.42860981210186,"IV"
298,"1000",2.94135040655115,"IV"
299,"1000",3.51163494752096,"IV"
300,"1000",2.78155782252696,"IV"
301,"1000",4.4273236378792,"IV"
302,"1000",3.64983129383542,"IV"
303,"1000",4.75701487927845,"IV"
304,"1000",3.34675586462918,"IV"
305,"1000",2.9171330954519,"IV"
306,"1000",4.85903830141309,"IV"
307,"1000",2.79299205329677,"IV"
308,"1000",4.12453204525183,"IV"
309,"1000",2.99438581331465,"IV"
310,"1000",3.55270379689731,"IV"
311,"1000",2.94432797330245,"IV"
312,"1000",2.72082309656343,"IV"
313,"1000",3.09482177283035,"IV"
314,"1000",3.67733546250548,"IV"
315,"1000",2.84168046741387,"IV"
316,"1000",3.408848243066,"IV"
317,"1000",3.50722378451443,"IV"
318,"1000",3.36513967528154,"IV"
319,"1000",4.37192977660611,"IV"
320,"1000",3.25829039905263,"IV"
321,"1000",3.17884236446259,"IV"
322,"1000",3.91882002955472,"IV"
323,"1000",4.0700556148729,"IV"
324,"1000",4.14095488983106,"IV"
325,"1000",3.21853995685661,"IV"
326,"1000",3.45950220918653,"IV"
327,"1000",3.80763501936398,"IV"
328,"1000",3.72861872646052,"IV"
329,"1000",3.39320468305472,"IV"
330,"1000",3.73048434877439,"IV"
331,"1000",3.66228658458872,"IV"
332,"1000",3.22174800690163,"IV"
333,"1000",3.06396736674442,"IV"
334,"1000",3.62409071150669,"IV"
335,"1000",3.8157271948642,"IV"
336,"1000",3.51124129775339,"IV"
337,"1000",3.46423143683161,"IV"
338,"1000",3.21096511958631,"IV"
339,"1000",3.47776106598983,"IV"
340,"1000",3.44716756270654,"IV"
341,"1000",2.83481126370133,"IV"
342,"1000",3.94100984987094,"IV"
343,"1000",5.269372071511,"IV"
344,"1000",3.12058530709623,"IV"
345,"1000",4.69619375363239,"IV"
346,"1000",3.25354858158042,"IV"
347,"1000",3.32752254126094,"IV"
348,"1000",2.8642284278443,"IV"
349,"1000",3.30936441468805,"IV"
350,"1000",3.41677724119983,"IV"
351,"1000",3.01330683351377,"IV"
352,"1000",2.89858145446112,"IV"
353,"1000",3.77113589133254,"IV"
354,"1000",4.55958182840874,"IV"
355,"1000",3.73523769765596,"IV"
356,"1000",4.81118748649854,"IV"
357,"1000",3.15226605853991,"IV"
358,"1000",4.82554823258832,"IV"
359,"1000",3.35554058714601,"IV"
360,"1000",3.93831337221398,"IV"
361,"1000",3.85133229786704,"IV"
362,"1000",3.40049689836332,"IV"
363,"1000",3.57468295980267,"IV"
364,"1000",3.40420884499133,"IV"
365,"1000",3.41314119228042,"IV"
366,"1000",2.70789571628845,"IV"
367,"1000",3.87219255700605,"IV"
368,"1000",3.5096899175857,"IV"
369,"1000",3.3315959651126,"IV"
370,"1000",3.48932139452293,"IV"
371,"1000",3.50202659438373,"IV"
372,"1000",2.67012336251639,"IV"
373,"1000",3.33049826281972,"IV"
374,"1000",3.95998395600055,"IV"
375,"1000",3.23675330154681,"IV"
376,"1000",3.72144735654745,"IV"
377,"1000",3.95749461347209,"IV"
378,"1000",3.94822791287331,"IV"
379,"1000",3.27544950156192,"IV"
380,"1000",3.22989562228173,"IV"
381,"1000",4.6507352025597,"IV"
382,"1000",3.24541942518657,"IV"
383,"1000",3.01611872944002,"IV"
384,"1000",3.23485789024775,"IV"
385,"1000",3.5075803314594,"IV"
386,"1000",4.0557905995178,"IV"
387,"1000",3.2492469626849,"IV"
388,"1000",3.87407920043188,"IV"
389,"1000",3.04798701328893,"IV"
390,"1000",3.6031900987461,"IV"
391,"1000",2.78402665797334,"IV"
392,"1000",3.011259291075,"IV"
393,"1000",2.58655033424153,"IV"
394,"1000",3.5064369118014,"IV"
395,"1000",3.13560489629603,"IV"
396,"1000",3.18359712911736,"IV"
397,"1000",4.04432536639724,"IV"
398,"1000",4.02082985942542,"IV"
399,"1000",3.08145559463899,"IV"
400,"1000",3.23343479452183,"IV"
401,"1000",3.43133443204192,"IV"
402,"1000",3.64047413925046,"IV"
403,"1000",4.21529659222341,"IV"
404,"1000",3.28797500645595,"IV"
405,"1000",4.24466263645413,"IV"
406,"1000",2.89725358807891,"IV"
407,"1000",3.19517524825643,"IV"
408,"1000",3.41928475525613,"IV"
409,"1000",4.13172407511108,"IV"
410,"1000",2.89942692480972,"IV"
411,"1000",4.92501739751691,"IV"
412,"1000",3.582310212794,"IV"
413,"1000",3.00663514894005,"IV"
414,"1000",3.17106199033456,"IV"
415,"1000",3.45836794508915,"IV"
416,"1000",3.28665815235575,"IV"
417,"1000",3.01516095840278,"IV"
418,"1000",3.63934935545934,"IV"
419,"1000",3.72017324843343,"IV"
420,"1000",3.32544706936375,"IV"
421,"1000",3.46587321924315,"IV"
422,"1000",3.09545719309846,"IV"
423,"1000",3.33741830956593,"IV"
424,"1000",3.77001698013207,"IV"
425,"1000",3.45558924608333,"IV"
426,"1000",2.83573202002196,"IV"
427,"1000",2.78025631766956,"IV"
428,"1000",5.3626539440921,"IV"
429,"1000",3.40978172158267,"IV"
430,"1000",2.71975368808252,"IV"
431,"1000",3.36657787167223,"IV"
432,"1000",2.46681011156904,"IV"
433,"1000",2.91147679808529,"IV"
434,"1000",3.56041733270105,"IV"
435,"1000",4.72369469590283,"IV"
436,"1000",3.88935643529403,"IV"
437,"1000",3.57767507532586,"IV"
438,"1000",3.29753620740724,"IV"
439,"1000",2.7430392160653,"IV"
440,"1000",3.8871526951718,"IV"
441,"1000",3.30709118182573,"IV"
442,"1000",3.55219876778471,"IV"
443,"1000",4.57553108120076,"IV"
444,"1000",3.85372008364329,"IV"
445,"1000",3.11854671645398,"IV"
446,"1000",3.22275574886985,"IV"
447,"1000",3.63822755210189,"IV"
448,"1000",2.76647320336049,"IV"
449,"1000",3.55247322895677,"IV"
450,"1000",3.81456677460213,"IV"
451,"1000",4.03149840131105,"IV"
452,"1000",3.33801756996448,"IV"
453,"1000",3.42670199761287,"IV"
454,"1000",3.08666659038845,"IV"
455,"1000",3.48025413336274,"IV"
456,"1000",2.99563049315349,"IV"
457,"1000",3.34364097755474,"IV"
458,"1000",4.39754318064405,"IV"
459,"1000",2.69489480398587,"IV"
460,"1000",3.05682987819664,"IV"
461,"1000",3.72761139799806,"IV"
462,"1000",3.54986993889697,"IV"
463,"1000",3.43001699837015,"IV"
464,"1000",3.55828674494742,"IV"
465,"1000",3.72531050091063,"IV"
466,"1000",3.52562970535402,"IV"
467,"1000",2.70690502442921,"IV"
468,"1000",3.28023102672478,"IV"
469,"1000",4.44141403920145,"IV"
470,"1000",4.09972110595132,"IV"
471,"1000",3.70341036477286,"IV"
472,"1000",4.60399622169875,"IV"
473,"1000",4.38419809537077,"IV"
474,"1000",2.68824465252865,"IV"
475,"1000",3.27741842550897,"IV"
476,"1000",3.64491647397098,"IV"
477,"1000",2.99128649363747,"IV"
478,"1000",3.40576197174594,"IV"
479,"1000",3.53248034752988,"IV"
480,"1000",3.90958042240268,"IV"
481,"1000",3.71643636283245,"IV"
482,"1000",3.70510143307831,"IV"
483,"1000",3.40802969963342,"IV"
484,"1000",2.99410370112596,"IV"
485,"1000",3.68245631447348,"IV"
486,"1000",3.31919392049734,"IV"
487,"1000",5.18963068330239,"IV"
488,"1000",3.7080645435573,"IV"
489,"1000",3.76801211165103,"IV"
490,"1000",3.21347378155568,"IV"
491,"1000",5.88850922828204,"IV"
492,"1000",3.4793642100739,"IV"
493,"1000",3.69513670378047,"IV"
494,"1000",3.51996116316397,"IV"
495,"1000",3.58537043465503,"IV"
496,"1000",3.03434149667151,"IV"
497,"1000",3.45140375796044,"IV"
498,"1000",2.76407549907456,"IV"
499,"1000",3.84695414678819,"IV"
500,"1000",3.2481728956977,"IV"
501,"1000",2.84076280154293,"IV"
502,"1000",3.04976539582266,"IV"
503,"1000",3.03918097736799,"IV"
504,"1000",3.75062166598428,"IV"
505,"1000",5.82322309016832,"IV"
506,"1000",4.04750019818313,"IV"
507,"1000",3.03481155845134,"IV"
508,"1000",3.45174090168956,"IV"
509,"1000",3.14579591856544,"IV"
510,"1000",3.07192619984875,"IV"
511,"1000",4.07769039772843,"IV"
512,"1000",2.97618722216416,"IV"
513,"1000",2.94205514531033,"IV"
514,"1000",4.21359786455209,"IV"
515,"1000",3.08932620136936,"IV"
516,"1000",3.00395755667698,"IV"
517,"1000",2.85286428325055,"IV"
518,"1000",3.67202412046621,"IV"
519,"1000",3.74839280900115,"IV"
520,"1000",3.58849069315229,"IV"
521,"1000",3.31889196737683,"IV"
522,"1000",3.63891628584663,"IV"
523,"1000",3.89777892566536,"IV"
524,"1000",3.47843784510733,"IV"
525,"1000",3.66753232329916,"IV"
526,"1000",3.12037793725824,"IV"
527,"1000",3.29001535347345,"IV"
528,"1000",2.8002008394812,"IV"
529,"1000",5.05167307294278,"IV"
530,"1000",4.19262339287696,"IV"
531,"1000",3.09223311423428,"IV"
532,"1000",4.26585820480872,"IV"
533,"1000",3.47398523047833,"IV"
534,"1000",3.31052865904997,"IV"
535,"1000",3.76619470069134,"IV"
536,"1000",5.11335639999143,"IV"
537,"1000",3.31746318740057,"IV"
538,"1000",3.87903041857172,"IV"
539,"1000",3.41737167008403,"IV"
540,"1000",4.04512816294945,"IV"
541,"1000",3.81089141662818,"IV"
542,"1000",3.83036580461591,"IV"
543,"1000",3.43989753382006,"IV"
544,"1000",4.33662156183769,"IV"
545,"1000",4.083103598688,"IV"
546,"1000",3.06229059551605,"IV"
547,"1000",3.44852551548477,"IV"
548,"1000",4.02387482764389,"IV"
549,"1000",3.50658562231466,"IV"
550,"1000",2.91585609058166,"IV"
551,"1000",2.79081734608097,"IV"
552,"1000",3.84876876548245,"IV"
553,"1000",3.49954556831216,"IV"
554,"1000",2.66913417035471,"IV"
555,"1000",2.87553141822493,"IV"
556,"1000",3.10329882500544,"IV"
557,"1000",2.87676563412439,"IV"
558,"1000",3.89563011539189,"IV"
559,"1000",3.91549443424332,"IV"
560,"1000",3.28275251057611,"IV"
561,"1000",3.27132171076936,"IV"
562,"1000",4.05482241834885,"IV"
563,"1000",3.34432392897963,"IV"
564,"1000",3.8557378307022,"IV"
565,"1000",3.37461691794696,"IV"
566,"1000",3.15881514882087,"IV"
567,"1000",3.38833343627388,"IV"
568,"1000",3.89020330521563,"IV"
569,"1000",2.80866768269876,"IV"
570,"1000",2.97689201062155,"IV"
571,"1000",4.31386714600088,"IV"
572,"1000",4.82377448203914,"IV"
573,"1000",3.16637285981134,"IV"
574,"1000",3.58802696963587,"IV"
575,"1000",3.53302571747747,"IV"
576,"1000",3.44941670075252,"IV"
577,"1000",3.51157811278993,"IV"
578,"1000",3.47697314304812,"IV"
579,"1000",3.32450809621714,"IV"
580,"1000",3.20529114420454,"IV"
581,"1000",3.66079694281319,"IV"
582,"1000",3.52640192576517,"IV"
583,"1000",3.37602942238418,"IV"
584,"1000",3.62808271207158,"IV"
585,"1000",3.90447051265629,"IV"
586,"1000",3.72371936629677,"IV"
587,"1000",5.33640104045314,"IV"
588,"1000",3.6921224527732,"IV"
589,"1000",4.05273991808164,"IV"
590,"1000",3.41149228719282,"IV"
591,"1000",2.93235239438702,"IV"
592,"1000",3.35786841811786,"IV"
593,"1000",3.55144908485799,"IV"
594,"1000",2.68373110419666,"IV"
595,"1000",3.17311516680307,"IV"
596,"1000",2.72324984428308,"IV"
597,"1000",5.41760687774046,"IV"
598,"1000",4.04943284566602,"IV"
599,"1000",3.16858735036806,"IV"
600,"1000",3.94174868669737,"IV"
601,"1000",3.87133594961252,"IV"
602,"1000",3.03753855188744,"IV"
603,"1000",3.11015939568821,"IV"
604,"1000",2.90056998329268,"IV"
605,"1000",3.25311750003098,"IV"
606,"1000",3.57423866079201,"IV"
607,"1000",3.13270259178665,"IV"
608,"1000",3.64471135050965,"IV"
609,"1000",3.39915101929925,"IV"
610,"1000",3.7320531877196,"IV"
611,"1000",3.00111196187684,"IV"
612,"1000",3.82691114768805,"IV"
613,"1000",3.88268694058539,"IV"
614,"1000",3.90542781203486,"IV"
615,"1000",3.23200315986436,"IV"
616,"1000",3.18058276281262,"IV"
617,"1000",4.09392964339495,"IV"
618,"1000",3.41874705626925,"IV"
619,"1000",2.59583222857317,"IV"
620,"1000",4.23455114298722,"IV"
621,"1000",3.85172969115782,"IV"
622,"1000",2.97563423781072,"IV"
623,"1000",2.7787962372976,"IV"
624,"1000",2.88543123303591,"IV"
625,"1000",3.44444833141323,"IV"
626,"1000",3.52113400840182,"IV"
627,"1000",3.40160369429991,"IV"
628,"1000",3.79052187305671,"IV"
629,"1000",4.06926265111939,"IV"
630,"1000",2.93863529833517,"IV"
631,"1000",3.50330367424517,"IV"
632,"1000",3.94233306623077,"IV"
633,"1000",3.35950176123719,"IV"
634,"1000",4.31271663251901,"IV"
635,"1000",4.15765893355991,"IV"
636,"1000",3.0710599636882,"IV"
637,"1000",3.23887081405942,"IV"
638,"1000",3.51157660674996,"IV"
639,"1000",3.22992657256579,"IV"
640,"1000",3.25517416500816,"IV"
641,"1000",2.85314963441725,"IV"
642,"1000",2.96175915576734,"IV"
643,"1000",3.55192398182149,"IV"
644,"1000",4.10909095277863,"IV"
645,"1000",3.74393528266931,"IV"
646,"1000",3.64965270161633,"IV"
647,"1000",3.4418724006536,"IV"
648,"1000",4.74655959389596,"IV"
649,"1000",3.66517055928266,"IV"
650,"1000",5.25364299497609,"IV"
651,"1000",3.57262199157644,"IV"
652,"1000",2.87480148945083,"IV"
653,"1000",4.00606164525464,"IV"
654,"1000",3.46800441710121,"IV"
655,"1000",2.99266302030507,"IV"
656,"1000",3.74729488306964,"IV"
657,"1000",3.63656114830443,"IV"
658,"1000",3.21854592702949,"IV"
659,"1000",3.10251394099596,"IV"
660,"1000",3.94166544874281,"IV"
661,"1000",4.83987634584032,"IV"
662,"1000",2.95649058958923,"IV"
663,"1000",3.18097596025326,"IV"
664,"1000",3.34086799534308,"IV"
665,"1000",3.63164247949739,"IV"
666,"1000",3.37475421145825,"IV"
667,"1000",3.4586148812479,"IV"
668,"1000",2.81715756873275,"IV"
669,"1000",2.96984621354775,"IV"
670,"1000",3.19116318832226,"IV"
671,"1000",3.86455210245427,"IV"
672,"1000",3.11163738197761,"IV"
673,"1000",3.00755697878683,"IV"
674,"1000",2.81497814485872,"IV"
675,"1000",3.37569794894387,"IV"
676,"1000",2.52632219062479,"IV"
677,"1000",2.65809723258726,"IV"
678,"1000",3.04417742334214,"IV"
679,"1000",3.52258892225631,"IV"
680,"1000",2.79919038716693,"IV"
681,"1000",3.38280504327708,"IV"
682,"1000",3.14247899858768,"IV"
683,"1000",3.24895257051502,"IV"
684,"1000",3.99402706442555,"IV"
685,"1000",3.50830125426418,"IV"
686,"1000",3.28089533272252,"IV"
687,"1000",3.96164143109716,"IV"
688,"1000",2.91862547674099,"IV"
689,"1000",2.64265396137991,"IV"
690,"1000",3.66416483310983,"IV"
691,"1000",3.27012842604127,"IV"
692,"1000",3.4901200160208,"IV"
693,"1000",3.647451219197,"IV"
694,"1000",3.72509113341206,"IV"
695,"1000",4.11301118391172,"IV"
696,"1000",3.45484371339052,"IV"
697,"1000",2.94729042083525,"IV"
698,"1000",3.06698909478253,"IV"
699,"1000",4.21418914255789,"IV"
700,"1000",3.96490415232822,"IV"
701,"1000",3.41259171929031,"IV"
702,"1000",3.883662195065,"IV"
703,"1000",3.62153373735599,"IV"
704,"1000",2.94948803672002,"IV"
705,"1000",4.22581719479074,"IV"
706,"1000",3.11720545075863,"IV"
707,"1000",3.28251397234058,"IV"
708,"1000",3.70049098867959,"IV"
709,"1000",3.07609917498449,"IV"
710,"1000",3.31981655710803,"IV"
711,"1000",3.55543877975668,"IV"
712,"1000",3.52346980632995,"IV"
713,"1000",4.64907772725977,"IV"
714,"1000",3.04435463195326,"IV"
715,"1000",4.09819844570529,"IV"
716,"1000",3.96673139639942,"IV"
717,"1000",3.61046592441521,"IV"
718,"1000",3.66479072959165,"IV"
719,"1000",3.11934891513194,"IV"
720,"1000",3.15734093123944,"IV"
721,"1000",3.46795944426059,"IV"
722,"1000",3.57217263018891,"IV"
723,"1000",2.92197052678383,"IV"
724,"1000",2.89249386604684,"IV"
725,"1000",5.57874067957055,"IV"
726,"1000",3.54180538890378,"IV"
727,"1000",2.68575036330478,"IV"
728,"1000",4.78033173510367,"IV"
729,"1000",3.38834330899233,"IV"
730,"1000",3.25017423448767,"IV"
731,"1000",3.64773548579387,"IV"
732,"1000",3.28503467640976,"IV"
733,"1000",3.96536347046442,"IV"
734,"1000",3.00896596537785,"IV"
735,"1000",3.94128937305866,"IV"
736,"1000",4.17548856055589,"IV"
737,"1000",3.3440998166614,"IV"
738,"1000",3.40702502991376,"IV"
739,"1000",3.09008323602738,"IV"
740,"1000",3.8380039867873,"IV"
741,"1000",3.00650473622912,"IV"
742,"1000",4.73617709069385,"IV"
743,"1000",3.00169263579929,"IV"
744,"1000",3.22172774499073,"IV"
745,"1000",3.55015896996198,"IV"
746,"1000",3.10307525391566,"IV"
747,"1000",4.21485972011882,"IV"
748,"1000",3.18884383749493,"IV"
749,"1000",3.09448335689812,"IV"
750,"1000",3.7641902390691,"IV"
751,"1000",3.39591783088962,"IV"
752,"1000",3.23753254379554,"IV"
753,"1000",3.157622526262,"IV"
754,"1000",5.58432804409822,"IV"
755,"1000",4.25068988908376,"IV"
756,"1000",3.81356914541356,"IV"
757,"1000",3.06001806529411,"IV"
758,"1000",3.31565321047764,"IV"
759,"1000",3.16145397645924,"IV"
760,"1000",3.53086879417718,"IV"
761,"1000",4.08224777581175,"IV"
762,"1000",4.027463406107,"IV"
763,"1000",4.55238370452951,"IV"
764,"1000",3.7775319691229,"IV"
765,"1000",3.03790583124398,"IV"
766,"1000",2.76132859121794,"IV"
767,"1000",4.54741032580452,"IV"
768,"1000",2.49903576781367,"IV"
769,"1000",3.51949751978145,"IV"
770,"1000",5.22692285268281,"IV"
771,"1000",2.96937036387195,"IV"
772,"1000",2.68026392795787,"IV"
773,"1000",2.84808046903977,"IV"
774,"1000",2.84302923650457,"IV"
775,"1000",3.49243738426488,"IV"
776,"1000",3.94470552891594,"IV"
777,"1000",3.21964308964483,"IV"
778,"1000",4.31590801632306,"IV"
779,"1000",2.85144369467969,"IV"
780,"1000",4.12222460070786,"IV"
781,"1000",4.30719632988123,"IV"
782,"1000",3.664440284114,"IV"
783,"1000",3.02486196436066,"IV"
784,"1000",4.26188369679774,"IV"
785,"1000",3.11722901707801,"IV"
786,"1000",3.3342579887609,"IV"
787,"1000",3.33943885477788,"IV"
788,"1000",3.77843142713617,"IV"
789,"1000",3.25412668428221,"IV"
790,"1000",3.56323730133605,"IV"
791,"1000",3.60836282922416,"IV"
792,"1000",5.72080129032161,"IV"
793,"1000",3.58715074423635,"IV"
794,"1000",3.24050102799715,"IV"
795,"1000",3.57472858853198,"IV"
796,"1000",3.43344065974295,"IV"
797,"1000",3.42664748408826,"IV"
798,"1000",3.4519559852049,"IV"
799,"1000",3.38583344246312,"IV"
800,"1000",3.11112836828679,"IV"
801,"1000",4.51193822877831,"IV"
802,"1000",3.40988847116183,"IV"
803,"1000",3.19561674709067,"IV"
804,"1000",3.61197457365085,"IV"
805,"1000",3.1330342638412,"IV"
806,"1000",3.82831088840196,"IV"
807,"1000",3.67093714208252,"IV"
808,"1000",3.1753355869658,"IV"
809,"1000",3.18874130249324,"IV"
810,"1000",3.34257274486573,"IV"
811,"1000",3.88793412483704,"IV"
812,"1000",3.77193399899075,"IV"
813,"1000",3.71439603016897,"IV"
814,"1000",2.95304676318564,"IV"
815,"1000",3.76504917525037,"IV"
816,"1000",3.55604471523625,"IV"
817,"1000",3.91041507113448,"IV"
818,"1000",2.72973787158298,"IV"
819,"1000",3.47574511347429,"IV"
820,"1000",4.31081925677306,"IV"
821,"1000",3.37577114528055,"IV"
822,"1000",3.93589606758628,"IV"
823,"1000",3.11808466685392,"IV"
824,"1000",3.76188056585554,"IV"
825,"1000",3.61499366006441,"IV"
826,"1000",3.34082390851027,"IV"
827,"1000",3.57467879666696,"IV"
828,"1000",3.12601230702003,"IV"
829,"1000",3.49013885640564,"IV"
830,"1000",3.21861394890182,"IV"
831,"1000",4.23326782855114,"IV"
832,"1000",3.40900721420281,"IV"
833,"1000",2.81438417155542,"IV"
834,"1000",4.75933321614622,"IV"
835,"1000",3.2099455269518,"IV"
836,"1000",3.85234848373055,"IV"
837,"1000",3.00121348463754,"IV"
838,"1000",3.34957702202042,"IV"
839,"1000",3.63897237979839,"IV"
840,"1000",3.76581947495055,"IV"
841,"1000",2.62680567585687,"IV"
842,"1000",4.40799934589145,"IV"
843,"1000",3.27500555677498,"IV"
844,"1000",2.67235420708445,"IV"
845,"1000",4.24262144181845,"IV"
846,"1000",3.56080383169791,"IV"
847,"1000",3.25345203192621,"IV"
848,"1000",3.05289005477143,"IV"
849,"1000",3.71718771829387,"IV"
850,"1000",3.20411863160245,"IV"
851,"1000",4.17897680024024,"IV"
852,"1000",2.87860055790867,"IV"
853,"1000",2.91617229010009,"IV"
854,"1000",4.10545317797202,"IV"
855,"1000",3.14510928537206,"IV"
856,"1000",4.31397201383172,"IV"
857,"1000",3.01873375573459,"IV"
858,"1000",3.7194760239642,"IV"
859,"1000",3.47372849628621,"IV"
860,"1000",2.69562716042063,"IV"
861,"1000",2.54115468270701,"IV"
862,"1000",3.69149230532644,"IV"
863,"1000",3.29088862001052,"IV"
864,"1000",4.16492043977955,"IV"
865,"1000",3.27565244178134,"IV"
866,"1000",2.86312954369579,"IV"
867,"1000",3.76149928998696,"IV"
868,"1000",3.05858569880456,"IV"
869,"1000",2.80861353739732,"IV"
870,"1000",3.07291107394683,"IV"
871,"1000",3.24583400530154,"IV"
872,"1000",3.41939556704655,"IV"
873,"1000",3.41334745047538,"IV"
874,"1000",3.37538718298544,"IV"
875,"1000",2.93568316976018,"IV"
876,"1000",2.8383249653682,"IV"
877,"1000",2.99607862334053,"IV"
878,"1000",3.37726514433106,"IV"
879,"1000",4.16165260392291,"IV"
880,"1000",3.76604965903203,"IV"
881,"1000",3.06708392005009,"IV"
882,"1000",3.61502325375554,"IV"
883,"1000",3.19434202884336,"IV"
884,"1000",3.13248440443234,"IV"
885,"1000",3.77657538868237,"IV"
886,"1000",2.54397535589335,"IV"
887,"1000",2.94802752200261,"IV"
888,"1000",4.30273875416145,"IV"
889,"1000",4.04995334015224,"IV"
890,"1000",2.80748043066128,"IV"
891,"1000",3.42733700576399,"IV"
892,"1000",3.48394547140341,"IV"
893,"1000",4.05157615347308,"IV"
894,"1000",3.32186194762316,"IV"
895,"1000",3.179991105887,"IV"
896,"1000",3.67412438399266,"IV"
897,"1000",3.35735648467714,"IV"
898,"1000",3.90294020266762,"IV"
899,"1000",4.03619372203575,"IV"
900,"1000",3.04977313528737,"IV"
901,"1000",3.62977276731478,"IV"
902,"1000",2.97611150267775,"IV"
903,"1000",3.72008430623342,"IV"
904,"1000",3.27241361964032,"IV"
905,"1000",4.29764759631113,"IV"
906,"1000",4.3208840987002,"IV"
907,"1000",3.34141299715114,"IV"
908,"1000",4.95861364469997,"IV"
909,"1000",3.79654928391353,"IV"
910,"1000",3.51245301647974,"IV"
911,"1000",3.11749616635169,"IV"
912,"1000",2.87428702335938,"IV"
913,"1000",3.33381291503417,"IV"
914,"1000",3.9895665647796,"IV"
915,"1000",3.37926005190425,"IV"
916,"1000",3.61593249794119,"IV"
917,"1000",3.37021090340323,"IV"
918,"1000",3.79930404957472,"IV"
919,"1000",3.20626298169257,"IV"
920,"1000",3.36258714756592,"IV"
921,"1000",4.10431274307823,"IV"
922,"1000",4.24619322274219,"IV"
923,"1000",3.82566605483085,"IV"
924,"1000",3.68560336771201,"IV"
925,"1000",2.66391526782693,"IV"
926,"1000",2.93037777665182,"IV"
927,"1000",3.48044348939488,"IV"
928,"1000",3.40138413905047,"IV"
929,"1000",3.69589584140088,"IV"
930,"1000",5.25918047613286,"IV"
931,"1000",3.42338490398503,"IV"
932,"1000",3.43366837473052,"IV"
933,"1000",3.83553457534676,"IV"
934,"1000",3.24700323300491,"IV"
935,"1000",4.79776656104726,"IV"
936,"1000",3.43546230355957,"IV"
937,"1000",3.76370230484204,"IV"
938,"1000",3.12750281104696,"IV"
939,"1000",3.58234792563229,"IV"
940,"1000",4.30243349243413,"IV"
941,"1000",3.43422872255889,"IV"
942,"1000",3.2877442135734,"IV"
943,"1000",2.72274725489666,"IV"
944,"1000",4.13186540334013,"IV"
945,"1000",3.05078663966731,"IV"
946,"1000",2.60385740175453,"IV"
947,"1000",4.5844193397325,"IV"
948,"1000",3.34864309494249,"IV"
949,"1000",3.13410139424402,"IV"
950,"1000",3.30646451400592,"IV"
951,"1000",3.41854267961519,"IV"
952,"1000",3.66008829709464,"IV"
953,"1000",2.86035469693028,"IV"
954,"1000",2.81540063715536,"IV"
955,"1000",4.1948927559612,"IV"
956,"1000",2.72424647121376,"IV"
957,"1000",4.19029781888093,"IV"
958,"1000",3.26222025467543,"IV"
959,"1000",3.26428127496788,"IV"
960,"1000",4.95757681425496,"IV"
961,"1000",3.20252257439597,"IV"
962,"1000",3.73245044562034,"IV"
963,"1000",3.60349979576773,"IV"
964,"1000",3.38490441854041,"IV"
965,"1000",3.05195093706692,"IV"
966,"1000",2.60281263149472,"IV"
967,"1000",3.40319898036843,"IV"
968,"1000",5.20650457604367,"IV"
969,"1000",4.17972781284817,"IV"
970,"1000",5.91351281070284,"IV"
971,"1000",2.96743093061491,"IV"
972,"1000",3.1051151278446,"IV"
973,"1000",3.3816592232474,"IV"
974,"1000",3.06270774871614,"IV"
975,"1000",4.33993132899867,"IV"
976,"1000",3.43026956797886,"IV"
977,"1000",3.59368288540125,"IV"
978,"1000",2.93747565128043,"IV"
979,"1000",3.7259225306472,"IV"
980,"1000",3.41059384284629,"IV"
981,"1000",4.10249367690744,"IV"
982,"1000",4.19327722485245,"IV"
983,"1000",3.03001435255834,"IV"
984,"1000",3.30359300563908,"IV"
985,"1000",3.35800870965027,"IV"
986,"1000",3.53604705740755,"IV"
987,"1000",3.935228340554,"IV"
988,"1000",4.5034369119176,"IV"
989,"1000",3.19426378539677,"IV"
990,"1000",3.90392290380513,"IV"
991,"1000",3.14205675986119,"IV"
992,"1000",3.21848936207755,"IV"
993,"1000",3.56287473251477,"IV"
994,"1000",3.18515856445683,"IV"
995,"1000",3.75835019213665,"IV"
996,"1000",2.82851205706665,"IV"
997,"1000",3.106019846215,"IV"
998,"1000",3.26442561204836,"IV"
999,"1000",3.85981745598291,"IV"
1000,"1000",2.49523809304004,"IV"
1,"2000",3.20819863770651,"IV"
2,"2000",3.12225822967827,"IV"
3,"2000",3.25937293743797,"IV"
4,"2000",3.49569056271724,"IV"
5,"2000",3.42161154427447,"IV"
6,"2000",3.41468646459163,"IV"
7,"2000",3.17114327138017,"IV"
8,"2000",4.0326570239289,"IV"
9,"2000",4.04695788397153,"IV"
10,"2000",3.72890615970367,"IV"
11,"2000",3.07065108119639,"IV"
12,"2000",4.26621151583188,"IV"
13,"2000",3.25091443257059,"IV"
14,"2000",3.00641775515618,"IV"
15,"2000",3.19778278850921,"IV"
16,"2000",3.42884674127839,"IV"
17,"2000",3.01271083224883,"IV"
18,"2000",3.55908660390584,"IV"
19,"2000",2.87746404318855,"IV"
20,"2000",3.23766244361974,"IV"
21,"2000",3.46047823495951,"IV"
22,"2000",3.51717321423879,"IV"
23,"2000",3.57544789832247,"IV"
24,"2000",3.80197056826439,"IV"
25,"2000",4.24485104770486,"IV"
26,"2000",3.27029513681238,"IV"
27,"2000",2.8040595021195,"IV"
28,"2000",2.86565118860114,"IV"
29,"2000",4.2827836427078,"IV"
30,"2000",3.97795868385881,"IV"
31,"2000",3.18890322765186,"IV"
32,"2000",3.34325552786694,"IV"
33,"2000",3.15513372278,"IV"
34,"2000",3.7555346260837,"IV"
35,"2000",3.57923465637183,"IV"
36,"2000",3.41756800956314,"IV"
37,"2000",3.39523656614957,"IV"
38,"2000",3.75746259190934,"IV"
39,"2000",3.34557444561194,"IV"
40,"2000",2.86303382165416,"IV"
41,"2000",3.12954344072715,"IV"
42,"2000",3.13667336317479,"IV"
43,"2000",3.02217651744347,"IV"
44,"2000",3.55646108949685,"IV"
45,"2000",3.3274290080176,"IV"
46,"2000",3.51774850898117,"IV"
47,"2000",3.71856509330089,"IV"
48,"2000",2.98404593107804,"IV"
49,"2000",3.13278949880002,"IV"
50,"2000",3.91307543944836,"IV"
51,"2000",3.5109900695534,"IV"
52,"2000",3.13537355440808,"IV"
53,"2000",3.94643372147513,"IV"
54,"2000",3.16289316175376,"IV"
55,"2000",3.35598101692062,"IV"
56,"2000",3.41214973153589,"IV"
57,"2000",3.05465084277938,"IV"
58,"2000",3.90954433810604,"IV"
59,"2000",3.53861962107713,"IV"
60,"2000",3.59666972798269,"IV"
61,"2000",4.12857949836681,"IV"
62,"2000",3.4218242167014,"IV"
63,"2000",4.09665337892864,"IV"
64,"2000",3.59681338876419,"IV"
65,"2000",3.82337808074645,"IV"
66,"2000",4.29314376723966,"IV"
67,"2000",4.11361269821396,"IV"
68,"2000",3.00355573477046,"IV"
69,"2000",3.39196931968915,"IV"
70,"2000",3.7245154445608,"IV"
71,"2000",3.06041797733631,"IV"
72,"2000",2.62401722573344,"IV"
73,"2000",3.24552201911926,"IV"
74,"2000",3.95827881204063,"IV"
75,"2000",3.25268983520836,"IV"
76,"2000",3.42453952228166,"IV"
77,"2000",3.76319551695381,"IV"
78,"2000",3.22540514081126,"IV"
79,"2000",2.8121764850718,"IV"
80,"2000",3.53002722312608,"IV"
81,"2000",3.01551283124541,"IV"
82,"2000",3.62360993935923,"IV"
83,"2000",3.25681171273748,"IV"
84,"2000",3.60020275712475,"IV"
85,"2000",3.58829477066106,"IV"
86,"2000",3.27335725069687,"IV"
87,"2000",3.25068738151554,"IV"
88,"2000",3.40521778120274,"IV"
89,"2000",3.69456309540935,"IV"
90,"2000",3.56716771203485,"IV"
91,"2000",2.73486223427742,"IV"
92,"2000",3.19463173830822,"IV"
93,"2000",2.88802613892828,"IV"
94,"2000",3.734745372087,"IV"
95,"2000",3.74329643893866,"IV"
96,"2000",3.48444950447733,"IV"
97,"2000",3.34152761252603,"IV"
98,"2000",3.44032896095899,"IV"
99,"2000",3.75838363264112,"IV"
100,"2000",2.82759402223126,"IV"
101,"2000",3.38646154044057,"IV"
102,"2000",3.55774619809533,"IV"
103,"2000",3.35040089448,"IV"
104,"2000",3.81935240166964,"IV"
105,"2000",3.25299013863193,"IV"
106,"2000",4.17813359722594,"IV"
107,"2000",4.02725352398362,"IV"
108,"2000",3.30848512401882,"IV"
109,"2000",3.86444618483072,"IV"
110,"2000",3.63060785584863,"IV"
111,"2000",3.12310955956164,"IV"
112,"2000",3.75504892280753,"IV"
113,"2000",3.61933137571922,"IV"
114,"2000",3.79003429471913,"IV"
115,"2000",3.34192061894568,"IV"
116,"2000",3.76119862941761,"IV"
117,"2000",3.94768916577339,"IV"
118,"2000",3.62569044840813,"IV"
119,"2000",4.11939696455345,"IV"
120,"2000",3.13674253217531,"IV"
121,"2000",3.49743424278378,"IV"
122,"2000",3.25811607168082,"IV"
123,"2000",3.2152599558609,"IV"
124,"2000",3.00998424665653,"IV"
125,"2000",3.65743082019962,"IV"
126,"2000",3.47709106309846,"IV"
127,"2000",3.70093872698347,"IV"
128,"2000",4.23680249808697,"IV"
129,"2000",3.52339250359615,"IV"
130,"2000",3.12284066499424,"IV"
131,"2000",3.46009040928032,"IV"
132,"2000",2.93248422685429,"IV"
133,"2000",3.36561400046736,"IV"
134,"2000",3.11505113975123,"IV"
135,"2000",2.87506330310847,"IV"
136,"2000",4.20688146013463,"IV"
137,"2000",3.97271333149946,"IV"
138,"2000",4.0675026350484,"IV"
139,"2000",4.29471213092958,"IV"
140,"2000",3.02579957574132,"IV"
141,"2000",3.75127343084682,"IV"
142,"2000",3.49706400149981,"IV"
143,"2000",3.69834752894042,"IV"
144,"2000",3.686832912929,"IV"
145,"2000",4.51891395409369,"IV"
146,"2000",2.99132622458805,"IV"
147,"2000",3.02191783135466,"IV"
148,"2000",3.14130786884454,"IV"
149,"2000",3.78859350681637,"IV"
150,"2000",3.82875878494154,"IV"
151,"2000",3.13634506514658,"IV"
152,"2000",3.2623349708,"IV"
153,"2000",3.3302880982791,"IV"
154,"2000",3.08635871691371,"IV"
155,"2000",3.55970472988076,"IV"
156,"2000",3.05936129018776,"IV"
157,"2000",3.79163576170692,"IV"
158,"2000",3.1389923823103,"IV"
159,"2000",3.11143195774847,"IV"
160,"2000",3.31702235039295,"IV"
161,"2000",3.80230485826485,"IV"
162,"2000",3.44856788600605,"IV"
163,"2000",3.8805992230154,"IV"
164,"2000",2.93955553024651,"IV"
165,"2000",4.21366376528335,"IV"
166,"2000",3.42087706146059,"IV"
167,"2000",3.1497791083811,"IV"
168,"2000",3.4408147604053,"IV"
169,"2000",3.47656471636834,"IV"
170,"2000",4.02124503032773,"IV"
171,"2000",2.96142584971661,"IV"
172,"2000",3.43587440984627,"IV"
173,"2000",4.03683668601243,"IV"
174,"2000",2.8573381454376,"IV"
175,"2000",2.997093668934,"IV"
176,"2000",3.26449105659677,"IV"
177,"2000",3.41053959051986,"IV"
178,"2000",3.54194088703892,"IV"
179,"2000",3.21749494079657,"IV"
180,"2000",3.33576065973822,"IV"
181,"2000",2.99175841560161,"IV"
182,"2000",2.81710826625084,"IV"
183,"2000",3.07188514899599,"IV"
184,"2000",4.16233521809434,"IV"
185,"2000",3.80677293627523,"IV"
186,"2000",3.42109241006684,"IV"
187,"2000",3.43100969868674,"IV"
188,"2000",3.17388695747204,"IV"
189,"2000",3.71414258399569,"IV"
190,"2000",3.82480854954306,"IV"
191,"2000",3.4828574336018,"IV"
192,"2000",3.31853882871904,"IV"
193,"2000",3.80519869807898,"IV"
194,"2000",3.2868142753752,"IV"
195,"2000",4.14504076319862,"IV"
196,"2000",3.69848498440706,"IV"
197,"2000",3.02211857063697,"IV"
198,"2000",3.73094012965027,"IV"
199,"2000",3.85382615424789,"IV"
200,"2000",3.3359910702196,"IV"
201,"2000",3.42666443705367,"IV"
202,"2000",3.36357678919772,"IV"
203,"2000",3.60879104593389,"IV"
204,"2000",3.1261280001697,"IV"
205,"2000",3.81201934882749,"IV"
206,"2000",3.88904440184543,"IV"
207,"2000",3.40764597739153,"IV"
208,"2000",3.72735340792315,"IV"
209,"2000",4.05623905943873,"IV"
210,"2000",3.13150263503131,"IV"
211,"2000",3.22797358722652,"IV"
212,"2000",3.98878023101577,"IV"
213,"2000",3.02237113922391,"IV"
214,"2000",3.0557390050701,"IV"
215,"2000",3.36734787381798,"IV"
216,"2000",3.56453882711464,"IV"
217,"2000",3.17741247357606,"IV"
218,"2000",3.71820520552912,"IV"
219,"2000",3.26578716881397,"IV"
220,"2000",2.96074956757462,"IV"
221,"2000",3.71486990317635,"IV"
222,"2000",3.5709073855626,"IV"
223,"2000",3.59763762549858,"IV"
224,"2000",3.52578643896496,"IV"
225,"2000",3.47089228258871,"IV"
226,"2000",4.08049261710947,"IV"
227,"2000",3.95362862323682,"IV"
228,"2000",2.99233611865912,"IV"
229,"2000",3.73045877467921,"IV"
230,"2000",3.2764990368108,"IV"
231,"2000",3.06665094277096,"IV"
232,"2000",3.60231968258077,"IV"
233,"2000",3.1395487469193,"IV"
234,"2000",3.51880166815486,"IV"
235,"2000",3.61846439788559,"IV"
236,"2000",3.53831420729114,"IV"
237,"2000",3.92648538495816,"IV"
238,"2000",2.92290654626004,"IV"
239,"2000",3.39026536554065,"IV"
240,"2000",3.61077392397722,"IV"
241,"2000",3.55857441104573,"IV"
242,"2000",3.61824978128459,"IV"
243,"2000",4.03427694326962,"IV"
244,"2000",3.3870481122874,"IV"
245,"2000",3.06923258344402,"IV"
246,"2000",3.17950569748139,"IV"
247,"2000",3.53054317811842,"IV"
248,"2000",3.02140949871622,"IV"
249,"2000",3.89439800299016,"IV"
250,"2000",2.86595994929888,"IV"
251,"2000",3.21576630532562,"IV"
252,"2000",3.06183506124839,"IV"
253,"2000",3.52833379297271,"IV"
254,"2000",3.54512470937958,"IV"
255,"2000",3.90014631819685,"IV"
256,"2000",3.0949731346368,"IV"
257,"2000",3.28230815931948,"IV"
258,"2000",3.24934591677574,"IV"
259,"2000",3.37059765123905,"IV"
260,"2000",3.57489509011382,"IV"
261,"2000",3.85127268913257,"IV"
262,"2000",3.14817810510609,"IV"
263,"2000",3.82504504980353,"IV"
264,"2000",3.64767571208899,"IV"
265,"2000",3.17125378232942,"IV"
266,"2000",2.94985539920911,"IV"
267,"2000",3.43447005668196,"IV"
268,"2000",3.35742989053292,"IV"
269,"2000",3.23464288482743,"IV"
270,"2000",3.70241094089301,"IV"
271,"2000",3.97234960506828,"IV"
272,"2000",3.58365536916938,"IV"
273,"2000",3.38525113116198,"IV"
274,"2000",3.51044611994922,"IV"
275,"2000",3.15148500823372,"IV"
276,"2000",3.55628498365731,"IV"
277,"2000",3.60884606485771,"IV"
278,"2000",4.21724493681831,"IV"
279,"2000",3.32967885530618,"IV"
280,"2000",3.33295467342486,"IV"
281,"2000",2.97996044987909,"IV"
282,"2000",3.75243984572522,"IV"
283,"2000",3.54422463822391,"IV"
284,"2000",4.10870172147246,"IV"
285,"2000",3.7986590350815,"IV"
286,"2000",3.15274996093975,"IV"
287,"2000",2.76389491407666,"IV"
288,"2000",3.16561894207706,"IV"
289,"2000",3.79962261205622,"IV"
290,"2000",3.61340916938568,"IV"
291,"2000",3.40799969306989,"IV"
292,"2000",3.17499222575185,"IV"
293,"2000",2.88586050301789,"IV"
294,"2000",3.12716281986878,"IV"
295,"2000",3.41888821449577,"IV"
296,"2000",3.3440438411208,"IV"
297,"2000",3.5770961873731,"IV"
298,"2000",3.39186076365824,"IV"
299,"2000",3.05033504157332,"IV"
300,"2000",3.17685562816684,"IV"
301,"2000",3.76905777054213,"IV"
302,"2000",3.11854479343134,"IV"
303,"2000",3.27387379258721,"IV"
304,"2000",3.66630899953042,"IV"
305,"2000",3.21358215649016,"IV"
306,"2000",3.19155196339991,"IV"
307,"2000",3.2444428499339,"IV"
308,"2000",4.39932993282268,"IV"
309,"2000",2.83261357797457,"IV"
310,"2000",4.22963055082414,"IV"
311,"2000",3.27091589318617,"IV"
312,"2000",3.14900292661874,"IV"
313,"2000",3.66751413761155,"IV"
314,"2000",3.65025694157137,"IV"
315,"2000",3.72154291930883,"IV"
316,"2000",4.3232749591086,"IV"
317,"2000",3.39894672729944,"IV"
318,"2000",3.14966455641617,"IV"
319,"2000",3.05602702565306,"IV"
320,"2000",3.29490632763097,"IV"
321,"2000",3.35593369166271,"IV"
322,"2000",4.00193759117561,"IV"
323,"2000",3.12312565610188,"IV"
324,"2000",3.47302025389268,"IV"
325,"2000",3.50503482222978,"IV"
326,"2000",3.55930510154585,"IV"
327,"2000",3.63554488376448,"IV"
328,"2000",4.3761317224538,"IV"
329,"2000",3.27584316952881,"IV"
330,"2000",3.47215239143589,"IV"
331,"2000",3.29414313833234,"IV"
332,"2000",2.906382399863,"IV"
333,"2000",2.87798962461486,"IV"
334,"2000",3.234048588137,"IV"
335,"2000",4.06774198268968,"IV"
336,"2000",3.41860202728842,"IV"
337,"2000",3.01907775145191,"IV"
338,"2000",3.11347368764299,"IV"
339,"2000",2.97210480364928,"IV"
340,"2000",2.97391852823305,"IV"
341,"2000",4.18163750498745,"IV"
342,"2000",2.99387067171439,"IV"
343,"2000",3.36620911015679,"IV"
344,"2000",2.82167494689587,"IV"
345,"2000",3.55185986615107,"IV"
346,"2000",3.49070848097845,"IV"
347,"2000",3.06074404273185,"IV"
348,"2000",3.35039919189939,"IV"
349,"2000",3.08281208072623,"IV"
350,"2000",3.83218828419463,"IV"
351,"2000",3.65690953155108,"IV"
352,"2000",4.15611512467783,"IV"
353,"2000",3.54762241627349,"IV"
354,"2000",3.60846890766254,"IV"
355,"2000",3.65085336959436,"IV"
356,"2000",3.01849016202964,"IV"
357,"2000",3.51946046593701,"IV"
358,"2000",3.12314512015051,"IV"
359,"2000",3.19197820561261,"IV"
360,"2000",3.3188436901484,"IV"
361,"2000",3.52102480367816,"IV"
362,"2000",3.64139325217769,"IV"
363,"2000",3.55522249697017,"IV"
364,"2000",3.3673207088108,"IV"
365,"2000",3.76465278094053,"IV"
366,"2000",3.39125947567294,"IV"
367,"2000",3.4582814762473,"IV"
368,"2000",3.30910817504431,"IV"
369,"2000",3.19341716048809,"IV"
370,"2000",3.97355814214789,"IV"
371,"2000",4.33258589336363,"IV"
372,"2000",3.37889644555286,"IV"
373,"2000",3.25006078202189,"IV"
374,"2000",3.88538499710144,"IV"
375,"2000",3.24308921378741,"IV"
376,"2000",3.85392362705775,"IV"
377,"2000",3.35644112716773,"IV"
378,"2000",3.37601632437899,"IV"
379,"2000",3.22755824739152,"IV"
380,"2000",4.06641433149256,"IV"
381,"2000",3.51505583295942,"IV"
382,"2000",3.13920665475966,"IV"
383,"2000",4.67952972478062,"IV"
384,"2000",3.68787732703937,"IV"
385,"2000",3.38922154636933,"IV"
386,"2000",3.63554882222264,"IV"
387,"2000",3.28660868011311,"IV"
388,"2000",3.67816381260558,"IV"
389,"2000",3.62144583930232,"IV"
390,"2000",3.56872522263537,"IV"
391,"2000",3.40624251625104,"IV"
392,"2000",3.2204541838189,"IV"
393,"2000",3.66055098159381,"IV"
394,"2000",2.92265872513251,"IV"
395,"2000",3.182885572219,"IV"
396,"2000",4.0700907220107,"IV"
397,"2000",3.8506754190529,"IV"
398,"2000",3.42053090354957,"IV"
399,"2000",3.06335968556602,"IV"
400,"2000",4.89440316831771,"IV"
401,"2000",3.34042853898939,"IV"
402,"2000",3.12436016585826,"IV"
403,"2000",3.63010547815749,"IV"
404,"2000",3.58371460948059,"IV"
405,"2000",3.17697315533462,"IV"
406,"2000",3.24311571538084,"IV"
407,"2000",3.19214692257586,"IV"
408,"2000",3.57757479665638,"IV"
409,"2000",3.45988607733136,"IV"
410,"2000",2.87836421264717,"IV"
411,"2000",3.15960326289002,"IV"
412,"2000",2.85487862198223,"IV"
413,"2000",3.62792952442205,"IV"
414,"2000",3.26672616452503,"IV"
415,"2000",3.46694900157403,"IV"
416,"2000",3.36427666543936,"IV"
417,"2000",3.86572354930979,"IV"
418,"2000",3.28115818723541,"IV"
419,"2000",3.20611513576423,"IV"
420,"2000",4.010901689413,"IV"
421,"2000",3.17813259512884,"IV"
422,"2000",3.82247627856462,"IV"
423,"2000",2.6119930418175,"IV"
424,"2000",3.11313527008353,"IV"
425,"2000",3.13891473500522,"IV"
426,"2000",3.2851624880889,"IV"
427,"2000",3.86377458627359,"IV"
428,"2000",3.06203180762537,"IV"
429,"2000",4.42670778668218,"IV"
430,"2000",3.68570576148277,"IV"
431,"2000",4.20698732171336,"IV"
432,"2000",2.9758433126094,"IV"
433,"2000",3.31509448878183,"IV"
434,"2000",3.42647968232191,"IV"
435,"2000",3.38917499485921,"IV"
436,"2000",3.29701953798371,"IV"
437,"2000",3.41509304639966,"IV"
438,"2000",3.57457739488528,"IV"
439,"2000",3.50437557296328,"IV"
440,"2000",3.08892424917484,"IV"
441,"2000",3.6457884784691,"IV"
442,"2000",3.83220809923206,"IV"
443,"2000",3.05656353100871,"IV"
444,"2000",3.73308965230928,"IV"
445,"2000",3.34425329028458,"IV"
446,"2000",3.72444308689673,"IV"
447,"2000",3.28954497789801,"IV"
448,"2000",3.33129122617301,"IV"
449,"2000",3.07361854985313,"IV"
450,"2000",3.04527018986575,"IV"
451,"2000",3.61897756889757,"IV"
452,"2000",3.41846775620057,"IV"
453,"2000",3.10533088555832,"IV"
454,"2000",3.13252818080834,"IV"
455,"2000",3.20303761874339,"IV"
456,"2000",3.98693991755937,"IV"
457,"2000",3.58934881702733,"IV"
458,"2000",3.94964845730825,"IV"
459,"2000",3.08082781968354,"IV"
460,"2000",3.77546247411545,"IV"
461,"2000",3.24556327195405,"IV"
462,"2000",4.18971044817395,"IV"
463,"2000",3.64716064503256,"IV"
464,"2000",3.17887115050085,"IV"
465,"2000",3.38795261143393,"IV"
466,"2000",3.20077984533178,"IV"
467,"2000",3.14066600774388,"IV"
468,"2000",2.79366089996815,"IV"
469,"2000",4.1588104131077,"IV"
470,"2000",2.90044504817186,"IV"
471,"2000",3.29990350766629,"IV"
472,"2000",3.25103874555213,"IV"
473,"2000",3.18449720518574,"IV"
474,"2000",3.12175441734814,"IV"
475,"2000",3.05176828266906,"IV"
476,"2000",3.99819539946523,"IV"
477,"2000",2.96206993555285,"IV"
478,"2000",4.29279970772413,"IV"
479,"2000",3.2816577629481,"IV"
480,"2000",3.79234589997427,"IV"
481,"2000",4.34406523296517,"IV"
482,"2000",3.83933193261158,"IV"
483,"2000",3.38573947603339,"IV"
484,"2000",3.60146088049339,"IV"
485,"2000",2.84918373599301,"IV"
486,"2000",3.32166058494618,"IV"
487,"2000",3.87894680898357,"IV"
488,"2000",3.49248633905797,"IV"
489,"2000",3.98539836070253,"IV"
490,"2000",3.21681567476622,"IV"
491,"2000",3.29170417401297,"IV"
492,"2000",3.29255239477393,"IV"
493,"2000",3.32640598453058,"IV"
494,"2000",3.36479085277876,"IV"
495,"2000",3.38553020966196,"IV"
496,"2000",3.49568391850788,"IV"
497,"2000",3.43990931423244,"IV"
498,"2000",3.99885576921911,"IV"
499,"2000",3.53928992508174,"IV"
500,"2000",4.48713368509195,"IV"
501,"2000",3.38226944179143,"IV"
502,"2000",3.39909597317848,"IV"
503,"2000",3.22041584387266,"IV"
504,"2000",3.51584378474707,"IV"
505,"2000",3.41980057945651,"IV"
506,"2000",3.39674460456789,"IV"
507,"2000",3.00333807590683,"IV"
508,"2000",3.64130061809038,"IV"
509,"2000",3.17287388337891,"IV"
510,"2000",3.13468711217668,"IV"
511,"2000",3.44904082245902,"IV"
512,"2000",3.30039219566098,"IV"
513,"2000",3.27775764447433,"IV"
514,"2000",3.86261036067463,"IV"
515,"2000",3.75133516197274,"IV"
516,"2000",3.11794663866273,"IV"
517,"2000",4.06310459963786,"IV"
518,"2000",3.27949819462994,"IV"
519,"2000",3.32975538850274,"IV"
520,"2000",3.07228493306596,"IV"
521,"2000",3.23419509991354,"IV"
522,"2000",3.2937460624397,"IV"
523,"2000",3.48754916715441,"IV"
524,"2000",3.58982208855578,"IV"
525,"2000",2.98992204482143,"IV"
526,"2000",3.69379286422595,"IV"
527,"2000",3.68120791163417,"IV"
528,"2000",3.26178451645984,"IV"
529,"2000",3.78479987929047,"IV"
530,"2000",4.01869208896585,"IV"
531,"2000",3.21032591722552,"IV"
532,"2000",3.63898318422296,"IV"
533,"2000",3.31969400385692,"IV"
534,"2000",3.40385608201598,"IV"
535,"2000",3.2007808674901,"IV"
536,"2000",3.44779305730422,"IV"
537,"2000",3.93823185986962,"IV"
538,"2000",3.40070926840796,"IV"
539,"2000",3.82714143063113,"IV"
540,"2000",3.85092905425268,"IV"
541,"2000",4.83492474925187,"IV"
542,"2000",3.60570448128225,"IV"
543,"2000",3.24083164769594,"IV"
544,"2000",3.19433355253065,"IV"
545,"2000",3.92762898793531,"IV"
546,"2000",3.11138494735008,"IV"
547,"2000",3.38136690769118,"IV"
548,"2000",3.73860091632921,"IV"
549,"2000",3.26103426745163,"IV"
550,"2000",3.43776699949948,"IV"
551,"2000",3.45413814984845,"IV"
552,"2000",3.57197763982608,"IV"
553,"2000",2.89815566669972,"IV"
554,"2000",2.79845306397141,"IV"
555,"2000",3.05620538011929,"IV"
556,"2000",3.35891532015717,"IV"
557,"2000",3.70423330134852,"IV"
558,"2000",3.24673409015311,"IV"
559,"2000",3.26676443648134,"IV"
560,"2000",3.84991659346275,"IV"
561,"2000",3.6188912079207,"IV"
562,"2000",3.32581008534366,"IV"
563,"2000",3.29249678319844,"IV"
564,"2000",3.17108516284742,"IV"
565,"2000",2.8776530901309,"IV"
566,"2000",4.18285030060914,"IV"
567,"2000",3.20437933441744,"IV"
568,"2000",3.55481603150464,"IV"
569,"2000",3.31975918043735,"IV"
570,"2000",3.84463638703649,"IV"
571,"2000",3.20284299320842,"IV"
572,"2000",2.88625668480395,"IV"
573,"2000",3.47356778499135,"IV"
574,"2000",3.97542364995085,"IV"
575,"2000",4.0276491880415,"IV"
576,"2000",3.22475113851371,"IV"
577,"2000",3.29379470890248,"IV"
578,"2000",3.4036032283191,"IV"
579,"2000",3.86245948040132,"IV"
580,"2000",3.30685012602597,"IV"
581,"2000",3.63181787089339,"IV"
582,"2000",3.65240558823037,"IV"
583,"2000",4.47771128132424,"IV"
584,"2000",3.70830275347583,"IV"
585,"2000",3.36001296882736,"IV"
586,"2000",4.94775554536754,"IV"
587,"2000",3.08408490414351,"IV"
588,"2000",3.89665215581942,"IV"
589,"2000",3.23624587613001,"IV"
590,"2000",3.98692566069119,"IV"
591,"2000",3.26944541257511,"IV"
592,"2000",3.3227551734863,"IV"
593,"2000",3.4880783609296,"IV"
594,"2000",3.40993168538439,"IV"
595,"2000",3.63705257406868,"IV"
596,"2000",3.93787956066601,"IV"
597,"2000",4.56675985844224,"IV"
598,"2000",3.0128721584816,"IV"
599,"2000",3.63905954827936,"IV"
600,"2000",3.75856992524635,"IV"
601,"2000",4.37347340871767,"IV"
602,"2000",3.13473033248944,"IV"
603,"2000",3.55918733352571,"IV"
604,"2000",3.20798895263206,"IV"
605,"2000",3.25283162616311,"IV"
606,"2000",3.10519928540812,"IV"
607,"2000",4.07187906990653,"IV"
608,"2000",3.46415656140912,"IV"
609,"2000",3.65103501374264,"IV"
610,"2000",3.03438984471983,"IV"
611,"2000",3.16985349810198,"IV"
612,"2000",3.67532033098686,"IV"
613,"2000",3.25810142201071,"IV"
614,"2000",3.87456998348792,"IV"
615,"2000",3.03361113674568,"IV"
616,"2000",4.37388167122969,"IV"
617,"2000",2.98025103593294,"IV"
618,"2000",3.13814772744095,"IV"
619,"2000",3.37225983306743,"IV"
620,"2000",3.39580300300754,"IV"
621,"2000",2.95411742098539,"IV"
622,"2000",3.20542569768929,"IV"
623,"2000",3.85772784273388,"IV"
624,"2000",3.27428745307176,"IV"
625,"2000",3.89557586963287,"IV"
626,"2000",3.52449898090199,"IV"
627,"2000",3.40029369571676,"IV"
628,"2000",3.48695328506391,"IV"
629,"2000",3.08732042075893,"IV"
630,"2000",3.1109830066916,"IV"
631,"2000",3.14769069680703,"IV"
632,"2000",2.72623122356462,"IV"
633,"2000",3.27718822437651,"IV"
634,"2000",3.58318502303131,"IV"
635,"2000",3.41888719672746,"IV"
636,"2000",4.00111807078776,"IV"
637,"2000",3.35488767440934,"IV"
638,"2000",3.70928550756964,"IV"
639,"2000",3.59116706988554,"IV"
640,"2000",3.57957965194806,"IV"
641,"2000",3.74241970080125,"IV"
642,"2000",3.35482607887919,"IV"
643,"2000",3.97076469605546,"IV"
644,"2000",3.09623638333581,"IV"
645,"2000",3.14143356794843,"IV"
646,"2000",3.67953400494272,"IV"
647,"2000",3.43647579519673,"IV"
648,"2000",3.4219545828183,"IV"
649,"2000",3.85489548692309,"IV"
650,"2000",4.02389991558072,"IV"
651,"2000",3.12822409499983,"IV"
652,"2000",3.39902312798823,"IV"
653,"2000",3.20120964754443,"IV"
654,"2000",3.68556116687974,"IV"
655,"2000",4.02497352185024,"IV"
656,"2000",3.54006764695644,"IV"
657,"2000",4.53009366410103,"IV"
658,"2000",3.40097300282983,"IV"
659,"2000",3.45872730358806,"IV"
660,"2000",3.41158682663229,"IV"
661,"2000",3.24024766017314,"IV"
662,"2000",3.35372063443956,"IV"
663,"2000",3.45422678053065,"IV"
664,"2000",3.64690487343092,"IV"
665,"2000",2.85100364410973,"IV"
666,"2000",3.4835725792255,"IV"
667,"2000",3.73956693157774,"IV"
668,"2000",3.16292884110996,"IV"
669,"2000",3.50620874858538,"IV"
670,"2000",3.48939295885584,"IV"
671,"2000",3.18666769664968,"IV"
672,"2000",3.07126919611874,"IV"
673,"2000",3.75389088235282,"IV"
674,"2000",3.8688641779022,"IV"
675,"2000",2.99410751517624,"IV"
676,"2000",3.35744628679968,"IV"
677,"2000",3.66661971623669,"IV"
678,"2000",3.81701897607568,"IV"
679,"2000",4.22382506387899,"IV"
680,"2000",3.72485642662585,"IV"
681,"2000",3.32626212427992,"IV"
682,"2000",3.63455737623928,"IV"
683,"2000",3.9781562218421,"IV"
684,"2000",3.34529392475269,"IV"
685,"2000",3.27069570784003,"IV"
686,"2000",3.11084558395151,"IV"
687,"2000",4.16318418147817,"IV"
688,"2000",3.40706173961406,"IV"
689,"2000",3.1180243224148,"IV"
690,"2000",3.37141813386332,"IV"
691,"2000",3.99554428498542,"IV"
692,"2000",3.50511681921115,"IV"
693,"2000",3.52249084262769,"IV"
694,"2000",3.58749449124971,"IV"
695,"2000",3.24511249230542,"IV"
696,"2000",3.47511093563918,"IV"
697,"2000",3.27910723577793,"IV"
698,"2000",3.28152137305756,"IV"
699,"2000",3.50986836625269,"IV"
700,"2000",3.33367723358717,"IV"
701,"2000",3.40214624549471,"IV"
702,"2000",3.17290530102364,"IV"
703,"2000",2.89298834589437,"IV"
704,"2000",3.46660334122581,"IV"
705,"2000",3.58207544580028,"IV"
706,"2000",3.65124161323275,"IV"
707,"2000",3.53586588576112,"IV"
708,"2000",3.80576550776268,"IV"
709,"2000",3.18668938354841,"IV"
710,"2000",3.34002616814975,"IV"
711,"2000",3.62365658926206,"IV"
712,"2000",4.2269846716006,"IV"
713,"2000",3.39615638546328,"IV"
714,"2000",3.42084944324058,"IV"
715,"2000",3.29737248346726,"IV"
716,"2000",3.4235829963949,"IV"
717,"2000",3.4920864406098,"IV"
718,"2000",3.68761738476651,"IV"
719,"2000",2.7888679155589,"IV"
720,"2000",3.32431238299395,"IV"
721,"2000",4.05262827780863,"IV"
722,"2000",3.41809080395748,"IV"
723,"2000",3.36156493784633,"IV"
724,"2000",3.14459365327069,"IV"
725,"2000",2.94688236860377,"IV"
726,"2000",3.46894626286226,"IV"
727,"2000",3.55015754455851,"IV"
728,"2000",3.58790729350209,"IV"
729,"2000",3.14774214103322,"IV"
730,"2000",2.86383657362337,"IV"
731,"2000",3.91294163525485,"IV"
732,"2000",3.16937101155079,"IV"
733,"2000",3.15603182654196,"IV"
734,"2000",4.19139619882853,"IV"
735,"2000",4.03566316827354,"IV"
736,"2000",4.59876910165339,"IV"
737,"2000",2.94939451845545,"IV"
738,"2000",3.24232163850359,"IV"
739,"2000",3.37169335765946,"IV"
740,"2000",3.76838176805076,"IV"
741,"2000",3.52423473225097,"IV"
742,"2000",3.38152748232394,"IV"
743,"2000",3.28726840242363,"IV"
744,"2000",3.06396130735747,"IV"
745,"2000",2.93591891444331,"IV"
746,"2000",3.13058916442786,"IV"
747,"2000",3.37578415429663,"IV"
748,"2000",3.42527803950282,"IV"
749,"2000",3.17885912072131,"IV"
750,"2000",3.24569300416007,"IV"
751,"2000",4.06564323570889,"IV"
752,"2000",3.16895744659185,"IV"
753,"2000",3.78167572218701,"IV"
754,"2000",3.26364883808462,"IV"
755,"2000",3.14409855703211,"IV"
756,"2000",3.38313706389716,"IV"
757,"2000",2.88222405061002,"IV"
758,"2000",3.55070152230407,"IV"
759,"2000",3.78116844704909,"IV"
760,"2000",4.70966721330589,"IV"
761,"2000",3.20086998512902,"IV"
762,"2000",3.26370651296424,"IV"
763,"2000",3.10436648005502,"IV"
764,"2000",3.46199936386772,"IV"
765,"2000",3.4955501877549,"IV"
766,"2000",3.89142910939385,"IV"
767,"2000",3.4992078328375,"IV"
768,"2000",3.67663721925604,"IV"
769,"2000",2.73646922968508,"IV"
770,"2000",4.15313436279626,"IV"
771,"2000",3.64817610681176,"IV"
772,"2000",3.26355267736026,"IV"
773,"2000",3.33280698152754,"IV"
774,"2000",3.51197340104175,"IV"
775,"2000",3.48848574774074,"IV"
776,"2000",3.42953145835008,"IV"
777,"2000",3.616214946257,"IV"
778,"2000",2.84744096392259,"IV"
779,"2000",3.37608997297343,"IV"
780,"2000",3.78385297768572,"IV"
781,"2000",3.58512219124621,"IV"
782,"2000",3.26282067179913,"IV"
783,"2000",3.299420784326,"IV"
784,"2000",4.05869013257573,"IV"
785,"2000",3.43572404966949,"IV"
786,"2000",3.90845856023791,"IV"
787,"2000",3.43539709978709,"IV"
788,"2000",3.02223006520719,"IV"
789,"2000",3.6054003166299,"IV"
790,"2000",3.10976398213003,"IV"
791,"2000",3.12139080567359,"IV"
792,"2000",3.43057733785716,"IV"
793,"2000",3.12051049265779,"IV"
794,"2000",3.46416974908765,"IV"
795,"2000",3.08976411572275,"IV"
796,"2000",2.79102114673032,"IV"
797,"2000",3.17642050534387,"IV"
798,"2000",3.58943449881069,"IV"
799,"2000",3.81816450660536,"IV"
800,"2000",3.14336749649031,"IV"
801,"2000",3.49274486601472,"IV"
802,"2000",4.07415241875846,"IV"
803,"2000",3.10982092384473,"IV"
804,"2000",3.12755364952887,"IV"
805,"2000",3.46154524580114,"IV"
806,"2000",3.38201328850207,"IV"
807,"2000",3.92631198120181,"IV"
808,"2000",3.34344472964195,"IV"
809,"2000",3.43065401088224,"IV"
810,"2000",4.00711425435616,"IV"
811,"2000",4.51592418084362,"IV"
812,"2000",3.99150729717775,"IV"
813,"2000",3.12841866951385,"IV"
814,"2000",3.38131359410908,"IV"
815,"2000",3.15593799015205,"IV"
816,"2000",2.95347937296224,"IV"
817,"2000",4.06669644776502,"IV"
818,"2000",3.67700617113756,"IV"
819,"2000",3.3377748366105,"IV"
820,"2000",3.54268775967331,"IV"
821,"2000",3.24410212263882,"IV"
822,"2000",3.5665214326716,"IV"
823,"2000",3.4397268410579,"IV"
824,"2000",4.08400351276029,"IV"
825,"2000",3.61893600256749,"IV"
826,"2000",4.10740749204697,"IV"
827,"2000",4.25072876664537,"IV"
828,"2000",3.69255441514294,"IV"
829,"2000",3.56170884878043,"IV"
830,"2000",3.24926262357704,"IV"
831,"2000",3.66856924107941,"IV"
832,"2000",3.5458455262982,"IV"
833,"2000",3.82092062530346,"IV"
834,"2000",3.42346918979601,"IV"
835,"2000",3.77035432989934,"IV"
836,"2000",3.41891105700083,"IV"
837,"2000",3.17078367618261,"IV"
838,"2000",3.43969440701622,"IV"
839,"2000",3.22429967913376,"IV"
840,"2000",3.50583672883966,"IV"
841,"2000",4.5545705211015,"IV"
842,"2000",2.92779775714477,"IV"
843,"2000",3.34712203265997,"IV"
844,"2000",4.6235384112301,"IV"
845,"2000",3.24642131789695,"IV"
846,"2000",3.43771140508178,"IV"
847,"2000",3.45154031812388,"IV"
848,"2000",3.11262393835646,"IV"
849,"2000",3.09239675004462,"IV"
850,"2000",3.75722606247776,"IV"
851,"2000",3.02275264857225,"IV"
852,"2000",3.58675467629288,"IV"
853,"2000",4.02347490233278,"IV"
854,"2000",3.42362454230841,"IV"
855,"2000",3.43995948977737,"IV"
856,"2000",3.29559475496887,"IV"
857,"2000",3.50121871877243,"IV"
858,"2000",3.43517347782355,"IV"
859,"2000",2.81800033848457,"IV"
860,"2000",3.51417758005177,"IV"
861,"2000",3.18105702072203,"IV"
862,"2000",3.24606812096338,"IV"
863,"2000",3.24056261230657,"IV"
864,"2000",3.16865116948388,"IV"
865,"2000",2.86610148992779,"IV"
866,"2000",3.61927747979361,"IV"
867,"2000",3.57550768988608,"IV"
868,"2000",3.86046282543541,"IV"
869,"2000",3.53978302761409,"IV"
870,"2000",3.67463178050976,"IV"
871,"2000",3.3643508040831,"IV"
872,"2000",2.99636621717548,"IV"
873,"2000",3.23493085389471,"IV"
874,"2000",2.94300345703271,"IV"
875,"2000",3.16241915249292,"IV"
876,"2000",3.52956168635899,"IV"
877,"2000",3.09245954326096,"IV"
878,"2000",3.02480888625482,"IV"
879,"2000",3.61039999019566,"IV"
880,"2000",3.70517138223852,"IV"
881,"2000",3.5356564090777,"IV"
882,"2000",3.49791079234011,"IV"
883,"2000",3.49340501752067,"IV"
884,"2000",3.36330152771167,"IV"
885,"2000",3.42748790971094,"IV"
886,"2000",2.98300301839662,"IV"
887,"2000",2.83062036858652,"IV"
888,"2000",3.21727280661461,"IV"
889,"2000",3.94787953417145,"IV"
890,"2000",3.04323726709589,"IV"
891,"2000",3.2009757331131,"IV"
892,"2000",3.32110225549229,"IV"
893,"2000",3.16366663523804,"IV"
894,"2000",3.90014722442394,"IV"
895,"2000",3.88046675011757,"IV"
896,"2000",3.53377382898616,"IV"
897,"2000",3.73071257366965,"IV"
898,"2000",3.47892413175637,"IV"
899,"2000",3.29427012314808,"IV"
900,"2000",3.27131319573301,"IV"
901,"2000",3.91959542573084,"IV"
902,"2000",3.62093286672301,"IV"
903,"2000",3.31803696059434,"IV"
904,"2000",3.74082215971824,"IV"
905,"2000",3.37572986643079,"IV"
906,"2000",3.36113258376271,"IV"
907,"2000",3.29346980261325,"IV"
908,"2000",2.86677809413392,"IV"
909,"2000",3.32436645090288,"IV"
910,"2000",3.63989167504898,"IV"
911,"2000",3.22375727176832,"IV"
912,"2000",3.32062145566263,"IV"
913,"2000",3.11514893630626,"IV"
914,"2000",3.27703555631457,"IV"
915,"2000",3.43711487550625,"IV"
916,"2000",3.69438881853154,"IV"
917,"2000",3.56279758408198,"IV"
918,"2000",3.52248080682917,"IV"
919,"2000",3.06438923178237,"IV"
920,"2000",3.22078717487695,"IV"
921,"2000",3.08616220133668,"IV"
922,"2000",4.19685361367394,"IV"
923,"2000",2.81962864589288,"IV"
924,"2000",4.23799556613518,"IV"
925,"2000",3.50270840916921,"IV"
926,"2000",3.21391403480947,"IV"
927,"2000",3.00742340963582,"IV"
928,"2000",2.92129716585559,"IV"
929,"2000",2.86908307267369,"IV"
930,"2000",3.19328433239265,"IV"
931,"2000",3.63347927911301,"IV"
932,"2000",3.33608687268139,"IV"
933,"2000",3.41280125780417,"IV"
934,"2000",3.34069581872988,"IV"
935,"2000",3.82603963014348,"IV"
936,"2000",3.24575187581015,"IV"
937,"2000",4.02261415613272,"IV"
938,"2000",3.39689525332894,"IV"
939,"2000",3.86129669396488,"IV"
940,"2000",3.02499461734949,"IV"
941,"2000",3.42896400271875,"IV"
942,"2000",3.23203361352329,"IV"
943,"2000",4.1202222162161,"IV"
944,"2000",3.510813438265,"IV"
945,"2000",3.20982224281948,"IV"
946,"2000",3.61503402465384,"IV"
947,"2000",3.35678475228386,"IV"
948,"2000",3.06500260425086,"IV"
949,"2000",3.57520249954476,"IV"
950,"2000",3.71611306365457,"IV"
951,"2000",3.95673280461113,"IV"
952,"2000",3.45729576566702,"IV"
953,"2000",3.36514237820882,"IV"
954,"2000",3.19373513300258,"IV"
955,"2000",3.44161621403128,"IV"
956,"2000",2.93445739941118,"IV"
957,"2000",3.43640341960277,"IV"
958,"2000",3.85681785722222,"IV"
959,"2000",3.14648615331688,"IV"
960,"2000",3.7642019314017,"IV"
961,"2000",3.76018332687559,"IV"
962,"2000",3.24250053432266,"IV"
963,"2000",3.7495145970876,"IV"
964,"2000",3.49350583363397,"IV"
965,"2000",3.63759266026367,"IV"
966,"2000",3.7683097860212,"IV"
967,"2000",3.33690315266821,"IV"
968,"2000",3.49454378602175,"IV"
969,"2000",4.11658818282223,"IV"
970,"2000",3.06179958459685,"IV"
971,"2000",3.46044561795591,"IV"
972,"2000",3.54137560162944,"IV"
973,"2000",3.06820045728565,"IV"
974,"2000",3.3555650714666,"IV"
975,"2000",3.04269851485016,"IV"
976,"2000",3.8410223202173,"IV"
977,"2000",3.72182931328094,"IV"
978,"2000",2.99923596972428,"IV"
979,"2000",3.26936094781066,"IV"
980,"2000",3.53193994038556,"IV"
981,"2000",3.20633725186284,"IV"
982,"2000",3.6882016353053,"IV"
983,"2000",3.40766595865447,"IV"
984,"2000",3.54936933489333,"IV"
985,"2000",3.53487738046835,"IV"
986,"2000",3.37260504782564,"IV"
987,"2000",3.7336071055143,"IV"
988,"2000",3.27030536004341,"IV"
989,"2000",4.19839892567783,"IV"
990,"2000",3.7794144094629,"IV"
991,"2000",4.13974397307807,"IV"
992,"2000",3.83313315899323,"IV"
993,"2000",3.51725189938912,"IV"
994,"2000",3.03692615292638,"IV"
995,"2000",2.89946738556275,"IV"
996,"2000",3.58776987052366,"IV"
997,"2000",4.14786889657986,"IV"
998,"2000",3.53508526250844,"IV"
999,"2000",3.2427324519692,"IV"
1000,"2000",4.25748741140054,"IV"
1,"4000",3.41731936923546,"IV"
2,"4000",3.39425407762835,"IV"
3,"4000",3.41490769767606,"IV"
4,"4000",3.30186398765651,"IV"
5,"4000",3.6565108933642,"IV"
6,"4000",3.59732558419238,"IV"
7,"4000",3.89953665499921,"IV"
8,"4000",3.54041365803703,"IV"
9,"4000",3.68703132392146,"IV"
10,"4000",3.36914890404457,"IV"
11,"4000",3.61987798720209,"IV"
12,"4000",3.1367368356969,"IV"
13,"4000",3.37245256316785,"IV"
14,"4000",3.44701543278968,"IV"
15,"4000",3.14703434467383,"IV"
16,"4000",3.43514675979274,"IV"
17,"4000",3.13711806742947,"IV"
18,"4000",3.70428175279289,"IV"
19,"4000",3.40472746258671,"IV"
20,"4000",3.98826697591538,"IV"
21,"4000",3.13196582123335,"IV"
22,"4000",3.61712805782811,"IV"
23,"4000",3.60888200215581,"IV"
24,"4000",3.05258690622595,"IV"
25,"4000",3.35093580003316,"IV"
26,"4000",2.913645348581,"IV"
27,"4000",3.56375690508165,"IV"
28,"4000",3.47241280445126,"IV"
29,"4000",3.19722080320362,"IV"
30,"4000",3.3252517073301,"IV"
31,"4000",3.71398167863731,"IV"
32,"4000",3.79124260683955,"IV"
33,"4000",3.35070186689138,"IV"
34,"4000",3.38831978922874,"IV"
35,"4000",3.41866653525999,"IV"
36,"4000",3.48488065022352,"IV"
37,"4000",3.00955658650052,"IV"
38,"4000",3.84147899341688,"IV"
39,"4000",3.00903852386556,"IV"
40,"4000",3.35413417769139,"IV"
41,"4000",3.40663804609015,"IV"
42,"4000",3.35979192482757,"IV"
43,"4000",3.7650942854284,"IV"
44,"4000",3.40210128159843,"IV"
45,"4000",2.864841779603,"IV"
46,"4000",3.37478640696902,"IV"
47,"4000",3.28918100321936,"IV"
48,"4000",3.51904992784776,"IV"
49,"4000",3.67375378701832,"IV"
50,"4000",3.32872194852407,"IV"
51,"4000",3.20398429064959,"IV"
52,"4000",3.32291059587147,"IV"
53,"4000",3.28273190425855,"IV"
54,"4000",3.34283346198296,"IV"
55,"4000",3.38083339260585,"IV"
56,"4000",3.25079904779879,"IV"
57,"4000",3.43914657427575,"IV"
58,"4000",3.42773998251189,"IV"
59,"4000",3.18454690368996,"IV"
60,"4000",3.17920387480455,"IV"
61,"4000",3.31624807986196,"IV"
62,"4000",4.33237955183871,"IV"
63,"4000",3.66921916579425,"IV"
64,"4000",3.2373426123319,"IV"
65,"4000",3.25683489927914,"IV"
66,"4000",3.35361584938558,"IV"
67,"4000",3.644556331795,"IV"
68,"4000",3.3432968403064,"IV"
69,"4000",3.68335087335445,"IV"
70,"4000",3.21459541752786,"IV"
71,"4000",3.26248849834573,"IV"
72,"4000",3.76081302202633,"IV"
73,"4000",3.60195979543694,"IV"
74,"4000",3.60110461399226,"IV"
75,"4000",3.40293115731566,"IV"
76,"4000",3.33502815327855,"IV"
77,"4000",3.6733128813791,"IV"
78,"4000",3.68781680964052,"IV"
79,"4000",3.69892253823766,"IV"
80,"4000",3.36825930249581,"IV"
81,"4000",3.58310721224353,"IV"
82,"4000",3.25790156204803,"IV"
83,"4000",3.1569565618437,"IV"
84,"4000",3.72592335465569,"IV"
85,"4000",3.37000941494303,"IV"
86,"4000",3.38731392064587,"IV"
87,"4000",3.62944054339611,"IV"
88,"4000",3.11071715814049,"IV"
89,"4000",3.32446510157441,"IV"
90,"4000",3.79322374134458,"IV"
91,"4000",3.07172836513325,"IV"
92,"4000",3.25905775349594,"IV"
93,"4000",3.61825549525525,"IV"
94,"4000",3.13816651743321,"IV"
95,"4000",4.0906790713049,"IV"
96,"4000",3.50222123418866,"IV"
97,"4000",3.70974826782078,"IV"
98,"4000",3.16756076491574,"IV"
99,"4000",3.13798701491271,"IV"
100,"4000",3.49103404531169,"IV"
101,"4000",3.3909050371798,"IV"
102,"4000",3.46666343127013,"IV"
103,"4000",3.06872852940631,"IV"
104,"4000",3.5817613285477,"IV"
105,"4000",3.30485410875305,"IV"
106,"4000",3.85724427835205,"IV"
107,"4000",3.28092559211354,"IV"
108,"4000",3.23041852553716,"IV"
109,"4000",3.96510442763251,"IV"
110,"4000",3.30173270317862,"IV"
111,"4000",3.46375508210278,"IV"
112,"4000",3.18496271332608,"IV"
113,"4000",3.38415783956855,"IV"
114,"4000",3.39671456876427,"IV"
115,"4000",3.70980997512449,"IV"
116,"4000",3.2641680275878,"IV"
117,"4000",3.92054737824839,"IV"
118,"4000",3.3376488700578,"IV"
119,"4000",3.41986452155128,"IV"
120,"4000",3.41156346300329,"IV"
121,"4000",3.06415346619511,"IV"
122,"4000",3.36727590735755,"IV"
123,"4000",3.63714630050611,"IV"
124,"4000",3.1998402438995,"IV"
125,"4000",3.48390499920026,"IV"
126,"4000",3.33852078566357,"IV"
127,"4000",3.12205820935786,"IV"
128,"4000",3.1829058969295,"IV"
129,"4000",3.5697969605966,"IV"
130,"4000",3.75436205321659,"IV"
131,"4000",3.3388543417104,"IV"
132,"4000",3.53178806778067,"IV"
133,"4000",2.89954840649591,"IV"
134,"4000",3.57144140341888,"IV"
135,"4000",3.18202526788002,"IV"
136,"4000",3.13176404151149,"IV"
137,"4000",3.42110800053641,"IV"
138,"4000",4.38985123634598,"IV"
139,"4000",3.09227715933929,"IV"
140,"4000",3.46288907730303,"IV"
141,"4000",3.40381884743743,"IV"
142,"4000",3.72279136390815,"IV"
143,"4000",3.6811062823374,"IV"
144,"4000",3.86760787023333,"IV"
145,"4000",3.42579033266207,"IV"
146,"4000",3.40808073708099,"IV"
147,"4000",3.25883408074467,"IV"
148,"4000",3.30784161899941,"IV"
149,"4000",3.67362835393214,"IV"
150,"4000",3.37612459477657,"IV"
151,"4000",3.3959028697349,"IV"
152,"4000",3.56041010653746,"IV"
153,"4000",3.30770736470677,"IV"
154,"4000",3.32116585368869,"IV"
155,"4000",3.45852343971567,"IV"
156,"4000",3.39035692744618,"IV"
157,"4000",3.79923535301351,"IV"
158,"4000",3.04683976106937,"IV"
159,"4000",3.39604690265703,"IV"
160,"4000",3.81750646280001,"IV"
161,"4000",3.76616705838229,"IV"
162,"4000",3.43094376977425,"IV"
163,"4000",3.37051644972165,"IV"
164,"4000",3.49293391221809,"IV"
165,"4000",3.16674718192461,"IV"
166,"4000",3.71695277293647,"IV"
167,"4000",3.05540673804245,"IV"
168,"4000",3.68460823822491,"IV"
169,"4000",3.4863678741273,"IV"
170,"4000",3.69394839295943,"IV"
171,"4000",3.18291957648776,"IV"
172,"4000",3.22306546921294,"IV"
173,"4000",3.08074215654709,"IV"
174,"4000",2.96719745185569,"IV"
175,"4000",3.59827653520026,"IV"
176,"4000",3.13055255719829,"IV"
177,"4000",3.43675103552019,"IV"
178,"4000",3.00704323554583,"IV"
179,"4000",3.28686556579064,"IV"
180,"4000",3.1839813353442,"IV"
181,"4000",3.3635460745306,"IV"
182,"4000",3.10879623021588,"IV"
183,"4000",3.32211635561769,"IV"
184,"4000",3.53131295444313,"IV"
185,"4000",3.61803964252115,"IV"
186,"4000",3.36064587401328,"IV"
187,"4000",3.29726343453766,"IV"
188,"4000",3.50640171253361,"IV"
189,"4000",3.21276300688649,"IV"
190,"4000",3.27622120331633,"IV"
191,"4000",3.30677607992301,"IV"
192,"4000",3.43864269168762,"IV"
193,"4000",2.97664839554257,"IV"
194,"4000",3.84662100826903,"IV"
195,"4000",3.50694861885379,"IV"
196,"4000",3.09025536603832,"IV"
197,"4000",3.47461065641028,"IV"
198,"4000",3.40227823221204,"IV"
199,"4000",3.14870426457436,"IV"
200,"4000",3.70240782385322,"IV"
201,"4000",3.49588405331439,"IV"
202,"4000",3.39384740427433,"IV"
203,"4000",3.62354756099578,"IV"
204,"4000",3.45141204838341,"IV"
205,"4000",3.38482597840464,"IV"
206,"4000",3.34915818575339,"IV"
207,"4000",3.69165723046777,"IV"
208,"4000",3.26728138424614,"IV"
209,"4000",3.09205587366337,"IV"
210,"4000",3.38902129280396,"IV"
211,"4000",3.19987967862137,"IV"
212,"4000",3.54233530676756,"IV"
213,"4000",3.24172670809153,"IV"
214,"4000",3.57753547199592,"IV"
215,"4000",3.64537862623986,"IV"
216,"4000",3.51617485642701,"IV"
217,"4000",3.1028633363089,"IV"
218,"4000",2.95762294730106,"IV"
219,"4000",2.98505214316592,"IV"
220,"4000",3.50486598267373,"IV"
221,"4000",3.32266689390616,"IV"
222,"4000",3.37929425013981,"IV"
223,"4000",3.54419371612458,"IV"
224,"4000",3.20763538054242,"IV"
225,"4000",3.66600088632581,"IV"
226,"4000",3.43030197579622,"IV"
227,"4000",3.55964727806018,"IV"
228,"4000",3.38344553233985,"IV"
229,"4000",3.19517155506723,"IV"
230,"4000",3.37554120541714,"IV"
231,"4000",3.12010696777577,"IV"
232,"4000",3.32415433180113,"IV"
233,"4000",3.39703951772006,"IV"
234,"4000",3.49955836129271,"IV"
235,"4000",3.43725982100347,"IV"
236,"4000",3.73265478472435,"IV"
237,"4000",3.12302068631358,"IV"
238,"4000",3.68964596155292,"IV"
239,"4000",3.29745095186523,"IV"
240,"4000",3.41540479366971,"IV"
241,"4000",3.3193143063934,"IV"
242,"4000",3.26161624689743,"IV"
243,"4000",3.3315080015928,"IV"
244,"4000",3.4886060087908,"IV"
245,"4000",4.05343781959548,"IV"
246,"4000",3.26683971943792,"IV"
247,"4000",3.10214078910436,"IV"
248,"4000",3.30853940095093,"IV"
249,"4000",3.29938823950453,"IV"
250,"4000",3.23597239181735,"IV"
251,"4000",3.36099427589916,"IV"
252,"4000",3.02848947808753,"IV"
253,"4000",3.74032723590532,"IV"
254,"4000",3.45533011175552,"IV"
255,"4000",3.49437280802839,"IV"
256,"4000",3.6846841949139,"IV"
257,"4000",3.68393765383986,"IV"
258,"4000",3.37279357802594,"IV"
259,"4000",4.39283644643261,"IV"
260,"4000",3.73827608264311,"IV"
261,"4000",3.47958860716518,"IV"
262,"4000",3.95622162570077,"IV"
263,"4000",3.19576245046305,"IV"
264,"4000",3.07962241677475,"IV"
265,"4000",3.10168890150892,"IV"
266,"4000",3.46427103487877,"IV"
267,"4000",3.4636300448906,"IV"
268,"4000",3.4958057084678,"IV"
269,"4000",3.31889082935544,"IV"
270,"4000",3.32809559393482,"IV"
271,"4000",3.44958288414643,"IV"
272,"4000",3.12767105250951,"IV"
273,"4000",3.5937033947631,"IV"
274,"4000",3.23512575478319,"IV"
275,"4000",3.29024682801352,"IV"
276,"4000",3.13744630144753,"IV"
277,"4000",3.79451577077386,"IV"
278,"4000",3.1669664436077,"IV"
279,"4000",3.04871603002154,"IV"
280,"4000",3.26282744925034,"IV"
281,"4000",3.3174469740321,"IV"
282,"4000",3.43215360147708,"IV"
283,"4000",3.21735751666559,"IV"
284,"4000",3.47187614505233,"IV"
285,"4000",3.49783947042877,"IV"
286,"4000",4.2475072265296,"IV"
287,"4000",3.40477453752066,"IV"
288,"4000",3.13008424112191,"IV"
289,"4000",3.66186722096896,"IV"
290,"4000",3.95901992507176,"IV"
291,"4000",3.63542796674106,"IV"
292,"4000",3.16205245346155,"IV"
293,"4000",3.61448070289302,"IV"
294,"4000",3.0876570725552,"IV"
295,"4000",3.07771263517898,"IV"
296,"4000",3.39922820933019,"IV"
297,"4000",3.27410881978831,"IV"
298,"4000",3.38029822105505,"IV"
299,"4000",3.30011319905562,"IV"
300,"4000",3.50689870598896,"IV"
301,"4000",3.29933693779429,"IV"
302,"4000",3.21646623566851,"IV"
303,"4000",3.09025306395511,"IV"
304,"4000",3.32217023351289,"IV"
305,"4000",3.18655918860235,"IV"
306,"4000",4.22990463820499,"IV"
307,"4000",3.48684105102629,"IV"
308,"4000",3.38483592631036,"IV"
309,"4000",3.15051716897407,"IV"
310,"4000",3.29563465340966,"IV"
311,"4000",3.1855934181163,"IV"
312,"4000",3.26609486241239,"IV"
313,"4000",3.51573633693316,"IV"
314,"4000",3.16963222672514,"IV"
315,"4000",3.38537377778858,"IV"
316,"4000",3.32078920550804,"IV"
317,"4000",3.44861752108097,"IV"
318,"4000",3.53815805440558,"IV"
319,"4000",3.5906516789236,"IV"
320,"4000",3.17983221354666,"IV"
321,"4000",3.60806813289566,"IV"
322,"4000",3.17954488675059,"IV"
323,"4000",3.2335889278964,"IV"
324,"4000",3.32359230785553,"IV"
325,"4000",3.26024208358979,"IV"
326,"4000",3.12353333328731,"IV"
327,"4000",3.43527004774977,"IV"
328,"4000",3.7086731294597,"IV"
329,"4000",3.42719976092456,"IV"
330,"4000",3.42544814804431,"IV"
331,"4000",3.414538795057,"IV"
332,"4000",3.66584774342223,"IV"
333,"4000",3.4732414218372,"IV"
334,"4000",3.62009884431846,"IV"
335,"4000",3.77607783701026,"IV"
336,"4000",3.84447969077995,"IV"
337,"4000",3.54659639920142,"IV"
338,"4000",3.15287817492334,"IV"
339,"4000",3.05584123670443,"IV"
340,"4000",3.5530411275813,"IV"
341,"4000",3.30556560290002,"IV"
342,"4000",3.49016727031067,"IV"
343,"4000",3.22357452621166,"IV"
344,"4000",3.49123654950564,"IV"
345,"4000",3.50722832243134,"IV"
346,"4000",3.24966354705941,"IV"
347,"4000",3.03562235101973,"IV"
348,"4000",3.19550372385295,"IV"
349,"4000",2.96398581891369,"IV"
350,"4000",3.61319064674205,"IV"
351,"4000",3.2338679008341,"IV"
352,"4000",3.31828910523215,"IV"
353,"4000",3.24997039793215,"IV"
354,"4000",3.97407467121407,"IV"
355,"4000",3.04581817072861,"IV"
356,"4000",3.45969315829537,"IV"
357,"4000",4.16086650985783,"IV"
358,"4000",3.60547968516837,"IV"
359,"4000",3.4807731321035,"IV"
360,"4000",3.48003272420535,"IV"
361,"4000",3.80221802451562,"IV"
362,"4000",3.45671630788147,"IV"
363,"4000",3.50368167819796,"IV"
364,"4000",3.73918706589026,"IV"
365,"4000",3.53394893879399,"IV"
366,"4000",3.44989687516483,"IV"
367,"4000",3.19348213265903,"IV"
368,"4000",3.45332207267391,"IV"
369,"4000",3.10595092876121,"IV"
370,"4000",3.44062906066523,"IV"
371,"4000",3.56780040214044,"IV"
372,"4000",3.11725850093266,"IV"
373,"4000",3.42865267340826,"IV"
374,"4000",3.27948422938792,"IV"
375,"4000",3.53597317326242,"IV"
376,"4000",3.47260688512735,"IV"
377,"4000",3.09479288813115,"IV"
378,"4000",3.08780514737158,"IV"
379,"4000",3.35865340979298,"IV"
380,"4000",3.60973488133114,"IV"
381,"4000",3.10049038284497,"IV"
382,"4000",3.14755854559056,"IV"
383,"4000",3.24367584167826,"IV"
384,"4000",3.37036978533544,"IV"
385,"4000",3.62068442530048,"IV"
386,"4000",3.28069040515566,"IV"
387,"4000",3.63382333574066,"IV"
388,"4000",3.39334358281848,"IV"
389,"4000",3.35625459294745,"IV"
390,"4000",3.80205193390526,"IV"
391,"4000",3.42867768883311,"IV"
392,"4000",3.72889203734888,"IV"
393,"4000",4.16047055701049,"IV"
394,"4000",3.37667029586441,"IV"
395,"4000",2.9313960982603,"IV"
396,"4000",3.37353948241945,"IV"
397,"4000",3.30576223219975,"IV"
398,"4000",3.72708083008773,"IV"
399,"4000",3.14892378295629,"IV"
400,"4000",3.3061120330307,"IV"
401,"4000",3.13928486334565,"IV"
402,"4000",3.21095352313621,"IV"
403,"4000",3.28023954562853,"IV"
404,"4000",3.65737131916769,"IV"
405,"4000",3.27498657692681,"IV"
406,"4000",3.07966568419213,"IV"
407,"4000",4.28178003420782,"IV"
408,"4000",3.44714854398274,"IV"
409,"4000",3.54289994268774,"IV"
410,"4000",3.31123359169604,"IV"
411,"4000",3.48094128770478,"IV"
412,"4000",3.6954051955848,"IV"
413,"4000",2.96357079939431,"IV"
414,"4000",3.53682240915164,"IV"
415,"4000",3.03554909936,"IV"
416,"4000",3.38086832442073,"IV"
417,"4000",3.52200971838085,"IV"
418,"4000",3.5191685301038,"IV"
419,"4000",3.46430372867186,"IV"
420,"4000",3.65896523366977,"IV"
421,"4000",3.33079225462589,"IV"
422,"4000",3.3011719760056,"IV"
423,"4000",3.10620600567702,"IV"
424,"4000",3.25821288599036,"IV"
425,"4000",3.13126288714319,"IV"
426,"4000",3.50169974189947,"IV"
427,"4000",3.10865501910392,"IV"
428,"4000",3.76488082608426,"IV"
429,"4000",3.27009736628196,"IV"
430,"4000",3.69972049138931,"IV"
431,"4000",3.34158930370122,"IV"
432,"4000",3.63303636097557,"IV"
433,"4000",3.67115461944184,"IV"
434,"4000",3.26332471769917,"IV"
435,"4000",3.35729963046548,"IV"
436,"4000",3.61765360213989,"IV"
437,"4000",3.71956275352815,"IV"
438,"4000",3.22565858069512,"IV"
439,"4000",3.52993135332044,"IV"
440,"4000",3.59802349539805,"IV"
441,"4000",3.474123130925,"IV"
442,"4000",3.11023873531351,"IV"
443,"4000",3.34995561444124,"IV"
444,"4000",3.30452380436437,"IV"
445,"4000",3.4734423055364,"IV"
446,"4000",3.6503615007892,"IV"
447,"4000",3.26973759629841,"IV"
448,"4000",3.19850347035139,"IV"
449,"4000",3.30597397062085,"IV"
450,"4000",3.26076141448248,"IV"
451,"4000",3.66544522725884,"IV"
452,"4000",3.35094116707583,"IV"
453,"4000",3.426931993783,"IV"
454,"4000",3.59095415167071,"IV"
455,"4000",3.60111794193556,"IV"
456,"4000",3.97140634595396,"IV"
457,"4000",3.0313540951108,"IV"
458,"4000",3.25583144360095,"IV"
459,"4000",3.61790601694647,"IV"
460,"4000",3.5252691387864,"IV"
461,"4000",3.2456488078039,"IV"
462,"4000",3.41952848779572,"IV"
463,"4000",3.21207151773751,"IV"
464,"4000",3.51322989923383,"IV"
465,"4000",3.2013411644334,"IV"
466,"4000",2.98266404426638,"IV"
467,"4000",3.94500684145785,"IV"
468,"4000",3.27781815627679,"IV"
469,"4000",3.80057003578732,"IV"
470,"4000",3.78226191687075,"IV"
471,"4000",3.27797845624914,"IV"
472,"4000",3.21988858343451,"IV"
473,"4000",3.14189614749378,"IV"
474,"4000",3.56383001810073,"IV"
475,"4000",3.37107051792198,"IV"
476,"4000",3.37306800218273,"IV"
477,"4000",3.28362200875634,"IV"
478,"4000",3.43225911224193,"IV"
479,"4000",3.27359827233296,"IV"
480,"4000",3.8605882199109,"IV"
481,"4000",2.92302878393219,"IV"
482,"4000",3.60745148442342,"IV"
483,"4000",3.32423216258228,"IV"
484,"4000",3.44303904707893,"IV"
485,"4000",3.45325889453693,"IV"
486,"4000",3.59580056344055,"IV"
487,"4000",3.49151181710183,"IV"
488,"4000",3.47946928710662,"IV"
489,"4000",3.4434136184064,"IV"
490,"4000",3.20138108249099,"IV"
491,"4000",3.53080540156516,"IV"
492,"4000",3.30501810706934,"IV"
493,"4000",3.07662215942573,"IV"
494,"4000",3.51645634934768,"IV"
495,"4000",3.06229953578391,"IV"
496,"4000",3.40726879552795,"IV"
497,"4000",3.13269200639931,"IV"
498,"4000",3.64154675710785,"IV"
499,"4000",3.02770701351669,"IV"
500,"4000",3.00003275953358,"IV"
501,"4000",3.45982175824351,"IV"
502,"4000",3.32684353798412,"IV"
503,"4000",3.82078882362249,"IV"
504,"4000",3.23051442390789,"IV"
505,"4000",3.3043930835218,"IV"
506,"4000",3.51495786619513,"IV"
507,"4000",3.1413359702574,"IV"
508,"4000",3.50601604429464,"IV"
509,"4000",3.45028577879014,"IV"
510,"4000",3.81053915538292,"IV"
511,"4000",3.30381344191489,"IV"
512,"4000",3.48135867609701,"IV"
513,"4000",3.08505266051919,"IV"
514,"4000",3.43564863983975,"IV"
515,"4000",3.55001403857017,"IV"
516,"4000",3.2912366970698,"IV"
517,"4000",3.30447436582591,"IV"
518,"4000",3.65148334293042,"IV"
519,"4000",3.24325637341015,"IV"
520,"4000",3.24165422568574,"IV"
521,"4000",3.35845894461338,"IV"
522,"4000",3.29653797209683,"IV"
523,"4000",3.53809029646989,"IV"
524,"4000",3.64911335302074,"IV"
525,"4000",3.52168377736,"IV"
526,"4000",3.69546269969527,"IV"
527,"4000",3.36663022434149,"IV"
528,"4000",3.24361205060993,"IV"
529,"4000",3.45423153796655,"IV"
530,"4000",3.35959875959839,"IV"
531,"4000",3.69910860160713,"IV"
532,"4000",3.7012980651024,"IV"
533,"4000",3.15243696914017,"IV"
534,"4000",3.15661786038207,"IV"
535,"4000",3.28278003667496,"IV"
536,"4000",3.17071784942931,"IV"
537,"4000",3.83474917338159,"IV"
538,"4000",3.6067837382154,"IV"
539,"4000",3.13320895235354,"IV"
540,"4000",3.42590596488678,"IV"
541,"4000",3.54347054625041,"IV"
542,"4000",3.40935631676506,"IV"
543,"4000",3.10569445863821,"IV"
544,"4000",3.52197988966316,"IV"
545,"4000",3.46834341132045,"IV"
546,"4000",3.57528027750208,"IV"
547,"4000",3.29299374459706,"IV"
548,"4000",3.05279967301529,"IV"
549,"4000",3.55351687817016,"IV"
550,"4000",4.01428420376251,"IV"
551,"4000",3.31791404014402,"IV"
552,"4000",3.28269049552921,"IV"
553,"4000",3.58647264233468,"IV"
554,"4000",3.48532325004389,"IV"
555,"4000",3.34506859063422,"IV"
556,"4000",3.38750205485035,"IV"
557,"4000",3.0442374534795,"IV"
558,"4000",3.44930910778602,"IV"
559,"4000",3.5205555515889,"IV"
560,"4000",3.48724140929315,"IV"
561,"4000",3.08007824508902,"IV"
562,"4000",3.67169456242181,"IV"
563,"4000",3.49307922149972,"IV"
564,"4000",3.37313042489564,"IV"
565,"4000",3.50835306426124,"IV"
566,"4000",3.04461907634263,"IV"
567,"4000",3.74960375375969,"IV"
568,"4000",3.68851976125216,"IV"
569,"4000",3.6325020802139,"IV"
570,"4000",3.49577811665831,"IV"
571,"4000",3.43834054705678,"IV"
572,"4000",3.20553342211051,"IV"
573,"4000",3.51434538330672,"IV"
574,"4000",3.51992019569701,"IV"
575,"4000",3.45009475114367,"IV"
576,"4000",3.01263366829683,"IV"
577,"4000",3.71115040480942,"IV"
578,"4000",3.22978209574679,"IV"
579,"4000",2.98187428088531,"IV"
580,"4000",3.25797960460957,"IV"
581,"4000",4.10972300745354,"IV"
582,"4000",3.29412702464821,"IV"
583,"4000",3.82267870329459,"IV"
584,"4000",3.75454266922371,"IV"
585,"4000",3.50372782313598,"IV"
586,"4000",3.48241900535945,"IV"
587,"4000",3.34010405292363,"IV"
588,"4000",2.89325663412869,"IV"
589,"4000",3.66827023985796,"IV"
590,"4000",3.24594668010613,"IV"
591,"4000",3.40294896231102,"IV"
592,"4000",3.46425864708623,"IV"
593,"4000",3.46364816504505,"IV"
594,"4000",3.49238791104739,"IV"
595,"4000",3.3647134086981,"IV"
596,"4000",3.24236378848585,"IV"
597,"4000",3.7474443268095,"IV"
598,"4000",2.99603770764083,"IV"
599,"4000",3.29992879136561,"IV"
600,"4000",3.70324249675732,"IV"
601,"4000",3.49572299256649,"IV"
602,"4000",3.38102826748494,"IV"
603,"4000",3.65659727740344,"IV"
604,"4000",3.19605273157862,"IV"
605,"4000",3.72051431527366,"IV"
606,"4000",3.08021471503712,"IV"
607,"4000",3.38674054322331,"IV"
608,"4000",3.14719507463851,"IV"
609,"4000",3.39996369894775,"IV"
610,"4000",3.17089442439249,"IV"
611,"4000",3.64313430572305,"IV"
612,"4000",2.90729504369137,"IV"
613,"4000",3.26829690567673,"IV"
614,"4000",3.42128111483215,"IV"
615,"4000",3.8998360327712,"IV"
616,"4000",3.77269859290208,"IV"
617,"4000",3.35131941725231,"IV"
618,"4000",3.4487289464066,"IV"
619,"4000",3.40913605582229,"IV"
620,"4000",3.48401514657327,"IV"
621,"4000",3.33873828219315,"IV"
622,"4000",3.42644239888725,"IV"
623,"4000",3.45259794710477,"IV"
624,"4000",3.16219734016645,"IV"
625,"4000",3.12448014156502,"IV"
626,"4000",3.37431712669533,"IV"
627,"4000",3.73412548970819,"IV"
628,"4000",3.38396776861213,"IV"
629,"4000",3.16327162672691,"IV"
630,"4000",3.3545520340897,"IV"
631,"4000",3.12547244006787,"IV"
632,"4000",3.31508534299515,"IV"
633,"4000",3.38423183037589,"IV"
634,"4000",3.77243538298123,"IV"
635,"4000",3.57656638098858,"IV"
636,"4000",3.35462965207986,"IV"
637,"4000",3.40452413653238,"IV"
638,"4000",3.34676361713648,"IV"
639,"4000",3.46588551879602,"IV"
640,"4000",3.17422577892784,"IV"
641,"4000",3.6666178990008,"IV"
642,"4000",3.28203512672638,"IV"
643,"4000",3.25380625881834,"IV"
644,"4000",3.25736499033085,"IV"
645,"4000",3.61805494849909,"IV"
646,"4000",3.27111373335751,"IV"
647,"4000",3.27410155062315,"IV"
648,"4000",3.37865893093186,"IV"
649,"4000",3.73614078049128,"IV"
650,"4000",3.19743875799242,"IV"
651,"4000",3.37965508654147,"IV"
652,"4000",3.00712335145303,"IV"
653,"4000",3.77917410594357,"IV"
654,"4000",3.64768128901059,"IV"
655,"4000",3.17280259330258,"IV"
656,"4000",3.55218696577521,"IV"
657,"4000",3.22344732631884,"IV"
658,"4000",3.44639491352279,"IV"
659,"4000",3.34882539968353,"IV"
660,"4000",3.35279144302075,"IV"
661,"4000",3.74364429180641,"IV"
662,"4000",3.541783450788,"IV"
663,"4000",3.5940932929011,"IV"
664,"4000",3.1149262235321,"IV"
665,"4000",3.20433598468869,"IV"
666,"4000",3.59032130417409,"IV"
667,"4000",3.59830239111106,"IV"
668,"4000",3.38867543946643,"IV"
669,"4000",3.32071117335385,"IV"
670,"4000",3.18481764016117,"IV"
671,"4000",3.31984084910945,"IV"
672,"4000",3.22888319180249,"IV"
673,"4000",3.61854825863116,"IV"
674,"4000",3.5260250513937,"IV"
675,"4000",3.69269408388948,"IV"
676,"4000",3.74181585286403,"IV"
677,"4000",3.33497014845461,"IV"
678,"4000",3.40041262175122,"IV"
679,"4000",3.25805786230042,"IV"
680,"4000",3.42376447570497,"IV"
681,"4000",3.57452897187241,"IV"
682,"4000",3.58507406569617,"IV"
683,"4000",3.58878518509453,"IV"
684,"4000",3.29951173881732,"IV"
685,"4000",3.813077840009,"IV"
686,"4000",3.84179684413136,"IV"
687,"4000",3.5444639707806,"IV"
688,"4000",3.1529959371666,"IV"
689,"4000",3.53211880274544,"IV"
690,"4000",3.6029159961982,"IV"
691,"4000",3.77982796883525,"IV"
692,"4000",3.57730937357541,"IV"
693,"4000",3.1888093836537,"IV"
694,"4000",3.23951109287279,"IV"
695,"4000",3.33042981199419,"IV"
696,"4000",3.36715917485599,"IV"
697,"4000",3.36925379648116,"IV"
698,"4000",3.35766549304047,"IV"
699,"4000",3.22748231129527,"IV"
700,"4000",3.26313760046876,"IV"
701,"4000",3.41789876281084,"IV"
702,"4000",3.63219127580996,"IV"
703,"4000",3.45565464757258,"IV"
704,"4000",3.33312120707548,"IV"
705,"4000",3.29833188289092,"IV"
706,"4000",3.5175993854457,"IV"
707,"4000",3.38255407147982,"IV"
708,"4000",3.10185737275383,"IV"
709,"4000",3.42272832572872,"IV"
710,"4000",3.64252036043164,"IV"
711,"4000",3.32153567935905,"IV"
712,"4000",3.79721866389876,"IV"
713,"4000",3.57397809348778,"IV"
714,"4000",3.36831915302045,"IV"
715,"4000",3.73360465467082,"IV"
716,"4000",3.87724629331189,"IV"
717,"4000",3.50295315506025,"IV"
718,"4000",3.57858272424522,"IV"
719,"4000",3.82095461342664,"IV"
720,"4000",3.52332006610798,"IV"
721,"4000",2.90541083616533,"IV"
722,"4000",3.47159829291758,"IV"
723,"4000",3.89687917436682,"IV"
724,"4000",3.66490064850203,"IV"
725,"4000",3.3980021190554,"IV"
726,"4000",3.36124671121808,"IV"
727,"4000",3.50805044118324,"IV"
728,"4000",3.43845317613571,"IV"
729,"4000",3.54817824349377,"IV"
730,"4000",3.03918527446196,"IV"
731,"4000",3.47852368978838,"IV"
732,"4000",3.74318893263579,"IV"
733,"4000",3.65712730607822,"IV"
734,"4000",3.84868756807066,"IV"
735,"4000",3.35674453528469,"IV"
736,"4000",3.28283718111704,"IV"
737,"4000",3.20543713919791,"IV"
738,"4000",2.95236108256913,"IV"
739,"4000",3.42775433058294,"IV"
740,"4000",3.12103453355253,"IV"
741,"4000",3.13836492193496,"IV"
742,"4000",3.26831587956423,"IV"
743,"4000",3.38551104077799,"IV"
744,"4000",3.5008418849165,"IV"
745,"4000",3.49503172102391,"IV"
746,"4000",3.33102160477806,"IV"
747,"4000",3.41043571284909,"IV"
748,"4000",3.14834342763947,"IV"
749,"4000",3.4477127248905,"IV"
750,"4000",3.56713694051264,"IV"
751,"4000",3.22446161079343,"IV"
752,"4000",3.43750070797859,"IV"
753,"4000",3.46185361129246,"IV"
754,"4000",3.3118535644009,"IV"
755,"4000",3.43818197425336,"IV"
756,"4000",3.48360392110493,"IV"
757,"4000",3.26621961234868,"IV"
758,"4000",3.53078065184156,"IV"
759,"4000",3.6195626913851,"IV"
760,"4000",3.29567456088429,"IV"
761,"4000",3.11095196580117,"IV"
762,"4000",3.41530209773026,"IV"
763,"4000",3.57458057024118,"IV"
764,"4000",3.33370201797904,"IV"
765,"4000",3.43238166484447,"IV"
766,"4000",3.20051202750928,"IV"
767,"4000",3.13306647614558,"IV"
768,"4000",3.36324981761525,"IV"
769,"4000",3.37775767171282,"IV"
770,"4000",3.15138415434516,"IV"
771,"4000",3.2631126968517,"IV"
772,"4000",3.73393972727111,"IV"
773,"4000",3.02879716656513,"IV"
774,"4000",3.28536971143033,"IV"
775,"4000",3.32087397403569,"IV"
776,"4000",3.31741617224637,"IV"
777,"4000",3.33405037990469,"IV"
778,"4000",3.32977704401627,"IV"
779,"4000",3.12323134173502,"IV"
780,"4000",3.66234655403507,"IV"
781,"4000",3.93495322956407,"IV"
782,"4000",3.37385416907239,"IV"
783,"4000",3.32636043470973,"IV"
784,"4000",3.94943735270376,"IV"
785,"4000",3.88187594780181,"IV"
786,"4000",3.80613328945768,"IV"
787,"4000",2.92363551881229,"IV"
788,"4000",3.7772936122801,"IV"
789,"4000",3.276993018188,"IV"
790,"4000",3.52695650287907,"IV"
791,"4000",3.35275793352064,"IV"
792,"4000",3.44003625138041,"IV"
793,"4000",3.40343979810925,"IV"
794,"4000",3.67212671132954,"IV"
795,"4000",3.40739501015569,"IV"
796,"4000",3.32657674880663,"IV"
797,"4000",3.32189462439304,"IV"
798,"4000",3.39553064959292,"IV"
799,"4000",3.26498545320763,"IV"
800,"4000",3.28499555871861,"IV"
801,"4000",3.45179964397858,"IV"
802,"4000",3.23285941726365,"IV"
803,"4000",3.91719158346766,"IV"
804,"4000",3.43477540652432,"IV"
805,"4000",3.50381489125629,"IV"
806,"4000",3.58934696691532,"IV"
807,"4000",3.38290561217472,"IV"
808,"4000",3.60326121317809,"IV"
809,"4000",3.34580115303331,"IV"
810,"4000",3.28033718666911,"IV"
811,"4000",3.682531131282,"IV"
812,"4000",3.17298186063736,"IV"
813,"4000",3.23556323525539,"IV"
814,"4000",3.53117716604063,"IV"
815,"4000",3.68557939240058,"IV"
816,"4000",3.53676244470878,"IV"
817,"4000",3.20999816816806,"IV"
818,"4000",3.97584104243502,"IV"
819,"4000",3.27254635581058,"IV"
820,"4000",3.22580103509361,"IV"
821,"4000",3.4217629283281,"IV"
822,"4000",3.45523181778937,"IV"
823,"4000",3.40103344914093,"IV"
824,"4000",3.91832632018382,"IV"
825,"4000",3.39857553582809,"IV"
826,"4000",3.46134705490943,"IV"
827,"4000",3.29182316969492,"IV"
828,"4000",3.33037222035174,"IV"
829,"4000",3.39675101552528,"IV"
830,"4000",3.61094550133429,"IV"
831,"4000",3.31625789398516,"IV"
832,"4000",3.59456681170664,"IV"
833,"4000",3.21385830628985,"IV"
834,"4000",3.16014053423347,"IV"
835,"4000",3.77332268666559,"IV"
836,"4000",3.43026424605477,"IV"
837,"4000",3.28977424159875,"IV"
838,"4000",3.57271171258585,"IV"
839,"4000",3.22573390055401,"IV"
840,"4000",3.34072579402983,"IV"
841,"4000",3.60984236533127,"IV"
842,"4000",2.9123963929222,"IV"
843,"4000",3.38291427284058,"IV"
844,"4000",3.50682693168227,"IV"
845,"4000",3.73089325816452,"IV"
846,"4000",3.6005731853037,"IV"
847,"4000",3.220203130654,"IV"
848,"4000",4.11917837686525,"IV"
849,"4000",3.75341847174412,"IV"
850,"4000",3.39276246959947,"IV"
851,"4000",3.26446436828997,"IV"
852,"4000",3.43548435056338,"IV"
853,"4000",3.32257141963524,"IV"
854,"4000",3.2691409862315,"IV"
855,"4000",3.33956672543315,"IV"
856,"4000",3.59486385304821,"IV"
857,"4000",3.60367738916677,"IV"
858,"4000",3.29190070811417,"IV"
859,"4000",4.04754188004306,"IV"
860,"4000",3.7122267011943,"IV"
861,"4000",3.41468969156985,"IV"
862,"4000",3.10747435964908,"IV"
863,"4000",3.53458425161858,"IV"
864,"4000",3.27969960097022,"IV"
865,"4000",3.49845435693079,"IV"
866,"4000",3.29614404219116,"IV"
867,"4000",3.25727611321598,"IV"
868,"4000",3.09680011068492,"IV"
869,"4000",3.58427462206897,"IV"
870,"4000",3.55610449961298,"IV"
871,"4000",3.36287898042023,"IV"
872,"4000",3.33834869263568,"IV"
873,"4000",3.16190666664117,"IV"
874,"4000",3.59677782256826,"IV"
875,"4000",3.52331107146612,"IV"
876,"4000",3.70962643362582,"IV"
877,"4000",3.38056107173589,"IV"
878,"4000",3.50925306439962,"IV"
879,"4000",3.71154608657641,"IV"
880,"4000",3.53708917862577,"IV"
881,"4000",3.55950571347783,"IV"
882,"4000",3.43261488707451,"IV"
883,"4000",3.3140818649298,"IV"
884,"4000",3.18642910074729,"IV"
885,"4000",3.4674852583021,"IV"
886,"4000",3.61780578969312,"IV"
887,"4000",3.00666698719998,"IV"
888,"4000",3.34400448555236,"IV"
889,"4000",3.66762126069595,"IV"
890,"4000",3.86137537087546,"IV"
891,"4000",3.09108612376671,"IV"
892,"4000",3.37175660777268,"IV"
893,"4000",3.84869233054251,"IV"
894,"4000",3.71661080489647,"IV"
895,"4000",3.44091908391126,"IV"
896,"4000",3.16205439273052,"IV"
897,"4000",3.31989940331554,"IV"
898,"4000",3.32162919541595,"IV"
899,"4000",3.23620576774164,"IV"
900,"4000",3.75331739106505,"IV"
901,"4000",3.37784581413699,"IV"
902,"4000",3.54346747060678,"IV"
903,"4000",3.67056332711579,"IV"
904,"4000",3.20694314475693,"IV"
905,"4000",3.80267705135557,"IV"
906,"4000",3.01038699619262,"IV"
907,"4000",3.21210336149101,"IV"
908,"4000",3.57063126836276,"IV"
909,"4000",3.25013567967443,"IV"
910,"4000",3.08435657665898,"IV"
911,"4000",3.79977376503727,"IV"
912,"4000",3.35994144271247,"IV"
913,"4000",3.53067029248284,"IV"
914,"4000",3.42237895231443,"IV"
915,"4000",3.27940788972819,"IV"
916,"4000",3.61868090851266,"IV"
917,"4000",3.42115992725472,"IV"
918,"4000",3.66918996373609,"IV"
919,"4000",3.43190920553753,"IV"
920,"4000",3.27570716089933,"IV"
921,"4000",3.34896349471276,"IV"
922,"4000",3.30147748867846,"IV"
923,"4000",3.54837796900777,"IV"
924,"4000",3.71645017851125,"IV"
925,"4000",3.52015611749005,"IV"
926,"4000",3.45991361322615,"IV"
927,"4000",3.12458607238194,"IV"
928,"4000",3.58530227754091,"IV"
929,"4000",3.02708221377983,"IV"
930,"4000",3.30089684033264,"IV"
931,"4000",3.27897721505091,"IV"
932,"4000",3.39267572015669,"IV"
933,"4000",3.49537699288996,"IV"
934,"4000",3.54974121294868,"IV"
935,"4000",3.50595600189492,"IV"
936,"4000",3.21462686346629,"IV"
937,"4000",3.85589139963325,"IV"
938,"4000",3.30453406022572,"IV"
939,"4000",3.12243897761324,"IV"
940,"4000",3.45226470353764,"IV"
941,"4000",3.16117677134634,"IV"
942,"4000",3.35449931116208,"IV"
943,"4000",3.38348726291281,"IV"
944,"4000",3.76797192026467,"IV"
945,"4000",3.33280009748876,"IV"
946,"4000",3.53933397257507,"IV"
947,"4000",3.45098275908937,"IV"
948,"4000",3.26294926271111,"IV"
949,"4000",3.59684892920803,"IV"
950,"4000",3.08864838281622,"IV"
951,"4000",3.7908479213906,"IV"
952,"4000",3.27874103680193,"IV"
953,"4000",3.83892079197605,"IV"
954,"4000",3.01820866327488,"IV"
955,"4000",3.93006112933388,"IV"
956,"4000",3.2979119429121,"IV"
957,"4000",3.05356476808048,"IV"
958,"4000",3.24430045960201,"IV"
959,"4000",3.83072490973376,"IV"
960,"4000",3.15115668271317,"IV"
961,"4000",3.23816016074029,"IV"
962,"4000",3.24817448756462,"IV"
963,"4000",2.95528768493787,"IV"
964,"4000",3.56360708825687,"IV"
965,"4000",3.69686974102624,"IV"
966,"4000",3.73704460411921,"IV"
967,"4000",3.18831813995475,"IV"
968,"4000",3.35737215816007,"IV"
969,"4000",3.46195671189364,"IV"
970,"4000",2.98170349931735,"IV"
971,"4000",3.67866578339822,"IV"
972,"4000",3.46534042482166,"IV"
973,"4000",3.63415422733507,"IV"
974,"4000",3.48622505350206,"IV"
975,"4000",3.1693797566661,"IV"
976,"4000",3.43908423300673,"IV"
977,"4000",3.28183598855879,"IV"
978,"4000",3.28364535056313,"IV"
979,"4000",3.7800534925665,"IV"
980,"4000",3.39837415573576,"IV"
981,"4000",3.6056354515219,"IV"
982,"4000",3.4985084987514,"IV"
983,"4000",3.62042442685652,"IV"
984,"4000",3.07376331651796,"IV"
985,"4000",3.20332563730634,"IV"
986,"4000",3.52182745248001,"IV"
987,"4000",3.07568659223926,"IV"
988,"4000",3.43488258347108,"IV"
989,"4000",3.96544659548009,"IV"
990,"4000",3.23864348225992,"IV"
991,"4000",3.36014188765621,"IV"
992,"4000",3.20694975639626,"IV"
993,"4000",3.31036468221316,"IV"
994,"4000",3.17792080972001,"IV"
995,"4000",3.39739737244315,"IV"
996,"4000",3.41523848016397,"IV"
997,"4000",3.22181849997447,"IV"
998,"4000",3.71751657593492,"IV"
999,"4000",3.8958359043598,"IV"
1000,"4000",3.44208925428414,"IV"
1,"500",3.42277003025496,"Unadjusted"
2,"500",2.68295195847012,"Unadjusted"
3,"500",3.93478260869568,"Unadjusted"
4,"500",4.11148512379531,"Unadjusted"
5,"500",3.2654244783904,"Unadjusted"
6,"500",3.40408544590795,"Unadjusted"
7,"500",3.70616758334116,"Unadjusted"
8,"500",3.63130341560157,"Unadjusted"
9,"500",3.58485006389505,"Unadjusted"
10,"500",4.41066437907757,"Unadjusted"
11,"500",4.09327958931123,"Unadjusted"
12,"500",2.33115209741216,"Unadjusted"
13,"500",3.28572502444246,"Unadjusted"
14,"500",3.63635589330749,"Unadjusted"
15,"500",2.82208101953149,"Unadjusted"
16,"500",2.69696765278398,"Unadjusted"
17,"500",2.9536811541613,"Unadjusted"
18,"500",2.68221439568253,"Unadjusted"
19,"500",3.53788860103634,"Unadjusted"
20,"500",4.3018380672941,"Unadjusted"
21,"500",4.02401823174239,"Unadjusted"
22,"500",4.06543015098809,"Unadjusted"
23,"500",4.27761874491345,"Unadjusted"
24,"500",3.262405466977,"Unadjusted"
25,"500",4.32397215168933,"Unadjusted"
26,"500",2.77914003462394,"Unadjusted"
27,"500",3.5099925231801,"Unadjusted"
28,"500",3.416336960566,"Unadjusted"
29,"500",3.03614624369873,"Unadjusted"
30,"500",3.20760971391952,"Unadjusted"
31,"500",2.87133753295142,"Unadjusted"
32,"500",2.66291114856197,"Unadjusted"
33,"500",4.83471927806983,"Unadjusted"
34,"500",3.36090294018795,"Unadjusted"
35,"500",3.38285526673019,"Unadjusted"
36,"500",2.78719824867497,"Unadjusted"
37,"500",3.48548245119208,"Unadjusted"
38,"500",3.15847369431257,"Unadjusted"
39,"500",2.90247285373062,"Unadjusted"
40,"500",2.43074459567658,"Unadjusted"
41,"500",2.68912024218238,"Unadjusted"
42,"500",2.77312593604663,"Unadjusted"
43,"500",3.15660857268639,"Unadjusted"
44,"500",2.62981967078054,"Unadjusted"
45,"500",2.66329062897511,"Unadjusted"
46,"500",2.4159659563642,"Unadjusted"
47,"500",2.30789892844513,"Unadjusted"
48,"500",3.34064565115602,"Unadjusted"
49,"500",2.72161793226814,"Unadjusted"
50,"500",4.28294075106016,"Unadjusted"
51,"500",2.90486186288414,"Unadjusted"
52,"500",2.97158227139721,"Unadjusted"
53,"500",4.04601282463331,"Unadjusted"
54,"500",2.19176779907757,"Unadjusted"
55,"500",3.35872048764784,"Unadjusted"
56,"500",3.21223636719581,"Unadjusted"
57,"500",4.0064102564433,"Unadjusted"
58,"500",4.06569738919768,"Unadjusted"
59,"500",4.548406139316,"Unadjusted"
60,"500",2.80250440702695,"Unadjusted"
61,"500",3.64108668407029,"Unadjusted"
62,"500",3.51104398428366,"Unadjusted"
63,"500",3.01364452459342,"Unadjusted"
64,"500",3.73670624678547,"Unadjusted"
65,"500",3.12704052185682,"Unadjusted"
66,"500",2.88580081849785,"Unadjusted"
67,"500",2.59744497905821,"Unadjusted"
68,"500",3.1938887323071,"Unadjusted"
69,"500",3.99334473771917,"Unadjusted"
70,"500",3.96566912485805,"Unadjusted"
71,"500",3.50952838058461,"Unadjusted"
72,"500",2.79518726007517,"Unadjusted"
73,"500",3.30287206266324,"Unadjusted"
74,"500",3.38960758949535,"Unadjusted"
75,"500",3.62760273502619,"Unadjusted"
76,"500",3.62688863776945,"Unadjusted"
77,"500",3.04054054649341,"Unadjusted"
78,"500",3.53762415574096,"Unadjusted"
79,"500",3.13043548912658,"Unadjusted"
80,"500",3.51847026008674,"Unadjusted"
81,"500",2.93047691516173,"Unadjusted"
82,"500",5.12527508689007,"Unadjusted"
83,"500",3.21039354187696,"Unadjusted"
84,"500",3.11067371236505,"Unadjusted"
85,"500",3.70379268920555,"Unadjusted"
86,"500",3.21960571750058,"Unadjusted"
87,"500",3.91525423731095,"Unadjusted"
88,"500",2.90770545088804,"Unadjusted"
89,"500",4.38524496452473,"Unadjusted"
90,"500",2.84210404044001,"Unadjusted"
91,"500",2.63441299596671,"Unadjusted"
92,"500",3.34967514641311,"Unadjusted"
93,"500",3.9404184742739,"Unadjusted"
94,"500",3.00550887708811,"Unadjusted"
95,"500",2.40187272425781,"Unadjusted"
96,"500",3.3904997516454,"Unadjusted"
97,"500",3.48214275657648,"Unadjusted"
98,"500",2.56054101474356,"Unadjusted"
99,"500",2.66217188062416,"Unadjusted"
100,"500",2.55737518480606,"Unadjusted"
101,"500",2.45777187322106,"Unadjusted"
102,"500",2.76743197987621,"Unadjusted"
103,"500",2.8236596844247,"Unadjusted"
104,"500",6.38309859154974,"Unadjusted"
105,"500",3.88161386770585,"Unadjusted"
106,"500",5.13130973989892,"Unadjusted"
107,"500",2.91837754360472,"Unadjusted"
108,"500",2.58540582966766,"Unadjusted"
109,"500",2.91360978233832,"Unadjusted"
110,"500",2.82141380736248,"Unadjusted"
111,"500",3.41126810685606,"Unadjusted"
112,"500",2.69901340871352,"Unadjusted"
113,"500",3.36403042447044,"Unadjusted"
114,"500",5.02223909761969,"Unadjusted"
115,"500",3.48183228549189,"Unadjusted"
116,"500",2.73557630809063,"Unadjusted"
117,"500",2.16430487720369,"Unadjusted"
118,"500",4.4758401284024,"Unadjusted"
119,"500",3.34524466766795,"Unadjusted"
120,"500",3.70830512702078,"Unadjusted"
121,"500",7.06462625665655,"Unadjusted"
122,"500",2.58102906310047,"Unadjusted"
123,"500",3.00085066416598,"Unadjusted"
124,"500",3.48123215195032,"Unadjusted"
125,"500",2.97705509442588,"Unadjusted"
126,"500",3.81963728460989,"Unadjusted"
127,"500",3.57807603278026,"Unadjusted"
128,"500",3.03109217582931,"Unadjusted"
129,"500",3.27861747324579,"Unadjusted"
130,"500",2.32472527440197,"Unadjusted"
131,"500",3.43054844804175,"Unadjusted"
132,"500",3.51332970620243,"Unadjusted"
133,"500",2.87474850346089,"Unadjusted"
134,"500",3.02387328368497,"Unadjusted"
135,"500",3.20298865190671,"Unadjusted"
136,"500",3.02135643181844,"Unadjusted"
137,"500",2.73017906992132,"Unadjusted"
138,"500",3.47873815980703,"Unadjusted"
139,"500",2.8566187246729,"Unadjusted"
140,"500",3.89323001493872,"Unadjusted"
141,"500",2.88517784055068,"Unadjusted"
142,"500",3.66923930122926,"Unadjusted"
143,"500",2.92234653021691,"Unadjusted"
144,"500",3.66387699019314,"Unadjusted"
145,"500",3.27403810341785,"Unadjusted"
146,"500",2.97479113095742,"Unadjusted"
147,"500",3.61334007949725,"Unadjusted"
148,"500",3.70718605992057,"Unadjusted"
149,"500",4.10060035725987,"Unadjusted"
150,"500",3.47203152526656,"Unadjusted"
151,"500",3.08997645169392,"Unadjusted"
152,"500",3.45067669592892,"Unadjusted"
153,"500",2.57213351646544,"Unadjusted"
154,"500",2.50236735418983,"Unadjusted"
155,"500",3.44775550029184,"Unadjusted"
156,"500",3.15913327316898,"Unadjusted"
157,"500",4.11459508274162,"Unadjusted"
158,"500",4.94014836259246,"Unadjusted"
159,"500",3.71927910927833,"Unadjusted"
160,"500",2.97550839152042,"Unadjusted"
161,"500",3.12342409035757,"Unadjusted"
162,"500",3.14133745078122,"Unadjusted"
163,"500",3.24753892983907,"Unadjusted"
164,"500",3.22988649784472,"Unadjusted"
165,"500",3.36168032834948,"Unadjusted"
166,"500",5.82713230005143,"Unadjusted"
167,"500",2.6264628899195,"Unadjusted"
168,"500",2.66213650461455,"Unadjusted"
169,"500",3.55358094713225,"Unadjusted"
170,"500",3.67390987587387,"Unadjusted"
171,"500",3.712467770151,"Unadjusted"
172,"500",3.27652588032626,"Unadjusted"
173,"500",3.5609034555273,"Unadjusted"
174,"500",4.08282856977477,"Unadjusted"
175,"500",6.76730543605784,"Unadjusted"
176,"500",5.26800624611252,"Unadjusted"
177,"500",3.11602302579831,"Unadjusted"
178,"500",2.94395312239543,"Unadjusted"
179,"500",3.21048556518315,"Unadjusted"
180,"500",2.79363469219579,"Unadjusted"
181,"500",3.32445070454717,"Unadjusted"
182,"500",4.05225704556474,"Unadjusted"
183,"500",4.11922230379882,"Unadjusted"
184,"500",3.18631737108496,"Unadjusted"
185,"500",3.93812073496027,"Unadjusted"
186,"500",2.46183095039094,"Unadjusted"
187,"500",2.40624829719159,"Unadjusted"
188,"500",3.54094555977715,"Unadjusted"
189,"500",4.0522843618138,"Unadjusted"
190,"500",2.71962274656117,"Unadjusted"
191,"500",2.88680059080068,"Unadjusted"
192,"500",4.16488648218987,"Unadjusted"
193,"500",3.3651278951952,"Unadjusted"
194,"500",2.6736201203678,"Unadjusted"
195,"500",3.17277930253293,"Unadjusted"
196,"500",3.69845064641912,"Unadjusted"
197,"500",3.03672396247275,"Unadjusted"
198,"500",2.45517484018699,"Unadjusted"
199,"500",3.33030563609598,"Unadjusted"
200,"500",2.7292883549733,"Unadjusted"
201,"500",2.84846183854548,"Unadjusted"
202,"500",3.14270270273606,"Unadjusted"
203,"500",3.59731712758875,"Unadjusted"
204,"500",3.36360884061405,"Unadjusted"
205,"500",3.32203006500068,"Unadjusted"
206,"500",3.93884588411702,"Unadjusted"
207,"500",3.12157884824888,"Unadjusted"
208,"500",3.88194002406452,"Unadjusted"
209,"500",2.43715780385488,"Unadjusted"
210,"500",2.67593398241245,"Unadjusted"
211,"500",3.71129633109178,"Unadjusted"
212,"500",3.52669404521381,"Unadjusted"
213,"500",4.20448508062033,"Unadjusted"
214,"500",3.3029130528017,"Unadjusted"
215,"500",2.8525164674163,"Unadjusted"
216,"500",2.74731846033629,"Unadjusted"
217,"500",2.59995700773891,"Unadjusted"
218,"500",2.90805145307293,"Unadjusted"
219,"500",5.053172665081,"Unadjusted"
220,"500",4.23901455680265,"Unadjusted"
221,"500",3.43365941685294,"Unadjusted"
222,"500",3.96894243651532,"Unadjusted"
223,"500",3.3856905483338,"Unadjusted"
224,"500",2.63223110083201,"Unadjusted"
225,"500",6.61344470323671,"Unadjusted"
226,"500",3.67409009338625,"Unadjusted"
227,"500",2.95238313789805,"Unadjusted"
228,"500",3.63739136580332,"Unadjusted"
229,"500",3.64285263888014,"Unadjusted"
230,"500",4.02702216469042,"Unadjusted"
231,"500",2.41200230813866,"Unadjusted"
232,"500",3.80710805242418,"Unadjusted"
233,"500",4.17378327357834,"Unadjusted"
234,"500",3.31444047803925,"Unadjusted"
235,"500",3.96386082055153,"Unadjusted"
236,"500",2.52119070433383,"Unadjusted"
237,"500",3.54817483316979,"Unadjusted"
238,"500",3.72109403390269,"Unadjusted"
239,"500",3.39177710205421,"Unadjusted"
240,"500",2.8911369308886,"Unadjusted"
241,"500",3.24043956398444,"Unadjusted"
242,"500",2.98900672747385,"Unadjusted"
243,"500",3.28609253630314,"Unadjusted"
244,"500",3.52230216109021,"Unadjusted"
245,"500",3.89330837631693,"Unadjusted"
246,"500",2.63754400435405,"Unadjusted"
247,"500",3.02340850317856,"Unadjusted"
248,"500",3.57461414563941,"Unadjusted"
249,"500",3.57809696616893,"Unadjusted"
250,"500",4.92833233198891,"Unadjusted"
251,"500",3.2338328581055,"Unadjusted"
252,"500",2.80257621012354,"Unadjusted"
253,"500",3.62849872821578,"Unadjusted"
254,"500",3.06451890750465,"Unadjusted"
255,"500",3.62026341368795,"Unadjusted"
256,"500",3.54106619872903,"Unadjusted"
257,"500",4.16135490038343,"Unadjusted"
258,"500",2.55259493668222,"Unadjusted"
259,"500",3.89699951809683,"Unadjusted"
260,"500",3.06525302377471,"Unadjusted"
261,"500",4.12416322970759,"Unadjusted"
262,"500",2.77085409461282,"Unadjusted"
263,"500",3.11375605500195,"Unadjusted"
264,"500",4.34477189296103,"Unadjusted"
265,"500",3.07980014442507,"Unadjusted"
266,"500",4.18653726088747,"Unadjusted"
267,"500",2.84667050397341,"Unadjusted"
268,"500",3.18745855052682,"Unadjusted"
269,"500",4.0228847187008,"Unadjusted"
270,"500",3.07283714742746,"Unadjusted"
271,"500",3.45210425319269,"Unadjusted"
272,"500",3.25321424719578,"Unadjusted"
273,"500",3.50981041586628,"Unadjusted"
274,"500",2.98381222181103,"Unadjusted"
275,"500",2.72718162169777,"Unadjusted"
276,"500",2.64163165701128,"Unadjusted"
277,"500",4.39408959358894,"Unadjusted"
278,"500",3.19991813526377,"Unadjusted"
279,"500",4.7740758467843,"Unadjusted"
280,"500",3.74964651138878,"Unadjusted"
281,"500",2.78810856494507,"Unadjusted"
282,"500",4.70448364088761,"Unadjusted"
283,"500",3.20641282565189,"Unadjusted"
284,"500",4.89299868716301,"Unadjusted"
285,"500",2.87937416216061,"Unadjusted"
286,"500",3.16451495647295,"Unadjusted"
287,"500",2.64062301852588,"Unadjusted"
288,"500",4.60534847547832,"Unadjusted"
289,"500",2.91049324158102,"Unadjusted"
290,"500",3.0265223687343,"Unadjusted"
291,"500",3.35611977263037,"Unadjusted"
292,"500",3.40149794904206,"Unadjusted"
293,"500",2.48876174908544,"Unadjusted"
294,"500",2.72815671537244,"Unadjusted"
295,"500",2.68693303673644,"Unadjusted"
296,"500",3.34369130971123,"Unadjusted"
297,"500",2.80696152783273,"Unadjusted"
298,"500",2.78375912434058,"Unadjusted"
299,"500",4.05526885300487,"Unadjusted"
300,"500",2.17689064679823,"Unadjusted"
301,"500",2.92696126358181,"Unadjusted"
302,"500",3.75661281450431,"Unadjusted"
303,"500",2.54471059834074,"Unadjusted"
304,"500",3.09217453407143,"Unadjusted"
305,"500",2.76074728485445,"Unadjusted"
306,"500",5.36920968090845,"Unadjusted"
307,"500",5.35540069686412,"Unadjusted"
308,"500",3.93728301154953,"Unadjusted"
309,"500",2.93156107418934,"Unadjusted"
310,"500",2.79719455419181,"Unadjusted"
311,"500",2.80331601488333,"Unadjusted"
312,"500",2.76147080115171,"Unadjusted"
313,"500",3.24811453032785,"Unadjusted"
314,"500",3.9378494342973,"Unadjusted"
315,"500",4.12677413072479,"Unadjusted"
316,"500",4.17400419287212,"Unadjusted"
317,"500",4.91656515901487,"Unadjusted"
318,"500",2.52726394694731,"Unadjusted"
319,"500",3.29306961914481,"Unadjusted"
320,"500",3.43434196849649,"Unadjusted"
321,"500",4.02983982858753,"Unadjusted"
322,"500",3.71192046839103,"Unadjusted"
323,"500",4.59985017552388,"Unadjusted"
324,"500",3.48965071151358,"Unadjusted"
325,"500",4.78877745646946,"Unadjusted"
326,"500",2.95850108431927,"Unadjusted"
327,"500",4.89427780691877,"Unadjusted"
328,"500",2.4558123741522,"Unadjusted"
329,"500",3.09595829075779,"Unadjusted"
330,"500",3.56042292842241,"Unadjusted"
331,"500",2.65781135074346,"Unadjusted"
332,"500",2.54320987727783,"Unadjusted"
333,"500",3.31514748299966,"Unadjusted"
334,"500",2.88542668297467,"Unadjusted"
335,"500",3.16214152673122,"Unadjusted"
336,"500",4.33221315494464,"Unadjusted"
337,"500",3.65033200371875,"Unadjusted"
338,"500",3.20940346697316,"Unadjusted"
339,"500",2.66686291502588,"Unadjusted"
340,"500",3.11182196023759,"Unadjusted"
341,"500",3.32293851510819,"Unadjusted"
342,"500",3.0973969219797,"Unadjusted"
343,"500",5.58464289816624,"Unadjusted"
344,"500",4.02688861249584,"Unadjusted"
345,"500",3.46771558054904,"Unadjusted"
346,"500",2.95611828604965,"Unadjusted"
347,"500",5.02770507608092,"Unadjusted"
348,"500",3.10576085802689,"Unadjusted"
349,"500",2.68225146903332,"Unadjusted"
350,"500",3.15305590730972,"Unadjusted"
351,"500",3.55249795945589,"Unadjusted"
352,"500",2.8675876399765,"Unadjusted"
353,"500",3.12835949384979,"Unadjusted"
354,"500",3.11613966401813,"Unadjusted"
355,"500",4.25830630785431,"Unadjusted"
356,"500",4.66356389369171,"Unadjusted"
357,"500",2.50995689528423,"Unadjusted"
358,"500",2.08230228272741,"Unadjusted"
359,"500",2.60056705121602,"Unadjusted"
360,"500",3.33606149705703,"Unadjusted"
361,"500",3.30743854874759,"Unadjusted"
362,"500",2.63466244985987,"Unadjusted"
363,"500",3.49780457386595,"Unadjusted"
364,"500",3.67101470294306,"Unadjusted"
365,"500",3.33875468637711,"Unadjusted"
366,"500",2.45637974808413,"Unadjusted"
367,"500",2.72650937475412,"Unadjusted"
368,"500",4.66791407809895,"Unadjusted"
369,"500",3.20015745527109,"Unadjusted"
370,"500",3.36305052164736,"Unadjusted"
371,"500",2.42443834097635,"Unadjusted"
372,"500",3.31846180098021,"Unadjusted"
373,"500",2.48850606525267,"Unadjusted"
374,"500",2.82466443899815,"Unadjusted"
375,"500",4.00193357330966,"Unadjusted"
376,"500",3.00925008076522,"Unadjusted"
377,"500",2.97507151614709,"Unadjusted"
378,"500",2.34986584627868,"Unadjusted"
379,"500",4.59885475126916,"Unadjusted"
380,"500",6.69816458208832,"Unadjusted"
381,"500",2.98686270398742,"Unadjusted"
382,"500",3.74895453311682,"Unadjusted"
383,"500",2.8536585439448,"Unadjusted"
384,"500",2.85091317095289,"Unadjusted"
385,"500",3.00393144710726,"Unadjusted"
386,"500",2.74809387769337,"Unadjusted"
387,"500",3.52633838074172,"Unadjusted"
388,"500",3.01675032476786,"Unadjusted"
389,"500",2.98051624290339,"Unadjusted"
390,"500",2.66645029313995,"Unadjusted"
391,"500",3.0513942355819,"Unadjusted"
392,"500",3.85764774070559,"Unadjusted"
393,"500",3.08764783085537,"Unadjusted"
394,"500",2.74974339632387,"Unadjusted"
395,"500",2.76435692006612,"Unadjusted"
396,"500",4.21303611933451,"Unadjusted"
397,"500",3.96375785115536,"Unadjusted"
398,"500",3.25325789330586,"Unadjusted"
399,"500",3.56462163830372,"Unadjusted"
400,"500",4.542141696079,"Unadjusted"
401,"500",2.65315113415404,"Unadjusted"
402,"500",3.53137310876392,"Unadjusted"
403,"500",3.75029166754857,"Unadjusted"
404,"500",3.35251690464077,"Unadjusted"
405,"500",4.16412226262405,"Unadjusted"
406,"500",3.76705916605335,"Unadjusted"
407,"500",3.62451109606349,"Unadjusted"
408,"500",2.27701569728684,"Unadjusted"
409,"500",2.99190304518645,"Unadjusted"
410,"500",2.42427035518736,"Unadjusted"
411,"500",4.67014854237825,"Unadjusted"
412,"500",2.82488466562748,"Unadjusted"
413,"500",3.77568242511276,"Unadjusted"
414,"500",4.29595000580613,"Unadjusted"
415,"500",3.80627898679987,"Unadjusted"
416,"500",2.91453773840131,"Unadjusted"
417,"500",3.00861573858596,"Unadjusted"
418,"500",3.45264848411462,"Unadjusted"
419,"500",3.03802792219213,"Unadjusted"
420,"500",2.7669391713551,"Unadjusted"
421,"500",2.61325954389238,"Unadjusted"
422,"500",2.98908325594541,"Unadjusted"
423,"500",2.85021025665817,"Unadjusted"
424,"500",3.02289105065775,"Unadjusted"
425,"500",2.75712204030742,"Unadjusted"
426,"500",3.56242583956781,"Unadjusted"
427,"500",2.67101044108075,"Unadjusted"
428,"500",3.30035016682136,"Unadjusted"
429,"500",3.01635697403771,"Unadjusted"
430,"500",3.63509080743063,"Unadjusted"
431,"500",4.21884578335504,"Unadjusted"
432,"500",2.69727047114005,"Unadjusted"
433,"500",3.58835110940407,"Unadjusted"
434,"500",3.39857809994197,"Unadjusted"
435,"500",3.92023734817304,"Unadjusted"
436,"500",3.66575396107211,"Unadjusted"
437,"500",3.43011594586318,"Unadjusted"
438,"500",3.33838995973718,"Unadjusted"
439,"500",4.7715061572565,"Unadjusted"
440,"500",4.21584827484221,"Unadjusted"
441,"500",2.89307234473512,"Unadjusted"
442,"500",4.07536738479091,"Unadjusted"
443,"500",2.62777361619483,"Unadjusted"
444,"500",3.21443716631532,"Unadjusted"
445,"500",2.85569735536428,"Unadjusted"
446,"500",2.59125892639304,"Unadjusted"
447,"500",3.77658387329014,"Unadjusted"
448,"500",4.01556201456748,"Unadjusted"
449,"500",3.72304222380752,"Unadjusted"
450,"500",3.10022615726245,"Unadjusted"
451,"500",3.53126433679827,"Unadjusted"
452,"500",2.98083053889626,"Unadjusted"
453,"500",2.62548698268979,"Unadjusted"
454,"500",4.22771607242215,"Unadjusted"
455,"500",4.38751066067057,"Unadjusted"
456,"500",5.07473287677157,"Unadjusted"
457,"500",2.72785920945971,"Unadjusted"
458,"500",3.46130479827074,"Unadjusted"
459,"500",3.83177570251719,"Unadjusted"
460,"500",2.85643806961557,"Unadjusted"
461,"500",5.29264288921623,"Unadjusted"
462,"500",3.38075135226285,"Unadjusted"
463,"500",2.42204830826336,"Unadjusted"
464,"500",2.63599037870879,"Unadjusted"
465,"500",2.69469027009329,"Unadjusted"
466,"500",3.13306632944442,"Unadjusted"
467,"500",2.78901422489508,"Unadjusted"
468,"500",3.00932985997733,"Unadjusted"
469,"500",3.27174256131665,"Unadjusted"
470,"500",3.43822598116493,"Unadjusted"
471,"500",4.05634950482761,"Unadjusted"
472,"500",3.05401655691427,"Unadjusted"
473,"500",3.27754624462568,"Unadjusted"
474,"500",3.07759006807384,"Unadjusted"
475,"500",3.5986212665393,"Unadjusted"
476,"500",2.83617302611908,"Unadjusted"
477,"500",5.68533667189462,"Unadjusted"
478,"500",2.99306427189811,"Unadjusted"
479,"500",2.97824440839503,"Unadjusted"
480,"500",4.00948988239891,"Unadjusted"
481,"500",2.88103866155419,"Unadjusted"
482,"500",2.92465010661686,"Unadjusted"
483,"500",6.24246773776127,"Unadjusted"
484,"500",4.27593002160093,"Unadjusted"
485,"500",2.83194614441768,"Unadjusted"
486,"500",2.41122265091172,"Unadjusted"
487,"500",3.33421741255345,"Unadjusted"
488,"500",3.9478679894656,"Unadjusted"
489,"500",3.764851272702,"Unadjusted"
490,"500",4.03471739752343,"Unadjusted"
491,"500",2.6481667759542,"Unadjusted"
492,"500",2.35826448819584,"Unadjusted"
493,"500",2.42399836970601,"Unadjusted"
494,"500",2.84769850413337,"Unadjusted"
495,"500",3.01039985710146,"Unadjusted"
496,"500",3.06539877431828,"Unadjusted"
497,"500",3.71170255097841,"Unadjusted"
498,"500",3.79589748031989,"Unadjusted"
499,"500",2.78805781284525,"Unadjusted"
500,"500",3.12988351451499,"Unadjusted"
501,"500",3.23860773074599,"Unadjusted"
502,"500",3.94622707651876,"Unadjusted"
503,"500",3.07931102159159,"Unadjusted"
504,"500",2.66272448599075,"Unadjusted"
505,"500",3.27186066527489,"Unadjusted"
506,"500",3.85239212710959,"Unadjusted"
507,"500",4.14645530801842,"Unadjusted"
508,"500",2.95798320237568,"Unadjusted"
509,"500",3.17023806881723,"Unadjusted"
510,"500",4.34863293602966,"Unadjusted"
511,"500",3.15132251899215,"Unadjusted"
512,"500",2.94651684323721,"Unadjusted"
513,"500",3.25579982223496,"Unadjusted"
514,"500",3.13779844872187,"Unadjusted"
515,"500",3.68054209329806,"Unadjusted"
516,"500",2.71856650242062,"Unadjusted"
517,"500",2.8261490270379,"Unadjusted"
518,"500",3.46349593490812,"Unadjusted"
519,"500",4.03779685845446,"Unadjusted"
520,"500",4.64885016726559,"Unadjusted"
521,"500",5.45892299618017,"Unadjusted"
522,"500",3.72772153780463,"Unadjusted"
523,"500",3.64382117386806,"Unadjusted"
524,"500",2.66958568480697,"Unadjusted"
525,"500",2.83481861106008,"Unadjusted"
526,"500",4.18127395769275,"Unadjusted"
527,"500",3.74384236552065,"Unadjusted"
528,"500",3.13302846643349,"Unadjusted"
529,"500",4.06150990797889,"Unadjusted"
530,"500",3.73117909574965,"Unadjusted"
531,"500",4.1722070844939,"Unadjusted"
532,"500",3.6991328267507,"Unadjusted"
533,"500",4.54108152027625,"Unadjusted"
534,"500",2.86860126789606,"Unadjusted"
535,"500",2.91351351351363,"Unadjusted"
536,"500",3.72340939720145,"Unadjusted"
537,"500",3.34691254639203,"Unadjusted"
538,"500",5.46951489721502,"Unadjusted"
539,"500",3.02528800661477,"Unadjusted"
540,"500",3.67670105409272,"Unadjusted"
541,"500",3.2594579293133,"Unadjusted"
542,"500",3.60912899227503,"Unadjusted"
543,"500",3.04602022229429,"Unadjusted"
544,"500",3.32890010793087,"Unadjusted"
545,"500",5.40531505933484,"Unadjusted"
546,"500",2.63749134980466,"Unadjusted"
547,"500",4.34727819628921,"Unadjusted"
548,"500",3.22632365045577,"Unadjusted"
549,"500",3.25886577290795,"Unadjusted"
550,"500",4.15161308981816,"Unadjusted"
551,"500",3.52289016529911,"Unadjusted"
552,"500",4.96438494430632,"Unadjusted"
553,"500",4.66916507376275,"Unadjusted"
554,"500",3.94288567890166,"Unadjusted"
555,"500",3.97354534360195,"Unadjusted"
556,"500",3.52426583605575,"Unadjusted"
557,"500",3.51188023043784,"Unadjusted"
558,"500",3.37995689581598,"Unadjusted"
559,"500",2.89661692931979,"Unadjusted"
560,"500",2.74223238219284,"Unadjusted"
561,"500",2.56397171201124,"Unadjusted"
562,"500",3.03904658123694,"Unadjusted"
563,"500",2.75627416088867,"Unadjusted"
564,"500",3.12974441131291,"Unadjusted"
565,"500",3.36928214893031,"Unadjusted"
566,"500",3.29941694299946,"Unadjusted"
567,"500",2.82575204781646,"Unadjusted"
568,"500",3.71081529019211,"Unadjusted"
569,"500",3.23745453931368,"Unadjusted"
570,"500",2.87238173372284,"Unadjusted"
571,"500",2.68652694153412,"Unadjusted"
572,"500",3.2538768276477,"Unadjusted"
573,"500",3.02706199184783,"Unadjusted"
574,"500",2.94873083468636,"Unadjusted"
575,"500",3.61134425667131,"Unadjusted"
576,"500",3.6439947536101,"Unadjusted"
577,"500",2.6275840651496,"Unadjusted"
578,"500",5.51674036641561,"Unadjusted"
579,"500",2.89049107665379,"Unadjusted"
580,"500",3.57124698858216,"Unadjusted"
581,"500",3.41044941771937,"Unadjusted"
582,"500",3.33866554409679,"Unadjusted"
583,"500",3.61120719495091,"Unadjusted"
584,"500",2.37902232952117,"Unadjusted"
585,"500",2.85784074289383,"Unadjusted"
586,"500",3.60611511103706,"Unadjusted"
587,"500",2.38571729732771,"Unadjusted"
588,"500",2.92862438498357,"Unadjusted"
589,"500",2.78297813489705,"Unadjusted"
590,"500",3.56281581744939,"Unadjusted"
591,"500",3.31738575298913,"Unadjusted"
592,"500",2.41710543635516,"Unadjusted"
593,"500",3.82540778945112,"Unadjusted"
594,"500",2.35409075677279,"Unadjusted"
595,"500",3.71170615016599,"Unadjusted"
596,"500",2.84628842789531,"Unadjusted"
597,"500",2.30007970795299,"Unadjusted"
598,"500",3.93475302159453,"Unadjusted"
599,"500",2.9631613880785,"Unadjusted"
600,"500",3.29546143860628,"Unadjusted"
601,"500",3.279839324158,"Unadjusted"
602,"500",4.29443480864346,"Unadjusted"
603,"500",3.78197604741334,"Unadjusted"
604,"500",3.44767137477668,"Unadjusted"
605,"500",2.50895200082634,"Unadjusted"
606,"500",4.16645010073038,"Unadjusted"
607,"500",3.36421949880426,"Unadjusted"
608,"500",3.30663155829791,"Unadjusted"
609,"500",2.64640030065075,"Unadjusted"
610,"500",4.61850538101084,"Unadjusted"
611,"500",2.68328369421272,"Unadjusted"
612,"500",2.73744739121293,"Unadjusted"
613,"500",2.86551452224154,"Unadjusted"
614,"500",5.90086317964528,"Unadjusted"
615,"500",3.0147829873328,"Unadjusted"
616,"500",2.85950344753716,"Unadjusted"
617,"500",2.35406626506027,"Unadjusted"
618,"500",3.87211481441509,"Unadjusted"
619,"500",3.67213114754104,"Unadjusted"
620,"500",2.54449080532116,"Unadjusted"
621,"500",2.79301490257805,"Unadjusted"
622,"500",3.58350721222881,"Unadjusted"
623,"500",3.80475174063793,"Unadjusted"
624,"500",2.95717674117725,"Unadjusted"
625,"500",3.66340267178848,"Unadjusted"
626,"500",2.85207170611777,"Unadjusted"
627,"500",2.81765627772194,"Unadjusted"
628,"500",2.95033282132576,"Unadjusted"
629,"500",4.82685523238098,"Unadjusted"
630,"500",2.97904186097955,"Unadjusted"
631,"500",4.9674856106649,"Unadjusted"
632,"500",2.89377139458737,"Unadjusted"
633,"500",3.17875902083916,"Unadjusted"
634,"500",2.90448503099107,"Unadjusted"
635,"500",3.2144086487663,"Unadjusted"
636,"500",3.07577120957748,"Unadjusted"
637,"500",3.3251401004654,"Unadjusted"
638,"500",4.37910798128955,"Unadjusted"
639,"500",3.34307422559979,"Unadjusted"
640,"500",2.97841441679323,"Unadjusted"
641,"500",3.48138880230915,"Unadjusted"
642,"500",2.95307355345574,"Unadjusted"
643,"500",3.66500359076822,"Unadjusted"
644,"500",3.2281416433835,"Unadjusted"
645,"500",4.49278605629402,"Unadjusted"
646,"500",3.04248024624692,"Unadjusted"
647,"500",3.23721910115121,"Unadjusted"
648,"500",4.21877523397904,"Unadjusted"
649,"500",3.29155967152381,"Unadjusted"
650,"500",3.8211062467771,"Unadjusted"
651,"500",3.86183580219623,"Unadjusted"
652,"500",2.98921600412169,"Unadjusted"
653,"500",3.9766767766996,"Unadjusted"
654,"500",3.45291804722655,"Unadjusted"
655,"500",3.50957680864744,"Unadjusted"
656,"500",3.35257154345265,"Unadjusted"
657,"500",2.80721069556081,"Unadjusted"
658,"500",4.28983997848806,"Unadjusted"
659,"500",3.87900968783853,"Unadjusted"
660,"500",3.04225758606061,"Unadjusted"
661,"500",2.98179760454862,"Unadjusted"
662,"500",2.5657894737813,"Unadjusted"
663,"500",2.94888078623207,"Unadjusted"
664,"500",3.0233131363874,"Unadjusted"
665,"500",2.73342781595629,"Unadjusted"
666,"500",3.30073349633252,"Unadjusted"
667,"500",5.83566560651498,"Unadjusted"
668,"500",3.23249419554005,"Unadjusted"
669,"500",3.93443018237278,"Unadjusted"
670,"500",3.64342830247723,"Unadjusted"
671,"500",2.90556165858999,"Unadjusted"
672,"500",3.36987831346639,"Unadjusted"
673,"500",2.81720286886145,"Unadjusted"
674,"500",3.29736811683788,"Unadjusted"
675,"500",4.13420653727962,"Unadjusted"
676,"500",2.43066307640551,"Unadjusted"
677,"500",3.3124153094918,"Unadjusted"
678,"500",3.20721095488105,"Unadjusted"
679,"500",3.90626785732489,"Unadjusted"
680,"500",3.01826108767838,"Unadjusted"
681,"500",3.1936240487749,"Unadjusted"
682,"500",3.9499025048807,"Unadjusted"
683,"500",3.83155995780205,"Unadjusted"
684,"500",3.16844828760131,"Unadjusted"
685,"500",3.24875890882819,"Unadjusted"
686,"500",3.51870657402513,"Unadjusted"
687,"500",3.3174954661967,"Unadjusted"
688,"500",3.20267380873494,"Unadjusted"
689,"500",4.53254604245745,"Unadjusted"
690,"500",3.77029248232407,"Unadjusted"
691,"500",3.01534963441263,"Unadjusted"
692,"500",2.72886139168959,"Unadjusted"
693,"500",2.83199786599477,"Unadjusted"
694,"500",2.95189969730433,"Unadjusted"
695,"500",4.50670855079668,"Unadjusted"
696,"500",6.50310556764051,"Unadjusted"
697,"500",2.843087620313,"Unadjusted"
698,"500",3.2430076705581,"Unadjusted"
699,"500",3.77854731021209,"Unadjusted"
700,"500",3.550356524338,"Unadjusted"
701,"500",4.04495435137344,"Unadjusted"
702,"500",3.05873630818386,"Unadjusted"
703,"500",2.8479599778642,"Unadjusted"
704,"500",3.05907207367226,"Unadjusted"
705,"500",6.24614087356782,"Unadjusted"
706,"500",2.4443451856217,"Unadjusted"
707,"500",3.46847823908437,"Unadjusted"
708,"500",2.99374198026887,"Unadjusted"
709,"500",2.83710000376791,"Unadjusted"
710,"500",3.8251197924908,"Unadjusted"
711,"500",2.74212584938764,"Unadjusted"
712,"500",3.27283313706256,"Unadjusted"
713,"500",2.82552290463262,"Unadjusted"
714,"500",3.95065866333649,"Unadjusted"
715,"500",3.55435007719754,"Unadjusted"
716,"500",2.61899180623839,"Unadjusted"
717,"500",2.80609002206046,"Unadjusted"
718,"500",3.40862982767764,"Unadjusted"
719,"500",2.79271357446016,"Unadjusted"
720,"500",3.37276152710578,"Unadjusted"
721,"500",3.23678577401365,"Unadjusted"
722,"500",4.20151398514877,"Unadjusted"
723,"500",2.76888939649296,"Unadjusted"
724,"500",3.84406919288867,"Unadjusted"
725,"500",3.53610436901712,"Unadjusted"
726,"500",2.80979169835066,"Unadjusted"
727,"500",2.59523470030375,"Unadjusted"
728,"500",3.44231343256791,"Unadjusted"
729,"500",3.75247234041623,"Unadjusted"
730,"500",5.83672160108625,"Unadjusted"
731,"500",3.00198859870099,"Unadjusted"
732,"500",3.03026076510269,"Unadjusted"
733,"500",3.87674570990856,"Unadjusted"
734,"500",2.73322852529765,"Unadjusted"
735,"500",2.9104830225953,"Unadjusted"
736,"500",4.20050185289619,"Unadjusted"
737,"500",4.57189617245929,"Unadjusted"
738,"500",2.97408182903219,"Unadjusted"
739,"500",3.28223667298827,"Unadjusted"
740,"500",3.54786033932407,"Unadjusted"
741,"500",2.99953538284108,"Unadjusted"
742,"500",4.29311000143613,"Unadjusted"
743,"500",4.34089616844259,"Unadjusted"
744,"500",2.93143330681632,"Unadjusted"
745,"500",2.16316744535911,"Unadjusted"
746,"500",3.38204399909548,"Unadjusted"
747,"500",2.38592806417757,"Unadjusted"
748,"500",2.74061643652293,"Unadjusted"
749,"500",3.0653364648425,"Unadjusted"
750,"500",3.00678014353366,"Unadjusted"
751,"500",2.97678646426411,"Unadjusted"
752,"500",3.97055004294577,"Unadjusted"
753,"500",2.69474494009896,"Unadjusted"
754,"500",3.74302747958244,"Unadjusted"
755,"500",3.12220032252286,"Unadjusted"
756,"500",3.2722425621486,"Unadjusted"
757,"500",2.81443066348875,"Unadjusted"
758,"500",3.15125232043291,"Unadjusted"
759,"500",3.67264663774635,"Unadjusted"
760,"500",3.54816460949396,"Unadjusted"
761,"500",3.36133014524508,"Unadjusted"
762,"500",3.6230600467056,"Unadjusted"
763,"500",2.93590379370197,"Unadjusted"
764,"500",2.98758365405977,"Unadjusted"
765,"500",4.82490418453526,"Unadjusted"
766,"500",3.83429119134592,"Unadjusted"
767,"500",4.54929911784181,"Unadjusted"
768,"500",2.79289940828407,"Unadjusted"
769,"500",5.32573441913052,"Unadjusted"
770,"500",3.53837857846223,"Unadjusted"
771,"500",3.00276258895456,"Unadjusted"
772,"500",2.93763211143499,"Unadjusted"
773,"500",2.81436548196176,"Unadjusted"
774,"500",2.58714315232468,"Unadjusted"
775,"500",2.90107963593339,"Unadjusted"
776,"500",3.54070820474952,"Unadjusted"
777,"500",2.7766825710604,"Unadjusted"
778,"500",3.24886492625217,"Unadjusted"
779,"500",3.2863638314567,"Unadjusted"
780,"500",2.83049357246258,"Unadjusted"
781,"500",2.74475087534716,"Unadjusted"
782,"500",3.10477946106515,"Unadjusted"
783,"500",3.09194478964618,"Unadjusted"
784,"500",3.63121968973056,"Unadjusted"
785,"500",2.69035584105573,"Unadjusted"
786,"500",3.83415497374605,"Unadjusted"
787,"500",2.73677493769132,"Unadjusted"
788,"500",4.60373593463655,"Unadjusted"
789,"500",4.15484159066818,"Unadjusted"
790,"500",3.4303996818856,"Unadjusted"
791,"500",2.61274570483195,"Unadjusted"
792,"500",3.59142958882957,"Unadjusted"
793,"500",2.34809380263364,"Unadjusted"
794,"500",5.56883496033266,"Unadjusted"
795,"500",2.69959009261392,"Unadjusted"
796,"500",4.2908163498605,"Unadjusted"
797,"500",3.33237712860816,"Unadjusted"
798,"500",3.61146194078132,"Unadjusted"
799,"500",4.05031702486954,"Unadjusted"
800,"500",4.30832418884737,"Unadjusted"
801,"500",2.7046318643171,"Unadjusted"
802,"500",3.57537424918437,"Unadjusted"
803,"500",3.74534161490682,"Unadjusted"
804,"500",3.04320059680572,"Unadjusted"
805,"500",2.43829812308063,"Unadjusted"
806,"500",3.09272690303786,"Unadjusted"
807,"500",3.44906443314458,"Unadjusted"
808,"500",2.8950983669202,"Unadjusted"
809,"500",3.75838264299801,"Unadjusted"
810,"500",3.224355402122,"Unadjusted"
811,"500",3.78238169665133,"Unadjusted"
812,"500",2.6731310088758,"Unadjusted"
813,"500",2.87882382784437,"Unadjusted"
814,"500",2.68212875220988,"Unadjusted"
815,"500",3.65901570756594,"Unadjusted"
816,"500",3.48194382523696,"Unadjusted"
817,"500",3.08022846652044,"Unadjusted"
818,"500",3.45479082321193,"Unadjusted"
819,"500",3.35053530331252,"Unadjusted"
820,"500",3.18083590357549,"Unadjusted"
821,"500",3.62406510355686,"Unadjusted"
822,"500",3.30089788980111,"Unadjusted"
823,"500",3.96974043581642,"Unadjusted"
824,"500",4.03474851371682,"Unadjusted"
825,"500",2.4280935409476,"Unadjusted"
826,"500",5.09041923381874,"Unadjusted"
827,"500",3.17726884042642,"Unadjusted"
828,"500",3.22335597612506,"Unadjusted"
829,"500",2.35170511534601,"Unadjusted"
830,"500",3.90809779185877,"Unadjusted"
831,"500",4.22911317405332,"Unadjusted"
832,"500",3.17839744666752,"Unadjusted"
833,"500",3.03625364916377,"Unadjusted"
834,"500",3.81894771334619,"Unadjusted"
835,"500",3.28634053685705,"Unadjusted"
836,"500",3.64359555243094,"Unadjusted"
837,"500",3.06574162603813,"Unadjusted"
838,"500",2.75839389040151,"Unadjusted"
839,"500",3.01892332753066,"Unadjusted"
840,"500",3.83083172335074,"Unadjusted"
841,"500",2.55469039673716,"Unadjusted"
842,"500",2.7253683257753,"Unadjusted"
843,"500",4.8506135576366,"Unadjusted"
844,"500",3.88772586323116,"Unadjusted"
845,"500",3.83462064922535,"Unadjusted"
846,"500",2.62776395973079,"Unadjusted"
847,"500",2.50222199021921,"Unadjusted"
848,"500",2.47750765150069,"Unadjusted"
849,"500",2.97500690617463,"Unadjusted"
850,"500",2.88354096515395,"Unadjusted"
851,"500",3.35378287135847,"Unadjusted"
852,"500",3.29613205507318,"Unadjusted"
853,"500",3.4330802242151,"Unadjusted"
854,"500",2.77174520526953,"Unadjusted"
855,"500",2.83673250426783,"Unadjusted"
856,"500",3.61198231755843,"Unadjusted"
857,"500",3.82144914397428,"Unadjusted"
858,"500",2.9437703333799,"Unadjusted"
859,"500",3.85514872880868,"Unadjusted"
860,"500",3.49357196589637,"Unadjusted"
861,"500",3.2837837839468,"Unadjusted"
862,"500",3.05144431921689,"Unadjusted"
863,"500",2.49817688594846,"Unadjusted"
864,"500",2.23460605832195,"Unadjusted"
865,"500",2.89843546139625,"Unadjusted"
866,"500",5.02632122038543,"Unadjusted"
867,"500",3.4475196776238,"Unadjusted"
868,"500",3.41289739399588,"Unadjusted"
869,"500",2.84033846259038,"Unadjusted"
870,"500",3.50695237400547,"Unadjusted"
871,"500",3.03914839125396,"Unadjusted"
872,"500",2.78586250877579,"Unadjusted"
873,"500",3.54700906907737,"Unadjusted"
874,"500",2.88831793582403,"Unadjusted"
875,"500",3.30296487501525,"Unadjusted"
876,"500",3.27992795061539,"Unadjusted"
877,"500",4.16312958286988,"Unadjusted"
878,"500",2.69846843029503,"Unadjusted"
879,"500",3.29731699159221,"Unadjusted"
880,"500",3.07420048629232,"Unadjusted"
881,"500",3.02014501148091,"Unadjusted"
882,"500",3.42365875034969,"Unadjusted"
883,"500",2.7720094637604,"Unadjusted"
884,"500",2.95101566730128,"Unadjusted"
885,"500",4.26145586490178,"Unadjusted"
886,"500",2.90278752312315,"Unadjusted"
887,"500",3.73994143006289,"Unadjusted"
888,"500",4.11493242007089,"Unadjusted"
889,"500",2.70144399245636,"Unadjusted"
890,"500",2.71878530265253,"Unadjusted"
891,"500",3.47002574477513,"Unadjusted"
892,"500",3.01834475109269,"Unadjusted"
893,"500",3.71110931332298,"Unadjusted"
894,"500",4.24549213408288,"Unadjusted"
895,"500",3.16686959946684,"Unadjusted"
896,"500",2.9235030897231,"Unadjusted"
897,"500",2.4248667974812,"Unadjusted"
898,"500",3.60101742344255,"Unadjusted"
899,"500",3.00999745898306,"Unadjusted"
900,"500",2.5002064086733,"Unadjusted"
901,"500",2.97231359328281,"Unadjusted"
902,"500",3.6910105742601,"Unadjusted"
903,"500",3.37782412234981,"Unadjusted"
904,"500",2.23471594259974,"Unadjusted"
905,"500",2.38799451191699,"Unadjusted"
906,"500",3.57351072142147,"Unadjusted"
907,"500",3.01373813659423,"Unadjusted"
908,"500",3.209269772144,"Unadjusted"
909,"500",3.36808789727229,"Unadjusted"
910,"500",3.0557288015778,"Unadjusted"
911,"500",3.772079011384,"Unadjusted"
912,"500",2.1025362170166,"Unadjusted"
913,"500",4.07533154508688,"Unadjusted"
914,"500",4.63569503297995,"Unadjusted"
915,"500",2.61931736412174,"Unadjusted"
916,"500",3.60475073695846,"Unadjusted"
917,"500",2.58640102527674,"Unadjusted"
918,"500",3.4981177007905,"Unadjusted"
919,"500",3.11688315313003,"Unadjusted"
920,"500",4.50730838856418,"Unadjusted"
921,"500",3.85843059215064,"Unadjusted"
922,"500",3.44061695775271,"Unadjusted"
923,"500",2.88981070793755,"Unadjusted"
924,"500",4.03125345015261,"Unadjusted"
925,"500",5.00327548556402,"Unadjusted"
926,"500",3.05699269189899,"Unadjusted"
927,"500",3.34804784829249,"Unadjusted"
928,"500",3.8120514558127,"Unadjusted"
929,"500",4.55361587450306,"Unadjusted"
930,"500",2.76987190369518,"Unadjusted"
931,"500",4.35522330225498,"Unadjusted"
932,"500",3.07467543768698,"Unadjusted"
933,"500",2.66491653461026,"Unadjusted"
934,"500",4.74309893209753,"Unadjusted"
935,"500",3.22421441041716,"Unadjusted"
936,"500",2.58233532938814,"Unadjusted"
937,"500",2.46147630807848,"Unadjusted"
938,"500",2.60756676572157,"Unadjusted"
939,"500",3.07483277441389,"Unadjusted"
940,"500",2.74420367317392,"Unadjusted"
941,"500",2.89099544925832,"Unadjusted"
942,"500",3.67356653302426,"Unadjusted"
943,"500",4.38040647198347,"Unadjusted"
944,"500",4.02149899431174,"Unadjusted"
945,"500",5.4023232209315,"Unadjusted"
946,"500",2.61573020963346,"Unadjusted"
947,"500",3.5096684191778,"Unadjusted"
948,"500",4.1314466737079,"Unadjusted"
949,"500",2.95244754884921,"Unadjusted"
950,"500",3.58929464732377,"Unadjusted"
951,"500",2.89310104145533,"Unadjusted"
952,"500",3.80447137531699,"Unadjusted"
953,"500",2.89641611344451,"Unadjusted"
954,"500",3.17516195775582,"Unadjusted"
955,"500",2.81361549263676,"Unadjusted"
956,"500",3.41479011029937,"Unadjusted"
957,"500",2.73336159418713,"Unadjusted"
958,"500",2.79407627148536,"Unadjusted"
959,"500",3.7866369864029,"Unadjusted"
960,"500",4.00220143460293,"Unadjusted"
961,"500",3.20674888514856,"Unadjusted"
962,"500",3.9882410611478,"Unadjusted"
963,"500",2.85225066938033,"Unadjusted"
964,"500",3.23035320825105,"Unadjusted"
965,"500",3.06920158054605,"Unadjusted"
966,"500",4.44276050225108,"Unadjusted"
967,"500",2.80372663468341,"Unadjusted"
968,"500",3.34613525186857,"Unadjusted"
969,"500",3.23952846422486,"Unadjusted"
970,"500",3.37304865943466,"Unadjusted"
971,"500",3.84778911759608,"Unadjusted"
972,"500",2.92780609540566,"Unadjusted"
973,"500",2.90552553656668,"Unadjusted"
974,"500",4.61394374755701,"Unadjusted"
975,"500",3.25869271603301,"Unadjusted"
976,"500",4.1198155246945,"Unadjusted"
977,"500",3.11111113003767,"Unadjusted"
978,"500",3.07611641799255,"Unadjusted"
979,"500",3.39770695967636,"Unadjusted"
980,"500",2.54423719726813,"Unadjusted"
981,"500",2.88281262239568,"Unadjusted"
982,"500",3.66214839416507,"Unadjusted"
983,"500",3.49947977492519,"Unadjusted"
984,"500",3.67321807218185,"Unadjusted"
985,"500",3.12314368453774,"Unadjusted"
986,"500",3.34048490598353,"Unadjusted"
987,"500",3.83641470614405,"Unadjusted"
988,"500",2.31430682062661,"Unadjusted"
989,"500",3.62458123413899,"Unadjusted"
990,"500",3.29619204914813,"Unadjusted"
991,"500",3.07846986076675,"Unadjusted"
992,"500",3.53831089367063,"Unadjusted"
993,"500",2.74135096701768,"Unadjusted"
994,"500",2.87650089254495,"Unadjusted"
995,"500",2.8315600625618,"Unadjusted"
996,"500",3.90516039051607,"Unadjusted"
997,"500",3.23028267218434,"Unadjusted"
998,"500",3.44116509760058,"Unadjusted"
999,"500",3.18433329029197,"Unadjusted"
1000,"500",2.42731485012209,"Unadjusted"
1,"1000",2.98039992755457,"Unadjusted"
2,"1000",2.95985411441498,"Unadjusted"
3,"1000",3.36379795891938,"Unadjusted"
4,"1000",3.11478420672983,"Unadjusted"
5,"1000",3.07583156075812,"Unadjusted"
6,"1000",4.11396233739761,"Unadjusted"
7,"1000",2.75781267289017,"Unadjusted"
8,"1000",3.44299599890924,"Unadjusted"
9,"1000",2.95387947412957,"Unadjusted"
10,"1000",3.67661502627296,"Unadjusted"
11,"1000",3.22291742172728,"Unadjusted"
12,"1000",2.59475315511027,"Unadjusted"
13,"1000",3.68136755115376,"Unadjusted"
14,"1000",3.19475640869892,"Unadjusted"
15,"1000",2.73230755326681,"Unadjusted"
16,"1000",3.565523387316,"Unadjusted"
17,"1000",3.20557817044224,"Unadjusted"
18,"1000",2.87325204614537,"Unadjusted"
19,"1000",3.18668087625415,"Unadjusted"
20,"1000",3.47510025183015,"Unadjusted"
21,"1000",3.34343281550348,"Unadjusted"
22,"1000",3.13418347473845,"Unadjusted"
23,"1000",3.86819372217247,"Unadjusted"
24,"1000",3.83794393465317,"Unadjusted"
25,"1000",3.85739506931118,"Unadjusted"
26,"1000",3.46893109355558,"Unadjusted"
27,"1000",3.23243034263212,"Unadjusted"
28,"1000",2.97699808746149,"Unadjusted"
29,"1000",3.3110921747313,"Unadjusted"
30,"1000",3.01050709603899,"Unadjusted"
31,"1000",3.10920607752457,"Unadjusted"
32,"1000",3.68643314587109,"Unadjusted"
33,"1000",3.48142669061968,"Unadjusted"
34,"1000",3.09255793534743,"Unadjusted"
35,"1000",5.13709516944535,"Unadjusted"
36,"1000",2.88301224363492,"Unadjusted"
37,"1000",3.90292522264443,"Unadjusted"
38,"1000",3.35423567279672,"Unadjusted"
39,"1000",2.76635601835037,"Unadjusted"
40,"1000",2.88677476126617,"Unadjusted"
41,"1000",3.6869178889784,"Unadjusted"
42,"1000",4.27213719991145,"Unadjusted"
43,"1000",3.60747480990991,"Unadjusted"
44,"1000",3.04190481716381,"Unadjusted"
45,"1000",3.50135830865768,"Unadjusted"
46,"1000",3.51147319137337,"Unadjusted"
47,"1000",3.29347982512927,"Unadjusted"
48,"1000",3.39933870195813,"Unadjusted"
49,"1000",3.37916312463948,"Unadjusted"
50,"1000",3.67966716363743,"Unadjusted"
51,"1000",3.24953384416222,"Unadjusted"
52,"1000",3.08848688512239,"Unadjusted"
53,"1000",3.26750800697652,"Unadjusted"
54,"1000",2.89497692729381,"Unadjusted"
55,"1000",3.79738007509041,"Unadjusted"
56,"1000",3.4349112145526,"Unadjusted"
57,"1000",2.98539650173735,"Unadjusted"
58,"1000",3.08351053965765,"Unadjusted"
59,"1000",3.54328861184468,"Unadjusted"
60,"1000",3.00059130777926,"Unadjusted"
61,"1000",3.07314619053837,"Unadjusted"
62,"1000",2.86435834918668,"Unadjusted"
63,"1000",2.6165617057711,"Unadjusted"
64,"1000",3.45532875389426,"Unadjusted"
65,"1000",4.1461506289085,"Unadjusted"
66,"1000",3.21651032082101,"Unadjusted"
67,"1000",3.21547473839328,"Unadjusted"
68,"1000",3.16804049272363,"Unadjusted"
69,"1000",2.91993987817479,"Unadjusted"
70,"1000",3.80238869339745,"Unadjusted"
71,"1000",3.56097319338507,"Unadjusted"
72,"1000",3.50395878532747,"Unadjusted"
73,"1000",2.6829430913376,"Unadjusted"
74,"1000",5.17006175852279,"Unadjusted"
75,"1000",3.68236503846391,"Unadjusted"
76,"1000",2.90570776285925,"Unadjusted"
77,"1000",3.19428455724946,"Unadjusted"
78,"1000",2.95621194431261,"Unadjusted"
79,"1000",3.57570532129545,"Unadjusted"
80,"1000",3.22974763815719,"Unadjusted"
81,"1000",2.69526665058919,"Unadjusted"
82,"1000",2.84035938844516,"Unadjusted"
83,"1000",3.58008701835161,"Unadjusted"
84,"1000",3.34774113546419,"Unadjusted"
85,"1000",3.07312372867306,"Unadjusted"
86,"1000",3.32413125518536,"Unadjusted"
87,"1000",3.01156145700496,"Unadjusted"
88,"1000",2.56609832294658,"Unadjusted"
89,"1000",2.91468253699078,"Unadjusted"
90,"1000",3.30891309849256,"Unadjusted"
91,"1000",3.98339466575881,"Unadjusted"
92,"1000",3.53412275293218,"Unadjusted"
93,"1000",3.61684701446994,"Unadjusted"
94,"1000",2.42886249181075,"Unadjusted"
95,"1000",2.70909868367151,"Unadjusted"
96,"1000",2.81275981210295,"Unadjusted"
97,"1000",3.65558696165445,"Unadjusted"
98,"1000",3.01429236326402,"Unadjusted"
99,"1000",3.58551371458327,"Unadjusted"
100,"1000",2.78603735670501,"Unadjusted"
101,"1000",3.23798749376067,"Unadjusted"
102,"1000",2.62468584145062,"Unadjusted"
103,"1000",3.32545843860432,"Unadjusted"
104,"1000",2.99565869718909,"Unadjusted"
105,"1000",2.77715612003862,"Unadjusted"
106,"1000",3.24115498607112,"Unadjusted"
107,"1000",2.99989388048874,"Unadjusted"
108,"1000",3.17869948594346,"Unadjusted"
109,"1000",4.78641062583465,"Unadjusted"
110,"1000",3.38459905760685,"Unadjusted"
111,"1000",2.69073800075352,"Unadjusted"
112,"1000",3.25196047768817,"Unadjusted"
113,"1000",3.68401922434427,"Unadjusted"
114,"1000",3.14226068951673,"Unadjusted"
115,"1000",3.78551785922964,"Unadjusted"
116,"1000",3.24505900125676,"Unadjusted"
117,"1000",2.35665618432475,"Unadjusted"
118,"1000",3.14881026107858,"Unadjusted"
119,"1000",2.89839577231719,"Unadjusted"
120,"1000",3.12475314839541,"Unadjusted"
121,"1000",3.56202208219538,"Unadjusted"
122,"1000",3.61723446652955,"Unadjusted"
123,"1000",2.80462751172115,"Unadjusted"
124,"1000",4.3490157492367,"Unadjusted"
125,"1000",3.35773392598081,"Unadjusted"
126,"1000",2.88167161784657,"Unadjusted"
127,"1000",4.46294705417546,"Unadjusted"
128,"1000",3.15211337815931,"Unadjusted"
129,"1000",3.20104088282411,"Unadjusted"
130,"1000",2.83225240452057,"Unadjusted"
131,"1000",3.4916793381514,"Unadjusted"
132,"1000",2.90334616989591,"Unadjusted"
133,"1000",3.05225107069924,"Unadjusted"
134,"1000",3.79289112674156,"Unadjusted"
135,"1000",2.97874401479457,"Unadjusted"
136,"1000",3.13958681537072,"Unadjusted"
137,"1000",3.70946498989741,"Unadjusted"
138,"1000",3.02212415743168,"Unadjusted"
139,"1000",3.55411688994025,"Unadjusted"
140,"1000",3.22263628711298,"Unadjusted"
141,"1000",5.03369744487143,"Unadjusted"
142,"1000",3.43908202726865,"Unadjusted"
143,"1000",3.07962168896712,"Unadjusted"
144,"1000",3.64047868133014,"Unadjusted"
145,"1000",2.36622148145644,"Unadjusted"
146,"1000",3.42322379884301,"Unadjusted"
147,"1000",3.24088621045088,"Unadjusted"
148,"1000",3.57521096554275,"Unadjusted"
149,"1000",2.9944205487613,"Unadjusted"
150,"1000",2.79500298327116,"Unadjusted"
151,"1000",3.28166731091148,"Unadjusted"
152,"1000",3.93898383166732,"Unadjusted"
153,"1000",3.06343854417148,"Unadjusted"
154,"1000",3.66063584015183,"Unadjusted"
155,"1000",3.84630359523172,"Unadjusted"
156,"1000",2.84323151458404,"Unadjusted"
157,"1000",3.17953152194038,"Unadjusted"
158,"1000",2.97333309234192,"Unadjusted"
159,"1000",2.89978121619091,"Unadjusted"
160,"1000",3.16345318372702,"Unadjusted"
161,"1000",3.5319389475638,"Unadjusted"
162,"1000",3.54445842445567,"Unadjusted"
163,"1000",4.06224670963308,"Unadjusted"
164,"1000",3.44187289611094,"Unadjusted"
165,"1000",3.66275404543291,"Unadjusted"
166,"1000",4.13738691907138,"Unadjusted"
167,"1000",2.65071450261433,"Unadjusted"
168,"1000",2.89171438497082,"Unadjusted"
169,"1000",4.0751988792642,"Unadjusted"
170,"1000",4.49643036878242,"Unadjusted"
171,"1000",2.75902618196105,"Unadjusted"
172,"1000",2.9685722438343,"Unadjusted"
173,"1000",3.09224629341848,"Unadjusted"
174,"1000",3.10323600121952,"Unadjusted"
175,"1000",3.06688081767606,"Unadjusted"
176,"1000",3.01403444753745,"Unadjusted"
177,"1000",3.25233620730997,"Unadjusted"
178,"1000",3.1993776281751,"Unadjusted"
179,"1000",2.83125716871246,"Unadjusted"
180,"1000",3.7218432568809,"Unadjusted"
181,"1000",2.96805639371069,"Unadjusted"
182,"1000",3.18643677937185,"Unadjusted"
183,"1000",4.4705820492779,"Unadjusted"
184,"1000",3.78546323442206,"Unadjusted"
185,"1000",3.27676113595646,"Unadjusted"
186,"1000",2.69035827636102,"Unadjusted"
187,"1000",2.97207345532719,"Unadjusted"
188,"1000",3.26001960829814,"Unadjusted"
189,"1000",3.98053304015012,"Unadjusted"
190,"1000",3.53265812894626,"Unadjusted"
191,"1000",3.57187493569121,"Unadjusted"
192,"1000",3.18166256831776,"Unadjusted"
193,"1000",3.41912000558999,"Unadjusted"
194,"1000",2.97524456582604,"Unadjusted"
195,"1000",3.28049805771793,"Unadjusted"
196,"1000",3.5503142382712,"Unadjusted"
197,"1000",2.64630578462691,"Unadjusted"
198,"1000",2.96599732926018,"Unadjusted"
199,"1000",3.0440576157566,"Unadjusted"
200,"1000",3.00833030452434,"Unadjusted"
201,"1000",3.38785620649915,"Unadjusted"
202,"1000",4.01127772664204,"Unadjusted"
203,"1000",3.25150638890719,"Unadjusted"
204,"1000",3.02532602829411,"Unadjusted"
205,"1000",2.80104819124776,"Unadjusted"
206,"1000",2.56960851106134,"Unadjusted"
207,"1000",2.88270249519316,"Unadjusted"
208,"1000",3.13359546679606,"Unadjusted"
209,"1000",2.9814959246802,"Unadjusted"
210,"1000",3.03018877292771,"Unadjusted"
211,"1000",2.72849326014545,"Unadjusted"
212,"1000",4.6383830930987,"Unadjusted"
213,"1000",2.68816769616871,"Unadjusted"
214,"1000",3.03535428973044,"Unadjusted"
215,"1000",3.21712691312066,"Unadjusted"
216,"1000",2.76414570722527,"Unadjusted"
217,"1000",4.43927972121734,"Unadjusted"
218,"1000",3.79983908607429,"Unadjusted"
219,"1000",2.89804249038812,"Unadjusted"
220,"1000",3.10474686673478,"Unadjusted"
221,"1000",2.65395000165523,"Unadjusted"
222,"1000",2.59431605859075,"Unadjusted"
223,"1000",3.30188141391134,"Unadjusted"
224,"1000",2.6402644515643,"Unadjusted"
225,"1000",2.95013449976006,"Unadjusted"
226,"1000",2.62664173410663,"Unadjusted"
227,"1000",2.99231708461394,"Unadjusted"
228,"1000",3.13349713992496,"Unadjusted"
229,"1000",2.61329373082936,"Unadjusted"
230,"1000",3.53477675672354,"Unadjusted"
231,"1000",2.77387545902302,"Unadjusted"
232,"1000",3.83639331807743,"Unadjusted"
233,"1000",3.27870654757906,"Unadjusted"
234,"1000",3.12965302646931,"Unadjusted"
235,"1000",3.01114883710393,"Unadjusted"
236,"1000",3.49766817174758,"Unadjusted"
237,"1000",2.77425558435979,"Unadjusted"
238,"1000",3.33214826036194,"Unadjusted"
239,"1000",3.10641064657992,"Unadjusted"
240,"1000",3.65616492632032,"Unadjusted"
241,"1000",3.89538594520209,"Unadjusted"
242,"1000",3.06612544561665,"Unadjusted"
243,"1000",3.35355826681649,"Unadjusted"
244,"1000",3.583743333213,"Unadjusted"
245,"1000",3.71429569615839,"Unadjusted"
246,"1000",3.95333952485628,"Unadjusted"
247,"1000",3.35261096441128,"Unadjusted"
248,"1000",3.66838252238484,"Unadjusted"
249,"1000",3.52967024919179,"Unadjusted"
250,"1000",2.77570286646455,"Unadjusted"
251,"1000",2.69855353515923,"Unadjusted"
252,"1000",3.34558117032729,"Unadjusted"
253,"1000",3.68478728052193,"Unadjusted"
254,"1000",3.48980183606673,"Unadjusted"
255,"1000",3.58601590307774,"Unadjusted"
256,"1000",4.59810724301329,"Unadjusted"
257,"1000",2.70207201501578,"Unadjusted"
258,"1000",2.82068746157277,"Unadjusted"
259,"1000",4.14259903928917,"Unadjusted"
260,"1000",3.0755517164396,"Unadjusted"
261,"1000",3.1694922287662,"Unadjusted"
262,"1000",3.08382477199944,"Unadjusted"
263,"1000",3.42893969845319,"Unadjusted"
264,"1000",2.84069475904612,"Unadjusted"
265,"1000",3.95830543191487,"Unadjusted"
266,"1000",2.9564443524142,"Unadjusted"
267,"1000",3.21358394469539,"Unadjusted"
268,"1000",4.10675585016615,"Unadjusted"
269,"1000",3.05150499434467,"Unadjusted"
270,"1000",4.1535430762447,"Unadjusted"
271,"1000",2.84802945793105,"Unadjusted"
272,"1000",3.89768923257201,"Unadjusted"
273,"1000",2.6601604026281,"Unadjusted"
274,"1000",3.26251335507412,"Unadjusted"
275,"1000",3.20819616696469,"Unadjusted"
276,"1000",3.07532251114777,"Unadjusted"
277,"1000",3.69728603449546,"Unadjusted"
278,"1000",3.08554505946366,"Unadjusted"
279,"1000",4.28032752136946,"Unadjusted"
280,"1000",3.97806199659385,"Unadjusted"
281,"1000",2.86379062444499,"Unadjusted"
282,"1000",3.41283604779884,"Unadjusted"
283,"1000",3.40826325163739,"Unadjusted"
284,"1000",3.18506269747454,"Unadjusted"
285,"1000",4.30866486122525,"Unadjusted"
286,"1000",4.52811496741174,"Unadjusted"
287,"1000",3.29989952124648,"Unadjusted"
288,"1000",3.86851970520877,"Unadjusted"
289,"1000",4.14912240880884,"Unadjusted"
290,"1000",2.79317555682342,"Unadjusted"
291,"1000",2.95780189561306,"Unadjusted"
292,"1000",2.92639271722007,"Unadjusted"
293,"1000",3.04594594623351,"Unadjusted"
294,"1000",3.80990324762014,"Unadjusted"
295,"1000",2.78856366887317,"Unadjusted"
296,"1000",2.96854903687789,"Unadjusted"
297,"1000",3.00989065769658,"Unadjusted"
298,"1000",4.2909717652846,"Unadjusted"
299,"1000",3.20561569448801,"Unadjusted"
300,"1000",3.0596366338575,"Unadjusted"
301,"1000",3.4157851527795,"Unadjusted"
302,"1000",3.21990369234759,"Unadjusted"
303,"1000",3.22650389348457,"Unadjusted"
304,"1000",3.13927963964609,"Unadjusted"
305,"1000",2.94064028556829,"Unadjusted"
306,"1000",3.2511771362054,"Unadjusted"
307,"1000",3.2532356816601,"Unadjusted"
308,"1000",2.98184894300484,"Unadjusted"
309,"1000",3.97796572949849,"Unadjusted"
310,"1000",3.42453628036356,"Unadjusted"
311,"1000",3.00499255600342,"Unadjusted"
312,"1000",3.49204625658287,"Unadjusted"
313,"1000",3.82667131410851,"Unadjusted"
314,"1000",3.04099196877118,"Unadjusted"
315,"1000",2.91472793491376,"Unadjusted"
316,"1000",3.74683576052052,"Unadjusted"
317,"1000",3.37187229787031,"Unadjusted"
318,"1000",3.14174427768837,"Unadjusted"
319,"1000",3.79979987953365,"Unadjusted"
320,"1000",3.39908362190025,"Unadjusted"
321,"1000",3.08295327827466,"Unadjusted"
322,"1000",3.36998360147454,"Unadjusted"
323,"1000",2.81349112206772,"Unadjusted"
324,"1000",2.93941013616092,"Unadjusted"
325,"1000",3.7664208833862,"Unadjusted"
326,"1000",3.01862799000674,"Unadjusted"
327,"1000",2.63285934733303,"Unadjusted"
328,"1000",3.13693501117349,"Unadjusted"
329,"1000",2.80534687416326,"Unadjusted"
330,"1000",3.88417857769704,"Unadjusted"
331,"1000",3.1273462120556,"Unadjusted"
332,"1000",3.45354611018398,"Unadjusted"
333,"1000",3.88076611540545,"Unadjusted"
334,"1000",3.19189175029294,"Unadjusted"
335,"1000",2.9169161986349,"Unadjusted"
336,"1000",3.19071217917373,"Unadjusted"
337,"1000",3.23717783430834,"Unadjusted"
338,"1000",3.2575864014687,"Unadjusted"
339,"1000",3.25292883979847,"Unadjusted"
340,"1000",2.8137890893969,"Unadjusted"
341,"1000",3.76661277986178,"Unadjusted"
342,"1000",3.20147691851834,"Unadjusted"
343,"1000",2.97692824355426,"Unadjusted"
344,"1000",4.82176323490658,"Unadjusted"
345,"1000",3.18177890197078,"Unadjusted"
346,"1000",2.72780952966597,"Unadjusted"
347,"1000",3.7822768651195,"Unadjusted"
348,"1000",3.33392002702756,"Unadjusted"
349,"1000",3.0295960586136,"Unadjusted"
350,"1000",3.38596870699419,"Unadjusted"
351,"1000",3.17686935939845,"Unadjusted"
352,"1000",4.1502696597921,"Unadjusted"
353,"1000",2.84607258267549,"Unadjusted"
354,"1000",3.40885871882952,"Unadjusted"
355,"1000",3.16912200884579,"Unadjusted"
356,"1000",2.61870829846783,"Unadjusted"
357,"1000",4.22742736480532,"Unadjusted"
358,"1000",2.70983408578161,"Unadjusted"
359,"1000",3.81785556354684,"Unadjusted"
360,"1000",3.43733395159989,"Unadjusted"
361,"1000",3.09624301007399,"Unadjusted"
362,"1000",3.40600315325394,"Unadjusted"
363,"1000",2.89378098779579,"Unadjusted"
364,"1000",2.81553136748493,"Unadjusted"
365,"1000",3.53305462940528,"Unadjusted"
366,"1000",3.92140716542986,"Unadjusted"
367,"1000",3.36767167321883,"Unadjusted"
368,"1000",3.27118137358982,"Unadjusted"
369,"1000",3.1978552479272,"Unadjusted"
370,"1000",3.22605218132854,"Unadjusted"
371,"1000",3.12323027659989,"Unadjusted"
372,"1000",3.36421114495981,"Unadjusted"
373,"1000",3.22576231584382,"Unadjusted"
374,"1000",3.78866800148978,"Unadjusted"
375,"1000",3.81925002600875,"Unadjusted"
376,"1000",3.52867886717725,"Unadjusted"
377,"1000",2.50306726608984,"Unadjusted"
378,"1000",2.86954128039939,"Unadjusted"
379,"1000",2.6962763446409,"Unadjusted"
380,"1000",3.32204149345386,"Unadjusted"
381,"1000",2.72489424431509,"Unadjusted"
382,"1000",2.97091611119829,"Unadjusted"
383,"1000",2.65478553566462,"Unadjusted"
384,"1000",2.56955673132038,"Unadjusted"
385,"1000",3.47092302907216,"Unadjusted"
386,"1000",2.96097349506173,"Unadjusted"
387,"1000",2.94531263237087,"Unadjusted"
388,"1000",3.04396206263569,"Unadjusted"
389,"1000",3.4787710833965,"Unadjusted"
390,"1000",2.99653523934732,"Unadjusted"
391,"1000",3.752958702315,"Unadjusted"
392,"1000",4.24275317375911,"Unadjusted"
393,"1000",3.69261097207115,"Unadjusted"
394,"1000",3.64461789740215,"Unadjusted"
395,"1000",4.39448606017311,"Unadjusted"
396,"1000",3.51863231811465,"Unadjusted"
397,"1000",2.73009983979558,"Unadjusted"
398,"1000",2.98619609496627,"Unadjusted"
399,"1000",2.81627675082744,"Unadjusted"
400,"1000",3.00573628925381,"Unadjusted"
401,"1000",3.17745425779561,"Unadjusted"
402,"1000",2.92160656909429,"Unadjusted"
403,"1000",4.2106252222984,"Unadjusted"
404,"1000",3.79284530933197,"Unadjusted"
405,"1000",3.01457955905645,"Unadjusted"
406,"1000",2.99462896831206,"Unadjusted"
407,"1000",3.33853503072742,"Unadjusted"
408,"1000",3.23328660959983,"Unadjusted"
409,"1000",3.1613237162406,"Unadjusted"
410,"1000",3.42901926852651,"Unadjusted"
411,"1000",3.5435593325032,"Unadjusted"
412,"1000",2.83113082395785,"Unadjusted"
413,"1000",3.69052585134779,"Unadjusted"
414,"1000",3.28823946816357,"Unadjusted"
415,"1000",3.42715323532719,"Unadjusted"
416,"1000",3.75707418404405,"Unadjusted"
417,"1000",3.07950351634793,"Unadjusted"
418,"1000",3.40264959693555,"Unadjusted"
419,"1000",3.51718447951597,"Unadjusted"
420,"1000",3.06707467417297,"Unadjusted"
421,"1000",4.28114836918684,"Unadjusted"
422,"1000",2.7405741050709,"Unadjusted"
423,"1000",4.12828774345272,"Unadjusted"
424,"1000",2.6153449847162,"Unadjusted"
425,"1000",3.03634637025352,"Unadjusted"
426,"1000",3.18228261108131,"Unadjusted"
427,"1000",3.71833267019958,"Unadjusted"
428,"1000",3.94032949502084,"Unadjusted"
429,"1000",2.8401877934272,"Unadjusted"
430,"1000",4.17222237726424,"Unadjusted"
431,"1000",2.59283299167304,"Unadjusted"
432,"1000",3.06431987816852,"Unadjusted"
433,"1000",3.46547050540491,"Unadjusted"
434,"1000",3.17214487670398,"Unadjusted"
435,"1000",3.38387155885777,"Unadjusted"
436,"1000",2.391513548523,"Unadjusted"
437,"1000",3.4567412018053,"Unadjusted"
438,"1000",3.24010218967594,"Unadjusted"
439,"1000",3.48058626149727,"Unadjusted"
440,"1000",3.25151656593426,"Unadjusted"
441,"1000",3.06809230144886,"Unadjusted"
442,"1000",3.45424072938983,"Unadjusted"
443,"1000",3.37993024554189,"Unadjusted"
444,"1000",3.02095267014059,"Unadjusted"
445,"1000",3.17637678521109,"Unadjusted"
446,"1000",3.316263398489,"Unadjusted"
447,"1000",2.52128368539874,"Unadjusted"
448,"1000",3.3640816646424,"Unadjusted"
449,"1000",4.49515083117149,"Unadjusted"
450,"1000",3.22368421665321,"Unadjusted"
451,"1000",3.00489328849953,"Unadjusted"
452,"1000",3.09345589918883,"Unadjusted"
453,"1000",3.25875572198255,"Unadjusted"
454,"1000",3.8829040387527,"Unadjusted"
455,"1000",3.04294205695235,"Unadjusted"
456,"1000",3.384146455403,"Unadjusted"
457,"1000",3.7629333470478,"Unadjusted"
458,"1000",2.86288683703826,"Unadjusted"
459,"1000",3.27604575561707,"Unadjusted"
460,"1000",3.01699512299329,"Unadjusted"
461,"1000",2.96300713603074,"Unadjusted"
462,"1000",3.16657308806291,"Unadjusted"
463,"1000",3.31877263701602,"Unadjusted"
464,"1000",3.50870850225644,"Unadjusted"
465,"1000",2.8914020977504,"Unadjusted"
466,"1000",3.01210327284443,"Unadjusted"
467,"1000",3.35740588296633,"Unadjusted"
468,"1000",3.49554282662212,"Unadjusted"
469,"1000",2.85843718535865,"Unadjusted"
470,"1000",3.01397296046895,"Unadjusted"
471,"1000",3.06770381132494,"Unadjusted"
472,"1000",3.29576899914054,"Unadjusted"
473,"1000",3.79278630675169,"Unadjusted"
474,"1000",3.67604085530363,"Unadjusted"
475,"1000",2.86899290147101,"Unadjusted"
476,"1000",3.732510265795,"Unadjusted"
477,"1000",3.36019895799578,"Unadjusted"
478,"1000",2.76379516158096,"Unadjusted"
479,"1000",3.0387485803248,"Unadjusted"
480,"1000",3.58767520342735,"Unadjusted"
481,"1000",3.76195236186693,"Unadjusted"
482,"1000",3.15833217974228,"Unadjusted"
483,"1000",4.59715406818045,"Unadjusted"
484,"1000",3.9139061206153,"Unadjusted"
485,"1000",3.36697368797552,"Unadjusted"
486,"1000",4.01878583676331,"Unadjusted"
487,"1000",2.72253125143213,"Unadjusted"
488,"1000",3.08770533709975,"Unadjusted"
489,"1000",3.14422173447961,"Unadjusted"
490,"1000",3.73443406549806,"Unadjusted"
491,"1000",2.89579447856441,"Unadjusted"
492,"1000",3.45454545468787,"Unadjusted"
493,"1000",3.17353653769609,"Unadjusted"
494,"1000",3.94644877052565,"Unadjusted"
495,"1000",3.26538351363072,"Unadjusted"
496,"1000",3.42488935995216,"Unadjusted"
497,"1000",3.53226737411233,"Unadjusted"
498,"1000",3.69976165780004,"Unadjusted"
499,"1000",3.15481793801153,"Unadjusted"
500,"1000",3.41169887410642,"Unadjusted"
501,"1000",3.23931560446117,"Unadjusted"
502,"1000",3.27078483934159,"Unadjusted"
503,"1000",3.17112187345759,"Unadjusted"
504,"1000",3.2663616294669,"Unadjusted"
505,"1000",2.76152160047248,"Unadjusted"
506,"1000",2.86741716552097,"Unadjusted"
507,"1000",3.84109565400022,"Unadjusted"
508,"1000",2.6084817439583,"Unadjusted"
509,"1000",2.8422162386275,"Unadjusted"
510,"1000",3.60093686449692,"Unadjusted"
511,"1000",2.51973126752813,"Unadjusted"
512,"1000",3.69611372113772,"Unadjusted"
513,"1000",4.09863526924406,"Unadjusted"
514,"1000",2.81443657599129,"Unadjusted"
515,"1000",3.43194974247714,"Unadjusted"
516,"1000",3.7268974348124,"Unadjusted"
517,"1000",3.29150298712155,"Unadjusted"
518,"1000",2.87447647252352,"Unadjusted"
519,"1000",3.33260624762221,"Unadjusted"
520,"1000",3.42652846367841,"Unadjusted"
521,"1000",2.73980274315773,"Unadjusted"
522,"1000",3.1591243235953,"Unadjusted"
523,"1000",3.1563272623893,"Unadjusted"
524,"1000",3.25731835385811,"Unadjusted"
525,"1000",3.83447068010889,"Unadjusted"
526,"1000",3.33223110854213,"Unadjusted"
527,"1000",3.659241744379,"Unadjusted"
528,"1000",2.65119092169634,"Unadjusted"
529,"1000",2.82598393910007,"Unadjusted"
530,"1000",3.49708869806092,"Unadjusted"
531,"1000",3.19552431235516,"Unadjusted"
532,"1000",3.52789276894557,"Unadjusted"
533,"1000",4.63857753806366,"Unadjusted"
534,"1000",2.99300100197741,"Unadjusted"
535,"1000",3.09256234782918,"Unadjusted"
536,"1000",2.49843228448913,"Unadjusted"
537,"1000",3.07097184866929,"Unadjusted"
538,"1000",3.17148541681838,"Unadjusted"
539,"1000",3.04060010571012,"Unadjusted"
540,"1000",3.4478809548738,"Unadjusted"
541,"1000",3.1567624723806,"Unadjusted"
542,"1000",3.54911807792767,"Unadjusted"
543,"1000",2.68093423562917,"Unadjusted"
544,"1000",3.27374338537341,"Unadjusted"
545,"1000",3.13643494763648,"Unadjusted"
546,"1000",2.7641073169999,"Unadjusted"
547,"1000",3.15045386269827,"Unadjusted"
548,"1000",3.75469436921228,"Unadjusted"
549,"1000",2.78013742126073,"Unadjusted"
550,"1000",3.54123225219736,"Unadjusted"
551,"1000",3.57806474970096,"Unadjusted"
552,"1000",2.8224099978663,"Unadjusted"
553,"1000",2.83207535680119,"Unadjusted"
554,"1000",3.54752034880088,"Unadjusted"
555,"1000",3.20567382215663,"Unadjusted"
556,"1000",2.89462653876561,"Unadjusted"
557,"1000",3.24142495671185,"Unadjusted"
558,"1000",2.73957916233677,"Unadjusted"
559,"1000",3.13078186944946,"Unadjusted"
560,"1000",3.18158252830522,"Unadjusted"
561,"1000",2.87384093259138,"Unadjusted"
562,"1000",3.13701979707545,"Unadjusted"
563,"1000",3.66680402730931,"Unadjusted"
564,"1000",2.97759570652685,"Unadjusted"
565,"1000",3.83242542199729,"Unadjusted"
566,"1000",3.24837356559282,"Unadjusted"
567,"1000",3.93639043739409,"Unadjusted"
568,"1000",2.92302937185527,"Unadjusted"
569,"1000",3.74451160750728,"Unadjusted"
570,"1000",3.04968027736839,"Unadjusted"
571,"1000",2.79600009748244,"Unadjusted"
572,"1000",4.40244447186811,"Unadjusted"
573,"1000",2.63206670198434,"Unadjusted"
574,"1000",2.9185082524082,"Unadjusted"
575,"1000",3.02948494086554,"Unadjusted"
576,"1000",3.01951919720514,"Unadjusted"
577,"1000",3.76067880360149,"Unadjusted"
578,"1000",3.44008308157164,"Unadjusted"
579,"1000",4.46976292777189,"Unadjusted"
580,"1000",3.5662029276974,"Unadjusted"
581,"1000",2.70010742701949,"Unadjusted"
582,"1000",3.25096743881478,"Unadjusted"
583,"1000",2.736081850418,"Unadjusted"
584,"1000",3.16172477362208,"Unadjusted"
585,"1000",2.95791771754602,"Unadjusted"
586,"1000",3.93623825435706,"Unadjusted"
587,"1000",2.4450830292802,"Unadjusted"
588,"1000",4.00539268645145,"Unadjusted"
589,"1000",2.885759989683,"Unadjusted"
590,"1000",2.74336396104681,"Unadjusted"
591,"1000",3.71485619088464,"Unadjusted"
592,"1000",3.17447597213509,"Unadjusted"
593,"1000",3.48213235159165,"Unadjusted"
594,"1000",3.46411800208098,"Unadjusted"
595,"1000",4.22949554023513,"Unadjusted"
596,"1000",4.03413035931276,"Unadjusted"
597,"1000",2.94933661632369,"Unadjusted"
598,"1000",2.94303646364125,"Unadjusted"
599,"1000",3.30533542190911,"Unadjusted"
600,"1000",3.39052503110625,"Unadjusted"
601,"1000",3.02498473225715,"Unadjusted"
602,"1000",2.99570435217486,"Unadjusted"
603,"1000",3.29663815539321,"Unadjusted"
604,"1000",3.39893372947044,"Unadjusted"
605,"1000",3.33745461638797,"Unadjusted"
606,"1000",3.02497181924957,"Unadjusted"
607,"1000",2.70485190589311,"Unadjusted"
608,"1000",4.13487598906236,"Unadjusted"
609,"1000",2.98458750842442,"Unadjusted"
610,"1000",2.54745243323661,"Unadjusted"
611,"1000",3.23655606494027,"Unadjusted"
612,"1000",2.89409802656689,"Unadjusted"
613,"1000",3.64249303339583,"Unadjusted"
614,"1000",3.29554109055143,"Unadjusted"
615,"1000",2.72860537000059,"Unadjusted"
616,"1000",2.97742185947646,"Unadjusted"
617,"1000",2.55328764402816,"Unadjusted"
618,"1000",3.67871755771973,"Unadjusted"
619,"1000",3.35333886824871,"Unadjusted"
620,"1000",3.60300700509788,"Unadjusted"
621,"1000",2.44474466360652,"Unadjusted"
622,"1000",4.23761943636426,"Unadjusted"
623,"1000",3.45105592038088,"Unadjusted"
624,"1000",3.20896222512238,"Unadjusted"
625,"1000",3.27179768029706,"Unadjusted"
626,"1000",2.92931373147034,"Unadjusted"
627,"1000",2.51065153164368,"Unadjusted"
628,"1000",2.90834700701732,"Unadjusted"
629,"1000",3.66184045000507,"Unadjusted"
630,"1000",4.124102560259,"Unadjusted"
631,"1000",2.91345716417678,"Unadjusted"
632,"1000",2.88523033817343,"Unadjusted"
633,"1000",3.78799221123514,"Unadjusted"
634,"1000",3.71044303797475,"Unadjusted"
635,"1000",3.95292200743891,"Unadjusted"
636,"1000",3.16986279686072,"Unadjusted"
637,"1000",3.02733794143892,"Unadjusted"
638,"1000",3.06254815090185,"Unadjusted"
639,"1000",3.164691376034,"Unadjusted"
640,"1000",2.66954374635575,"Unadjusted"
641,"1000",3.81754964825828,"Unadjusted"
642,"1000",4.24543294842975,"Unadjusted"
643,"1000",3.53361632435449,"Unadjusted"
644,"1000",3.84458830858697,"Unadjusted"
645,"1000",2.90292472462637,"Unadjusted"
646,"1000",2.61480198271586,"Unadjusted"
647,"1000",3.22279320777266,"Unadjusted"
648,"1000",3.55767006769155,"Unadjusted"
649,"1000",2.71569718112888,"Unadjusted"
650,"1000",2.95107588739003,"Unadjusted"
651,"1000",2.99992803533412,"Unadjusted"
652,"1000",3.05629429030498,"Unadjusted"
653,"1000",3.95444100624553,"Unadjusted"
654,"1000",4.32565074370202,"Unadjusted"
655,"1000",2.50630215274254,"Unadjusted"
656,"1000",2.53930654626055,"Unadjusted"
657,"1000",3.32059802337121,"Unadjusted"
658,"1000",3.23840010624001,"Unadjusted"
659,"1000",3.48974362501839,"Unadjusted"
660,"1000",2.54892415987332,"Unadjusted"
661,"1000",3.36252139235348,"Unadjusted"
662,"1000",4.12509373920831,"Unadjusted"
663,"1000",2.89231670182333,"Unadjusted"
664,"1000",2.84768445117392,"Unadjusted"
665,"1000",3.06200775343417,"Unadjusted"
666,"1000",3.03117026951246,"Unadjusted"
667,"1000",2.82342634531294,"Unadjusted"
668,"1000",3.45298862737962,"Unadjusted"
669,"1000",3.84319936691959,"Unadjusted"
670,"1000",3.51652020938587,"Unadjusted"
671,"1000",3.09227523078973,"Unadjusted"
672,"1000",3.46807926264697,"Unadjusted"
673,"1000",3.92003638330259,"Unadjusted"
674,"1000",3.02475361310079,"Unadjusted"
675,"1000",3.73178870539342,"Unadjusted"
676,"1000",4.31631655716016,"Unadjusted"
677,"1000",3.3251340583662,"Unadjusted"
678,"1000",4.44910382796727,"Unadjusted"
679,"1000",3.05693989784341,"Unadjusted"
680,"1000",3.13366446172961,"Unadjusted"
681,"1000",3.03959734771979,"Unadjusted"
682,"1000",3.01408420336337,"Unadjusted"
683,"1000",3.52446145090971,"Unadjusted"
684,"1000",2.9529957939733,"Unadjusted"
685,"1000",4.28787693596546,"Unadjusted"
686,"1000",3.91797924268504,"Unadjusted"
687,"1000",2.83378433591308,"Unadjusted"
688,"1000",4.1903831296356,"Unadjusted"
689,"1000",2.68695719196591,"Unadjusted"
690,"1000",2.972635848019,"Unadjusted"
691,"1000",2.96399099194614,"Unadjusted"
692,"1000",3.07388627944955,"Unadjusted"
693,"1000",3.10005905008042,"Unadjusted"
694,"1000",2.8610222014134,"Unadjusted"
695,"1000",3.04669243293596,"Unadjusted"
696,"1000",3.0017194558983,"Unadjusted"
697,"1000",3.57578699979681,"Unadjusted"
698,"1000",2.93307921003122,"Unadjusted"
699,"1000",3.2042552277161,"Unadjusted"
700,"1000",2.712873601385,"Unadjusted"
701,"1000",3.46255868518718,"Unadjusted"
702,"1000",2.99548620814654,"Unadjusted"
703,"1000",3.54237308898882,"Unadjusted"
704,"1000",3.02825780647293,"Unadjusted"
705,"1000",3.28281448162903,"Unadjusted"
706,"1000",2.8037007732744,"Unadjusted"
707,"1000",4.02174598740231,"Unadjusted"
708,"1000",3.75635658020035,"Unadjusted"
709,"1000",3.69984949360717,"Unadjusted"
710,"1000",2.84268437235951,"Unadjusted"
711,"1000",2.8260882406451,"Unadjusted"
712,"1000",3.24835249668511,"Unadjusted"
713,"1000",2.9148110470933,"Unadjusted"
714,"1000",2.89489436743085,"Unadjusted"
715,"1000",3.29148742288246,"Unadjusted"
716,"1000",3.58149444817927,"Unadjusted"
717,"1000",3.770190480292,"Unadjusted"
718,"1000",3.93992641810434,"Unadjusted"
719,"1000",3.0061059854155,"Unadjusted"
720,"1000",3.13910324771481,"Unadjusted"
721,"1000",3.4715600857089,"Unadjusted"
722,"1000",3.56293334694086,"Unadjusted"
723,"1000",3.3349994534259,"Unadjusted"
724,"1000",3.05590655298728,"Unadjusted"
725,"1000",3.03021694107415,"Unadjusted"
726,"1000",2.84265094001558,"Unadjusted"
727,"1000",4.1097002290542,"Unadjusted"
728,"1000",3.09113519276189,"Unadjusted"
729,"1000",2.71021014702897,"Unadjusted"
730,"1000",3.88310622263469,"Unadjusted"
731,"1000",3.67481999458283,"Unadjusted"
732,"1000",3.57638245925283,"Unadjusted"
733,"1000",3.38895079056295,"Unadjusted"
734,"1000",3.5890359690862,"Unadjusted"
735,"1000",3.00247055750568,"Unadjusted"
736,"1000",3.19584205825148,"Unadjusted"
737,"1000",3.19291781125897,"Unadjusted"
738,"1000",3.64791209312793,"Unadjusted"
739,"1000",3.36916524718713,"Unadjusted"
740,"1000",3.31967321731728,"Unadjusted"
741,"1000",2.88130472942894,"Unadjusted"
742,"1000",2.95904194127787,"Unadjusted"
743,"1000",3.19768043756107,"Unadjusted"
744,"1000",2.88028357003993,"Unadjusted"
745,"1000",2.95828992557387,"Unadjusted"
746,"1000",2.88454589050723,"Unadjusted"
747,"1000",3.41583474721226,"Unadjusted"
748,"1000",3.02364420621251,"Unadjusted"
749,"1000",3.03967506875199,"Unadjusted"
750,"1000",3.73988733548536,"Unadjusted"
751,"1000",2.96345121267016,"Unadjusted"
752,"1000",3.3878247331016,"Unadjusted"
753,"1000",3.8544146777467,"Unadjusted"
754,"1000",2.75536923856485,"Unadjusted"
755,"1000",3.17424332365711,"Unadjusted"
756,"1000",3.55722188105096,"Unadjusted"
757,"1000",3.37920477400899,"Unadjusted"
758,"1000",3.08752456761227,"Unadjusted"
759,"1000",2.77728169587543,"Unadjusted"
760,"1000",3.18999794696697,"Unadjusted"
761,"1000",3.14913537435478,"Unadjusted"
762,"1000",3.24760034503788,"Unadjusted"
763,"1000",3.19043824701509,"Unadjusted"
764,"1000",3.19249576608691,"Unadjusted"
765,"1000",3.63995575296261,"Unadjusted"
766,"1000",2.55524978588399,"Unadjusted"
767,"1000",3.40796366952365,"Unadjusted"
768,"1000",2.69402494279071,"Unadjusted"
769,"1000",2.85448901239318,"Unadjusted"
770,"1000",3.67675084433476,"Unadjusted"
771,"1000",3.54885252243146,"Unadjusted"
772,"1000",3.54316723546543,"Unadjusted"
773,"1000",3.62937092964987,"Unadjusted"
774,"1000",3.56229466958106,"Unadjusted"
775,"1000",3.43813558306356,"Unadjusted"
776,"1000",3.8852365397366,"Unadjusted"
777,"1000",3.14166344734031,"Unadjusted"
778,"1000",3.33734300706596,"Unadjusted"
779,"1000",3.13508781153225,"Unadjusted"
780,"1000",3.35458320539331,"Unadjusted"
781,"1000",3.46211299539303,"Unadjusted"
782,"1000",3.12884070948132,"Unadjusted"
783,"1000",3.39456522397127,"Unadjusted"
784,"1000",3.28505844101364,"Unadjusted"
785,"1000",3.8189218800403,"Unadjusted"
786,"1000",3.23400542755334,"Unadjusted"
787,"1000",2.99630426852007,"Unadjusted"
788,"1000",3.23344131962619,"Unadjusted"
789,"1000",3.21510142240952,"Unadjusted"
790,"1000",3.32512459457462,"Unadjusted"
791,"1000",3.06952789869139,"Unadjusted"
792,"1000",3.03994236918464,"Unadjusted"
793,"1000",3.84780203448755,"Unadjusted"
794,"1000",3.58581398263777,"Unadjusted"
795,"1000",2.81506109553737,"Unadjusted"
796,"1000",2.76522838859272,"Unadjusted"
797,"1000",3.6667177308968,"Unadjusted"
798,"1000",3.09226964759857,"Unadjusted"
799,"1000",3.68669118855957,"Unadjusted"
800,"1000",2.83135453045751,"Unadjusted"
801,"1000",2.78580570084933,"Unadjusted"
802,"1000",3.45335946633399,"Unadjusted"
803,"1000",2.93568687850234,"Unadjusted"
804,"1000",3.83669068799748,"Unadjusted"
805,"1000",2.83472824603608,"Unadjusted"
806,"1000",2.9482699807995,"Unadjusted"
807,"1000",3.68163751848553,"Unadjusted"
808,"1000",3.54717309426273,"Unadjusted"
809,"1000",3.26678500047258,"Unadjusted"
810,"1000",3.07263205215079,"Unadjusted"
811,"1000",2.88449169035402,"Unadjusted"
812,"1000",2.97256723726462,"Unadjusted"
813,"1000",3.36711829527705,"Unadjusted"
814,"1000",4.36794978591929,"Unadjusted"
815,"1000",2.75291464405242,"Unadjusted"
816,"1000",2.86334537613138,"Unadjusted"
817,"1000",3.20097591585983,"Unadjusted"
818,"1000",4.36888423091928,"Unadjusted"
819,"1000",3.38868402696801,"Unadjusted"
820,"1000",3.2920653369955,"Unadjusted"
821,"1000",3.28436092345692,"Unadjusted"
822,"1000",3.01434513434331,"Unadjusted"
823,"1000",3.33318853300542,"Unadjusted"
824,"1000",2.85471664866098,"Unadjusted"
825,"1000",3.30443350429711,"Unadjusted"
826,"1000",3.23107351687157,"Unadjusted"
827,"1000",3.04257546617789,"Unadjusted"
828,"1000",2.67505117213292,"Unadjusted"
829,"1000",3.1651457170484,"Unadjusted"
830,"1000",2.90093562290944,"Unadjusted"
831,"1000",3.23656154686044,"Unadjusted"
832,"1000",3.52024358293475,"Unadjusted"
833,"1000",3.80623973343159,"Unadjusted"
834,"1000",3.05399396498638,"Unadjusted"
835,"1000",2.94614449113855,"Unadjusted"
836,"1000",2.76111226391779,"Unadjusted"
837,"1000",2.6433933949071,"Unadjusted"
838,"1000",3.23425609639952,"Unadjusted"
839,"1000",3.61303994383887,"Unadjusted"
840,"1000",2.9745963722046,"Unadjusted"
841,"1000",3.39858343007779,"Unadjusted"
842,"1000",3.10076755623283,"Unadjusted"
843,"1000",4.10592010918666,"Unadjusted"
844,"1000",3.37362422272251,"Unadjusted"
845,"1000",3.09634080877409,"Unadjusted"
846,"1000",3.16198435093588,"Unadjusted"
847,"1000",3.95885531211832,"Unadjusted"
848,"1000",4.10560118897049,"Unadjusted"
849,"1000",3.47787984274284,"Unadjusted"
850,"1000",3.42513172754257,"Unadjusted"
851,"1000",3.58566268659501,"Unadjusted"
852,"1000",3.61701841627065,"Unadjusted"
853,"1000",3.69833438960641,"Unadjusted"
854,"1000",2.96804808345863,"Unadjusted"
855,"1000",3.21923346913721,"Unadjusted"
856,"1000",2.64074050538602,"Unadjusted"
857,"1000",2.91107585069595,"Unadjusted"
858,"1000",2.79082969426948,"Unadjusted"
859,"1000",2.77490512860777,"Unadjusted"
860,"1000",3.00771318684119,"Unadjusted"
861,"1000",3.56549256605804,"Unadjusted"
862,"1000",3.43169398907446,"Unadjusted"
863,"1000",3.51425858795093,"Unadjusted"
864,"1000",2.67992708303832,"Unadjusted"
865,"1000",2.75173296957236,"Unadjusted"
866,"1000",3.29737550986883,"Unadjusted"
867,"1000",3.01175628732541,"Unadjusted"
868,"1000",2.74849426328798,"Unadjusted"
869,"1000",2.87137215708419,"Unadjusted"
870,"1000",3.5383905701339,"Unadjusted"
871,"1000",3.5138026498874,"Unadjusted"
872,"1000",2.86924983174785,"Unadjusted"
873,"1000",3.38876175817309,"Unadjusted"
874,"1000",4.00445112552508,"Unadjusted"
875,"1000",4.18979382899018,"Unadjusted"
876,"1000",3.76267792768958,"Unadjusted"
877,"1000",3.41081837003055,"Unadjusted"
878,"1000",2.4675414522285,"Unadjusted"
879,"1000",3.23796046592561,"Unadjusted"
880,"1000",3.36765684265392,"Unadjusted"
881,"1000",3.73482650174838,"Unadjusted"
882,"1000",3.68009139257547,"Unadjusted"
883,"1000",2.90221541624625,"Unadjusted"
884,"1000",3.9428670920115,"Unadjusted"
885,"1000",4.05818337145253,"Unadjusted"
886,"1000",3.96338306606563,"Unadjusted"
887,"1000",4.66075112744172,"Unadjusted"
888,"1000",2.50833553278321,"Unadjusted"
889,"1000",3.75892216074664,"Unadjusted"
890,"1000",3.66273845334038,"Unadjusted"
891,"1000",3.36441834613186,"Unadjusted"
892,"1000",3.62142896821166,"Unadjusted"
893,"1000",2.91718658126466,"Unadjusted"
894,"1000",3.36596628992717,"Unadjusted"
895,"1000",3.26901988801868,"Unadjusted"
896,"1000",2.96722976014053,"Unadjusted"
897,"1000",2.93607729693383,"Unadjusted"
898,"1000",2.92294821016188,"Unadjusted"
899,"1000",2.94605346091923,"Unadjusted"
900,"1000",3.53850730472373,"Unadjusted"
901,"1000",2.73316385763744,"Unadjusted"
902,"1000",4.05951132226074,"Unadjusted"
903,"1000",2.88290589605539,"Unadjusted"
904,"1000",3.38973763053351,"Unadjusted"
905,"1000",3.12031316563968,"Unadjusted"
906,"1000",3.31741817875345,"Unadjusted"
907,"1000",3.04905466431082,"Unadjusted"
908,"1000",2.93333063950342,"Unadjusted"
909,"1000",3.05433034486242,"Unadjusted"
910,"1000",2.77184124446997,"Unadjusted"
911,"1000",2.77169075464992,"Unadjusted"
912,"1000",3.1624170117939,"Unadjusted"
913,"1000",3.35398903550605,"Unadjusted"
914,"1000",3.16730820164695,"Unadjusted"
915,"1000",2.9702479917336,"Unadjusted"
916,"1000",3.24688039249481,"Unadjusted"
917,"1000",3.41221585979372,"Unadjusted"
918,"1000",3.5977666537766,"Unadjusted"
919,"1000",3.42162339893793,"Unadjusted"
920,"1000",3.04724225879656,"Unadjusted"
921,"1000",2.69985238823981,"Unadjusted"
922,"1000",2.7432650662402,"Unadjusted"
923,"1000",2.96304575132839,"Unadjusted"
924,"1000",3.63339289677833,"Unadjusted"
925,"1000",3.90031052631889,"Unadjusted"
926,"1000",2.89311395490581,"Unadjusted"
927,"1000",3.35038942313654,"Unadjusted"
928,"1000",2.64118278852112,"Unadjusted"
929,"1000",3.1402552230125,"Unadjusted"
930,"1000",2.46126355522075,"Unadjusted"
931,"1000",3.75516437126304,"Unadjusted"
932,"1000",3.20495770045153,"Unadjusted"
933,"1000",2.92307791286876,"Unadjusted"
934,"1000",4.03460741984858,"Unadjusted"
935,"1000",2.86728045897231,"Unadjusted"
936,"1000",3.1016225569612,"Unadjusted"
937,"1000",3.09944134120455,"Unadjusted"
938,"1000",2.9014164428369,"Unadjusted"
939,"1000",2.97921836232554,"Unadjusted"
940,"1000",3.08033926465448,"Unadjusted"
941,"1000",3.21162811706096,"Unadjusted"
942,"1000",3.53428966013403,"Unadjusted"
943,"1000",3.35742937665743,"Unadjusted"
944,"1000",3.88568918241407,"Unadjusted"
945,"1000",3.39342619948283,"Unadjusted"
946,"1000",2.9862267083783,"Unadjusted"
947,"1000",2.79956714451692,"Unadjusted"
948,"1000",3.129696277708,"Unadjusted"
949,"1000",2.45933880026249,"Unadjusted"
950,"1000",3.25744217885749,"Unadjusted"
951,"1000",3.25871021163874,"Unadjusted"
952,"1000",2.85119898364296,"Unadjusted"
953,"1000",3.28923089900462,"Unadjusted"
954,"1000",3.74618663971567,"Unadjusted"
955,"1000",3.192895929337,"Unadjusted"
956,"1000",3.25537291953337,"Unadjusted"
957,"1000",3.03005877715047,"Unadjusted"
958,"1000",3.79903340803738,"Unadjusted"
959,"1000",2.94592740046504,"Unadjusted"
960,"1000",2.93641419590154,"Unadjusted"
961,"1000",3.89117316946125,"Unadjusted"
962,"1000",3.18536710543713,"Unadjusted"
963,"1000",3.32786389685633,"Unadjusted"
964,"1000",3.37631503498887,"Unadjusted"
965,"1000",2.6441587101471,"Unadjusted"
966,"1000",3.13007029603175,"Unadjusted"
967,"1000",4.45523675635622,"Unadjusted"
968,"1000",2.94612340052924,"Unadjusted"
969,"1000",2.59142467468881,"Unadjusted"
970,"1000",2.2771246098076,"Unadjusted"
971,"1000",3.42874698957802,"Unadjusted"
972,"1000",2.74548115983261,"Unadjusted"
973,"1000",3.25459329843592,"Unadjusted"
974,"1000",3.03475718183099,"Unadjusted"
975,"1000",2.97864370977944,"Unadjusted"
976,"1000",3.25290154595357,"Unadjusted"
977,"1000",3.6200466167502,"Unadjusted"
978,"1000",3.21073675668839,"Unadjusted"
979,"1000",2.68663669388536,"Unadjusted"
980,"1000",3.17990275563495,"Unadjusted"
981,"1000",2.99713985538733,"Unadjusted"
982,"1000",2.98620900936034,"Unadjusted"
983,"1000",2.84992893773825,"Unadjusted"
984,"1000",2.98010813628369,"Unadjusted"
985,"1000",4.48424027690802,"Unadjusted"
986,"1000",3.01018400252345,"Unadjusted"
987,"1000",3.02464328987726,"Unadjusted"
988,"1000",3.19782938975932,"Unadjusted"
989,"1000",3.07657788858175,"Unadjusted"
990,"1000",2.68461598363277,"Unadjusted"
991,"1000",3.38806417259418,"Unadjusted"
992,"1000",3.15193056394876,"Unadjusted"
993,"1000",3.5954178905595,"Unadjusted"
994,"1000",3.45249285661356,"Unadjusted"
995,"1000",3.36572488411758,"Unadjusted"
996,"1000",3.69603271205125,"Unadjusted"
997,"1000",2.82003044454554,"Unadjusted"
998,"1000",3.12128780254644,"Unadjusted"
999,"1000",3.84377053466617,"Unadjusted"
1000,"1000",3.91401457669096,"Unadjusted"
1,"2000",3.94849608238152,"Unadjusted"
2,"2000",3.11030539728499,"Unadjusted"
3,"2000",3.23878107773001,"Unadjusted"
4,"2000",3.80977788035099,"Unadjusted"
5,"2000",3.66945574946693,"Unadjusted"
6,"2000",3.72177371425912,"Unadjusted"
7,"2000",3.57116888492681,"Unadjusted"
8,"2000",2.86153008477354,"Unadjusted"
9,"2000",3.09998895679648,"Unadjusted"
10,"2000",3.51696077768881,"Unadjusted"
11,"2000",4.08728667210502,"Unadjusted"
12,"2000",3.12128977379127,"Unadjusted"
13,"2000",3.25795561455719,"Unadjusted"
14,"2000",3.50435370587744,"Unadjusted"
15,"2000",3.47253992373773,"Unadjusted"
16,"2000",2.83726206460979,"Unadjusted"
17,"2000",2.99218795978858,"Unadjusted"
18,"2000",2.85296433705029,"Unadjusted"
19,"2000",3.15570315234661,"Unadjusted"
20,"2000",3.0768832771651,"Unadjusted"
21,"2000",3.49275518207023,"Unadjusted"
22,"2000",3.10734514232194,"Unadjusted"
23,"2000",2.92862625020583,"Unadjusted"
24,"2000",3.12193685314985,"Unadjusted"
25,"2000",2.86354625950714,"Unadjusted"
26,"2000",3.16982004617846,"Unadjusted"
27,"2000",3.56774790900434,"Unadjusted"
28,"2000",3.5302177924562,"Unadjusted"
29,"2000",2.84876642279885,"Unadjusted"
30,"2000",2.96299866966009,"Unadjusted"
31,"2000",3.2535101083954,"Unadjusted"
32,"2000",3.1074185060404,"Unadjusted"
33,"2000",3.02967824582837,"Unadjusted"
34,"2000",3.47046371905102,"Unadjusted"
35,"2000",2.89023860400992,"Unadjusted"
36,"2000",2.93998542964548,"Unadjusted"
37,"2000",3.8268005889146,"Unadjusted"
38,"2000",3.31965672205325,"Unadjusted"
39,"2000",3.42812283070981,"Unadjusted"
40,"2000",3.62994414103464,"Unadjusted"
41,"2000",3.55208408455587,"Unadjusted"
42,"2000",3.29609942731462,"Unadjusted"
43,"2000",3.34971143131518,"Unadjusted"
44,"2000",3.82839907290243,"Unadjusted"
45,"2000",2.93330966987021,"Unadjusted"
46,"2000",3.4191201329814,"Unadjusted"
47,"2000",3.10996597236518,"Unadjusted"
48,"2000",4.26844373117651,"Unadjusted"
49,"2000",3.21243251977141,"Unadjusted"
50,"2000",2.94290027147152,"Unadjusted"
51,"2000",3.52715175389056,"Unadjusted"
52,"2000",3.17011291071678,"Unadjusted"
53,"2000",3.17678614902875,"Unadjusted"
54,"2000",3.41769189903169,"Unadjusted"
55,"2000",3.05057835288947,"Unadjusted"
56,"2000",3.08509623417,"Unadjusted"
57,"2000",3.90192143220505,"Unadjusted"
58,"2000",3.01627274176325,"Unadjusted"
59,"2000",3.08521895158905,"Unadjusted"
60,"2000",3.55914294242783,"Unadjusted"
61,"2000",3.23239671442661,"Unadjusted"
62,"2000",3.2229935475635,"Unadjusted"
63,"2000",3.43906991936006,"Unadjusted"
64,"2000",3.20021096951374,"Unadjusted"
65,"2000",3.45356141284469,"Unadjusted"
66,"2000",3.46867353014258,"Unadjusted"
67,"2000",3.22290102048178,"Unadjusted"
68,"2000",3.10601221524618,"Unadjusted"
69,"2000",3.06672890597981,"Unadjusted"
70,"2000",2.88870343681598,"Unadjusted"
71,"2000",3.36792473520472,"Unadjusted"
72,"2000",3.63223484433576,"Unadjusted"
73,"2000",3.96225739370794,"Unadjusted"
74,"2000",2.92442180279376,"Unadjusted"
75,"2000",3.38023076850441,"Unadjusted"
76,"2000",3.52475662706147,"Unadjusted"
77,"2000",3.74286575601756,"Unadjusted"
78,"2000",3.58105893251958,"Unadjusted"
79,"2000",3.52672646925092,"Unadjusted"
80,"2000",3.32963768230919,"Unadjusted"
81,"2000",3.87664895928387,"Unadjusted"
82,"2000",3.06863182141411,"Unadjusted"
83,"2000",2.93675092242042,"Unadjusted"
84,"2000",3.16527834865441,"Unadjusted"
85,"2000",3.03862978360551,"Unadjusted"
86,"2000",3.30138932010747,"Unadjusted"
87,"2000",3.46649445302945,"Unadjusted"
88,"2000",2.92352144916498,"Unadjusted"
89,"2000",2.6709357808249,"Unadjusted"
90,"2000",3.11516888779478,"Unadjusted"
91,"2000",3.46717420043447,"Unadjusted"
92,"2000",2.87951735484234,"Unadjusted"
93,"2000",3.61586880217463,"Unadjusted"
94,"2000",3.71975440841943,"Unadjusted"
95,"2000",2.84710381713695,"Unadjusted"
96,"2000",3.74626699970367,"Unadjusted"
97,"2000",3.30865781886556,"Unadjusted"
98,"2000",3.63617681901673,"Unadjusted"
99,"2000",3.39182177641025,"Unadjusted"
100,"2000",3.08472256062646,"Unadjusted"
101,"2000",3.398489021885,"Unadjusted"
102,"2000",3.6603000294547,"Unadjusted"
103,"2000",3.56959433963993,"Unadjusted"
104,"2000",2.79126569307072,"Unadjusted"
105,"2000",2.69409469783513,"Unadjusted"
106,"2000",3.08781401796831,"Unadjusted"
107,"2000",3.32525709691155,"Unadjusted"
108,"2000",3.21191997081897,"Unadjusted"
109,"2000",3.39647105857732,"Unadjusted"
110,"2000",3.13796816060918,"Unadjusted"
111,"2000",3.3702774899842,"Unadjusted"
112,"2000",3.17720396678038,"Unadjusted"
113,"2000",3.46305908218847,"Unadjusted"
114,"2000",3.36261927618312,"Unadjusted"
115,"2000",3.41378288762415,"Unadjusted"
116,"2000",3.03057587953527,"Unadjusted"
117,"2000",2.99951502306026,"Unadjusted"
118,"2000",3.48597234414926,"Unadjusted"
119,"2000",3.08668007047131,"Unadjusted"
120,"2000",3.07687483570318,"Unadjusted"
121,"2000",3.18017997251036,"Unadjusted"
122,"2000",3.10271051508109,"Unadjusted"
123,"2000",3.34000692736062,"Unadjusted"
124,"2000",3.04655131196886,"Unadjusted"
125,"2000",3.42689664527437,"Unadjusted"
126,"2000",2.90794645958529,"Unadjusted"
127,"2000",3.21996082756183,"Unadjusted"
128,"2000",3.0716773396659,"Unadjusted"
129,"2000",3.47229793289379,"Unadjusted"
130,"2000",3.68850994211488,"Unadjusted"
131,"2000",3.28829131261038,"Unadjusted"
132,"2000",3.39995785981813,"Unadjusted"
133,"2000",3.44281737905597,"Unadjusted"
134,"2000",3.4927897377837,"Unadjusted"
135,"2000",3.89389554262635,"Unadjusted"
136,"2000",3.25348943331874,"Unadjusted"
137,"2000",3.00869009383796,"Unadjusted"
138,"2000",3.2495693285335,"Unadjusted"
139,"2000",3.29037566485571,"Unadjusted"
140,"2000",3.07034522541506,"Unadjusted"
141,"2000",3.22570641096969,"Unadjusted"
142,"2000",3.37974034924589,"Unadjusted"
143,"2000",2.73204616438949,"Unadjusted"
144,"2000",2.87297716774792,"Unadjusted"
145,"2000",2.63168676493923,"Unadjusted"
146,"2000",3.75294915502684,"Unadjusted"
147,"2000",3.43802431035094,"Unadjusted"
148,"2000",3.30462795152268,"Unadjusted"
149,"2000",2.90313663041292,"Unadjusted"
150,"2000",2.71725370140175,"Unadjusted"
151,"2000",2.78244300295788,"Unadjusted"
152,"2000",3.01409530111085,"Unadjusted"
153,"2000",3.45237285288988,"Unadjusted"
154,"2000",3.87358618075919,"Unadjusted"
155,"2000",3.55441133608381,"Unadjusted"
156,"2000",3.03829198383939,"Unadjusted"
157,"2000",2.92173678691067,"Unadjusted"
158,"2000",3.68481043306147,"Unadjusted"
159,"2000",3.55477312361409,"Unadjusted"
160,"2000",3.27380594955806,"Unadjusted"
161,"2000",3.04485029025434,"Unadjusted"
162,"2000",3.56894887277632,"Unadjusted"
163,"2000",3.35807797082252,"Unadjusted"
164,"2000",3.18843753497264,"Unadjusted"
165,"2000",3.46943291169732,"Unadjusted"
166,"2000",3.22871619545514,"Unadjusted"
167,"2000",3.10850542140622,"Unadjusted"
168,"2000",3.06343281191057,"Unadjusted"
169,"2000",3.32781346936389,"Unadjusted"
170,"2000",3.07071005061036,"Unadjusted"
171,"2000",3.27472144144123,"Unadjusted"
172,"2000",3.31946512021333,"Unadjusted"
173,"2000",3.08894939206521,"Unadjusted"
174,"2000",3.47745478575623,"Unadjusted"
175,"2000",3.25209459541532,"Unadjusted"
176,"2000",2.97698825050785,"Unadjusted"
177,"2000",3.56292464975122,"Unadjusted"
178,"2000",3.20016088346018,"Unadjusted"
179,"2000",3.2305026750465,"Unadjusted"
180,"2000",3.70796985905882,"Unadjusted"
181,"2000",3.10584786429277,"Unadjusted"
182,"2000",3.93740993289176,"Unadjusted"
183,"2000",3.43829510794845,"Unadjusted"
184,"2000",2.80284773410512,"Unadjusted"
185,"2000",2.89317457659037,"Unadjusted"
186,"2000",3.25437199652074,"Unadjusted"
187,"2000",4.01160885312442,"Unadjusted"
188,"2000",3.93365795243298,"Unadjusted"
189,"2000",3.21779409691243,"Unadjusted"
190,"2000",2.61275527030216,"Unadjusted"
191,"2000",3.36841191352111,"Unadjusted"
192,"2000",3.13210015701969,"Unadjusted"
193,"2000",3.39203263892423,"Unadjusted"
194,"2000",3.17004646330072,"Unadjusted"
195,"2000",3.28138336449772,"Unadjusted"
196,"2000",3.47300008211971,"Unadjusted"
197,"2000",3.41271549122358,"Unadjusted"
198,"2000",3.38822752692535,"Unadjusted"
199,"2000",2.91364952364225,"Unadjusted"
200,"2000",3.33334481598166,"Unadjusted"
201,"2000",3.20856782053223,"Unadjusted"
202,"2000",4.01018656889998,"Unadjusted"
203,"2000",3.0353816996509,"Unadjusted"
204,"2000",3.57480497807784,"Unadjusted"
205,"2000",3.03941673291513,"Unadjusted"
206,"2000",2.46985758767971,"Unadjusted"
207,"2000",3.41845220238787,"Unadjusted"
208,"2000",3.03140546392107,"Unadjusted"
209,"2000",3.52080549731785,"Unadjusted"
210,"2000",3.68240066713262,"Unadjusted"
211,"2000",3.19183273468975,"Unadjusted"
212,"2000",3.24878244413317,"Unadjusted"
213,"2000",3.31492974048182,"Unadjusted"
214,"2000",3.72069027718545,"Unadjusted"
215,"2000",3.11785565596949,"Unadjusted"
216,"2000",3.82710086233499,"Unadjusted"
217,"2000",3.72823292939523,"Unadjusted"
218,"2000",2.91624674015672,"Unadjusted"
219,"2000",3.15284638245197,"Unadjusted"
220,"2000",2.8475894449356,"Unadjusted"
221,"2000",3.11746688466431,"Unadjusted"
222,"2000",3.34376807992834,"Unadjusted"
223,"2000",3.29443409224048,"Unadjusted"
224,"2000",3.21489639152568,"Unadjusted"
225,"2000",3.02675628025237,"Unadjusted"
226,"2000",2.97659875863868,"Unadjusted"
227,"2000",2.7341729734086,"Unadjusted"
228,"2000",3.29962839614732,"Unadjusted"
229,"2000",3.01106494407216,"Unadjusted"
230,"2000",3.1482077897825,"Unadjusted"
231,"2000",3.06670463941082,"Unadjusted"
232,"2000",3.50662952396637,"Unadjusted"
233,"2000",3.23446721083953,"Unadjusted"
234,"2000",3.18437739917266,"Unadjusted"
235,"2000",3.5841501065958,"Unadjusted"
236,"2000",3.44529124898143,"Unadjusted"
237,"2000",3.51528640926059,"Unadjusted"
238,"2000",3.97919727046865,"Unadjusted"
239,"2000",4.06174095388019,"Unadjusted"
240,"2000",3.75003829272343,"Unadjusted"
241,"2000",3.71603235326627,"Unadjusted"
242,"2000",3.39917337085428,"Unadjusted"
243,"2000",3.00057528316329,"Unadjusted"
244,"2000",2.78256696345061,"Unadjusted"
245,"2000",3.73058301104938,"Unadjusted"
246,"2000",2.83177605305714,"Unadjusted"
247,"2000",3.73772085966312,"Unadjusted"
248,"2000",3.08505341925975,"Unadjusted"
249,"2000",3.08957959072408,"Unadjusted"
250,"2000",3.73045664922973,"Unadjusted"
251,"2000",2.97840812507395,"Unadjusted"
252,"2000",3.42064605683098,"Unadjusted"
253,"2000",3.34491504095073,"Unadjusted"
254,"2000",3.1449765139506,"Unadjusted"
255,"2000",3.14762995071505,"Unadjusted"
256,"2000",3.28365154677068,"Unadjusted"
257,"2000",3.45301358473548,"Unadjusted"
258,"2000",3.41676087566253,"Unadjusted"
259,"2000",2.70512775151885,"Unadjusted"
260,"2000",3.54471676087827,"Unadjusted"
261,"2000",3.59054287582654,"Unadjusted"
262,"2000",3.85309789252157,"Unadjusted"
263,"2000",3.09763241690049,"Unadjusted"
264,"2000",3.06862971124581,"Unadjusted"
265,"2000",3.32331838274187,"Unadjusted"
266,"2000",3.48280818083021,"Unadjusted"
267,"2000",3.06099073292737,"Unadjusted"
268,"2000",3.7076592488746,"Unadjusted"
269,"2000",3.88005573917557,"Unadjusted"
270,"2000",3.2580506373478,"Unadjusted"
271,"2000",3.24713068695686,"Unadjusted"
272,"2000",3.57609716103354,"Unadjusted"
273,"2000",3.48301269910012,"Unadjusted"
274,"2000",3.09631935512213,"Unadjusted"
275,"2000",3.10990205447761,"Unadjusted"
276,"2000",3.43400983882451,"Unadjusted"
277,"2000",2.98436999511083,"Unadjusted"
278,"2000",2.78823988280171,"Unadjusted"
279,"2000",2.9234604958053,"Unadjusted"
280,"2000",3.45635304440334,"Unadjusted"
281,"2000",3.45359082169735,"Unadjusted"
282,"2000",3.97995652452837,"Unadjusted"
283,"2000",3.6231806583231,"Unadjusted"
284,"2000",3.1031064566378,"Unadjusted"
285,"2000",3.22533310995964,"Unadjusted"
286,"2000",3.63333327748058,"Unadjusted"
287,"2000",3.45935575737369,"Unadjusted"
288,"2000",3.38815384974689,"Unadjusted"
289,"2000",3.36747893680746,"Unadjusted"
290,"2000",2.98465374643489,"Unadjusted"
291,"2000",3.38309919312428,"Unadjusted"
292,"2000",3.26807598457149,"Unadjusted"
293,"2000",3.53992046436273,"Unadjusted"
294,"2000",3.39793199828934,"Unadjusted"
295,"2000",3.70194866101347,"Unadjusted"
296,"2000",2.89943433052013,"Unadjusted"
297,"2000",2.80815467399673,"Unadjusted"
298,"2000",2.87571589591343,"Unadjusted"
299,"2000",3.24761831083363,"Unadjusted"
300,"2000",3.23029620958358,"Unadjusted"
301,"2000",3.36506092343785,"Unadjusted"
302,"2000",3.45128823718123,"Unadjusted"
303,"2000",3.81471258442002,"Unadjusted"
304,"2000",2.82193048769017,"Unadjusted"
305,"2000",2.89755632767435,"Unadjusted"
306,"2000",2.93783831249948,"Unadjusted"
307,"2000",3.18015456724435,"Unadjusted"
308,"2000",2.90168952472189,"Unadjusted"
309,"2000",4.08168833680036,"Unadjusted"
310,"2000",3.4131718995224,"Unadjusted"
311,"2000",3.5367166438069,"Unadjusted"
312,"2000",2.88285044696482,"Unadjusted"
313,"2000",3.66653696484873,"Unadjusted"
314,"2000",3.55832595677417,"Unadjusted"
315,"2000",3.43106517487918,"Unadjusted"
316,"2000",3.18750212171519,"Unadjusted"
317,"2000",2.82691553841585,"Unadjusted"
318,"2000",3.15284269910003,"Unadjusted"
319,"2000",3.31697633889814,"Unadjusted"
320,"2000",3.54543119301423,"Unadjusted"
321,"2000",3.12142157823757,"Unadjusted"
322,"2000",3.67821852724136,"Unadjusted"
323,"2000",3.07662210891705,"Unadjusted"
324,"2000",3.1044835230005,"Unadjusted"
325,"2000",2.91767279975239,"Unadjusted"
326,"2000",3.40062434156511,"Unadjusted"
327,"2000",3.50065265739989,"Unadjusted"
328,"2000",3.1170340001803,"Unadjusted"
329,"2000",2.89845714923619,"Unadjusted"
330,"2000",3.25299941225705,"Unadjusted"
331,"2000",3.44649646620682,"Unadjusted"
332,"2000",2.69967613729728,"Unadjusted"
333,"2000",3.61561405348626,"Unadjusted"
334,"2000",3.17283455458348,"Unadjusted"
335,"2000",3.47785361660031,"Unadjusted"
336,"2000",3.66140602611882,"Unadjusted"
337,"2000",3.20107128246684,"Unadjusted"
338,"2000",3.19500629575322,"Unadjusted"
339,"2000",3.19415917352094,"Unadjusted"
340,"2000",3.11397063452051,"Unadjusted"
341,"2000",2.71956167472792,"Unadjusted"
342,"2000",3.41914878640655,"Unadjusted"
343,"2000",3.17178897697913,"Unadjusted"
344,"2000",3.73461460961366,"Unadjusted"
345,"2000",3.46945598355417,"Unadjusted"
346,"2000",3.58123490661261,"Unadjusted"
347,"2000",3.38267552804156,"Unadjusted"
348,"2000",3.21874594857549,"Unadjusted"
349,"2000",3.30355489379108,"Unadjusted"
350,"2000",3.12262245752792,"Unadjusted"
351,"2000",3.39419666252346,"Unadjusted"
352,"2000",2.88673837684507,"Unadjusted"
353,"2000",3.61918714315212,"Unadjusted"
354,"2000",3.51040436180049,"Unadjusted"
355,"2000",2.89514902434889,"Unadjusted"
356,"2000",3.09337007215506,"Unadjusted"
357,"2000",3.43478085043025,"Unadjusted"
358,"2000",4.09539780227227,"Unadjusted"
359,"2000",3.04512355537789,"Unadjusted"
360,"2000",3.29100603747053,"Unadjusted"
361,"2000",3.13059206934397,"Unadjusted"
362,"2000",3.39788564188118,"Unadjusted"
363,"2000",3.29600376147739,"Unadjusted"
364,"2000",3.37001064546877,"Unadjusted"
365,"2000",3.04487644454288,"Unadjusted"
366,"2000",3.71939045984933,"Unadjusted"
367,"2000",3.31687384601344,"Unadjusted"
368,"2000",3.23683763514867,"Unadjusted"
369,"2000",3.11769033842177,"Unadjusted"
370,"2000",3.0890880638142,"Unadjusted"
371,"2000",3.52989437483847,"Unadjusted"
372,"2000",3.4329000414785,"Unadjusted"
373,"2000",3.8131283124088,"Unadjusted"
374,"2000",3.13006856493306,"Unadjusted"
375,"2000",3.06137983856391,"Unadjusted"
376,"2000",3.27196370845681,"Unadjusted"
377,"2000",2.84286898027719,"Unadjusted"
378,"2000",3.36057935727617,"Unadjusted"
379,"2000",2.94138291185432,"Unadjusted"
380,"2000",3.37487752215354,"Unadjusted"
381,"2000",3.55158914764079,"Unadjusted"
382,"2000",3.13481802053811,"Unadjusted"
383,"2000",2.94865934509055,"Unadjusted"
384,"2000",3.19282411100785,"Unadjusted"
385,"2000",3.50472739257935,"Unadjusted"
386,"2000",3.13520804273607,"Unadjusted"
387,"2000",3.10245288252467,"Unadjusted"
388,"2000",3.20244907105305,"Unadjusted"
389,"2000",2.89122169601243,"Unadjusted"
390,"2000",3.0006851361358,"Unadjusted"
391,"2000",3.34367412474766,"Unadjusted"
392,"2000",3.2067255892294,"Unadjusted"
393,"2000",3.24732043168181,"Unadjusted"
394,"2000",2.86254630488392,"Unadjusted"
395,"2000",3.02729133700815,"Unadjusted"
396,"2000",2.62108501867682,"Unadjusted"
397,"2000",3.09222006181073,"Unadjusted"
398,"2000",3.36572022931839,"Unadjusted"
399,"2000",3.27984897666751,"Unadjusted"
400,"2000",2.74334765261964,"Unadjusted"
401,"2000",2.96413197550472,"Unadjusted"
402,"2000",3.34187027780979,"Unadjusted"
403,"2000",3.52208769477339,"Unadjusted"
404,"2000",3.40450627512407,"Unadjusted"
405,"2000",3.30559808128766,"Unadjusted"
406,"2000",3.82464122152223,"Unadjusted"
407,"2000",3.51072525211291,"Unadjusted"
408,"2000",2.87570193102934,"Unadjusted"
409,"2000",3.85119137748309,"Unadjusted"
410,"2000",3.51228494139998,"Unadjusted"
411,"2000",3.17289738482833,"Unadjusted"
412,"2000",3.46487269175667,"Unadjusted"
413,"2000",2.74195707615006,"Unadjusted"
414,"2000",3.13046694381905,"Unadjusted"
415,"2000",2.81566946915277,"Unadjusted"
416,"2000",3.21426117633363,"Unadjusted"
417,"2000",3.13883046313013,"Unadjusted"
418,"2000",3.05939341090198,"Unadjusted"
419,"2000",3.29540521442773,"Unadjusted"
420,"2000",3.39084227189317,"Unadjusted"
421,"2000",3.41639661544412,"Unadjusted"
422,"2000",3.23184391415146,"Unadjusted"
423,"2000",3.48157506381173,"Unadjusted"
424,"2000",3.58467033015444,"Unadjusted"
425,"2000",2.93126823416266,"Unadjusted"
426,"2000",3.07823381393701,"Unadjusted"
427,"2000",3.35428051477326,"Unadjusted"
428,"2000",3.80784537663044,"Unadjusted"
429,"2000",2.88893302311311,"Unadjusted"
430,"2000",3.15170311683801,"Unadjusted"
431,"2000",2.74576077310771,"Unadjusted"
432,"2000",3.02046182094594,"Unadjusted"
433,"2000",3.10943675784123,"Unadjusted"
434,"2000",3.05628700283087,"Unadjusted"
435,"2000",2.97849427728786,"Unadjusted"
436,"2000",3.20196358151728,"Unadjusted"
437,"2000",3.20869712958526,"Unadjusted"
438,"2000",3.39475573388392,"Unadjusted"
439,"2000",3.56442782687608,"Unadjusted"
440,"2000",3.00374815687315,"Unadjusted"
441,"2000",3.73593948781277,"Unadjusted"
442,"2000",3.33771993345624,"Unadjusted"
443,"2000",3.83474353772059,"Unadjusted"
444,"2000",2.84255596549943,"Unadjusted"
445,"2000",2.83646032049282,"Unadjusted"
446,"2000",3.52926053161092,"Unadjusted"
447,"2000",3.05154677449881,"Unadjusted"
448,"2000",2.78399891661267,"Unadjusted"
449,"2000",2.94164657043747,"Unadjusted"
450,"2000",3.11801087152913,"Unadjusted"
451,"2000",3.99796971493219,"Unadjusted"
452,"2000",2.88440787866295,"Unadjusted"
453,"2000",2.93988956237145,"Unadjusted"
454,"2000",3.14520062215653,"Unadjusted"
455,"2000",3.55732782275712,"Unadjusted"
456,"2000",3.25827016165907,"Unadjusted"
457,"2000",3.59106080933299,"Unadjusted"
458,"2000",2.85888256955127,"Unadjusted"
459,"2000",3.62237612561916,"Unadjusted"
460,"2000",3.52413791855594,"Unadjusted"
461,"2000",3.39920989129214,"Unadjusted"
462,"2000",2.80094960223168,"Unadjusted"
463,"2000",3.36401973920197,"Unadjusted"
464,"2000",3.62965755884002,"Unadjusted"
465,"2000",3.22499087065366,"Unadjusted"
466,"2000",3.39080543191867,"Unadjusted"
467,"2000",3.28107076732019,"Unadjusted"
468,"2000",3.58117195694339,"Unadjusted"
469,"2000",2.90348490014497,"Unadjusted"
470,"2000",3.54200872582389,"Unadjusted"
471,"2000",3.02338891255561,"Unadjusted"
472,"2000",3.02633704317833,"Unadjusted"
473,"2000",2.5166461875749,"Unadjusted"
474,"2000",3.59081377770531,"Unadjusted"
475,"2000",3.08727207083456,"Unadjusted"
476,"2000",2.84805489233777,"Unadjusted"
477,"2000",3.32203350562232,"Unadjusted"
478,"2000",3.53279314617126,"Unadjusted"
479,"2000",3.31664111510829,"Unadjusted"
480,"2000",2.74333323849431,"Unadjusted"
481,"2000",2.98171120666096,"Unadjusted"
482,"2000",3.50651923677612,"Unadjusted"
483,"2000",2.99262160284832,"Unadjusted"
484,"2000",2.52491857839798,"Unadjusted"
485,"2000",3.66494069024794,"Unadjusted"
486,"2000",2.99829637112698,"Unadjusted"
487,"2000",3.24299898875486,"Unadjusted"
488,"2000",3.28814571581148,"Unadjusted"
489,"2000",3.00263165205188,"Unadjusted"
490,"2000",3.35306213638869,"Unadjusted"
491,"2000",3.20417261485088,"Unadjusted"
492,"2000",3.37546955434185,"Unadjusted"
493,"2000",3.40771510401657,"Unadjusted"
494,"2000",3.93845878850546,"Unadjusted"
495,"2000",3.2137902575508,"Unadjusted"
496,"2000",2.80681915018372,"Unadjusted"
497,"2000",2.71894602487581,"Unadjusted"
498,"2000",2.95092014069498,"Unadjusted"
499,"2000",3.39232773902581,"Unadjusted"
500,"2000",3.28335662642559,"Unadjusted"
501,"2000",3.63698059872893,"Unadjusted"
502,"2000",3.12088253877744,"Unadjusted"
503,"2000",3.41205865265304,"Unadjusted"
504,"2000",3.06211081814118,"Unadjusted"
505,"2000",2.73083982208592,"Unadjusted"
506,"2000",3.1528621119648,"Unadjusted"
507,"2000",3.19841967794035,"Unadjusted"
508,"2000",3.19299692375533,"Unadjusted"
509,"2000",3.25737570471575,"Unadjusted"
510,"2000",3.74228962168916,"Unadjusted"
511,"2000",2.98195348935831,"Unadjusted"
512,"2000",3.0954743220681,"Unadjusted"
513,"2000",3.4413556620903,"Unadjusted"
514,"2000",3.27868421351254,"Unadjusted"
515,"2000",2.99683530767007,"Unadjusted"
516,"2000",3.53237390044057,"Unadjusted"
517,"2000",3.14671925563157,"Unadjusted"
518,"2000",3.3833038124762,"Unadjusted"
519,"2000",2.88391151763646,"Unadjusted"
520,"2000",3.9169243407908,"Unadjusted"
521,"2000",3.15017822169732,"Unadjusted"
522,"2000",3.10198687103934,"Unadjusted"
523,"2000",3.45139283499627,"Unadjusted"
524,"2000",3.33085013010911,"Unadjusted"
525,"2000",3.46066982213498,"Unadjusted"
526,"2000",2.90816135498797,"Unadjusted"
527,"2000",3.11160523794744,"Unadjusted"
528,"2000",3.38978892121011,"Unadjusted"
529,"2000",3.12050280669799,"Unadjusted"
530,"2000",3.39885766255627,"Unadjusted"
531,"2000",3.72926633007286,"Unadjusted"
532,"2000",3.47799045179204,"Unadjusted"
533,"2000",3.44564089951428,"Unadjusted"
534,"2000",3.37438228803333,"Unadjusted"
535,"2000",3.76350516013833,"Unadjusted"
536,"2000",3.02468705500115,"Unadjusted"
537,"2000",3.32029891499092,"Unadjusted"
538,"2000",3.20291504499438,"Unadjusted"
539,"2000",3.55721885823759,"Unadjusted"
540,"2000",2.62455774107772,"Unadjusted"
541,"2000",3.23972746679439,"Unadjusted"
542,"2000",2.83892938210027,"Unadjusted"
543,"2000",3.99712279862232,"Unadjusted"
544,"2000",2.83335282758452,"Unadjusted"
545,"2000",3.45594690192232,"Unadjusted"
546,"2000",3.24394395730549,"Unadjusted"
547,"2000",2.79973274076716,"Unadjusted"
548,"2000",2.89292598355284,"Unadjusted"
549,"2000",3.17837019906792,"Unadjusted"
550,"2000",3.0982468786627,"Unadjusted"
551,"2000",3.23353776709496,"Unadjusted"
552,"2000",3.5351341862386,"Unadjusted"
553,"2000",2.95161337381976,"Unadjusted"
554,"2000",3.19976104249584,"Unadjusted"
555,"2000",3.25139091925009,"Unadjusted"
556,"2000",3.27703452929793,"Unadjusted"
557,"2000",3.21748624843983,"Unadjusted"
558,"2000",3.06013058779055,"Unadjusted"
559,"2000",3.20304456467182,"Unadjusted"
560,"2000",3.53727386126897,"Unadjusted"
561,"2000",3.0931070152697,"Unadjusted"
562,"2000",3.11175836114665,"Unadjusted"
563,"2000",2.93024289172713,"Unadjusted"
564,"2000",4.16336583325827,"Unadjusted"
565,"2000",3.54066675166967,"Unadjusted"
566,"2000",3.21487639912374,"Unadjusted"
567,"2000",3.10651255453211,"Unadjusted"
568,"2000",3.37317382866466,"Unadjusted"
569,"2000",3.51165258477475,"Unadjusted"
570,"2000",3.40685878681726,"Unadjusted"
571,"2000",3.48128674727706,"Unadjusted"
572,"2000",3.83225959933606,"Unadjusted"
573,"2000",2.93028085675318,"Unadjusted"
574,"2000",3.1925054000058,"Unadjusted"
575,"2000",3.34054140133767,"Unadjusted"
576,"2000",3.44337270353984,"Unadjusted"
577,"2000",3.1165657802002,"Unadjusted"
578,"2000",3.62667080632961,"Unadjusted"
579,"2000",2.88133427474204,"Unadjusted"
580,"2000",3.50776265703954,"Unadjusted"
581,"2000",3.0650734693241,"Unadjusted"
582,"2000",3.40079011370566,"Unadjusted"
583,"2000",3.05450585022297,"Unadjusted"
584,"2000",2.64580721397165,"Unadjusted"
585,"2000",3.12092018284273,"Unadjusted"
586,"2000",2.82523903712043,"Unadjusted"
587,"2000",3.42340939424081,"Unadjusted"
588,"2000",3.28926207156147,"Unadjusted"
589,"2000",3.03578256637789,"Unadjusted"
590,"2000",3.28570729657272,"Unadjusted"
591,"2000",2.99106824847755,"Unadjusted"
592,"2000",3.1542197873494,"Unadjusted"
593,"2000",3.46900327012619,"Unadjusted"
594,"2000",3.17782157979777,"Unadjusted"
595,"2000",3.18394862837519,"Unadjusted"
596,"2000",3.2948370875243,"Unadjusted"
597,"2000",3.43690655826485,"Unadjusted"
598,"2000",3.52864520521008,"Unadjusted"
599,"2000",3.39800815275364,"Unadjusted"
600,"2000",3.05508658005759,"Unadjusted"
601,"2000",2.38426989542972,"Unadjusted"
602,"2000",2.87438152416828,"Unadjusted"
603,"2000",3.3126275062306,"Unadjusted"
604,"2000",2.96633911882302,"Unadjusted"
605,"2000",3.26228563297204,"Unadjusted"
606,"2000",3.06717346692853,"Unadjusted"
607,"2000",3.68626059780074,"Unadjusted"
608,"2000",3.01491795465995,"Unadjusted"
609,"2000",3.0708532001135,"Unadjusted"
610,"2000",3.42770989339859,"Unadjusted"
611,"2000",3.20708643999506,"Unadjusted"
612,"2000",3.28039279703762,"Unadjusted"
613,"2000",3.25322093239993,"Unadjusted"
614,"2000",3.00087666885669,"Unadjusted"
615,"2000",2.9654348772254,"Unadjusted"
616,"2000",2.43443949248814,"Unadjusted"
617,"2000",2.89228048383327,"Unadjusted"
618,"2000",2.84323309569644,"Unadjusted"
619,"2000",2.97582376497184,"Unadjusted"
620,"2000",3.21730573282669,"Unadjusted"
621,"2000",3.50514320256925,"Unadjusted"
622,"2000",3.44676869958313,"Unadjusted"
623,"2000",3.24680134962625,"Unadjusted"
624,"2000",3.47048292111821,"Unadjusted"
625,"2000",2.88377784024654,"Unadjusted"
626,"2000",3.23852268576412,"Unadjusted"
627,"2000",4.00212936828122,"Unadjusted"
628,"2000",3.07379141552895,"Unadjusted"
629,"2000",3.91036870831729,"Unadjusted"
630,"2000",3.17475751927377,"Unadjusted"
631,"2000",3.22183881452653,"Unadjusted"
632,"2000",3.43655132652489,"Unadjusted"
633,"2000",3.43108662617375,"Unadjusted"
634,"2000",2.86090811006669,"Unadjusted"
635,"2000",3.51585965477734,"Unadjusted"
636,"2000",3.08595198886183,"Unadjusted"
637,"2000",3.28675793665533,"Unadjusted"
638,"2000",3.32981254611567,"Unadjusted"
639,"2000",3.33653989107378,"Unadjusted"
640,"2000",3.45405617227568,"Unadjusted"
641,"2000",3.41448360957583,"Unadjusted"
642,"2000",3.44312793470654,"Unadjusted"
643,"2000",3.31390635619517,"Unadjusted"
644,"2000",3.17234988699589,"Unadjusted"
645,"2000",3.42495468814152,"Unadjusted"
646,"2000",2.95701586504591,"Unadjusted"
647,"2000",3.46817673139904,"Unadjusted"
648,"2000",2.86399125213819,"Unadjusted"
649,"2000",3.71379602451768,"Unadjusted"
650,"2000",3.22685281498187,"Unadjusted"
651,"2000",3.33641889395397,"Unadjusted"
652,"2000",3.01338737013563,"Unadjusted"
653,"2000",3.26326916859221,"Unadjusted"
654,"2000",3.31926469785169,"Unadjusted"
655,"2000",3.33681968950233,"Unadjusted"
656,"2000",3.09130954480353,"Unadjusted"
657,"2000",2.86480016014972,"Unadjusted"
658,"2000",3.11117796401004,"Unadjusted"
659,"2000",2.92754911691156,"Unadjusted"
660,"2000",3.49236922112044,"Unadjusted"
661,"2000",3.11166847017088,"Unadjusted"
662,"2000",2.9704923670039,"Unadjusted"
663,"2000",3.03034489879346,"Unadjusted"
664,"2000",3.31179251067821,"Unadjusted"
665,"2000",3.59189481877907,"Unadjusted"
666,"2000",3.31644135021532,"Unadjusted"
667,"2000",3.56177782692058,"Unadjusted"
668,"2000",3.43293947860298,"Unadjusted"
669,"2000",3.25987478935296,"Unadjusted"
670,"2000",3.66769215219894,"Unadjusted"
671,"2000",3.19425105983495,"Unadjusted"
672,"2000",3.18249037226392,"Unadjusted"
673,"2000",3.17950237668943,"Unadjusted"
674,"2000",3.58140753456353,"Unadjusted"
675,"2000",3.36507677826872,"Unadjusted"
676,"2000",3.34814379121539,"Unadjusted"
677,"2000",3.7088244948025,"Unadjusted"
678,"2000",3.01079650297509,"Unadjusted"
679,"2000",3.02080327309841,"Unadjusted"
680,"2000",3.53363545289462,"Unadjusted"
681,"2000",3.21491934055617,"Unadjusted"
682,"2000",3.36708329608378,"Unadjusted"
683,"2000",3.15767314382366,"Unadjusted"
684,"2000",2.69887248118484,"Unadjusted"
685,"2000",3.08487397900682,"Unadjusted"
686,"2000",2.85970574642817,"Unadjusted"
687,"2000",3.3230342166435,"Unadjusted"
688,"2000",3.49042769192989,"Unadjusted"
689,"2000",3.25269103745122,"Unadjusted"
690,"2000",3.3241049246436,"Unadjusted"
691,"2000",3.01121781733579,"Unadjusted"
692,"2000",3.50637652541371,"Unadjusted"
693,"2000",3.19035322491319,"Unadjusted"
694,"2000",2.79580023576345,"Unadjusted"
695,"2000",3.02224244787514,"Unadjusted"
696,"2000",2.91933268878697,"Unadjusted"
697,"2000",3.00018101663874,"Unadjusted"
698,"2000",3.16554751984697,"Unadjusted"
699,"2000",3.17780051198686,"Unadjusted"
700,"2000",4.64362502644021,"Unadjusted"
701,"2000",3.16799487324795,"Unadjusted"
702,"2000",3.51725667405872,"Unadjusted"
703,"2000",3.35065444019585,"Unadjusted"
704,"2000",3.105745347183,"Unadjusted"
705,"2000",3.13855736608182,"Unadjusted"
706,"2000",3.42949430373627,"Unadjusted"
707,"2000",3.56810685267276,"Unadjusted"
708,"2000",3.1322007031384,"Unadjusted"
709,"2000",3.28412767486842,"Unadjusted"
710,"2000",3.52238108561241,"Unadjusted"
711,"2000",3.13653176686404,"Unadjusted"
712,"2000",3.08110043392844,"Unadjusted"
713,"2000",3.27375855390957,"Unadjusted"
714,"2000",3.47152921527925,"Unadjusted"
715,"2000",3.39508980443726,"Unadjusted"
716,"2000",3.01627359649929,"Unadjusted"
717,"2000",3.66516928044206,"Unadjusted"
718,"2000",3.31443778211328,"Unadjusted"
719,"2000",4.0860476694675,"Unadjusted"
720,"2000",3.10413375964575,"Unadjusted"
721,"2000",3.08368906331705,"Unadjusted"
722,"2000",3.08338203991429,"Unadjusted"
723,"2000",3.20073504618339,"Unadjusted"
724,"2000",3.1022431900143,"Unadjusted"
725,"2000",3.4494717634747,"Unadjusted"
726,"2000",3.59210313879517,"Unadjusted"
727,"2000",2.97478839550333,"Unadjusted"
728,"2000",2.64519563556058,"Unadjusted"
729,"2000",3.21192369535257,"Unadjusted"
730,"2000",3.16811550523586,"Unadjusted"
731,"2000",3.78049112798104,"Unadjusted"
732,"2000",3.75893339154359,"Unadjusted"
733,"2000",2.99740575503693,"Unadjusted"
734,"2000",2.95884795967117,"Unadjusted"
735,"2000",2.99669495148103,"Unadjusted"
736,"2000",3.24512177628697,"Unadjusted"
737,"2000",4.31985200589413,"Unadjusted"
738,"2000",3.50753460778107,"Unadjusted"
739,"2000",3.2604876776001,"Unadjusted"
740,"2000",2.8648908677224,"Unadjusted"
741,"2000",3.23899178972577,"Unadjusted"
742,"2000",3.70493795745013,"Unadjusted"
743,"2000",3.06202304355032,"Unadjusted"
744,"2000",4.1464643377722,"Unadjusted"
745,"2000",3.302047940571,"Unadjusted"
746,"2000",2.97886448112551,"Unadjusted"
747,"2000",3.6418182924051,"Unadjusted"
748,"2000",3.10091365183536,"Unadjusted"
749,"2000",3.43242373991894,"Unadjusted"
750,"2000",2.99919232881283,"Unadjusted"
751,"2000",2.77331729877615,"Unadjusted"
752,"2000",3.21514504074354,"Unadjusted"
753,"2000",3.75231262042522,"Unadjusted"
754,"2000",3.2634536150601,"Unadjusted"
755,"2000",3.19941919728015,"Unadjusted"
756,"2000",3.07989850529076,"Unadjusted"
757,"2000",3.38112001722238,"Unadjusted"
758,"2000",3.22764846026039,"Unadjusted"
759,"2000",2.80216205100326,"Unadjusted"
760,"2000",2.691979086431,"Unadjusted"
761,"2000",3.0312983815817,"Unadjusted"
762,"2000",3.28555119079018,"Unadjusted"
763,"2000",3.33343019578507,"Unadjusted"
764,"2000",3.37255952936025,"Unadjusted"
765,"2000",3.31308509524665,"Unadjusted"
766,"2000",3.37492101936504,"Unadjusted"
767,"2000",3.21945994181967,"Unadjusted"
768,"2000",3.44934005763168,"Unadjusted"
769,"2000",3.12341547228712,"Unadjusted"
770,"2000",3.26400393084309,"Unadjusted"
771,"2000",3.16554328248444,"Unadjusted"
772,"2000",2.99172336435708,"Unadjusted"
773,"2000",3.52482927550479,"Unadjusted"
774,"2000",3.03714271363213,"Unadjusted"
775,"2000",3.23266429161974,"Unadjusted"
776,"2000",2.99015649669636,"Unadjusted"
777,"2000",3.36869149072359,"Unadjusted"
778,"2000",3.09639764415963,"Unadjusted"
779,"2000",2.89263160914243,"Unadjusted"
780,"2000",3.26171572896258,"Unadjusted"
781,"2000",2.98722764880313,"Unadjusted"
782,"2000",3.62309314431103,"Unadjusted"
783,"2000",3.21350615450182,"Unadjusted"
784,"2000",3.37470624900014,"Unadjusted"
785,"2000",2.92912053645502,"Unadjusted"
786,"2000",2.87660621029044,"Unadjusted"
787,"2000",2.74965278750239,"Unadjusted"
788,"2000",2.97285437227218,"Unadjusted"
789,"2000",3.23922954405376,"Unadjusted"
790,"2000",3.17426738293754,"Unadjusted"
791,"2000",2.93910498686701,"Unadjusted"
792,"2000",3.47460301173927,"Unadjusted"
793,"2000",3.74388589566256,"Unadjusted"
794,"2000",2.74929299047665,"Unadjusted"
795,"2000",3.30717523754074,"Unadjusted"
796,"2000",3.02583631049977,"Unadjusted"
797,"2000",3.15422011877992,"Unadjusted"
798,"2000",2.91590689464811,"Unadjusted"
799,"2000",2.96271542960434,"Unadjusted"
800,"2000",3.51971455505154,"Unadjusted"
801,"2000",3.28311319370225,"Unadjusted"
802,"2000",2.99139776943564,"Unadjusted"
803,"2000",2.80017000079548,"Unadjusted"
804,"2000",3.03841664591608,"Unadjusted"
805,"2000",3.17940468913267,"Unadjusted"
806,"2000",3.58921968488111,"Unadjusted"
807,"2000",3.19050264820372,"Unadjusted"
808,"2000",2.91319786140993,"Unadjusted"
809,"2000",3.60509962725482,"Unadjusted"
810,"2000",3.16908213220278,"Unadjusted"
811,"2000",2.85149613067563,"Unadjusted"
812,"2000",3.53488829237317,"Unadjusted"
813,"2000",3.63893904899076,"Unadjusted"
814,"2000",3.27183839691025,"Unadjusted"
815,"2000",3.53708115152728,"Unadjusted"
816,"2000",3.59672435912828,"Unadjusted"
817,"2000",2.96572488561746,"Unadjusted"
818,"2000",3.14513210520365,"Unadjusted"
819,"2000",3.30235115508163,"Unadjusted"
820,"2000",3.07982452271245,"Unadjusted"
821,"2000",3.77887015957412,"Unadjusted"
822,"2000",2.88362519052617,"Unadjusted"
823,"2000",2.71070561315156,"Unadjusted"
824,"2000",3.08099390455195,"Unadjusted"
825,"2000",3.32752900274985,"Unadjusted"
826,"2000",3.81266643192343,"Unadjusted"
827,"2000",3.03523107169472,"Unadjusted"
828,"2000",3.57625223233077,"Unadjusted"
829,"2000",3.5613999552575,"Unadjusted"
830,"2000",3.8464609408566,"Unadjusted"
831,"2000",3.24590221071017,"Unadjusted"
832,"2000",3.46545101871677,"Unadjusted"
833,"2000",3.3033224896557,"Unadjusted"
834,"2000",2.98858822003778,"Unadjusted"
835,"2000",3.04833448856378,"Unadjusted"
836,"2000",3.25158912095399,"Unadjusted"
837,"2000",3.04104394373977,"Unadjusted"
838,"2000",2.79959847516693,"Unadjusted"
839,"2000",3.31735495699855,"Unadjusted"
840,"2000",3.23381686897458,"Unadjusted"
841,"2000",2.8387347565015,"Unadjusted"
842,"2000",3.08706931901925,"Unadjusted"
843,"2000",3.3339974872207,"Unadjusted"
844,"2000",3.01999742733934,"Unadjusted"
845,"2000",3.42141341295539,"Unadjusted"
846,"2000",3.26146942327297,"Unadjusted"
847,"2000",3.22192553349169,"Unadjusted"
848,"2000",3.01709722286989,"Unadjusted"
849,"2000",3.56441109804773,"Unadjusted"
850,"2000",3.60873229809701,"Unadjusted"
851,"2000",3.68728975892153,"Unadjusted"
852,"2000",3.84522278110102,"Unadjusted"
853,"2000",3.31767597433186,"Unadjusted"
854,"2000",3.20404269204857,"Unadjusted"
855,"2000",2.88017062233263,"Unadjusted"
856,"2000",4.04098757849113,"Unadjusted"
857,"2000",2.7857430085298,"Unadjusted"
858,"2000",3.14712451651707,"Unadjusted"
859,"2000",2.74620481452928,"Unadjusted"
860,"2000",3.51325533015068,"Unadjusted"
861,"2000",3.29581927277418,"Unadjusted"
862,"2000",3.09054135364652,"Unadjusted"
863,"2000",3.70828826883252,"Unadjusted"
864,"2000",2.90322830877071,"Unadjusted"
865,"2000",3.72009681088335,"Unadjusted"
866,"2000",3.42699870463719,"Unadjusted"
867,"2000",3.41987555126116,"Unadjusted"
868,"2000",3.49907519983235,"Unadjusted"
869,"2000",3.6593726661023,"Unadjusted"
870,"2000",3.12461224890889,"Unadjusted"
871,"2000",3.45334775585158,"Unadjusted"
872,"2000",2.9916486777074,"Unadjusted"
873,"2000",3.38332711926298,"Unadjusted"
874,"2000",3.00014788303018,"Unadjusted"
875,"2000",3.26211284101479,"Unadjusted"
876,"2000",2.76337385279585,"Unadjusted"
877,"2000",3.17342193555899,"Unadjusted"
878,"2000",2.9673349954697,"Unadjusted"
879,"2000",3.33244808473175,"Unadjusted"
880,"2000",3.2692816062776,"Unadjusted"
881,"2000",3.27326701546594,"Unadjusted"
882,"2000",3.2460519397455,"Unadjusted"
883,"2000",3.52703437076247,"Unadjusted"
884,"2000",3.54565947075958,"Unadjusted"
885,"2000",3.23098772896914,"Unadjusted"
886,"2000",3.09099922531456,"Unadjusted"
887,"2000",3.42762728987542,"Unadjusted"
888,"2000",3.50656110199473,"Unadjusted"
889,"2000",3.44831424328261,"Unadjusted"
890,"2000",3.38177207681466,"Unadjusted"
891,"2000",3.59680360379535,"Unadjusted"
892,"2000",3.84925634147562,"Unadjusted"
893,"2000",3.18675625423799,"Unadjusted"
894,"2000",3.57075082924896,"Unadjusted"
895,"2000",3.0713539717024,"Unadjusted"
896,"2000",3.14613003647745,"Unadjusted"
897,"2000",2.99495307688602,"Unadjusted"
898,"2000",3.1828334977575,"Unadjusted"
899,"2000",3.74390441523881,"Unadjusted"
900,"2000",3.23774352593249,"Unadjusted"
901,"2000",2.97733007263875,"Unadjusted"
902,"2000",3.19006906709291,"Unadjusted"
903,"2000",3.41178041799537,"Unadjusted"
904,"2000",3.62074107356295,"Unadjusted"
905,"2000",2.89364774837237,"Unadjusted"
906,"2000",2.79839755194518,"Unadjusted"
907,"2000",2.99243553496804,"Unadjusted"
908,"2000",3.00753989661158,"Unadjusted"
909,"2000",3.71974591366697,"Unadjusted"
910,"2000",2.82141268745632,"Unadjusted"
911,"2000",3.25062613924232,"Unadjusted"
912,"2000",3.45007476249814,"Unadjusted"
913,"2000",3.00841709325025,"Unadjusted"
914,"2000",3.46212449809114,"Unadjusted"
915,"2000",3.66660365818066,"Unadjusted"
916,"2000",3.02396837326471,"Unadjusted"
917,"2000",4.01038504099878,"Unadjusted"
918,"2000",3.14119135465474,"Unadjusted"
919,"2000",3.13245671258094,"Unadjusted"
920,"2000",3.2413445128977,"Unadjusted"
921,"2000",4.01448508449901,"Unadjusted"
922,"2000",3.34096927713692,"Unadjusted"
923,"2000",3.42712639081924,"Unadjusted"
924,"2000",3.31734098133085,"Unadjusted"
925,"2000",2.73462096209107,"Unadjusted"
926,"2000",3.24683863985018,"Unadjusted"
927,"2000",3.27193535763308,"Unadjusted"
928,"2000",3.49048000040953,"Unadjusted"
929,"2000",3.33093239726888,"Unadjusted"
930,"2000",3.52875605032309,"Unadjusted"
931,"2000",3.21352297335804,"Unadjusted"
932,"2000",3.38364138879823,"Unadjusted"
933,"2000",3.18628988321957,"Unadjusted"
934,"2000",3.28167132817713,"Unadjusted"
935,"2000",2.57643098721236,"Unadjusted"
936,"2000",3.44572362395982,"Unadjusted"
937,"2000",3.39181344775144,"Unadjusted"
938,"2000",3.27645197512366,"Unadjusted"
939,"2000",3.24864918571823,"Unadjusted"
940,"2000",3.22692894781098,"Unadjusted"
941,"2000",3.34074494136955,"Unadjusted"
942,"2000",3.36101803853846,"Unadjusted"
943,"2000",3.14880017413336,"Unadjusted"
944,"2000",2.84398072637492,"Unadjusted"
945,"2000",3.64157616319391,"Unadjusted"
946,"2000",3.17766955785226,"Unadjusted"
947,"2000",3.4786774470496,"Unadjusted"
948,"2000",2.76780108194861,"Unadjusted"
949,"2000",3.03739994198661,"Unadjusted"
950,"2000",3.12469097816816,"Unadjusted"
951,"2000",2.86987859000644,"Unadjusted"
952,"2000",3.30053322933629,"Unadjusted"
953,"2000",3.62022161010367,"Unadjusted"
954,"2000",2.96090286744106,"Unadjusted"
955,"2000",3.03901257414392,"Unadjusted"
956,"2000",2.96535685771431,"Unadjusted"
957,"2000",3.04879790344876,"Unadjusted"
958,"2000",4.02410693102359,"Unadjusted"
959,"2000",3.64879410323827,"Unadjusted"
960,"2000",2.76619306900252,"Unadjusted"
961,"2000",3.07775126719385,"Unadjusted"
962,"2000",3.59655634628308,"Unadjusted"
963,"2000",3.37797197878155,"Unadjusted"
964,"2000",3.35745396783308,"Unadjusted"
965,"2000",3.38691616999963,"Unadjusted"
966,"2000",3.24658566787788,"Unadjusted"
967,"2000",3.2519205842851,"Unadjusted"
968,"2000",3.50834129181596,"Unadjusted"
969,"2000",3.32845461589895,"Unadjusted"
970,"2000",3.17414883022347,"Unadjusted"
971,"2000",3.05072034339078,"Unadjusted"
972,"2000",3.1132194436769,"Unadjusted"
973,"2000",3.11848424419571,"Unadjusted"
974,"2000",2.84192044090238,"Unadjusted"
975,"2000",2.97939199178002,"Unadjusted"
976,"2000",3.24089420433779,"Unadjusted"
977,"2000",3.29288265999668,"Unadjusted"
978,"2000",3.41558131648402,"Unadjusted"
979,"2000",3.17602637057825,"Unadjusted"
980,"2000",3.29366343505398,"Unadjusted"
981,"2000",2.72211322600403,"Unadjusted"
982,"2000",3.56643108248983,"Unadjusted"
983,"2000",3.14029476844473,"Unadjusted"
984,"2000",3.59005259107611,"Unadjusted"
985,"2000",3.45763818834131,"Unadjusted"
986,"2000",3.04452930674151,"Unadjusted"
987,"2000",3.66169157666148,"Unadjusted"
988,"2000",3.48779221774137,"Unadjusted"
989,"2000",3.29048828469865,"Unadjusted"
990,"2000",3.13244317166161,"Unadjusted"
991,"2000",3.29402866638824,"Unadjusted"
992,"2000",3.69757743417959,"Unadjusted"
993,"2000",3.1035679754852,"Unadjusted"
994,"2000",3.22067972342744,"Unadjusted"
995,"2000",2.89463248620035,"Unadjusted"
996,"2000",3.49424827782721,"Unadjusted"
997,"2000",3.35827041145677,"Unadjusted"
998,"2000",3.2078592558547,"Unadjusted"
999,"2000",2.92204416467901,"Unadjusted"
1000,"2000",3.06963487702433,"Unadjusted"
1,"4000",3.18445239973643,"Unadjusted"
2,"4000",3.48375708309888,"Unadjusted"
3,"4000",3.09750869945647,"Unadjusted"
4,"4000",3.38366159581644,"Unadjusted"
5,"4000",3.11537141604441,"Unadjusted"
6,"4000",2.94075302438534,"Unadjusted"
7,"4000",3.05675886433261,"Unadjusted"
8,"4000",3.18998325027029,"Unadjusted"
9,"4000",3.25173642355127,"Unadjusted"
10,"4000",3.00647040002478,"Unadjusted"
11,"4000",3.24527730129899,"Unadjusted"
12,"4000",3.58940338595279,"Unadjusted"
13,"4000",3.26533262085004,"Unadjusted"
14,"4000",3.17100095450282,"Unadjusted"
15,"4000",2.98728213441572,"Unadjusted"
16,"4000",3.1584550807322,"Unadjusted"
17,"4000",3.47077885423443,"Unadjusted"
18,"4000",3.22537574801771,"Unadjusted"
19,"4000",3.11522236961269,"Unadjusted"
20,"4000",3.38371915551187,"Unadjusted"
21,"4000",3.43204846601291,"Unadjusted"
22,"4000",3.11794265426807,"Unadjusted"
23,"4000",3.52482387447794,"Unadjusted"
24,"4000",3.59897440468544,"Unadjusted"
25,"4000",3.32251196232302,"Unadjusted"
26,"4000",3.26832779787675,"Unadjusted"
27,"4000",3.55722524240387,"Unadjusted"
28,"4000",3.52040932413106,"Unadjusted"
29,"4000",2.83280233234392,"Unadjusted"
30,"4000",3.24989154102751,"Unadjusted"
31,"4000",3.15340002885061,"Unadjusted"
32,"4000",2.91843933771483,"Unadjusted"
33,"4000",3.02698760814354,"Unadjusted"
34,"4000",3.1291510790352,"Unadjusted"
35,"4000",3.09714466055871,"Unadjusted"
36,"4000",3.24946467427432,"Unadjusted"
37,"4000",3.42213911329442,"Unadjusted"
38,"4000",2.87660702220651,"Unadjusted"
39,"4000",3.45852536206445,"Unadjusted"
40,"4000",3.10385281126578,"Unadjusted"
41,"4000",2.92953278511451,"Unadjusted"
42,"4000",3.2639995363122,"Unadjusted"
43,"4000",3.35966438791702,"Unadjusted"
44,"4000",3.2682147599353,"Unadjusted"
45,"4000",3.26848142723677,"Unadjusted"
46,"4000",3.37809829750954,"Unadjusted"
47,"4000",3.41437228791826,"Unadjusted"
48,"4000",2.74220049493516,"Unadjusted"
49,"4000",3.37414356520587,"Unadjusted"
50,"4000",3.24455253834338,"Unadjusted"
51,"4000",3.30876418740206,"Unadjusted"
52,"4000",3.32837850087927,"Unadjusted"
53,"4000",2.93511907377418,"Unadjusted"
54,"4000",3.14518284178656,"Unadjusted"
55,"4000",3.35120883155349,"Unadjusted"
56,"4000",3.12126945766758,"Unadjusted"
57,"4000",3.12328184522393,"Unadjusted"
58,"4000",3.26954341403779,"Unadjusted"
59,"4000",3.36030244912255,"Unadjusted"
60,"4000",3.42429618846933,"Unadjusted"
61,"4000",3.36471185283737,"Unadjusted"
62,"4000",3.26226642681514,"Unadjusted"
63,"4000",3.05369497579158,"Unadjusted"
64,"4000",3.24198966283686,"Unadjusted"
65,"4000",3.21601226714589,"Unadjusted"
66,"4000",3.31672245135423,"Unadjusted"
67,"4000",3.2492047811384,"Unadjusted"
68,"4000",3.24312038560223,"Unadjusted"
69,"4000",2.91485952031804,"Unadjusted"
70,"4000",3.00128676904852,"Unadjusted"
71,"4000",3.42122032367071,"Unadjusted"
72,"4000",3.0635199535098,"Unadjusted"
73,"4000",3.31093624734529,"Unadjusted"
74,"4000",3.22827707440488,"Unadjusted"
75,"4000",2.8983068387312,"Unadjusted"
76,"4000",3.61786547539664,"Unadjusted"
77,"4000",3.12093468204914,"Unadjusted"
78,"4000",3.25247773751405,"Unadjusted"
79,"4000",3.0320266290643,"Unadjusted"
80,"4000",3.02255611691384,"Unadjusted"
81,"4000",3.48470090316815,"Unadjusted"
82,"4000",3.27015169982413,"Unadjusted"
83,"4000",3.15389812806814,"Unadjusted"
84,"4000",3.41218665430129,"Unadjusted"
85,"4000",2.97787754016597,"Unadjusted"
86,"4000",3.28845499668316,"Unadjusted"
87,"4000",3.06028853303041,"Unadjusted"
88,"4000",3.5898715140657,"Unadjusted"
89,"4000",3.38084923660462,"Unadjusted"
90,"4000",3.02559056429285,"Unadjusted"
91,"4000",3.02516018442693,"Unadjusted"
92,"4000",3.04440833161111,"Unadjusted"
93,"4000",3.50696805039361,"Unadjusted"
94,"4000",3.34943958413505,"Unadjusted"
95,"4000",3.01082930801677,"Unadjusted"
96,"4000",3.31286947569201,"Unadjusted"
97,"4000",3.03954228203009,"Unadjusted"
98,"4000",2.96161939375706,"Unadjusted"
99,"4000",3.25060865066836,"Unadjusted"
100,"4000",3.40805732117346,"Unadjusted"
101,"4000",2.93060514963424,"Unadjusted"
102,"4000",3.23051051204517,"Unadjusted"
103,"4000",3.44451867497163,"Unadjusted"
104,"4000",3.10834631331219,"Unadjusted"
105,"4000",3.45475979861481,"Unadjusted"
106,"4000",2.87421369802495,"Unadjusted"
107,"4000",2.9314264580129,"Unadjusted"
108,"4000",3.16572605636642,"Unadjusted"
109,"4000",2.98753725574537,"Unadjusted"
110,"4000",3.53360232895129,"Unadjusted"
111,"4000",2.7885639761195,"Unadjusted"
112,"4000",3.33616980624939,"Unadjusted"
113,"4000",2.91751244983681,"Unadjusted"
114,"4000",3.16859615941129,"Unadjusted"
115,"4000",3.00599672499836,"Unadjusted"
116,"4000",3.21624235127541,"Unadjusted"
117,"4000",3.29955565909724,"Unadjusted"
118,"4000",3.54114838156619,"Unadjusted"
119,"4000",3.63263593523714,"Unadjusted"
120,"4000",2.93948897673161,"Unadjusted"
121,"4000",3.24467038193288,"Unadjusted"
122,"4000",3.40474553200844,"Unadjusted"
123,"4000",3.40201520788183,"Unadjusted"
124,"4000",3.12445367667249,"Unadjusted"
125,"4000",3.47715853974209,"Unadjusted"
126,"4000",3.04397205323965,"Unadjusted"
127,"4000",3.55834480284587,"Unadjusted"
128,"4000",3.78172292156249,"Unadjusted"
129,"4000",3.06818416414911,"Unadjusted"
130,"4000",3.00970954621789,"Unadjusted"
131,"4000",3.29838131265502,"Unadjusted"
132,"4000",3.2762668119866,"Unadjusted"
133,"4000",3.92626967660855,"Unadjusted"
134,"4000",3.13836786250519,"Unadjusted"
135,"4000",3.55031195763902,"Unadjusted"
136,"4000",2.87413390795947,"Unadjusted"
137,"4000",3.36570699499879,"Unadjusted"
138,"4000",3.21608966751902,"Unadjusted"
139,"4000",3.13351677651689,"Unadjusted"
140,"4000",3.49489165923351,"Unadjusted"
141,"4000",3.01085857231719,"Unadjusted"
142,"4000",2.770430978756,"Unadjusted"
143,"4000",3.20252755805484,"Unadjusted"
144,"4000",3.92442798807969,"Unadjusted"
145,"4000",3.3791272170929,"Unadjusted"
146,"4000",3.05340194975069,"Unadjusted"
147,"4000",3.29934513260844,"Unadjusted"
148,"4000",3.11296799961384,"Unadjusted"
149,"4000",3.37857926266813,"Unadjusted"
150,"4000",3.34504803053842,"Unadjusted"
151,"4000",3.26036247709522,"Unadjusted"
152,"4000",2.94818127756756,"Unadjusted"
153,"4000",3.02577604928596,"Unadjusted"
154,"4000",3.16119254208216,"Unadjusted"
155,"4000",3.11961740782909,"Unadjusted"
156,"4000",3.22712233440315,"Unadjusted"
157,"4000",3.18863492477597,"Unadjusted"
158,"4000",3.20925632539835,"Unadjusted"
159,"4000",3.36277218114538,"Unadjusted"
160,"4000",3.12502462565324,"Unadjusted"
161,"4000",3.33010087604659,"Unadjusted"
162,"4000",2.95791279511618,"Unadjusted"
163,"4000",3.56886022620652,"Unadjusted"
164,"4000",2.85731918951289,"Unadjusted"
165,"4000",3.60661722825875,"Unadjusted"
166,"4000",3.09793647665513,"Unadjusted"
167,"4000",3.24730478042263,"Unadjusted"
168,"4000",3.12253263158585,"Unadjusted"
169,"4000",3.20626952361006,"Unadjusted"
170,"4000",3.03531524615462,"Unadjusted"
171,"4000",3.20311191721476,"Unadjusted"
172,"4000",3.53759012240866,"Unadjusted"
173,"4000",3.08946355421346,"Unadjusted"
174,"4000",3.07868435899984,"Unadjusted"
175,"4000",3.19920335555553,"Unadjusted"
176,"4000",3.09528343030187,"Unadjusted"
177,"4000",3.38253316603702,"Unadjusted"
178,"4000",3.57759201137461,"Unadjusted"
179,"4000",3.2991744175829,"Unadjusted"
180,"4000",3.25583984627193,"Unadjusted"
181,"4000",3.61175300948653,"Unadjusted"
182,"4000",3.31233388766027,"Unadjusted"
183,"4000",2.89858168896718,"Unadjusted"
184,"4000",3.14455299012306,"Unadjusted"
185,"4000",3.20618354455312,"Unadjusted"
186,"4000",3.39692316927631,"Unadjusted"
187,"4000",3.80087328182902,"Unadjusted"
188,"4000",3.59958472545377,"Unadjusted"
189,"4000",3.52411426803195,"Unadjusted"
190,"4000",3.03265279566803,"Unadjusted"
191,"4000",4.07094967616995,"Unadjusted"
192,"4000",3.36058251351928,"Unadjusted"
193,"4000",3.40705543946819,"Unadjusted"
194,"4000",3.3537616059254,"Unadjusted"
195,"4000",3.11477022176017,"Unadjusted"
196,"4000",3.06471780904487,"Unadjusted"
197,"4000",2.94195209236034,"Unadjusted"
198,"4000",3.12763004863754,"Unadjusted"
199,"4000",3.35139689766869,"Unadjusted"
200,"4000",3.07363261965138,"Unadjusted"
201,"4000",3.31003982459647,"Unadjusted"
202,"4000",2.93633487882646,"Unadjusted"
203,"4000",3.11372683923561,"Unadjusted"
204,"4000",2.98871049845564,"Unadjusted"
205,"4000",3.07890990862906,"Unadjusted"
206,"4000",3.40161403184174,"Unadjusted"
207,"4000",3.21120663139336,"Unadjusted"
208,"4000",3.55150951813183,"Unadjusted"
209,"4000",3.23298105797393,"Unadjusted"
210,"4000",3.38492259908821,"Unadjusted"
211,"4000",3.05735462078121,"Unadjusted"
212,"4000",3.56118836072953,"Unadjusted"
213,"4000",2.90470498903224,"Unadjusted"
214,"4000",2.99518922169704,"Unadjusted"
215,"4000",3.00361526710505,"Unadjusted"
216,"4000",3.30319445423396,"Unadjusted"
217,"4000",3.40823680829987,"Unadjusted"
218,"4000",3.40164485129272,"Unadjusted"
219,"4000",3.20474494438897,"Unadjusted"
220,"4000",3.0865602508431,"Unadjusted"
221,"4000",3.73450918084434,"Unadjusted"
222,"4000",3.11499700876357,"Unadjusted"
223,"4000",3.08155916389926,"Unadjusted"
224,"4000",3.21044311118409,"Unadjusted"
225,"4000",3.41513725148421,"Unadjusted"
226,"4000",3.64799596607673,"Unadjusted"
227,"4000",2.98279453372282,"Unadjusted"
228,"4000",3.31511819954805,"Unadjusted"
229,"4000",3.27217197451222,"Unadjusted"
230,"4000",3.37017192676442,"Unadjusted"
231,"4000",3.2773954469743,"Unadjusted"
232,"4000",3.37962264089626,"Unadjusted"
233,"4000",3.29618652894059,"Unadjusted"
234,"4000",3.42406910234429,"Unadjusted"
235,"4000",2.94649959071895,"Unadjusted"
236,"4000",3.29032944773819,"Unadjusted"
237,"4000",3.81764188715599,"Unadjusted"
238,"4000",3.2434442058662,"Unadjusted"
239,"4000",3.78368819044692,"Unadjusted"
240,"4000",3.09842790931445,"Unadjusted"
241,"4000",3.07583794618351,"Unadjusted"
242,"4000",2.99205633573023,"Unadjusted"
243,"4000",3.06864088190247,"Unadjusted"
244,"4000",3.0429406584209,"Unadjusted"
245,"4000",2.87623410613767,"Unadjusted"
246,"4000",2.9769902926078,"Unadjusted"
247,"4000",2.98185204564225,"Unadjusted"
248,"4000",3.09213964950409,"Unadjusted"
249,"4000",3.552760873872,"Unadjusted"
250,"4000",2.88938106808798,"Unadjusted"
251,"4000",3.53426173462291,"Unadjusted"
252,"4000",3.28398349184591,"Unadjusted"
253,"4000",3.28491474687952,"Unadjusted"
254,"4000",3.29763344686175,"Unadjusted"
255,"4000",3.11528622600173,"Unadjusted"
256,"4000",2.92835862867732,"Unadjusted"
257,"4000",3.48629680330733,"Unadjusted"
258,"4000",3.32480905903862,"Unadjusted"
259,"4000",3.00814768106561,"Unadjusted"
260,"4000",3.17719340516166,"Unadjusted"
261,"4000",3.32525823210517,"Unadjusted"
262,"4000",3.01417741036793,"Unadjusted"
263,"4000",3.41089962106433,"Unadjusted"
264,"4000",3.36728892887877,"Unadjusted"
265,"4000",3.06290089406721,"Unadjusted"
266,"4000",3.30386146263289,"Unadjusted"
267,"4000",3.27972257666611,"Unadjusted"
268,"4000",3.30373671777541,"Unadjusted"
269,"4000",3.40273244192447,"Unadjusted"
270,"4000",2.80446759208899,"Unadjusted"
271,"4000",3.26878386872615,"Unadjusted"
272,"4000",3.29331466884188,"Unadjusted"
273,"4000",2.99225305033101,"Unadjusted"
274,"4000",3.38358822709442,"Unadjusted"
275,"4000",3.01322790321754,"Unadjusted"
276,"4000",3.59352344413738,"Unadjusted"
277,"4000",3.09465671366454,"Unadjusted"
278,"4000",2.97854580891021,"Unadjusted"
279,"4000",3.28664932616402,"Unadjusted"
280,"4000",3.00060019884174,"Unadjusted"
281,"4000",3.39822628314662,"Unadjusted"
282,"4000",3.71774558055233,"Unadjusted"
283,"4000",3.62292196973395,"Unadjusted"
284,"4000",3.12252318371071,"Unadjusted"
285,"4000",3.27512618900694,"Unadjusted"
286,"4000",3.00776310213604,"Unadjusted"
287,"4000",3.4478648775909,"Unadjusted"
288,"4000",3.17653699785222,"Unadjusted"
289,"4000",2.80134202998886,"Unadjusted"
290,"4000",3.23266326064485,"Unadjusted"
291,"4000",3.26135554579324,"Unadjusted"
292,"4000",3.64713551842556,"Unadjusted"
293,"4000",2.99561429326631,"Unadjusted"
294,"4000",3.09419824645992,"Unadjusted"
295,"4000",3.13591529806959,"Unadjusted"
296,"4000",3.36055446887864,"Unadjusted"
297,"4000",3.48179974525034,"Unadjusted"
298,"4000",3.30900698216379,"Unadjusted"
299,"4000",3.04090473624314,"Unadjusted"
300,"4000",3.10711249811559,"Unadjusted"
301,"4000",3.3413890510957,"Unadjusted"
302,"4000",3.12559369904352,"Unadjusted"
303,"4000",3.04695456588286,"Unadjusted"
304,"4000",3.48467283334019,"Unadjusted"
305,"4000",3.1291339599525,"Unadjusted"
306,"4000",3.14335877522958,"Unadjusted"
307,"4000",3.1911395666477,"Unadjusted"
308,"4000",3.74325197061091,"Unadjusted"
309,"4000",3.00270057450675,"Unadjusted"
310,"4000",3.25508956103253,"Unadjusted"
311,"4000",3.61588961151083,"Unadjusted"
312,"4000",3.86730372218829,"Unadjusted"
313,"4000",2.85169958844515,"Unadjusted"
314,"4000",3.22779093971229,"Unadjusted"
315,"4000",3.30644162863638,"Unadjusted"
316,"4000",3.1022763887889,"Unadjusted"
317,"4000",3.13612208773979,"Unadjusted"
318,"4000",3.19470074505693,"Unadjusted"
319,"4000",3.45410849823648,"Unadjusted"
320,"4000",3.54867419964483,"Unadjusted"
321,"4000",3.16536280073644,"Unadjusted"
322,"4000",3.55040706289148,"Unadjusted"
323,"4000",3.43523017913921,"Unadjusted"
324,"4000",3.30945366382812,"Unadjusted"
325,"4000",3.16936533942079,"Unadjusted"
326,"4000",3.47452190714532,"Unadjusted"
327,"4000",3.13777682077854,"Unadjusted"
328,"4000",2.92051884476794,"Unadjusted"
329,"4000",3.40422359094329,"Unadjusted"
330,"4000",3.05761983648552,"Unadjusted"
331,"4000",2.9440160679004,"Unadjusted"
332,"4000",3.18694507861186,"Unadjusted"
333,"4000",2.85449615344158,"Unadjusted"
334,"4000",3.52585392136095,"Unadjusted"
335,"4000",2.98110196649725,"Unadjusted"
336,"4000",2.92565473527916,"Unadjusted"
337,"4000",2.98321711901786,"Unadjusted"
338,"4000",3.83003637480973,"Unadjusted"
339,"4000",3.33352010943719,"Unadjusted"
340,"4000",2.9984859830847,"Unadjusted"
341,"4000",3.35473850845475,"Unadjusted"
342,"4000",3.3066685581028,"Unadjusted"
343,"4000",3.34658973949833,"Unadjusted"
344,"4000",3.09546669096478,"Unadjusted"
345,"4000",3.51424526112429,"Unadjusted"
346,"4000",3.28684875345137,"Unadjusted"
347,"4000",3.28887388846828,"Unadjusted"
348,"4000",3.00999251049147,"Unadjusted"
349,"4000",3.41621971154116,"Unadjusted"
350,"4000",3.36696915725064,"Unadjusted"
351,"4000",3.46418361633724,"Unadjusted"
352,"4000",3.44559221165763,"Unadjusted"
353,"4000",3.34272452540104,"Unadjusted"
354,"4000",3.26854890069339,"Unadjusted"
355,"4000",3.0896586100205,"Unadjusted"
356,"4000",3.24897376002409,"Unadjusted"
357,"4000",3.11434967282191,"Unadjusted"
358,"4000",3.18571029267643,"Unadjusted"
359,"4000",2.93761209971997,"Unadjusted"
360,"4000",3.17647446715363,"Unadjusted"
361,"4000",2.96035760938266,"Unadjusted"
362,"4000",3.00424816554531,"Unadjusted"
363,"4000",3.27038091112565,"Unadjusted"
364,"4000",3.18042720397474,"Unadjusted"
365,"4000",2.98019184940622,"Unadjusted"
366,"4000",3.19424014581981,"Unadjusted"
367,"4000",3.13297955371468,"Unadjusted"
368,"4000",3.33288760953713,"Unadjusted"
369,"4000",3.25317579469457,"Unadjusted"
370,"4000",3.14573114966605,"Unadjusted"
371,"4000",2.825325804961,"Unadjusted"
372,"4000",3.18461637668461,"Unadjusted"
373,"4000",3.10201306209092,"Unadjusted"
374,"4000",3.29312954616535,"Unadjusted"
375,"4000",3.12911894156179,"Unadjusted"
376,"4000",3.45221065661056,"Unadjusted"
377,"4000",3.09723293532232,"Unadjusted"
378,"4000",3.30126273930306,"Unadjusted"
379,"4000",3.4109441880036,"Unadjusted"
380,"4000",3.41049041826821,"Unadjusted"
381,"4000",3.07281102824988,"Unadjusted"
382,"4000",3.19884267862245,"Unadjusted"
383,"4000",3.31447224146398,"Unadjusted"
384,"4000",3.11413152157745,"Unadjusted"
385,"4000",3.15071929400931,"Unadjusted"
386,"4000",2.88069573895031,"Unadjusted"
387,"4000",2.9717003440226,"Unadjusted"
388,"4000",2.93254249542839,"Unadjusted"
389,"4000",3.1505066249202,"Unadjusted"
390,"4000",3.25353707139604,"Unadjusted"
391,"4000",3.09685940798866,"Unadjusted"
392,"4000",3.22987824659788,"Unadjusted"
393,"4000",3.33179629851182,"Unadjusted"
394,"4000",3.08735914258506,"Unadjusted"
395,"4000",3.76012884671645,"Unadjusted"
396,"4000",2.87729431018031,"Unadjusted"
397,"4000",3.20231412308368,"Unadjusted"
398,"4000",2.89406773943257,"Unadjusted"
399,"4000",3.71549123014578,"Unadjusted"
400,"4000",3.35311414120602,"Unadjusted"
401,"4000",3.8057810853957,"Unadjusted"
402,"4000",2.98159454363174,"Unadjusted"
403,"4000",2.99743878421955,"Unadjusted"
404,"4000",3.59178003281991,"Unadjusted"
405,"4000",2.99282135966013,"Unadjusted"
406,"4000",3.43554989795082,"Unadjusted"
407,"4000",2.85803593813958,"Unadjusted"
408,"4000",2.9518960728513,"Unadjusted"
409,"4000",3.05397701115599,"Unadjusted"
410,"4000",3.07606901778882,"Unadjusted"
411,"4000",3.15498340277463,"Unadjusted"
412,"4000",3.28801289250155,"Unadjusted"
413,"4000",3.23367185897209,"Unadjusted"
414,"4000",3.1400669539008,"Unadjusted"
415,"4000",3.60320615836314,"Unadjusted"
416,"4000",3.03256448934455,"Unadjusted"
417,"4000",3.6152428710632,"Unadjusted"
418,"4000",3.30251218983699,"Unadjusted"
419,"4000",3.63579276500488,"Unadjusted"
420,"4000",3.24484370290552,"Unadjusted"
421,"4000",3.3501084281299,"Unadjusted"
422,"4000",2.99956860072044,"Unadjusted"
423,"4000",3.08457969520762,"Unadjusted"
424,"4000",3.20611513605772,"Unadjusted"
425,"4000",3.42477517655474,"Unadjusted"
426,"4000",3.29212522472319,"Unadjusted"
427,"4000",3.32172556763943,"Unadjusted"
428,"4000",2.83042307340822,"Unadjusted"
429,"4000",3.42037053221023,"Unadjusted"
430,"4000",3.0343292901366,"Unadjusted"
431,"4000",3.50676834989806,"Unadjusted"
432,"4000",2.93285144237171,"Unadjusted"
433,"4000",3.18978680840917,"Unadjusted"
434,"4000",3.19410342490632,"Unadjusted"
435,"4000",3.00728846564811,"Unadjusted"
436,"4000",3.28972931230599,"Unadjusted"
437,"4000",2.928824304656,"Unadjusted"
438,"4000",3.17062276135118,"Unadjusted"
439,"4000",3.95386132179666,"Unadjusted"
440,"4000",3.65391028237844,"Unadjusted"
441,"4000",3.12054410865711,"Unadjusted"
442,"4000",2.97714638312284,"Unadjusted"
443,"4000",3.13322454580644,"Unadjusted"
444,"4000",3.60884286530597,"Unadjusted"
445,"4000",3.23872593436842,"Unadjusted"
446,"4000",3.02867775749578,"Unadjusted"
447,"4000",3.19974161228104,"Unadjusted"
448,"4000",3.28706756072185,"Unadjusted"
449,"4000",2.93588713235816,"Unadjusted"
450,"4000",3.36403461165968,"Unadjusted"
451,"4000",3.48094316948488,"Unadjusted"
452,"4000",3.15970016547491,"Unadjusted"
453,"4000",3.27911774293443,"Unadjusted"
454,"4000",3.1664308504923,"Unadjusted"
455,"4000",3.06952633883132,"Unadjusted"
456,"4000",2.98395679791938,"Unadjusted"
457,"4000",3.47252894696905,"Unadjusted"
458,"4000",3.53750583224005,"Unadjusted"
459,"4000",3.00128358260038,"Unadjusted"
460,"4000",3.21542186868176,"Unadjusted"
461,"4000",3.17455246458179,"Unadjusted"
462,"4000",3.37911749498761,"Unadjusted"
463,"4000",3.32758893668872,"Unadjusted"
464,"4000",2.90224881461724,"Unadjusted"
465,"4000",3.14962733222696,"Unadjusted"
466,"4000",3.28669404934975,"Unadjusted"
467,"4000",2.93244051575375,"Unadjusted"
468,"4000",3.13784068838682,"Unadjusted"
469,"4000",3.13718548833577,"Unadjusted"
470,"4000",3.09236233024963,"Unadjusted"
471,"4000",3.77823140253416,"Unadjusted"
472,"4000",3.13755823192789,"Unadjusted"
473,"4000",3.6020505195312,"Unadjusted"
474,"4000",3.32823532982979,"Unadjusted"
475,"4000",2.94900576718682,"Unadjusted"
476,"4000",3.29814848105801,"Unadjusted"
477,"4000",3.05560238525026,"Unadjusted"
478,"4000",3.16580443536871,"Unadjusted"
479,"4000",2.98620965491449,"Unadjusted"
480,"4000",3.23232507598406,"Unadjusted"
481,"4000",3.36254691563345,"Unadjusted"
482,"4000",3.33871890709389,"Unadjusted"
483,"4000",3.69132938420685,"Unadjusted"
484,"4000",3.28762275565063,"Unadjusted"
485,"4000",3.28409547056769,"Unadjusted"
486,"4000",3.16056994892566,"Unadjusted"
487,"4000",3.32792320642601,"Unadjusted"
488,"4000",3.27545117701104,"Unadjusted"
489,"4000",3.10066275603243,"Unadjusted"
490,"4000",3.02407735645122,"Unadjusted"
491,"4000",3.29519432161671,"Unadjusted"
492,"4000",2.9168540201352,"Unadjusted"
493,"4000",3.11296448669454,"Unadjusted"
494,"4000",3.40776306267826,"Unadjusted"
495,"4000",3.53979397190911,"Unadjusted"
496,"4000",3.14136621611546,"Unadjusted"
497,"4000",3.0674215080856,"Unadjusted"
498,"4000",3.17186864148295,"Unadjusted"
499,"4000",3.38295188914874,"Unadjusted"
500,"4000",3.64380666182129,"Unadjusted"
501,"4000",3.40238254209375,"Unadjusted"
502,"4000",3.4043046104551,"Unadjusted"
503,"4000",3.13935458506803,"Unadjusted"
504,"4000",3.04990460276356,"Unadjusted"
505,"4000",3.24256358768102,"Unadjusted"
506,"4000",3.36899280744353,"Unadjusted"
507,"4000",3.37938053768705,"Unadjusted"
508,"4000",3.30844187141333,"Unadjusted"
509,"4000",3.35958610664986,"Unadjusted"
510,"4000",3.01891054229328,"Unadjusted"
511,"4000",3.63943175055912,"Unadjusted"
512,"4000",3.33412155895125,"Unadjusted"
513,"4000",3.41466011357883,"Unadjusted"
514,"4000",3.42610525259796,"Unadjusted"
515,"4000",3.12940352198982,"Unadjusted"
516,"4000",3.04655735989938,"Unadjusted"
517,"4000",3.03646777245535,"Unadjusted"
518,"4000",3.61277057047694,"Unadjusted"
519,"4000",3.56058276694312,"Unadjusted"
520,"4000",3.37939949193555,"Unadjusted"
521,"4000",3.20250473845404,"Unadjusted"
522,"4000",3.23475412873471,"Unadjusted"
523,"4000",2.9908688124677,"Unadjusted"
524,"4000",3.20833674853096,"Unadjusted"
525,"4000",3.62066224716825,"Unadjusted"
526,"4000",3.47973556930237,"Unadjusted"
527,"4000",3.38879757351929,"Unadjusted"
528,"4000",3.22886817387072,"Unadjusted"
529,"4000",3.05702310077815,"Unadjusted"
530,"4000",3.28624771571683,"Unadjusted"
531,"4000",3.22636318150291,"Unadjusted"
532,"4000",3.22153802249472,"Unadjusted"
533,"4000",3.37154355226629,"Unadjusted"
534,"4000",3.55343738808846,"Unadjusted"
535,"4000",3.07509582004341,"Unadjusted"
536,"4000",3.21958448611009,"Unadjusted"
537,"4000",2.97312849109286,"Unadjusted"
538,"4000",2.99060016045656,"Unadjusted"
539,"4000",3.27726860539391,"Unadjusted"
540,"4000",3.17304218610385,"Unadjusted"
541,"4000",3.32366952420086,"Unadjusted"
542,"4000",3.31021281984315,"Unadjusted"
543,"4000",3.61933909530394,"Unadjusted"
544,"4000",3.12369091052924,"Unadjusted"
545,"4000",3.03121155362937,"Unadjusted"
546,"4000",3.52617460687555,"Unadjusted"
547,"4000",3.25386943377962,"Unadjusted"
548,"4000",3.20472720489603,"Unadjusted"
549,"4000",2.81136923506082,"Unadjusted"
550,"4000",3.03374388156184,"Unadjusted"
551,"4000",3.3339012383186,"Unadjusted"
552,"4000",3.2942590257209,"Unadjusted"
553,"4000",3.41178838653564,"Unadjusted"
554,"4000",3.21597513746392,"Unadjusted"
555,"4000",3.18686399135354,"Unadjusted"
556,"4000",3.02369916686139,"Unadjusted"
557,"4000",3.15480186576482,"Unadjusted"
558,"4000",3.5367014376384,"Unadjusted"
559,"4000",3.44168820093656,"Unadjusted"
560,"4000",3.05723243843733,"Unadjusted"
561,"4000",3.52392034093426,"Unadjusted"
562,"4000",3.19416025204859,"Unadjusted"
563,"4000",3.09084969202197,"Unadjusted"
564,"4000",3.41688769948827,"Unadjusted"
565,"4000",3.1493315719016,"Unadjusted"
566,"4000",3.61872974351931,"Unadjusted"
567,"4000",3.34363810648337,"Unadjusted"
568,"4000",3.2130698767208,"Unadjusted"
569,"4000",3.39287906205409,"Unadjusted"
570,"4000",2.86844045676812,"Unadjusted"
571,"4000",3.34555345881446,"Unadjusted"
572,"4000",3.58166952378718,"Unadjusted"
573,"4000",3.42338347979074,"Unadjusted"
574,"4000",3.68727060296782,"Unadjusted"
575,"4000",2.99562623115796,"Unadjusted"
576,"4000",3.39945143782159,"Unadjusted"
577,"4000",3.08112583124433,"Unadjusted"
578,"4000",3.17049532647448,"Unadjusted"
579,"4000",3.39759956211976,"Unadjusted"
580,"4000",3.18885193682149,"Unadjusted"
581,"4000",3.18536068964608,"Unadjusted"
582,"4000",3.73344508690609,"Unadjusted"
583,"4000",3.4943698855485,"Unadjusted"
584,"4000",3.04527644107772,"Unadjusted"
585,"4000",3.29766287370372,"Unadjusted"
586,"4000",3.2552237677795,"Unadjusted"
587,"4000",3.36464597367849,"Unadjusted"
588,"4000",3.1191429148725,"Unadjusted"
589,"4000",3.41375221647271,"Unadjusted"
590,"4000",3.45903987309492,"Unadjusted"
591,"4000",3.22043748728829,"Unadjusted"
592,"4000",3.32891291144788,"Unadjusted"
593,"4000",3.31661858619609,"Unadjusted"
594,"4000",3.19163321458675,"Unadjusted"
595,"4000",3.56670750944976,"Unadjusted"
596,"4000",2.99349331182652,"Unadjusted"
597,"4000",3.65650124656691,"Unadjusted"
598,"4000",3.25605655696745,"Unadjusted"
599,"4000",3.4902395767742,"Unadjusted"
600,"4000",3.27684777594626,"Unadjusted"
601,"4000",3.34783802563596,"Unadjusted"
602,"4000",3.16751561829913,"Unadjusted"
603,"4000",3.21761074690606,"Unadjusted"
604,"4000",3.32739499203046,"Unadjusted"
605,"4000",3.2014694579734,"Unadjusted"
606,"4000",3.33002182949873,"Unadjusted"
607,"4000",3.29941777461942,"Unadjusted"
608,"4000",3.34613097383276,"Unadjusted"
609,"4000",2.91275873511613,"Unadjusted"
610,"4000",3.15989557167222,"Unadjusted"
611,"4000",3.4940895332086,"Unadjusted"
612,"4000",3.20577036855009,"Unadjusted"
613,"4000",3.27210202177993,"Unadjusted"
614,"4000",3.48906961471815,"Unadjusted"
615,"4000",2.98657826760828,"Unadjusted"
616,"4000",2.86290469820636,"Unadjusted"
617,"4000",3.06202111343236,"Unadjusted"
618,"4000",3.11432352914679,"Unadjusted"
619,"4000",3.17533823112883,"Unadjusted"
620,"4000",3.07638833761188,"Unadjusted"
621,"4000",3.72201105998393,"Unadjusted"
622,"4000",3.20714268018797,"Unadjusted"
623,"4000",3.23898135144876,"Unadjusted"
624,"4000",2.95682913574862,"Unadjusted"
625,"4000",3.01157164971285,"Unadjusted"
626,"4000",2.87395453277686,"Unadjusted"
627,"4000",2.9256835744212,"Unadjusted"
628,"4000",3.55309535181154,"Unadjusted"
629,"4000",3.13494720521813,"Unadjusted"
630,"4000",3.37012895670812,"Unadjusted"
631,"4000",3.10707086968824,"Unadjusted"
632,"4000",3.03492441676404,"Unadjusted"
633,"4000",3.30121248048991,"Unadjusted"
634,"4000",3.31869067169509,"Unadjusted"
635,"4000",3.02267347838785,"Unadjusted"
636,"4000",2.99317254847114,"Unadjusted"
637,"4000",3.45496513389871,"Unadjusted"
638,"4000",3.5185559271939,"Unadjusted"
639,"4000",2.74371959713392,"Unadjusted"
640,"4000",2.81379886228795,"Unadjusted"
641,"4000",3.13020606482186,"Unadjusted"
642,"4000",3.18139119459318,"Unadjusted"
643,"4000",2.87738788048264,"Unadjusted"
644,"4000",3.05064333968832,"Unadjusted"
645,"4000",3.42419164347021,"Unadjusted"
646,"4000",3.29959119779877,"Unadjusted"
647,"4000",3.26946642685482,"Unadjusted"
648,"4000",3.0020911434223,"Unadjusted"
649,"4000",2.94406936880198,"Unadjusted"
650,"4000",3.28691261180037,"Unadjusted"
651,"4000",3.24910518444583,"Unadjusted"
652,"4000",3.96583453291982,"Unadjusted"
653,"4000",3.4143131615451,"Unadjusted"
654,"4000",3.10908668901094,"Unadjusted"
655,"4000",3.53779337956644,"Unadjusted"
656,"4000",3.2978414965317,"Unadjusted"
657,"4000",3.15917658035122,"Unadjusted"
658,"4000",3.02259817541697,"Unadjusted"
659,"4000",3.39607877538652,"Unadjusted"
660,"4000",3.57693257483752,"Unadjusted"
661,"4000",2.87872326599516,"Unadjusted"
662,"4000",3.10020073764819,"Unadjusted"
663,"4000",3.321507001816,"Unadjusted"
664,"4000",3.20862799567671,"Unadjusted"
665,"4000",3.44239396370738,"Unadjusted"
666,"4000",3.18232589792037,"Unadjusted"
667,"4000",2.94384845928359,"Unadjusted"
668,"4000",3.30050570858292,"Unadjusted"
669,"4000",3.34743536053213,"Unadjusted"
670,"4000",2.94040114340034,"Unadjusted"
671,"4000",3.26182766497532,"Unadjusted"
672,"4000",3.4696814713634,"Unadjusted"
673,"4000",3.35148769614889,"Unadjusted"
674,"4000",3.2609858021117,"Unadjusted"
675,"4000",3.157469658347,"Unadjusted"
676,"4000",3.234347048305,"Unadjusted"
677,"4000",2.91773476308855,"Unadjusted"
678,"4000",3.42387739179325,"Unadjusted"
679,"4000",3.07960300190326,"Unadjusted"
680,"4000",3.04721401352759,"Unadjusted"
681,"4000",3.11276630577003,"Unadjusted"
682,"4000",3.13575175619504,"Unadjusted"
683,"4000",3.02688836177916,"Unadjusted"
684,"4000",3.34679501209473,"Unadjusted"
685,"4000",2.98303717576357,"Unadjusted"
686,"4000",2.9446974220699,"Unadjusted"
687,"4000",3.1430217638801,"Unadjusted"
688,"4000",3.08304422824538,"Unadjusted"
689,"4000",3.22309632490934,"Unadjusted"
690,"4000",3.14696678150798,"Unadjusted"
691,"4000",3.1978768619168,"Unadjusted"
692,"4000",2.97426953530837,"Unadjusted"
693,"4000",3.21119257678749,"Unadjusted"
694,"4000",3.81792261921616,"Unadjusted"
695,"4000",3.40485249833125,"Unadjusted"
696,"4000",2.76030568115334,"Unadjusted"
697,"4000",3.25125712712763,"Unadjusted"
698,"4000",3.03424024098872,"Unadjusted"
699,"4000",2.9462881629268,"Unadjusted"
700,"4000",3.62674323099663,"Unadjusted"
701,"4000",3.3094894047885,"Unadjusted"
702,"4000",3.39686042963125,"Unadjusted"
703,"4000",3.06713383489993,"Unadjusted"
704,"4000",3.24621348442024,"Unadjusted"
705,"4000",3.3601069644314,"Unadjusted"
706,"4000",3.19282076005963,"Unadjusted"
707,"4000",3.33108750918117,"Unadjusted"
708,"4000",3.0132469278704,"Unadjusted"
709,"4000",3.24977599355422,"Unadjusted"
710,"4000",3.04272318409814,"Unadjusted"
711,"4000",3.24719776232527,"Unadjusted"
712,"4000",3.06164487856838,"Unadjusted"
713,"4000",2.82088841498755,"Unadjusted"
714,"4000",3.32412863102329,"Unadjusted"
715,"4000",3.51165684668566,"Unadjusted"
716,"4000",3.14124601821086,"Unadjusted"
717,"4000",3.16560843381365,"Unadjusted"
718,"4000",3.13221694084047,"Unadjusted"
719,"4000",3.16727459445608,"Unadjusted"
720,"4000",3.50906890739971,"Unadjusted"
721,"4000",3.74392826032607,"Unadjusted"
722,"4000",3.34732086010566,"Unadjusted"
723,"4000",2.89019098729441,"Unadjusted"
724,"4000",3.16390518523829,"Unadjusted"
725,"4000",3.30869656695689,"Unadjusted"
726,"4000",2.93221640464775,"Unadjusted"
727,"4000",3.01214369710689,"Unadjusted"
728,"4000",2.98700041850365,"Unadjusted"
729,"4000",3.0644813943588,"Unadjusted"
730,"4000",3.26726575367097,"Unadjusted"
731,"4000",3.10698607820993,"Unadjusted"
732,"4000",3.41081676322172,"Unadjusted"
733,"4000",3.1111192062482,"Unadjusted"
734,"4000",3.39752810979858,"Unadjusted"
735,"4000",3.44421148216512,"Unadjusted"
736,"4000",3.39272910615651,"Unadjusted"
737,"4000",3.29790247050965,"Unadjusted"
738,"4000",3.32269712088086,"Unadjusted"
739,"4000",3.08919713824267,"Unadjusted"
740,"4000",3.35103481213962,"Unadjusted"
741,"4000",3.27951610398596,"Unadjusted"
742,"4000",3.82171544746639,"Unadjusted"
743,"4000",3.34118345934403,"Unadjusted"
744,"4000",3.3382261893116,"Unadjusted"
745,"4000",3.17384251680305,"Unadjusted"
746,"4000",3.38748902915035,"Unadjusted"
747,"4000",3.15282041313163,"Unadjusted"
748,"4000",3.50158409008426,"Unadjusted"
749,"4000",3.27889589117693,"Unadjusted"
750,"4000",2.92486137025895,"Unadjusted"
751,"4000",3.12777441838191,"Unadjusted"
752,"4000",3.61873268093988,"Unadjusted"
753,"4000",3.24107415723197,"Unadjusted"
754,"4000",3.05680101474443,"Unadjusted"
755,"4000",3.05239421539158,"Unadjusted"
756,"4000",3.45216162431792,"Unadjusted"
757,"4000",3.22791319244705,"Unadjusted"
758,"4000",2.91662210228868,"Unadjusted"
759,"4000",3.08666453042054,"Unadjusted"
760,"4000",3.19963033808241,"Unadjusted"
761,"4000",3.24696894395957,"Unadjusted"
762,"4000",3.28297067227927,"Unadjusted"
763,"4000",3.04921926254319,"Unadjusted"
764,"4000",3.1517511285296,"Unadjusted"
765,"4000",3.32295962555633,"Unadjusted"
766,"4000",3.33580258769782,"Unadjusted"
767,"4000",3.70890127337165,"Unadjusted"
768,"4000",3.10808721797057,"Unadjusted"
769,"4000",2.95646502288383,"Unadjusted"
770,"4000",3.14771407750638,"Unadjusted"
771,"4000",3.31601842121129,"Unadjusted"
772,"4000",3.15484686532125,"Unadjusted"
773,"4000",2.99810174466062,"Unadjusted"
774,"4000",3.62441024900804,"Unadjusted"
775,"4000",2.94284886974001,"Unadjusted"
776,"4000",3.61211189805838,"Unadjusted"
777,"4000",2.94994625884968,"Unadjusted"
778,"4000",3.48627648237621,"Unadjusted"
779,"4000",3.19290730076439,"Unadjusted"
780,"4000",3.11114394080226,"Unadjusted"
781,"4000",3.37896265498453,"Unadjusted"
782,"4000",3.16715988246691,"Unadjusted"
783,"4000",3.3433029077569,"Unadjusted"
784,"4000",2.94690864485156,"Unadjusted"
785,"4000",3.12088340685712,"Unadjusted"
786,"4000",3.15148601825101,"Unadjusted"
787,"4000",3.2005958266056,"Unadjusted"
788,"4000",3.19789677251451,"Unadjusted"
789,"4000",3.39485627851424,"Unadjusted"
790,"4000",3.40237515424622,"Unadjusted"
791,"4000",3.08447722171214,"Unadjusted"
792,"4000",3.32168193198797,"Unadjusted"
793,"4000",3.28278859137512,"Unadjusted"
794,"4000",3.55108249280028,"Unadjusted"
795,"4000",3.23570892479976,"Unadjusted"
796,"4000",3.40410755671441,"Unadjusted"
797,"4000",3.16153144181526,"Unadjusted"
798,"4000",3.19006234932154,"Unadjusted"
799,"4000",2.95676312409616,"Unadjusted"
800,"4000",3.59278299246025,"Unadjusted"
801,"4000",3.11714150437681,"Unadjusted"
802,"4000",3.33138717846169,"Unadjusted"
803,"4000",3.26300006796361,"Unadjusted"
804,"4000",2.91754258690832,"Unadjusted"
805,"4000",2.98887571367557,"Unadjusted"
806,"4000",3.17267069826211,"Unadjusted"
807,"4000",3.27636567768348,"Unadjusted"
808,"4000",3.35137091225602,"Unadjusted"
809,"4000",3.19494641306587,"Unadjusted"
810,"4000",3.50417372349829,"Unadjusted"
811,"4000",3.07939905133945,"Unadjusted"
812,"4000",3.34797381815979,"Unadjusted"
813,"4000",3.32870712699834,"Unadjusted"
814,"4000",3.44775108869439,"Unadjusted"
815,"4000",3.48685048855156,"Unadjusted"
816,"4000",3.29587847267663,"Unadjusted"
817,"4000",3.58298824054125,"Unadjusted"
818,"4000",3.26921374334891,"Unadjusted"
819,"4000",3.6352520932715,"Unadjusted"
820,"4000",3.57353792170721,"Unadjusted"
821,"4000",3.10485413282836,"Unadjusted"
822,"4000",3.12741214605829,"Unadjusted"
823,"4000",3.18787102522757,"Unadjusted"
824,"4000",3.29568039133991,"Unadjusted"
825,"4000",3.40839124337391,"Unadjusted"
826,"4000",3.33432855686294,"Unadjusted"
827,"4000",2.98171439241371,"Unadjusted"
828,"4000",3.2905260545164,"Unadjusted"
829,"4000",3.17207881749532,"Unadjusted"
830,"4000",3.41645117572888,"Unadjusted"
831,"4000",3.18814454337425,"Unadjusted"
832,"4000",2.99184935733299,"Unadjusted"
833,"4000",3.22318135222663,"Unadjusted"
834,"4000",3.06668363229544,"Unadjusted"
835,"4000",3.346956261814,"Unadjusted"
836,"4000",3.40197953998508,"Unadjusted"
837,"4000",3.15878003457704,"Unadjusted"
838,"4000",3.53696453672152,"Unadjusted"
839,"4000",3.41135060581459,"Unadjusted"
840,"4000",2.96758793740767,"Unadjusted"
841,"4000",2.99474104475557,"Unadjusted"
842,"4000",3.23782382083962,"Unadjusted"
843,"4000",3.72565866602967,"Unadjusted"
844,"4000",3.04073378086649,"Unadjusted"
845,"4000",3.48268542688464,"Unadjusted"
846,"4000",3.17540186069919,"Unadjusted"
847,"4000",3.53949251209978,"Unadjusted"
848,"4000",2.90271403274479,"Unadjusted"
849,"4000",3.29887602198089,"Unadjusted"
850,"4000",3.01190878395689,"Unadjusted"
851,"4000",3.03463042020257,"Unadjusted"
852,"4000",3.14219583706267,"Unadjusted"
853,"4000",3.07941808684351,"Unadjusted"
854,"4000",3.2213685252098,"Unadjusted"
855,"4000",3.22753980034192,"Unadjusted"
856,"4000",3.31953737646639,"Unadjusted"
857,"4000",3.04150463564048,"Unadjusted"
858,"4000",3.28803864911299,"Unadjusted"
859,"4000",3.28176530114961,"Unadjusted"
860,"4000",3.00337864397957,"Unadjusted"
861,"4000",3.10280994116415,"Unadjusted"
862,"4000",3.42068419556265,"Unadjusted"
863,"4000",3.0957501264056,"Unadjusted"
864,"4000",3.01289332829939,"Unadjusted"
865,"4000",3.04892577523048,"Unadjusted"
866,"4000",2.87980928885937,"Unadjusted"
867,"4000",3.52420150396322,"Unadjusted"
868,"4000",3.23056082363004,"Unadjusted"
869,"4000",3.4152608849681,"Unadjusted"
870,"4000",3.40769740298463,"Unadjusted"
871,"4000",3.32857123809996,"Unadjusted"
872,"4000",3.22771278738246,"Unadjusted"
873,"4000",3.07827119947105,"Unadjusted"
874,"4000",3.08623117575433,"Unadjusted"
875,"4000",3.0655943191956,"Unadjusted"
876,"4000",3.12372402412316,"Unadjusted"
877,"4000",3.38159820137886,"Unadjusted"
878,"4000",3.03815611516665,"Unadjusted"
879,"4000",3.2232510354241,"Unadjusted"
880,"4000",3.14212489829538,"Unadjusted"
881,"4000",3.36371978766055,"Unadjusted"
882,"4000",3.64668877208617,"Unadjusted"
883,"4000",3.26596975701275,"Unadjusted"
884,"4000",3.27888521573678,"Unadjusted"
885,"4000",3.45752939419772,"Unadjusted"
886,"4000",3.66155623125183,"Unadjusted"
887,"4000",3.28909554826252,"Unadjusted"
888,"4000",3.04865583369745,"Unadjusted"
889,"4000",2.88650670729371,"Unadjusted"
890,"4000",3.0206291025271,"Unadjusted"
891,"4000",3.67354399937425,"Unadjusted"
892,"4000",3.29604389293331,"Unadjusted"
893,"4000",3.0402103662078,"Unadjusted"
894,"4000",3.27104225890696,"Unadjusted"
895,"4000",3.04527658721013,"Unadjusted"
896,"4000",3.57881800405287,"Unadjusted"
897,"4000",3.19277248943963,"Unadjusted"
898,"4000",3.19043509919005,"Unadjusted"
899,"4000",3.12661462567377,"Unadjusted"
900,"4000",3.33054369065424,"Unadjusted"
901,"4000",3.38981863661994,"Unadjusted"
902,"4000",2.93689803667352,"Unadjusted"
903,"4000",3.15395143639386,"Unadjusted"
904,"4000",3.37397226020825,"Unadjusted"
905,"4000",3.00161850467038,"Unadjusted"
906,"4000",3.0098149929599,"Unadjusted"
907,"4000",3.73064544964961,"Unadjusted"
908,"4000",3.34251203262223,"Unadjusted"
909,"4000",3.31334550935258,"Unadjusted"
910,"4000",3.23924351830769,"Unadjusted"
911,"4000",3.29469017220798,"Unadjusted"
912,"4000",3.54050838065731,"Unadjusted"
913,"4000",2.93961309246088,"Unadjusted"
914,"4000",3.75853987459945,"Unadjusted"
915,"4000",3.2064388009635,"Unadjusted"
916,"4000",3.40769584321359,"Unadjusted"
917,"4000",3.45438237894062,"Unadjusted"
918,"4000",3.08813021136185,"Unadjusted"
919,"4000",3.18150015409268,"Unadjusted"
920,"4000",3.54472580807155,"Unadjusted"
921,"4000",3.48849461823367,"Unadjusted"
922,"4000",3.45029798383704,"Unadjusted"
923,"4000",3.40988639548294,"Unadjusted"
924,"4000",3.23914021398297,"Unadjusted"
925,"4000",3.40876231703375,"Unadjusted"
926,"4000",3.54828502701326,"Unadjusted"
927,"4000",3.19812236228053,"Unadjusted"
928,"4000",3.46783127929783,"Unadjusted"
929,"4000",3.38027348703113,"Unadjusted"
930,"4000",3.11492757307467,"Unadjusted"
931,"4000",3.34207371173624,"Unadjusted"
932,"4000",3.42401200880469,"Unadjusted"
933,"4000",3.36498090716812,"Unadjusted"
934,"4000",2.87689023568009,"Unadjusted"
935,"4000",3.21388623565881,"Unadjusted"
936,"4000",3.53658162713063,"Unadjusted"
937,"4000",3.23422292192778,"Unadjusted"
938,"4000",3.28018154534605,"Unadjusted"
939,"4000",3.23850682731869,"Unadjusted"
940,"4000",3.01913293243299,"Unadjusted"
941,"4000",3.36873571597821,"Unadjusted"
942,"4000",3.17768541242714,"Unadjusted"
943,"4000",3.55300191146855,"Unadjusted"
944,"4000",3.21862480635738,"Unadjusted"
945,"4000",3.09690556046741,"Unadjusted"
946,"4000",3.31568691311705,"Unadjusted"
947,"4000",2.93115625122737,"Unadjusted"
948,"4000",3.61709812405889,"Unadjusted"
949,"4000",3.2186948857321,"Unadjusted"
950,"4000",3.25793109770933,"Unadjusted"
951,"4000",3.14643531032798,"Unadjusted"
952,"4000",3.1653322026673,"Unadjusted"
953,"4000",3.36178066169821,"Unadjusted"
954,"4000",3.28766112032449,"Unadjusted"
955,"4000",3.18451748343189,"Unadjusted"
956,"4000",3.45014318941743,"Unadjusted"
957,"4000",3.26636429064832,"Unadjusted"
958,"4000",3.43126327866688,"Unadjusted"
959,"4000",2.92974410514355,"Unadjusted"
960,"4000",3.64834988942703,"Unadjusted"
961,"4000",3.5464139270482,"Unadjusted"
962,"4000",3.2231832238654,"Unadjusted"
963,"4000",3.45480916323797,"Unadjusted"
964,"4000",3.21859505640262,"Unadjusted"
965,"4000",3.52316607618615,"Unadjusted"
966,"4000",3.02515281033136,"Unadjusted"
967,"4000",3.15491276846469,"Unadjusted"
968,"4000",3.4742112784981,"Unadjusted"
969,"4000",3.30042139489862,"Unadjusted"
970,"4000",3.23593123139602,"Unadjusted"
971,"4000",3.1939561878403,"Unadjusted"
972,"4000",3.18554123364647,"Unadjusted"
973,"4000",3.19885879576151,"Unadjusted"
974,"4000",3.16010812185466,"Unadjusted"
975,"4000",3.58084252069301,"Unadjusted"
976,"4000",3.05381965571149,"Unadjusted"
977,"4000",3.14054073993738,"Unadjusted"
978,"4000",3.27088921834913,"Unadjusted"
979,"4000",3.45534088698791,"Unadjusted"
980,"4000",3.07204123442785,"Unadjusted"
981,"4000",2.86063208357322,"Unadjusted"
982,"4000",3.34050032656443,"Unadjusted"
983,"4000",3.28377060900943,"Unadjusted"
984,"4000",3.19344794057884,"Unadjusted"
985,"4000",2.96964980014745,"Unadjusted"
986,"4000",3.37821744377047,"Unadjusted"
987,"4000",3.30270566825049,"Unadjusted"
988,"4000",3.17451303035166,"Unadjusted"
989,"4000",3.28258719341755,"Unadjusted"
990,"4000",3.16472874524237,"Unadjusted"
991,"4000",3.18034891720002,"Unadjusted"
992,"4000",3.38526274714994,"Unadjusted"
993,"4000",3.31845387150188,"Unadjusted"
994,"4000",2.93709076106892,"Unadjusted"
995,"4000",3.23028828629426,"Unadjusted"
996,"4000",3.34101219474563,"Unadjusted"
997,"4000",3.35046334248504,"Unadjusted"
998,"4000",3.2965881366504,"Unadjusted"
999,"4000",3.32348462638828,"Unadjusted"
1000,"4000",3.33600074888737,"Unadjusted"
