"X1","X2","X3","X4","X5","X6","X7","X8"
NA,NA,2.28775311085406,4.22704259377487,2.52836551414418,3.44921074751378,2.72616259754587,3.55440512748217
1.54023333948538,7.55623194094638,-1.77666980757187,7.90549848171845,-575.038207252017,580.432686951856,2.618929959146,3.38970113805817
1.99405744337276,3.9450082201099,2.25347908423814,3.31187689032392,2.3785738813558,3.43815149807413,2.62929925266937,3.43256263044392
1.83941657010942,3.32672657821509,1.92104283877923,3.64719969165278,2.68767421131452,3.94204784682819,2.54884664586703,3.31843275188586
1.81909615030913,3.48744224536447,2.29524437176769,4.9033543725974,2.45333698083756,3.64871435407277,-249.210439605487,255.013931744134
2.02262057727063,4.12504705316101,2.47346494682452,4.48325982067495,2.37013822921669,3.58142925035856,2.59662423245283,3.52721374784824
1.92093280005839,3.58385238822175,1.32192718819759,4.90571748399491,2.49320380010223,3.49309617448222,2.72352144349065,3.86938692230745
NA,NA,2.12674255790454,3.17451844660089,2.63655944651003,4.5048180335661,2.71460444116537,3.644515537892
2.02496889543117,5.58885454673352,2.0600087678223,3.54194929281395,2.80558280657242,4.50148721014106,2.72303900654181,3.68746644450126
1.89617844269601,5.30053612300455,2.6345840963598,6.29891121899033,2.5292241158006,3.82013308182434,2.66908406277757,3.45205474732398
NA,NA,2.26097033310855,3.86900472637074,2.55285208826105,3.50737057962355,2.81481951797131,3.74036225212782
1.68614405094922,3.76088985310763,2.01342989957703,3.93449793948063,2.7079026828074,4.78605655646094,2.53565784061222,3.22744831090966
1.71702055456989,4.29421572567923,2.19873375072795,3.52144170618672,2.53257334190932,3.57967229546817,2.64474805247281,3.42651033689966
1.81738082048594,3.4636285254939,-589.988469223705,595.283435664574,-1117.45203460704,1122.90834424019,2.68948321196716,3.53741410941164
0.903570740927156,5.58833240599126,-167.054864840951,172.027648113927,2.44190953610691,3.40887436888691,2.0626869709501,3.33756092729618
1.63521037883636,5.56558658502842,-561.797491009612,567.894523458344,2.5075079360312,3.63587139402433,2.56613715197172,3.42417204044252
1.8047821317306,4.53004249707536,2.14084231541734,3.49065932140939,-179.659976451157,184.893648786693,2.56432706986627,3.26542062629499
-838.132406373909,844.831097312385,2.23887146411485,4.22249007731642,2.46968378802324,3.83839744725034,2.63773596335032,3.68676696110027
0.278528690015464,11.7286699736431,1.9774118437509,3.27516416392256,2.33887847211141,3.13857879089461,2.59770808973727,3.42585696792434
2.07479214174295,3.72461265113854,2.30301656800099,3.68115680175124,2.43758520596707,3.46235301713056,2.89187261986826,4.08114532257909
2.17433339948018,3.72259134984971,-2253.52867472733,2258.79091048847,2.53922257331021,3.66796168387167,2.52390680862685,3.1948924280643
1.84410094054845,7.03666100321109,2.62425693934252,6.39129811571971,2.36059579808911,3.68766048770833,2.78264030537464,3.74196565000885
2.001754263917,7.88895680915074,2.36333713558425,4.05903399087934,2.64885030997017,3.97316369591222,2.85785416072927,3.85149896169075
1.97529108318741,4.34257242262449,NA,NA,2.59551343812752,4.02837435754328,2.47640854828154,3.10770149344004
2.09172830248581,4.04404192745962,2.2556074669419,3.42768900718686,2.69369788987076,4.8159890140234,2.52026247560042,3.34947552430399
0.876434153087814,5.19206939117904,2.35685571594533,4.98741827823905,2.44120099601116,3.55534356126418,-180.40779437583,185.682145718944
1.76153012760743,4.15158690583516,2.26374435809767,3.49971936026048,2.34565260023794,3.02823571125181,2.82264990998255,3.72402588734153
1.73167260672835,4.68532181097872,1.92855631661386,4.79441625803646,NA,NA,2.76907936957707,3.58054992866783
-1614.15081085737,1619.56363312238,2.03076683581772,4.58678451693026,2.73306551427484,4.94013734876737,2.51964586576503,3.24837219963354
2.06219054864236,4.97177427967182,2.5208511754699,5.12559680286237,2.59819168021379,4.51215486561677,2.51632845076871,3.26920850056501
-1318.58438109041,1323.6220858865,-1929.94761342607,1935.23840208636,2.45919091893168,3.5023585730441,2.84026298847979,3.8259791269963
1.80248053982185,4.5516565524778,2.53063220570872,4.90814732038129,2.47285875544864,3.60642186359575,2.84783795117114,3.97292443718117
1.93644698769468,3.22644717102976,2.44440668417346,4.75993304345145,-1198.04003635535,1203.53308823359,2.66341881544328,3.49130346132111
1.86586053317791,3.07457369913539,2.3045292369939,4.18601205800976,2.8471230916858,4.26371110822593,2.69395482561593,3.50771071165336
-1607.00034452433,1612.63362789648,2.65179739412197,5.00509211915558,2.6476679933102,4.06473460416639,2.64879206919552,3.50368356479172
-3485.91416843449,3490.98577977062,2.04606139434355,3.51882440673808,2.49586115216114,3.69656366554552,2.78035638325552,3.68680490462551
1.56178720600354,4.60768571420601,2.31893345726443,3.38641196075746,2.46918723287109,3.66517534574807,2.53782763527732,3.1721239288847
-1776.89107789326,1782.13836893444,-1871.90884551685,1877.6660596736,2.6705034324815,4.19132154623875,2.84243330847124,4.01254863664713
2.03342660551552,4.73306335325565,1.92943529636554,6.63772238376015,2.51290829437651,3.67077927913575,2.46051283507368,3.04418464524758
0.379060487702362,6.79327833339025,2.36122454069315,4.8218441224837,2.30693567589357,3.0829730504604,2.52202831075509,3.37220973041579
1.95558136527012,5.50241151344865,2.31638297046736,3.8456213811906,2.42256068075589,3.37216065398932,-321.582215953807,327.166759396392
-1266.12236361329,1271.82887836645,2.4973286027398,4.75198994508269,2.26514443553133,3.21514511315262,2.69270066187733,3.52335164078321
-995.089005732065,1001.44289923739,2.17578825517043,3.55722785674005,2.23560502156001,3.11942702170161,2.91688226886682,3.96506929997177
1.33219796645435,4.94603627873538,2.10430844189565,3.9633511514298,2.59872044493495,3.94388872364273,2.64612840437523,3.49175750792723
2.02071627360558,4.4322548633621,2.16687450455044,3.12197932878814,2.49117548783488,3.5304476421841,-132.109772741194,137.322159482642
1.28546843395963,6.94850811520497,2.2548448975802,3.95514953226734,2.53463713292443,3.7605797671883,2.54549892852442,3.34837566050805
1.45509603234381,6.60403584076115,2.17295170126537,3.93880702658328,2.56143297022453,3.93726773890012,2.52378744677885,3.28027211995054
NA,NA,1.9869927347699,3.62717650913341,2.51441488092896,3.36879929991594,2.68330088402664,3.60901364325005
-1834.53907010406,1839.80572681228,2.33458749961798,4.81518330620667,2.44781717660959,3.45554275936824,2.97308098880217,4.00611325018065
NA,NA,2.24795247552663,4.76339708217312,2.78542977266939,4.26647360926791,2.64352914396334,3.42354356475902
1.83959188194268,5.96979788370408,2.24965975143586,3.71766944632934,2.6877432308929,3.89208766842356,2.57650819317187,3.28333779648056
1.79016066026278,3.8272416657937,2.05660178263814,2.94818322500865,2.42140162321197,3.3058041316585,2.51820194900751,3.33277918024328
-976.55462185844,982.566925380161,-1400.76269156808,1406.35433540269,2.64451405850299,4.35812122682833,2.53237258014475,3.33468421709697
0.99347676888539,4.7521735724684,2.08846455088033,3.70893201881913,2.29519776437213,3.22703247738081,2.57611481997637,3.35848415518863
1.79342863759637,3.35386663372634,2.45439438112833,5.0737032280713,-465.263136251742,470.883602968501,2.61583664452627,3.37873086756423
-3082.64559190555,3088.99133092909,-5.87613212076616,12.6021548545983,2.48504132458589,3.6887368736399,2.43459361619612,3.20221963644709
2.1500472944194,4.26217257419558,2.43661411464494,4.69595388602169,2.50360380395274,3.34599389038455,2.64419863375491,3.46914539791831
2.10794695597758,3.64797416435445,-606.46783192885,611.774142938124,2.63081819141405,4.48582240165649,2.71273112974826,3.57987032544398
1.97568811260586,5.28254276130701,NA,NA,2.32434523966053,3.6637772671184,2.61227914999176,3.27635436416383
-720.336289762141,725.469076232195,2.40140604113681,4.77418347775198,2.59374590811303,3.87268850991244,2.55549062124411,3.22384248692886
-1619.45924725247,1625.16454930014,2.2979617504876,5.28922866204276,2.86893696387014,4.73391789875882,2.69740030242308,3.44818144394604
NA,NA,2.25971647260899,6.51770933079131,2.63022212783493,3.80105647364418,2.95722895662409,4.4594631342156
1.85039951450393,3.20851414327069,1.93642590094579,3.79578262012284,2.44237151554498,4.29609220218856,2.67758810904143,3.63180949435157
1.89004642021199,5.13675979339502,-1274.51164924285,1280.5237181478,2.58726809942253,3.93419354716435,2.54775851810641,3.27724221558688
2.05678629865578,3.26125201173768,2.25327224971936,3.3826817670838,2.77057765266222,4.25412956182018,2.42517374891884,3.22494672387118
1.98722654914538,4.88428606112097,2.19344496539806,4.40244352238969,3.04347456330095,5.02824205303351,2.65042404912621,3.40608359528722
1.9322661438437,2.95309991476036,2.22821630169427,3.36165823474256,2.74626911532022,4.63026149302855,2.75187258905223,3.74172018671442
1.49655995201155,6.66043950763655,2.1420036585344,3.30970666146773,-1501.9350998161,1507.25663104331,2.6175781970355,3.43196969205589
2.08537017704656,3.51137585575614,2.21349438714041,4.79002243728541,2.43606519837374,3.59577316019986,2.85536020917411,3.86461400870587
NA,NA,2.23804802020283,3.92400816121906,-403.039670734547,409.15765145527,2.44434375730109,3.18932249747629
2.03054529640468,3.94668134762685,2.25494915201858,4.65143633254352,2.39987376101098,3.22879575563666,2.56299809348945,3.2455440645907
2.02901280170689,4.25515332106538,2.39709105420192,4.45906977262196,2.23491995755151,2.8965644388322,2.73135213501646,3.71460234593651
NA,NA,2.0236657082593,5.35772801485901,2.50682629039082,3.47251108485142,2.84466085424642,3.7309464185135
1.03812661101462,6.16941581394408,2.47692293281916,4.18234150721713,2.4555925661165,4.41255912969887,2.74083011629557,3.65463335371083
2.21275638069506,4.00387463187036,2.26181509967688,3.7176078510069,2.41608628717928,3.33402042235938,2.53143696335297,3.33933245700044
1.51636484508676,5.14632157661412,-633.120796126723,638.215163735253,2.53074831119238,3.74852311728287,2.64429165434698,3.40988956753562
1.83939098509333,3.1572975642026,2.2624105224675,3.73497725371419,2.60635695229428,4.04859414368224,2.7172161441366,3.68039070468503
NA,NA,2.23595464836983,5.14307402521713,2.46110182530538,3.50234033942761,2.79400334980032,3.79174279715867
1.86045733136583,5.49381430339343,2.11329475626916,3.65373598198773,NA,NA,2.77709933893026,3.82909915083219
2.13907086804445,5.24869665164966,2.34341723690466,4.92960626023277,2.52691454517592,3.7075249734289,2.54309650469334,3.38565948252515
1.91290771495797,5.51120460753591,2.34177001722761,4.38511688313562,NA,NA,2.7463189113432,3.66507757222668
2.13044328658784,4.09516103770316,2.16840175158339,3.79722988169652,2.52989426358113,4.08722033100531,2.64635154658639,3.33278039961343
1.35661820894851,6.57020404938029,-225.902000853916,231.307291249985,2.3994611155767,3.49562224380518,2.40023896489585,3.13462244615859
0.95648797020222,4.96321508076912,1.83601818825724,5.28745947173965,2.69876969837937,4.19117109709248,2.85892589966728,3.8607579367422
1.85776523921919,4.16046661875398,2.36169576697404,4.24233115344144,2.57429761586278,3.84685827745802,2.56554232380003,3.38632431711682
-2223.38043618097,2228.35110875237,2.22924284830574,3.77481486400504,2.43945075911576,3.44256325832451,2.55806793602706,3.3586589657361
1.96346073562019,4.4733007024042,-613.816057993746,620.34961737445,2.56067796104915,3.52148109914195,2.72011563926912,3.72315826253062
1.24387520319257,7.44028171758187,1.95189406183535,3.36458597087188,2.26565946450329,3.57834899500117,2.56177891039886,3.22874934152976
2.04587866883803,5.08332128406404,1.94018202952225,3.44768095666628,2.57350539886589,4.14722937008702,2.69179671383306,3.49082990579345
-1433.02450342123,1438.09100326597,2.20629495724999,5.09345381234161,2.39123358030683,3.75055503124264,2.66186763389286,3.84955285778718
1.80476606071039,4.54157839777888,2.3013951445341,3.7882166334313,2.23834425001259,2.8933023012779,2.43354014210054,3.08527542968621
1.79480332276702,4.41359987201248,2.27525910567744,4.11455420829764,2.42398555125984,3.38561108812802,2.56324098045016,3.25042236516263
-492.785408468014,499.274556532371,2.33617261705867,4.16951799975789,NA,NA,2.80116876772795,3.6660039944709
-711.069094871075,716.340721850657,2.05534354088114,3.41023160162787,2.71944569369967,4.17502038480486,2.35348931347814,3.1602792730463
-0.825214048089,6.80586628034342,1.99069102420811,6.61384367828473,2.43874619063152,4.02901142664878,2.84995601915114,4.24206716462587
1.97735179651361,3.55795673045523,2.20631068901619,3.81179782069244,2.33895879392634,3.58039445807731,2.70337549993538,3.61394353594231
NA,NA,2.28944847658459,4.15029140818947,2.41591434665076,3.58582397829583,2.78402962994514,3.85372005385792
1.65467913419028,7.19882887474107,2.23325862381513,4.05364594611595,2.5443486155818,3.84404611650472,2.52474003012715,3.26076946198203
1.67306306190751,4.47824912291116,NA,NA,2.63618178699003,4.31408455198841,2.57457102057188,3.28524605176089
0.90688340006264,9.62971788851303,2.03938094833141,4.05380107094891,NA,NA,2.55543748267465,3.45096672430196
-458.59380204584,463.606792295984,2.25366585252483,3.83986427023788,2.36932426751776,3.60480730537467,2.61426815678516,3.43800824877647
-2117.66236345813,2122.74295415734,2.22220316818267,3.44366046120548,2.58017498616704,3.7740714370983,2.64589219241709,3.5100646517677
1.87812465548958,5.26804177465647,2.39537526227992,4.85464637440642,2.54803570312091,3.73306074464738,2.53287513778188,3.16084134778268
2.29276621134543,4.7086932924392,2.06395136345694,3.3391045924822,2.47023354711176,3.96777711774369,-708.0441361603,713.855368976565
2.03452492892587,4.78104959664752,2.05187738591639,4.07871040786957,2.19313317061007,3.30982101047932,2.61366465561792,3.33401992113442
NA,NA,2.24728702139758,3.89520739551125,2.75473502262954,4.81181665665629,2.78210128098877,3.90580328216139
1.9159965429873,6.06293346009823,2.280941880439,3.75734909836999,2.51757167600508,4.20532644403478,2.60127576184658,3.36879874752986
1.87157693199317,5.09188379146722,-2698.98981331562,2704.480199205,2.42797095796249,3.51381119643654,2.5595162585791,3.31706657434375
1.79159238631524,7.32346710178551,2.53367884815831,4.55863938987831,2.78517836038199,4.42612486691871,2.94643696521112,4.16319828604593
1.61100104172739,4.93016033958868,1.9644350143919,4.05211222835498,2.38023090986806,3.72436636897876,2.53967349927477,3.25679427378103
1.93512489577406,6.61940841514871,2.32882208049176,4.26524524218097,2.31905390004015,3.25084289529817,2.47165067372416,3.48016266353988
1.83756205452195,4.14274809653476,2.37819402990968,4.41364758209095,2.64288349502456,4.2042124490297,2.64633517998936,3.34772929347585
1.91849589733628,5.08697282214315,2.28914846261981,4.28114951246374,2.70619926295171,4.03637463290585,2.6007385008634,3.46941882823291
2.12262024001791,3.62549673407212,2.25696637602277,3.41401788295107,2.71168142275426,4.35418938600715,2.63266108537625,3.49407651092154
1.97954876566456,6.20129127633383,NA,NA,2.63916913311133,3.85107318647402,2.2893417330902,3.75187207486619
-5.97773574681231,25.7701517146517,-205.745860036804,210.62388478153,2.417237278385,3.90900393791421,2.5299233659216,3.27339102662391
1.75805883064852,3.69221974030458,2.1798673654364,4.37554198772477,2.78328639012392,4.50383418044571,2.84559432447811,3.97841589000941
NA,NA,-373.652078853359,379.663127536221,2.50361909084796,3.96532733164841,2.68438298122742,3.48872877245891
2.03097752597339,4.88690648894075,2.28166686670493,4.4687339472433,2.64442402610044,4.69262188001522,2.76211951976253,3.54005845061763
2.13514738840206,6.31055103560665,2.06503699886712,3.00992539161815,2.349858730019,3.25591470358825,2.60289720276315,3.44169349846255
2.17302041126963,4.189288122611,2.29808305886391,3.92368764379122,2.35450254891006,3.75549890561688,2.52701833513715,3.17072907915159
1.49943313365168,7.58917199098353,2.39186031554613,4.12016355429044,2.46047684028553,3.61187147221722,2.69399890959659,3.48138216967518
1.98900696768752,4.54546101512749,2.38217998455269,5.08443276536143,2.41315282301503,3.39095643675028,2.88830193828783,3.86883606943013
-1314.01298425223,1319.31748483671,2.28037056737441,3.3034118744715,2.38655900141922,3.28445578248983,2.47791771304881,3.16539217691943
-1266.94120574547,1272.23843754502,2.25938821231755,4.52729718321961,2.63779307232448,3.95268704603525,2.72038451857009,3.60541882393083
2.03477887172363,4.14744904273275,2.27107163897337,3.92211742772337,2.23474846448398,3.69778442074721,2.5831779260964,3.42332394450726
-1511.94754646203,1517.46280486098,2.40093706992079,3.83420630702791,2.64546314205079,4.1622364478231,-198.893282840987,204.42873768591
-1086.33819350988,1091.6919182151,2.08906864232828,2.91908253431188,2.68637915949404,4.87914442128252,2.59295183311196,3.27419266698226
NA,NA,-2744.68756642345,2749.9288347809,2.61686349043833,3.69526400675585,2.72621385021745,3.62234310383881
1.85104434718298,4.49406377797363,2.05996118532979,4.32156347500065,2.41508390257085,3.38585280630076,2.72438377660029,3.70417152713221
1.90104867451584,3.26059992920711,2.25891806770905,3.50989066939652,2.38056906620401,3.63449662593212,2.67446934628539,3.42567084607617
1.70880023841353,7.52992055714,2.00353839351203,3.17186251361117,2.24505363993686,3.08628326350006,2.76369170344547,3.66704805993933
1.36786893680258,6.847369876291,2.2686947020622,4.64592068727075,2.58942283290905,3.72781379287961,2.4139711695678,2.96469320126482
1.70550840649565,3.45080207373486,2.28489675668446,3.28256295121734,2.39906553910596,3.28399920231455,2.76134251654306,3.70593819134257
NA,NA,2.28759811801009,3.50693544914409,2.34371293263253,3.11632083807839,2.64973489053561,3.35053078441942
1.70844836055623,4.44887118515979,2.21324661411968,3.31138140529929,2.66923628731961,4.53782035037052,-440.211268106677,445.544825976951
1.25139739682765,5.5406694480476,2.42348300977128,4.80894954127242,-643.446708831108,649.612451203605,2.6240746055039,3.43012341217219
-3535.47115175459,3540.53411126456,2.51020620942615,5.18465534746178,2.73863570603263,4.64748516682714,3.17645969906558,4.83223532202247
2.0007609567119,4.58996746897868,2.36795034324,4.95455368925692,2.84949565765642,5.02379098783289,-555.45550821896,560.82711249698
NA,NA,2.14337768784305,4.03138759991956,2.30237779469108,3.29393008495962,2.58308445571053,3.44954304857876
1.88905458817784,4.38828048615148,2.47752117139056,4.13740851865443,2.28728068580139,3.96457319272484,2.63566039929928,3.46799393326196
1.60358923883314,7.50348925726547,NA,NA,2.41768823763591,3.78962232160935,2.77755159944253,3.88141699635518
-1740.72475709862,1746.18994244507,-812.827412767471,818.055249653996,2.71003427156393,4.10663029668295,2.83001869804613,3.8867641371933
1.70770239579124,6.11590981604894,2.15647384423774,3.31840113596454,2.32687543332545,3.91709770509841,2.95638095355931,4.00575031196705
2.06906935618844,3.35227946164699,1.84631474609276,6.26524869601831,2.65640309968951,5.50104860878841,2.7087976320733,3.58942500996388
1.55177071873856,4.87471862462963,2.33407875376916,3.82945251698455,2.354808895445,3.19541194213511,2.54878349409536,3.39735198452976
-429.941148605421,435.727955789238,2.18849550356465,3.30230445307269,2.32207273676792,3.24609407729135,2.4983239373242,3.26363728230481
2.09551692845025,4.34696917668198,2.41969887973219,4.038595667971,2.33918598477387,3.32132217944188,2.52982637767056,3.3797736296511
1.97889428502993,3.7980377044784,2.20556730379369,3.87009047524202,2.29230698508927,3.94880909898326,2.81699541953517,3.86402109983866
1.68574483761205,5.46915665865845,2.34300016140233,5.00069033419495,2.46225547449457,4.01518270821988,2.6349541332809,3.48033242738915
1.84626348552052,3.55586413753445,-608.054211660663,613.49629905746,-151.902066572434,157.312132318879,2.66037142561678,3.44858068657205
2.13405988522148,5.01491130693268,2.29852309545011,3.37307839897655,-406.319387263893,411.850828611146,2.58084613556808,3.54552896183361
1.14825940460751,6.60245603548329,2.34435662621388,5.88157400913528,2.5820850553975,3.61664031192919,2.56912364187001,3.35611094092011
1.2944557654854,5.67643369358638,2.02200401123616,3.84314399309928,2.47022947837473,3.37747513391644,2.56729280575149,3.33059836671473
2.09100255268617,3.93609101242155,2.26269984323945,3.45397475928809,2.40552947789291,3.65619707306082,2.53379379954792,3.36974367137202
1.93612196302774,4.5375214244946,2.31086408946165,4.19971309861605,-2132.60177925184,2138.00129709411,2.73423247349138,3.56268678605742
1.81666764968786,6.25193231634252,2.18690521066317,3.33514234753941,2.54208377168927,4.02406927251483,2.91315828665106,4.02039539466595
2.15393189915908,5.50956305061836,2.1775422164747,3.19200902612572,2.42385645939238,3.38478269474256,-387.363200791471,392.648359841621
-1622.09825951319,1627.58485371849,1.92905964266201,3.695585813954,-993.438237089964,998.985091074882,2.39965309346092,3.37280643030048
0.151131414032935,5.83998215949951,2.15827713676333,3.29053147490906,2.50672894739939,3.56359012833986,2.78161194594347,3.97746247979311
1.02560424591414,7.29803842541271,2.51963617922252,3.91900087879534,2.33326927961104,4.04605511439989,2.7268746547477,3.80998441866262
0.380047221790612,5.38913292662264,2.30187556546445,4.4536051018915,2.48466522534786,3.65293786353229,2.61705813093832,3.52269797928195
1.8499606646091,3.28427312465169,2.14238089748349,2.85204291400669,2.52287244852026,4.22070391929353,2.6990363503247,3.47881845658774
2.02686690721861,4.06392123610301,NA,NA,2.26335603093686,3.051581750014,2.4607134188571,3.47352934620095
1.81308930919576,4.74597509510048,2.03444607046775,3.57864210011037,2.8514935138907,4.68267866081462,2.59776267247073,3.25488086995356
2.05656577520551,3.50901842600155,2.26391297298748,4.08603067554417,2.59985660314897,3.85350149984899,2.87274926748207,3.89510424164384
1.77635181212679,3.55318967489356,2.21300187425104,4.8950302041574,2.37001802998273,3.38599436325487,2.41023126576425,3.01137685677347
2.13991018938684,3.96522159418507,2.30037952496787,4.1694147439188,2.42398328096005,3.72256097369524,2.85930485587718,3.83400384848463
NA,NA,NA,NA,2.35340958531501,3.58269559531325,2.77401061699341,3.73070792713519
1.91143026639993,5.10636586951099,2.18175122584183,3.03792690141034,2.36837344512559,4.35734119772738,2.63525006517042,3.74374825767433
1.9994006940636,4.97383213019679,1.71686930976069,5.03477138703248,2.2427531693596,3.09520172194858,2.54424493348738,3.2380855379413
1.9598252511989,4.47567401344102,2.288206557253,6.10071962976437,-679.262613876249,684.974452711662,2.63920887615365,3.39661710792697
2.00196118303566,4.79551406162303,2.27441125338593,4.80792594719658,2.66299268808457,4.47783090803238,-351.513898337229,356.850596723288
1.71311352213408,5.97659158825155,2.25837967269066,4.35504801913788,NA,NA,2.47126846038433,3.10053030084158
2.17554715576799,4.56029586941634,-709.873271174119,715.341660172335,2.38255100209514,3.20782724833373,2.34776402004645,3.64106605626065
-1477.0876908283,1482.80420284646,2.20677354532823,3.90322275382622,2.19001521893244,3.40717073955617,2.45016205413763,3.16719981893746
1.93493469531521,4.74276721808645,2.1691358738888,4.22253355613279,2.62280075316478,3.63071783923484,2.71165838202496,3.59351283825217
1.70851327189485,4.12857295987337,1.90516977405876,3.42646913302067,2.64067758210213,3.92151692393767,2.41244654999366,3.04150614820597
-1068.20331205349,1073.61642022276,2.31320503487922,4.13962336104563,2.43768107777315,3.42751432991369,2.65040872116805,3.42069075848478
2.0248987375409,6.14492353213229,2.39287110176949,4.02585740216388,2.45991558340538,3.52431841608339,2.5717645753788,3.27968738952708
2.20941743581739,4.97334790370114,-411.813466470083,417.565022725377,2.2941792963702,3.18844518759921,2.74726985897682,3.54283299021345
NA,NA,2.12550197044863,6.18235797685233,2.2515379801383,3.04159436322089,2.54876255395685,3.20116977511065
0.844549370474671,6.35396754972014,2.49786395669764,3.98140358615033,2.34892353407265,3.20562502507305,2.62248875442526,3.45035683593455
-1087.44168983776,1092.79413301017,2.37725250735135,4.26832042014555,2.77049464836334,4.69181928132382,2.72778297042011,3.61957597126963
NA,NA,2.23832600628793,5.17291809859016,2.56074145645063,4.30751296606713,2.63301888834751,3.62759446932385
-553.269019738468,558.641000392074,2.18355402581017,5.47810780711578,2.54727240491204,3.66656577466591,2.62265285786656,3.39700791590703
1.90776292210143,4.85957734341655,2.29014433845277,4.53588691272769,2.4742418678589,3.63616294440125,2.74037018283671,3.51945981132228
1.42490869630691,4.51450871045618,2.15862899070214,4.17989355536258,2.51890541807026,3.45136246487149,2.79319330587617,3.64473208318131
1.68508076714038,6.36082269378489,2.41867347112881,4.66527431229503,2.62060602883585,4.12537345349373,2.42737599426108,3.17520737517153
1.86865037206722,6.52962712993152,2.51721946419867,5.89493515642486,2.55972109159385,4.36262274629578,2.5944273695402,3.3774357038878
-955.449572756844,961.783084406542,-1061.65342540913,1067.60667699239,2.43592023488741,3.70397453132092,2.60068419484381,3.34146849309684
1.61046368467383,6.28107849187787,-468.037872374818,473.792453648443,2.47682921579734,3.59358481124405,2.63344925465062,3.53557606428742
-689.895721008824,695.683947371649,2.23929654314479,4.27208748905386,2.52673218530229,4.01679017239283,2.52260623842511,3.10134077407636
1.71383113404366,3.51001069892654,2.13610915914446,3.54917368832375,2.57669926489673,3.56586363708954,2.92670069370306,4.06924617556737
1.92885835824949,4.06175830912682,-415.526737259911,421.098264574714,2.81284681787355,4.70894415486056,2.56901487344101,3.51650278342472
NA,NA,2.2011641797522,3.9569512119076,2.65493779365839,4.08329741987493,-608.974077397136,614.371456598356
1.39922634014226,5.02646381423167,2.10136809588038,4.13243984318833,2.32702558402625,3.14232342733108,2.71215585299272,3.60547921745355
-2237.84866668488,2243.39189969845,2.1601709968288,6.2196511523898,2.65478273771971,4.07145752685018,2.71596879269737,3.54772342723952
-1785.42483107391,1790.87853854351,2.18471211087141,3.59788878370279,2.58012131509127,4.24074082294435,2.58138597971726,3.25209649266847
1.17488172036322,4.41087285183754,2.23205579467387,4.04551698158194,2.43278056319454,3.45501805223017,2.78059163860567,3.83509444779795
1.85936870614347,6.09198365845498,2.17749651693657,3.51011863654948,2.57929769005719,3.81580086140352,2.75450563331354,3.60561852354355
2.03934833140683,5.09545473449672,NA,NA,2.63746181076252,3.8108504782293,2.66753993910725,3.48612751922475
1.7735978988871,5.45984857777469,2.21800587298077,4.12504162462055,2.45668448064599,3.83627218671657,2.62890809184731,3.68857517508875
1.45124149899755,4.54906345490333,2.32309054291026,5.95941946949362,2.59043179104093,3.51257486560076,2.64919362379538,3.53030971095196
-512.666762605751,519.186524824932,2.00849616256383,6.55263618941557,2.77352111698545,4.34800667700335,2.68897556120683,3.50086268440074
2.17008214093095,4.16547666362346,1.99379064150234,4.89665342273505,2.35739130108542,4.34793046927337,2.72349230773424,3.52513475592897
2.05087318183327,4.1439728808021,2.28187088481236,4.12656076668138,2.46592970242726,3.58043162594492,2.71163530584351,3.66892497757811
-4368.5751210082,4374.8436377438,2.58804664224027,5.23818810609136,2.55804592461355,4.07259992444807,2.6618063521475,3.39102852568166
1.26502133714426,6.05024288569034,2.2125084434178,3.3847936013692,2.86582736930321,4.57081504667484,-477.876678856246,483.358617745449
1.96510483767212,5.11051192415564,2.25177462397046,3.51677924744103,2.45948095491496,3.36610182857379,2.61441224756073,3.46395940776538
1.66546495485589,4.10621215135535,2.16420842504549,4.78138183595592,2.43725891915064,3.46460475321999,2.49568908842365,3.22847673595882
1.95030151052703,3.32472412001201,2.50838995984514,4.29975502536436,2.75126466584577,4.44646620101521,2.65661905542836,3.45214472963198
2.04995185226239,5.21103283322677,-525.934060623939,530.971983402039,-356.762007904827,362.09484490196,2.48564910442832,3.26088563508081
-2590.74528078616,2596.96558192442,-1395.96778823816,1401.29432491579,2.40177591634127,3.29847462158057,2.75956581619043,3.73191729179612
1.5475721927253,7.1700142158882,2.28047270697023,3.95853180770949,2.64469518359675,3.74688798586999,2.60154675676526,3.67775814340827
1.91275947801019,4.26236812033802,2.35804341161463,4.58613535698221,2.61068487184781,3.82904071692065,2.70065091611528,3.5663031560797
2.07560445433633,4.32713266429613,NA,NA,2.54110138186838,3.52416418696041,2.42773323992932,3.07505777635708
-1428.71139355897,1434.10238896014,2.34051303468624,4.01728889573362,2.55130736856492,4.12004566524572,2.34538476237246,3.01546095660471
NA,NA,-1001.9006037038,1007.07275343023,2.43650376135895,3.51709699451691,-198.076306481992,203.433704332175
NA,NA,2.27248515106204,3.69865305791772,2.1497602532355,3.04789424360099,2.68192894288221,3.61800898649968
2.04111970821324,4.00369983090042,2.43498072156414,5.51956986859295,2.60436142533183,4.02768606428338,2.72323127506163,3.44205816857941
1.08513337496524,5.39211719931968,1.8189430843134,5.84269654363878,2.3595304332473,3.81432425299835,2.63380575247783,3.38290085510622
-3250.39118228969,3255.80434562891,-1473.98420278674,1479.75645691903,2.64166107123937,4.0572216551168,2.31327838375947,3.4907657522245
-1713.95859438862,1718.84770486282,2.12839004154699,3.62117759453077,2.63044884038192,3.90912086380078,2.61963112087899,3.35772473073801
2.15963869614725,4.17388893748279,2.31575733341297,3.97976461344688,2.47110427541794,3.69160369726745,2.86660279308666,3.8151618942069
NA,NA,1.58156666927561,10.2414335599718,2.74139244238786,4.54230530602254,2.81868697207654,3.67044126412338
-1.47041551691735,15.3543816289891,2.22537791397104,4.59927613091383,2.52553408767284,4.43494698892954,2.595397600589,3.50165615177375
1.90487971564973,4.1009138696706,-636.038558230359,641.152384768521,2.2997176342843,3.15080552576361,2.6892719123466,3.48693554831203
NA,NA,1.82607578959789,3.51599541722947,2.63739582001232,4.17007937995552,2.55067918420524,3.22715937148295
2.15449726158082,4.68681932203526,2.4477170306008,4.64742774244511,2.38608607211581,3.51402020960156,2.62488032066089,3.41187899660758
1.1356600451885,8.28871162941777,2.50171127743298,4.85137370981906,2.41685443216123,3.32156388449673,2.52791952324879,3.15574783888282
2.22353433461114,4.77209840628164,2.28313919236306,3.19275170716162,2.48688111739081,3.86129830206335,2.561972943335,3.36602366875067
NA,NA,-1554.67661816797,1560.16531150243,2.27585763435523,3.21791342926022,2.65656110427517,3.50084592056596
-898.555681535593,904.129999821896,2.36131031165801,4.79630344677024,2.56380413156127,3.92804768432725,2.63409059955864,3.47609780313759
2.23943596304287,3.93886335519592,2.15071680225067,4.32587573550686,2.56659314621841,3.89287053652048,2.59305211616993,3.48858775635619
-1711.84623214506,1717.30702170395,2.32474966609409,4.30550353275585,2.54605616107602,3.72790998543489,2.77132190066609,3.76030684864174
2.0031524251726,4.29373528897422,2.22155763873727,3.44648886621267,2.78834472055564,4.29670040904753,2.55200646531661,3.19135684138629
-0.0209881444594435,11.8587066975207,1.93069358616041,4.05720186239991,NA,NA,2.64828696609714,3.66512384704224
NA,NA,2.295811629499,3.68118853183372,2.69197558285316,3.89166772089246,2.62436204310921,3.32157464292447
-464.050027797605,469.657470942989,2.72240669159416,5.72834084025507,2.77703311842247,4.09355624951744,2.62267662859246,3.44092286343476
1.94816316758378,3.62701528530388,2.31046677746386,5.56420982940313,2.61820417344491,3.90803523723899,2.39455627810997,3.2994304064898
1.6101891905274,4.25069041841011,2.16273205742459,3.92452849092855,2.66469756939298,3.93411343801447,2.51720346739087,3.32696267943766
1.73267426590723,5.92060079362593,-391.653006878241,396.899092058983,2.74474377322939,4.65523886760769,2.5974283517668,3.4143989601413
1.91910515398977,3.80762067139925,1.7097559362523,8.59238540633801,2.38987296749227,3.69332303689366,2.54013400108179,3.50662310033854
1.56788198176284,6.44040921450825,2.0518988916793,2.84403244898336,2.4020469628179,3.23196882765921,2.92015146445628,4.12811012783761
1.66362996244027,3.97043187036698,2.18490690718565,3.08104713188285,2.40601643912002,3.35199198745494,2.45553494905321,3.2558719479002
1.28544480450069,4.66902454689561,2.19494870575482,3.87774111133278,2.51821656647116,3.87089464035148,2.51773629373404,3.17180231168016
NA,NA,2.43676265314567,4.17938261280861,-255.584920055286,260.827601539948,2.4335398687843,3.24655591068944
1.99689484762876,3.42857468932984,2.51847618777105,4.34186782815523,2.72305587307602,4.42887867928528,2.66494376399709,3.39629502353487
2.16145106416117,4.65399330373137,2.10595862755474,4.39815958100964,2.28310457640237,3.08984019137903,2.43848502034125,3.25025627669455
1.96714047053827,4.04345381309949,2.04790123585872,3.79041786231692,2.43394092011435,3.54413959573373,2.77682173683807,3.61195821949181
-4114.49903301749,4120.73325263659,-1448.09144674524,1453.42648322813,2.42123262211013,3.28337713981195,-215.971473857949,221.31539910952
2.00402993333436,3.77689720303173,2.38507086529234,3.99961640307135,2.53450783476964,3.8033268217721,2.71232081936761,3.84060902021623
-937.40117924609,942.812345927984,2.17007658609217,3.48809908186403,2.31891965053008,3.68298214203339,2.74650559957649,3.61682625022818
-469.692478500406,475.041385230931,NA,NA,2.1088693928831,4.20770844140407,2.59880065059348,3.50139497129079
2.03505414799123,3.42555663426904,2.43106734258135,3.75387790850438,2.25804415867327,3.22962685417283,2.77692123197175,3.79516800614046
2.05385926121367,3.36108402814254,1.81740748858999,3.52832423807586,2.52415321498921,3.6410453224186,2.83245751883427,3.72000343838243
1.85315075523924,5.40207334618513,2.56459307476421,4.76988821998697,2.47672928669593,3.48702277250694,2.55503880275928,3.37341993917803
1.9071734853207,8.14779083059104,2.24052522058388,3.51256423373067,2.33125724545683,3.54974835919327,3.18518530840463,4.80550399214408
-2791.4026449521,2796.90531749521,2.3247710474468,5.40281562217471,2.62351831673081,3.90644184779658,2.89224389662129,3.95753590608332
2.20468488911617,4.28001616731039,2.35697995835103,4.4752876850885,2.5361291704883,4.20191015910985,2.63806236641319,3.52919831149355
1.89297213106934,3.41554511558945,2.39378889201346,4.69675288566119,2.39082745381313,3.26516373251791,2.20374800502978,4.24429719341029
1.6899695601248,4.39590429910849,2.28044466996758,3.44266683693081,2.71372796783805,4.34926322007373,2.55832736278465,3.27521330146289
NA,NA,-2165.36575204628,2170.98314825325,2.52413935952721,3.96572114175743,2.3510395561508,3.07471284309564
1.88817623901417,4.50006035408689,2.37914482415063,5.41544703875944,-1038.24459728553,1043.6796981605,-473.725457667858,479.073577896653
2.01875850685523,3.94375782762044,2.10655523664772,3.67275555853308,2.35363244372551,3.15838810806801,2.60697598645687,3.47385528341265
1.34372323275603,5.43345882473617,2.29206260192518,5.09856071405163,2.31107106815913,3.66883469515685,2.55411548833861,3.47105968857529
1.8187416142252,3.26435892734293,2.60262913616188,4.81361759394365,2.59099403885339,3.69872405323006,2.81728370816029,3.71067264858394
2.05607951157984,5.6017873055466,2.24437902659367,3.55954844112156,2.55619883137762,3.47607487517489,2.64147860227502,3.41564552512277
NA,NA,2.4402481268504,4.36646758026867,2.6810910350302,4.1170317532415,2.48379784267549,3.30230354929625
1.62534085121754,5.84526557222754,2.24514451701926,3.56907558556643,2.63624684808941,4.39996429369275,2.58161674689206,3.47778979498382
1.78250610386654,4.48095178387818,2.4337409287059,4.8218910117972,2.53366762355858,3.76632509609862,2.48181780676742,3.12248764366947
0.610433194044053,10.4775480663917,1.34062287493784,4.68237397711051,2.44126680006427,3.50732631688184,2.72514577487921,3.68120218911429
1.47586385402632,7.83692043898974,2.23360707338459,3.56023885043815,2.05310269549238,3.77036379077003,2.62157647457561,3.33475629048325
-1061.4833372522,1068.25699615345,2.2964977509742,4.01931799678496,2.24707354189965,3.32151879223484,2.5670761129231,3.25335061669353
1.80746355913357,4.20240264766694,2.37311988415791,4.4423185619488,2.39761470268473,3.76550540475001,2.50780120930214,3.20197230769944
2.10731587251487,3.43004091417146,2.2239106950795,5.14787078496538,2.49002798404643,3.91508874106822,2.81376549248057,3.83592839980742
1.93014497412387,3.74076797368434,2.22075489240523,5.59336510615318,2.57377811419667,4.65343746966065,2.36086120257071,3.18190057315082
2.22841080538075,4.30744592635418,NA,NA,2.34417823429072,3.49072032338104,2.43142307718293,3.09947847444192
-4308.40248933196,4314.10893887878,2.24382228483751,3.46844737932382,2.53900558529343,3.54507906895411,2.58764289715764,3.39256944771457
1.97311819233968,4.85492364974401,-971.863958964177,976.868759212674,2.47211478894644,3.37192843550092,2.54308003475154,3.29863613941405
NA,NA,2.11856429072354,3.69885680384888,2.8104168512344,4.27843125560059,2.67026551049315,3.50104198758934
1.83543391564839,3.50710424220945,-1178.36854484874,1184.09369847771,2.65008365255604,3.91995137288893,2.59966048010327,3.30363769464149
2.12272557145653,4.09488195683887,2.35721064243746,4.08081550323513,2.64096536447234,4.59831637194542,2.62241690418632,3.49242729563503
1.88580395913911,4.10743652332364,2.27477559621818,3.23218144802263,2.68245742287008,4.22882395274627,2.76286656079657,3.68167135102628
1.85445647718727,4.08899037896094,-738.98574268778,745.034596661653,2.40581924870639,3.4619661242469,3.13996783193774,4.72741813114881
1.91552849352489,3.68966990348296,NA,NA,2.16427290488329,2.83262878725805,2.70356219087567,3.43636047946183
2.10636207229988,4.70543279584678,NA,NA,-926.084718597707,931.604204270073,2.45985136913922,3.0885808641225
1.97362780467634,4.21503341183785,NA,NA,2.7330656659628,4.23244935817456,2.74980887415701,3.79258091070034
-0.208869718564437,13.1954766253965,2.55960530801307,4.80351120731545,2.49186460749975,4.01100410568239,2.79527659055837,3.99556458585702
1.51647901025959,6.1481586630961,2.11902468743014,3.85117141338726,2.56240267579593,3.61381014185534,2.77064688102955,3.77799258198068
2.04440251958259,5.60931717105105,-177.230345488022,182.362792116151,2.34209969570526,3.34484228003851,2.62150995464087,3.25161297482838
1.41693039080168,4.29160297441878,1.27278237328932,6.02076678843457,2.33713233025525,3.10428057474705,2.70120477458924,3.7562191343437
1.874184759339,3.53209930729459,2.12567419358093,4.62982627424576,2.31944227901063,3.21710320803965,2.50253854933182,3.12966915803
1.20052274394627,6.47100423011077,2.14918030120802,4.23389034691666,2.53559513185301,3.64884416043594,2.39257422551973,3.04349289026825
2.07488257247087,4.58428053621114,2.42247459924042,5.37549320844085,2.54347637070663,3.66917633101305,2.686657119449,3.4927725675645
-286.356874658739,291.730434148068,2.0902411784454,4.06581962256018,2.14224658425861,3.87671693084221,2.62473485296809,3.33032382989805
1.58095473642041,5.66044686058696,2.34640497238698,3.47843770816617,2.18070117645112,3.61586354324336,2.56206754975606,3.44831320937347
1.9268242065191,3.90983468183813,2.23531207472606,4.10278623845654,-388.811389072817,394.180045785789,2.56469368239283,3.34895795119104
1.69966410959722,6.20109246121743,2.12834767683767,3.13930357030114,2.43445036061854,3.51486818021539,2.72861453069187,3.61342299181948
-1222.96679758585,1228.18495137278,2.37187785120481,5.44727973567577,2.81389475987174,4.20633821796906,2.59898306668337,3.34806301849529
-2.46480988671349,17.7784887853831,1.8536207649183,4.22194975168447,2.49551873110421,3.45893938293262,2.51755752179665,3.21242511017704
1.88641115234505,5.87055280198636,2.27268103137036,6.38854090613368,2.51043016722157,3.38238629882106,2.42018140547007,3.11346355829671
1.67448984022713,5.03000868075927,-384.206646680452,389.817349812887,2.61379530228653,3.98483081372748,2.72912177324855,3.49922927279699
NA,NA,2.1718490091107,3.18733589786367,2.43354798041499,3.57328780361443,-312.475661094837,317.957018881579
2.06650316017856,3.23440069955281,2.44422565575223,6.26706173226237,2.37484166675335,3.40120648282353,2.97559256211712,4.37956558545887
2.13469129007483,3.7300831961455,2.15378847904329,3.17114325240073,2.44985574019994,3.43537553249478,2.68572737787674,3.56998957789047
2.09233307350932,4.19506029547618,-453.162525828332,459.368238530125,2.65381178452106,4.99552072498069,2.7507507239269,3.53754626726933
1.95115191674353,3.92936850143101,2.26351924047218,3.50510698376629,NA,NA,2.41803541272838,3.12427856426294
NA,NA,1.8592566142411,4.03908813806749,2.86614874930523,4.8982875197319,2.61684291147511,3.31613971454202
1.97424010138743,5.34934041667047,2.16286305080822,3.4171120062577,2.37871905917291,3.3878880132266,2.63275736273226,3.31325055130156
1.86996190218976,6.33128093573429,2.27795410725302,3.20006339087988,2.22941887085558,3.31788363413726,2.62186186012164,3.36971934046215
1.47489693619628,4.90077234303826,2.29841557085682,3.69110436596934,2.71399192278091,4.03013882973874,-369.060854044739,374.754527687753
-2748.07622366561,2753.3327241085,2.16038256647265,4.43060732458311,2.58797205059424,3.9471156712369,2.54297355231456,3.23803826843304
-1893.2450260524,1898.6290493013,-278.939732614227,284.107316589324,2.69009888875505,4.14174967620689,2.66587774422872,3.43107829444441
0.608222463163088,11.8362979074478,2.29560653373481,3.69463222977742,2.85039039569405,5.13885043059182,2.50866951702015,3.28200065562788
2.16781814340276,3.77899075085615,2.4921291046369,4.36380900588887,2.41493942348235,3.56328953480315,2.70249239556997,3.52799118462892
1.8371421971021,5.77190322171935,2.30722470556435,3.75629723422349,2.40190526893437,3.42098559387468,2.63349090429978,3.54277001782884
1.89159167537742,4.5905850467171,-819.621801334772,826.506540585919,2.41153041007789,3.31389423232669,2.74874634966344,3.6756818907534
-500.760953940866,505.970598792631,2.30375938381042,4.16227926626979,2.48974700128084,3.53859277571869,2.57384522511284,3.30033274424959
2.03742560637198,3.98811123426742,2.06189056423736,3.52492186879262,2.38986723486683,3.48570911481493,2.71696938609323,3.63977994767527
2.12098609219761,5.38570337026214,2.34996626494844,4.65080084577077,2.70499930158901,4.31109337296093,2.63150305278821,3.34017965087911
1.99440011624018,4.38984634107693,2.10517561649621,5.4360478849981,2.30519627770791,3.32014592956737,2.5864123112738,3.2586895848339
0.342775853225668,9.51586742571478,2.51428163086951,4.9589219906003,2.58932683997712,3.90260652640043,2.72690675789224,3.47909680765527
1.8713511415526,4.76292371987655,2.34696327105357,3.88628630888985,2.50252928282884,3.80975098517435,2.63168824658812,3.39587988369209
2.09270038939641,4.91112868476502,2.17941501849043,3.88976346090272,2.53695150629541,3.77284706520829,2.53911271883793,3.15053672525213
-2463.03120364512,2469.78917205437,2.37985750884213,4.62599398441191,2.67687018368428,4.1009359688854,2.70253902526642,3.49745528574717
1.71081013371089,3.64379426094715,2.37662682620624,4.14753225821544,2.68033033443804,5.06495356959564,2.74107763986545,3.82366488415354
1.63563306025417,6.2268027314688,-1025.86608250732,1031.47166746003,2.44126291906362,3.57484796813071,2.80730558963632,3.69506019292028
1.96957791235499,3.12979286129329,2.34174943809876,4.60156729059264,2.5990457921578,3.79390638754545,2.65347653467743,3.56763423448187
0.163901158561306,11.3819762139912,2.25665343067791,4.23962397686033,2.44697366434075,3.43043930441002,2.62187784904206,3.44340812741555
1.3399689296986,6.49410969012467,2.11243393089539,3.54899795642405,2.24655692145835,3.08696004109188,2.75963670482082,3.74106808557254
NA,NA,2.32858928295718,3.58069995002534,2.29722751610037,3.11278495605395,2.47173463653093,3.4672507002098
1.99179380963258,4.60673215429589,2.35502715317588,4.04954477047019,2.47169065044884,3.47173742550906,2.81109684389499,3.7947964968105
1.89745836000549,3.76273774017008,2.27291796384521,4.57787436354751,2.7099865818879,4.66484154822964,2.90059505187705,3.98068797407796
2.06280422233671,3.59084302845459,2.28396230363409,4.02077840521451,2.54919809209498,3.69969285244081,2.92757030483878,4.14655550218177
-2668.84139302075,2675.08783459825,2.45041572815696,4.24923432055147,2.24838463973905,3.17618100534845,2.70591842301012,3.67157838715538
1.92287677400238,4.39399013858378,2.32606693400312,3.73453011543628,-186.669634529554,192.049977288108,2.62362216046786,3.25652051345535
1.56928403986772,3.54038178068544,2.30308663474111,4.05160515290008,2.33462395745572,3.15078970558443,2.45338741347696,3.06048973975477
0.885332630062958,7.80197828408987,2.38424043783815,3.85059342997718,2.22626997895206,3.10176902967603,2.75001843658087,3.69703679655295
1.80566651441395,5.60877214188214,2.24929519659039,3.25181706793933,2.68407129308956,4.77325083969478,-504.518518739112,510.190942577543
-467.939269368846,474.001675434223,2.15299189535362,4.58625732248899,2.34604766913819,3.18332558962047,2.68661539458122,3.50971503520414
NA,NA,1.88426198299478,7.38136677223298,2.50127012475652,3.52040825226022,2.65559324277107,3.40454079654514
2.08624681216859,4.1800343741489,2.32217186873062,3.78281358011358,NA,NA,2.58586031310579,3.59452375277519
1.63728164277636,7.52371303027421,2.6660481040916,6.03375917338825,2.511771584592,3.87359613082705,2.527451517536,3.5371421374608
1.72116118910296,5.59712543773122,2.19648273334098,3.64518301181506,2.56588588799685,3.64265019637157,2.69104045447248,3.43107253406496
2.25468476613458,3.9251213866494,2.33005989502824,3.60514778342378,-320.047757685297,325.552921832239,2.48946722608716,3.15739839109539
1.92579954971326,4.24869039979134,-412.577551833685,417.930354048582,2.50328284256117,3.68596505183333,2.41579159307561,3.18401481443036
1.33966804998616,5.47515531433814,-1585.1239860296,1590.49162158352,2.47649316288171,3.34640578391741,2.40626176050165,3.01029035460881
1.50423305990369,3.91186642943213,-771.272693329878,776.997855869742,2.65957705975125,4.16743787245217,2.65301099130577,3.57068863543982
1.95464391027614,3.97897338624605,-1353.13975669141,1358.17554721191,2.59417332576879,4.05347383653272,2.50774347585692,3.21334874994735
NA,NA,NA,NA,2.46856875820502,4.74688036734182,2.57319601164524,3.34810283843272
1.95990982409126,4.2359769865335,-1200.07924076637,1206.12877818902,2.66078021161099,3.93587540851532,2.60697626623175,3.28133351804739
1.93585326194963,4.48738924477668,2.50094595449059,6.00342164573113,2.61848278097703,4.08071537493207,2.8754309794768,4.09865903819224
2.18142516652691,4.1429264357124,-477.756883336306,483.528075559267,2.43781490287497,3.97508364584196,2.5351613179747,3.13842408276531
1.97382727568103,5.27127062430997,1.95207124474604,5.74578236413284,-1078.60020456657,1083.75730203696,2.70533609157519,3.55471398692324
1.83781006028632,5.32908923078082,2.10448581988822,3.43398251392838,2.50257424899784,3.75883970849995,2.89072200650375,4.46192943813523
-523.346493380588,528.642546876278,2.10813916714445,6.44643764155885,2.48679098211731,3.38792945576559,2.76888685803705,3.77660266177984
1.88833542079554,6.05665432631178,2.16254248896675,3.63266590619737,-275.371759355569,280.809615932717,2.41061701548256,3.36709891005096
1.92339427961131,4.12751576576133,2.41136919433777,4.83976747677411,2.41273627138974,3.51763867649158,2.60887447198888,3.52373991991845
2.05373476127653,4.138560931781,2.30176301038933,4.32551679393784,2.61487309722663,3.84686095959419,2.83834330255613,3.98726472923493
-5724.13190212349,5731.27922423084,2.40388132504994,3.95225100921213,2.59534073764837,3.92509203517806,2.75470796890087,3.61264958491171
0.752535648478905,8.44499150139007,2.39186615388227,4.14964261567238,2.55605481762971,3.79160682374084,2.81457675913444,3.68091215446441
1.86421324283614,5.16662242368228,-1998.20180805577,2003.83294648145,2.59594983795705,3.76507246225774,2.78657744796162,3.87988585007932
-1220.18566933371,1225.81300877868,1.87333143334516,3.95331964334793,2.24147717327343,4.07310195274914,2.7415420523105,3.70118228920573
-745.538929294374,750.627611448215,NA,NA,2.50463409385687,3.67223979746577,2.50235053666181,3.38519039541791
-0.218014501511814,6.59871587059988,2.27147725828596,4.49730920527832,2.63418017362371,3.87227290475653,2.45694729931993,3.18597845214734
2.1439889474006,3.64885052103878,0.305233246167981,5.57804380063172,2.40330374670654,3.54872299766809,2.72922839721991,3.56647885978995
NA,NA,-752.370210958027,757.905873743498,2.35764543000497,3.29451614047741,-936.805848670615,942.250844265399
-1359.85234647245,1366.11144171296,2.23626026294156,4.02031822775349,2.46148189732353,4.33183874325439,2.69744345192356,3.58609633810793
-703.815335350679,709.10563612469,2.17011618115525,4.12308079833136,2.81876016034502,4.89492340430493,2.70852571156663,3.73067320017167
1.66244490495183,4.27760097961069,NA,NA,2.22570348920272,3.43796341564155,2.30885198733449,3.19271817305145
1.16677109047278,6.70630461907922,-794.04264058441,799.670937053203,2.44691116154751,3.48487803844119,2.61631147738172,3.5397795089404
0.285472274355921,9.4395662628524,2.44125520439954,5.12323055628691,2.78288275900165,4.32949659514023,2.54354662404405,3.25977172827641
2.14634310685981,4.78983379065799,2.20485707727998,3.50893476754178,-798.368821408557,803.754051588618,2.7669732503043,3.72149518548428
-0.0874099447615686,5.91852602823668,2.29068980318764,4.50909981920413,2.46118946412863,4.0602536158226,2.74614192881663,3.601048015112
-304.542895844706,309.616701607652,1.98796467121518,5.12824777759557,2.42110292314512,3.55723432022012,2.41670963550669,3.08891088304884
-627.422734657231,632.49602526827,1.96216794195042,4.81500151757177,2.39817832620766,3.57488104071213,2.50366084945164,3.14161850093326
NA,NA,2.26750012829814,3.79870463095,2.24301070994122,3.28427820914898,-1028.13795123421,1033.87242910062
2.22551727127747,4.69882777791245,2.11530984827318,3.60764948559548,2.81282200500424,4.57030068661388,2.84489607449505,3.82324340711813
-5571.04920817544,5578.64003344498,2.35646208223684,6.30686142200835,2.62790537275716,3.90424927538492,2.44080128783618,3.11814199008785
2.1128524399489,6.00686225413691,-1208.76102192807,1214.30714234024,2.32523152780804,3.37008651121146,2.52414361738409,3.1864405885642
NA,NA,-725.384713735967,730.559496555411,2.5536651717019,5.37273593669997,2.65002397712209,3.40607746488418
-1765.19320245729,1771.17945452743,-1121.22510299523,1126.51574619499,2.5057324906992,3.74478222749776,2.6299678055324,3.40387017936329
1.88534785229485,4.79872932686741,-701.091290346673,707.267810370306,2.5031564998547,3.53052800516692,2.66971793125126,3.64627455805627
1.99169713471335,3.20918949036284,2.42561190684327,5.20145824176136,2.48290272447255,3.88021399216932,2.5265948900058,3.32518098224532
-390.502848578084,396.210733792532,2.20939889470998,3.90369688856075,2.41289156021799,3.6072791134231,2.76433576847674,3.81408057898923
-338.161716374954,342.993623044995,2.37899912408833,4.61417721087593,2.49063751634521,3.96395846087165,2.61764998803533,3.46614208864294
2.00336906436612,3.91552935231189,2.15554708896324,3.28004464137388,2.52476239912202,3.98570022211494,2.41810687926697,3.37591561788118
1.29252911524811,6.09644856847822,-1222.42147369453,1228.32385942678,2.464395830933,3.80816819152862,2.77923405962375,3.84090792682364
2.09328535163311,4.50970454234348,NA,NA,2.5628858086244,3.90642167467642,2.65745647408732,3.5178875597349
NA,NA,2.36688021054699,3.61253503068598,2.48337417203192,3.52290416048635,2.7333121278852,3.73829685879512
1.62170608392811,6.24743449410759,2.1306327443937,2.94244091150368,2.58868636483821,3.85186375329966,3.00088199302892,4.38210370319407
1.67944557575377,3.86355174293873,-1277.8111718251,1283.77948605084,2.1755768639404,2.99782211791266,2.65237843951516,3.45834857126918
1.15279135530652,4.52479382126539,2.33968521525457,3.54462489951261,2.4746530177548,3.33027795521306,NA,NA
NA,NA,2.1165647439463,3.67209387598863,2.77809849909575,4.81026493324506,2.39685115392314,3.36658426312242
1.97943705035172,3.83288548433608,2.36908909757334,5.10423481032735,2.54751689410149,4.15954325055707,2.56348234430688,3.31772600702466
1.92760099953554,4.36578269191955,1.68190807702019,5.0025911659875,2.5087368895793,3.67396499804132,2.82750589179349,3.84320971702267
2.06134607218053,3.7253463267266,2.09741100926434,3.37196233012518,2.34605666348197,3.21430771392759,2.49935246174159,3.19522489394757
NA,NA,2.25309074910112,3.55193334776054,2.83879577466268,5.97353285133924,2.58124147831005,3.40454808477217
2.11567887641966,4.51875323218678,2.42803193864509,4.18746613660458,2.54595493353719,3.74829252610897,2.4686365896485,3.15609161973141
1.89440524098774,5.63994321795802,2.31578948763672,4.24157620168483,-224.350951602567,229.933445136362,2.56191851220582,3.28818563213958
-619.789638482996,625.799085609586,2.47531329786066,5.52572125236321,2.59615233564636,4.00861565728426,2.56905679396184,3.34531158128819
1.81361162879013,5.931961871977,2.11488662176622,3.93626916947987,-728.575873295802,734.582967376346,2.69059658305951,3.66207586603547
2.17298261137353,5.84400001762538,2.18733286268571,5.39619783344782,2.38964185558505,3.31781581529877,2.5104967274329,3.28741932107569
1.73134969859554,6.04652381329781,2.15156624300885,3.32440807341438,2.55881134250854,3.57216415928965,-1082.11691215152,1087.5019189556
-1148.75094401239,1154.74260414636,2.31136775753584,3.76564869746421,2.46465391274794,3.50611120213547,3.09698759687816,4.57371436111373
-633.649811156664,638.522997425382,2.42857900214257,3.96912076921368,2.38973444794599,3.94936184474796,2.42776901363767,3.40028654855033
1.90839985631521,3.62874150177288,2.556418690782,4.98351210531033,2.5297873839825,3.80934158868479,2.75797405412754,3.70189083363229
1.82680613397328,5.21539322471928,-2195.84282550643,2201.17296708177,2.42131163998466,3.17636702195034,2.55195640007161,3.33207335908943
1.48948589814358,9.50653536629943,2.51817118679485,6.11751263609433,2.45714035856578,3.38293274737503,2.62769339273104,3.58693020773271
2.13469694965484,5.95247034750021,-700.531832933279,706.36799112008,2.24186155135515,3.14293123567993,2.74833096853567,3.79144125792977
2.02638194468643,6.22163926002485,2.32277493171864,3.62330481048123,2.402056151028,3.8790657074098,-167.011159163962,172.278827241547
1.95887208716684,2.98217552326192,2.04961328469275,3.53296192710887,2.50576617726766,3.61645261794794,2.70339942679455,3.60646176944694
-3.65209094860289,21.8167567855408,2.27437960438661,3.78153522366964,2.32054476310925,3.68681104021549,2.50840601815659,3.12878510890875
1.87507171066034,3.4839571666607,2.04446677197592,3.6391824937408,2.58194940180439,3.58441562766443,2.50776196230651,3.32962941089048
1.25381045766776,7.56059024941941,-1656.08286917476,1661.50343811888,-399.164681548633,405.246633994782,2.73912605854188,3.63151658103537
1.87160849069054,4.73565494140824,2.04884194052164,4.04788770948477,2.53359186676988,3.59196184931734,2.81448663716084,3.68804700165926
1.67044334305179,6.03856141229431,2.36169043747251,4.41911013304878,2.500808560959,3.53786811532484,2.74660321616425,3.62388447434265
1.96215279800719,3.89978340654815,2.01021430390819,3.85965784909587,2.81469105036364,4.45568313313669,2.71856438060856,3.74876828297056
1.54188694597796,4.83701049013787,2.49017028523851,4.08195622161791,2.40073876952515,3.45189106643431,-793.133980820177,798.94277125624
-2704.09882141414,2709.90864563542,1.90927177888596,3.69822019805922,2.63476885191983,4.14975431172557,2.54953511149508,3.36969969284418
-504.47160436071,509.385415219085,2.42571731521759,3.78458887223078,NA,NA,2.51408426867572,3.13767832079993
1.99170013747879,4.02158055151767,2.08684918792925,4.59433713574075,2.40750706722024,3.30988590830231,2.51135322301577,3.26146580335655
0.637738201009446,10.3346015304741,2.20108649168458,3.81314149903612,2.32064378183127,3.24799488231125,2.48365536028389,3.12547421566553
NA,NA,-779.725095743327,784.943828215026,2.46156787477526,3.5816930583015,2.75069021795779,3.61693859090702
-4497.70453631811,4502.83578590833,2.29112265485563,3.30300131491553,2.43035834661331,4.27577941722076,2.44699840961671,3.11842014700813
1.60282875094439,4.16848435523672,2.33397835145766,7.13815190453898,2.46532160375619,3.30875372480995,2.87839513898124,4.00730553932392
1.83888608743425,3.20381171723416,2.05643543527704,3.95272121871274,2.81872057178607,5.40520169553044,2.61296991995371,3.37625328231831
-873.355861023486,879.415237640647,NA,NA,2.40030606651465,3.87571380998794,2.78865590741687,3.85208819014473
2.33267112965402,4.47505061751422,-2031.29440716806,2036.85135771537,2.61159252536181,4.79562779909871,2.56321998466818,3.36095688769147
-763.945247957965,769.71809327876,2.02186467986621,2.75892357586566,-601.973939383278,607.246425424608,2.64535637943026,3.62495334762565
2.13758462186521,4.55910638431242,NA,NA,2.44987275759099,3.57378610960248,-569.893107631832,575.877304132448
2.06714503800389,3.97131317886099,2.23534233596191,3.84154284259399,2.14873990180873,3.61386824438925,2.57591343220888,3.32847046182789
1.9707747007565,3.95202830012094,2.04097142444314,5.7924757899384,2.544487291917,3.73609931066729,2.58946938538843,3.35716532980702
1.8603888911537,5.10216964766927,1.92577034457119,4.57194223711057,2.47196293091153,3.52234159500357,2.79953007967464,3.74506116397289
1.49421436843241,4.65604395184258,2.19082440402252,4.23051460213806,2.25939296537336,3.57097483863415,2.76057874671136,3.82828786036856
2.05218845795449,3.20835289484357,2.20950222401474,3.87408512337946,2.52368530053768,3.86153519488234,-916.399271947825,921.956905284478
-1185.55053623046,1191.45956842293,NA,NA,-1664.19507834613,1670.01106410431,2.67426818669134,3.54130286778465
NA,NA,1.79951911570477,4.37949066228625,2.01794156686424,3.27778413096449,2.78984413915727,3.75236668749673
1.99746407409759,5.25746247706942,2.02001913259291,3.70426462220282,2.81590765132671,4.10793917553919,2.65826096378911,3.56454383860851
1.76382128495498,7.59542147065216,2.13733715710983,4.05049434473088,2.64524865310123,4.16504425324862,-332.752719985304,338.074218168082
1.74867612113351,3.25371287019484,2.48238429600423,5.98210626631203,2.4314458101938,3.34755343940356,2.45287389257758,3.3172370981985
1.76779610074109,3.74346966519212,2.23422340798222,4.77654006163123,2.61673895641673,4.1572201399609,2.67068956722169,3.44088363586288
1.92216772911238,4.54780329254122,2.30008063827778,3.61427547295949,2.13565214633237,3.558427969665,2.57484480134603,3.44639088646784
1.65100939552411,6.88038762879809,2.38529510900442,3.81807768022457,0.635878877838573,5.49235790316616,2.87326783987524,3.93317407062857
2.03749141181569,4.06063952239115,1.34917995080637,4.53976035415009,2.44736417533332,3.4907655929573,2.32873096842332,3.34667535094615
2.07270710547403,3.47156785340808,NA,NA,2.40015818300494,3.53456096263145,2.62128891144314,3.29636169452013
1.85555355787299,2.74974594149995,2.30608653444418,4.11886191290476,-382.557365582645,387.971319666499,2.58107425368252,3.36435741899916
2.1225124743205,4.9123541686049,2.10574280963243,4.18631433726491,2.47043547496207,3.29504230054551,-464.097745760272,469.652666749358
1.99226212654924,4.33144728758601,2.35479329289279,4.87372064327569,2.56428996636121,3.849877962427,2.81385404217805,3.83140506494272
1.84246557208591,4.88882721092747,2.07872255606416,3.7220739014646,2.49111513908766,3.71257839825735,2.55873220028163,3.36785741437937
1.18701802053396,7.95739905510371,2.07510680915196,3.92390836658788,2.19671023018934,3.27169883959033,2.70827701298531,3.52063428956869
2.23309150846611,3.91795990755213,2.29865672545025,3.55497863150403,2.45899797169379,3.3659658928169,2.735344937672,3.70695604049612
1.7337385987774,5.04333954519209,2.11865272582617,3.84156723562846,2.39425385178317,3.29123030323034,2.73879084547969,3.65171220280426
NA,NA,2.17163479468624,3.45004800715456,2.68616413734398,4.45867301746518,2.80771879604274,4.08473702163445
1.93351687878133,5.39417773311858,2.43102252403641,3.808223597884,2.641079552703,4.00352460895619,2.60187791293246,3.22878721654712
1.90554237813694,5.19377014793212,1.86380862290418,5.73001367282789,-1107.63832257627,1113.73012170961,2.60114726521152,3.30075073435998
NA,NA,2.09477833749117,2.97185032407484,2.49905837475626,3.3238416241543,2.76948693727073,3.75051614929746
-1504.96542462921,1510.34251692467,2.11916750077961,3.33297563307292,2.66061233129292,4.07171544779205,2.72095577043392,3.61302483450315
2.15539388053419,3.50235630464792,2.31953073129121,4.57268148123857,2.53139453541361,3.63020971792036,2.64543710074941,3.41474609979435
1.94177368841261,2.98975248641762,2.26730737932345,4.25116628370044,2.94046972961454,4.95206735314432,2.64217329533334,3.45833136692681
1.7291907064167,3.80406151157056,2.35357010403995,3.94363434895025,2.60476276112138,4.07853287411927,2.61472722105146,3.40780534085064
1.55396818757319,4.34147050733582,2.19329447441539,4.23850318108778,2.35339477748088,3.34138874904091,2.38408032283333,3.45466420978291
-849.796942870805,855.574244870477,2.29673874217996,4.54636423855205,2.35935497665998,3.47718992697243,2.5184062978284,3.25637683325458
-1412.05422911598,1418.00676815027,2.1613174282052,4.26587452445157,2.53575572381254,3.61805876918795,2.35164586941124,3.01758733495261
1.56108097976451,3.4749403990068,2.184484930464,3.203331208447,-1005.42089296187,1010.69224777331,2.82493367140738,4.07022619359722
1.47542574222247,4.08164018721935,-335.640459953069,341.400447378832,NA,NA,2.51657959265734,3.25600019856656
-893.695178516758,900.156652160597,1.91991237776231,5.63002006933324,2.64944747241121,4.66080723251049,2.65801532949285,3.77381096326685
-1781.18200541866,1786.95157767977,2.42168850940054,4.94038201323236,NA,NA,2.8274621460982,3.91822644263108
-481.797067448846,487.544905717914,2.36218000765932,4.30043805974516,2.27432623170439,3.50735077549012,2.64273583195696,3.35841925565595
1.19352044008963,4.33294795744907,1.92701552794762,5.79348157486557,2.51890509477523,3.63031006671094,2.5257840787469,3.24395992458487
1.82859649661566,7.93998534394297,2.37923745591571,5.50254198583234,-867.326029309401,872.509803637363,2.55677909091843,3.22066211919861
NA,NA,NA,NA,2.38051108060255,3.30639226264484,2.83681195139878,3.87152256327217
2.09287608571167,4.36411941856688,-397.556811747434,403.04982836119,2.31552163252931,3.26941546874587,2.65594733321671,3.45071671592015
-1280.16068891131,1285.25624085951,2.35712856345167,4.16590801975791,2.52022754522645,4.32691126148352,2.50096419253492,3.33910428732166
2.17490436025342,4.66504981520841,2.27886054181618,3.4182255947301,2.3437231388072,3.104668826024,2.60655596953886,3.35817282775928
-2496.50820976113,2501.70393510546,2.27411377018856,3.79767022447852,3.00190455001259,5.04636544873493,2.53065711719137,3.4356536296017
1.82513642154751,3.2454645074034,2.24225507842902,4.23466908456559,2.58819787008093,3.70209683135992,2.5465721288544,3.30415773220545
2.10370934125301,4.33456519831744,2.26178249227145,4.97365798590616,2.6710071415504,4.20159860779148,2.91278681957016,3.96948242513302
1.85516890150174,5.76464370021772,2.60721636771665,4.34625724159244,2.74964912890196,4.94434057176149,2.43232246489712,2.98492047468126
1.79908714582012,4.9947208592571,2.22893085297475,4.35225663962474,2.78005442787943,4.27820650507888,2.61854975056989,3.61344976378583
NA,NA,2.35414015317836,3.94970552636432,2.29737426064902,3.6321238178221,2.66633200584352,3.39535667276569
1.95463883831766,3.51041013491486,2.24153752282203,3.52856409533309,2.52729990369076,4.06603753074736,2.59017938073038,3.37742047512234
0.777075132817798,6.87563690557987,2.3649737207498,4.12477387384048,2.31458180434258,3.02199671064755,2.69692513283787,3.57387653543463
1.7749213192238,4.42019551816742,2.39107745815665,3.83259403374655,2.42983932030317,3.57100866375247,2.85764750128037,3.78647427900177
1.75797112194985,5.11419346382779,0.831322391795982,7.56430446631486,2.69423884156755,4.36111190338624,2.63379087788759,3.55600966192147
1.95675204464528,4.1430412282047,2.37488901584301,4.49192221359122,2.39077600061521,3.57308799002231,2.77642260201088,3.63389293676609
1.81707267937372,3.62445927317861,1.92022464878494,4.57078743152558,2.53588504099659,4.34224948984638,-144.048090462283,149.735080875434
1.48899709273616,4.66978834269142,2.29716388498001,3.56197899756086,2.35902374939178,3.34721875511423,2.53937830418129,3.24858605719153
1.86016730091002,4.34752230307649,2.14847482302243,8.64035475252585,2.5853925534931,3.72824094817441,-413.400057919918,419.196963633394
-423.371382312728,428.412026370706,2.34927825203929,4.06469601394549,2.5087161509023,3.58124280194211,2.49292232495643,3.23532681610958
1.71639591453332,4.03155038324156,2.19173990315204,4.33241021081497,2.4573759287203,3.56757405449429,2.36397051434516,3.09698565235498
-395.282761039958,400.669338627644,2.42453886553262,4.27109693440104,2.62290348222643,3.83194957710433,2.61386396576967,3.54925860419885
1.9917717046621,4.23327069629067,2.46882704333698,4.33527285609154,2.52023717722198,3.63794186363756,2.51039441764918,3.12386782091711
2.05585904688396,3.85975191064696,-2134.58783607529,2139.99109136527,2.50691808303349,3.7470256611277,2.7136849237739,3.50420291230536
2.01489809070565,5.39648795452883,2.36791799936649,3.90852174668428,-224.759802458918,230.409518628886,2.49031354423862,3.17739243189676
2.08702683942366,3.63379742899226,NA,NA,2.60661853539948,4.56119705392592,2.76797324391311,3.75824455365657
1.63309820346165,4.65689287874452,2.17763790160881,4.70554525630511,2.43166146489187,3.73875710132684,2.52271308017978,3.14282795596512
2.02587750332323,4.9958430660929,2.23483317385457,3.78651348462063,2.86991693768528,5.14370389000814,2.51450271298411,3.11262814069257
2.08542876810789,5.0794700776604,2.03189734876593,3.14647277178363,2.41627995917246,3.51127594811243,2.6248921072391,3.54393424828116
NA,NA,-1785.88053229052,1791.11587197871,-243.175303764373,248.849369064692,2.69599796659616,3.54042981878914
1.84132013847795,4.50501055603789,2.11990780277255,3.47184525282831,2.54055388006837,3.54679321137319,2.82916115360076,3.84311975668824
-0.738353372805882,6.77817070966648,2.36922505467283,4.37818460667102,2.47884837173552,3.7198948435789,2.61073345902863,3.31683906997955
1.81243438732731,5.34530402864056,1.87501255511762,8.95801494111081,2.38641898186548,3.77604837154795,2.62561531315358,3.39433080315951
0.797167590864226,12.8499125694892,2.09613818518904,4.8241654758753,2.50712356075447,3.67843952254951,2.75758623547223,3.62771451343327
2.10697299838733,4.51384598223449,2.40681552510024,3.54068337570734,2.34917857816213,3.17118430667586,-717.096807108818,722.626818014955
1.91070543536194,3.72382106128774,-778.100594434512,783.70379850711,2.57599003336519,3.91859193200252,2.7174091350198,3.6011590311126
1.50713960635095,6.57928648767444,2.19089726190798,3.5747403520308,2.24021970384317,3.26510178806092,2.68132392857805,3.57661379028775
NA,NA,-2227.35313087696,2232.77728858012,2.45918385962966,3.36939258494446,2.89434127460995,3.98147444462664
1.87894864304752,5.95075746689855,2.10293924882444,5.28557603287017,2.31492536462523,3.61361009214982,2.63836251990113,3.35456836644063
1.85248911754389,3.42565223548997,2.19435235170096,3.50727322116368,2.40110139763984,3.49038952463745,2.76053331889831,3.64188988149226
1.75008760362357,5.4052976342402,2.18654667792104,3.32398295624467,2.4962021593697,3.43854033848981,2.44130737206176,3.09949641412585
-0.408271406029941,13.1760751503943,2.19497218192975,5.04177303525554,2.39945278600676,4.22644760662887,2.69720164406368,3.57907012524915
NA,NA,2.19719536742189,3.37545220756367,2.58505661416063,4.11621004039275,2.61722682636133,3.58012683233412
2.00781462566928,5.22452756010433,-2580.74503049626,2586.0480065278,2.51800001782844,3.44948921021968,2.5943118964551,3.34370492300152
1.74051182630195,3.2808454127335,2.20670916624994,3.23201657834698,2.51158361101593,4.48331293021722,2.64886290442803,3.40349577164652
-346.865369430698,352.400966011305,1.34545082787298,4.53416478058696,2.37289769011389,3.46626973751377,2.93106952242556,3.87698345385201
-1563.46670549903,1569.34690729361,2.39681614145602,4.29025944584617,2.34466321118775,3.48005130335173,2.69196045166044,3.38103915976712
2.00558230352089,5.00840789246229,2.21750105077519,4.19233070178027,2.43576082066063,3.28914949142678,2.64828399847973,3.35750099112259
2.1530622509276,3.53604657206648,1.98983183946782,3.81692312762043,2.42115877387757,3.43886842394169,2.66482380543675,3.44574825658368
1.87317735457124,2.89207179009486,-699.100067866251,705.016187728093,2.37702874764677,3.47082429838644,2.67071937296435,3.44299596808895
-762.284651507942,767.505640450352,2.28005919293473,4.41475747135592,2.47715444593517,3.61839228330791,2.75032104920143,3.72655844733001
2.02397511465243,4.51901300065194,2.48591389119494,4.14012901906311,2.61483765916804,3.89783458607127,2.79470693690502,3.73378911343408
1.94805581596146,4.45956267075311,2.14637219797107,4.11485444443208,2.42276726123849,3.30110112993726,2.81083593622576,3.69212479252326
2.13552233261012,3.31159106460047,1.87952253852801,3.62069006084684,2.44340344561424,4.01781816665703,2.71408205752956,3.73802070938751
2.04404969522173,3.81590463179779,2.31675511088339,3.66285306317861,2.45316762088088,3.9563665126675,2.61933063871456,3.43145482444723
1.90851936905207,4.15887699206545,-157.521942952156,162.683939002393,2.52374624199722,3.54819076201368,2.49778049905851,3.18940957031124
1.96215622581745,3.21790831133359,2.1691033814674,6.83334849886901,2.26099126064426,3.98164450566552,2.77269376805012,3.68724262138821
1.90006850975373,3.3034084975757,2.26234394217453,5.12763789798481,2.81017867760431,4.48155250472991,2.5490216038942,3.37852938974743
1.27384249850051,6.17570374062471,2.16875295792306,3.33407347533087,2.50827481266213,3.50871339853615,2.97866960906287,4.03093280979087
2.06455821519451,6.4213146786199,2.52036004634812,5.21474055540254,2.4602323287723,3.74264859406737,2.75213723902951,3.79016831695637
2.08670854040329,3.57633237106231,2.45485405417491,3.88918177227505,-451.572096737743,457.167935974758,2.49802940484477,3.18709242954801
-1212.62428522902,1217.95233250277,2.31321478820358,3.8979349822118,-1355.54709344607,1361.25180632916,2.56602125463905,3.2438179939736
1.61151414433201,7.88268146604562,2.09180528141609,4.40446679668714,2.61052865143798,3.52596640555507,2.59193799867701,3.39130684235224
2.1267894677601,4.04261858742164,2.24523052588211,7.43111634148407,2.38496202152113,3.74121178110843,2.55826296726792,3.22796326103515
-756.332384072817,762.895906788636,-568.932213326721,574.37379503722,2.84172412540956,4.45610855700183,2.86478381879866,4.03020423642293
NA,NA,2.18514129256932,4.31133811171979,2.19833977603599,3.60750185318107,2.71074610407483,3.6041071281686
1.68442278302466,4.19771660266794,-2438.8755027008,2444.73919016081,2.8393880707057,4.44749550380998,2.5412055368576,3.22763639134198
2.16271106115777,5.14320908373801,2.51863758564784,5.29130395096488,2.50401872717157,4.20226273954537,2.63104095923644,3.40852608340781
1.90719098006234,5.49623156135821,2.27745767405784,4.45143175370036,2.90188833763145,5.74768501049781,2.72217402437397,3.65403184057224
2.04462822330833,4.34787213198072,2.1675074905773,4.39615017454166,2.45900918709656,3.8359862688986,2.65618310435968,3.48793485600675
1.18339909723857,6.82533113568237,2.26243103839401,3.94409533338446,NA,NA,2.49761110092693,3.09793801360428
NA,NA,-987.624954905994,994.461194728322,2.23684073385577,3.37675969650953,2.51214710064741,3.47593954758986
2.13051831878357,4.58615875565582,1.96435557526898,4.81325527797865,2.74906084354266,4.30458002149638,2.52866159123449,3.48350984049169
-2501.30552746047,2506.60433137461,-347.472541968305,352.854191027533,2.32156804164764,3.23303073526751,2.70011827905114,3.57737580063241
2.11971463771077,4.89713741471671,2.36877894898689,4.19364423924245,2.34730765655333,3.46369704444452,2.57340972683887,3.33282319299638
2.13766183521866,4.88275541542936,2.5401622622328,4.8263530558001,-350.901287654425,356.648441554649,2.43539986197951,3.05974461492286
1.77376908041872,4.54745250243677,1.9189633432364,3.99159650035457,2.50146925125295,3.49521249155854,2.70377125372173,3.6172819090541
2.04172697313704,4.45067682301145,2.24388602058782,3.39607919477731,2.47107720542844,3.58521434058612,2.8926648966883,4.15354848252536
1.84938572781,7.46845637160857,-237.142610226985,242.475020697311,2.49065540965419,3.70629381674921,2.62743253363525,3.38653543860385
2.07241530359687,3.36085660215646,2.37741310401438,4.61551841853666,2.69451422332364,4.07282629748608,2.64129940116866,3.38444556749381
2.11854587528128,4.18793686731347,1.93336245136794,3.96491675198072,2.18210694656511,3.08408838215943,2.73330761077003,3.66640937934198
1.97976218481127,3.68416722979018,NA,NA,2.28228915048517,3.00752298933316,2.44255589370616,3.48834754262106
1.48332966356504,4.87751066752283,2.21573486463662,3.41193949107362,2.46600408207287,3.35387218726847,2.67675549648497,3.47161683292899
1.93594115031788,3.04416535924354,2.03909044764257,3.43546461049826,2.3716537247035,3.54785929153329,2.66267766785095,3.44911745663782
NA,NA,2.12152174232947,3.1322161851094,2.76261661461116,4.22471742656168,2.3724116092338,3.08560481406256
2.09545180387271,4.02082412317943,1.65805112368254,4.83939189497588,2.41479025120645,3.4236810694206,2.69589373247655,3.51839288432325
-503.44953405784,509.386430041698,2.28211868809101,4.60815503523629,-606.211995177498,611.624805048574,2.69569573422726,3.5629895257783
-1818.51347836256,1823.17151702951,-394.88539037732,400.420953057353,2.73709954623014,4.37303214912152,2.59213858051203,3.51746888914875
-583.012833376538,588.779380385444,-605.87001928639,611.348721637381,-663.925456881831,669.81977894512,2.57350363637098,3.20199477645816
-701.255633248466,706.660409111402,2.28940969756935,5.14332945974434,2.36025517419542,3.52062783915596,2.84098859181074,3.81922805797268
-961.313481976272,966.736774483077,2.115221860357,3.70603411902504,-502.784576659962,508.282138190715,2.02882056643756,3.73349330797473
1.86954555928569,3.84958421147151,-991.782855099246,997.761981407375,-460.368747239646,465.960058602191,2.62407021764679,3.36486439566116
-2141.410859653,2146.67009771918,-2084.71426304887,2090.52922373015,2.29352355539027,3.05507530599043,2.71313054986959,3.5770670568144
1.9041923849653,3.54366578393825,2.24167190311825,3.75232192313321,2.64603709535776,4.56305006292218,2.60974018999197,3.23651575666312
1.65620586309722,5.95364999981781,2.37345980284062,4.01369715932579,2.42602284112019,3.54856627282077,2.92014362909407,4.02039508207725
2.01457062517194,5.4530144206301,2.24369846450135,4.3700043806225,-742.864287488687,748.711900030954,2.82089150609998,3.8292121894505
1.97516228519329,6.02057131315359,NA,NA,2.56182150477461,3.63979611474885,2.80801009741314,3.76595192583601
1.93655134770569,4.00459908597235,2.00319826295398,3.2191089447734,2.67472165517404,4.25592073596244,2.55117431174081,3.44015305909038
1.95618747645749,6.26917315264092,2.2417530008712,4.89711955458193,2.45102823745314,3.44764870024367,2.79852968049388,3.6712571288918
1.40901826151749,7.99139666231222,2.41749591787229,6.47849501520644,2.37314912544927,3.16579576174255,2.65320115263788,3.32503709411464
1.69842426466174,4.12880062934496,2.21534278816944,3.61785513464009,2.3030399686871,3.76042691164727,2.70438470141163,3.57266587430975
1.8187823719312,2.96746949329168,2.22414781970551,4.15421023164591,2.79148451800709,4.44952536636545,2.81840498997708,3.66183507393406
1.84517835320057,3.30198419772199,2.40526977773382,4.06782389711126,2.38951638636304,4.13995180562632,2.5428094283346,3.43402634819302
1.5469786571639,7.85491073247332,2.34137929370687,4.05079691885788,2.51956908918021,3.48508773319462,2.53416030859062,3.17446217268603
1.7547647868021,3.85350374763491,2.22679509277106,3.93715062443148,2.38804688653048,3.36397741649338,2.83699954670841,3.94799687573988
2.1756949917519,3.97249902980378,2.36291919876603,4.10179660383263,2.32744866610461,3.59521131351829,2.48045105858603,3.20095895657438
1.81317302983079,3.94870649395185,2.31370094004089,3.92733400149455,2.70475218079158,4.27948767438853,2.49595331381543,3.07897988146445
1.5797399067953,7.06702092051526,2.05232567502709,3.53480279227983,2.53515519724306,3.56096045155198,2.52652195844392,3.25536310431856
1.95755345570258,3.85848545346192,-624.874354908768,630.459386868334,2.30254512899286,3.84927562823698,2.73694043932519,4.12992216075684
NA,NA,2.20994435420636,4.23845365371336,2.58571703614729,4.01623276451539,2.65518945911072,3.40404294965592
1.7420564179182,7.3200489833773,2.0996091563319,3.61999626558118,2.88014337394217,5.27212764076908,2.86079326736431,3.89194061161328
0.900715647317277,7.96486997062293,2.46079884339074,4.46599528885037,-2516.4359891773,2522.40452699766,2.78258947663426,3.87876705368041
1.7827870004079,4.83544359062717,2.28582441274582,4.81673102309348,2.37611458707329,3.62769983297561,2.74698294770121,3.63649120820164
0.973393697444632,6.4516413001009,2.55218871741292,4.37233608581411,2.82930009097791,5.96472938897067,2.66581367348707,3.52807732318442
1.61752953820103,4.18949403856328,2.29403724833654,7.50315930829955,2.41434703287062,3.36372238762821,2.46718853838932,3.37815157435735
1.16256881256782,9.3587544872579,2.28930428887301,4.19821924085665,2.42639096775328,4.10432954937619,2.39532982565478,2.94599139713032
0.195119341020086,6.07378567226413,2.32589710138695,4.82394763149387,2.26736599873265,3.39546179693833,2.75115174024064,3.69897505383427
1.88284917131773,5.13193454850434,1.97845673415001,3.92229675770501,2.75860583098652,4.48073174933487,2.64875304211399,3.38224217088686
1.80450728023192,3.08520247456009,NA,NA,2.39670099519258,3.4471402148964,2.57201614690083,3.36738743673946
1.20602252074559,4.53877228722938,-995.607656787499,1001.35190586479,2.57516849263549,3.69137892386442,2.73766563803194,3.57796218086406
1.82867325983547,3.99784579340504,2.4830664979458,4.09280451531108,2.4867780902707,3.65298540484354,2.57551506720673,3.43396372389393
1.57787319916246,6.7844809356256,2.18509541951192,3.13652851994254,2.41948642244941,3.62044067114239,2.74135580172539,3.67656090732336
1.95410148350929,6.10522595806631,2.33918777916544,3.86145498312357,2.60972504453777,3.95852401441563,2.66387938894997,3.46837763211748
1.93133484310325,4.58030149389059,NA,NA,1.73738096090501,4.45411469542143,2.58822346534454,3.34065939530709
1.31510125796658,6.46056127035221,1.43369534489356,7.51664430325486,2.96984975818377,5.35090901326733,2.83923959260803,3.88468086083834
NA,NA,2.20439528908186,4.92147985465213,NA,NA,2.47131121406213,3.06146783083087
-1427.17021090872,1433.31816223717,2.0170978977147,3.4325515581947,2.63943824640669,3.98312792187601,2.68555009850741,3.46595293746818
2.11892136044368,3.82408167570337,2.18436344711145,4.62334445404228,2.05969304575253,4.00405312329099,2.83522233730176,3.77706111370369
1.91813407630935,5.19609693410621,1.81976927895426,4.51130945166368,2.73336213149933,5.08281488646461,2.68687021231329,3.48874492238919
1.45059197406689,4.89907613217724,2.22269140205195,3.53705363333947,-403.356586210921,408.685514347158,2.73491514683491,3.56811464188839
1.91499928541097,5.2718990194046,2.26451365679552,3.45661571394623,2.75039275429128,4.17333540195875,2.77599244865099,3.79706444874213
2.01330912375084,4.85971553758202,2.21838015102377,3.30453760160706,2.45225664815033,3.51125174213294,2.56420180994729,3.23755190563596
1.54870934750528,6.37993630044775,2.22022578359549,3.71135294434946,2.59636199285486,3.64237821372695,2.80772629296975,3.8821670548095
2.03007097258358,5.46252594883456,1.97178081073884,4.3074497344616,-253.64606840922,258.992335412062,2.50164207083391,3.15285314763043
-669.886686420959,675.154553906517,2.16811181064242,3.7029245974661,3.00900619079002,4.79761663080757,2.62493887178405,3.42388103461565
2.16205288221993,3.97300072325481,2.3701891118312,4.59075644536585,2.52090006926617,3.81372201130702,2.56959104568512,3.25488968429199
-914.2600560656,919.571595462198,2.27725056018796,4.04378767449005,2.47673794720985,4.0149006292072,2.53076282907224,3.41852682153641
1.89766429873897,5.11670459875145,-468.897301486596,474.720599409944,-1484.01239770992,1489.51831524912,2.51335388189923,3.17538812195175
1.85807233565524,4.20772833957698,-323.915676912565,329.555632903352,2.4412014150997,3.41586809378856,2.8360293236721,3.87006869086878
1.80911878799452,5.42103669621621,2.08375261714674,4.3834495356856,2.66850546875889,3.99577619962077,2.50396618881844,3.06647159006332
1.83793193487782,5.51954986663223,2.40542666011299,4.66305065429034,2.34095744478243,3.38300539578405,2.55248849498473,3.26927541740941
2.0331529443005,3.9655549316274,1.97718824032245,4.34199339207367,2.61251137639069,4.38576936091145,2.80280443701933,3.62041441912609
2.09458580834134,4.58256173092979,2.20062050368615,3.65185415395569,2.45959682049039,3.36042330611034,2.89148938699307,3.98981551252403
-360.540976512816,365.701687590003,2.23831660928262,3.57022814057984,2.83010434502335,5.11781081968258,2.8523888008149,3.97760506127837
1.69379244471098,4.08032024610753,2.28184297550658,5.20612179729479,-178.208539395311,183.558463411073,2.5041819102046,3.35686803109135
2.15828840425831,4.16710336876026,2.36387366035224,4.05131146050483,-291.826573835923,297.296869307664,2.68044837666054,3.57889765609585
2.11650420390202,3.5568089217586,NA,NA,2.57119728806344,3.76984586391891,2.73567691497196,3.56466532195065
0.823838354145461,9.64377666367156,2.39733800318705,5.48418662020058,2.60612793811323,3.71279549209917,2.73003207046335,3.61414484108367
1.65276705912054,4.30762862165562,-843.086452050248,849.077443495933,2.25651166429944,3.02971848332148,2.60003398451576,3.31658730317785
1.81245263687402,3.4029894954658,2.23480099793998,3.34412702396579,-1060.50410719468,1066.05291510009,2.77936218148199,3.65216828933094
2.0082338007429,5.34713243594541,NA,NA,2.87259152017615,4.46173975678114,2.6683045977415,3.51331762895541
-7279.07335866795,7285.51339314646,-366.404782076148,371.495591039747,2.55667628197824,3.63445963700237,2.54931705394409,3.23168263481859
-1140.52445314455,1146.46347998527,-1646.6149443282,1652.65276848778,1.93806682523378,4.35191016119255,2.52725476443301,3.19786783958989
1.89747329168239,4.49071017391257,2.14244642604276,3.96686082796017,2.60083786485785,3.94904069958832,2.4243555556093,3.38026738876365
-481.91089933869,487.093458625613,-710.466315289225,716.114825322552,2.67337197284986,3.79874340488615,2.85229229619854,3.93758813437647
1.90002881102001,5.18116450381051,2.28788495253087,4.33487619295336,2.55904228475967,3.7611712144634,2.56765636427064,3.36486613998253
NA,NA,2.20321312136651,4.80322279217945,2.47389617461096,3.38955475671628,-783.97290577865,789.526586637541
0.915671891835915,10.2689708032466,2.29652857530807,3.30508854751772,2.32083269657481,3.29799901614134,2.5787821708154,3.33408959613114
2.03612739373412,3.88578232073204,-328.421410522211,334.110366422736,2.50366629868047,3.47703982935987,2.59097622167852,3.29823785874296
-1309.46419947523,1314.58099927161,2.31777774322587,4.88426513264554,2.27688625170048,2.96064422707455,2.55396199261937,3.37770739341389
-2582.8680747,2588.62428569065,2.42325480469547,3.82231813653681,2.51607718199573,3.49106655582482,2.72965159431809,3.54997270035628
1.49147961442226,7.144248539758,2.42037381510996,5.63832585051205,2.51280536370817,3.90288649540155,2.92818319466966,4.02591961484603
-479.897179991114,485.556002570415,2.57746818957014,5.1236071803817,2.46440166982492,3.59763444215539,2.65446594912744,3.60649140626197
-1045.90597836703,1050.99478188729,2.20343274035565,3.60053199661668,2.59787074117598,4.42894516858167,-232.083680375625,237.584585441395
-770.567879498515,776.44500987333,2.23887972215468,3.64214202815847,-214.085302770273,219.702266516985,2.70208561874794,3.49709881704345
1.98814451237571,4.78217684536353,2.39437136282197,4.23354358471076,2.72168044505916,4.2725893013365,2.64297694480269,3.44997996991485
1.19279344467436,6.54255017596528,2.27879155021154,3.86190215369683,2.62144106141575,3.9251942482166,2.49588068730332,3.54934761867657
1.79730853561188,5.23245375416453,-2478.42341175899,2483.91815131485,2.57819753099758,3.7383916052883,2.51052886256673,3.2349300122084
-1373.28341426204,1379.05956598343,2.11391999171715,3.3770833781649,2.63613289529089,4.16526635704244,2.75310502373102,3.8020941464127
1.3657948609888,7.3318196031774,2.22091108701914,3.45995856283274,2.49434210480059,3.58943196079881,2.57967792898131,3.32820441714055
2.15133685807042,5.11427138061424,-563.938817118881,569.771147918666,2.75622749142045,4.36749138616665,2.40436731811849,3.22898936719078
1.91183094778424,3.86977031379457,2.67489618308432,5.17443245186435,2.36765338891679,3.31704126429391,2.5762651279198,3.31694672559725
2.19590630364901,4.61264851059482,1.91836273122024,4.47109462184144,2.45956069387257,3.50827986321648,2.91663113723213,3.88733075865741
-3.47575627443614,9.19611911372449,2.03794006821093,4.50551828439211,2.50314381377825,3.93908489672719,2.63620362098169,3.37724323892748
1.33537566552304,5.95525125982919,2.3319892474755,4.10856432102597,2.50691457129014,3.77890222111424,2.5425463729027,3.26456385546118
1.93654005449373,3.19315291575114,2.4418779594087,6.16711464942367,2.3332171500498,3.59181984837453,2.69655741270638,3.55768112688555
2.0227857841895,3.95795679504477,2.15628111770972,4.40024228422727,2.84783665542816,4.33817303273763,2.75251867788892,3.81110111967666
NA,NA,2.13219612296,6.73331553315125,2.74074657356862,4.41511564533794,2.58662576811634,3.28255085427589
1.79478950466675,6.68214986337328,-373.375407140394,379.438138354943,2.38478390051002,3.2858316375327,2.69927203015743,3.50728737195907
1.7972324614506,4.27563797757586,-213.390698548991,218.506826480241,2.3769060626183,3.59298535072974,2.54374593645197,3.09711668927372
2.0777595317428,3.70184512810879,2.38294497573861,4.50273959248462,2.47818298343389,3.39860454595743,2.91658014600427,3.98567806668718
2.03159277285323,4.40047546494435,2.39168564194596,3.8064587802105,2.60571485517959,3.92003380096837,2.86742327985315,3.84080829089215
-3658.12771663798,3664.01592499434,2.16083269962568,3.47088600952912,2.49815613274371,4.2032069337703,2.62703915101666,3.32993535076725
-2327.45258037412,2332.5981383766,1.88477705748931,4.49106272749817,2.46631668572467,3.79777075413127,2.67504193314027,3.55193784513877
-379.040504196299,384.868410780097,2.07752327225563,4.01391031320055,2.95286509890693,5.40761849110815,2.48852793928868,3.17862637993607
2.27563653843436,4.68895661804369,2.22466446681555,3.56367173115425,2.65243936915153,3.88193975900936,2.68983210952534,3.59393852116412
1.80965521689404,5.03284808034676,2.3733579137693,3.68869143976954,2.31226085980648,3.63529296293898,2.65351596035479,3.43125083666372
2.19056300370944,5.47836836508236,1.47746575374324,4.87018664538884,2.6093022965249,3.75744544509558,2.58868524714055,3.39404751395173
1.85722813265948,3.86737390104899,2.24645604044641,6.36293756948803,-813.495025451751,819.074093602698,2.8082933268979,3.97647720065398
1.79095058668484,4.56324643897232,2.15250805864139,3.25744743916335,-299.349108989729,304.817826287454,2.71261842695252,3.57307065453835
1.95566561963586,6.02166139668897,1.92449865446495,3.57954224152077,2.57202950641929,3.80116987019541,2.77966989727526,3.77055329675286
-1897.15985244762,1902.7186657954,2.27348348451002,3.90226570572768,2.50785117656838,3.88153643263905,2.52719834533566,3.23466790476616
-594.726902508116,600.30428206731,2.10837340653013,4.52133328567333,NA,NA,2.66985358431665,3.38080908413179
NA,NA,2.26449226808096,4.11825348133434,2.66056467733083,3.88765111091262,2.77845201010848,3.7710965016655
2.17276830594338,4.2389534261227,2.16804853564187,3.97196032138356,2.77057939189872,4.32272503001831,-677.303058984673,683.131922117389
1.98868570473239,5.66581725616409,2.08324799879545,3.22733952810554,2.42576129711698,3.47326933628556,2.63528657707461,3.47511856062115
1.90178995431945,4.51232427643705,2.2262584838368,3.36744020621857,2.48792422959935,3.73342150116466,2.61792207659316,3.43123805823285
2.04583100381834,4.34271329945855,2.11746915038404,3.67577391408424,2.45938125143467,3.63309322113246,2.44009376429278,3.22261831871835
-663.660396610714,668.973769866364,2.33912532900393,4.42944838319096,2.41793559102405,3.48530298985895,2.6240364581911,3.40699856966234
1.71483164651147,4.59283224097853,2.25017963362506,3.60946329471779,2.39053759778095,3.21873658835641,2.63966279540524,3.40393650416753
1.78115519736237,5.04873426208631,2.28180176556559,3.4288998326779,2.75320278857984,4.17231323115333,2.61709942508834,3.65428064267041
NA,NA,2.15748832471919,3.1813666889375,2.76744803147179,4.32987261713604,2.7380804149514,3.57205230345415
1.88564105471529,5.43148172625491,2.39301667337097,3.88234353114201,2.1925751227573,3.10749235447788,2.85381035297078,3.88146173899646
-2.98862025972994,19.7498720785348,NA,NA,2.33690378815045,3.55770383528056,2.87767322582571,4.01037802921212
NA,NA,2.11603875614863,3.0739973115985,-1049.20485412246,1055.19156275987,2.6121031599023,3.44462372313904
-1.49992122984481,9.57158029451858,NA,NA,2.45221483715109,4.15604151921187,2.64121448639493,3.50004950370198
1.06599851710488,5.59800098161158,2.35392276751212,4.09483395409205,2.63631098326811,4.76137090135505,2.60911773184601,3.34700024312409
1.87797307938444,2.92533763322012,2.12854201075201,3.02437898657874,2.57781183091815,4.08909363646483,2.65798370864572,3.50505315147679
1.88358741686575,4.27606585066556,2.11368771873597,4.00099595656561,2.55304344212342,3.78593631140749,2.74059970216222,3.62618131072632
1.88474345063754,5.35129916164254,-1566.90508646801,1572.2557552338,2.70522408284319,4.04071788736971,2.76782919010762,3.6624116540353
2.07434263094236,3.87542714672561,-1658.56021053956,1664.06129958138,2.51161513286297,4.19462729630693,-194.141361434141,200.119948433349
1.51141451748944,9.20034535088845,2.33626252205377,4.55254935836281,2.04926139436084,3.57686502429789,2.60463365243204,3.32273962431362
1.85005687296349,5.28904904764569,2.38907209080218,4.1534329390771,2.42801808013642,3.49957847298122,2.87787140643979,3.97944004820192
NA,NA,2.35671482550791,3.77707036129617,2.36152491205851,3.3031840341266,2.7958138627208,3.93722101616783
0.531031740287569,9.39091271456136,2.34181071400985,4.6940421645284,2.77112995397696,4.72989478750471,2.74723113131025,3.65676987070697
1.7468122547071,3.48883447609823,NA,NA,2.53046229797419,3.67508760981659,2.47045717321791,3.1529300393042
NA,NA,-362.042038241582,366.860710817794,2.34406233001144,3.18406941716921,2.77739696684739,3.73778384110781
2.0342641706368,5.34918045793924,2.34612268204152,4.23283337995769,2.45065959688407,3.5913221669461,2.65616986467562,3.60011562819362
1.96101062874361,3.8545638050465,2.15555891539906,3.82937879246199,2.6242981065319,4.57445655689414,2.96361938745081,4.03853037175593
0.116626078608847,5.36183264585185,2.29955882836316,3.97875798766547,2.59912774155686,3.8409055822722,2.79299982022375,3.79350505094876
2.04116694411556,3.93062126110371,2.36283165995825,4.20523526889529,2.54630880119731,3.90431973904926,2.51458119912033,3.20515194907801
1.98745064801873,3.84001093458043,2.25049772356192,4.44164889462612,2.52223874495677,3.85302639723213,2.64021057056732,3.30802711681209
1.91562429691906,3.6812836966138,-601.724029884948,608.314135434191,2.47260494648455,3.45694528367912,2.63640801036581,3.36537087111179
NA,NA,2.31792084056758,4.10828763317731,2.52311636760304,3.70384021394443,2.62438901504844,3.49185733881305
1.5189948028202,8.34395118617019,2.18155394863176,3.34929483027297,2.35701662903786,3.48237157067205,2.69166168593159,3.53223879394638
2.07267202935694,3.26563570321964,-763.437588262056,768.570187881841,2.57424632178454,3.67652970170924,2.73548086647555,3.5294052012731
-1152.5894636291,1159.47217637603,2.19404620814597,5.0691618930442,2.52364174538085,3.71874827309198,2.4710043682813,3.19974533226198
2.03161807092357,4.01764367295173,-3297.30618193008,3303.45979729446,2.73476461383863,3.82074602830494,2.65910081099767,3.39897827744733
1.87373073029422,4.27925618546266,2.46357862222305,4.1865225879964,2.40800660738694,3.58700223129182,2.63054783455038,3.48869213494781
1.69154236339898,4.19906932597,2.449705507263,4.79931411967879,2.45546965146591,3.41922803845854,2.78672323906249,3.73093122467372
1.80177120906834,5.67978112931306,2.40751465069815,4.46739665055136,2.30544411613696,3.04078860400564,2.6503882781895,3.53487413402533
1.73055433181211,4.55908478125605,-738.485647162295,743.835476471304,1.99088192276153,3.75985713773314,-397.083833391157,402.561744722142
NA,NA,2.30486094504866,5.61210329832952,2.44407866762181,3.81022549424455,2.69357466591895,3.45536722057501
1.57373722682267,6.02729357340158,1.97660658644571,3.38793005650767,2.49415262268759,3.82241715978294,2.65786657314736,3.57379208534982
2.12128906839447,4.53674384981376,2.31973521630951,3.75155644196471,2.5593567527073,3.78269473762065,2.597884615063,3.38323383275008
-2406.37998404881,2411.77263093823,2.35068610396361,4.3991598605699,2.72949768646495,4.22358422857575,2.43860028118403,3.18223927145297
1.90015891527961,5.71797624672919,2.2849778740841,3.50951267635623,2.42712773906022,3.41206167185463,2.57761817404326,3.4173667042197
1.98075944664976,3.48782170178966,-1873.0289205927,1878.66601372741,2.47072886314845,3.56195160048393,2.77815244313623,3.74123667081995
1.89420130224002,3.6041978501239,2.37569468808044,4.1702604433966,2.46660035850159,3.94612899941787,2.62693969464963,3.42348206104043
-2390.90547188368,2396.32898309525,2.14504016327604,4.01027699920178,2.59234712799102,4.68326369129022,2.7529652450969,3.91048242432423
1.39520741226773,7.00592161800169,2.3373100049577,5.96901118950386,2.33517243932623,3.54580091598329,2.69139500740856,3.67700497729389
1.16902828582658,8.54093771572499,2.03666795431611,3.44057965724699,2.51247965938931,3.65136076164445,2.57028258281414,3.38382617433032
1.80958010482308,5.04290559768927,2.25215428461215,4.61167912798954,2.3858095777514,3.44907525582679,2.65753294179481,3.6177384230148
1.92461865205702,4.20689075914028,2.69187827964419,4.97079747111766,2.52742643419276,3.769171423788,2.86638860785101,4.05322061519023
-589.34526280984,595.432139753814,2.4218111098208,4.30491105706521,2.53645701061105,3.66282727351118,2.66583435947959,3.50901907444929
1.88808339128409,3.53526688957393,2.40433459198861,4.19755213577559,2.68329295266566,4.2230794617564,2.55382444911893,3.59293550277019
-1430.42975305665,1435.95152856114,-1342.01015009604,1347.50896672441,2.3790394999294,3.15440798495494,2.85927773797987,4.01390004969771
1.99570783980092,3.8738263293665,-2517.53209750513,2522.95888343299,2.51979256531684,3.64526853567599,2.74867750874549,3.62348095707464
1.63034267984988,5.80259112863026,2.11218615550834,3.96630024681701,2.64904363631387,4.29828627558385,2.46056441061237,2.98027081437697
1.97978653883918,5.12788211407072,2.41422733669264,4.44929623966001,2.36143008763194,3.68706473195391,2.62681998942391,3.47347314912221
1.72921030991518,5.97512127966032,2.12416999731597,3.1563744283315,2.58777843250764,3.7348502114911,2.51302141737843,3.88358585699829
NA,NA,2.08565843376004,3.16511369527477,2.44003997447584,3.38626018503449,2.82029006221175,3.85037371943722
-916.567209808979,922.388727307597,1.9152789916208,7.94323992899107,2.39670162324194,3.16010461967147,2.66465159124166,3.53241610331291
1.65730753895641,5.62260195890617,2.29793407323771,3.96761382982262,2.44160482747841,3.54961116054691,2.62349743408619,3.47815028326807
1.91167474914853,6.35329030627679,2.23356625550236,3.21395686690202,2.53477477192417,3.83514268848838,2.6994703785874,3.64169558520097
-556.018225497934,561.417132743126,2.25888903506977,5.84091116139059,2.15812924062747,3.83126003903838,2.61423975319807,3.45151664202671
1.93997732449425,3.21789703775757,1.83056473024119,3.88651093394316,2.28757356572023,3.26231174751593,2.13405307285115,3.61346453518808
NA,NA,2.19539294436415,3.72969164188523,2.23971777839981,3.01641192916784,2.47503492731588,3.07613556472818
1.89427970365106,4.71981000928913,2.15459329756189,4.15838881859737,2.54437810294755,3.9898492523697,2.65411738518498,3.54523427967818
-900.011062015362,905.367718561069,2.21437927540248,3.58441991701211,2.50344430195542,3.46332045733649,2.80872988057379,3.8058481393248
-5414.69232841352,5421.72643830016,2.38538435614925,4.81497512455605,-314.822373199142,320.395439017363,2.55851138448431,3.6070835658112
-551.699727334645,556.661694706953,2.11847673506284,3.32318862922353,2.6617749389522,4.608433800336,2.89125591645458,3.9886170605491
2.02304466091084,4.04671353321491,-1261.7832764136,1267.81636354246,2.67576048230019,4.40558455212615,2.58160900270433,3.37225929928376
NA,NA,2.66912835363757,4.98727810412473,3.02678237513327,5.40815384150045,2.68712560775226,3.44575566105879
1.97045539087222,5.5106599569546,2.2198351825611,3.90965445308809,NA,NA,2.53145002517938,3.20791831296267
1.90752026106658,3.91135567258475,2.30432704672246,3.83592746068189,2.51269996151213,3.54714860009914,-459.049184808356,464.369245997525
1.87230748465123,4.0335345922506,2.15959909719988,3.40563711931172,2.465903100545,3.62685614220952,2.62303696548546,3.44389346358735
2.00340738771445,3.82468314311395,2.46336585118724,4.85048862758769,2.60500723112869,4.21914122738139,2.51316413341367,3.16739480935174
0.885682066041448,4.63560514429124,1.64315882269067,3.61776961535299,2.51588164185559,3.80594607774888,2.57481212955053,3.23351594329564
2.17471485108802,4.31138402422579,2.42797929132349,6.08420810720301,-1234.67291417248,1240.49941633497,2.79969270155449,3.54228924250912
2.17308213939315,3.71266898418625,2.1167390851901,3.24613355694971,-205.070820050842,210.685034325939,2.70411893998389,3.56107365966325
0.929969627182364,10.3034637777333,2.12751732184192,3.65616923886558,2.47317175890104,3.32147342642624,2.7783748182694,3.62004968609507
1.47537405646156,4.26720089573055,1.95828539875954,3.85888196719928,2.35343579189072,3.20821042633201,2.48761675990001,3.37925810099977
1.92049285804782,4.01317434342158,1.76040666890208,3.51204022356991,2.34168261570816,3.35169638308788,2.64910414900106,3.41165946210108
1.96755012254344,4.85090449662883,2.32071630953835,5.0595407143553,2.61141292294628,3.83154220014513,2.49901085577024,3.26289283265159
1.89382825134016,4.39140308171103,-489.718227557888,495.21913342449,2.31995697712566,3.56581173401756,2.49029023576393,3.1273484855499
NA,NA,2.12005905870265,3.4980623549447,2.42357186391265,3.26503106124158,2.68895908612818,3.49030955933596
2.06500239891368,3.59232995674489,1.85403358947739,4.42292942381197,2.53302614260711,3.68476246743629,2.70772354653923,3.67027728549833
-1413.59215771627,1419.42307531404,-835.706644211572,841.264558883207,2.21934417495849,4.32629632366464,2.45351692500287,3.20054507297972
2.10686364120696,3.58173098697539,2.11216265659952,3.60726338600238,2.41216134239537,3.34329167291097,2.72514528083463,3.51047190596749
1.59495526051157,5.63117102849122,2.46345864793573,3.83344569141559,2.64088078823877,4.13118293028664,2.56510943896404,3.43356228268288
1.51631070800029,6.88524718626895,2.0867970090191,8.4106142533298,1.49203080445626,4.09273875681271,2.59472266429623,3.38881033070082
1.93058267863539,3.19086647133673,2.26792623417511,5.48658474982643,2.47950096047971,3.44699486518374,2.60763453547759,3.47810719072947
1.54765669608557,7.31052137718867,2.44988561026402,4.43064065547376,2.4914198293168,3.66596072205798,2.69006518915788,3.53651798418236
1.98117605195485,4.08406784501944,2.15842517540201,3.20945425962696,2.37188498808874,3.15556364309496,2.66770696307117,3.45083127460709
1.94344762424003,3.16030345317802,-1125.1310920358,1130.90188429455,2.70599116584051,3.98010515784667,2.56340096942325,3.48207620539327
1.96488821978618,5.62523436563695,-1128.13363433957,1133.30431763575,2.42722987044446,4.01541000007124,2.76688670094782,3.70516024757547
1.91769494924354,4.12459354664226,2.22607140405882,4.29678299127137,2.72421115229651,5.47911996967493,2.61674367108458,3.36569810161512
1.45576265344809,7.19260124460753,2.45798579503963,4.80440368237682,2.35942966403839,3.49440615044425,2.51416693723072,3.15109600444486
1.81316471769895,6.31958093003253,2.37360234551631,5.01059795829951,2.30793709195847,3.45802763971862,2.4324385250636,3.40675752224011
1.95141257627483,3.59229772312335,2.3093320337231,5.96610546001434,2.42057543022631,3.35355703142692,2.74148839159784,3.67428013744136
1.66868046619131,3.73069403810104,2.18540836835082,4.31570181987645,2.63469626406622,3.8529311530643,2.63030886463853,3.44022524061263
1.94394257893139,3.25117500701669,NA,NA,2.58381902772631,3.85165678498696,2.62080714513274,3.46845753306683
NA,NA,-848.959478548758,853.875869858752,2.80978043125653,4.39572363542803,2.55134051466562,3.26245593428049
1.98729758213955,3.95975935259375,2.5397958003499,5.70525155840127,2.5995887446626,3.71750574751578,2.70546325453173,3.38352557423276
1.76974490569244,3.60198138283872,2.0167602824648,2.83972127655844,2.3764872130772,3.91515842858344,2.58477142647917,3.44799963857222
2.1509304700637,4.41215993013804,1.8273607872535,3.95833284076601,2.25917089473275,2.92249294962967,2.6214615938375,3.43482409705494
-729.032264712573,734.750750577106,2.32236689459404,7.46860125802839,2.68343406279311,4.51582498656528,2.40587339163643,3.14896821905695
1.89164803100902,4.32003426585484,2.14408615201053,3.29102018114863,2.63125844063656,4.01419397774947,2.60095815156976,3.30859832281742
-1529.10491352066,1534.46867930834,2.11917460769312,2.91287037747,2.35211402578872,3.42856650584644,2.87119843390979,3.90138234962495
-1411.85118029096,1417.16948249534,2.25155767071055,3.26999528001276,2.56815359534192,3.65846283312296,2.43388124427688,3.05938088515455
-1147.61533210322,1152.55932178087,2.23237479669384,3.35927620416489,2.35945757768381,3.69211911437309,-597.960507207088,603.63070374505
-1986.05705429259,1991.46163159189,2.26787415565342,4.10300350042573,2.56204996437964,3.8149513321813,2.4730274269078,3.3301117239213
1.90917371161287,4.72342207174464,2.19584050631085,4.55632151635595,2.44456745296166,3.56419468151461,2.63813405760122,3.39888613028484
1.53810822142989,4.6873078658884,-2240.74287749454,2246.06042747827,2.54232979029049,4.04548429510127,2.69108667330025,3.51623633655772
1.92246002987027,3.50054083528648,2.460113903434,5.45497664265277,2.14425841186018,2.95152098226533,2.59763181057017,3.4475200156773
1.95872634598962,5.47350492577471,2.15795765886409,3.22110151954637,2.40282579726597,3.56062997094411,2.47518689077203,3.17984493566024
2.00414228043819,4.49839314986114,2.27522971125797,5.19041547379715,2.64318702844825,4.07382526088796,2.77605127692897,3.77573256919633
1.17990471272784,5.99122681621472,2.64475641570771,5.47857224591218,2.32920291910695,3.77525986328279,2.93688418807978,4.05189915732636
1.8503369150286,3.89182761759674,2.09978901354781,4.44541135037808,2.53034937713697,3.67841632218145,2.64194221632765,3.4850239087167
-735.602012094027,740.755514329453,-346.181870327191,351.593484607642,2.55149385953377,3.69682287380882,2.64466224037897,3.35756801951452
-2621.09603666394,2626.36216057552,2.58332545829061,5.27541346675559,2.75286603752065,4.60576332213242,2.75126157973837,3.95158593727461
1.32649506082517,5.45140999889379,2.21379675341641,3.50635457090062,2.41360454861025,3.72238981860718,2.90037336092714,4.03681143090055
-780.582742837448,786.21000442831,2.31746033479205,4.01430116990421,2.70517051183564,4.33345993026744,2.9754478557184,4.08699071601595
1.73629165792648,5.8486011346311,-301.05632647363,306.617227225134,-810.324312446595,815.906130152155,2.37771454548046,2.94739656006842
2.05588419401548,4.02102862827217,2.20673941310899,4.43570626535659,2.26191842098086,3.18456946558248,2.83545948864324,3.91174050980762
1.9912026142454,3.47277338753845,2.09661586902942,3.69318250677927,2.63032854592771,3.92642579756021,2.56847833776845,3.37008152868923
1.93713462639195,4.40439988782381,2.19953749763642,4.31012254803842,2.44125799539324,3.38953039895316,2.60250028911856,3.55704566922936
1.97508925743761,4.65583291048389,-357.268878300025,363.030855068725,-788.659664011315,794.038933307201,2.60371390889063,3.40598051493028
1.86278622305571,3.56445032913743,2.22252999504676,8.44788882433732,2.39293203267945,3.5875594899223,2.71316687000862,3.56173542783715
-16.7703151795509,43.6647101165759,2.44703369452793,4.31285409735547,2.54355011856949,3.48947613290513,2.6932255085913,3.52314318944728
1.99234990392702,3.32211512565798,2.40250279350509,3.8380228462198,2.52723193257401,3.74701280162107,2.74452971807386,3.78229747937606
1.81519755027785,4.08351912160308,2.24039570558688,4.19889029247642,2.31963563447352,3.25235402952224,-202.7464334358,208.326372050982
2.04953896238092,3.20202576890045,2.23338506923549,4.01835530846121,-505.509571866194,510.664811065136,2.60290230821492,3.32290169534627
1.17007706176153,5.55666560710624,2.20910312274677,4.03898336886824,2.44802816683562,3.46361234852625,2.63389726962532,3.38557512527168
1.82044645105549,4.35551877018427,-692.67873709573,698.221910586481,2.60861507863629,4.10127948041773,-489.071462919471,494.676120229299
1.62989325608034,5.84578717165781,2.13730105769037,3.76996757462149,2.68503287915036,4.25829531787151,2.54145049358117,3.28770130060765
2.12944318714011,6.41452914534776,-676.156610597636,681.529650401797,2.49085336500782,3.46806960015458,2.63365483433483,3.35978554350539
-419.548962211478,425.307287473069,2.35476169543004,5.62859576271816,2.55131946995866,3.71982302290193,2.69846068556746,3.56846445021405
1.53867808641,6.52953562540042,2.34824613071528,4.06348936008667,2.78726095526752,4.77099952020313,2.53911666389831,3.29902608474176
0.704612369848945,7.99825899388188,2.17080458125692,3.80849625600346,2.33969285465123,3.33619797530499,2.90959396837686,4.0978324814174
1.8372805948611,4.82931980383527,2.32154898201821,4.15992736093992,2.38504848538631,3.38844548615312,2.57873387064058,3.49592161718176
1.50899219213242,5.38550750197638,-289.385249366456,294.900916912707,2.48976091357424,3.75096893674893,2.68536187690528,3.58867517899786
1.9000499089291,5.08663870377415,2.41643437709078,4.41139007082618,2.48961314964914,3.68555583500628,2.47241536640682,3.58455736574065
1.94284312739335,4.10853991666217,-617.521377141097,623.412665144828,2.7611174253982,4.13361459189885,2.5225106116098,3.32165642871691
-622.312930383444,627.128228824307,2.29662601314008,3.58670124418905,1.97965063304549,3.5010016081849,2.78973076659478,3.73849242830665
1.44472768731601,7.62020296980807,2.06149727290851,3.35014453213766,2.6332010442326,3.79273729868153,2.55754623516976,3.37437773946026
2.02836127366793,3.62901185738538,2.25927354910845,3.6764159332058,2.76916580948814,4.50164709983892,2.54416786574193,3.31267640070964
2.04809682282219,3.26054982295574,2.4072057081502,4.82494594682006,2.83674360361619,5.42996143738397,2.66208433291341,3.71091211744376
1.28293567278065,6.16049989173522,2.20745700757973,4.49416058468678,2.59366768901696,4.5143595596821,2.63091340530817,3.32729414396653
1.98475810952945,4.52724706105369,2.35778159156481,4.31818448896776,2.46235476364274,3.36905276952867,2.30527291458794,3.25943447095293
-400.331394798756,405.280442071092,2.2521595652896,3.40791296361405,2.39688882919318,3.57313219379275,2.77776484830478,3.69557497988739
2.0249602191222,4.15485526552975,1.78988575009291,4.53497093594237,2.40622534317033,3.29563826790418,2.79936690989521,3.87284880021864
1.86798188201044,7.33174311022368,2.08052579574308,4.01602091552087,2.3733342509075,3.17018365385138,2.82444580052762,3.74433581172151
1.42337290214909,7.28808885618528,2.19646452555438,4.64033120194124,2.42883971205964,4.55502268223055,2.53082654688348,3.17803506985723
0.983163953550491,7.02743903705507,2.24769607179991,3.3177859966006,2.58727320557524,3.98582556208024,2.85989967148152,4.151947393801
0.406413813283902,11.3199069093615,1.79540636849804,3.95084012420912,2.61943402557596,3.69353531765964,2.5927998109356,3.30236845562863
1.87378478140891,5.49998940952757,2.20581910620969,5.42821236212998,2.41645522902875,3.75567308234421,2.6524933843153,3.35329745494264
2.00280312526953,3.78085499435038,2.17766733524276,3.86324145285877,2.51867132387326,3.51346699726868,2.69346451134675,3.52828267313161
1.88479620564201,4.10020682951748,-2425.10009787035,2431.57269299143,2.50680506000784,3.92204968242518,2.63402544663738,3.51333018985533
2.0311938669704,3.68915663241931,2.1953231718369,3.42485533625652,2.48627402205927,3.64399281044804,2.73766890829928,3.60811609686188
2.1236584294033,4.44005875410881,2.29501636475816,4.61404968764329,2.39211108810569,4.40960057641354,2.84852062739366,4.00329645840578
-990.624700081785,996.839971310015,-639.055685778849,644.876829680706,2.62753724988701,3.924829672624,2.27673254322382,3.46038651609331
NA,NA,2.42838599569454,4.0981912125945,2.83715186287821,4.56277903221825,2.76430601260157,3.59028349990422
1.93660277363591,4.11697988643097,2.40507281964685,4.40991402535939,2.73453153561127,4.84794551593985,2.64041058247151,3.42455129411547
2.10555365908218,4.20990807056902,2.0594505712248,3.36133618656819,2.67219961157307,4.35168863453292,2.60231906726024,3.37977549570522
1.78335918445719,5.80281441585942,2.07674771926401,3.81341159642522,2.69054523941364,4.03857993391933,2.65794851416211,3.40944436058786
-872.552486216908,878.786535967848,2.20809603080792,3.62273210118786,2.53751311656507,3.55702917457772,2.65451541234482,3.6385593317403
-663.000819569917,669.363996177682,-1454.53373997362,1461.17813330111,2.58495693253874,3.97564273760759,2.63837140121233,3.36512108454972
1.85159785723238,4.68082499861071,2.1896022910987,3.85204994338768,-296.164424040888,302.052341935432,2.78573304197979,3.85107679970666
1.88454488163539,3.85603509523438,2.20985621935871,3.28221514778476,2.59475955819613,4.13702110824831,-229.285866901136,234.775752193186
1.9270540027905,3.6871773003735,2.28142341629436,6.71832684459755,2.49023429819193,3.67277950229613,2.47707280283549,3.17564853925228
1.6342998954608,4.59411062473074,2.27185691841796,3.64127000708169,2.55290877833343,4.18472740135582,2.86517514692331,3.93984136164169
-412.243749415307,417.873099805435,2.5722349436484,4.72429469316844,2.43108359619538,3.74424332531751,2.7425594666066,3.58097999265231
1.80632054288117,4.6206636599155,2.04125497242438,3.33210096510114,2.33642961806241,3.32203068525508,2.64251664600009,3.36470544276891
1.86657338915351,4.60004295846108,-2484.83742930379,2490.64391803715,2.26541430298807,3.62745192839682,2.75589134208052,3.65971168022887
1.92968933902355,4.42730391241946,-413.016086824902,419.155335602087,-202.737434134607,208.331186472421,2.5414589368069,3.23738093243568
-1272.26054594867,1277.5273228168,2.16624799827165,4.11882055115307,2.50954722719053,3.84865826017712,2.57439687626441,3.34568827757653
-1653.61350321865,1659.15250916559,2.18254571315248,3.02565461971671,2.76409042482214,5.14852208627669,2.68587122920073,3.64724631558926
-2957.32207191777,2962.88661567008,2.26723049042251,5.57038048304232,2.33843363443909,3.08409229033707,2.47814985635152,3.0540205817865
NA,NA,-984.28596026458,990.113423296363,2.53654616292481,3.69228697701111,2.65094062726674,3.42917256268003
NA,NA,2.13159052704024,3.1145987935956,2.96786575470727,5.5365953055553,2.61824895053609,3.58286237918901
2.07713888013011,4.6084381483445,2.3368652686692,4.81289882827415,-197.940593916158,203.558811689791,2.82853713315607,3.85624913427584
0.10940488253533,10.0928549041951,2.20374378408881,4.1145456482572,2.56776290131326,3.84889395162692,2.81553276225878,3.75488849345887
1.3024729451469,6.26431825211198,2.45144871086775,3.69765796686616,2.52560074766727,3.70119717562957,2.5449436833324,3.29222571629799
1.81404108846941,4.44139289509717,2.40769921440339,3.55021670609232,2.48363415099192,3.46581049867285,2.94652491621832,4.35123504518415
0.157605120129268,7.07660333145617,2.35901251881894,4.72805654613737,-520.840294005435,526.423913726658,2.77389048216647,3.81627170371248
1.45672530249881,5.44650042037608,2.32741303982804,3.50232330934585,2.83937671167695,4.24052990283104,2.63762612219111,3.47814210842701
1.52524181015664,4.14894089439727,2.32484515732074,4.82781083329055,2.37685209380107,3.23416944659439,2.44742884766683,3.21195872935825
1.49173644420684,5.66901420414757,2.22421366736152,3.29459781105314,2.65217295911117,3.98587796060921,2.68970956383489,3.48467976431252
2.03115164331742,3.761174999915,2.30473992608151,3.42258704357953,2.70738727189558,4.44416973175352,2.64470076668906,3.4609646646369
1.6866297216021,3.84910480930036,2.24310544450617,5.06321885650212,2.58364574032498,3.77983902228122,2.62792670652485,3.40137098103508
2.05166938164377,4.41713480553308,2.21474721536979,3.58050805683006,2.25945925726393,3.64593295503739,2.62827196709956,3.42847149782989
1.81729735100039,3.36844593867606,2.34637181753739,5.56625713652758,2.43976135612871,3.39001398697342,2.80562139010226,3.71844243785086
-2169.06551292466,2175.02421246421,2.06639119995827,3.32608303607208,2.35467577720041,3.69604915581704,2.81878866512894,3.74757945338408
-0.180171517667378,8.69166975506792,-336.731141128445,342.731670928765,2.47175646521138,3.63564860565909,2.61980198070422,3.38696071730244
2.00045290520006,3.35081275804455,1.75338380530481,4.13837464324961,2.0017682314945,3.00750911390615,3.05765521934707,4.41804564337273
-656.930424117181,662.332628101198,NA,NA,2.55124349318786,3.79902437074382,2.72136751256494,3.86416663189619
1.83876655225704,3.98970115162281,2.11006225263582,3.00216838343028,2.41243245555905,3.30436610345437,2.64654204973492,3.55811687275732
2.00708430595147,4.51997676263067,2.45223399905501,4.60174526003203,2.37114798187666,3.42732678288591,2.49644942786352,3.16131059214227
1.65080088066255,4.01019038108122,-1635.15963744086,1641.02865870082,2.51497672605662,3.54741153800424,2.79754462769876,3.70738709108837
1.51256410512738,4.05963709331448,1.90154050728472,5.16224649120006,2.23737504502346,3.35835331434012,2.56283563446049,3.34548843523083
1.07290858205683,5.17525402740482,-385.954346883451,391.410120388361,2.39087662494323,3.16803451406161,2.70327214215463,3.60578508929157
2.21847679806521,6.08402135488183,2.12483757070814,3.20254413363464,2.44805809827762,3.80676075492301,2.5741338271006,3.38952588051482
-926.836669547371,932.694353655777,-1139.90731456981,1145.98005701322,2.55522143620303,3.8546502117328,2.65420041926846,3.3499769816386
2.01482077139673,6.09753803081602,-928.337625559022,933.428278461894,2.72510353895651,4.21826267164537,2.53411360746537,3.16342223134099
1.80223598161749,3.60359053026141,-716.787853467803,721.943995818953,2.55718840258868,3.8692936955829,2.78014512151668,3.73706804402136
-911.014537261663,917.323893510987,2.17862600578662,3.46898334824262,2.27861855356124,3.94854018945138,2.84212429356518,3.81068638394191
1.52168230308822,6.64367895180363,2.06790738968824,3.54742337894965,2.40298714345857,3.47044610975182,2.60297337086278,3.40014495710972
-507.904752565927,512.789076398998,1.95634424331129,3.77465839680634,-373.789707935549,379.130324816396,2.52830748085698,3.31026614629772
1.42572089721346,8.54858440642298,-304.020553940014,309.7643156934,2.41685511871775,3.44444795758025,2.55651905966939,3.25637489513032
1.93389370976144,4.63211598628295,2.28789617498726,3.99093777801395,2.39694789906342,3.35577163883798,2.79819300303242,3.8478775624994
1.86772791422665,4.29370263014841,2.2466000622483,3.32147658889847,2.39210716366239,3.31461005610101,2.66475117076272,3.52249617720009
1.11245709963158,5.28346941239457,NA,NA,-1188.8190016096,1194.54401729623,2.6116401615979,3.64697026076138
-4064.95864991935,4070.87350180008,-897.817313613797,902.934684595379,2.35158289263936,3.24506127321083,2.63821916406244,3.4401699393088
1.03109629273835,9.34500133372494,-388.498839160449,393.888039397758,2.34745938470642,3.26546923881569,2.57611552687914,3.53090583100897
1.25002662263423,8.32821441065966,-4924.93029425742,4931.47400118448,2.5812911710509,3.90010488876487,2.71658316636017,3.7386153253935
1.3071273154194,5.95308681607809,2.24813532173519,4.12634752258107,2.6381145985989,4.03882467098678,2.60087865673077,3.53444314710541
-1881.63125840414,1886.60918110457,-2066.77989957534,2072.24829552123,2.53590974616591,3.80255878659483,2.83480124408887,3.78027116329633
1.97153916870258,3.39021650995621,2.30208382843829,4.2524947436556,2.58420153966985,3.90741301444571,2.72723735917267,3.54255050618245
1.79578945686921,6.0350954342478,1.78137211673553,3.73281175387047,2.54905880618289,3.70443040251124,2.66519617457429,3.43789698762069
2.02977674575557,4.41370225921008,2.4432885387881,3.66913781799467,2.54810327797288,3.63747106488679,2.64657023514024,3.34830477155588
2.0378480107996,3.05968596292693,2.3682911046284,4.40012091316545,2.28121620119121,3.45483760598798,2.72662411839254,3.57960211328833
-837.892810744458,843.773070297235,NA,NA,-808.510489720696,813.703889842806,2.76469608803779,3.64223684308207
-625.988535988624,631.357637316471,2.3283658448453,3.37473757965901,2.20989284648549,2.89956215877342,-113.553038756297,118.860108018213
1.82444795908805,5.71817989639622,-0.244418863019523,7.19173601714269,2.52735857315855,3.62835849278871,2.48975772450664,3.31579621579021
-947.404976466123,952.410493235841,2.28812577677732,4.89389971186545,2.69449779459107,4.48365912379849,2.05805887879591,3.84460478670903
-1648.02457822054,1653.02003508738,2.20510623059889,3.11701531224974,2.28787313905447,3.21399274020081,2.91399849260248,4.06717046268297
2.05953330024329,4.29860702681317,-506.26359484797,512.170792741973,2.47915986566687,3.58031707414434,2.54058384307072,3.18814095921922
1.9256720998987,5.63675982594159,2.17535549146686,3.76014629538872,-3441.42330192654,3447.24412539414,2.56656983187312,3.34947048606366
1.70589975046907,4.54190040644036,2.31863897443557,5.06904924249558,-1128.91819761667,1134.36601773138,2.88851709680851,4.01995858200087
2.07381151720806,3.76944547966117,2.30101395022473,3.85907166828118,2.82359528646988,4.40191999932723,2.94724610396295,4.04390719325234
1.55000073420558,5.14706364085987,1.86631642677344,3.65273959120361,2.54467879897901,4.16466015787296,2.69156176673897,3.58661224233001
1.65177348240223,8.14003443421966,1.73948299363288,4.22527656794139,2.48834371449821,3.74195186675655,2.56200213272172,3.20111341992577
-0.536573947080106,9.83263028677057,2.16930134525748,3.8007202576989,2.60670786063255,3.86193038224324,2.62158257524973,3.37104575551044
-3614.19458095077,3621.45736162096,2.35493798701087,4.53481471232121,2.46442336834062,3.82580530910481,2.54985646157623,3.3405813318857
-763.652991751281,769.071637034275,2.41740695435336,4.88220323062407,2.56005365750565,3.61641148554314,2.639572100782,3.37189216629751
-5076.48562949774,5082.09753947136,2.30372596124693,3.48849528482526,-239.951866014275,245.497469589815,2.87061608282573,3.94939965052506
1.59221727592234,7.08404152674111,2.27113854920864,4.32198889297805,-658.818503275808,664.840841761409,2.66481211966608,3.44828109752225
1.87014730167046,4.38038217491241,2.38503591043845,3.57307135919364,2.46374979930808,3.85456754486446,2.59507258661977,3.51935076407402
1.83031906054512,6.47609040384076,2.02244088188874,4.26549438081428,2.4130936170156,3.48588866099216,2.71440490376598,3.74452850916817
-1896.87090736405,1903.47648163439,2.18686313194251,3.67338367381291,2.691460317254,4.14608579983047,2.61187065938331,3.30514096600406
-3013.83994490777,3018.85198033829,2.48931274921645,5.6485715799865,2.36699798004641,3.68865395126195,2.85074731303535,4.00185196349676
2.07192851661574,4.71485806191936,2.50436800281522,5.50873422982241,2.05227786283403,3.71956321959772,2.40704171605752,3.07997761275452
-600.504852147103,605.250366858201,-510.136971468868,515.786611667456,2.47227786810361,3.57145228859564,2.6137073080776,3.27751261656611
1.54986990197009,6.01031025026731,2.49386083181931,6.43240555548281,-801.570809482255,806.736723103868,2.76368344923235,3.71973579702234
1.72918960358099,3.71905128241319,2.51494517806199,4.59793700942804,-497.399197244751,503.062081497017,2.6345383387089,3.38818668443429
-1313.22601852489,1318.75467509066,2.27105196167576,4.1494830526159,2.58436501543363,3.99025291557125,2.47015507893978,3.13380508489024
2.0672740276324,3.28745534615864,2.27750774722474,3.54447692980354,2.48401305262184,3.57206882722694,2.73858278317308,3.81918455866182
0.490549882244549,4.92316683118553,2.10212544243831,3.24800647684815,2.22266538325945,3.44025892855947,2.65816826468009,3.50225861746589
-2199.36634400096,2204.80151910294,2.21587082991003,3.75932752004051,2.11062649949184,3.3102261930927,2.67857004101098,3.56686766825452
2.23978705847117,3.80985141996271,2.0925873945045,4.79632541386519,2.48649595911738,3.51980372945843,2.57995006923401,3.43438468871509
1.78964803768381,2.82547957087809,2.18298795624683,4.12588368840624,2.5043650706476,3.63948414673619,2.5825736540892,3.35160274080172
-736.535143630565,743.264437821249,-644.244710339035,650.239938919097,2.03497536570851,4.0234815538054,2.77424101715251,3.66975472782432
-270.591817471778,275.337498466962,2.15992696971761,3.75273794289469,2.60199420172764,3.82519770744897,2.65573303888051,3.45432522517937
-1809.47421757303,1815.19288870069,2.1596664648642,4.57199018077337,2.56973249776623,3.88402598304047,2.79218287194987,3.83535264570093
-1062.97985441814,1067.92879000007,2.24508222819646,3.73523359694825,2.31796114886186,3.16417523585461,-223.732485530304,229.36057845764
1.93362781568925,4.69536056420509,2.18833971753499,3.84222065683669,2.54889904066971,3.56121039264682,2.62386003828355,3.39811215554552
2.06759553241454,4.63698041803693,2.10900350115606,5.14348343524598,2.54618118564671,3.48587778992113,2.62654220548481,3.42175783522277
1.98894502675684,3.4921260186049,2.37348174881881,5.57246766543308,2.85465829769974,4.67399643232783,2.74998261492737,3.5498006332968
1.97061678671971,5.15783822316232,2.14018313834992,4.58891626249678,NA,NA,2.73997293557209,3.62497367689141
1.97552389239838,4.46358649323289,2.39666419877101,4.40627727743441,2.9117292947666,5.01267631280341,2.79048700061784,3.81048812972278
-3602.77564754132,3609.3852487545,2.2373425498644,3.22908482582458,2.25339107866631,3.71539505057698,2.7663412243423,3.61052552929457
1.27977119184842,5.19601866293096,-350.151415847951,355.504706777681,2.40708662451097,3.35539678477552,2.75648463805709,3.57979161581637
-1075.74211196388,1081.39723858327,2.4814241455421,4.27656411083473,-899.086082380883,904.457809740792,2.3982794612909,3.11107843259253
-1910.1743391992,1916.09554505788,-2215.18070294593,2220.79617910856,2.29223995314671,3.14866569119523,2.83950810390831,3.73905806118444
-16922.4220052198,16931.5630277865,2.08960414707194,4.61390477882114,2.35569543998887,3.07556475502221,2.41040169636046,3.02970676700962
1.69897160531211,3.65267805710405,2.22846307917416,7.56973369316662,2.45363679499394,3.43204728620426,2.57081939699069,3.34246577551108
1.94873128094712,4.76506888455377,2.39854617445464,4.12154804218972,2.53509061415704,3.9218043219361,2.52106293188816,3.27261618438076
1.678449459777,3.72484443110293,2.00786434834475,4.0104185968854,2.5800561927382,3.57732983149777,2.71033984224001,3.54148814871185
1.86324141174903,4.32555015205678,2.19126150396049,4.18194311498886,2.31439586770677,3.55553947341918,2.7611871821498,3.62666797587565
2.05485501227592,4.66879332558502,2.29398468040724,3.97639361033941,2.55558090965026,3.60922026110003,2.50735407375148,3.53072156701166
1.82381376046155,3.60809270151113,2.32421469890968,6.28426416557844,2.47243723550519,4.08530518711492,2.64665397073442,3.52483781608487
1.58074207097454,4.75507804958352,2.0663677362006,3.71184536148263,2.49607760309559,3.51466003107629,2.59371322832537,3.27673743175102
-568.579329379788,574.293843759481,2.30771338492597,4.49258041091847,2.68755873254394,4.36098462257566,2.92751958094871,4.11436244320374
1.94999819811958,4.64117466735199,2.00029971117921,3.45662014300096,2.42670839552291,3.50030415893739,2.47781485027708,3.31439166888566
1.86396798943238,4.74395547644179,2.36129433961602,4.36463751191268,2.70468709958492,4.23545191126824,2.47217386694534,3.13492815466348
1.59655538695623,5.02125775574088,1.92402611782833,5.42542317908874,-307.654872293,313.015052499513,2.65518969989134,3.51883022404187
1.17368064625086,5.73470190393298,2.3037081310038,4.1865679937742,2.47113019856892,3.58826752604426,2.49461047316243,3.12481360704722
2.10145901644998,3.83950556803665,-1739.5594827894,1745.31138992398,2.21839090841389,3.44769969503959,2.55547765151645,3.30705228395289
2.02154596441982,3.28565626244677,NA,NA,2.33599044258387,4.50007074309286,2.69109687086156,3.44612926969459
NA,NA,2.32997709334888,4.98665683004243,1.4698340579816,4.1588808385318,2.84555262046314,3.91977268918447
2.01310620874054,3.86652832424621,2.27793614008808,3.37275135809102,2.46780198902668,3.61312015663194,2.52027091348067,3.32109140793656
1.91610295518666,3.95555452138438,2.05474093435999,2.88801202151725,2.50777897807708,4.02301241863393,2.7326418999573,3.61476374181888
-1196.89026289355,1202.74813647307,2.03564599090457,5.93373977977538,2.56721433659256,3.71400905158477,2.67942829997752,3.54691635087231
1.37965539327508,7.50240882360765,2.27414503235052,3.78394410573829,-219.774524624962,225.083638997491,2.71314195104265,3.44949660066303
1.98631529919722,3.55012727179212,1.84288362982011,3.52426859764714,2.58936415023137,4.02486460178997,2.63812758281878,3.58184869676515
2.0149714264658,5.00605223287293,2.25069747931895,3.79462967592326,2.42287065010364,4.02446271941019,2.41286484146736,3.08977712368093
1.76614387986806,4.26057241189363,-714.043422276,719.606017176442,2.77242193465409,4.64348492043166,2.92449559986583,4.00774874455625
-490.149933198341,496.059407447424,-1862.29970379302,1868.24460415342,2.68656128289259,3.83224277688788,2.58369681247593,3.35034518026219
1.74614908991919,4.43451332097385,2.16109612093112,3.21506187198924,2.45344439449172,3.57557970334426,2.8865947912176,3.98774127025704
-316.473466431528,321.479958475962,2.17690436635548,3.24032313526824,2.35047003231947,3.34925738619522,2.28134076463112,2.99940545230178
1.94652045455913,4.10303405680732,2.42827927539669,5.16260933607336,2.55059382113556,3.7376871420857,3.00106199170685,4.22380807250554
2.05136428002477,3.76315181856027,2.03050588811287,2.96399026650365,2.23088439898214,3.07358362452829,2.65538782927986,3.3721485434316
1.42958107764355,5.40863827446324,2.3341563008497,5.4232978222873,2.64258979107007,3.96606418605811,2.48822192577777,3.12254325435449
1.25888661390637,8.37651504914255,2.27423509893527,3.5957660796424,2.86702294707046,4.41795985616158,2.57461433069315,3.26514182195401
2.04694336408835,3.40733502815545,2.09580186731391,3.73105044797856,2.43730774716199,3.359245657251,2.76592610959069,3.91931945650634
2.03809792191875,3.30431770072823,2.5295544765278,6.72170252519299,2.54441752052965,4.11144202386753,2.59413694798525,3.24717985172825
-3069.63743319618,3075.87174919795,-2418.01203390096,2423.49510051895,2.40857444363298,3.94526488762543,2.65095292614253,3.34089608348951
1.8209830813109,3.96332867485285,1.01176621322624,5.00143321126624,2.52823388303169,3.59522641515182,2.57521770368319,3.2954335985264
1.77204793579755,6.92711307231097,2.41041899992753,4.27196874674805,2.61591704147702,4.0338703309058,2.3839081688029,2.93455106385905
-1089.8894572566,1095.5404457157,2.21261438990535,3.67843672809695,2.57790473038444,3.79338248992526,2.85998548313691,3.80436727560041
1.7678199924243,3.92639690594875,1.36233834961937,3.80596890674133,2.60784097894948,3.91632080914354,2.9109805643873,3.91373982908558
NA,NA,2.05722361465259,2.88381051273272,2.65898560217731,4.16324315188469,2.73187180327159,3.78985190535069
2.03615732743993,4.71575367380191,2.29247300474315,3.96621238777274,2.47841594265249,3.60341262917952,-130.198419535379,135.733294893432
1.97712618535342,3.39322495269077,2.13557926298889,7.18441970880806,2.61635065034771,3.89613757407648,2.73075296457551,3.50137475185751
1.89397641679059,3.18023433349848,2.21775803916934,5.26679802227875,2.78488111019176,4.64126587182916,2.7201135097284,3.54499206058149
2.02675865043857,4.09795276264326,2.44497055788521,8.84233617348522,2.45532057817153,3.3580099127288,2.46297263604265,3.04748222777469
2.1596964612439,4.34910321281576,2.12422016889069,3.38214853417358,-369.236867768573,374.889939143224,2.80453903096083,3.85535524262273
1.46071205476401,6.56170069831793,1.98105448577377,3.47042628919848,2.47633391172632,3.78123618656559,2.63514974257295,3.45880112182083
-549.546265981222,555.290204909166,2.35188180863019,3.97091569982757,2.25493819052488,3.21191505233257,2.75384528042847,3.75511315748167
NA,NA,2.10338678018473,3.58487883250986,2.43913156124538,3.5681033655841,2.59636829564454,3.4767150383124
-4234.18740233126,4240.05240713764,2.2444608855846,5.16012867543457,-206.728594083727,212.04796537373,2.45348868207344,3.17732696103595
1.8829169907103,6.53532522326397,2.25175457947228,3.95260457459373,2.7777581119642,4.36559809807587,2.700787786025,3.51480587131698
-1285.86230241451,1291.15094856289,2.30242944969422,3.88675078021978,2.61601889887735,4.10153757631012,2.5395700383562,3.32579538818983
0.970420895226863,4.54464050303186,2.22617560716807,3.48117032316213,2.42561412774587,3.28125811101977,2.6884087966606,3.4556827445087
NA,NA,1.96082011674512,4.3072721552972,2.55911041896193,3.59736654523626,2.8630651672826,3.91558594873891
1.5920349846382,5.37378701755509,2.1548104507329,3.78768884059773,2.57459435840581,3.89524886711681,2.51683646878039,3.4001343869668
1.67437879516326,5.37478624959895,2.14494586372842,4.94584463996746,2.23442206872687,3.44914968783018,2.65019488455878,3.65450481993759
1.92900525871972,5.99673496032824,2.52447442890357,5.36376495817496,2.75350727221164,4.17555309056673,2.73504812442458,3.62661368223427
1.29774657494515,5.2663930499178,2.00680268047209,3.37472603971768,2.53523424648271,3.6854899409234,2.65693301675552,3.65467268279311
-1936.89523343394,1942.33556795609,2.28540144367002,3.77955654791637,2.63017910508272,3.88907068979671,2.56526447564981,3.20103822616744
-498.400747428524,503.758187542698,NA,NA,2.43054461181279,3.66743542064183,2.50595154583733,3.2535246113705
NA,NA,2.18686354814341,3.89387773996785,2.42664971988926,3.64980617017421,2.71914643540697,3.65059499702552
2.03346359128171,4.46345803750299,2.41434284598258,4.43509575025971,2.60328491288097,3.98354630659888,2.47898762770957,3.1148461976663
1.9037589022056,4.31993419235424,2.13717199727382,5.75292803046599,2.40947578533462,3.49572619399538,2.71272635172319,3.5914627486966
1.75743626294936,3.18230526497196,2.12761079697464,3.54386160522866,2.76296128593205,4.74546404810467,3.02361244402413,4.21710083267411
1.34552984314317,5.90127586729267,1.96094476998918,4.83212916665462,2.63905125791559,4.26293997846079,2.58006634787089,3.31265740050487
NA,NA,2.17210531695103,3.52645427369615,2.78592568960094,4.75772647229759,2.62466281527151,3.43485169472055
1.90202771438049,4.91220151362167,2.32935692201416,3.70779814803835,2.54441430388609,4.15985616419241,2.57479980997374,3.27919038338428
1.66564380602708,5.13225276919713,-1702.62976889652,1708.51125799566,2.56526123140683,3.78835079082339,2.66937997289125,3.45883581816243
1.25920975522612,4.9225893782234,2.3782902350252,3.67283002393898,2.30473706020122,3.19306168782387,2.49440657470761,3.19970855616902
1.20076300939235,6.3892527614251,2.54797857839991,4.4426968390852,-138.370133313362,143.569343671214,2.70577399752409,3.57335551962817
2.05776693284682,6.11466122444609,NA,NA,2.61715301064782,3.80831739179881,2.72449777887416,3.56653787903775
-4.30137080146087,9.31785373995035,2.04765584037598,3.50425383281953,2.70661708834681,4.52362772533325,2.38781493338418,3.18081090765094
-1717.34722072967,1722.62281499737,2.14673279758185,3.51883555789557,2.72405098672193,4.09681335139901,2.86051160097296,3.84287350171773
2.06366541342389,4.68504708211977,2.55018910306139,4.70285265608475,2.05282147294945,3.47814425577588,2.88446041665964,4.0731301593173
1.42859945369,6.28893591289104,2.08933584710484,2.91459363190806,2.80286794112988,4.87378422425351,2.69239589128748,3.5108195073819
