"id","n","NNT","TYPE"
1,"500",2.58101252617014,"IV"
2,"500",4.54823264021588,"IV"
3,"500",2.96953283174133,"IV"
4,"500",2.58307157416226,"IV"
5,"500",2.6532691978368,"IV"
6,"500",3.07383381521582,"IV"
7,"500",2.75239259414007,"IV"
8,"500",2.68358026862118,"IV"
9,"500",3.80691172108235,"IV"
10,"500",3.59835728285028,"IV"
11,"500",2.72812494319027,"IV"
12,"500",2.72351695202843,"IV"
13,"500",3.00561814012456,"IV"
14,"500",2.64050467298992,"IV"
15,"500",3.24595157345921,"IV"
16,"500",3.60039848193239,"IV"
17,"500",3.16741231440298,"IV"
18,"500",3.34934546923759,"IV"
19,"500",6.00359933182926,"IV"
20,"500",2.89970239644074,"IV"
21,"500",2.94846237466495,"IV"
22,"500",4.44038097187977,"IV"
23,"500",4.94535553653387,"IV"
24,"500",3.15893175290595,"IV"
25,"500",3.06788511497271,"IV"
26,"500",3.03425177213343,"IV"
27,"500",2.95655851672129,"IV"
28,"500",3.20849720885353,"IV"
29,"500",2.7064111325045,"IV"
30,"500",3.51698241415709,"IV"
31,"500",2.5188523980472,"IV"
32,"500",3.17706854614983,"IV"
33,"500",2.58144707936222,"IV"
34,"500",2.47021711615665,"IV"
35,"500",2.81664168607463,"IV"
36,"500",2.53580566806084,"IV"
37,"500",3.08473646010478,"IV"
38,"500",2.6236455205926,"IV"
39,"500",3.38324497938559,"IV"
40,"500",3.58616941054631,"IV"
41,"500",3.72899643935939,"IV"
42,"500",2.85325737657955,"IV"
43,"500",3.17694675266239,"IV"
44,"500",3.13911712259487,"IV"
45,"500",3.22648556848384,"IV"
46,"500",4.1169882745823,"IV"
47,"500",4.02956593655248,"IV"
48,"500",2.45258883459006,"IV"
49,"500",2.63332835411004,"IV"
50,"500",2.91501940122063,"IV"
51,"500",3.90469488282338,"IV"
52,"500",2.80870116302824,"IV"
53,"500",3.00615176086047,"IV"
54,"500",2.8728251706769,"IV"
55,"500",2.57364763566136,"IV"
56,"500",3.17286951176998,"IV"
57,"500",3.20610993430749,"IV"
58,"500",2.87796056016601,"IV"
59,"500",3.62911543695643,"IV"
60,"500",2.56639323502719,"IV"
61,"500",2.85265102383121,"IV"
62,"500",2.42887377159103,"IV"
63,"500",2.52945682888731,"IV"
64,"500",3.5134031068035,"IV"
65,"500",2.65901915519673,"IV"
66,"500",3.43575630513318,"IV"
67,"500",2.44268302930203,"IV"
68,"500",4.07849972982405,"IV"
69,"500",2.79837301640135,"IV"
70,"500",2.54497829334018,"IV"
71,"500",2.98861332201576,"IV"
72,"500",3.14208306138613,"IV"
73,"500",2.4580058750175,"IV"
74,"500",3.60377121247935,"IV"
75,"500",3.10831550628271,"IV"
76,"500",3.33134321085044,"IV"
77,"500",2.49834427464796,"IV"
78,"500",2.28333145672321,"IV"
79,"500",3.67713581737963,"IV"
80,"500",3.69388375984705,"IV"
81,"500",3.71205616124694,"IV"
82,"500",3.1128021621455,"IV"
83,"500",3.9634111291644,"IV"
84,"500",2.95985152548567,"IV"
85,"500",3.00911592898658,"IV"
86,"500",2.48533628570107,"IV"
87,"500",3.21838071901219,"IV"
88,"500",4.34207846038722,"IV"
89,"500",3.56459997645104,"IV"
90,"500",2.53324992237133,"IV"
91,"500",3.17317222924463,"IV"
92,"500",3.10420159738975,"IV"
93,"500",3.2445740321786,"IV"
94,"500",2.63581348979107,"IV"
95,"500",2.99032611612721,"IV"
96,"500",2.76765426348442,"IV"
97,"500",2.6362735324417,"IV"
98,"500",4.42675400446567,"IV"
99,"500",3.07565609240933,"IV"
100,"500",5.26830064428783,"IV"
101,"500",2.50649512507164,"IV"
102,"500",2.54029534960107,"IV"
103,"500",3.57308321507302,"IV"
104,"500",3.50072975189232,"IV"
105,"500",3.4077872627867,"IV"
106,"500",2.82034988935936,"IV"
107,"500",3.98946500154277,"IV"
108,"500",3.48173036173019,"IV"
109,"500",4.55752974405038,"IV"
110,"500",3.27058069065804,"IV"
111,"500",4.27726665546139,"IV"
112,"500",2.99015507552836,"IV"
113,"500",3.50273435973971,"IV"
114,"500",2.87405848704502,"IV"
115,"500",4.0904200209992,"IV"
116,"500",9.89620798391968,"IV"
117,"500",2.72513928547655,"IV"
118,"500",2.63296805658173,"IV"
119,"500",3.45894200745707,"IV"
120,"500",4.22284921200435,"IV"
121,"500",3.18115426694031,"IV"
122,"500",4.5443025623176,"IV"
123,"500",3.26723399140751,"IV"
124,"500",2.65225029223991,"IV"
125,"500",2.64861589977626,"IV"
126,"500",3.09111395722819,"IV"
127,"500",2.75762919947859,"IV"
128,"500",2.67686235260832,"IV"
129,"500",2.58064569784284,"IV"
130,"500",3.1725540625783,"IV"
131,"500",2.58082430186147,"IV"
132,"500",4.61936039777677,"IV"
133,"500",4.10761940654679,"IV"
134,"500",2.57815524011526,"IV"
135,"500",2.66924534897036,"IV"
136,"500",3.07865977285801,"IV"
137,"500",3.39603342243762,"IV"
138,"500",2.53147975498494,"IV"
139,"500",3.29536421284529,"IV"
140,"500",2.61078512733581,"IV"
141,"500",3.13866753716466,"IV"
142,"500",4.5535392480493,"IV"
143,"500",2.73259267322687,"IV"
144,"500",3.91180610592009,"IV"
145,"500",2.71067440891772,"IV"
146,"500",3.2132446716841,"IV"
147,"500",2.89340359190824,"IV"
148,"500",3.22124305256611,"IV"
149,"500",2.88846599475417,"IV"
150,"500",3.57745074813525,"IV"
151,"500",2.70106381152748,"IV"
152,"500",3.57448559607708,"IV"
153,"500",3.8753577200454,"IV"
154,"500",3.48544472953589,"IV"
155,"500",3.01354678255386,"IV"
156,"500",3.23682169376117,"IV"
157,"500",4.03429998301519,"IV"
158,"500",3.83174747488872,"IV"
159,"500",2.74329710265116,"IV"
160,"500",2.99555678676622,"IV"
161,"500",4.16182133566342,"IV"
162,"500",2.88459007420663,"IV"
163,"500",2.56711689463039,"IV"
164,"500",3.04539407166081,"IV"
165,"500",3.27953220214812,"IV"
166,"500",2.78279210060353,"IV"
167,"500",2.66477074351018,"IV"
168,"500",3.05256589178596,"IV"
169,"500",2.80889174765715,"IV"
170,"500",3.50889806795546,"IV"
171,"500",3.4866164121302,"IV"
172,"500",3.21774963231996,"IV"
173,"500",3.39873762232935,"IV"
174,"500",3.84485255519282,"IV"
175,"500",3.36792151259217,"IV"
176,"500",2.8582560090809,"IV"
177,"500",3.33885095670083,"IV"
178,"500",2.91854311588411,"IV"
179,"500",2.70655408463566,"IV"
180,"500",4.08491113483659,"IV"
181,"500",3.59138266975926,"IV"
182,"500",2.48182997332305,"IV"
183,"500",3.5992584600974,"IV"
184,"500",2.67622158620406,"IV"
185,"500",3.02465991487343,"IV"
186,"500",2.68599032680327,"IV"
187,"500",3.38367013275899,"IV"
188,"500",2.96970870338154,"IV"
189,"500",4.02295173046263,"IV"
190,"500",4.19913875099937,"IV"
191,"500",3.16675582484931,"IV"
192,"500",3.94577108827585,"IV"
193,"500",2.89411318141232,"IV"
194,"500",2.6119209164851,"IV"
195,"500",2.99530833368816,"IV"
196,"500",2.81953241850859,"IV"
197,"500",3.21284507718696,"IV"
198,"500",2.77161650678691,"IV"
199,"500",2.72685373480196,"IV"
200,"500",2.79287728610038,"IV"
201,"500",3.97567618229922,"IV"
202,"500",3.56740153295177,"IV"
203,"500",3.61672323833089,"IV"
204,"500",3.00015247695044,"IV"
205,"500",3.25988110959058,"IV"
206,"500",3.1677794022772,"IV"
207,"500",3.09742303131768,"IV"
208,"500",3.13425836779744,"IV"
209,"500",3.6576321114173,"IV"
210,"500",3.53780838091388,"IV"
211,"500",2.88583855310562,"IV"
212,"500",2.63751281526952,"IV"
213,"500",3.63049234274458,"IV"
214,"500",3.11015056912846,"IV"
215,"500",4.35879320430675,"IV"
216,"500",3.08756379917411,"IV"
217,"500",3.20136855931623,"IV"
218,"500",2.69549770058643,"IV"
219,"500",2.98010390836564,"IV"
220,"500",2.77858046063367,"IV"
221,"500",3.02240976955683,"IV"
222,"500",3.23862528714246,"IV"
223,"500",2.70658166961004,"IV"
224,"500",2.44455523709988,"IV"
225,"500",3.16676381681502,"IV"
226,"500",2.45592240468611,"IV"
227,"500",6.94198305603589,"IV"
228,"500",3.00289679266016,"IV"
229,"500",2.34778249764712,"IV"
230,"500",3.42065829180804,"IV"
231,"500",4.71218583730314,"IV"
232,"500",3.49781637044639,"IV"
233,"500",2.94525557011307,"IV"
234,"500",2.78715914315154,"IV"
235,"500",3.0891496591194,"IV"
236,"500",2.73039477944399,"IV"
237,"500",3.14844385707341,"IV"
238,"500",5.91885927653064,"IV"
239,"500",2.40658414137485,"IV"
240,"500",2.80372157269174,"IV"
241,"500",2.78758922644383,"IV"
242,"500",2.93043980446876,"IV"
243,"500",3.82663752976658,"IV"
244,"500",2.86336291269451,"IV"
245,"500",4.00414559813554,"IV"
246,"500",2.81703091640363,"IV"
247,"500",2.97723467569815,"IV"
248,"500",2.47644389889758,"IV"
249,"500",2.7127347684793,"IV"
250,"500",3.40772218394627,"IV"
251,"500",3.00529714181888,"IV"
252,"500",3.11710980954933,"IV"
253,"500",2.89046356818305,"IV"
254,"500",2.70558334094703,"IV"
255,"500",2.67445336526295,"IV"
256,"500",2.73030539113014,"IV"
257,"500",2.70747164467811,"IV"
258,"500",3.62761205071218,"IV"
259,"500",5.02748215795587,"IV"
260,"500",2.75133627155078,"IV"
261,"500",3.24235052821328,"IV"
262,"500",2.65425862332939,"IV"
263,"500",3.04293692961665,"IV"
264,"500",2.74820157695767,"IV"
265,"500",3.19411829655053,"IV"
266,"500",2.98125816723784,"IV"
267,"500",3.3885910287461,"IV"
268,"500",2.54155027078406,"IV"
269,"500",3.82893340856322,"IV"
270,"500",2.39214372200465,"IV"
271,"500",3.73530321172254,"IV"
272,"500",3.13172894387236,"IV"
273,"500",5.54399063021789,"IV"
274,"500",4.65639214650803,"IV"
275,"500",3.38682945062507,"IV"
276,"500",3.00493310340026,"IV"
277,"500",2.76867839334316,"IV"
278,"500",2.8354564739041,"IV"
279,"500",3.26792836586747,"IV"
280,"500",2.8532247734093,"IV"
281,"500",3.41402092104184,"IV"
282,"500",2.83578067526163,"IV"
283,"500",2.67126907892892,"IV"
284,"500",3.1088037641477,"IV"
285,"500",2.99662024123137,"IV"
286,"500",2.97172342807411,"IV"
287,"500",2.80259919850392,"IV"
288,"500",3.40589743407333,"IV"
289,"500",3.09433060825709,"IV"
290,"500",6.49330345341604,"IV"
291,"500",3.83231883667784,"IV"
292,"500",3.82685984531682,"IV"
293,"500",2.85426668261023,"IV"
294,"500",2.70314203331679,"IV"
295,"500",3.83576348702852,"IV"
296,"500",3.329581554341,"IV"
297,"500",2.68677974466452,"IV"
298,"500",3.62070079850368,"IV"
299,"500",2.91832944417861,"IV"
300,"500",3.95037828540732,"IV"
301,"500",2.60907689346126,"IV"
302,"500",7.65683944933483,"IV"
303,"500",3.87848197716571,"IV"
304,"500",3.3522492604932,"IV"
305,"500",2.2748842302959,"IV"
306,"500",2.65045192986569,"IV"
307,"500",2.93238724311016,"IV"
308,"500",3.14369668449275,"IV"
309,"500",2.94026020908727,"IV"
310,"500",2.27457442031793,"IV"
311,"500",3.66179025902895,"IV"
312,"500",4.10062141896203,"IV"
313,"500",3.18783463961727,"IV"
314,"500",2.62825022144787,"IV"
315,"500",2.69201162445179,"IV"
316,"500",6.22226018530545,"IV"
317,"500",2.97340444712946,"IV"
318,"500",3.80452270941072,"IV"
319,"500",3.24108836104726,"IV"
320,"500",2.60482242588273,"IV"
321,"500",3.0127684203197,"IV"
322,"500",3.75334473122988,"IV"
323,"500",3.19212322865855,"IV"
324,"500",4.92932163947023,"IV"
325,"500",3.31713743071457,"IV"
326,"500",3.50191453708072,"IV"
327,"500",3.37898420462356,"IV"
328,"500",2.67730219732902,"IV"
329,"500",3.93121789586149,"IV"
330,"500",2.54968538682414,"IV"
331,"500",5.77293868627627,"IV"
332,"500",3.91703930991164,"IV"
333,"500",2.46837434761067,"IV"
334,"500",3.29926298196424,"IV"
335,"500",2.83009805008779,"IV"
336,"500",2.82682362539565,"IV"
337,"500",3.12322078875284,"IV"
338,"500",3.15843345629308,"IV"
339,"500",2.55483291027658,"IV"
340,"500",4.34365545707641,"IV"
341,"500",3.70721932814805,"IV"
342,"500",3.03120303268839,"IV"
343,"500",3.03450401018221,"IV"
344,"500",3.13314059315875,"IV"
345,"500",4.58049733652529,"IV"
346,"500",3.65914331341709,"IV"
347,"500",3.08990307639199,"IV"
348,"500",3.0872449747523,"IV"
349,"500",3.40741168216215,"IV"
350,"500",2.70804974466791,"IV"
351,"500",2.9668086482611,"IV"
352,"500",2.42431753184323,"IV"
353,"500",3.09794340531238,"IV"
354,"500",3.21162125336315,"IV"
355,"500",3.16217580111966,"IV"
356,"500",3.6225489499955,"IV"
357,"500",3.58344964553357,"IV"
358,"500",2.64802674784496,"IV"
359,"500",3.97249487355366,"IV"
360,"500",3.02545502268632,"IV"
361,"500",3.09614784652876,"IV"
362,"500",3.5736610536783,"IV"
363,"500",4.59876357493449,"IV"
364,"500",3.51541783325921,"IV"
365,"500",2.81366972248532,"IV"
366,"500",2.54434107692029,"IV"
367,"500",3.19035068454403,"IV"
368,"500",2.89641973421969,"IV"
369,"500",2.56186445539487,"IV"
370,"500",3.12954762025976,"IV"
371,"500",2.64515038700533,"IV"
372,"500",2.97002294228126,"IV"
373,"500",3.936537854776,"IV"
374,"500",4.86251926860416,"IV"
375,"500",3.4680884487589,"IV"
376,"500",2.91555804173756,"IV"
377,"500",2.536902881473,"IV"
378,"500",2.53664530551974,"IV"
379,"500",2.55055716470387,"IV"
380,"500",3.46217252459496,"IV"
381,"500",3.79541263476898,"IV"
382,"500",4.05985734704291,"IV"
383,"500",2.36056886060958,"IV"
384,"500",2.99312603506661,"IV"
385,"500",3.34203858958113,"IV"
386,"500",2.6004433125381,"IV"
387,"500",2.8539426072243,"IV"
388,"500",2.41595333502049,"IV"
389,"500",2.959449208339,"IV"
390,"500",3.69448884186316,"IV"
391,"500",3.3014949469883,"IV"
392,"500",2.68519041850536,"IV"
393,"500",3.93457028901785,"IV"
394,"500",2.77149865934625,"IV"
395,"500",2.83879258828595,"IV"
396,"500",2.69168471752898,"IV"
397,"500",2.9061612673439,"IV"
398,"500",3.14669184572754,"IV"
399,"500",2.89334619945357,"IV"
400,"500",3.02307480753571,"IV"
401,"500",3.31721605430322,"IV"
402,"500",3.76717422947288,"IV"
403,"500",3.00472356329504,"IV"
404,"500",3.87278675038356,"IV"
405,"500",4.00849131449945,"IV"
406,"500",3.88893675594668,"IV"
407,"500",2.99583006698318,"IV"
408,"500",2.436593134359,"IV"
409,"500",2.76857067904404,"IV"
410,"500",3.52109967934628,"IV"
411,"500",5.49801063222151,"IV"
412,"500",4.04358364857753,"IV"
413,"500",4.12401060235564,"IV"
414,"500",2.47052380521438,"IV"
415,"500",9.08233291846893,"IV"
416,"500",2.67951443866052,"IV"
417,"500",4.40720035354359,"IV"
418,"500",3.30363171604939,"IV"
419,"500",3.85450237767305,"IV"
420,"500",2.93096810227767,"IV"
421,"500",3.18944871805792,"IV"
422,"500",2.90491211063875,"IV"
423,"500",2.45690542918782,"IV"
424,"500",3.00664034449823,"IV"
425,"500",5.48616986574179,"IV"
426,"500",2.58551542553084,"IV"
427,"500",2.5656247951143,"IV"
428,"500",2.88565655309055,"IV"
429,"500",2.52134890233421,"IV"
430,"500",3.0296883085806,"IV"
431,"500",3.40386087358412,"IV"
432,"500",2.88642266039758,"IV"
433,"500",3.34834550308882,"IV"
434,"500",3.01922910843244,"IV"
435,"500",2.96140150043872,"IV"
436,"500",3.48127926941149,"IV"
437,"500",3.0751291601375,"IV"
438,"500",2.63027067639903,"IV"
439,"500",2.954516096232,"IV"
440,"500",2.61829859366981,"IV"
441,"500",3.62746327558351,"IV"
442,"500",4.67962137780357,"IV"
443,"500",2.50119449566418,"IV"
444,"500",2.75563288296661,"IV"
445,"500",3.2349855108268,"IV"
446,"500",4.2656985121611,"IV"
447,"500",3.04906546710342,"IV"
448,"500",2.77213747944105,"IV"
449,"500",2.30264974968647,"IV"
450,"500",3.5174333214627,"IV"
451,"500",3.16185470706762,"IV"
452,"500",3.36564639150669,"IV"
453,"500",4.57220853781883,"IV"
454,"500",3.07552570800912,"IV"
455,"500",3.38853907198475,"IV"
456,"500",2.70876881100321,"IV"
457,"500",3.66384730594995,"IV"
458,"500",3.54965626303453,"IV"
459,"500",2.50539728021944,"IV"
460,"500",2.68854614773018,"IV"
461,"500",2.82887509259105,"IV"
462,"500",2.46576308741512,"IV"
463,"500",2.76662610899363,"IV"
464,"500",2.94771934745451,"IV"
465,"500",2.88865099983616,"IV"
466,"500",2.97626951714403,"IV"
467,"500",2.51801068938565,"IV"
468,"500",2.77853296472091,"IV"
469,"500",3.23073682191974,"IV"
470,"500",2.88478613055741,"IV"
471,"500",2.87391913453412,"IV"
472,"500",2.76323419876935,"IV"
473,"500",4.88429092027932,"IV"
474,"500",2.44687556913087,"IV"
475,"500",3.22849775213927,"IV"
476,"500",2.54777597409929,"IV"
477,"500",3.41997708773092,"IV"
478,"500",2.5978626721674,"IV"
479,"500",2.53530046447546,"IV"
480,"500",3.21913726978523,"IV"
481,"500",3.80990630085973,"IV"
482,"500",3.39690400253861,"IV"
483,"500",2.77653496637372,"IV"
484,"500",2.73252448661626,"IV"
485,"500",3.82635601919883,"IV"
486,"500",3.09755841869561,"IV"
487,"500",3.43608229288882,"IV"
488,"500",3.04989663642499,"IV"
489,"500",2.72076597627617,"IV"
490,"500",3.07939271771379,"IV"
491,"500",3.10384480199325,"IV"
492,"500",2.5203220289889,"IV"
493,"500",2.87397314888744,"IV"
494,"500",2.69328879384306,"IV"
495,"500",3.11252120047638,"IV"
496,"500",2.95780547876546,"IV"
497,"500",3.70569302261724,"IV"
498,"500",2.86041213420796,"IV"
499,"500",3.14499554110309,"IV"
500,"500",3.51086028470807,"IV"
501,"500",3.58244942288415,"IV"
502,"500",2.90274633166929,"IV"
503,"500",3.17316534725792,"IV"
504,"500",3.0199086684303,"IV"
505,"500",3.57886920798394,"IV"
506,"500",6.82354008017669,"IV"
507,"500",3.31040949031091,"IV"
508,"500",2.81726324832484,"IV"
509,"500",4.04321304701269,"IV"
510,"500",2.74628668876432,"IV"
511,"500",3.91485305497303,"IV"
512,"500",2.63907067651693,"IV"
513,"500",3.57769261893189,"IV"
514,"500",6.38390187218215,"IV"
515,"500",2.46536206777076,"IV"
516,"500",3.6161710928868,"IV"
517,"500",2.51067861951773,"IV"
518,"500",2.7677982903034,"IV"
519,"500",2.94010089729242,"IV"
520,"500",3.50699509799159,"IV"
521,"500",2.84455441149704,"IV"
522,"500",2.38262457233305,"IV"
523,"500",2.61049447120471,"IV"
524,"500",3.27149405765219,"IV"
525,"500",3.20380924335728,"IV"
526,"500",2.72355669860529,"IV"
527,"500",2.92997716350976,"IV"
528,"500",3.03369818055876,"IV"
529,"500",2.59003226857552,"IV"
530,"500",2.60173850366472,"IV"
531,"500",3.72477311956261,"IV"
532,"500",4.24293644690721,"IV"
533,"500",2.8315204557328,"IV"
534,"500",2.66402363687424,"IV"
535,"500",4.74709780518881,"IV"
536,"500",3.08470402759087,"IV"
537,"500",3.28176135790938,"IV"
538,"500",3.00143508055963,"IV"
539,"500",2.9410696928463,"IV"
540,"500",3.65296007244789,"IV"
541,"500",3.70171127071027,"IV"
542,"500",3.19625017764452,"IV"
543,"500",4.00436511646047,"IV"
544,"500",2.69488308232756,"IV"
545,"500",3.3583385372197,"IV"
546,"500",2.64940195706938,"IV"
547,"500",3.50842602621374,"IV"
548,"500",3.51020862532401,"IV"
549,"500",3.16061079142775,"IV"
550,"500",3.24620189807425,"IV"
551,"500",4.65892104970929,"IV"
552,"500",2.71663595287666,"IV"
553,"500",3.15324137129737,"IV"
554,"500",2.83196470730073,"IV"
555,"500",3.18042016554393,"IV"
556,"500",2.49005325478071,"IV"
557,"500",2.61861844049628,"IV"
558,"500",3.05813796352607,"IV"
559,"500",2.96844799192908,"IV"
560,"500",2.3290193334746,"IV"
561,"500",2.88327350445329,"IV"
562,"500",2.70238793146795,"IV"
563,"500",2.7116462534023,"IV"
564,"500",2.8595648853786,"IV"
565,"500",2.62961903308891,"IV"
566,"500",2.72392908445177,"IV"
567,"500",3.80492793145751,"IV"
568,"500",3.73379252290102,"IV"
569,"500",3.99786679917344,"IV"
570,"500",2.97057521683902,"IV"
571,"500",4.11268031454921,"IV"
572,"500",4.70020746191485,"IV"
573,"500",2.91361244700335,"IV"
574,"500",2.39312593261144,"IV"
575,"500",2.57358127546128,"IV"
576,"500",4.70094469481861,"IV"
577,"500",2.80413426721851,"IV"
578,"500",3.07409701077784,"IV"
579,"500",2.88093976189132,"IV"
580,"500",4.32338041365528,"IV"
581,"500",2.90801945458225,"IV"
582,"500",2.42111972683276,"IV"
583,"500",4.53105270064775,"IV"
584,"500",4.4327928089701,"IV"
585,"500",3.30911529551753,"IV"
586,"500",3.71251749877277,"IV"
587,"500",2.90351178838215,"IV"
588,"500",5.26066164991286,"IV"
589,"500",3.13445250664211,"IV"
590,"500",3.50739185991103,"IV"
591,"500",2.44485487739601,"IV"
592,"500",2.87239740398748,"IV"
593,"500",2.91325952662026,"IV"
594,"500",4.18117706739403,"IV"
595,"500",4.0296637207878,"IV"
596,"500",3.25581816849692,"IV"
597,"500",3.8878312641594,"IV"
598,"500",2.26204430921611,"IV"
599,"500",3.07397566422358,"IV"
600,"500",2.97150151807353,"IV"
601,"500",3.55711550520778,"IV"
602,"500",3.17483405312207,"IV"
603,"500",3.59344915240778,"IV"
604,"500",3.43651233066643,"IV"
605,"500",3.96432282397651,"IV"
606,"500",3.74629846070907,"IV"
607,"500",2.6339337427791,"IV"
608,"500",3.06752680273737,"IV"
609,"500",2.65576969829892,"IV"
610,"500",3.50718444874521,"IV"
611,"500",3.03290033761611,"IV"
612,"500",3.61507774210536,"IV"
613,"500",3.67874090075503,"IV"
614,"500",2.99935393796395,"IV"
615,"500",3.33857376963556,"IV"
616,"500",2.58035553859341,"IV"
617,"500",2.88705634540925,"IV"
618,"500",3.16269588650929,"IV"
619,"500",2.83665656283031,"IV"
620,"500",5.23380750890851,"IV"
621,"500",2.98019784038808,"IV"
622,"500",2.60772106616991,"IV"
623,"500",3.67768311834415,"IV"
624,"500",3.22001723925183,"IV"
625,"500",2.96951342035876,"IV"
626,"500",3.19409173279748,"IV"
627,"500",2.59127964346145,"IV"
628,"500",3.54059665741526,"IV"
629,"500",2.8690375339134,"IV"
630,"500",5.59232134754128,"IV"
631,"500",2.96095485723308,"IV"
632,"500",2.55839989819199,"IV"
633,"500",2.87810549532213,"IV"
634,"500",4.31786407709013,"IV"
635,"500",2.82941128965022,"IV"
636,"500",2.5444017601296,"IV"
637,"500",2.93856518740754,"IV"
638,"500",3.38516067886962,"IV"
639,"500",3.86767181031982,"IV"
640,"500",3.51488114488821,"IV"
641,"500",2.88807586069459,"IV"
642,"500",4.3488072320831,"IV"
643,"500",3.63280411934233,"IV"
644,"500",2.89080063078941,"IV"
645,"500",3.40427740712192,"IV"
646,"500",2.86018141964417,"IV"
647,"500",3.64531346267612,"IV"
648,"500",2.56484648512243,"IV"
649,"500",2.99037128961714,"IV"
650,"500",2.82966200492819,"IV"
651,"500",4.23846968402002,"IV"
652,"500",3.03643521951323,"IV"
653,"500",2.8898023299258,"IV"
654,"500",3.21603411889879,"IV"
655,"500",2.94410417817693,"IV"
656,"500",2.57277900123937,"IV"
657,"500",2.91395329189884,"IV"
658,"500",3.48229657823902,"IV"
659,"500",3.4212516486204,"IV"
660,"500",3.8344656843959,"IV"
661,"500",2.86230101685424,"IV"
662,"500",3.17709851282858,"IV"
663,"500",3.98866350816241,"IV"
664,"500",2.77940667388542,"IV"
665,"500",2.78868977959679,"IV"
666,"500",2.5468689852409,"IV"
667,"500",3.20586086603304,"IV"
668,"500",3.82725148044824,"IV"
669,"500",3.20705711537825,"IV"
670,"500",3.19427215163845,"IV"
671,"500",2.65668662782493,"IV"
672,"500",3.153831943745,"IV"
673,"500",3.41494472972434,"IV"
674,"500",2.4408002805176,"IV"
675,"500",3.6585613904851,"IV"
676,"500",8.38062590940244,"IV"
677,"500",2.54886962873258,"IV"
678,"500",4.03582953233688,"IV"
679,"500",3.33199974935823,"IV"
680,"500",2.40165535630228,"IV"
681,"500",3.07982663376565,"IV"
682,"500",3.61802130614004,"IV"
683,"500",2.97488488883398,"IV"
684,"500",5.35587993418894,"IV"
685,"500",3.56955296030459,"IV"
686,"500",2.77420113796392,"IV"
687,"500",4.96097222742446,"IV"
688,"500",2.61782336540267,"IV"
689,"500",2.67633149491088,"IV"
690,"500",3.69172231428802,"IV"
691,"500",2.90778721689506,"IV"
692,"500",2.73922936223035,"IV"
693,"500",2.98589410260963,"IV"
694,"500",2.91373079129958,"IV"
695,"500",2.79845399676643,"IV"
696,"500",2.92335178905582,"IV"
697,"500",4.93147299449519,"IV"
698,"500",2.66915386628829,"IV"
699,"500",3.44135637346475,"IV"
700,"500",3.02463087193765,"IV"
701,"500",3.07649345787844,"IV"
702,"500",2.94530584468449,"IV"
703,"500",3.7407761691907,"IV"
704,"500",3.14481955653408,"IV"
705,"500",2.97027979878368,"IV"
706,"500",3.80051540011212,"IV"
707,"500",3.32901645910412,"IV"
708,"500",2.69632344471031,"IV"
709,"500",3.8090675810044,"IV"
710,"500",2.73429057421971,"IV"
711,"500",2.74919957618196,"IV"
712,"500",2.7117556057858,"IV"
713,"500",4.20056451513471,"IV"
714,"500",4.85498300077578,"IV"
715,"500",3.42624285125617,"IV"
716,"500",3.06575470559865,"IV"
717,"500",3.04343847198708,"IV"
718,"500",2.71167514042901,"IV"
719,"500",2.76088775224364,"IV"
720,"500",2.93476708458371,"IV"
721,"500",3.71646690424007,"IV"
722,"500",3.55383432645495,"IV"
723,"500",3.85216579478775,"IV"
724,"500",2.43418824390658,"IV"
725,"500",2.91075874930887,"IV"
726,"500",3.63995474893129,"IV"
727,"500",4.13248252771266,"IV"
728,"500",2.69945362259565,"IV"
729,"500",2.57893718112591,"IV"
730,"500",2.80311568623539,"IV"
731,"500",3.30704485647009,"IV"
732,"500",2.67832827285337,"IV"
733,"500",3.51705494332203,"IV"
734,"500",2.48098368615392,"IV"
735,"500",3.03487909706287,"IV"
736,"500",2.69753873917549,"IV"
737,"500",3.74055767391341,"IV"
738,"500",2.90943796682566,"IV"
739,"500",2.95292103845091,"IV"
740,"500",2.9140452654142,"IV"
741,"500",2.76064360516635,"IV"
742,"500",3.2430494376569,"IV"
743,"500",2.9428755617897,"IV"
744,"500",5.61671670245783,"IV"
745,"500",2.87128747609606,"IV"
746,"500",2.9668336007347,"IV"
747,"500",3.40922730958614,"IV"
748,"500",3.14261566652559,"IV"
749,"500",2.5671279674341,"IV"
750,"500",2.82866617782929,"IV"
751,"500",2.91545879888533,"IV"
752,"500",2.84429731409117,"IV"
753,"500",3.61306314450139,"IV"
754,"500",4.20077894713462,"IV"
755,"500",2.56072457498606,"IV"
756,"500",4.42908903663712,"IV"
757,"500",3.03262194848715,"IV"
758,"500",2.55187553870902,"IV"
759,"500",3.79506129271157,"IV"
760,"500",3.0211442479429,"IV"
761,"500",4.32418194902781,"IV"
762,"500",4.06637282386574,"IV"
763,"500",2.77185514969909,"IV"
764,"500",2.69968725214618,"IV"
765,"500",2.59755879297404,"IV"
766,"500",2.54679394391014,"IV"
767,"500",2.97352846736665,"IV"
768,"500",2.68586314426558,"IV"
769,"500",3.28154520010087,"IV"
770,"500",2.85924293226625,"IV"
771,"500",3.10584114843193,"IV"
772,"500",2.68188289383871,"IV"
773,"500",2.65915110218947,"IV"
774,"500",2.47199483882274,"IV"
775,"500",2.70228864965406,"IV"
776,"500",3.31629789167875,"IV"
777,"500",3.11270804365914,"IV"
778,"500",2.71150043257838,"IV"
779,"500",3.71611563588217,"IV"
780,"500",3.25126771514967,"IV"
781,"500",3.58556576447128,"IV"
782,"500",2.87108226631267,"IV"
783,"500",2.57675111771299,"IV"
784,"500",2.63306195578807,"IV"
785,"500",3.38895252985948,"IV"
786,"500",2.81363079543097,"IV"
787,"500",3.79244639627879,"IV"
788,"500",3.03845641114382,"IV"
789,"500",2.73198800089192,"IV"
790,"500",3.17076725710788,"IV"
791,"500",3.31546108396075,"IV"
792,"500",2.71361827609657,"IV"
793,"500",13.4471974685125,"IV"
794,"500",2.6572325147925,"IV"
795,"500",2.94935833594046,"IV"
796,"500",2.62578236564069,"IV"
797,"500",3.36337133443389,"IV"
798,"500",3.08798261061988,"IV"
799,"500",3.73784021386908,"IV"
800,"500",4.27198616624394,"IV"
801,"500",2.87916263079537,"IV"
802,"500",4.03410685590521,"IV"
803,"500",4.35143568186541,"IV"
804,"500",3.33330019934818,"IV"
805,"500",3.4472498470544,"IV"
806,"500",3.49334430635163,"IV"
807,"500",3.02569152202776,"IV"
808,"500",2.40764922043133,"IV"
809,"500",4.53246532856204,"IV"
810,"500",2.82868656552665,"IV"
811,"500",2.65432332288896,"IV"
812,"500",3.72171778225794,"IV"
813,"500",3.25600258529157,"IV"
814,"500",2.4745236361681,"IV"
815,"500",3.08990774232598,"IV"
816,"500",4.59986249611706,"IV"
817,"500",4.35573087916719,"IV"
818,"500",4.00530149530278,"IV"
819,"500",5.86316036132269,"IV"
820,"500",3.68688709546824,"IV"
821,"500",2.89182905980996,"IV"
822,"500",2.99250151757974,"IV"
823,"500",2.86017524969486,"IV"
824,"500",3.28185859175606,"IV"
825,"500",3.10763561411505,"IV"
826,"500",2.48038341768213,"IV"
827,"500",3.02679133003344,"IV"
828,"500",3.1577308648256,"IV"
829,"500",3.79308680015831,"IV"
830,"500",3.11702487547039,"IV"
831,"500",3.18158830388239,"IV"
832,"500",3.26621142792154,"IV"
833,"500",2.87028998843489,"IV"
834,"500",2.807115651582,"IV"
835,"500",3.11420526009577,"IV"
836,"500",2.81467519506394,"IV"
837,"500",3.21349210139833,"IV"
838,"500",3.23330817380729,"IV"
839,"500",3.1784966257215,"IV"
840,"500",2.63338843406557,"IV"
841,"500",2.76950297346967,"IV"
842,"500",2.78227187615227,"IV"
843,"500",2.80765079153338,"IV"
844,"500",2.58246984906592,"IV"
845,"500",3.34278851423731,"IV"
846,"500",5.10112989336524,"IV"
847,"500",3.78339559862944,"IV"
848,"500",3.12771699178329,"IV"
849,"500",3.61710422579272,"IV"
850,"500",3.45161286143745,"IV"
851,"500",2.83709135227696,"IV"
852,"500",3.5803753241772,"IV"
853,"500",2.89616332161621,"IV"
854,"500",2.76786726545123,"IV"
855,"500",3.23440209358843,"IV"
856,"500",2.59287164483822,"IV"
857,"500",2.97934976977292,"IV"
858,"500",4.25574911870027,"IV"
859,"500",2.6756328316223,"IV"
860,"500",2.70110199200896,"IV"
861,"500",2.91423385193993,"IV"
862,"500",3.26353053429107,"IV"
863,"500",2.83049563087189,"IV"
864,"500",2.78610059922093,"IV"
865,"500",3.12408130473082,"IV"
866,"500",4.15124907647352,"IV"
867,"500",2.92884205420303,"IV"
868,"500",4.05617940110637,"IV"
869,"500",2.70291325593945,"IV"
870,"500",3.15467812466194,"IV"
871,"500",4.08268062744593,"IV"
872,"500",2.4421619165355,"IV"
873,"500",4.98715265181822,"IV"
874,"500",3.2830048480222,"IV"
875,"500",3.08071527218753,"IV"
876,"500",3.19796325601308,"IV"
877,"500",2.95742594036447,"IV"
878,"500",5.18804881323165,"IV"
879,"500",4.78912051664694,"IV"
880,"500",3.63010706574874,"IV"
881,"500",2.4889613502161,"IV"
882,"500",2.68087783932939,"IV"
883,"500",3.9154424455585,"IV"
884,"500",3.22173950248282,"IV"
885,"500",2.54876698686327,"IV"
886,"500",2.94012977638855,"IV"
887,"500",2.68455066392362,"IV"
888,"500",3.77131392774213,"IV"
889,"500",2.50275838485937,"IV"
890,"500",2.49772843342054,"IV"
891,"500",3.17907016352823,"IV"
892,"500",3.78121596292014,"IV"
893,"500",3.12390007845472,"IV"
894,"500",2.92162849843461,"IV"
895,"500",3.34853218753272,"IV"
896,"500",4.89590395831094,"IV"
897,"500",4.64802816984523,"IV"
898,"500",3.63139033509243,"IV"
899,"500",2.70932264149689,"IV"
900,"500",2.80595498680908,"IV"
901,"500",4.33812940133173,"IV"
902,"500",3.12526473829143,"IV"
903,"500",4.15320473219294,"IV"
904,"500",3.30278713516771,"IV"
905,"500",2.50601771526393,"IV"
906,"500",3.39339328926755,"IV"
907,"500",2.372757355549,"IV"
908,"500",3.7800900761187,"IV"
909,"500",2.72412044299709,"IV"
910,"500",2.76432828288501,"IV"
911,"500",2.67736468689552,"IV"
912,"500",2.70685835671504,"IV"
913,"500",2.71758755098964,"IV"
914,"500",3.02481923921694,"IV"
915,"500",2.30756380428095,"IV"
916,"500",3.36464709534172,"IV"
917,"500",2.37284049759198,"IV"
918,"500",2.85933556383134,"IV"
919,"500",2.47446779096924,"IV"
920,"500",3.31449418994717,"IV"
921,"500",3.35228797522574,"IV"
922,"500",2.74053552268087,"IV"
923,"500",3.56422750494102,"IV"
924,"500",3.21955519281563,"IV"
925,"500",3.30480060658811,"IV"
926,"500",3.23789492738969,"IV"
927,"500",2.8275633096971,"IV"
928,"500",2.9606029293395,"IV"
929,"500",4.57051128336001,"IV"
930,"500",2.67582483120808,"IV"
931,"500",3.35690008275044,"IV"
932,"500",2.70164694543997,"IV"
933,"500",3.09439578190291,"IV"
934,"500",3.36182416893047,"IV"
935,"500",2.71595323098634,"IV"
936,"500",3.16791006027903,"IV"
937,"500",2.85725718984658,"IV"
938,"500",3.29558643273579,"IV"
939,"500",3.30396173293708,"IV"
940,"500",3.30890657134856,"IV"
941,"500",3.45419127509192,"IV"
942,"500",2.97048229224332,"IV"
943,"500",2.65360111343329,"IV"
944,"500",2.59799489973178,"IV"
945,"500",2.93981726649337,"IV"
946,"500",2.93582873828552,"IV"
947,"500",2.92893678976012,"IV"
948,"500",4.44103210844137,"IV"
949,"500",2.76822128549467,"IV"
950,"500",3.51051182966936,"IV"
951,"500",3.01335814588084,"IV"
952,"500",2.95473712454156,"IV"
953,"500",3.09033120544652,"IV"
954,"500",2.50324602221694,"IV"
955,"500",3.02477725568323,"IV"
956,"500",2.90725804929252,"IV"
957,"500",3.41910967605339,"IV"
958,"500",4.81770083152446,"IV"
959,"500",2.7271391961219,"IV"
960,"500",2.67120781132349,"IV"
961,"500",3.11715800088401,"IV"
962,"500",2.89215587808187,"IV"
963,"500",4.34958050405426,"IV"
964,"500",2.82549422955105,"IV"
965,"500",2.84710844918653,"IV"
966,"500",2.89949174455332,"IV"
967,"500",3.37595550062092,"IV"
968,"500",2.6851755690221,"IV"
969,"500",2.53710537514453,"IV"
970,"500",3.06235570654092,"IV"
971,"500",3.25439983702983,"IV"
972,"500",4.01120637654097,"IV"
973,"500",2.87196946397159,"IV"
974,"500",2.58163880571325,"IV"
975,"500",2.93250240318915,"IV"
976,"500",4.20912110698713,"IV"
977,"500",2.64432307419319,"IV"
978,"500",2.75753069912936,"IV"
979,"500",2.33312863048057,"IV"
980,"500",3.48291100109664,"IV"
981,"500",3.52458252238111,"IV"
982,"500",3.96287010952398,"IV"
983,"500",3.28206981243148,"IV"
984,"500",2.72016726107633,"IV"
985,"500",2.67872005708712,"IV"
986,"500",2.61643944247628,"IV"
987,"500",3.24846081439235,"IV"
988,"500",3.11184654727992,"IV"
989,"500",2.46987076396066,"IV"
990,"500",3.62340285521792,"IV"
991,"500",2.44589390532126,"IV"
992,"500",3.40711461400108,"IV"
993,"500",3.3989482876121,"IV"
994,"500",3.09089956672476,"IV"
995,"500",3.79500788540873,"IV"
996,"500",4.08621407864646,"IV"
997,"500",2.50824146924474,"IV"
998,"500",2.63779713385268,"IV"
999,"500",3.37435624777183,"IV"
1000,"500",3.85876768329052,"IV"
1,"1000",3.25739785231446,"IV"
2,"1000",3.06441433707329,"IV"
3,"1000",2.78267798728103,"IV"
4,"1000",2.78412126521601,"IV"
5,"1000",3.59929937218255,"IV"
6,"1000",3.47836238374973,"IV"
7,"1000",3.11382233609625,"IV"
8,"1000",2.65063050225272,"IV"
9,"1000",2.80097903031813,"IV"
10,"1000",4.46674765767507,"IV"
11,"1000",3.06498752973964,"IV"
12,"1000",2.97396391952883,"IV"
13,"1000",2.86008772845733,"IV"
14,"1000",2.64748322043436,"IV"
15,"1000",2.48639163648781,"IV"
16,"1000",3.04851622436608,"IV"
17,"1000",2.81575081841336,"IV"
18,"1000",3.23068077071563,"IV"
19,"1000",2.62628800383673,"IV"
20,"1000",2.99208668487612,"IV"
21,"1000",2.63111788056932,"IV"
22,"1000",4.50777752753112,"IV"
23,"1000",3.2111855632318,"IV"
24,"1000",2.86265377338829,"IV"
25,"1000",2.84164823706438,"IV"
26,"1000",3.67213699709219,"IV"
27,"1000",2.88173185917908,"IV"
28,"1000",3.36148628732516,"IV"
29,"1000",3.30877567637399,"IV"
30,"1000",3.82322398916614,"IV"
31,"1000",2.64539433014718,"IV"
32,"1000",3.719389763045,"IV"
33,"1000",3.60216986381245,"IV"
34,"1000",3.24527064750183,"IV"
35,"1000",3.82844475663877,"IV"
36,"1000",2.78244290054082,"IV"
37,"1000",2.85267270901094,"IV"
38,"1000",2.878607078375,"IV"
39,"1000",4.28357884006285,"IV"
40,"1000",3.59153433158842,"IV"
41,"1000",3.08100217582898,"IV"
42,"1000",3.62465927391124,"IV"
43,"1000",2.86650805595524,"IV"
44,"1000",3.03382979666273,"IV"
45,"1000",2.64442691666929,"IV"
46,"1000",3.10499721492377,"IV"
47,"1000",3.05587936392432,"IV"
48,"1000",2.80708462195166,"IV"
49,"1000",3.57488540291232,"IV"
50,"1000",3.50567477884987,"IV"
51,"1000",2.9836645988826,"IV"
52,"1000",2.5023925038234,"IV"
53,"1000",2.79582191730262,"IV"
54,"1000",2.89869828484973,"IV"
55,"1000",3.76404880459981,"IV"
56,"1000",3.36301136691606,"IV"
57,"1000",3.56628400033332,"IV"
58,"1000",2.65315550463702,"IV"
59,"1000",2.68581022709035,"IV"
60,"1000",3.5877947594444,"IV"
61,"1000",3.79359520626518,"IV"
62,"1000",4.38871290170015,"IV"
63,"1000",2.86610426053431,"IV"
64,"1000",3.00603445247583,"IV"
65,"1000",2.81797700840158,"IV"
66,"1000",3.29794424389388,"IV"
67,"1000",2.79493726821842,"IV"
68,"1000",2.72585516000106,"IV"
69,"1000",3.50175841221291,"IV"
70,"1000",3.08102809071094,"IV"
71,"1000",3.45319274228105,"IV"
72,"1000",3.42808041341194,"IV"
73,"1000",3.69069686155915,"IV"
74,"1000",3.32963222001814,"IV"
75,"1000",2.98971147534189,"IV"
76,"1000",2.5471838042647,"IV"
77,"1000",2.99869388809084,"IV"
78,"1000",3.68951433679348,"IV"
79,"1000",2.88351536912845,"IV"
80,"1000",3.63651174856871,"IV"
81,"1000",3.36344345018161,"IV"
82,"1000",2.98281581663996,"IV"
83,"1000",2.70264519803443,"IV"
84,"1000",3.56173882999845,"IV"
85,"1000",3.30201346020774,"IV"
86,"1000",3.00202885615539,"IV"
87,"1000",3.26677969035195,"IV"
88,"1000",2.65824001635361,"IV"
89,"1000",2.69393149309426,"IV"
90,"1000",3.6498743847958,"IV"
91,"1000",3.0448058889827,"IV"
92,"1000",3.19490665698754,"IV"
93,"1000",3.25284530840828,"IV"
94,"1000",2.73278757125451,"IV"
95,"1000",4.30226735124642,"IV"
96,"1000",3.00905425485432,"IV"
97,"1000",3.21986994238703,"IV"
98,"1000",3.14345228496554,"IV"
99,"1000",2.50832586698307,"IV"
100,"1000",3.04659100964016,"IV"
101,"1000",3.04676506138135,"IV"
102,"1000",2.83293181469408,"IV"
103,"1000",3.62501081834317,"IV"
104,"1000",2.70152797796957,"IV"
105,"1000",3.06529389689298,"IV"
106,"1000",3.07124720845442,"IV"
107,"1000",3.0191454894045,"IV"
108,"1000",2.74519294468651,"IV"
109,"1000",3.54615911901831,"IV"
110,"1000",3.00827362137344,"IV"
111,"1000",3.29703366133636,"IV"
112,"1000",3.39592080600031,"IV"
113,"1000",3.28514898754178,"IV"
114,"1000",2.83549212948692,"IV"
115,"1000",2.53720502344423,"IV"
116,"1000",2.43901237236277,"IV"
117,"1000",3.27770467658059,"IV"
118,"1000",3.00552434143101,"IV"
119,"1000",3.37520040697412,"IV"
120,"1000",2.53748119524263,"IV"
121,"1000",3.11088535132756,"IV"
122,"1000",3.25601193491828,"IV"
123,"1000",3.73330637495706,"IV"
124,"1000",2.79189122092296,"IV"
125,"1000",3.39334269776858,"IV"
126,"1000",3.09659453334837,"IV"
127,"1000",3.11757168847435,"IV"
128,"1000",2.50407558832008,"IV"
129,"1000",2.62063417872597,"IV"
130,"1000",3.19076233016522,"IV"
131,"1000",2.88440436855279,"IV"
132,"1000",2.5877004535616,"IV"
133,"1000",3.45730769466647,"IV"
134,"1000",2.7837298539509,"IV"
135,"1000",2.89726678357709,"IV"
136,"1000",2.76231400970948,"IV"
137,"1000",3.61621627552185,"IV"
138,"1000",3.84743077844396,"IV"
139,"1000",3.66125201624846,"IV"
140,"1000",3.0873826438813,"IV"
141,"1000",3.3074648450225,"IV"
142,"1000",2.66793472874986,"IV"
143,"1000",2.61391844326246,"IV"
144,"1000",2.73743749010114,"IV"
145,"1000",4.05578172105553,"IV"
146,"1000",3.08176563537686,"IV"
147,"1000",2.74539997831867,"IV"
148,"1000",3.22914727385159,"IV"
149,"1000",3.03782888951785,"IV"
150,"1000",3.67184524779864,"IV"
151,"1000",2.72104369839857,"IV"
152,"1000",2.83580074721333,"IV"
153,"1000",4.11296531767458,"IV"
154,"1000",2.93257400216772,"IV"
155,"1000",2.85833730126377,"IV"
156,"1000",3.25528859403885,"IV"
157,"1000",2.76102377910129,"IV"
158,"1000",2.68477562130021,"IV"
159,"1000",2.812322728308,"IV"
160,"1000",2.7244043058362,"IV"
161,"1000",3.21931852900893,"IV"
162,"1000",3.37774033367797,"IV"
163,"1000",2.49721190574509,"IV"
164,"1000",2.66159011711243,"IV"
165,"1000",2.80654408528906,"IV"
166,"1000",3.17497182426582,"IV"
167,"1000",3.55401603920422,"IV"
168,"1000",3.23489713444333,"IV"
169,"1000",2.82130000579488,"IV"
170,"1000",2.60983906362609,"IV"
171,"1000",3.37582034839658,"IV"
172,"1000",4.19446309350869,"IV"
173,"1000",3.54116860029125,"IV"
174,"1000",3.30671384591427,"IV"
175,"1000",2.73419449910818,"IV"
176,"1000",3.05499814957722,"IV"
177,"1000",3.1958347150108,"IV"
178,"1000",2.66581945353971,"IV"
179,"1000",3.22641419796242,"IV"
180,"1000",3.20936425196668,"IV"
181,"1000",2.87577812764714,"IV"
182,"1000",4.15392997365048,"IV"
183,"1000",3.23963377142399,"IV"
184,"1000",3.32278646374845,"IV"
185,"1000",3.70562205243904,"IV"
186,"1000",3.83083091646297,"IV"
187,"1000",3.41301562559023,"IV"
188,"1000",3.16926127303236,"IV"
189,"1000",3.54197389171192,"IV"
190,"1000",4.20607731031177,"IV"
191,"1000",2.97662579162974,"IV"
192,"1000",2.87729063681248,"IV"
193,"1000",3.25569201609933,"IV"
194,"1000",2.8426414237341,"IV"
195,"1000",2.78576365740136,"IV"
196,"1000",3.0790576958299,"IV"
197,"1000",3.11690396953435,"IV"
198,"1000",4.1899110746093,"IV"
199,"1000",2.8913004472871,"IV"
200,"1000",3.13878638812791,"IV"
201,"1000",2.84380757674302,"IV"
202,"1000",2.9277205840067,"IV"
203,"1000",3.17152374880066,"IV"
204,"1000",4.14125500620194,"IV"
205,"1000",4.2805661759897,"IV"
206,"1000",3.44522203211869,"IV"
207,"1000",3.20421582574687,"IV"
208,"1000",3.91311737416581,"IV"
209,"1000",2.7986510223935,"IV"
210,"1000",2.88427693570575,"IV"
211,"1000",3.4727951305007,"IV"
212,"1000",3.40407249260475,"IV"
213,"1000",2.51896138904986,"IV"
214,"1000",2.6632683388168,"IV"
215,"1000",3.11950225733986,"IV"
216,"1000",3.47208938429842,"IV"
217,"1000",2.65850754296619,"IV"
218,"1000",3.17890096520993,"IV"
219,"1000",2.5860748632169,"IV"
220,"1000",2.98556910448988,"IV"
221,"1000",3.97727529507854,"IV"
222,"1000",3.83081981397609,"IV"
223,"1000",2.8861270661434,"IV"
224,"1000",2.87478381803888,"IV"
225,"1000",3.14776097342993,"IV"
226,"1000",5.9115001146237,"IV"
227,"1000",3.41232702244244,"IV"
228,"1000",2.5569132690811,"IV"
229,"1000",2.67103560341368,"IV"
230,"1000",3.54757238652296,"IV"
231,"1000",3.67654249362602,"IV"
232,"1000",2.73794544976234,"IV"
233,"1000",2.74434666722637,"IV"
234,"1000",3.57880687921412,"IV"
235,"1000",3.23829626887876,"IV"
236,"1000",3.31512659942497,"IV"
237,"1000",2.83402325247497,"IV"
238,"1000",2.99394772428016,"IV"
239,"1000",2.98850008066636,"IV"
240,"1000",4.22537376592461,"IV"
241,"1000",3.93733830343349,"IV"
242,"1000",3.04363027417657,"IV"
243,"1000",2.62304259037107,"IV"
244,"1000",5.15107067129515,"IV"
245,"1000",2.44796567033133,"IV"
246,"1000",2.63297701953425,"IV"
247,"1000",3.0363449085438,"IV"
248,"1000",3.30807263297714,"IV"
249,"1000",3.43017200796314,"IV"
250,"1000",3.25205910428219,"IV"
251,"1000",2.91915954908782,"IV"
252,"1000",2.66751824144225,"IV"
253,"1000",3.19234363418184,"IV"
254,"1000",2.8290878339781,"IV"
255,"1000",2.5962586833758,"IV"
256,"1000",3.09247262554286,"IV"
257,"1000",2.67286586333292,"IV"
258,"1000",3.66724064737559,"IV"
259,"1000",2.87654472715727,"IV"
260,"1000",3.86379333481076,"IV"
261,"1000",3.41613382171976,"IV"
262,"1000",3.54527088883732,"IV"
263,"1000",2.8615557534492,"IV"
264,"1000",2.80869810348555,"IV"
265,"1000",3.89729593145504,"IV"
266,"1000",2.8896553975904,"IV"
267,"1000",3.69531165798841,"IV"
268,"1000",3.70812336505276,"IV"
269,"1000",2.90196373385761,"IV"
270,"1000",3.40335785355954,"IV"
271,"1000",2.90711005129285,"IV"
272,"1000",3.62781597025155,"IV"
273,"1000",3.01149842602418,"IV"
274,"1000",2.89692296191137,"IV"
275,"1000",3.15790787387958,"IV"
276,"1000",3.40771922305336,"IV"
277,"1000",3.68589074002244,"IV"
278,"1000",3.9070599992792,"IV"
279,"1000",2.96890962996398,"IV"
280,"1000",2.85613483208066,"IV"
281,"1000",2.50240012424875,"IV"
282,"1000",2.90871054728621,"IV"
283,"1000",2.8625768144842,"IV"
284,"1000",3.21901307283629,"IV"
285,"1000",2.7534785221204,"IV"
286,"1000",3.02442698693658,"IV"
287,"1000",2.55432023878599,"IV"
288,"1000",2.81523711243939,"IV"
289,"1000",2.69470434964365,"IV"
290,"1000",3.68155825766426,"IV"
291,"1000",2.9850980504087,"IV"
292,"1000",2.56622331406498,"IV"
293,"1000",3.64677458086194,"IV"
294,"1000",3.37775023391334,"IV"
295,"1000",3.19153532406234,"IV"
296,"1000",3.89898390384063,"IV"
297,"1000",3.07803040050279,"IV"
298,"1000",2.91242134027657,"IV"
299,"1000",3.1690491565913,"IV"
300,"1000",2.6338256235694,"IV"
301,"1000",3.90957879344029,"IV"
302,"1000",3.03778525830139,"IV"
303,"1000",4.33061096875202,"IV"
304,"1000",2.80535156621723,"IV"
305,"1000",2.67959245348719,"IV"
306,"1000",4.3556436940073,"IV"
307,"1000",2.66246586572201,"IV"
308,"1000",3.10285635089634,"IV"
309,"1000",2.88431311211923,"IV"
310,"1000",2.94917237615429,"IV"
311,"1000",2.78998752853296,"IV"
312,"1000",2.73900874906645,"IV"
313,"1000",2.99475996841308,"IV"
314,"1000",3.29549494552788,"IV"
315,"1000",2.58379198754882,"IV"
316,"1000",2.99511938175612,"IV"
317,"1000",3.42796905526288,"IV"
318,"1000",3.03176096989392,"IV"
319,"1000",3.44236962557377,"IV"
320,"1000",3.2330193250401,"IV"
321,"1000",2.79340621651499,"IV"
322,"1000",3.50038355535961,"IV"
323,"1000",3.77061175074716,"IV"
324,"1000",3.7366018107349,"IV"
325,"1000",3.11662478997171,"IV"
326,"1000",3.03458923969657,"IV"
327,"1000",3.50292574662702,"IV"
328,"1000",3.26207954221084,"IV"
329,"1000",2.80279247635675,"IV"
330,"1000",3.4716583643457,"IV"
331,"1000",3.24813870376912,"IV"
332,"1000",2.83071594365972,"IV"
333,"1000",2.95464461649126,"IV"
334,"1000",3.20228596182303,"IV"
335,"1000",3.42539616369636,"IV"
336,"1000",3.1523703544243,"IV"
337,"1000",3.34982502435422,"IV"
338,"1000",3.0302985247197,"IV"
339,"1000",3.17734589382059,"IV"
340,"1000",3.11741693390767,"IV"
341,"1000",2.75055613226486,"IV"
342,"1000",3.36962460892131,"IV"
343,"1000",4.63281437761388,"IV"
344,"1000",3.0524927244221,"IV"
345,"1000",4.34990363873993,"IV"
346,"1000",2.92083287257802,"IV"
347,"1000",2.96760383922601,"IV"
348,"1000",2.67640110744854,"IV"
349,"1000",2.68381777695827,"IV"
350,"1000",2.86258126993193,"IV"
351,"1000",2.51789526025363,"IV"
352,"1000",2.61877053475927,"IV"
353,"1000",3.02476871132372,"IV"
354,"1000",4.25218380011086,"IV"
355,"1000",2.8855961114805,"IV"
356,"1000",3.84892680443944,"IV"
357,"1000",2.7692341669083,"IV"
358,"1000",4.27728840435165,"IV"
359,"1000",2.89760419758206,"IV"
360,"1000",3.62556833555594,"IV"
361,"1000",3.31363990216359,"IV"
362,"1000",3.17806616713104,"IV"
363,"1000",3.27075438477733,"IV"
364,"1000",2.81556921283732,"IV"
365,"1000",2.91332553834655,"IV"
366,"1000",2.46019844727519,"IV"
367,"1000",3.38439323178214,"IV"
368,"1000",2.94163852339985,"IV"
369,"1000",2.76783139273586,"IV"
370,"1000",3.12828924534753,"IV"
371,"1000",3.1465984897433,"IV"
372,"1000",2.55884101548609,"IV"
373,"1000",2.81414823439601,"IV"
374,"1000",3.78224288034323,"IV"
375,"1000",2.85689592241088,"IV"
376,"1000",3.39989481119588,"IV"
377,"1000",3.55810622440537,"IV"
378,"1000",3.38858472976109,"IV"
379,"1000",3.03310237962407,"IV"
380,"1000",2.86147966693433,"IV"
381,"1000",4.33166175212259,"IV"
382,"1000",2.77306020608854,"IV"
383,"1000",2.58739140972212,"IV"
384,"1000",2.64532159987696,"IV"
385,"1000",3.08826001181654,"IV"
386,"1000",3.81353507430231,"IV"
387,"1000",3.05654789163537,"IV"
388,"1000",3.49658816748213,"IV"
389,"1000",2.71779586516856,"IV"
390,"1000",2.95119286612332,"IV"
391,"1000",2.6578778280161,"IV"
392,"1000",2.98970762061648,"IV"
393,"1000",2.53653682794869,"IV"
394,"1000",2.9841571128739,"IV"
395,"1000",2.94215505738359,"IV"
396,"1000",2.89432930996746,"IV"
397,"1000",3.73666195395035,"IV"
398,"1000",3.34224962150384,"IV"
399,"1000",2.73468666969476,"IV"
400,"1000",2.90251204843083,"IV"
401,"1000",3.30774903762484,"IV"
402,"1000",3.27868284466078,"IV"
403,"1000",4.00051727511193,"IV"
404,"1000",3.02557789562305,"IV"
405,"1000",3.79176534806676,"IV"
406,"1000",2.73798715821162,"IV"
407,"1000",3.03850822750002,"IV"
408,"1000",3.19884988567813,"IV"
409,"1000",3.76996539804617,"IV"
410,"1000",2.66507078766971,"IV"
411,"1000",4.31784191144459,"IV"
412,"1000",2.91807909340049,"IV"
413,"1000",2.97303987109994,"IV"
414,"1000",2.79128760590081,"IV"
415,"1000",3.02795741402812,"IV"
416,"1000",2.84182463285836,"IV"
417,"1000",2.71028447205904,"IV"
418,"1000",3.0483648250032,"IV"
419,"1000",3.39040028526064,"IV"
420,"1000",2.93493607650203,"IV"
421,"1000",3.28606325342821,"IV"
422,"1000",2.80374598847259,"IV"
423,"1000",3.10515309372419,"IV"
424,"1000",3.340593161835,"IV"
425,"1000",3.00711399536035,"IV"
426,"1000",2.6093662358495,"IV"
427,"1000",2.79706198488558,"IV"
428,"1000",4.73606512799832,"IV"
429,"1000",3.00457832699489,"IV"
430,"1000",2.57830315459548,"IV"
431,"1000",2.77847527365129,"IV"
432,"1000",2.39039412786594,"IV"
433,"1000",2.81383148120538,"IV"
434,"1000",3.03844258927795,"IV"
435,"1000",3.91672360719077,"IV"
436,"1000",3.24885629084088,"IV"
437,"1000",3.21066950308029,"IV"
438,"1000",3.0417936736971,"IV"
439,"1000",2.62639336332317,"IV"
440,"1000",3.08950488899551,"IV"
441,"1000",2.86214187739787,"IV"
442,"1000",3.09391575092036,"IV"
443,"1000",4.23224528115813,"IV"
444,"1000",3.50538173480672,"IV"
445,"1000",2.95717805561863,"IV"
446,"1000",3.10168639461449,"IV"
447,"1000",2.94447015247823,"IV"
448,"1000",2.59945083851668,"IV"
449,"1000",3.21247422367447,"IV"
450,"1000",3.14602857344867,"IV"
451,"1000",3.61425696808424,"IV"
452,"1000",2.90039822876438,"IV"
453,"1000",2.99950758786992,"IV"
454,"1000",2.92681767847714,"IV"
455,"1000",2.98010998072732,"IV"
456,"1000",2.8108414009204,"IV"
457,"1000",3.1196230609602,"IV"
458,"1000",3.79691114786604,"IV"
459,"1000",2.533314330783,"IV"
460,"1000",2.72607156692627,"IV"
461,"1000",3.44610610626489,"IV"
462,"1000",3.25923683151195,"IV"
463,"1000",3.1486022264951,"IV"
464,"1000",3.21589882775159,"IV"
465,"1000",3.421551490366,"IV"
466,"1000",3.21359597632838,"IV"
467,"1000",2.6939080694555,"IV"
468,"1000",2.87999371288169,"IV"
469,"1000",3.77496622354778,"IV"
470,"1000",3.68103526131645,"IV"
471,"1000",3.33130903370224,"IV"
472,"1000",3.86024855140659,"IV"
473,"1000",3.94088972087403,"IV"
474,"1000",2.55175032341952,"IV"
475,"1000",2.74650830687782,"IV"
476,"1000",3.26151829160479,"IV"
477,"1000",2.84854306827314,"IV"
478,"1000",3.03589199733354,"IV"
479,"1000",3.23846208149731,"IV"
480,"1000",3.6177202390888,"IV"
481,"1000",3.47673680465455,"IV"
482,"1000",3.29059374629974,"IV"
483,"1000",3.15192283977134,"IV"
484,"1000",2.88505080907756,"IV"
485,"1000",3.24487379729514,"IV"
486,"1000",3.1118357459516,"IV"
487,"1000",4.19781342905542,"IV"
488,"1000",3.43340561471712,"IV"
489,"1000",3.24550604015526,"IV"
490,"1000",2.92957144127043,"IV"
491,"1000",5.39441478777414,"IV"
492,"1000",3.20698713299239,"IV"
493,"1000",3.2620750569835,"IV"
494,"1000",3.34781789996683,"IV"
495,"1000",3.40204994971426,"IV"
496,"1000",2.70162764499347,"IV"
497,"1000",3.13821987302538,"IV"
498,"1000",2.60453521715707,"IV"
499,"1000",3.44159157895696,"IV"
500,"1000",3.0106733292376,"IV"
501,"1000",2.58918506027478,"IV"
502,"1000",2.61766984409485,"IV"
503,"1000",2.79587652780043,"IV"
504,"1000",3.37370483067193,"IV"
505,"1000",5.41651374811422,"IV"
506,"1000",3.46015183053217,"IV"
507,"1000",2.97374945040379,"IV"
508,"1000",2.80160203629922,"IV"
509,"1000",2.88281880696939,"IV"
510,"1000",2.71207885158195,"IV"
511,"1000",3.6942576408473,"IV"
512,"1000",2.85081278643232,"IV"
513,"1000",2.75526481708285,"IV"
514,"1000",3.61837260859264,"IV"
515,"1000",2.78632378749278,"IV"
516,"1000",2.6514880157692,"IV"
517,"1000",2.71936287229846,"IV"
518,"1000",2.93980780422997,"IV"
519,"1000",3.34353779365109,"IV"
520,"1000",3.20491587627773,"IV"
521,"1000",2.90337748354412,"IV"
522,"1000",2.95805993092112,"IV"
523,"1000",3.34740833214533,"IV"
524,"1000",3.31302145512903,"IV"
525,"1000",3.13061332120157,"IV"
526,"1000",2.75010629968743,"IV"
527,"1000",2.989804087031,"IV"
528,"1000",2.5809980251185,"IV"
529,"1000",4.50122594016821,"IV"
530,"1000",3.69499092007967,"IV"
531,"1000",2.75141321662696,"IV"
532,"1000",3.86755030087533,"IV"
533,"1000",3.17201791322498,"IV"
534,"1000",3.10557488520769,"IV"
535,"1000",3.24813603905161,"IV"
536,"1000",4.83817343368309,"IV"
537,"1000",2.72079085524957,"IV"
538,"1000",3.24823970214455,"IV"
539,"1000",2.93184373000731,"IV"
540,"1000",3.90497076830636,"IV"
541,"1000",3.3644447138791,"IV"
542,"1000",3.28182883255948,"IV"
543,"1000",3.10326318588923,"IV"
544,"1000",3.41811991116401,"IV"
545,"1000",3.38880542662382,"IV"
546,"1000",2.69082452961394,"IV"
547,"1000",3.28121159411467,"IV"
548,"1000",3.68325765901645,"IV"
549,"1000",2.95527992179548,"IV"
550,"1000",2.81998260768257,"IV"
551,"1000",2.66620523516315,"IV"
552,"1000",3.49646576127552,"IV"
553,"1000",2.94913960167433,"IV"
554,"1000",2.57412759543224,"IV"
555,"1000",2.81383717785512,"IV"
556,"1000",2.73727752907042,"IV"
557,"1000",2.62686896371943,"IV"
558,"1000",3.24872150932921,"IV"
559,"1000",3.44513686166365,"IV"
560,"1000",2.76778134001623,"IV"
561,"1000",2.73935117549584,"IV"
562,"1000",3.71636957865685,"IV"
563,"1000",2.91062798969102,"IV"
564,"1000",2.98956315406435,"IV"
565,"1000",2.90748034063923,"IV"
566,"1000",2.99699691312573,"IV"
567,"1000",3.1935784810832,"IV"
568,"1000",3.30685142256192,"IV"
569,"1000",2.6154173420937,"IV"
570,"1000",2.61115360386369,"IV"
571,"1000",3.56943627772656,"IV"
572,"1000",4.44799546653937,"IV"
573,"1000",2.91659896140477,"IV"
574,"1000",3.18917902567571,"IV"
575,"1000",3.23654683742254,"IV"
576,"1000",3.19608810628237,"IV"
577,"1000",3.08197285860127,"IV"
578,"1000",3.23235790129933,"IV"
579,"1000",3.12051747076772,"IV"
580,"1000",2.79356423365346,"IV"
581,"1000",2.79251597978325,"IV"
582,"1000",3.22419900395986,"IV"
583,"1000",2.85980271095654,"IV"
584,"1000",3.46339706612055,"IV"
585,"1000",3.55127771791965,"IV"
586,"1000",3.46226240161351,"IV"
587,"1000",4.89859827831805,"IV"
588,"1000",3.24376176486483,"IV"
589,"1000",3.57492236644041,"IV"
590,"1000",2.95037674592751,"IV"
591,"1000",2.72244428283784,"IV"
592,"1000",2.87212453864493,"IV"
593,"1000",3.28793550662844,"IV"
594,"1000",2.66081196972723,"IV"
595,"1000",3.10032138114451,"IV"
596,"1000",2.67653240363638,"IV"
597,"1000",4.47516982407421,"IV"
598,"1000",3.562937571867,"IV"
599,"1000",2.7248247279547,"IV"
600,"1000",3.40385395057686,"IV"
601,"1000",3.16553936530897,"IV"
602,"1000",2.87987251769571,"IV"
603,"1000",2.86056468537088,"IV"
604,"1000",2.76145887631541,"IV"
605,"1000",2.96578936397247,"IV"
606,"1000",3.13961527260022,"IV"
607,"1000",2.93551820405426,"IV"
608,"1000",3.48047277859853,"IV"
609,"1000",3.160519117339,"IV"
610,"1000",2.91164896167394,"IV"
611,"1000",2.81997799539346,"IV"
612,"1000",3.23360107641617,"IV"
613,"1000",3.53423865720166,"IV"
614,"1000",3.15959081619806,"IV"
615,"1000",2.92623732882092,"IV"
616,"1000",2.90427237493123,"IV"
617,"1000",3.74398238640068,"IV"
618,"1000",3.20759256042854,"IV"
619,"1000",2.50228899933548,"IV"
620,"1000",3.94076231169381,"IV"
621,"1000",2.9954957228427,"IV"
622,"1000",2.78946401095288,"IV"
623,"1000",2.61901549185052,"IV"
624,"1000",2.54540448179919,"IV"
625,"1000",3.01891207978881,"IV"
626,"1000",3.05465362700147,"IV"
627,"1000",2.82425501666371,"IV"
628,"1000",3.31138057274212,"IV"
629,"1000",3.50321795677298,"IV"
630,"1000",2.80080856141289,"IV"
631,"1000",2.84447795026264,"IV"
632,"1000",3.6010214379357,"IV"
633,"1000",3.12278647061614,"IV"
634,"1000",4.029349832811,"IV"
635,"1000",3.85053768497592,"IV"
636,"1000",2.90198236848617,"IV"
637,"1000",2.94051087515658,"IV"
638,"1000",3.31395747376637,"IV"
639,"1000",3.07034685195419,"IV"
640,"1000",2.74736977792578,"IV"
641,"1000",2.74550168494102,"IV"
642,"1000",2.84043482492594,"IV"
643,"1000",2.9161653998926,"IV"
644,"1000",3.92466431747434,"IV"
645,"1000",3.19472867653084,"IV"
646,"1000",3.27172917630152,"IV"
647,"1000",3.22027678425073,"IV"
648,"1000",4.30449630441618,"IV"
649,"1000",3.27826170096849,"IV"
650,"1000",4.43275582805563,"IV"
651,"1000",3.03136560727435,"IV"
652,"1000",2.55806396562485,"IV"
653,"1000",3.44284228411162,"IV"
654,"1000",3.09907221107823,"IV"
655,"1000",2.8158593545774,"IV"
656,"1000",3.18791989249374,"IV"
657,"1000",3.04571679272809,"IV"
658,"1000",2.8941680989849,"IV"
659,"1000",3.03102467676942,"IV"
660,"1000",3.17382619956604,"IV"
661,"1000",4.30469680496722,"IV"
662,"1000",2.70497774890237,"IV"
663,"1000",2.75202044799286,"IV"
664,"1000",3.08787459511885,"IV"
665,"1000",3.31485334610173,"IV"
666,"1000",3.19137287470765,"IV"
667,"1000",3.07000442851272,"IV"
668,"1000",2.6552937634505,"IV"
669,"1000",2.79684934502769,"IV"
670,"1000",2.89662153223414,"IV"
671,"1000",3.38428685609745,"IV"
672,"1000",2.92982146417142,"IV"
673,"1000",2.85535079912175,"IV"
674,"1000",2.66942750682835,"IV"
675,"1000",3.13768010225649,"IV"
676,"1000",2.53606220989928,"IV"
677,"1000",2.59501803387357,"IV"
678,"1000",2.91387234637914,"IV"
679,"1000",3.22437836080208,"IV"
680,"1000",2.57646049866537,"IV"
681,"1000",3.05734183765079,"IV"
682,"1000",2.67533438289427,"IV"
683,"1000",2.75054452091104,"IV"
684,"1000",3.44440594020829,"IV"
685,"1000",3.27125251493964,"IV"
686,"1000",3.06689259340204,"IV"
687,"1000",3.51792643926912,"IV"
688,"1000",2.74707966767439,"IV"
689,"1000",2.40933628810609,"IV"
690,"1000",3.28947803099961,"IV"
691,"1000",2.99246885393053,"IV"
692,"1000",3.13915840801431,"IV"
693,"1000",3.28403346442677,"IV"
694,"1000",3.34607330909402,"IV"
695,"1000",3.29505277462123,"IV"
696,"1000",3.21310423687244,"IV"
697,"1000",2.76542438945237,"IV"
698,"1000",2.56629980989258,"IV"
699,"1000",3.63160405059509,"IV"
700,"1000",3.07680768219011,"IV"
701,"1000",3.32505060510972,"IV"
702,"1000",3.62450981347089,"IV"
703,"1000",3.43745565062475,"IV"
704,"1000",2.67491465450414,"IV"
705,"1000",3.95848212168909,"IV"
706,"1000",2.68226832147669,"IV"
707,"1000",3.03564582913711,"IV"
708,"1000",3.37492298226676,"IV"
709,"1000",2.89724527522017,"IV"
710,"1000",2.81854656735053,"IV"
711,"1000",3.27297756573852,"IV"
712,"1000",3.07765858123891,"IV"
713,"1000",4.15316059723078,"IV"
714,"1000",2.73862380578155,"IV"
715,"1000",3.43191670630085,"IV"
716,"1000",3.83133787538093,"IV"
717,"1000",3.363361083443,"IV"
718,"1000",3.3009433638821,"IV"
719,"1000",2.74940831418434,"IV"
720,"1000",2.71339296392817,"IV"
721,"1000",3.03924320116268,"IV"
722,"1000",3.43176178817632,"IV"
723,"1000",2.64027221282373,"IV"
724,"1000",2.6253860645174,"IV"
725,"1000",4.92925946030593,"IV"
726,"1000",3.13277395153016,"IV"
727,"1000",2.72376156120219,"IV"
728,"1000",4.04990009823018,"IV"
729,"1000",2.85853783209217,"IV"
730,"1000",2.96254229312469,"IV"
731,"1000",3.15649105807963,"IV"
732,"1000",2.8993995962073,"IV"
733,"1000",3.60017974035265,"IV"
734,"1000",2.72083268214319,"IV"
735,"1000",3.01654356442891,"IV"
736,"1000",3.82820322888115,"IV"
737,"1000",3.06474481782459,"IV"
738,"1000",3.07012725370218,"IV"
739,"1000",2.7826181082558,"IV"
740,"1000",3.65692723938746,"IV"
741,"1000",2.63046421902183,"IV"
742,"1000",4.25609369926325,"IV"
743,"1000",2.68143632106991,"IV"
744,"1000",2.89184328035375,"IV"
745,"1000",2.90858368297941,"IV"
746,"1000",2.63622344623599,"IV"
747,"1000",3.69012851194682,"IV"
748,"1000",2.75045293330143,"IV"
749,"1000",2.80906070682368,"IV"
750,"1000",3.13848150664468,"IV"
751,"1000",2.77895733581754,"IV"
752,"1000",2.85971302130095,"IV"
753,"1000",3.14845216967566,"IV"
754,"1000",5.24870563117445,"IV"
755,"1000",3.87725549200077,"IV"
756,"1000",3.44026313286889,"IV"
757,"1000",2.68393971751449,"IV"
758,"1000",2.88539612937579,"IV"
759,"1000",2.58534164808838,"IV"
760,"1000",3.2614271976651,"IV"
761,"1000",3.63119473870822,"IV"
762,"1000",3.69210015190791,"IV"
763,"1000",4.13771874686872,"IV"
764,"1000",3.25055509411364,"IV"
765,"1000",2.69587968170626,"IV"
766,"1000",2.4581956549967,"IV"
767,"1000",4.12252367937558,"IV"
768,"1000",2.42824077951162,"IV"
769,"1000",2.89284681400975,"IV"
770,"1000",4.89548407631121,"IV"
771,"1000",2.71755316657958,"IV"
772,"1000",2.51602249258156,"IV"
773,"1000",2.76077647536165,"IV"
774,"1000",2.79582550042936,"IV"
775,"1000",3.18543882803958,"IV"
776,"1000",3.3760810113334,"IV"
777,"1000",2.65877499186497,"IV"
778,"1000",3.95754527304339,"IV"
779,"1000",2.68952958920523,"IV"
780,"1000",3.73282259252756,"IV"
781,"1000",4.06166433080994,"IV"
782,"1000",3.27260018196295,"IV"
783,"1000",2.70580714022572,"IV"
784,"1000",3.9293694625231,"IV"
785,"1000",2.86007566215851,"IV"
786,"1000",3.16588075234813,"IV"
787,"1000",2.78045037575202,"IV"
788,"1000",3.32122283923279,"IV"
789,"1000",2.89489918790434,"IV"
790,"1000",3.25483002283742,"IV"
791,"1000",2.88098838435012,"IV"
792,"1000",5.33520940969204,"IV"
793,"1000",3.3799438959417,"IV"
794,"1000",3.12026281986244,"IV"
795,"1000",3.21964299903165,"IV"
796,"1000",3.12587018884835,"IV"
797,"1000",3.12404324580751,"IV"
798,"1000",2.77158674537528,"IV"
799,"1000",2.95363431615593,"IV"
800,"1000",2.68651990208058,"IV"
801,"1000",3.9916787290741,"IV"
802,"1000",3.20586774540098,"IV"
803,"1000",2.98965041863019,"IV"
804,"1000",3.24073817147907,"IV"
805,"1000",2.75783377312537,"IV"
806,"1000",3.41391222395848,"IV"
807,"1000",2.94564400186567,"IV"
808,"1000",2.94166362866457,"IV"
809,"1000",2.70582090252309,"IV"
810,"1000",2.96784474115713,"IV"
811,"1000",3.61607582748513,"IV"
812,"1000",3.35080879613326,"IV"
813,"1000",3.33798304026628,"IV"
814,"1000",2.83003626445183,"IV"
815,"1000",3.16242834301764,"IV"
816,"1000",3.04827335563197,"IV"
817,"1000",3.41839786374781,"IV"
818,"1000",2.78274103420025,"IV"
819,"1000",2.87312324635358,"IV"
820,"1000",3.81701573416983,"IV"
821,"1000",3.02045439405076,"IV"
822,"1000",3.23629756053947,"IV"
823,"1000",2.81008925404671,"IV"
824,"1000",3.45453302620072,"IV"
825,"1000",2.91057195092842,"IV"
826,"1000",3.26328860414452,"IV"
827,"1000",3.40749342250312,"IV"
828,"1000",2.71039337889649,"IV"
829,"1000",2.94507965784462,"IV"
830,"1000",2.91541406599789,"IV"
831,"1000",3.32219666374497,"IV"
832,"1000",3.02082611724319,"IV"
833,"1000",2.74603568357174,"IV"
834,"1000",4.49987513044595,"IV"
835,"1000",2.95656346274983,"IV"
836,"1000",3.64826481840842,"IV"
837,"1000",2.68667796876276,"IV"
838,"1000",2.90324436668263,"IV"
839,"1000",3.06962438859215,"IV"
840,"1000",3.14253427471236,"IV"
841,"1000",2.6041001664346,"IV"
842,"1000",3.91880548673242,"IV"
843,"1000",2.9137315158918,"IV"
844,"1000",2.62309466031792,"IV"
845,"1000",3.57488204847168,"IV"
846,"1000",3.159144716173,"IV"
847,"1000",3.07455333886696,"IV"
848,"1000",2.97895796024785,"IV"
849,"1000",3.54353453247816,"IV"
850,"1000",2.91486817458694,"IV"
851,"1000",3.57632799530564,"IV"
852,"1000",2.75940573920733,"IV"
853,"1000",2.86366348483052,"IV"
854,"1000",3.65316215050415,"IV"
855,"1000",2.89762763609992,"IV"
856,"1000",3.95631447703249,"IV"
857,"1000",2.69623711801517,"IV"
858,"1000",3.00026490016044,"IV"
859,"1000",2.94587922427721,"IV"
860,"1000",2.40002601049859,"IV"
861,"1000",2.55611531803305,"IV"
862,"1000",3.52698962954352,"IV"
863,"1000",2.93451062998061,"IV"
864,"1000",3.53189349924239,"IV"
865,"1000",2.72788675245512,"IV"
866,"1000",2.66369085217139,"IV"
867,"1000",3.03637122170837,"IV"
868,"1000",2.54532645143625,"IV"
869,"1000",2.57807117557482,"IV"
870,"1000",2.82380467701462,"IV"
871,"1000",2.80766538431894,"IV"
872,"1000",2.86550132005882,"IV"
873,"1000",2.87188087669309,"IV"
874,"1000",3.13941697650061,"IV"
875,"1000",2.78403832557338,"IV"
876,"1000",2.65847123293028,"IV"
877,"1000",2.558685490791,"IV"
878,"1000",2.69460011865474,"IV"
879,"1000",3.27185346353156,"IV"
880,"1000",3.18724142215813,"IV"
881,"1000",2.73419797294597,"IV"
882,"1000",3.27728928604694,"IV"
883,"1000",2.757091935303,"IV"
884,"1000",3.05621317839139,"IV"
885,"1000",3.38420600889693,"IV"
886,"1000",2.44296922532462,"IV"
887,"1000",2.85155171225215,"IV"
888,"1000",3.47365857706159,"IV"
889,"1000",3.59101274432139,"IV"
890,"1000",2.66106077142432,"IV"
891,"1000",2.95359894700132,"IV"
892,"1000",2.96775089342779,"IV"
893,"1000",3.69384410846558,"IV"
894,"1000",3.08004280925296,"IV"
895,"1000",2.75952800898852,"IV"
896,"1000",2.98237978078713,"IV"
897,"1000",2.98501080147819,"IV"
898,"1000",3.44487634966604,"IV"
899,"1000",3.64980509248871,"IV"
900,"1000",2.89611062303609,"IV"
901,"1000",3.29656372109334,"IV"
902,"1000",2.97905363481605,"IV"
903,"1000",3.14396763135151,"IV"
904,"1000",2.93012340287771,"IV"
905,"1000",4.06894216460148,"IV"
906,"1000",4.00655111631882,"IV"
907,"1000",2.82482009929417,"IV"
908,"1000",4.46313319365106,"IV"
909,"1000",3.55644109374502,"IV"
910,"1000",3.21026750714583,"IV"
911,"1000",2.91099233851414,"IV"
912,"1000",2.67506595964323,"IV"
913,"1000",2.98759917497527,"IV"
914,"1000",3.44445640418484,"IV"
915,"1000",3.15443582232653,"IV"
916,"1000",2.99761429003091,"IV"
917,"1000",2.95633245630615,"IV"
918,"1000",3.36582832281879,"IV"
919,"1000",2.99015791257236,"IV"
920,"1000",3.01528018718584,"IV"
921,"1000",3.62624346820102,"IV"
922,"1000",3.97297470712594,"IV"
923,"1000",3.36454970042335,"IV"
924,"1000",3.40147073810271,"IV"
925,"1000",2.73321368784449,"IV"
926,"1000",2.67664546486506,"IV"
927,"1000",3.37899412818841,"IV"
928,"1000",2.80773808131537,"IV"
929,"1000",3.35175446294654,"IV"
930,"1000",4.89909838617039,"IV"
931,"1000",3.26004710832218,"IV"
932,"1000",3.00914147261507,"IV"
933,"1000",3.18660230947467,"IV"
934,"1000",3.13518914537333,"IV"
935,"1000",4.30423943224406,"IV"
936,"1000",2.88910654884162,"IV"
937,"1000",3.40014689792222,"IV"
938,"1000",2.72845992709008,"IV"
939,"1000",3.36296592576435,"IV"
940,"1000",3.67472464845853,"IV"
941,"1000",3.245138062389,"IV"
942,"1000",2.87595356728855,"IV"
943,"1000",2.54536862562358,"IV"
944,"1000",3.65831696169565,"IV"
945,"1000",2.82534374908955,"IV"
946,"1000",2.47137647793862,"IV"
947,"1000",3.98469288533998,"IV"
948,"1000",3.02904456904441,"IV"
949,"1000",2.68357611373362,"IV"
950,"1000",3.0226635776211,"IV"
951,"1000",2.78129745022122,"IV"
952,"1000",2.97245018020085,"IV"
953,"1000",2.68807899646018,"IV"
954,"1000",2.70861375081186,"IV"
955,"1000",3.79544430573503,"IV"
956,"1000",2.49724807730826,"IV"
957,"1000",3.8787270615685,"IV"
958,"1000",2.93500058928884,"IV"
959,"1000",2.91342615764623,"IV"
960,"1000",4.6256285008604,"IV"
961,"1000",2.74153330899416,"IV"
962,"1000",3.00659971224624,"IV"
963,"1000",3.34119387333779,"IV"
964,"1000",2.94552555900115,"IV"
965,"1000",2.58415362818035,"IV"
966,"1000",2.47051706369266,"IV"
967,"1000",3.12934269625795,"IV"
968,"1000",4.65999948589848,"IV"
969,"1000",3.74227803072405,"IV"
970,"1000",5.64365336568521,"IV"
971,"1000",2.75318435153214,"IV"
972,"1000",2.72574038748613,"IV"
973,"1000",3.16139875422888,"IV"
974,"1000",2.84413280634729,"IV"
975,"1000",3.70229478050959,"IV"
976,"1000",3.102179577033,"IV"
977,"1000",3.094590114957,"IV"
978,"1000",2.8536729651651,"IV"
979,"1000",3.13404613602116,"IV"
980,"1000",2.97124964566532,"IV"
981,"1000",3.54539525184794,"IV"
982,"1000",3.94411969353926,"IV"
983,"1000",2.69076436009488,"IV"
984,"1000",3.0324789957932,"IV"
985,"1000",3.02689220036871,"IV"
986,"1000",3.04037064405563,"IV"
987,"1000",3.42471929812114,"IV"
988,"1000",3.9450500138699,"IV"
989,"1000",2.83573620110165,"IV"
990,"1000",3.3965369683219,"IV"
991,"1000",2.84927979532359,"IV"
992,"1000",3.01857753502626,"IV"
993,"1000",2.94074454957212,"IV"
994,"1000",3.02556012948209,"IV"
995,"1000",3.49533770874255,"IV"
996,"1000",2.74944305480554,"IV"
997,"1000",2.77595483659775,"IV"
998,"1000",2.83278417773871,"IV"
999,"1000",3.62652087957307,"IV"
1000,"1000",2.50196473950645,"IV"
1,"2000",2.98878813082898,"IV"
2,"2000",2.69723984991966,"IV"
3,"2000",2.90836268971496,"IV"
4,"2000",3.31486102907136,"IV"
5,"2000",3.05102566745516,"IV"
6,"2000",2.97578373978763,"IV"
7,"2000",2.99314998729223,"IV"
8,"2000",3.57068874003806,"IV"
9,"2000",3.65353500835674,"IV"
10,"2000",3.17467859881247,"IV"
11,"2000",3.0301113339423,"IV"
12,"2000",3.74697961963417,"IV"
13,"2000",3.05612281868875,"IV"
14,"2000",2.72815481657221,"IV"
15,"2000",2.92539195249691,"IV"
16,"2000",3.07168966502777,"IV"
17,"2000",2.61683616776788,"IV"
18,"2000",3.15404061763679,"IV"
19,"2000",2.73872863150301,"IV"
20,"2000",2.94996911154882,"IV"
21,"2000",3.10359212859094,"IV"
22,"2000",3.02412814289872,"IV"
23,"2000",3.3110070029412,"IV"
24,"2000",3.3119438978354,"IV"
25,"2000",3.75484345194708,"IV"
26,"2000",2.99827227863767,"IV"
27,"2000",2.68694415574488,"IV"
28,"2000",2.6723567501147,"IV"
29,"2000",3.8366014315211,"IV"
30,"2000",3.55517327291528,"IV"
31,"2000",2.98077474598789,"IV"
32,"2000",3.03964030952219,"IV"
33,"2000",2.74652593911664,"IV"
34,"2000",3.55541709995587,"IV"
35,"2000",3.35620129873829,"IV"
36,"2000",3.09621240885333,"IV"
37,"2000",3.06718128930958,"IV"
38,"2000",3.43091248936013,"IV"
39,"2000",3.09184378675613,"IV"
40,"2000",2.69495436317698,"IV"
41,"2000",2.8973606673726,"IV"
42,"2000",2.74014477434197,"IV"
43,"2000",2.67751602163081,"IV"
44,"2000",3.27130458428884,"IV"
45,"2000",3.01081156500949,"IV"
46,"2000",3.14760845005636,"IV"
47,"2000",3.24935035456233,"IV"
48,"2000",2.94160709042245,"IV"
49,"2000",2.95167996798892,"IV"
50,"2000",3.52595169096865,"IV"
51,"2000",3.28991544965823,"IV"
52,"2000",2.86360287743523,"IV"
53,"2000",3.50131764266566,"IV"
54,"2000",2.76111512087647,"IV"
55,"2000",2.81023335837963,"IV"
56,"2000",3.0868890991129,"IV"
57,"2000",2.92479884716865,"IV"
58,"2000",3.55832029653527,"IV"
59,"2000",2.99406125338947,"IV"
60,"2000",3.23321720901273,"IV"
61,"2000",3.80142743131448,"IV"
62,"2000",3.21563930073956,"IV"
63,"2000",3.36923185886677,"IV"
64,"2000",3.26073082329344,"IV"
65,"2000",3.5123536072412,"IV"
66,"2000",4.03585830816723,"IV"
67,"2000",3.68826530417439,"IV"
68,"2000",2.66076561360712,"IV"
69,"2000",3.0159191792868,"IV"
70,"2000",3.05899036036128,"IV"
71,"2000",2.81433475832382,"IV"
72,"2000",2.56574219819185,"IV"
73,"2000",2.98966868762112,"IV"
74,"2000",3.43407584790769,"IV"
75,"2000",2.87505335476933,"IV"
76,"2000",3.13963571423762,"IV"
77,"2000",3.32747554798826,"IV"
78,"2000",2.98172108236649,"IV"
79,"2000",2.67869437773039,"IV"
80,"2000",3.11721975930241,"IV"
81,"2000",2.76120836588109,"IV"
82,"2000",3.30855729729322,"IV"
83,"2000",2.94754167969094,"IV"
84,"2000",3.44497039773593,"IV"
85,"2000",3.2105779466604,"IV"
86,"2000",2.94100700872014,"IV"
87,"2000",3.04107953009555,"IV"
88,"2000",2.92200422975223,"IV"
89,"2000",3.36036738447645,"IV"
90,"2000",3.07089430577473,"IV"
91,"2000",2.56582327564525,"IV"
92,"2000",2.90479831969393,"IV"
93,"2000",2.72264677568288,"IV"
94,"2000",3.44723303925226,"IV"
95,"2000",3.23387880864015,"IV"
96,"2000",2.95967662600183,"IV"
97,"2000",3.00086916247329,"IV"
98,"2000",3.19419736604326,"IV"
99,"2000",3.47513316948922,"IV"
100,"2000",2.59223249020839,"IV"
101,"2000",2.98706578644621,"IV"
102,"2000",3.17712321163267,"IV"
103,"2000",3.14054822388415,"IV"
104,"2000",3.21900533242772,"IV"
105,"2000",2.7514770905447,"IV"
106,"2000",3.78327583964292,"IV"
107,"2000",3.36144906001993,"IV"
108,"2000",2.97089107719952,"IV"
109,"2000",3.60565161365035,"IV"
110,"2000",3.05229863942341,"IV"
111,"2000",2.78494839766916,"IV"
112,"2000",3.42354797202713,"IV"
113,"2000",3.37128694792878,"IV"
114,"2000",3.5329354043807,"IV"
115,"2000",3.24512115979267,"IV"
116,"2000",3.1631206081496,"IV"
117,"2000",3.64356028528482,"IV"
118,"2000",3.23447321124818,"IV"
119,"2000",3.66852295305783,"IV"
120,"2000",2.80288671680363,"IV"
121,"2000",3.05500072726347,"IV"
122,"2000",3.03617415625137,"IV"
123,"2000",2.90205462988266,"IV"
124,"2000",2.83550739195453,"IV"
125,"2000",3.29524005917987,"IV"
126,"2000",2.9662664426156,"IV"
127,"2000",3.40384979493694,"IV"
128,"2000",3.78276179038828,"IV"
129,"2000",3.15606374859709,"IV"
130,"2000",2.9004683544358,"IV"
131,"2000",3.00753284606807,"IV"
132,"2000",2.66566845171846,"IV"
133,"2000",3.15861831289433,"IV"
134,"2000",2.84153237071026,"IV"
135,"2000",2.73001688535546,"IV"
136,"2000",3.60352831884506,"IV"
137,"2000",3.08287118624826,"IV"
138,"2000",3.69306043642989,"IV"
139,"2000",3.93664332274466,"IV"
140,"2000",2.79815393982535,"IV"
141,"2000",3.12592693926312,"IV"
142,"2000",3.10365527962263,"IV"
143,"2000",3.40833228412344,"IV"
144,"2000",3.12198656921193,"IV"
145,"2000",4.07872585423896,"IV"
146,"2000",2.77511041879005,"IV"
147,"2000",2.78408340702964,"IV"
148,"2000",2.83025408210787,"IV"
149,"2000",3.12055804203627,"IV"
150,"2000",3.23871909135722,"IV"
151,"2000",2.70503287322215,"IV"
152,"2000",2.76572067362662,"IV"
153,"2000",3.09936268366334,"IV"
154,"2000",2.92385230614559,"IV"
155,"2000",3.03086327547687,"IV"
156,"2000",2.69975892113636,"IV"
157,"2000",3.28307652210205,"IV"
158,"2000",2.90431957706747,"IV"
159,"2000",2.7734269924588,"IV"
160,"2000",3.03515953786962,"IV"
161,"2000",3.18966219700546,"IV"
162,"2000",3.06880154444007,"IV"
163,"2000",3.3717881839069,"IV"
164,"2000",2.65746889047543,"IV"
165,"2000",3.76708608735266,"IV"
166,"2000",3.22667905149898,"IV"
167,"2000",2.8780061966188,"IV"
168,"2000",3.07327212732765,"IV"
169,"2000",2.96805259031413,"IV"
170,"2000",3.36285732142648,"IV"
171,"2000",2.66897744565409,"IV"
172,"2000",2.8559194177069,"IV"
173,"2000",3.57041179805848,"IV"
174,"2000",2.71709509041007,"IV"
175,"2000",2.79518912521444,"IV"
176,"2000",2.7985929792443,"IV"
177,"2000",3.12675929619981,"IV"
178,"2000",3.2810972530199,"IV"
179,"2000",2.93259770384342,"IV"
180,"2000",2.99211699974439,"IV"
181,"2000",2.7413122419847,"IV"
182,"2000",2.64656617167959,"IV"
183,"2000",2.77727427957285,"IV"
184,"2000",3.73115696484358,"IV"
185,"2000",3.43412721125888,"IV"
186,"2000",3.10691908978898,"IV"
187,"2000",3.05520240613007,"IV"
188,"2000",2.98513394147087,"IV"
189,"2000",3.37298974116479,"IV"
190,"2000",3.46117191894482,"IV"
191,"2000",3.06994738310417,"IV"
192,"2000",3.0352070135207,"IV"
193,"2000",3.27176117884756,"IV"
194,"2000",3.07128145099313,"IV"
195,"2000",3.76089548636705,"IV"
196,"2000",3.36911760676666,"IV"
197,"2000",2.73467450567867,"IV"
198,"2000",3.36312013228495,"IV"
199,"2000",3.41043106901781,"IV"
200,"2000",2.94389930771235,"IV"
201,"2000",3.19754927573035,"IV"
202,"2000",3.22415614449591,"IV"
203,"2000",3.14647833368128,"IV"
204,"2000",3.05150332832085,"IV"
205,"2000",3.5607638969944,"IV"
206,"2000",3.3526608851794,"IV"
207,"2000",3.02318066418609,"IV"
208,"2000",3.31532292453081,"IV"
209,"2000",3.71832120798903,"IV"
210,"2000",2.91279139174438,"IV"
211,"2000",2.95093183618531,"IV"
212,"2000",3.59886543343049,"IV"
213,"2000",2.66641849856631,"IV"
214,"2000",2.85012526896092,"IV"
215,"2000",3.19579158473337,"IV"
216,"2000",3.21986279438423,"IV"
217,"2000",3.03263278441439,"IV"
218,"2000",3.33567651690532,"IV"
219,"2000",2.97680037793793,"IV"
220,"2000",2.59882724841825,"IV"
221,"2000",3.3160237448076,"IV"
222,"2000",3.08692734312282,"IV"
223,"2000",3.34944136317809,"IV"
224,"2000",3.26978485209135,"IV"
225,"2000",3.08135398634269,"IV"
226,"2000",3.6418488742052,"IV"
227,"2000",3.48024053830119,"IV"
228,"2000",2.72526158002396,"IV"
229,"2000",3.40373759998392,"IV"
230,"2000",2.95005314085869,"IV"
231,"2000",2.86920915832898,"IV"
232,"2000",3.17408970972708,"IV"
233,"2000",2.74688553180772,"IV"
234,"2000",3.24592590794426,"IV"
235,"2000",3.22973184136945,"IV"
236,"2000",3.13698307325546,"IV"
237,"2000",3.54252256480158,"IV"
238,"2000",2.68024463402749,"IV"
239,"2000",3.29182165187281,"IV"
240,"2000",3.43529468396996,"IV"
241,"2000",3.26311970534195,"IV"
242,"2000",3.29940550370372,"IV"
243,"2000",3.69999132041854,"IV"
244,"2000",3.04159800219296,"IV"
245,"2000",2.81700789523856,"IV"
246,"2000",2.87900421328748,"IV"
247,"2000",3.19455560341132,"IV"
248,"2000",2.62134074233118,"IV"
249,"2000",3.57596727618065,"IV"
250,"2000",2.6864723838907,"IV"
251,"2000",2.98904025792404,"IV"
252,"2000",2.85230488096104,"IV"
253,"2000",3.16891732827087,"IV"
254,"2000",3.00095089628173,"IV"
255,"2000",3.15828891714358,"IV"
256,"2000",2.74383550642305,"IV"
257,"2000",3.08259926870391,"IV"
258,"2000",2.98187602960143,"IV"
259,"2000",2.94050280232505,"IV"
260,"2000",3.2649800822637,"IV"
261,"2000",3.36901966479908,"IV"
262,"2000",2.82799559316552,"IV"
263,"2000",3.53149559395589,"IV"
264,"2000",3.24493025064232,"IV"
265,"2000",2.71755043748513,"IV"
266,"2000",2.75601027589676,"IV"
267,"2000",2.98995288165799,"IV"
268,"2000",3.14485904604172,"IV"
269,"2000",3.01613685327625,"IV"
270,"2000",3.39906139413585,"IV"
271,"2000",3.51810557089108,"IV"
272,"2000",3.1499963598286,"IV"
273,"2000",2.97429655847305,"IV"
274,"2000",2.91173324313121,"IV"
275,"2000",2.78429616706725,"IV"
276,"2000",3.08156005371737,"IV"
277,"2000",3.20255836255732,"IV"
278,"2000",3.61360779192866,"IV"
279,"2000",2.91744927883588,"IV"
280,"2000",3.04204232712377,"IV"
281,"2000",2.92202161222368,"IV"
282,"2000",3.54442405341749,"IV"
283,"2000",3.28501751272249,"IV"
284,"2000",3.61964086820888,"IV"
285,"2000",3.45564068780817,"IV"
286,"2000",2.93389268647665,"IV"
287,"2000",2.49845084607067,"IV"
288,"2000",2.759742836183,"IV"
289,"2000",3.48275751206868,"IV"
290,"2000",3.25143435659107,"IV"
291,"2000",3.08810640882563,"IV"
292,"2000",2.84347098787188,"IV"
293,"2000",2.72070645250115,"IV"
294,"2000",2.76827274352514,"IV"
295,"2000",3.09221964614447,"IV"
296,"2000",3.10632635085984,"IV"
297,"2000",3.00948175755041,"IV"
298,"2000",2.89828235984724,"IV"
299,"2000",2.684328356486,"IV"
300,"2000",2.97465927041697,"IV"
301,"2000",3.5101164889204,"IV"
302,"2000",2.97722905701841,"IV"
303,"2000",2.94640823302132,"IV"
304,"2000",3.299313058007,"IV"
305,"2000",3.00341789201471,"IV"
306,"2000",2.88802407478844,"IV"
307,"2000",2.94261563634736,"IV"
308,"2000",3.82466625475087,"IV"
309,"2000",2.68493892224161,"IV"
310,"2000",3.88221813451856,"IV"
311,"2000",2.88330353619976,"IV"
312,"2000",2.77365125249642,"IV"
313,"2000",3.37206537625982,"IV"
314,"2000",3.26754386091557,"IV"
315,"2000",3.41592428248097,"IV"
316,"2000",3.99462041314293,"IV"
317,"2000",2.98911447914275,"IV"
318,"2000",2.91144543140453,"IV"
319,"2000",2.86271232120229,"IV"
320,"2000",3.01416988849977,"IV"
321,"2000",2.93778817484088,"IV"
322,"2000",3.50804633727497,"IV"
323,"2000",2.81267110363764,"IV"
324,"2000",3.24596668318877,"IV"
325,"2000",3.1561401340016,"IV"
326,"2000",3.15489928575185,"IV"
327,"2000",3.38890307628484,"IV"
328,"2000",3.87264195201684,"IV"
329,"2000",3.00805544359717,"IV"
330,"2000",3.19647608985162,"IV"
331,"2000",2.93870648437539,"IV"
332,"2000",2.66675848127511,"IV"
333,"2000",2.70500623607716,"IV"
334,"2000",2.97171403797895,"IV"
335,"2000",3.68741406505877,"IV"
336,"2000",3.12444547226789,"IV"
337,"2000",2.71228282254375,"IV"
338,"2000",2.6901713792767,"IV"
339,"2000",2.74270683152007,"IV"
340,"2000",2.66401950431405,"IV"
341,"2000",3.72866106639217,"IV"
342,"2000",2.76468662937933,"IV"
343,"2000",3.01083918850837,"IV"
344,"2000",2.60898124156779,"IV"
345,"2000",3.19268385770952,"IV"
346,"2000",3.10426804218421,"IV"
347,"2000",2.75258207347106,"IV"
348,"2000",3.09462394719725,"IV"
349,"2000",2.91144947339956,"IV"
350,"2000",3.41350746610171,"IV"
351,"2000",3.32382358115075,"IV"
352,"2000",3.60772456277342,"IV"
353,"2000",3.29832781006316,"IV"
354,"2000",3.34959907795455,"IV"
355,"2000",3.20644927435846,"IV"
356,"2000",2.5785487351916,"IV"
357,"2000",3.13070697874889,"IV"
358,"2000",2.93736021894145,"IV"
359,"2000",2.71892828857437,"IV"
360,"2000",2.96518747394066,"IV"
361,"2000",3.23086702841041,"IV"
362,"2000",3.26021638641321,"IV"
363,"2000",3.17383082068527,"IV"
364,"2000",3.1805111501074,"IV"
365,"2000",3.15728956301128,"IV"
366,"2000",3.08843694566132,"IV"
367,"2000",3.25322653919012,"IV"
368,"2000",2.97601337218732,"IV"
369,"2000",2.82608078524119,"IV"
370,"2000",3.39666032028896,"IV"
371,"2000",3.85684178232497,"IV"
372,"2000",2.83183345242213,"IV"
373,"2000",2.96589459999435,"IV"
374,"2000",3.55618967707094,"IV"
375,"2000",2.69261509003071,"IV"
376,"2000",3.26072153997562,"IV"
377,"2000",2.98916862168262,"IV"
378,"2000",2.9865296834599,"IV"
379,"2000",2.7636444595451,"IV"
380,"2000",3.69156134580906,"IV"
381,"2000",3.26607732407104,"IV"
382,"2000",2.84765901950975,"IV"
383,"2000",3.96320055420094,"IV"
384,"2000",3.12525735909848,"IV"
385,"2000",3.01684225251081,"IV"
386,"2000",3.18155835832093,"IV"
387,"2000",3.01008533682055,"IV"
388,"2000",3.22729798860843,"IV"
389,"2000",3.25523131061848,"IV"
390,"2000",3.13628201123081,"IV"
391,"2000",3.23465374165041,"IV"
392,"2000",3.00313916625913,"IV"
393,"2000",3.22027505906894,"IV"
394,"2000",2.58669949092653,"IV"
395,"2000",2.90246548648393,"IV"
396,"2000",3.7941817161704,"IV"
397,"2000",3.35353007232928,"IV"
398,"2000",3.09135094381031,"IV"
399,"2000",2.78018218870478,"IV"
400,"2000",4.40616431300096,"IV"
401,"2000",3.14712372982308,"IV"
402,"2000",2.79124676689721,"IV"
403,"2000",3.30238399646531,"IV"
404,"2000",3.00354704027172,"IV"
405,"2000",2.85372883544191,"IV"
406,"2000",3.0654877508991,"IV"
407,"2000",2.9853825574417,"IV"
408,"2000",3.16954814634698,"IV"
409,"2000",3.16956448633364,"IV"
410,"2000",2.7988393309675,"IV"
411,"2000",2.9200365529704,"IV"
412,"2000",2.69239639351754,"IV"
413,"2000",3.1405609292189,"IV"
414,"2000",3.0611093976078,"IV"
415,"2000",3.00367790166237,"IV"
416,"2000",3.08318251473441,"IV"
417,"2000",3.04097622307421,"IV"
418,"2000",3.06277685804361,"IV"
419,"2000",3.01933833814192,"IV"
420,"2000",3.63518709175017,"IV"
421,"2000",2.92631491797973,"IV"
422,"2000",3.3922615818227,"IV"
423,"2000",2.55407582442572,"IV"
424,"2000",2.85869648776128,"IV"
425,"2000",2.78431933207126,"IV"
426,"2000",3.02163046653838,"IV"
427,"2000",3.35306888191704,"IV"
428,"2000",2.88703766428307,"IV"
429,"2000",4.11196113365825,"IV"
430,"2000",3.1380099382513,"IV"
431,"2000",3.70361016223026,"IV"
432,"2000",2.63624302066496,"IV"
433,"2000",3.01182943359674,"IV"
434,"2000",2.88130407309899,"IV"
435,"2000",3.14029330129215,"IV"
436,"2000",2.99715226295755,"IV"
437,"2000",2.91518390200375,"IV"
438,"2000",3.19261024771001,"IV"
439,"2000",2.90799287908917,"IV"
440,"2000",2.64786284891437,"IV"
441,"2000",3.46192341343295,"IV"
442,"2000",3.40514645317493,"IV"
443,"2000",2.88949962479868,"IV"
444,"2000",3.38697954818882,"IV"
445,"2000",2.84704005799868,"IV"
446,"2000",3.06411839050237,"IV"
447,"2000",2.96906488414531,"IV"
448,"2000",2.96735957281819,"IV"
449,"2000",2.7069770419268,"IV"
450,"2000",2.88273888775379,"IV"
451,"2000",3.2070839643941,"IV"
452,"2000",3.10184676867251,"IV"
453,"2000",2.73420453488984,"IV"
454,"2000",2.91248193225534,"IV"
455,"2000",2.84274207750675,"IV"
456,"2000",3.57241857740458,"IV"
457,"2000",3.32230208082959,"IV"
458,"2000",3.04589956667121,"IV"
459,"2000",2.91144999945528,"IV"
460,"2000",3.36616388954249,"IV"
461,"2000",3.08080212666698,"IV"
462,"2000",3.94626854137943,"IV"
463,"2000",3.34164781762033,"IV"
464,"2000",2.84739176326089,"IV"
465,"2000",2.91827245181621,"IV"
466,"2000",3.07690724650025,"IV"
467,"2000",2.63567740572397,"IV"
468,"2000",2.63769572234675,"IV"
469,"2000",3.65512735246085,"IV"
470,"2000",2.73949507326283,"IV"
471,"2000",2.89083850359726,"IV"
472,"2000",3.07460758074309,"IV"
473,"2000",2.59188716398103,"IV"
474,"2000",2.8434516716237,"IV"
475,"2000",2.79246855063759,"IV"
476,"2000",3.42356940335498,"IV"
477,"2000",2.7241959824156,"IV"
478,"2000",4.02413499937376,"IV"
479,"2000",3.14514735072043,"IV"
480,"2000",3.43630287467094,"IV"
481,"2000",3.84699485033173,"IV"
482,"2000",3.52913046647916,"IV"
483,"2000",2.96474903923556,"IV"
484,"2000",3.29666871721906,"IV"
485,"2000",2.66828925749507,"IV"
486,"2000",3.00042399202782,"IV"
487,"2000",3.52767537247689,"IV"
488,"2000",2.98193199531876,"IV"
489,"2000",3.43906726542148,"IV"
490,"2000",2.85312125225301,"IV"
491,"2000",3.15681675083376,"IV"
492,"2000",3.0449794764222,"IV"
493,"2000",3.01247499160729,"IV"
494,"2000",3.22742652966538,"IV"
495,"2000",3.07908952042977,"IV"
496,"2000",3.12697187208059,"IV"
497,"2000",2.82485808498401,"IV"
498,"2000",3.5839077946627,"IV"
499,"2000",3.08520928310936,"IV"
500,"2000",4.00681041384671,"IV"
501,"2000",2.96377795364245,"IV"
502,"2000",2.83703265015905,"IV"
503,"2000",3.04367354572078,"IV"
504,"2000",3.09937160765721,"IV"
505,"2000",3.08123367670672,"IV"
506,"2000",3.09278154165199,"IV"
507,"2000",2.76018144241899,"IV"
508,"2000",3.24729098268385,"IV"
509,"2000",2.75266074595204,"IV"
510,"2000",2.91428822228706,"IV"
511,"2000",2.96426772838752,"IV"
512,"2000",2.94574546113864,"IV"
513,"2000",2.96737124892976,"IV"
514,"2000",3.31295019631782,"IV"
515,"2000",3.35063332727669,"IV"
516,"2000",2.98374461402406,"IV"
517,"2000",3.49744827061658,"IV"
518,"2000",2.91958371381383,"IV"
519,"2000",2.91235725726974,"IV"
520,"2000",2.86245515604371,"IV"
521,"2000",2.93001359890963,"IV"
522,"2000",2.9239265230166,"IV"
523,"2000",3.04777336462154,"IV"
524,"2000",3.25633612261965,"IV"
525,"2000",2.86193419558788,"IV"
526,"2000",3.23061080613563,"IV"
527,"2000",3.20476706677419,"IV"
528,"2000",3.03596850200545,"IV"
529,"2000",3.12131788315489,"IV"
530,"2000",3.64586559116711,"IV"
531,"2000",3.00849410559914,"IV"
532,"2000",3.10144046141983,"IV"
533,"2000",2.79791961850744,"IV"
534,"2000",2.85235644154585,"IV"
535,"2000",3.06824752849652,"IV"
536,"2000",3.06308690131478,"IV"
537,"2000",3.64891634120569,"IV"
538,"2000",2.90292081460853,"IV"
539,"2000",3.64344178725784,"IV"
540,"2000",3.35314073335847,"IV"
541,"2000",4.32478667406463,"IV"
542,"2000",3.14749772799758,"IV"
543,"2000",2.9070565618437,"IV"
544,"2000",2.80680021518265,"IV"
545,"2000",3.52682043251952,"IV"
546,"2000",2.77729938845758,"IV"
547,"2000",2.90550235049892,"IV"
548,"2000",2.87357695011172,"IV"
549,"2000",2.99834087140575,"IV"
550,"2000",3.02814577300728,"IV"
551,"2000",3.0984746132017,"IV"
552,"2000",3.38367026040486,"IV"
553,"2000",2.63309766436227,"IV"
554,"2000",2.64490606990917,"IV"
555,"2000",2.90993813467067,"IV"
556,"2000",2.95975650811839,"IV"
557,"2000",3.49366702058642,"IV"
558,"2000",2.91923566031352,"IV"
559,"2000",2.7064049355379,"IV"
560,"2000",3.55506584767583,"IV"
561,"2000",2.94716103164405,"IV"
562,"2000",2.94044150667569,"IV"
563,"2000",2.7487807653766,"IV"
564,"2000",2.79565568127239,"IV"
565,"2000",2.67429943069035,"IV"
566,"2000",3.60454357913997,"IV"
567,"2000",2.98729455697048,"IV"
568,"2000",2.92380627113355,"IV"
569,"2000",3.10080880976173,"IV"
570,"2000",3.46532119556824,"IV"
571,"2000",2.94933846884841,"IV"
572,"2000",2.76947244359591,"IV"
573,"2000",3.03173344016718,"IV"
574,"2000",3.62050494218627,"IV"
575,"2000",3.26473409599468,"IV"
576,"2000",3.00232841118742,"IV"
577,"2000",2.87601215151193,"IV"
578,"2000",2.96132998981145,"IV"
579,"2000",3.49211992759005,"IV"
580,"2000",3.04805782439752,"IV"
581,"2000",3.07591037861492,"IV"
582,"2000",3.30097490033134,"IV"
583,"2000",4.07613550735563,"IV"
584,"2000",2.98426891017673,"IV"
585,"2000",3.00190721002445,"IV"
586,"2000",4.39701473997429,"IV"
587,"2000",2.88903471024941,"IV"
588,"2000",3.26536025856473,"IV"
589,"2000",2.83141389783549,"IV"
590,"2000",3.6196687901607,"IV"
591,"2000",2.92192060504449,"IV"
592,"2000",3.13327370824995,"IV"
593,"2000",3.06988174755712,"IV"
594,"2000",3.0199635467959,"IV"
595,"2000",3.2841245294767,"IV"
596,"2000",3.09574782816322,"IV"
597,"2000",4.16037938572555,"IV"
598,"2000",2.69599128938287,"IV"
599,"2000",3.31128308414135,"IV"
600,"2000",3.03187308452176,"IV"
601,"2000",3.90808850898197,"IV"
602,"2000",2.66446406811817,"IV"
603,"2000",3.46186407812502,"IV"
604,"2000",2.98175419514163,"IV"
605,"2000",3.1193701032909,"IV"
606,"2000",2.67313350142113,"IV"
607,"2000",3.90331141079879,"IV"
608,"2000",3.16731104028659,"IV"
609,"2000",3.24581928820852,"IV"
610,"2000",2.75295876960296,"IV"
611,"2000",2.92853475444413,"IV"
612,"2000",3.33214083418983,"IV"
613,"2000",2.86198142028324,"IV"
614,"2000",3.49914036865107,"IV"
615,"2000",2.91001006330036,"IV"
616,"2000",3.97395758235297,"IV"
617,"2000",2.67496200788072,"IV"
618,"2000",2.73514773587048,"IV"
619,"2000",3.17052157599117,"IV"
620,"2000",3.1594617151062,"IV"
621,"2000",2.64311507381046,"IV"
622,"2000",2.77440395270131,"IV"
623,"2000",3.66716563847865,"IV"
624,"2000",3.09556795949031,"IV"
625,"2000",3.14498849321317,"IV"
626,"2000",3.27493928222308,"IV"
627,"2000",3.236057688868,"IV"
628,"2000",3.16010674961153,"IV"
629,"2000",2.93172546566362,"IV"
630,"2000",2.80941585635807,"IV"
631,"2000",2.99035306402017,"IV"
632,"2000",2.61876523938751,"IV"
633,"2000",3.00357186891027,"IV"
634,"2000",3.20784592955486,"IV"
635,"2000",3.03101805599015,"IV"
636,"2000",3.51340795487883,"IV"
637,"2000",2.80848187335603,"IV"
638,"2000",3.49713487319783,"IV"
639,"2000",3.27331765481618,"IV"
640,"2000",3.15829456814294,"IV"
641,"2000",3.40069962616667,"IV"
642,"2000",3.0418870327997,"IV"
643,"2000",3.56185943879355,"IV"
644,"2000",2.84234732660535,"IV"
645,"2000",2.98392027854453,"IV"
646,"2000",3.22111435525272,"IV"
647,"2000",3.14290839620219,"IV"
648,"2000",2.96251849921217,"IV"
649,"2000",3.59300484408289,"IV"
650,"2000",3.57793110945328,"IV"
651,"2000",2.83530776902136,"IV"
652,"2000",2.98494570667402,"IV"
653,"2000",2.93839376469566,"IV"
654,"2000",3.26287432807398,"IV"
655,"2000",3.35068153325701,"IV"
656,"2000",3.13204371992797,"IV"
657,"2000",4.18024179500754,"IV"
658,"2000",3.26718956408044,"IV"
659,"2000",2.97377691137273,"IV"
660,"2000",3.18337387081024,"IV"
661,"2000",2.78953407547355,"IV"
662,"2000",2.7343586488626,"IV"
663,"2000",3.18659968830735,"IV"
664,"2000",3.19469380460371,"IV"
665,"2000",2.66018625899523,"IV"
666,"2000",3.27410789412172,"IV"
667,"2000",3.54665221095851,"IV"
668,"2000",2.94951531670127,"IV"
669,"2000",3.11067286538201,"IV"
670,"2000",3.04623723628357,"IV"
671,"2000",2.9516192904415,"IV"
672,"2000",2.80463709306868,"IV"
673,"2000",3.46275800986658,"IV"
674,"2000",3.54866032430391,"IV"
675,"2000",2.65003373861759,"IV"
676,"2000",2.9473038117155,"IV"
677,"2000",2.99335431870946,"IV"
678,"2000",3.30412817818148,"IV"
679,"2000",3.69884094231158,"IV"
680,"2000",3.33345273369149,"IV"
681,"2000",3.16948987676546,"IV"
682,"2000",3.37297098510645,"IV"
683,"2000",3.35312121458495,"IV"
684,"2000",2.81306320932936,"IV"
685,"2000",2.96379827655882,"IV"
686,"2000",2.83235447309255,"IV"
687,"2000",3.75051237074083,"IV"
688,"2000",3.10277495389539,"IV"
689,"2000",2.76406587359032,"IV"
690,"2000",3.02099088191509,"IV"
691,"2000",3.59937733171302,"IV"
692,"2000",3.22001666191453,"IV"
693,"2000",3.22531427012328,"IV"
694,"2000",3.18763257109445,"IV"
695,"2000",2.96477511508183,"IV"
696,"2000",3.11347829077374,"IV"
697,"2000",2.91969409985495,"IV"
698,"2000",3.12538801174689,"IV"
699,"2000",3.12119500923641,"IV"
700,"2000",3.27775532107178,"IV"
701,"2000",2.99750441933938,"IV"
702,"2000",2.93734884496223,"IV"
703,"2000",2.6731163600713,"IV"
704,"2000",2.87536953024734,"IV"
705,"2000",3.12715208093318,"IV"
706,"2000",3.15828489123527,"IV"
707,"2000",3.17102574516398,"IV"
708,"2000",3.47654095752035,"IV"
709,"2000",2.91959470545742,"IV"
710,"2000",3.01634023181619,"IV"
711,"2000",3.20636467895973,"IV"
712,"2000",3.63780540964062,"IV"
713,"2000",2.94048667765476,"IV"
714,"2000",3.08192021051688,"IV"
715,"2000",2.9174424167891,"IV"
716,"2000",3.14829892899038,"IV"
717,"2000",3.09964214206111,"IV"
718,"2000",3.45318620721103,"IV"
719,"2000",2.76672374244217,"IV"
720,"2000",3.08253055049642,"IV"
721,"2000",3.47366495594886,"IV"
722,"2000",3.02424740979293,"IV"
723,"2000",3.16131432199937,"IV"
724,"2000",2.91315007975517,"IV"
725,"2000",2.77840312145671,"IV"
726,"2000",2.99560799401266,"IV"
727,"2000",3.18495873020628,"IV"
728,"2000",2.99469463983293,"IV"
729,"2000",2.77494265661808,"IV"
730,"2000",2.62806485378383,"IV"
731,"2000",3.26711367765862,"IV"
732,"2000",2.98338237964596,"IV"
733,"2000",2.78653290911028,"IV"
734,"2000",3.6351043696441,"IV"
735,"2000",3.54067251721317,"IV"
736,"2000",4.21746810831686,"IV"
737,"2000",2.78268039410132,"IV"
738,"2000",3.02992428080564,"IV"
739,"2000",3.04637962137726,"IV"
740,"2000",3.41207422925504,"IV"
741,"2000",3.16091385980223,"IV"
742,"2000",2.9132510812466,"IV"
743,"2000",2.80710713754839,"IV"
744,"2000",2.89732259266364,"IV"
745,"2000",2.78082310911137,"IV"
746,"2000",2.84668949939802,"IV"
747,"2000",3.2214775615457,"IV"
748,"2000",2.94288435557161,"IV"
749,"2000",2.84430146257712,"IV"
750,"2000",3.1088943050217,"IV"
751,"2000",3.27282024931156,"IV"
752,"2000",2.87772650765317,"IV"
753,"2000",3.38603185926271,"IV"
754,"2000",2.79238478063449,"IV"
755,"2000",2.96324791283172,"IV"
756,"2000",3.07869027568739,"IV"
757,"2000",2.76372431559185,"IV"
758,"2000",3.34304816184359,"IV"
759,"2000",3.22131993525785,"IV"
760,"2000",4.10166556098572,"IV"
761,"2000",2.92691790724132,"IV"
762,"2000",2.88298236583854,"IV"
763,"2000",2.88706623082662,"IV"
764,"2000",3.24381370856526,"IV"
765,"2000",3.21773790635664,"IV"
766,"2000",3.60275203334228,"IV"
767,"2000",3.15854724608919,"IV"
768,"2000",3.14582282083032,"IV"
769,"2000",2.59083192218121,"IV"
770,"2000",3.5996295246792,"IV"
771,"2000",3.32272620919302,"IV"
772,"2000",2.89034026581758,"IV"
773,"2000",3.11330821423244,"IV"
774,"2000",3.02578834602845,"IV"
775,"2000",3.18850064828047,"IV"
776,"2000",3.00438106723813,"IV"
777,"2000",3.29390704269588,"IV"
778,"2000",2.54788969706275,"IV"
779,"2000",2.98172788410504,"IV"
780,"2000",3.3585061446681,"IV"
781,"2000",3.05223139119487,"IV"
782,"2000",3.10438284965921,"IV"
783,"2000",3.1241583666713,"IV"
784,"2000",3.67931467982654,"IV"
785,"2000",3.06799718360872,"IV"
786,"2000",3.51931522105154,"IV"
787,"2000",2.79090885278029,"IV"
788,"2000",2.72324394328167,"IV"
789,"2000",3.27837717174396,"IV"
790,"2000",2.9153941971732,"IV"
791,"2000",2.68963464794275,"IV"
792,"2000",2.99024576130088,"IV"
793,"2000",3.01651312573731,"IV"
794,"2000",3.13712236709754,"IV"
795,"2000",2.78599483199788,"IV"
796,"2000",2.57761959947119,"IV"
797,"2000",2.95582025768094,"IV"
798,"2000",3.35494727952701,"IV"
799,"2000",3.47166409851093,"IV"
800,"2000",2.9794614825812,"IV"
801,"2000",3.1355712464303,"IV"
802,"2000",3.77913023773532,"IV"
803,"2000",2.83794541497811,"IV"
804,"2000",2.88674698576972,"IV"
805,"2000",3.12036492516158,"IV"
806,"2000",3.08758449232771,"IV"
807,"2000",3.44736600864853,"IV"
808,"2000",2.74032612061519,"IV"
809,"2000",3.21296917145707,"IV"
810,"2000",3.63540645466353,"IV"
811,"2000",4.13335252050008,"IV"
812,"2000",3.55401362434953,"IV"
813,"2000",2.9157037665857,"IV"
814,"2000",2.98501051149297,"IV"
815,"2000",2.85093180553725,"IV"
816,"2000",2.77175895237944,"IV"
817,"2000",3.49193119714509,"IV"
818,"2000",3.28654938382774,"IV"
819,"2000",3.1564846716178,"IV"
820,"2000",3.08606415568648,"IV"
821,"2000",3.01606916057097,"IV"
822,"2000",3.21442737121651,"IV"
823,"2000",3.06513341625366,"IV"
824,"2000",3.40085583225962,"IV"
825,"2000",3.27618346125551,"IV"
826,"2000",3.69996544754823,"IV"
827,"2000",3.79123852577556,"IV"
828,"2000",3.511944123053,"IV"
829,"2000",3.36456258666649,"IV"
830,"2000",3.0472711455714,"IV"
831,"2000",3.28029983507317,"IV"
832,"2000",2.94395894727217,"IV"
833,"2000",3.36589033322222,"IV"
834,"2000",3.08150690024403,"IV"
835,"2000",3.36881808984463,"IV"
836,"2000",3.08766346075644,"IV"
837,"2000",2.82923015165875,"IV"
838,"2000",2.94643311569245,"IV"
839,"2000",2.79687616890684,"IV"
840,"2000",3.17910274368383,"IV"
841,"2000",3.95630625554941,"IV"
842,"2000",2.71126296238808,"IV"
843,"2000",3.11441656996796,"IV"
844,"2000",4.25223053013128,"IV"
845,"2000",2.80910888681676,"IV"
846,"2000",3.20832842647009,"IV"
847,"2000",3.11339896164842,"IV"
848,"2000",2.97472232483238,"IV"
849,"2000",2.79180986061175,"IV"
850,"2000",3.53995330725399,"IV"
851,"2000",2.80551077019773,"IV"
852,"2000",3.31902545986019,"IV"
853,"2000",3.57577850182455,"IV"
854,"2000",3.1817423813031,"IV"
855,"2000",2.95269610615066,"IV"
856,"2000",2.91488767155107,"IV"
857,"2000",3.02536246650872,"IV"
858,"2000",3.05370253543524,"IV"
859,"2000",2.50463867270033,"IV"
860,"2000",3.17513393196584,"IV"
861,"2000",2.85839927950671,"IV"
862,"2000",2.89923738238129,"IV"
863,"2000",3.03119413203043,"IV"
864,"2000",2.79786417968179,"IV"
865,"2000",2.77945556950242,"IV"
866,"2000",3.12740942660032,"IV"
867,"2000",3.20493582396792,"IV"
868,"2000",3.47168310530094,"IV"
869,"2000",3.21324104908579,"IV"
870,"2000",3.11357937150631,"IV"
871,"2000",2.93671662660519,"IV"
872,"2000",2.67030844042369,"IV"
873,"2000",2.930651538149,"IV"
874,"2000",2.8763597689507,"IV"
875,"2000",2.8533586098817,"IV"
876,"2000",2.86250784331384,"IV"
877,"2000",2.79832208292509,"IV"
878,"2000",2.80646431176105,"IV"
879,"2000",3.24069802990788,"IV"
880,"2000",3.33846963479284,"IV"
881,"2000",3.16923426638037,"IV"
882,"2000",3.24580727705778,"IV"
883,"2000",3.12674460434706,"IV"
884,"2000",3.09278717142983,"IV"
885,"2000",2.86802690358959,"IV"
886,"2000",2.59670006105493,"IV"
887,"2000",2.55472750262946,"IV"
888,"2000",3.07785853297363,"IV"
889,"2000",3.58907845919478,"IV"
890,"2000",2.75093293962764,"IV"
891,"2000",3.0297384699056,"IV"
892,"2000",2.91041173380222,"IV"
893,"2000",2.7239100573536,"IV"
894,"2000",3.61275764289855,"IV"
895,"2000",3.35466947842598,"IV"
896,"2000",3.11514779062738,"IV"
897,"2000",3.2343191214379,"IV"
898,"2000",3.14511433872271,"IV"
899,"2000",3.08823257152439,"IV"
900,"2000",2.77280178777005,"IV"
901,"2000",3.01116924280068,"IV"
902,"2000",3.15915867208627,"IV"
903,"2000",2.94949113900388,"IV"
904,"2000",3.41877305854223,"IV"
905,"2000",3.02782596565418,"IV"
906,"2000",2.88592054121588,"IV"
907,"2000",3.02186507834962,"IV"
908,"2000",2.5829568108064,"IV"
909,"2000",2.83144212613275,"IV"
910,"2000",3.28730896550244,"IV"
911,"2000",3.02804093992439,"IV"
912,"2000",2.83146215590946,"IV"
913,"2000",2.71042634629227,"IV"
914,"2000",3.0031498442879,"IV"
915,"2000",3.07192460869189,"IV"
916,"2000",3.02922845975695,"IV"
917,"2000",3.21359595458831,"IV"
918,"2000",3.22687924040335,"IV"
919,"2000",2.74106819235824,"IV"
920,"2000",3.05505471665827,"IV"
921,"2000",3.01602948778392,"IV"
922,"2000",3.76432736501378,"IV"
923,"2000",2.62429609321972,"IV"
924,"2000",3.962202803785,"IV"
925,"2000",2.98439306462164,"IV"
926,"2000",2.88124170464324,"IV"
927,"2000",2.6858636799548,"IV"
928,"2000",2.72045282217097,"IV"
929,"2000",2.71563009750554,"IV"
930,"2000",2.9428420405991,"IV"
931,"2000",3.22844746804657,"IV"
932,"2000",3.07869301211799,"IV"
933,"2000",2.93496767056297,"IV"
934,"2000",3.08240058537514,"IV"
935,"2000",3.27887121131006,"IV"
936,"2000",3.00536881708594,"IV"
937,"2000",3.5242716775598,"IV"
938,"2000",2.96350627723015,"IV"
939,"2000",3.47006950542658,"IV"
940,"2000",2.68009010325642,"IV"
941,"2000",3.02969886230659,"IV"
942,"2000",2.83304530172674,"IV"
943,"2000",3.41803059283837,"IV"
944,"2000",2.8143574482567,"IV"
945,"2000",3.04046107282931,"IV"
946,"2000",3.2653956983555,"IV"
947,"2000",3.14061169408867,"IV"
948,"2000",2.65455718626434,"IV"
949,"2000",3.30711437601067,"IV"
950,"2000",3.22366668475691,"IV"
951,"2000",3.70795342754287,"IV"
952,"2000",3.25940202989023,"IV"
953,"2000",3.01451204891799,"IV"
954,"2000",2.84986370925734,"IV"
955,"2000",3.14414048161063,"IV"
956,"2000",2.65223401175522,"IV"
957,"2000",3.30432698856409,"IV"
958,"2000",3.64249140161602,"IV"
959,"2000",2.89827670220649,"IV"
960,"2000",3.32792977219859,"IV"
961,"2000",3.1769196656292,"IV"
962,"2000",3.06173014909176,"IV"
963,"2000",3.32489368619141,"IV"
964,"2000",3.18564361015485,"IV"
965,"2000",3.26208089404651,"IV"
966,"2000",3.411114377031,"IV"
967,"2000",3.04091428591601,"IV"
968,"2000",3.2562441122121,"IV"
969,"2000",3.71307349101046,"IV"
970,"2000",2.90666524545016,"IV"
971,"2000",2.82653568732557,"IV"
972,"2000",3.12878504914595,"IV"
973,"2000",2.73342662142873,"IV"
974,"2000",3.00361746341474,"IV"
975,"2000",2.65968564500169,"IV"
976,"2000",3.57167810502004,"IV"
977,"2000",3.35877823759373,"IV"
978,"2000",2.85343611938282,"IV"
979,"2000",3.07823848209909,"IV"
980,"2000",3.23492161276131,"IV"
981,"2000",2.84178587827853,"IV"
982,"2000",3.46453018138919,"IV"
983,"2000",3.11036209370306,"IV"
984,"2000",3.25962489743971,"IV"
985,"2000",3.04899001622731,"IV"
986,"2000",3.03822794503174,"IV"
987,"2000",3.29341560973993,"IV"
988,"2000",2.952600989665,"IV"
989,"2000",3.75421266701836,"IV"
990,"2000",3.45099561818819,"IV"
991,"2000",3.77182608094926,"IV"
992,"2000",3.35213523403925,"IV"
993,"2000",3.17680601111511,"IV"
994,"2000",2.74889937401255,"IV"
995,"2000",2.59960517892618,"IV"
996,"2000",3.21273520122332,"IV"
997,"2000",3.61512240684003,"IV"
998,"2000",3.41043216906047,"IV"
999,"2000",2.76548286436266,"IV"
1000,"2000",3.83832608269169,"IV"
1,"4000",3.14028386251402,"IV"
2,"4000",3.00431554860208,"IV"
3,"4000",3.03093094155665,"IV"
4,"4000",2.93363969887645,"IV"
5,"4000",2.90174606932375,"IV"
6,"4000",3.06191899015054,"IV"
7,"4000",3.29645418289905,"IV"
8,"4000",3.17955998952868,"IV"
9,"4000",3.20525272552153,"IV"
10,"4000",3.06056940505078,"IV"
11,"4000",3.27759088504956,"IV"
12,"4000",2.88155307576094,"IV"
13,"4000",3.03562919468623,"IV"
14,"4000",3.1134486606894,"IV"
15,"4000",2.70012394912314,"IV"
16,"4000",2.99515459620712,"IV"
17,"4000",2.91487384808063,"IV"
18,"4000",3.16225146222529,"IV"
19,"4000",3.01178252883081,"IV"
20,"4000",3.48650897122368,"IV"
21,"4000",2.85939961834557,"IV"
22,"4000",3.26230297769175,"IV"
23,"4000",3.35467656121001,"IV"
24,"4000",2.79205502086079,"IV"
25,"4000",2.93486899995221,"IV"
26,"4000",2.63717567155691,"IV"
27,"4000",3.27333789866204,"IV"
28,"4000",3.17481464912245,"IV"
29,"4000",2.88400903269929,"IV"
30,"4000",2.89276847566686,"IV"
31,"4000",3.33312105773805,"IV"
32,"4000",3.41038119417616,"IV"
33,"4000",3.07736113838219,"IV"
34,"4000",3.10083276863464,"IV"
35,"4000",3.07623781699362,"IV"
36,"4000",3.23358064394052,"IV"
37,"4000",2.85497578208101,"IV"
38,"4000",3.42749097255918,"IV"
39,"4000",2.75234874016063,"IV"
40,"4000",2.94711902058544,"IV"
41,"4000",2.79227172129265,"IV"
42,"4000",3.10802615133027,"IV"
43,"4000",3.4409757844193,"IV"
44,"4000",3.06894295615123,"IV"
45,"4000",2.60619337072443,"IV"
46,"4000",2.94693729451623,"IV"
47,"4000",2.9020297833647,"IV"
48,"4000",3.14615726363835,"IV"
49,"4000",3.48959711949141,"IV"
50,"4000",3.03353635436118,"IV"
51,"4000",2.92992299482622,"IV"
52,"4000",2.92549056462539,"IV"
53,"4000",2.93352839862086,"IV"
54,"4000",2.9672994875825,"IV"
55,"4000",2.99728375604525,"IV"
56,"4000",2.8184066263216,"IV"
57,"4000",3.05667201583661,"IV"
58,"4000",3.14630072759612,"IV"
59,"4000",2.9443167570778,"IV"
60,"4000",2.88966655408648,"IV"
61,"4000",3.07279087318456,"IV"
62,"4000",3.70834604541984,"IV"
63,"4000",3.1546988016965,"IV"
64,"4000",2.91250036684664,"IV"
65,"4000",2.82506023639501,"IV"
66,"4000",3.02825382220672,"IV"
67,"4000",3.24679638788332,"IV"
68,"4000",3.0247739445457,"IV"
69,"4000",3.35998710893999,"IV"
70,"4000",2.81683312738869,"IV"
71,"4000",2.90427107904007,"IV"
72,"4000",3.22297724047648,"IV"
73,"4000",3.28780363637996,"IV"
74,"4000",3.1977317350032,"IV"
75,"4000",2.9353847101767,"IV"
76,"4000",3.0270906109413,"IV"
77,"4000",3.19880342441081,"IV"
78,"4000",3.2928730734795,"IV"
79,"4000",3.30309924488123,"IV"
80,"4000",2.96437799360924,"IV"
81,"4000",3.20569824178494,"IV"
82,"4000",2.98956597309991,"IV"
83,"4000",2.76743070552722,"IV"
84,"4000",3.35984191820474,"IV"
85,"4000",2.97593332045842,"IV"
86,"4000",2.95836345088158,"IV"
87,"4000",3.22163695089987,"IV"
88,"4000",2.89526412596431,"IV"
89,"4000",3.09131330981326,"IV"
90,"4000",3.25571024584002,"IV"
91,"4000",2.75940778589337,"IV"
92,"4000",2.9068316728064,"IV"
93,"4000",3.23358638109943,"IV"
94,"4000",2.75688429326222,"IV"
95,"4000",3.54601159188851,"IV"
96,"4000",3.15865951793885,"IV"
97,"4000",3.31887484190153,"IV"
98,"4000",2.89275474605459,"IV"
99,"4000",2.92990853616638,"IV"
100,"4000",3.0032021034883,"IV"
101,"4000",3.02613820278082,"IV"
102,"4000",3.0779784220924,"IV"
103,"4000",2.84685824278228,"IV"
104,"4000",2.90561640813257,"IV"
105,"4000",2.97384228837617,"IV"
106,"4000",3.34395228157508,"IV"
107,"4000",2.98503725468822,"IV"
108,"4000",2.93829141646142,"IV"
109,"4000",3.55481762562853,"IV"
110,"4000",2.8982338865279,"IV"
111,"4000",2.97590666863202,"IV"
112,"4000",2.9970322367326,"IV"
113,"4000",3.03507866454816,"IV"
114,"4000",3.06336879814889,"IV"
115,"4000",3.02060690397819,"IV"
116,"4000",2.90165719627276,"IV"
117,"4000",3.41200510724376,"IV"
118,"4000",3.08655587684317,"IV"
119,"4000",3.15108898519008,"IV"
120,"4000",3.02229535061285,"IV"
121,"4000",2.84887370714437,"IV"
122,"4000",3.08769053963588,"IV"
123,"4000",3.37856900385898,"IV"
124,"4000",2.82165494498412,"IV"
125,"4000",3.16290167125046,"IV"
126,"4000",3.00325093530183,"IV"
127,"4000",2.76772742246123,"IV"
128,"4000",2.93357225004711,"IV"
129,"4000",3.17427847702813,"IV"
130,"4000",3.21427765186625,"IV"
131,"4000",3.05007009618078,"IV"
132,"4000",3.2153698816924,"IV"
133,"4000",2.68933218541631,"IV"
134,"4000",3.23364035394282,"IV"
135,"4000",3.00013283747751,"IV"
136,"4000",2.66677893513671,"IV"
137,"4000",3.02709900883805,"IV"
138,"4000",4.00434751054402,"IV"
139,"4000",2.68580213901036,"IV"
140,"4000",3.01631375214465,"IV"
141,"4000",3.05182716628062,"IV"
142,"4000",3.32948429789886,"IV"
143,"4000",3.35839141761971,"IV"
144,"4000",3.48106563276318,"IV"
145,"4000",3.14911132101859,"IV"
146,"4000",2.97306773931256,"IV"
147,"4000",2.88098060981451,"IV"
148,"4000",2.95480000366083,"IV"
149,"4000",3.34050825968692,"IV"
150,"4000",3.05764328033502,"IV"
151,"4000",3.05447605609442,"IV"
152,"4000",3.06318754870084,"IV"
153,"4000",2.96261729139506,"IV"
154,"4000",2.94894558623311,"IV"
155,"4000",2.95176873545997,"IV"
156,"4000",3.1484596297744,"IV"
157,"4000",3.46677684065851,"IV"
158,"4000",2.64257952507492,"IV"
159,"4000",2.8862297618807,"IV"
160,"4000",3.37953721286829,"IV"
161,"4000",3.26842953670516,"IV"
162,"4000",3.06987805511013,"IV"
163,"4000",3.08892740345622,"IV"
164,"4000",2.96712138252902,"IV"
165,"4000",2.92632177121215,"IV"
166,"4000",3.38392675456295,"IV"
167,"4000",2.71080406126886,"IV"
168,"4000",3.3466543521809,"IV"
169,"4000",3.2523592720643,"IV"
170,"4000",3.18949916142238,"IV"
171,"4000",2.89116523571434,"IV"
172,"4000",3.01791299204031,"IV"
173,"4000",2.66834919302996,"IV"
174,"4000",2.78589938061296,"IV"
175,"4000",2.99441503815355,"IV"
176,"4000",2.80868093653755,"IV"
177,"4000",3.15258561013856,"IV"
178,"4000",2.72697634909981,"IV"
179,"4000",3.03554973982641,"IV"
180,"4000",2.92572598245294,"IV"
181,"4000",3.14505142459513,"IV"
182,"4000",2.87496616453375,"IV"
183,"4000",3.0364227951799,"IV"
184,"4000",3.17367947084487,"IV"
185,"4000",3.13030667883568,"IV"
186,"4000",3.0098303868868,"IV"
187,"4000",3.1299149970795,"IV"
188,"4000",3.21896269452874,"IV"
189,"4000",2.8012916847163,"IV"
190,"4000",2.985931536714,"IV"
191,"4000",2.97107634397033,"IV"
192,"4000",3.08451265946902,"IV"
193,"4000",2.81197350625074,"IV"
194,"4000",3.49797343463521,"IV"
195,"4000",3.04275882843286,"IV"
196,"4000",2.69868960061039,"IV"
197,"4000",3.15881753522313,"IV"
198,"4000",3.13184610996845,"IV"
199,"4000",2.91674123619287,"IV"
200,"4000",3.30784304320181,"IV"
201,"4000",3.18006207842854,"IV"
202,"4000",3.076833729166,"IV"
203,"4000",3.15874163346803,"IV"
204,"4000",3.08975166737367,"IV"
205,"4000",3.09491912280378,"IV"
206,"4000",3.1243135318316,"IV"
207,"4000",3.19028014171081,"IV"
208,"4000",3.02641743891458,"IV"
209,"4000",2.74096944460144,"IV"
210,"4000",3.03918582766306,"IV"
211,"4000",2.86208291219124,"IV"
212,"4000",3.05438189253017,"IV"
213,"4000",2.87326736975456,"IV"
214,"4000",3.24574155399328,"IV"
215,"4000",3.13965245008676,"IV"
216,"4000",3.13347703609749,"IV"
217,"4000",2.7513955081432,"IV"
218,"4000",2.68042285948858,"IV"
219,"4000",2.67869892509188,"IV"
220,"4000",3.14996896469095,"IV"
221,"4000",3.08264472182052,"IV"
222,"4000",3.00835330379203,"IV"
223,"4000",2.90202206799198,"IV"
224,"4000",2.9886779258085,"IV"
225,"4000",3.34088234364678,"IV"
226,"4000",3.24456411809996,"IV"
227,"4000",3.04852687618138,"IV"
228,"4000",3.08810373032931,"IV"
229,"4000",2.8889192778441,"IV"
230,"4000",3.01837965863424,"IV"
231,"4000",2.8418336810658,"IV"
232,"4000",2.96399830604283,"IV"
233,"4000",3.07870351242057,"IV"
234,"4000",3.05509420134811,"IV"
235,"4000",3.04081993626306,"IV"
236,"4000",3.26581437465391,"IV"
237,"4000",2.87168165335145,"IV"
238,"4000",3.15670540656969,"IV"
239,"4000",2.97296834301684,"IV"
240,"4000",3.03179974601361,"IV"
241,"4000",2.84699334229988,"IV"
242,"4000",2.92208307341427,"IV"
243,"4000",3.00591365595405,"IV"
244,"4000",3.02337855071017,"IV"
245,"4000",3.52413079614695,"IV"
246,"4000",2.85570344847671,"IV"
247,"4000",2.8447693027071,"IV"
248,"4000",2.84004788973687,"IV"
249,"4000",3.03061939376598,"IV"
250,"4000",2.8443706485179,"IV"
251,"4000",3.19438997816494,"IV"
252,"4000",2.67196262578577,"IV"
253,"4000",3.27646491979192,"IV"
254,"4000",3.18166592490234,"IV"
255,"4000",3.05009781094214,"IV"
256,"4000",3.28604461905611,"IV"
257,"4000",3.27623047860835,"IV"
258,"4000",2.96422937096866,"IV"
259,"4000",3.99534465027436,"IV"
260,"4000",3.4248899013523,"IV"
261,"4000",3.08363033895337,"IV"
262,"4000",3.22402259922004,"IV"
263,"4000",2.91677033212377,"IV"
264,"4000",2.71287619962322,"IV"
265,"4000",2.67406011439729,"IV"
266,"4000",3.04041563493476,"IV"
267,"4000",3.01258758845695,"IV"
268,"4000",3.26397817837212,"IV"
269,"4000",3.02856206369889,"IV"
270,"4000",2.89305069598587,"IV"
271,"4000",3.02970327093794,"IV"
272,"4000",2.80215272521845,"IV"
273,"4000",3.20317398199675,"IV"
274,"4000",2.97816638252943,"IV"
275,"4000",2.91021336480832,"IV"
276,"4000",2.85488675850079,"IV"
277,"4000",3.324846946144,"IV"
278,"4000",2.77138088786077,"IV"
279,"4000",2.76545077581243,"IV"
280,"4000",2.99010617243611,"IV"
281,"4000",2.92085808708279,"IV"
282,"4000",3.08565374904124,"IV"
283,"4000",2.95164908737238,"IV"
284,"4000",3.05742209991068,"IV"
285,"4000",3.22226895591143,"IV"
286,"4000",3.93369298154327,"IV"
287,"4000",3.06996133516875,"IV"
288,"4000",2.77421611663086,"IV"
289,"4000",3.27119489242868,"IV"
290,"4000",3.3954205882077,"IV"
291,"4000",3.27431973150511,"IV"
292,"4000",2.93656146473463,"IV"
293,"4000",3.22871195446647,"IV"
294,"4000",2.81610385368091,"IV"
295,"4000",2.71803355789399,"IV"
296,"4000",3.08971484350675,"IV"
297,"4000",2.97752934143307,"IV"
298,"4000",3.00519037956477,"IV"
299,"4000",2.95682581679194,"IV"
300,"4000",3.17101876125568,"IV"
301,"4000",2.97352304258933,"IV"
302,"4000",2.86499131598684,"IV"
303,"4000",2.76682248188339,"IV"
304,"4000",3.11417552302277,"IV"
305,"4000",2.74067889337101,"IV"
306,"4000",3.67757907378799,"IV"
307,"4000",3.1278584778836,"IV"
308,"4000",3.14414849559811,"IV"
309,"4000",2.77115698849566,"IV"
310,"4000",2.96649131300856,"IV"
311,"4000",2.97300395701691,"IV"
312,"4000",2.99579060029189,"IV"
313,"4000",2.846836821507,"IV"
314,"4000",2.8905059103738,"IV"
315,"4000",3.04847801933657,"IV"
316,"4000",2.89533508632402,"IV"
317,"4000",3.11524179009945,"IV"
318,"4000",3.08813046106431,"IV"
319,"4000",3.21221412020842,"IV"
320,"4000",2.93708898468121,"IV"
321,"4000",3.17837466688425,"IV"
322,"4000",2.98584135183366,"IV"
323,"4000",2.92255094805385,"IV"
324,"4000",3.10300178277375,"IV"
325,"4000",3.0137840651401,"IV"
326,"4000",2.84482472204503,"IV"
327,"4000",3.09999715550679,"IV"
328,"4000",3.2823712620095,"IV"
329,"4000",3.2511828912783,"IV"
330,"4000",3.11055538457965,"IV"
331,"4000",3.03264298822881,"IV"
332,"4000",3.25035239519668,"IV"
333,"4000",2.96949266837036,"IV"
334,"4000",3.30294667035275,"IV"
335,"4000",3.4406415129775,"IV"
336,"4000",3.53706290351027,"IV"
337,"4000",3.18874840508275,"IV"
338,"4000",2.94007133696161,"IV"
339,"4000",2.75693857661586,"IV"
340,"4000",3.22352761656691,"IV"
341,"4000",2.83621191921531,"IV"
342,"4000",3.09816521489268,"IV"
343,"4000",3.03006701965811,"IV"
344,"4000",3.09019203294049,"IV"
345,"4000",3.0322968274984,"IV"
346,"4000",3.06105649426872,"IV"
347,"4000",2.82343280859128,"IV"
348,"4000",2.79990320375299,"IV"
349,"4000",2.70827605755523,"IV"
350,"4000",3.11184981337279,"IV"
351,"4000",2.86054611290214,"IV"
352,"4000",2.96064942503898,"IV"
353,"4000",2.94415489213957,"IV"
354,"4000",3.48704500883452,"IV"
355,"4000",2.83679270037001,"IV"
356,"4000",3.13002503924922,"IV"
357,"4000",3.67632572231949,"IV"
358,"4000",3.27274475990844,"IV"
359,"4000",2.88885796276676,"IV"
360,"4000",3.06630719595366,"IV"
361,"4000",3.41280401589553,"IV"
362,"4000",3.18367877690629,"IV"
363,"4000",3.24774445679942,"IV"
364,"4000",3.33323164902047,"IV"
365,"4000",3.22136217075812,"IV"
366,"4000",2.94377046603986,"IV"
367,"4000",2.82146287573363,"IV"
368,"4000",3.14785362850493,"IV"
369,"4000",2.72249779739197,"IV"
370,"4000",3.14176989501574,"IV"
371,"4000",3.21959945586915,"IV"
372,"4000",2.75078508019297,"IV"
373,"4000",3.07804549316106,"IV"
374,"4000",2.90165917616023,"IV"
375,"4000",3.24423421789429,"IV"
376,"4000",3.17359497196431,"IV"
377,"4000",2.75281025927777,"IV"
378,"4000",2.82263967519245,"IV"
379,"4000",2.86723893320175,"IV"
380,"4000",3.33406974080659,"IV"
381,"4000",2.77947163896201,"IV"
382,"4000",2.85529210297414,"IV"
383,"4000",3.02805072100313,"IV"
384,"4000",3.01691899244784,"IV"
385,"4000",3.15799624465376,"IV"
386,"4000",2.92588793612556,"IV"
387,"4000",3.28920817373299,"IV"
388,"4000",3.04189603833913,"IV"
389,"4000",2.89701124857408,"IV"
390,"4000",3.3100709932237,"IV"
391,"4000",3.08767201691111,"IV"
392,"4000",3.23580449334016,"IV"
393,"4000",3.6914928481115,"IV"
394,"4000",3.05536350539217,"IV"
395,"4000",2.68466192115419,"IV"
396,"4000",2.88171770852278,"IV"
397,"4000",2.94060417566577,"IV"
398,"4000",3.33535780440808,"IV"
399,"4000",2.84728867784458,"IV"
400,"4000",2.99289478154111,"IV"
401,"4000",2.81236410468995,"IV"
402,"4000",2.9250520721727,"IV"
403,"4000",2.95718418762501,"IV"
404,"4000",3.17633622454749,"IV"
405,"4000",2.8989580242543,"IV"
406,"4000",2.69250340204262,"IV"
407,"4000",3.83535097899595,"IV"
408,"4000",2.914027781094,"IV"
409,"4000",3.22993244387992,"IV"
410,"4000",2.94201487958052,"IV"
411,"4000",3.10731180023188,"IV"
412,"4000",3.26988611323272,"IV"
413,"4000",2.63383403879249,"IV"
414,"4000",3.15493059812075,"IV"
415,"4000",2.81859556353267,"IV"
416,"4000",2.9186956865985,"IV"
417,"4000",3.18532131978862,"IV"
418,"4000",3.25126681941005,"IV"
419,"4000",3.18524384525345,"IV"
420,"4000",3.23366633178956,"IV"
421,"4000",2.90439521803118,"IV"
422,"4000",2.95961740216963,"IV"
423,"4000",2.82588129473783,"IV"
424,"4000",2.88640951318616,"IV"
425,"4000",2.80456478797471,"IV"
426,"4000",3.18381440443241,"IV"
427,"4000",2.78270927831242,"IV"
428,"4000",3.44285033915258,"IV"
429,"4000",2.99461160113601,"IV"
430,"4000",3.3203720487808,"IV"
431,"4000",2.96208843617983,"IV"
432,"4000",3.13515486352795,"IV"
433,"4000",2.99209825030806,"IV"
434,"4000",2.95219194701839,"IV"
435,"4000",2.97331735759773,"IV"
436,"4000",3.27229562182376,"IV"
437,"4000",3.29443330353996,"IV"
438,"4000",2.77881666832649,"IV"
439,"4000",3.10778552723799,"IV"
440,"4000",3.271105413327,"IV"
441,"4000",3.11140240119881,"IV"
442,"4000",2.66074909138895,"IV"
443,"4000",2.88505549538804,"IV"
444,"4000",3.05578660154229,"IV"
445,"4000",3.01061784390694,"IV"
446,"4000",3.40322095525191,"IV"
447,"4000",2.83770315968473,"IV"
448,"4000",2.95882530298163,"IV"
449,"4000",2.97271583634084,"IV"
450,"4000",2.77746049454318,"IV"
451,"4000",3.32262955356038,"IV"
452,"4000",2.9632948073305,"IV"
453,"4000",3.114455651277,"IV"
454,"4000",3.22115048908406,"IV"
455,"4000",3.19525152414198,"IV"
456,"4000",3.44622790883859,"IV"
457,"4000",2.91533256473979,"IV"
458,"4000",2.95094899978575,"IV"
459,"4000",3.26000154328409,"IV"
460,"4000",3.16699030246853,"IV"
461,"4000",3.03009160027188,"IV"
462,"4000",3.05025233113008,"IV"
463,"4000",3.01126628095105,"IV"
464,"4000",2.91937226630812,"IV"
465,"4000",2.88739156554149,"IV"
466,"4000",2.68461660218193,"IV"
467,"4000",3.4475799325023,"IV"
468,"4000",2.88628989561195,"IV"
469,"4000",3.21591314637985,"IV"
470,"4000",3.37284429436464,"IV"
471,"4000",3.00057754380645,"IV"
472,"4000",2.88487200166589,"IV"
473,"4000",2.88872060505852,"IV"
474,"4000",3.35416725733547,"IV"
475,"4000",3.05333202456843,"IV"
476,"4000",2.92003423992829,"IV"
477,"4000",2.98236439864907,"IV"
478,"4000",2.98315537339653,"IV"
479,"4000",2.92536493052993,"IV"
480,"4000",3.44113462235159,"IV"
481,"4000",2.70862146978919,"IV"
482,"4000",3.11599975717786,"IV"
483,"4000",3.03084433930461,"IV"
484,"4000",2.98379992792636,"IV"
485,"4000",3.13540083413625,"IV"
486,"4000",3.32206089014107,"IV"
487,"4000",3.09490026990453,"IV"
488,"4000",3.20515776938848,"IV"
489,"4000",2.84349520657527,"IV"
490,"4000",2.89398218068641,"IV"
491,"4000",2.89845285673793,"IV"
492,"4000",2.86412457053301,"IV"
493,"4000",2.73047808335007,"IV"
494,"4000",3.08156128498426,"IV"
495,"4000",2.81713111928314,"IV"
496,"4000",3.10894391803963,"IV"
497,"4000",2.83385298806769,"IV"
498,"4000",3.26310889878484,"IV"
499,"4000",2.83277051807245,"IV"
500,"4000",2.81356542683834,"IV"
501,"4000",3.08441317776013,"IV"
502,"4000",3.11821389269265,"IV"
503,"4000",3.3361404551445,"IV"
504,"4000",2.96378626450409,"IV"
505,"4000",3.00997305815655,"IV"
506,"4000",3.19265037445275,"IV"
507,"4000",2.76500545306879,"IV"
508,"4000",3.1592840830662,"IV"
509,"4000",3.1289688594329,"IV"
510,"4000",3.43790785961829,"IV"
511,"4000",2.99646544317088,"IV"
512,"4000",3.20121160019528,"IV"
513,"4000",2.7704018930938,"IV"
514,"4000",3.13813588465641,"IV"
515,"4000",3.09867682934772,"IV"
516,"4000",2.96900840972831,"IV"
517,"4000",3.02617933803728,"IV"
518,"4000",3.40402648813878,"IV"
519,"4000",3.03649980571378,"IV"
520,"4000",3.00289249480116,"IV"
521,"4000",3.05528603101022,"IV"
522,"4000",3.05685767052665,"IV"
523,"4000",3.23843974826572,"IV"
524,"4000",3.26424802516955,"IV"
525,"4000",3.25148036437451,"IV"
526,"4000",3.22605138345854,"IV"
527,"4000",3.02539273158089,"IV"
528,"4000",2.84359503468487,"IV"
529,"4000",3.22996819471917,"IV"
530,"4000",2.96377549682082,"IV"
531,"4000",3.50480120942687,"IV"
532,"4000",3.27115277799294,"IV"
533,"4000",2.84256091719639,"IV"
534,"4000",2.90491962430632,"IV"
535,"4000",2.99162242051462,"IV"
536,"4000",2.89311311415153,"IV"
537,"4000",3.4474940276108,"IV"
538,"4000",3.15742661612172,"IV"
539,"4000",2.88442096409979,"IV"
540,"4000",3.01978352132212,"IV"
541,"4000",3.18810293247311,"IV"
542,"4000",3.07205898018321,"IV"
543,"4000",2.79777455726561,"IV"
544,"4000",2.99404332411864,"IV"
545,"4000",3.00608571586309,"IV"
546,"4000",3.13874703984177,"IV"
547,"4000",2.95311645991762,"IV"
548,"4000",2.74757223845118,"IV"
549,"4000",3.16052658138792,"IV"
550,"4000",3.52310668960683,"IV"
551,"4000",3.00698398611955,"IV"
552,"4000",3.01287248433124,"IV"
553,"4000",3.19985849505601,"IV"
554,"4000",2.96545171816361,"IV"
555,"4000",3.07418616470698,"IV"
556,"4000",3.05589756224438,"IV"
557,"4000",2.72900821164818,"IV"
558,"4000",3.1071433083999,"IV"
559,"4000",3.12934263000278,"IV"
560,"4000",3.05480373483039,"IV"
561,"4000",2.88774920641457,"IV"
562,"4000",3.33010832489171,"IV"
563,"4000",2.88115693720614,"IV"
564,"4000",2.99446730665398,"IV"
565,"4000",3.145098803342,"IV"
566,"4000",2.92312797332754,"IV"
567,"4000",3.47026935558566,"IV"
568,"4000",3.32505184777524,"IV"
569,"4000",3.28698101162457,"IV"
570,"4000",2.99566368541559,"IV"
571,"4000",3.23489340469284,"IV"
572,"4000",2.98911912337626,"IV"
573,"4000",3.13852528786069,"IV"
574,"4000",3.24012003195557,"IV"
575,"4000",2.98841788826381,"IV"
576,"4000",2.85431124063833,"IV"
577,"4000",3.39249821122415,"IV"
578,"4000",2.8407050075802,"IV"
579,"4000",2.78746659763994,"IV"
580,"4000",2.89094253138124,"IV"
581,"4000",3.43343130004102,"IV"
582,"4000",3.02961620438332,"IV"
583,"4000",3.3763669394888,"IV"
584,"4000",3.33067826515734,"IV"
585,"4000",3.19173707795142,"IV"
586,"4000",3.09694549833574,"IV"
587,"4000",2.92267005637333,"IV"
588,"4000",2.67066061139255,"IV"
589,"4000",3.22506339703746,"IV"
590,"4000",3.01549760650042,"IV"
591,"4000",2.96970179182015,"IV"
592,"4000",3.157813909448,"IV"
593,"4000",3.00473939555033,"IV"
594,"4000",3.20895835452438,"IV"
595,"4000",3.06612851053372,"IV"
596,"4000",2.96444143032581,"IV"
597,"4000",3.36196022672319,"IV"
598,"4000",2.7663895224465,"IV"
599,"4000",3.07575151798779,"IV"
600,"4000",3.30614172550272,"IV"
601,"4000",3.08780756735124,"IV"
602,"4000",3.15151489436165,"IV"
603,"4000",3.28652844869656,"IV"
604,"4000",2.90087685779162,"IV"
605,"4000",3.34494667388963,"IV"
606,"4000",2.82724760923217,"IV"
607,"4000",3.02440995319985,"IV"
608,"4000",2.91224036498855,"IV"
609,"4000",2.97464482530432,"IV"
610,"4000",2.84437100192549,"IV"
611,"4000",3.35304900727044,"IV"
612,"4000",2.78521888944088,"IV"
613,"4000",2.91088195619707,"IV"
614,"4000",3.21160942807271,"IV"
615,"4000",3.44065244975855,"IV"
616,"4000",3.41499693104663,"IV"
617,"4000",2.93052497064797,"IV"
618,"4000",3.1296730163782,"IV"
619,"4000",3.1501711184613,"IV"
620,"4000",3.17208845577351,"IV"
621,"4000",2.9583106438468,"IV"
622,"4000",3.21576523540647,"IV"
623,"4000",3.09081111334846,"IV"
624,"4000",2.89049984438134,"IV"
625,"4000",2.86256130201145,"IV"
626,"4000",2.90231147218648,"IV"
627,"4000",3.3949402152875,"IV"
628,"4000",2.96626125212659,"IV"
629,"4000",2.77684042944522,"IV"
630,"4000",2.95643588347327,"IV"
631,"4000",2.94460704021074,"IV"
632,"4000",2.96583469301663,"IV"
633,"4000",3.13981214733718,"IV"
634,"4000",3.47705140475784,"IV"
635,"4000",3.13047867769471,"IV"
636,"4000",2.75045253288483,"IV"
637,"4000",3.09959221789569,"IV"
638,"4000",3.04647845735877,"IV"
639,"4000",3.02261415298995,"IV"
640,"4000",2.87272943738756,"IV"
641,"4000",3.27759958507186,"IV"
642,"4000",2.95394117306093,"IV"
643,"4000",2.81667834265464,"IV"
644,"4000",2.94660592675852,"IV"
645,"4000",3.40198094794477,"IV"
646,"4000",3.00672342995459,"IV"
647,"4000",2.90355511418194,"IV"
648,"4000",3.12711926979596,"IV"
649,"4000",3.28180989878279,"IV"
650,"4000",2.93458831119612,"IV"
651,"4000",3.10327970105825,"IV"
652,"4000",2.82043131286284,"IV"
653,"4000",3.45112910634573,"IV"
654,"4000",3.35411578537265,"IV"
655,"4000",2.97848725089196,"IV"
656,"4000",3.11348988913952,"IV"
657,"4000",2.83357715961238,"IV"
658,"4000",3.14188531534473,"IV"
659,"4000",3.04238339850926,"IV"
660,"4000",2.99136638054614,"IV"
661,"4000",3.39238526377594,"IV"
662,"4000",3.14284454074543,"IV"
663,"4000",3.27511159701406,"IV"
664,"4000",2.88093312505091,"IV"
665,"4000",3.02533133422422,"IV"
666,"4000",3.27477425588699,"IV"
667,"4000",2.91443156635833,"IV"
668,"4000",3.05520256884788,"IV"
669,"4000",3.02458006741301,"IV"
670,"4000",2.83135604150557,"IV"
671,"4000",3.01551751392672,"IV"
672,"4000",3.02179964978639,"IV"
673,"4000",3.13569003387937,"IV"
674,"4000",3.15506635920278,"IV"
675,"4000",3.36763604598362,"IV"
676,"4000",3.44402562751892,"IV"
677,"4000",3.02836344152067,"IV"
678,"4000",3.07063199504845,"IV"
679,"4000",2.97805898748505,"IV"
680,"4000",3.08151843006126,"IV"
681,"4000",3.18339050644427,"IV"
682,"4000",3.21512042207146,"IV"
683,"4000",2.98929349960406,"IV"
684,"4000",2.96368663837283,"IV"
685,"4000",3.42865572732086,"IV"
686,"4000",3.36651743944432,"IV"
687,"4000",3.20200050100861,"IV"
688,"4000",2.81169360626105,"IV"
689,"4000",3.2575904039776,"IV"
690,"4000",3.12814274643462,"IV"
691,"4000",3.50107487960337,"IV"
692,"4000",3.29325243558626,"IV"
693,"4000",2.85986657409917,"IV"
694,"4000",2.97411884368971,"IV"
695,"4000",3.0008894407388,"IV"
696,"4000",3.05812317693074,"IV"
697,"4000",3.11195023993899,"IV"
698,"4000",3.13244303387432,"IV"
699,"4000",2.83537485027164,"IV"
700,"4000",3.0290395442225,"IV"
701,"4000",3.0596199847491,"IV"
702,"4000",3.2588272318681,"IV"
703,"4000",3.09263120610742,"IV"
704,"4000",2.73895566549251,"IV"
705,"4000",3.07447094324698,"IV"
706,"4000",3.11582932924859,"IV"
707,"4000",2.99055922390654,"IV"
708,"4000",2.8104197763185,"IV"
709,"4000",2.99749243913148,"IV"
710,"4000",3.25969455697809,"IV"
711,"4000",3.02521087784503,"IV"
712,"4000",3.33172383471057,"IV"
713,"4000",3.18419999235123,"IV"
714,"4000",2.97705437857223,"IV"
715,"4000",3.1376356824048,"IV"
716,"4000",3.45980461152062,"IV"
717,"4000",3.08742671696444,"IV"
718,"4000",3.07337997594456,"IV"
719,"4000",3.43658889383879,"IV"
720,"4000",3.18607923291007,"IV"
721,"4000",2.72041761249467,"IV"
722,"4000",3.05014656927306,"IV"
723,"4000",3.19830363718836,"IV"
724,"4000",3.33533189082449,"IV"
725,"4000",3.09853384727728,"IV"
726,"4000",3.05082385867713,"IV"
727,"4000",3.17058298189419,"IV"
728,"4000",3.03287819761239,"IV"
729,"4000",2.87375880401961,"IV"
730,"4000",2.77558524602203,"IV"
731,"4000",3.09967583243158,"IV"
732,"4000",3.30728900994929,"IV"
733,"4000",3.08279747514776,"IV"
734,"4000",3.43993648850184,"IV"
735,"4000",2.97693415099404,"IV"
736,"4000",3.06644063440553,"IV"
737,"4000",2.86968416907103,"IV"
738,"4000",2.66003059458426,"IV"
739,"4000",3.03346521453641,"IV"
740,"4000",2.84027947138271,"IV"
741,"4000",2.90416403642309,"IV"
742,"4000",3.17099097203181,"IV"
743,"4000",3.13259629982357,"IV"
744,"4000",3.19921225218224,"IV"
745,"4000",2.93343743044989,"IV"
746,"4000",3.03038180555107,"IV"
747,"4000",2.88095184421091,"IV"
748,"4000",2.80881936065692,"IV"
749,"4000",3.08963432273207,"IV"
750,"4000",3.18900041601878,"IV"
751,"4000",2.82703099899129,"IV"
752,"4000",3.11780859340106,"IV"
753,"4000",2.99933586082346,"IV"
754,"4000",2.99176649749852,"IV"
755,"4000",3.04287086310353,"IV"
756,"4000",3.11329158667012,"IV"
757,"4000",3.05926911883913,"IV"
758,"4000",3.02273858740826,"IV"
759,"4000",3.23602347426165,"IV"
760,"4000",2.99122088634985,"IV"
761,"4000",2.83263147083779,"IV"
762,"4000",2.91959802365185,"IV"
763,"4000",3.2078842645196,"IV"
764,"4000",3.03526705262558,"IV"
765,"4000",3.04463233909979,"IV"
766,"4000",2.90689822447305,"IV"
767,"4000",3.04449441438225,"IV"
768,"4000",3.01638553252569,"IV"
769,"4000",3.02814284544622,"IV"
770,"4000",2.77742080534669,"IV"
771,"4000",2.95477823719359,"IV"
772,"4000",3.38629039176737,"IV"
773,"4000",2.74663106471572,"IV"
774,"4000",2.83509826898076,"IV"
775,"4000",2.90156957541455,"IV"
776,"4000",3.01851009394303,"IV"
777,"4000",3.10366150492898,"IV"
778,"4000",3.02257591312374,"IV"
779,"4000",2.82751591321613,"IV"
780,"4000",3.27589192306265,"IV"
781,"4000",3.49439167270307,"IV"
782,"4000",3.06348306252217,"IV"
783,"4000",3.00111512994674,"IV"
784,"4000",3.35142375850649,"IV"
785,"4000",3.46859239591385,"IV"
786,"4000",3.53121928586717,"IV"
787,"4000",2.66255555277444,"IV"
788,"4000",3.37359999922543,"IV"
789,"4000",2.96927993322884,"IV"
790,"4000",3.07977297917396,"IV"
791,"4000",3.00484721191045,"IV"
792,"4000",3.13745114892288,"IV"
793,"4000",3.10818434901929,"IV"
794,"4000",3.26341359872496,"IV"
795,"4000",2.78996930759107,"IV"
796,"4000",2.96290200178059,"IV"
797,"4000",3.0097361974485,"IV"
798,"4000",2.80232865491406,"IV"
799,"4000",2.91457589709441,"IV"
800,"4000",2.99672018892011,"IV"
801,"4000",3.13346256789076,"IV"
802,"4000",2.91907137432003,"IV"
803,"4000",3.50371322489713,"IV"
804,"4000",3.03732774391117,"IV"
805,"4000",3.13701852795157,"IV"
806,"4000",3.02848636607374,"IV"
807,"4000",2.92208352016335,"IV"
808,"4000",3.26411159745072,"IV"
809,"4000",2.96596198731501,"IV"
810,"4000",2.92842213322578,"IV"
811,"4000",3.18649822517859,"IV"
812,"4000",2.97910377463735,"IV"
813,"4000",2.78235369277044,"IV"
814,"4000",3.23666991409609,"IV"
815,"4000",3.33610785505693,"IV"
816,"4000",3.28439080612457,"IV"
817,"4000",2.85443080837035,"IV"
818,"4000",3.50592353264126,"IV"
819,"4000",2.94758413328211,"IV"
820,"4000",3.00289541962897,"IV"
821,"4000",3.11087359223918,"IV"
822,"4000",3.07367781824635,"IV"
823,"4000",3.17289250258058,"IV"
824,"4000",3.42590854289972,"IV"
825,"4000",2.86855952965856,"IV"
826,"4000",3.17729475625289,"IV"
827,"4000",3.03248093829349,"IV"
828,"4000",2.99104728148273,"IV"
829,"4000",3.03369643737498,"IV"
830,"4000",3.14653737204256,"IV"
831,"4000",3.00174624288103,"IV"
832,"4000",3.31840492084323,"IV"
833,"4000",2.74494264602518,"IV"
834,"4000",2.82636067104389,"IV"
835,"4000",3.4025082542825,"IV"
836,"4000",3.16176972962945,"IV"
837,"4000",3.0036110443845,"IV"
838,"4000",3.2078015111547,"IV"
839,"4000",2.88941993462129,"IV"
840,"4000",2.96004257692047,"IV"
841,"4000",3.166558772395,"IV"
842,"4000",2.76608521906901,"IV"
843,"4000",3.04005659497338,"IV"
844,"4000",3.10055566486255,"IV"
845,"4000",3.34239313371595,"IV"
846,"4000",3.28521062785883,"IV"
847,"4000",2.91858469981519,"IV"
848,"4000",3.64887998070124,"IV"
849,"4000",3.29508109293948,"IV"
850,"4000",3.05788411530906,"IV"
851,"4000",2.82969378851254,"IV"
852,"4000",3.08719466407371,"IV"
853,"4000",3.05283271566298,"IV"
854,"4000",3.01464884377997,"IV"
855,"4000",3.02837173246473,"IV"
856,"4000",3.26203191397656,"IV"
857,"4000",3.28318405925651,"IV"
858,"4000",3.00338134900333,"IV"
859,"4000",3.7378504313599,"IV"
860,"4000",3.29276707223057,"IV"
861,"4000",3.10232946124612,"IV"
862,"4000",2.82888001000289,"IV"
863,"4000",3.25246585939357,"IV"
864,"4000",2.95416203484566,"IV"
865,"4000",3.1545286157231,"IV"
866,"4000",2.98182985380771,"IV"
867,"4000",3.00208870045353,"IV"
868,"4000",2.84876791940318,"IV"
869,"4000",3.25860658276902,"IV"
870,"4000",3.32640533875355,"IV"
871,"4000",3.00155916398625,"IV"
872,"4000",2.91928681357735,"IV"
873,"4000",2.90644697739985,"IV"
874,"4000",3.32303528276591,"IV"
875,"4000",3.0936236739814,"IV"
876,"4000",3.12930521117964,"IV"
877,"4000",3.03919455168562,"IV"
878,"4000",3.05351067894406,"IV"
879,"4000",3.22759924587684,"IV"
880,"4000",3.06766090191809,"IV"
881,"4000",3.3075362036926,"IV"
882,"4000",3.13489393267756,"IV"
883,"4000",3.05154658109749,"IV"
884,"4000",2.99743750334806,"IV"
885,"4000",3.15311311584044,"IV"
886,"4000",3.20346646555993,"IV"
887,"4000",2.65353463095818,"IV"
888,"4000",2.90277697014843,"IV"
889,"4000",2.95133183275247,"IV"
890,"4000",3.49058447764273,"IV"
891,"4000",2.86436240114497,"IV"
892,"4000",2.95802015896839,"IV"
893,"4000",3.45423783940469,"IV"
894,"4000",3.49557664860764,"IV"
895,"4000",3.13908700453449,"IV"
896,"4000",2.88155777632374,"IV"
897,"4000",2.99631416538009,"IV"
898,"4000",2.94521889673097,"IV"
899,"4000",3.00573213353976,"IV"
900,"4000",3.4100078666754,"IV"
901,"4000",3.05654660859417,"IV"
902,"4000",3.05721167534689,"IV"
903,"4000",3.22946670646708,"IV"
904,"4000",2.95850581269368,"IV"
905,"4000",3.42629963826606,"IV"
906,"4000",2.74350966440602,"IV"
907,"4000",2.94560996232185,"IV"
908,"4000",3.24170962312735,"IV"
909,"4000",3.01136251157159,"IV"
910,"4000",2.80198008191501,"IV"
911,"4000",3.27888367091745,"IV"
912,"4000",3.08021344107299,"IV"
913,"4000",3.12271885463275,"IV"
914,"4000",3.00716737897455,"IV"
915,"4000",2.96708819744546,"IV"
916,"4000",3.22199787248841,"IV"
917,"4000",3.05502913202994,"IV"
918,"4000",3.3137677588254,"IV"
919,"4000",2.81404646366769,"IV"
920,"4000",3.01098609691454,"IV"
921,"4000",3.02415002035379,"IV"
922,"4000",3.14989162411208,"IV"
923,"4000",3.18247330623175,"IV"
924,"4000",3.30048756517031,"IV"
925,"4000",3.18843337681844,"IV"
926,"4000",3.16813812693673,"IV"
927,"4000",2.75467894694171,"IV"
928,"4000",3.28928308254638,"IV"
929,"4000",2.72005423168504,"IV"
930,"4000",2.95664258625089,"IV"
931,"4000",2.89683955813446,"IV"
932,"4000",3.12591399547593,"IV"
933,"4000",3.19392757901272,"IV"
934,"4000",3.01903782038157,"IV"
935,"4000",3.08574589340965,"IV"
936,"4000",2.9352253300382,"IV"
937,"4000",3.52094101207623,"IV"
938,"4000",2.89610325958137,"IV"
939,"4000",2.80355101080441,"IV"
940,"4000",3.0870099619666,"IV"
941,"4000",2.80971204010482,"IV"
942,"4000",2.93126496773467,"IV"
943,"4000",3.06861307027807,"IV"
944,"4000",3.3826626548238,"IV"
945,"4000",2.92068116070861,"IV"
946,"4000",3.17370282088809,"IV"
947,"4000",3.11317232542492,"IV"
948,"4000",3.08131927585284,"IV"
949,"4000",3.10998813979196,"IV"
950,"4000",2.75132098257414,"IV"
951,"4000",3.46612217221104,"IV"
952,"4000",2.96702099636906,"IV"
953,"4000",3.43716803073732,"IV"
954,"4000",2.64037310846645,"IV"
955,"4000",3.61243503210619,"IV"
956,"4000",3.01376818635573,"IV"
957,"4000",2.80538259006613,"IV"
958,"4000",2.91987807632358,"IV"
959,"4000",3.34262278304851,"IV"
960,"4000",2.92065839985675,"IV"
961,"4000",2.99592450481602,"IV"
962,"4000",2.93532565110479,"IV"
963,"4000",2.65922961633097,"IV"
964,"4000",3.33217637936866,"IV"
965,"4000",3.41236019673644,"IV"
966,"4000",3.26086185431114,"IV"
967,"4000",2.76743767902646,"IV"
968,"4000",3.11606385821651,"IV"
969,"4000",3.13255278515495,"IV"
970,"4000",2.75522743190867,"IV"
971,"4000",3.32994713679178,"IV"
972,"4000",3.04697543219689,"IV"
973,"4000",3.25447921895507,"IV"
974,"4000",3.03654166697847,"IV"
975,"4000",2.8154078215547,"IV"
976,"4000",3.10779682867099,"IV"
977,"4000",2.93268271327301,"IV"
978,"4000",3.07204577058465,"IV"
979,"4000",3.38932555801076,"IV"
980,"4000",2.9584854278736,"IV"
981,"4000",3.15234985224819,"IV"
982,"4000",3.18083090332943,"IV"
983,"4000",3.15580284977431,"IV"
984,"4000",2.88315135090863,"IV"
985,"4000",2.87973807860391,"IV"
986,"4000",3.18487071621624,"IV"
987,"4000",2.79691691268793,"IV"
988,"4000",3.15209455020989,"IV"
989,"4000",3.62035663834912,"IV"
990,"4000",2.94636187418788,"IV"
991,"4000",3.02975725499603,"IV"
992,"4000",2.92699509667901,"IV"
993,"4000",3.06410789552684,"IV"
994,"4000",2.84705756543832,"IV"
995,"4000",3.13956475857613,"IV"
996,"4000",3.14551782895595,"IV"
997,"4000",2.78431292051756,"IV"
998,"4000",3.35169255134534,"IV"
999,"4000",3.47879528798847,"IV"
1000,"4000",3.10160769933469,"IV"
1,"500",3.71974522292994,"Unadjusted"
2,"500",4.56867698137038,"Unadjusted"
3,"500",4.00742642976124,"Unadjusted"
4,"500",4.50379281281128,"Unadjusted"
5,"500",3.92265229677335,"Unadjusted"
6,"500",4.19449847179772,"Unadjusted"
7,"500",4.34889643463497,"Unadjusted"
8,"500",4.43950151057402,"Unadjusted"
9,"500",4.37918215613383,"Unadjusted"
10,"500",5.25186500888099,"Unadjusted"
11,"500",4.80588235294118,"Unadjusted"
12,"500",2.95674869500373,"Unadjusted"
13,"500",3.9260553912342,"Unadjusted"
14,"500",4.34379457917261,"Unadjusted"
15,"500",4.3454231433506,"Unadjusted"
16,"500",3.64480198019802,"Unadjusted"
17,"500",3.82746615087041,"Unadjusted"
18,"500",4.17850499483293,"Unadjusted"
19,"500",5.47397769516729,"Unadjusted"
20,"500",4.61148022249691,"Unadjusted"
21,"500",4.11281241417193,"Unadjusted"
22,"500",5.57728437233134,"Unadjusted"
23,"500",5.88742050874404,"Unadjusted"
24,"500",3.9259283996794,"Unadjusted"
25,"500",4.68206606419445,"Unadjusted"
26,"500",3.8961038961039,"Unadjusted"
27,"500",4.37585221024852,"Unadjusted"
28,"500",4.46550416982563,"Unadjusted"
29,"500",4.18426090038993,"Unadjusted"
30,"500",3.97790198882101,"Unadjusted"
31,"500",3.7879112567755,"Unadjusted"
32,"500",3.59115201900238,"Unadjusted"
33,"500",5.08296497789867,"Unadjusted"
34,"500",3.58395097753137,"Unadjusted"
35,"500",4.07105766602897,"Unadjusted"
36,"500",3.5870425914817,"Unadjusted"
37,"500",4.87169449548614,"Unadjusted"
38,"500",4.19261033185084,"Unadjusted"
39,"500",4.1958041958042,"Unadjusted"
40,"500",3.51493063719727,"Unadjusted"
41,"500",3.67138326421078,"Unadjusted"
42,"500",3.93400745077169,"Unadjusted"
43,"500",5.10055350553505,"Unadjusted"
44,"500",3.53737385590237,"Unadjusted"
45,"500",3.47910447761194,"Unadjusted"
46,"500",3.54378206262162,"Unadjusted"
47,"500",3.8174114988702,"Unadjusted"
48,"500",3.65686454695828,"Unadjusted"
49,"500",3.665654038599,"Unadjusted"
50,"500",5.03267068600293,"Unadjusted"
51,"500",4.56405853367179,"Unadjusted"
52,"500",3.7907949790795,"Unadjusted"
53,"500",4.9905065881005,"Unadjusted"
54,"500",3.3223869292361,"Unadjusted"
55,"500",3.83259911894273,"Unadjusted"
56,"500",4.99950988400588,"Unadjusted"
57,"500",4.41176470588235,"Unadjusted"
58,"500",4.18907534479245,"Unadjusted"
59,"500",6.29506651304075,"Unadjusted"
60,"500",3.69909335947072,"Unadjusted"
61,"500",4.8062930186824,"Unadjusted"
62,"500",3.88422468886647,"Unadjusted"
63,"500",3.50884827386133,"Unadjusted"
64,"500",4.78277886497065,"Unadjusted"
65,"500",3.39455626715462,"Unadjusted"
66,"500",3.80118035283665,"Unadjusted"
67,"500",2.91479238754325,"Unadjusted"
68,"500",4.46075615247263,"Unadjusted"
69,"500",3.97271268057785,"Unadjusted"
70,"500",4.46533917824504,"Unadjusted"
71,"500",4.10840847137765,"Unadjusted"
72,"500",3.54671600370028,"Unadjusted"
73,"500",3.73646209386282,"Unadjusted"
74,"500",5.3740355284407,"Unadjusted"
75,"500",4.0629968601777,"Unadjusted"
76,"500",5.46797711332595,"Unadjusted"
77,"500",3.55029585798817,"Unadjusted"
78,"500",3.44416831403558,"Unadjusted"
79,"500",4.03284280936455,"Unadjusted"
80,"500",4.25871372320257,"Unadjusted"
81,"500",4.15618448637317,"Unadjusted"
82,"500",5.59375878549339,"Unadjusted"
83,"500",4.69547581903276,"Unadjusted"
84,"500",4.02724053391446,"Unadjusted"
85,"500",4.67071873575444,"Unadjusted"
86,"500",3.86275279795798,"Unadjusted"
87,"500",4.63308417289568,"Unadjusted"
88,"500",4.96328368548666,"Unadjusted"
89,"500",6.00546176762661,"Unadjusted"
90,"500",3.6144578313253,"Unadjusted"
91,"500",3.76908694297289,"Unadjusted"
92,"500",4.18766545038277,"Unadjusted"
93,"500",5.74915254237288,"Unadjusted"
94,"500",3.88453962000381,"Unadjusted"
95,"500",3.6838556851312,"Unadjusted"
96,"500",3.69339098208771,"Unadjusted"
97,"500",4.01635653267996,"Unadjusted"
98,"500",3.89680976762505,"Unadjusted"
99,"500",3.62653874004345,"Unadjusted"
100,"500",4.56338564680786,"Unadjusted"
101,"500",3.41188524590164,"Unadjusted"
102,"500",3.66359786411342,"Unadjusted"
103,"500",4.23264177040111,"Unadjusted"
104,"500",5.85725338491296,"Unadjusted"
105,"500",4.29603197259492,"Unadjusted"
106,"500",5.5506299580028,"Unadjusted"
107,"500",4.37873462214411,"Unadjusted"
108,"500",3.69090909090909,"Unadjusted"
109,"500",4.38175376439327,"Unadjusted"
110,"500",4.53125,"Unadjusted"
111,"500",4.6068657418293,"Unadjusted"
112,"500",3.46638655462185,"Unadjusted"
113,"500",4.12403100775194,"Unadjusted"
114,"500",5.08138248063335,"Unadjusted"
115,"500",4.99126421625185,"Unadjusted"
116,"500",4.96206056387052,"Unadjusted"
117,"500",2.97251132911708,"Unadjusted"
118,"500",4.84265060240964,"Unadjusted"
119,"500",4.660084517864,"Unadjusted"
120,"500",4.73095313994262,"Unadjusted"
121,"500",6.30626450116009,"Unadjusted"
122,"500",4.73715651135006,"Unadjusted"
123,"500",3.93565251064928,"Unadjusted"
124,"500",4.28744763830709,"Unadjusted"
125,"500",3.84238167137136,"Unadjusted"
126,"500",4.52180720196824,"Unadjusted"
127,"500",4.27571305099395,"Unadjusted"
128,"500",4.19848835625766,"Unadjusted"
129,"500",3.86499611499611,"Unadjusted"
130,"500",3.12518142235123,"Unadjusted"
131,"500",3.71550640864539,"Unadjusted"
132,"500",5.55325987144169,"Unadjusted"
133,"500",4.32256211403131,"Unadjusted"
134,"500",3.97224363916731,"Unadjusted"
135,"500",3.72050166368057,"Unadjusted"
136,"500",4.23589636439616,"Unadjusted"
137,"500",3.79983260365697,"Unadjusted"
138,"500",4.27993790134782,"Unadjusted"
139,"500",3.86352373500261,"Unadjusted"
140,"500",4.44147843942505,"Unadjusted"
141,"500",3.7764484810523,"Unadjusted"
142,"500",5.43538030207108,"Unadjusted"
143,"500",3.96473633128437,"Unadjusted"
144,"500",4.8780487804878,"Unadjusted"
145,"500",3.47145781214464,"Unadjusted"
146,"500",4.09306260575296,"Unadjusted"
147,"500",4.62949393176093,"Unadjusted"
148,"500",4.37956204379562,"Unadjusted"
149,"500",4.59443800695249,"Unadjusted"
150,"500",4.65407273584165,"Unadjusted"
151,"500",3.80359410718821,"Unadjusted"
152,"500",4.41012190616919,"Unadjusted"
153,"500",4.40873737006615,"Unadjusted"
154,"500",3.8372461928934,"Unadjusted"
155,"500",4.09251968503937,"Unadjusted"
156,"500",4.04738053336943,"Unadjusted"
157,"500",5.96129032258065,"Unadjusted"
158,"500",6.16260582283708,"Unadjusted"
159,"500",4.89089383130508,"Unadjusted"
160,"500",4.03968527848713,"Unadjusted"
161,"500",4.95377452610575,"Unadjusted"
162,"500",4.32373626373626,"Unadjusted"
163,"500",3.89476744186046,"Unadjusted"
164,"500",3.98498908296943,"Unadjusted"
165,"500",4.5081792589211,"Unadjusted"
166,"500",5.67102595296026,"Unadjusted"
167,"500",3.39640508051712,"Unadjusted"
168,"500",3.3631233444662,"Unadjusted"
169,"500",4.24215406562054,"Unadjusted"
170,"500",4.96025316455696,"Unadjusted"
171,"500",4.93363749481543,"Unadjusted"
172,"500",4.00862595938328,"Unadjusted"
173,"500",4.43945637244271,"Unadjusted"
174,"500",6.16448598130841,"Unadjusted"
175,"500",6.46360725720384,"Unadjusted"
176,"500",6.90365641323273,"Unadjusted"
177,"500",3.95498587000404,"Unadjusted"
178,"500",3.92960703273634,"Unadjusted"
179,"500",3.88131248397847,"Unadjusted"
180,"500",4.21666208413528,"Unadjusted"
181,"500",4.14271527876294,"Unadjusted"
182,"500",4.28293201133144,"Unadjusted"
183,"500",6.73105548037889,"Unadjusted"
184,"500",4.11705271839989,"Unadjusted"
185,"500",4.92715886618326,"Unadjusted"
186,"500",3.36344170845777,"Unadjusted"
187,"500",3.53706823925863,"Unadjusted"
188,"500",4.92461538461538,"Unadjusted"
189,"500",6.0690758905524,"Unadjusted"
190,"500",4.30894782862139,"Unadjusted"
191,"500",4.58258946204282,"Unadjusted"
192,"500",6.11135371179039,"Unadjusted"
193,"500",4.42308819220627,"Unadjusted"
194,"500",3.51705069124424,"Unadjusted"
195,"500",3.88794308220048,"Unadjusted"
196,"500",4.29347181008902,"Unadjusted"
197,"500",4.97576736672052,"Unadjusted"
198,"500",3.57527705729781,"Unadjusted"
199,"500",4.26247728225919,"Unadjusted"
200,"500",3.8682209832742,"Unadjusted"
201,"500",4.08163265306122,"Unadjusted"
202,"500",4.44,"Unadjusted"
203,"500",5.39759036144578,"Unadjusted"
204,"500",4.69914129586261,"Unadjusted"
205,"500",5.58904109589041,"Unadjusted"
206,"500",4.36219633470663,"Unadjusted"
207,"500",3.64877300613497,"Unadjusted"
208,"500",5.75941540191119,"Unadjusted"
209,"500",3.45537929045284,"Unadjusted"
210,"500",3.52634626519977,"Unadjusted"
211,"500",4.51144339334757,"Unadjusted"
212,"500",3.86206896551724,"Unadjusted"
213,"500",4.73847005774859,"Unadjusted"
214,"500",4.82659557536209,"Unadjusted"
215,"500",4.11332398316971,"Unadjusted"
216,"500",3.8505291005291,"Unadjusted"
217,"500",3.76556662515567,"Unadjusted"
218,"500",3.72679509632224,"Unadjusted"
219,"500",6.20555320945946,"Unadjusted"
220,"500",4.79322667099813,"Unadjusted"
221,"500",3.89529199897093,"Unadjusted"
222,"500",5.70737240075614,"Unadjusted"
223,"500",4.29939603106126,"Unadjusted"
224,"500",3.40360571556151,"Unadjusted"
225,"500",7.26129666011788,"Unadjusted"
226,"500",4.0760736196319,"Unadjusted"
227,"500",4.85228046289993,"Unadjusted"
228,"500",4.58731117824773,"Unadjusted"
229,"500",3.64559108527132,"Unadjusted"
230,"500",4.82798092209857,"Unadjusted"
231,"500",3.57296439901304,"Unadjusted"
232,"500",5.04922771950111,"Unadjusted"
233,"500",5.00744022738673,"Unadjusted"
234,"500",4.64626682986536,"Unadjusted"
235,"500",4.6003616636528,"Unadjusted"
236,"500",3.735595703125,"Unadjusted"
237,"500",4.40663390663391,"Unadjusted"
238,"500",5.55841121495327,"Unadjusted"
239,"500",3.65846538782319,"Unadjusted"
240,"500",3.94587694664284,"Unadjusted"
241,"500",3.73922902494331,"Unadjusted"
242,"500",4.13884943181818,"Unadjusted"
243,"500",4.45192590414584,"Unadjusted"
244,"500",4.41016652059597,"Unadjusted"
245,"500",6.20514916223948,"Unadjusted"
246,"500",3.51652688702516,"Unadjusted"
247,"500",4.11563831249141,"Unadjusted"
248,"500",4.02691762801052,"Unadjusted"
249,"500",3.81271676300578,"Unadjusted"
250,"500",5.58841121495327,"Unadjusted"
251,"500",3.61159420289855,"Unadjusted"
252,"500",4.53798119306494,"Unadjusted"
253,"500",4.10364183093886,"Unadjusted"
254,"500",4.16590909090909,"Unadjusted"
255,"500",4.35,"Unadjusted"
256,"500",4.07597032719565,"Unadjusted"
257,"500",4.22738746318889,"Unadjusted"
258,"500",3.46602485167357,"Unadjusted"
259,"500",6.59636992221262,"Unadjusted"
260,"500",4.01369311316955,"Unadjusted"
261,"500",4.42524417731029,"Unadjusted"
262,"500",3.42061597908853,"Unadjusted"
263,"500",4.05223068552775,"Unadjusted"
264,"500",4.70068610634648,"Unadjusted"
265,"500",4.4494874461447,"Unadjusted"
266,"500",5.07684283727399,"Unadjusted"
267,"500",4.05140371688414,"Unadjusted"
268,"500",3.65143690382162,"Unadjusted"
269,"500",5.30538085255066,"Unadjusted"
270,"500",3.39893617021277,"Unadjusted"
271,"500",4.8780487804878,"Unadjusted"
272,"500",4.39378990133488,"Unadjusted"
273,"500",5.14837522992029,"Unadjusted"
274,"500",4.39900613855598,"Unadjusted"
275,"500",4.47244867149758,"Unadjusted"
276,"500",3.67605633802817,"Unadjusted"
277,"500",4.34211100603768,"Unadjusted"
278,"500",3.87392078033349,"Unadjusted"
279,"500",5.85942154319208,"Unadjusted"
280,"500",4.64849824668395,"Unadjusted"
281,"500",3.99570531879749,"Unadjusted"
282,"500",4.78638613861386,"Unadjusted"
283,"500",3.44827586206897,"Unadjusted"
284,"500",5.69411201531833,"Unadjusted"
285,"500",3.67658632562715,"Unadjusted"
286,"500",4.17563817980022,"Unadjusted"
287,"500",3.54481955762515,"Unadjusted"
288,"500",4.87179487179487,"Unadjusted"
289,"500",3.3972502394771,"Unadjusted"
290,"500",5.35227272727273,"Unadjusted"
291,"500",5.2228855721393,"Unadjusted"
292,"500",4.59372869802318,"Unadjusted"
293,"500",3.30488406512087,"Unadjusted"
294,"500",3.45840197693575,"Unadjusted"
295,"500",3.81494547787043,"Unadjusted"
296,"500",4.41016652059597,"Unadjusted"
297,"500",3.57344946513123,"Unadjusted"
298,"500",4.03951618445468,"Unadjusted"
299,"500",4.71318011257036,"Unadjusted"
300,"500",3.10860457621656,"Unadjusted"
301,"500",3.53655074520937,"Unadjusted"
302,"500",6.77651858567543,"Unadjusted"
303,"500",3.73020899303357,"Unadjusted"
304,"500",4.15320334261838,"Unadjusted"
305,"500",3.14891987130382,"Unadjusted"
306,"500",4.6583452211127,"Unadjusted"
307,"500",4.69806094182826,"Unadjusted"
308,"500",4.65315967197299,"Unadjusted"
309,"500",3.59909113860136,"Unadjusted"
310,"500",3.17518248175182,"Unadjusted"
311,"500",3.74673755437409,"Unadjusted"
312,"500",4.16590909090909,"Unadjusted"
313,"500",4.86541303990803,"Unadjusted"
314,"500",4.72201566331778,"Unadjusted"
315,"500",5.21953528399312,"Unadjusted"
316,"500",6.43761846359683,"Unadjusted"
317,"500",4.72830336200156,"Unadjusted"
318,"500",4.10688612697346,"Unadjusted"
319,"500",4.43268745948282,"Unadjusted"
320,"500",4.17488789237668,"Unadjusted"
321,"500",4.75949367088608,"Unadjusted"
322,"500",5.07010812696198,"Unadjusted"
323,"500",5.64163916391639,"Unadjusted"
324,"500",5.66158971918134,"Unadjusted"
325,"500",6.12557943531395,"Unadjusted"
326,"500",4.10696095076401,"Unadjusted"
327,"500",7.06235011990408,"Unadjusted"
328,"500",3.26930010604454,"Unadjusted"
329,"500",4.23675366464069,"Unadjusted"
330,"500",3.61910145789943,"Unadjusted"
331,"500",3.97455811462239,"Unadjusted"
332,"500",3.64711550042153,"Unadjusted"
333,"500",3.92411994784876,"Unadjusted"
334,"500",3.65371621621622,"Unadjusted"
335,"500",3.8331635252165,"Unadjusted"
336,"500",4.83163097199341,"Unadjusted"
337,"500",5.35450286309214,"Unadjusted"
338,"500",4.37185929648241,"Unadjusted"
339,"500",3.442280945758,"Unadjusted"
340,"500",4.79033856317093,"Unadjusted"
341,"500",4.22299349240781,"Unadjusted"
342,"500",4.22016748080949,"Unadjusted"
343,"500",6.44329031581156,"Unadjusted"
344,"500",4.98338278931751,"Unadjusted"
345,"500",4.82262457939433,"Unadjusted"
346,"500",4.62323390894819,"Unadjusted"
347,"500",4.9250729808628,"Unadjusted"
348,"500",4.11988444872412,"Unadjusted"
349,"500",4.1151216844408,"Unadjusted"
350,"500",3.94305019305019,"Unadjusted"
351,"500",4.11892928145413,"Unadjusted"
352,"500",3.23612576492931,"Unadjusted"
353,"500",3.75864252247689,"Unadjusted"
354,"500",4.57402298850575,"Unadjusted"
355,"500",4.07266435986159,"Unadjusted"
356,"500",5.97311608961303,"Unadjusted"
357,"500",3.56885688568857,"Unadjusted"
358,"500",3.05706360213988,"Unadjusted"
359,"500",3.97013634852012,"Unadjusted"
360,"500",4.29652797301096,"Unadjusted"
361,"500",4.00731643585054,"Unadjusted"
362,"500",4.61891472868217,"Unadjusted"
363,"500",5.26475914523723,"Unadjusted"
364,"500",4.44359246887337,"Unadjusted"
365,"500",4.45379129675448,"Unadjusted"
366,"500",3.51819757365685,"Unadjusted"
367,"500",4.19508691279989,"Unadjusted"
368,"500",4.55898549600558,"Unadjusted"
369,"500",3.75609756097561,"Unadjusted"
370,"500",4.75259826521841,"Unadjusted"
371,"500",3.33392051084443,"Unadjusted"
372,"500",4.39932183825121,"Unadjusted"
373,"500",4.05499735589635,"Unadjusted"
374,"500",5.16276041666667,"Unadjusted"
375,"500",4.50761421319797,"Unadjusted"
376,"500",4.08699508733624,"Unadjusted"
377,"500",3.74913580246914,"Unadjusted"
378,"500",3.20410538567347,"Unadjusted"
379,"500",4.72267303102625,"Unadjusted"
380,"500",7.12875536480687,"Unadjusted"
381,"500",5.25624225252346,"Unadjusted"
382,"500",4.84920170525788,"Unadjusted"
383,"500",3.13521349499209,"Unadjusted"
384,"500",3.68005633457841,"Unadjusted"
385,"500",3.93589326391149,"Unadjusted"
386,"500",3.20855614973262,"Unadjusted"
387,"500",4.81876400896574,"Unadjusted"
388,"500",3.59937793498811,"Unadjusted"
389,"500",3.71909492273731,"Unadjusted"
390,"500",4.2637395019891,"Unadjusted"
391,"500",3.78401337792642,"Unadjusted"
392,"500",4.51127819548872,"Unadjusted"
393,"500",4.33033033033033,"Unadjusted"
394,"500",3.66497706975621,"Unadjusted"
395,"500",3.7037037037037,"Unadjusted"
396,"500",4.82863714778608,"Unadjusted"
397,"500",5.21070693205216,"Unadjusted"
398,"500",4.13761071505725,"Unadjusted"
399,"500",4.39147802929427,"Unadjusted"
400,"500",5.6484022556391,"Unadjusted"
401,"500",3.58566221142163,"Unadjusted"
402,"500",4.68498402555911,"Unadjusted"
403,"500",5.34210526315789,"Unadjusted"
404,"500",4.94845615479621,"Unadjusted"
405,"500",5.27776246899972,"Unadjusted"
406,"500",4.95048188767032,"Unadjusted"
407,"500",5.02957532861476,"Unadjusted"
408,"500",3.01197126895451,"Unadjusted"
409,"500",3.67681611124431,"Unadjusted"
410,"500",3.37402129217597,"Unadjusted"
411,"500",7.65982666326791,"Unadjusted"
412,"500",4.18860497237569,"Unadjusted"
413,"500",4.56484149855908,"Unadjusted"
414,"500",3.50579710144928,"Unadjusted"
415,"500",6.79203334877258,"Unadjusted"
416,"500",3.5376210725254,"Unadjusted"
417,"500",4.41827924977672,"Unadjusted"
418,"500",4.40285714285714,"Unadjusted"
419,"500",4.5162290988878,"Unadjusted"
420,"500",3.48022598870056,"Unadjusted"
421,"500",3.62840652148042,"Unadjusted"
422,"500",3.97861842105263,"Unadjusted"
423,"500",3.50265017667845,"Unadjusted"
424,"500",3.79030020181635,"Unadjusted"
425,"500",4.62974926934318,"Unadjusted"
426,"500",3.64636719927645,"Unadjusted"
427,"500",3.34903994074412,"Unadjusted"
428,"500",4.32528409090909,"Unadjusted"
429,"500",3.40407816482583,"Unadjusted"
430,"500",5.54545454545455,"Unadjusted"
431,"500",4.57277882797732,"Unadjusted"
432,"500",4.09118229629124,"Unadjusted"
433,"500",4.48178077066966,"Unadjusted"
434,"500",3.793889274667,"Unadjusted"
435,"500",4.57854879839271,"Unadjusted"
436,"500",4.65736519415186,"Unadjusted"
437,"500",4.63331280788177,"Unadjusted"
438,"500",3.47631489265023,"Unadjusted"
439,"500",6.36940775458031,"Unadjusted"
440,"500",4.66573258606885,"Unadjusted"
441,"500",3.80188323917137,"Unadjusted"
442,"500",5.97377015717493,"Unadjusted"
443,"500",3.28667921603366,"Unadjusted"
444,"500",4.10092118730809,"Unadjusted"
445,"500",3.79955248927839,"Unadjusted"
446,"500",4.21649840962522,"Unadjusted"
447,"500",4.32040758562129,"Unadjusted"
448,"500",3.8833614755163,"Unadjusted"
449,"500",3.48966834519882,"Unadjusted"
450,"500",4.04123711340206,"Unadjusted"
451,"500",4.83175803402646,"Unadjusted"
452,"500",3.92960703273634,"Unadjusted"
453,"500",4.58548895899054,"Unadjusted"
454,"500",4.66081049426095,"Unadjusted"
455,"500",5.96143803976702,"Unadjusted"
456,"500",5.57665260196906,"Unadjusted"
457,"500",3.84019169329073,"Unadjusted"
458,"500",4.53488372093023,"Unadjusted"
459,"500",4.29052855622561,"Unadjusted"
460,"500",3.79134063641106,"Unadjusted"
461,"500",4.53284321559853,"Unadjusted"
462,"500",3.23184417826697,"Unadjusted"
463,"500",3.20317320405465,"Unadjusted"
464,"500",3.37687450670876,"Unadjusted"
465,"500",3.89854510184287,"Unadjusted"
466,"500",4.34782608695652,"Unadjusted"
467,"500",3.3778266508769,"Unadjusted"
468,"500",4.04379806084921,"Unadjusted"
469,"500",4.73213417598444,"Unadjusted"
470,"500",4.5989847715736,"Unadjusted"
471,"500",5.73467477772578,"Unadjusted"
472,"500",4.30520231213873,"Unadjusted"
473,"500",5.4120073729483,"Unadjusted"
474,"500",3.58334892422825,"Unadjusted"
475,"500",4.31014879281303,"Unadjusted"
476,"500",3.63240170535291,"Unadjusted"
477,"500",6.75908071748879,"Unadjusted"
478,"500",3.96300692383778,"Unadjusted"
479,"500",3.40622972096042,"Unadjusted"
480,"500",4.94262494920764,"Unadjusted"
481,"500",3.81997952131064,"Unadjusted"
482,"500",4.04123711340206,"Unadjusted"
483,"500",5.90029761904762,"Unadjusted"
484,"500",4.3669256381798,"Unadjusted"
485,"500",4.27406764960971,"Unadjusted"
486,"500",3.27868852459016,"Unadjusted"
487,"500",4.58015267175572,"Unadjusted"
488,"500",5.14560040966118,"Unadjusted"
489,"500",4.46006749156355,"Unadjusted"
490,"500",5.51082802547771,"Unadjusted"
491,"500",3.23804288070368,"Unadjusted"
492,"500",3.04262618911473,"Unadjusted"
493,"500",3.12688724702859,"Unadjusted"
494,"500",3.94755021107842,"Unadjusted"
495,"500",3.56543663977219,"Unadjusted"
496,"500",3.64095500459137,"Unadjusted"
497,"500",4.99123915424143,"Unadjusted"
498,"500",4.11517797179315,"Unadjusted"
499,"500",3.76210458360232,"Unadjusted"
500,"500",4.26982550716414,"Unadjusted"
501,"500",4.02525391161131,"Unadjusted"
502,"500",4.51006711409396,"Unadjusted"
503,"500",3.8708594007244,"Unadjusted"
504,"500",3.69446951140905,"Unadjusted"
505,"500",4.78235151122275,"Unadjusted"
506,"500",5.87018949013479,"Unadjusted"
507,"500",4.71577287066246,"Unadjusted"
508,"500",3.6186844613918,"Unadjusted"
509,"500",4.92256308758041,"Unadjusted"
510,"500",5.17075521289644,"Unadjusted"
511,"500",4.51330573625074,"Unadjusted"
512,"500",3.51437455996245,"Unadjusted"
513,"500",4.48577546650352,"Unadjusted"
514,"500",5.65157480314961,"Unadjusted"
515,"500",3.78267584786666,"Unadjusted"
516,"500",3.5129093744585,"Unadjusted"
517,"500",3.48177023618436,"Unadjusted"
518,"500",4.36654650324441,"Unadjusted"
519,"500",5.04619474908607,"Unadjusted"
520,"500",5.801393728223,"Unadjusted"
521,"500",5.10055350553505,"Unadjusted"
522,"500",3.52062588904694,"Unadjusted"
523,"500",4.34782608695652,"Unadjusted"
524,"500",3.22246648793566,"Unadjusted"
525,"500",3.8725184896847,"Unadjusted"
526,"500",3.87654240810495,"Unadjusted"
527,"500",4.34782608695652,"Unadjusted"
528,"500",3.83329131476112,"Unadjusted"
529,"500",4.20069783670621,"Unadjusted"
530,"500",3.84435375884716,"Unadjusted"
531,"500",6.06315789473684,"Unadjusted"
532,"500",5.74890995260664,"Unadjusted"
533,"500",4.66808182169047,"Unadjusted"
534,"500",3.92141894925909,"Unadjusted"
535,"500",5.12591396021085,"Unadjusted"
536,"500",4.60540540540541,"Unadjusted"
537,"500",5.2057761732852,"Unadjusted"
538,"500",6.8787742226228,"Unadjusted"
539,"500",3.99058886797526,"Unadjusted"
540,"500",4.544,"Unadjusted"
541,"500",3.94959395127415,"Unadjusted"
542,"500",4.49908703590992,"Unadjusted"
543,"500",5.10082602401431,"Unadjusted"
544,"500",3.87143673417561,"Unadjusted"
545,"500",5.60654330408241,"Unadjusted"
546,"500",3.46280331144733,"Unadjusted"
547,"500",4.74184529356943,"Unadjusted"
548,"500",4.14893617021277,"Unadjusted"
549,"500",4.56652360515021,"Unadjusted"
550,"500",5.25,"Unadjusted"
551,"500",5.42155061546941,"Unadjusted"
552,"500",4.75609756097561,"Unadjusted"
553,"500",5.08453386322239,"Unadjusted"
554,"500",4.56348246674728,"Unadjusted"
555,"500",5.56138732589245,"Unadjusted"
556,"500",3.70583775587566,"Unadjusted"
557,"500",3.84141898370086,"Unadjusted"
558,"500",4.33178788756882,"Unadjusted"
559,"500",4.41016652059597,"Unadjusted"
560,"500",3.20223747500405,"Unadjusted"
561,"500",3.6508012437216,"Unadjusted"
562,"500",4.15885380442342,"Unadjusted"
563,"500",3.59009115662365,"Unadjusted"
564,"500",3.93665158371041,"Unadjusted"
565,"500",4.24427966101695,"Unadjusted"
566,"500",3.87096774193548,"Unadjusted"
567,"500",3.99570531879749,"Unadjusted"
568,"500",5.09865509022812,"Unadjusted"
569,"500",4.23806861854518,"Unadjusted"
570,"500",3.68098159509202,"Unadjusted"
571,"500",3.68712432774438,"Unadjusted"
572,"500",5.16455696202532,"Unadjusted"
573,"500",3.65473374672377,"Unadjusted"
574,"500",3.30276797529775,"Unadjusted"
575,"500",4.06816489541732,"Unadjusted"
576,"500",5.22352941176471,"Unadjusted"
577,"500",3.24861253300286,"Unadjusted"
578,"500",5.30052891702072,"Unadjusted"
579,"500",3.83029056312677,"Unadjusted"
580,"500",4.58905380333952,"Unadjusted"
581,"500",4.42357753811826,"Unadjusted"
582,"500",3.62789025997364,"Unadjusted"
583,"500",5.14285714285714,"Unadjusted"
584,"500",3.80874456660701,"Unadjusted"
585,"500",4.06944919603147,"Unadjusted"
586,"500",4.73590096286107,"Unadjusted"
587,"500",3.31642445845901,"Unadjusted"
588,"500",4.90767230169051,"Unadjusted"
589,"500",4.29014467841283,"Unadjusted"
590,"500",4.74313725490196,"Unadjusted"
591,"500",3.68837209302326,"Unadjusted"
592,"500",3.28631331767863,"Unadjusted"
593,"500",4.75057699960207,"Unadjusted"
594,"500",3.9655737704918,"Unadjusted"
595,"500",5,"Unadjusted"
596,"500",3.7500617436404,"Unadjusted"
597,"500",3.72065670178878,"Unadjusted"
598,"500",3.60028619127117,"Unadjusted"
599,"500",4.31137724550898,"Unadjusted"
600,"500",3.68314579105946,"Unadjusted"
601,"500",4.67588337822849,"Unadjusted"
602,"500",6.26398139338196,"Unadjusted"
603,"500",4.77394378050833,"Unadjusted"
604,"500",4.42867723300252,"Unadjusted"
605,"500",4.17563817980022,"Unadjusted"
606,"500",4.96273917421954,"Unadjusted"
607,"500",4.07439945092656,"Unadjusted"
608,"500",3.98966065747614,"Unadjusted"
609,"500",3.96147599558241,"Unadjusted"
610,"500",6.33383832918515,"Unadjusted"
611,"500",3.59281437125749,"Unadjusted"
612,"500",4.00228608752449,"Unadjusted"
613,"500",4.07217671545589,"Unadjusted"
614,"500",6.3717976088813,"Unadjusted"
615,"500",4.04923987622763,"Unadjusted"
616,"500",3.78761726078799,"Unadjusted"
617,"500",3.14786195374093,"Unadjusted"
618,"500",4.62818659158359,"Unadjusted"
619,"500",4.20909861542809,"Unadjusted"
620,"500",4.4739919975377,"Unadjusted"
621,"500",3.74942469956533,"Unadjusted"
622,"500",4.19788205980066,"Unadjusted"
623,"500",5.48084221941081,"Unadjusted"
624,"500",4.61651376146789,"Unadjusted"
625,"500",5.04473684210526,"Unadjusted"
626,"500",3.90142885362481,"Unadjusted"
627,"500",3.64876739077374,"Unadjusted"
628,"500",3.76701767581798,"Unadjusted"
629,"500",5.40026501766785,"Unadjusted"
630,"500",4.97999344047229,"Unadjusted"
631,"500",5.64306866555617,"Unadjusted"
632,"500",3.777359437751,"Unadjusted"
633,"500",4.34441197954711,"Unadjusted"
634,"500",4.83870967741935,"Unadjusted"
635,"500",4.22410494670675,"Unadjusted"
636,"500",3.83585940019349,"Unadjusted"
637,"500",4.64530892448512,"Unadjusted"
638,"500",5.39955357142857,"Unadjusted"
639,"500",4.39586814522254,"Unadjusted"
640,"500",4.00436919716002,"Unadjusted"
641,"500",4.93517017828201,"Unadjusted"
642,"500",4.46066400662501,"Unadjusted"
643,"500",4.19819507115585,"Unadjusted"
644,"500",4.21395348837209,"Unadjusted"
645,"500",5.33416592328278,"Unadjusted"
646,"500",4.132427499493,"Unadjusted"
647,"500",5.17477243172952,"Unadjusted"
648,"500",3.76673933354095,"Unadjusted"
649,"500",3.94193548387097,"Unadjusted"
650,"500",4.63331280788177,"Unadjusted"
651,"500",5.27193593314763,"Unadjusted"
652,"500",3.93347468857673,"Unadjusted"
653,"500",4.7524557956778,"Unadjusted"
654,"500",4.97549019607843,"Unadjusted"
655,"500",4.54619124797407,"Unadjusted"
656,"500",4.42528735632184,"Unadjusted"
657,"500",4.15373999447971,"Unadjusted"
658,"500",4.81488853503185,"Unadjusted"
659,"500",5.07003561132779,"Unadjusted"
660,"500",4.33199821984869,"Unadjusted"
661,"500",3.73071253071253,"Unadjusted"
662,"500",3.76465798045603,"Unadjusted"
663,"500",4.4062681369704,"Unadjusted"
664,"500",3.87394903634717,"Unadjusted"
665,"500",3.97382884061764,"Unadjusted"
666,"500",3.79856115107914,"Unadjusted"
667,"500",6.43116507017153,"Unadjusted"
668,"500",4.19166430394103,"Unadjusted"
669,"500",4.5,"Unadjusted"
670,"500",4.17642912525552,"Unadjusted"
671,"500",3.62433090024331,"Unadjusted"
672,"500",4.50574712643678,"Unadjusted"
673,"500",4.28739166899637,"Unadjusted"
674,"500",3.55378226045684,"Unadjusted"
675,"500",5.66995215311005,"Unadjusted"
676,"500",4.26679897930252,"Unadjusted"
677,"500",3.743792665982,"Unadjusted"
678,"500",5.76034385036841,"Unadjusted"
679,"500",5.50382641577384,"Unadjusted"
680,"500",3.14786195374093,"Unadjusted"
681,"500",3.89564356435644,"Unadjusted"
682,"500",5.18659537199226,"Unadjusted"
683,"500",4.34053156146179,"Unadjusted"
684,"500",4.83027156549521,"Unadjusted"
685,"500",4.94709677419355,"Unadjusted"
686,"500",3.95467845763704,"Unadjusted"
687,"500",4.90990554613708,"Unadjusted"
688,"500",3.8887171561051,"Unadjusted"
689,"500",4.92667468912956,"Unadjusted"
690,"500",4.82843759923785,"Unadjusted"
691,"500",3.97001303780965,"Unadjusted"
692,"500",3.69809801127563,"Unadjusted"
693,"500",3.45974765520322,"Unadjusted"
694,"500",3.4872471416007,"Unadjusted"
695,"500",5.16816791298436,"Unadjusted"
696,"500",6.65071283095723,"Unadjusted"
697,"500",3.76580310880829,"Unadjusted"
698,"500",3.23186682520809,"Unadjusted"
699,"500",6.64201081329806,"Unadjusted"
700,"500",4.25159035302342,"Unadjusted"
701,"500",4.67740926157697,"Unadjusted"
702,"500",4.09380234505863,"Unadjusted"
703,"500",4.66418719975205,"Unadjusted"
704,"500",4.41260744985673,"Unadjusted"
705,"500",6.89234507897935,"Unadjusted"
706,"500",3.94082533091098,"Unadjusted"
707,"500",4.08115684397648,"Unadjusted"
708,"500",3.7042279188434,"Unadjusted"
709,"500",4.31679715302491,"Unadjusted"
710,"500",4.33421284080915,"Unadjusted"
711,"500",3.37078651685393,"Unadjusted"
712,"500",4.29815209665956,"Unadjusted"
713,"500",3.83030303030303,"Unadjusted"
714,"500",6.07803145611365,"Unadjusted"
715,"500",4.98775510204082,"Unadjusted"
716,"500",3.42599197503344,"Unadjusted"
717,"500",4.1165602955996,"Unadjusted"
718,"500",3.85318559556787,"Unadjusted"
719,"500",4.00738981261547,"Unadjusted"
720,"500",3.94011357769747,"Unadjusted"
721,"500",5.0661430343117,"Unadjusted"
722,"500",5.88071210967251,"Unadjusted"
723,"500",3.61717062634989,"Unadjusted"
724,"500",3.77329420396185,"Unadjusted"
725,"500",5.14358108108108,"Unadjusted"
726,"500",3.98608509499599,"Unadjusted"
727,"500",3.73422818791946,"Unadjusted"
728,"500",4.01635653267996,"Unadjusted"
729,"500",4.15223880597015,"Unadjusted"
730,"500",5.56712900009065,"Unadjusted"
731,"500",4.14497528830313,"Unadjusted"
732,"500",4.35545297172533,"Unadjusted"
733,"500",5.76038808310466,"Unadjusted"
734,"500",3.4819897084048,"Unadjusted"
735,"500",3.61291273584906,"Unadjusted"
736,"500",4.68807192165677,"Unadjusted"
737,"500",5.4962962962963,"Unadjusted"
738,"500",3.68314579105946,"Unadjusted"
739,"500",3.86125773867709,"Unadjusted"
740,"500",4.1260162601626,"Unadjusted"
741,"500",4.30231226286778,"Unadjusted"
742,"500",5.31356378311985,"Unadjusted"
743,"500",4.77077363896848,"Unadjusted"
744,"500",5.58568824065634,"Unadjusted"
745,"500",3.14552820193207,"Unadjusted"
746,"500",4.47528517110266,"Unadjusted"
747,"500",3.75750648708761,"Unadjusted"
748,"500",3.5997014554049,"Unadjusted"
749,"500",3.42395693135935,"Unadjusted"
750,"500",3.46350364963504,"Unadjusted"
751,"500",4.22735803155627,"Unadjusted"
752,"500",4.30693069306931,"Unadjusted"
753,"500",3.6334453154162,"Unadjusted"
754,"500",5.97084233261339,"Unadjusted"
755,"500",3.42925999432946,"Unadjusted"
756,"500",5.20698319182118,"Unadjusted"
757,"500",3.59147685525349,"Unadjusted"
758,"500",3.47280844155844,"Unadjusted"
759,"500",4.95931644691187,"Unadjusted"
760,"500",4.54845422116528,"Unadjusted"
761,"500",4.82761667603824,"Unadjusted"
762,"500",4.87392830897363,"Unadjusted"
763,"500",3.6842785090417,"Unadjusted"
764,"500",3.7147968310759,"Unadjusted"
765,"500",4.91132409793815,"Unadjusted"
766,"500",4.28215114972661,"Unadjusted"
767,"500",5.49191770756796,"Unadjusted"
768,"500",3.50901225666907,"Unadjusted"
769,"500",6.58767719611564,"Unadjusted"
770,"500",4.98683349689238,"Unadjusted"
771,"500",4.44201312910284,"Unadjusted"
772,"500",3.9283184679958,"Unadjusted"
773,"500",3.69164301482182,"Unadjusted"
774,"500",3.21043487417079,"Unadjusted"
775,"500",3.78701941377998,"Unadjusted"
776,"500",4.79433537174123,"Unadjusted"
777,"500",4.08939905469277,"Unadjusted"
778,"500",3.97893641919126,"Unadjusted"
779,"500",4.38627709431752,"Unadjusted"
780,"500",3.50877192982456,"Unadjusted"
781,"500",4.53,"Unadjusted"
782,"500",3.81329643454756,"Unadjusted"
783,"500",3.94772117962466,"Unadjusted"
784,"500",4.50509428223844,"Unadjusted"
785,"500",3.82625960161437,"Unadjusted"
786,"500",4.65909788278613,"Unadjusted"
787,"500",4.18675805539853,"Unadjusted"
788,"500",6.00952569954356,"Unadjusted"
789,"500",4.32047367245103,"Unadjusted"
790,"500",4.46110783736005,"Unadjusted"
791,"500",3.54995610184372,"Unadjusted"
792,"500",4.5579475081097,"Unadjusted"
793,"500",4.04179408766565,"Unadjusted"
794,"500",5.38413032054651,"Unadjusted"
795,"500",3.59366990522739,"Unadjusted"
796,"500",3.93100122178638,"Unadjusted"
797,"500",4.5418700713481,"Unadjusted"
798,"500",4.67142635418283,"Unadjusted"
799,"500",6.27592416057621,"Unadjusted"
800,"500",6.57364341085271,"Unadjusted"
801,"500",3.86563324113977,"Unadjusted"
802,"500",5.43874232020239,"Unadjusted"
803,"500",6.03464203233256,"Unadjusted"
804,"500",3.88582109129066,"Unadjusted"
805,"500",3.77046671767406,"Unadjusted"
806,"500",4.12994777350192,"Unadjusted"
807,"500",4.09118229629124,"Unadjusted"
808,"500",3.73760343242415,"Unadjusted"
809,"500",5.92370892018779,"Unadjusted"
810,"500",3.71479623824451,"Unadjusted"
811,"500",3.9739837398374,"Unadjusted"
812,"500",4.34231566479123,"Unadjusted"
813,"500",3.49232269071411,"Unadjusted"
814,"500",3.19593800106895,"Unadjusted"
815,"500",4.74817688130334,"Unadjusted"
816,"500",4.82067660279158,"Unadjusted"
817,"500",4.7733706517393,"Unadjusted"
818,"500",5.43929359823399,"Unadjusted"
819,"500",4.91771269177127,"Unadjusted"
820,"500",3.94254058232414,"Unadjusted"
821,"500",3.92182949430765,"Unadjusted"
822,"500",4.04259850905218,"Unadjusted"
823,"500",4.46437346437346,"Unadjusted"
824,"500",5.06018829858776,"Unadjusted"
825,"500",3.580078125,"Unadjusted"
826,"500",4.39805825242718,"Unadjusted"
827,"500",4.05867699972322,"Unadjusted"
828,"500",4.01892470242076,"Unadjusted"
829,"500",3.79069475007859,"Unadjusted"
830,"500",5.51095432603045,"Unadjusted"
831,"500",6.33508735003157,"Unadjusted"
832,"500",4.2972972972973,"Unadjusted"
833,"500",4.04877546820333,"Unadjusted"
834,"500",4.07329700272479,"Unadjusted"
835,"500",4.21558223959788,"Unadjusted"
836,"500",4.59096544242988,"Unadjusted"
837,"500",4.01635653267996,"Unadjusted"
838,"500",3.66471299093656,"Unadjusted"
839,"500",3.75841584158416,"Unadjusted"
840,"500",4.6300533353946,"Unadjusted"
841,"500",3.57303370786517,"Unadjusted"
842,"500",4.02684563758389,"Unadjusted"
843,"500",5.07746478873239,"Unadjusted"
844,"500",3.94979647218453,"Unadjusted"
845,"500",5.29883559263121,"Unadjusted"
846,"500",4.57854879839271,"Unadjusted"
847,"500",3.55072811170372,"Unadjusted"
848,"500",3.50988492180584,"Unadjusted"
849,"500",4.88474350433045,"Unadjusted"
850,"500",4.02675124103696,"Unadjusted"
851,"500",4.09293258665911,"Unadjusted"
852,"500",4.79548648425229,"Unadjusted"
853,"500",3.95051477914314,"Unadjusted"
854,"500",3.59214572983203,"Unadjusted"
855,"500",3.47488151658768,"Unadjusted"
856,"500",4.09151785714286,"Unadjusted"
857,"500",5.47877335888836,"Unadjusted"
858,"500",5.1962457337884,"Unadjusted"
859,"500",3.96630405943221,"Unadjusted"
860,"500",4.32110091743119,"Unadjusted"
861,"500",4.21062138728324,"Unadjusted"
862,"500",3.72679509632224,"Unadjusted"
863,"500",3.24861253300286,"Unadjusted"
864,"500",3.16386620194559,"Unadjusted"
865,"500",4.0981247869076,"Unadjusted"
866,"500",6.55279236788509,"Unadjusted"
867,"500",4.49581983881901,"Unadjusted"
868,"500",4.98505094371137,"Unadjusted"
869,"500",3.51783539237863,"Unadjusted"
870,"500",5.44810341573882,"Unadjusted"
871,"500",5.06234413965087,"Unadjusted"
872,"500",3.27672679278487,"Unadjusted"
873,"500",6.36940775458031,"Unadjusted"
874,"500",3.78260869565217,"Unadjusted"
875,"500",4.40592930444698,"Unadjusted"
876,"500",4.5002990430622,"Unadjusted"
877,"500",5.55445166220864,"Unadjusted"
878,"500",4.55644302449414,"Unadjusted"
879,"500",5.56574127626759,"Unadjusted"
880,"500",3.9051930758988,"Unadjusted"
881,"500",3.89089982156513,"Unadjusted"
882,"500",3.59102244389027,"Unadjusted"
883,"500",3.97410119840213,"Unadjusted"
884,"500",3.81750619322874,"Unadjusted"
885,"500",3.72571176062117,"Unadjusted"
886,"500",4.12401547602598,"Unadjusted"
887,"500",4.57298136645963,"Unadjusted"
888,"500",5.10836762688615,"Unadjusted"
889,"500",3.40568862275449,"Unadjusted"
890,"500",3.39865884325231,"Unadjusted"
891,"500",4.375,"Unadjusted"
892,"500",4.27511101712836,"Unadjusted"
893,"500",4.9553264604811,"Unadjusted"
894,"500",4.11563831249141,"Unadjusted"
895,"500",4.37585221024852,"Unadjusted"
896,"500",3.96486558424275,"Unadjusted"
897,"500",3.98772048846676,"Unadjusted"
898,"500",6.07603041216487,"Unadjusted"
899,"500",3.98604712386468,"Unadjusted"
900,"500",3.59237467639445,"Unadjusted"
901,"500",4.41970300061237,"Unadjusted"
902,"500",4.93418483566547,"Unadjusted"
903,"500",4.40096038415366,"Unadjusted"
904,"500",3.72213893053473,"Unadjusted"
905,"500",3.14620131942967,"Unadjusted"
906,"500",4.27838698266714,"Unadjusted"
907,"500",3.74708890394923,"Unadjusted"
908,"500",4.9303219195628,"Unadjusted"
909,"500",3.95496335776149,"Unadjusted"
910,"500",4.26172148355493,"Unadjusted"
911,"500",3.69816404536625,"Unadjusted"
912,"500",2.99099639855942,"Unadjusted"
913,"500",5.21991701244813,"Unadjusted"
914,"500",4.76043276661515,"Unadjusted"
915,"500",3.01307156038548,"Unadjusted"
916,"500",5.83519338079661,"Unadjusted"
917,"500",3.31963320779433,"Unadjusted"
918,"500",4.69716039907905,"Unadjusted"
919,"500",3.69909335947072,"Unadjusted"
920,"500",5.42840128263857,"Unadjusted"
921,"500",4.41387089731461,"Unadjusted"
922,"500",3.77392821535394,"Unadjusted"
923,"500",3.64681085043988,"Unadjusted"
924,"500",5.70265239646347,"Unadjusted"
925,"500",6.81818181818182,"Unadjusted"
926,"500",4.39896722047598,"Unadjusted"
927,"500",4.64955600560835,"Unadjusted"
928,"500",5.19672692999743,"Unadjusted"
929,"500",8.88386123680241,"Unadjusted"
930,"500",3.35322580645161,"Unadjusted"
931,"500",6.01576780154665,"Unadjusted"
932,"500",3.92963752665245,"Unadjusted"
933,"500",3.49970736275313,"Unadjusted"
934,"500",6.57118316512776,"Unadjusted"
935,"500",4.04191699468269,"Unadjusted"
936,"500",4.16219839142091,"Unadjusted"
937,"500",3.75556506849315,"Unadjusted"
938,"500",3.08538501833421,"Unadjusted"
939,"500",4.03366649132036,"Unadjusted"
940,"500",3.74167081054202,"Unadjusted"
941,"500",4.15960451977401,"Unadjusted"
942,"500",4.40036859565057,"Unadjusted"
943,"500",4.31729323308271,"Unadjusted"
944,"500",4.28571428571428,"Unadjusted"
945,"500",4.79264657171249,"Unadjusted"
946,"500",3.43996364875611,"Unadjusted"
947,"500",4.99473684210526,"Unadjusted"
948,"500",6.33724027703783,"Unadjusted"
949,"500",3.36695243815868,"Unadjusted"
950,"500",4.55555555555556,"Unadjusted"
951,"500",3.81822957709483,"Unadjusted"
952,"500",4.96025316455696,"Unadjusted"
953,"500",3.70445344129555,"Unadjusted"
954,"500",3.84435698870128,"Unadjusted"
955,"500",3.56755312833907,"Unadjusted"
956,"500",4.10087062984628,"Unadjusted"
957,"500",4.02675124103696,"Unadjusted"
958,"500",4.05676462434156,"Unadjusted"
959,"500",3.84794728839331,"Unadjusted"
960,"500",4.32877894434057,"Unadjusted"
961,"500",5,"Unadjusted"
962,"500",4.77909207161125,"Unadjusted"
963,"500",4.07223539255334,"Unadjusted"
964,"500",4.25531914893617,"Unadjusted"
965,"500",4.05370569280344,"Unadjusted"
966,"500",5.36158192090396,"Unadjusted"
967,"500",3.72549019607843,"Unadjusted"
968,"500",3.49692111072383,"Unadjusted"
969,"500",3.61660079051383,"Unadjusted"
970,"500",3.81777605278479,"Unadjusted"
971,"500",4.89811672887682,"Unadjusted"
972,"500",3.98255735945257,"Unadjusted"
973,"500",4.20078962210942,"Unadjusted"
974,"500",4.65909090909091,"Unadjusted"
975,"500",4.78478605388273,"Unadjusted"
976,"500",5.83505252200246,"Unadjusted"
977,"500",3.95224197399841,"Unadjusted"
978,"500",4.10958904109589,"Unadjusted"
979,"500",3.51400138856746,"Unadjusted"
980,"500",3.75495235707121,"Unadjusted"
981,"500",4.21363067944977,"Unadjusted"
982,"500",5.02212918660287,"Unadjusted"
983,"500",5.034180838525,"Unadjusted"
984,"500",4.89378109452736,"Unadjusted"
985,"500",4.21945337620579,"Unadjusted"
986,"500",3.92182949430765,"Unadjusted"
987,"500",4.73472452770532,"Unadjusted"
988,"500",2.952880859375,"Unadjusted"
989,"500",4.09375214320005,"Unadjusted"
990,"500",4.05976430976431,"Unadjusted"
991,"500",3.62454103991472,"Unadjusted"
992,"500",5.02802579365079,"Unadjusted"
993,"500",3.99118942731277,"Unadjusted"
994,"500",4.08186625610817,"Unadjusted"
995,"500",4.30693707897377,"Unadjusted"
996,"500",5.17241379310345,"Unadjusted"
997,"500",3.78150252525253,"Unadjusted"
998,"500",4.39151887871854,"Unadjusted"
999,"500",4.22701475595914,"Unadjusted"
1000,"500",3.34558823529412,"Unadjusted"
1,"1000",4.16746966766309,"Unadjusted"
2,"1000",4.4393466691136,"Unadjusted"
3,"1000",4.14673081128362,"Unadjusted"
4,"1000",4.04880636604775,"Unadjusted"
5,"1000",4.28253593573844,"Unadjusted"
6,"1000",4.85362876152109,"Unadjusted"
7,"1000",4.1706453851492,"Unadjusted"
8,"1000",4.05729513657562,"Unadjusted"
9,"1000",3.85052516446575,"Unadjusted"
10,"1000",5.08498057104241,"Unadjusted"
11,"1000",3.9046423073807,"Unadjusted"
12,"1000",3.52233101055541,"Unadjusted"
13,"1000",4.2853758345897,"Unadjusted"
14,"1000",4.20365387338904,"Unadjusted"
15,"1000",3.32186923549908,"Unadjusted"
16,"1000",4.93478703063342,"Unadjusted"
17,"1000",4.04279979929754,"Unadjusted"
18,"1000",3.92930625164864,"Unadjusted"
19,"1000",3.80253073482028,"Unadjusted"
20,"1000",4.42934276671011,"Unadjusted"
21,"1000",4.21062671730342,"Unadjusted"
22,"1000",4.48011570437914,"Unadjusted"
23,"1000",4.63814115441275,"Unadjusted"
24,"1000",4.63579049466537,"Unadjusted"
25,"1000",4.47000955646748,"Unadjusted"
26,"1000",4.61009774493958,"Unadjusted"
27,"1000",3.79177803232786,"Unadjusted"
28,"1000",4.22122089904517,"Unadjusted"
29,"1000",4.76938338227125,"Unadjusted"
30,"1000",4.08219552157291,"Unadjusted"
31,"1000",3.79833417465926,"Unadjusted"
32,"1000",4.80945140493857,"Unadjusted"
33,"1000",4.64863972658601,"Unadjusted"
34,"1000",4.04444182084971,"Unadjusted"
35,"1000",5.85304518664047,"Unadjusted"
36,"1000",3.8738630923887,"Unadjusted"
37,"1000",4.33138447571493,"Unadjusted"
38,"1000",4.25033977110157,"Unadjusted"
39,"1000",4.23551561675732,"Unadjusted"
40,"1000",4.24058255146338,"Unadjusted"
41,"1000",4.49752475247525,"Unadjusted"
42,"1000",4.73092369477912,"Unadjusted"
43,"1000",4.41714886901631,"Unadjusted"
44,"1000",4.04557645244561,"Unadjusted"
45,"1000",4.01115982463133,"Unadjusted"
46,"1000",4.40906998158379,"Unadjusted"
47,"1000",4.44877426136577,"Unadjusted"
48,"1000",4.2173257078699,"Unadjusted"
49,"1000",4.75625498007968,"Unadjusted"
50,"1000",5.12222340312467,"Unadjusted"
51,"1000",4.15255716529935,"Unadjusted"
52,"1000",3.48548916040282,"Unadjusted"
53,"1000",4.32025671156106,"Unadjusted"
54,"1000",3.90365415826489,"Unadjusted"
55,"1000",5.06574042697391,"Unadjusted"
56,"1000",5.57708974000559,"Unadjusted"
57,"1000",4.05940594059406,"Unadjusted"
58,"1000",3.98671096345515,"Unadjusted"
59,"1000",4.28115149099605,"Unadjusted"
60,"1000",4.32718078381795,"Unadjusted"
61,"1000",4.25018776152498,"Unadjusted"
62,"1000",4.58741381667611,"Unadjusted"
63,"1000",3.72924901185771,"Unadjusted"
64,"1000",4.57543557342523,"Unadjusted"
65,"1000",4.5965490315577,"Unadjusted"
66,"1000",4.65846057961982,"Unadjusted"
67,"1000",3.95236223696062,"Unadjusted"
68,"1000",3.85052926922586,"Unadjusted"
69,"1000",4.45190062746243,"Unadjusted"
70,"1000",4.97619679493723,"Unadjusted"
71,"1000",4.75596842886727,"Unadjusted"
72,"1000",4.70158370140464,"Unadjusted"
73,"1000",4.0917877707705,"Unadjusted"
74,"1000",5.62320304425444,"Unadjusted"
75,"1000",4.55701548568747,"Unadjusted"
76,"1000",3.65330479241099,"Unadjusted"
77,"1000",4.12626262626263,"Unadjusted"
78,"1000",4.19100193210047,"Unadjusted"
79,"1000",4.41884177646932,"Unadjusted"
80,"1000",4.42981570782401,"Unadjusted"
81,"1000",3.84803420985448,"Unadjusted"
82,"1000",3.58242374628585,"Unadjusted"
83,"1000",4.74368009805424,"Unadjusted"
84,"1000",4.95793758480326,"Unadjusted"
85,"1000",3.78010738941447,"Unadjusted"
86,"1000",4.27925153955471,"Unadjusted"
87,"1000",4.84351027922676,"Unadjusted"
88,"1000",3.26111380536696,"Unadjusted"
89,"1000",3.68846855059253,"Unadjusted"
90,"1000",4.71575966012543,"Unadjusted"
91,"1000",5.06540641916372,"Unadjusted"
92,"1000",4.47461700210273,"Unadjusted"
93,"1000",4.55572577556492,"Unadjusted"
94,"1000",3.18192314035956,"Unadjusted"
95,"1000",4.37264218862491,"Unadjusted"
96,"1000",3.79529243937233,"Unadjusted"
97,"1000",4.58408985997846,"Unadjusted"
98,"1000",4.12812248186946,"Unadjusted"
99,"1000",3.91974440894569,"Unadjusted"
100,"1000",3.78158947070122,"Unadjusted"
101,"1000",4.37121760532793,"Unadjusted"
102,"1000",3.39180107526882,"Unadjusted"
103,"1000",4.2814598540146,"Unadjusted"
104,"1000",3.73204582854659,"Unadjusted"
105,"1000",3.87663607881805,"Unadjusted"
106,"1000",4.25885340816254,"Unadjusted"
107,"1000",3.64385853835022,"Unadjusted"
108,"1000",4.13666765109532,"Unadjusted"
109,"1000",5.73144193371352,"Unadjusted"
110,"1000",4.48082001785952,"Unadjusted"
111,"1000",3.83835747254496,"Unadjusted"
112,"1000",4.25962399283796,"Unadjusted"
113,"1000",4.83363673139159,"Unadjusted"
114,"1000",3.79154854574217,"Unadjusted"
115,"1000",3.941695618527,"Unadjusted"
116,"1000",3.8097562568364,"Unadjusted"
117,"1000",3.28058043305748,"Unadjusted"
118,"1000",4.37649125375101,"Unadjusted"
119,"1000",4.06434852790342,"Unadjusted"
120,"1000",3.4692867623788,"Unadjusted"
121,"1000",4.29358059914408,"Unadjusted"
122,"1000",4.51577853363568,"Unadjusted"
123,"1000",4.02388461027752,"Unadjusted"
124,"1000",4.73320744537362,"Unadjusted"
125,"1000",4.84559893307468,"Unadjusted"
126,"1000",3.67138326421078,"Unadjusted"
127,"1000",5.25699378330373,"Unadjusted"
128,"1000",3.57142857142857,"Unadjusted"
129,"1000",3.90622520497223,"Unadjusted"
130,"1000",3.79254372019078,"Unadjusted"
131,"1000",4.01171384043035,"Unadjusted"
132,"1000",3.73241601967868,"Unadjusted"
133,"1000",4.56089219330855,"Unadjusted"
134,"1000",3.93591358263902,"Unadjusted"
135,"1000",3.67275737322951,"Unadjusted"
136,"1000",3.480679621833,"Unadjusted"
137,"1000",4.96557117237352,"Unadjusted"
138,"1000",4.30943709780072,"Unadjusted"
139,"1000",4.67660104272041,"Unadjusted"
140,"1000",4.28655370074213,"Unadjusted"
141,"1000",6.32744263260771,"Unadjusted"
142,"1000",4.03777232383002,"Unadjusted"
143,"1000",3.83132530120482,"Unadjusted"
144,"1000",4.05419123301718,"Unadjusted"
145,"1000",3.63304283330243,"Unadjusted"
146,"1000",4.34003550338731,"Unadjusted"
147,"1000",3.68445393645136,"Unadjusted"
148,"1000",4.57779255319149,"Unadjusted"
149,"1000",3.64077669902913,"Unadjusted"
150,"1000",4.05049126637555,"Unadjusted"
151,"1000",4.10696095076401,"Unadjusted"
152,"1000",4.13937403940198,"Unadjusted"
153,"1000",4.58187909300829,"Unadjusted"
154,"1000",4.76500119531437,"Unadjusted"
155,"1000",4.66824682150862,"Unadjusted"
156,"1000",3.834341670305,"Unadjusted"
157,"1000",3.91246675694637,"Unadjusted"
158,"1000",3.48436237738027,"Unadjusted"
159,"1000",4.09196203823389,"Unadjusted"
160,"1000",3.67964035722906,"Unadjusted"
161,"1000",3.901990187609,"Unadjusted"
162,"1000",4.67058161205156,"Unadjusted"
163,"1000",3.85163585093088,"Unadjusted"
164,"1000",3.9726539772255,"Unadjusted"
165,"1000",4.72278961190546,"Unadjusted"
166,"1000",5.87262404344606,"Unadjusted"
167,"1000",3.85945519147256,"Unadjusted"
168,"1000",4.26754908057209,"Unadjusted"
169,"1000",4.67670280461937,"Unadjusted"
170,"1000",4.36913468501086,"Unadjusted"
171,"1000",4.16407347379795,"Unadjusted"
172,"1000",4.63377998281116,"Unadjusted"
173,"1000",4.4255144340292,"Unadjusted"
174,"1000",4.27376727927546,"Unadjusted"
175,"1000",4.05405405405405,"Unadjusted"
176,"1000",3.94367652758042,"Unadjusted"
177,"1000",4.36107397300416,"Unadjusted"
178,"1000",3.97907738845475,"Unadjusted"
179,"1000",4.08427909475522,"Unadjusted"
180,"1000",4.46096654275093,"Unadjusted"
181,"1000",4.0294531093112,"Unadjusted"
182,"1000",5.13596379398266,"Unadjusted"
183,"1000",4.74469111969112,"Unadjusted"
184,"1000",4.63097585257774,"Unadjusted"
185,"1000",4.55061471533951,"Unadjusted"
186,"1000",3.9195118784889,"Unadjusted"
187,"1000",4.19363871717652,"Unadjusted"
188,"1000",4.34680658116336,"Unadjusted"
189,"1000",5.53453617641699,"Unadjusted"
190,"1000",5.24093959731544,"Unadjusted"
191,"1000",4.87045309508615,"Unadjusted"
192,"1000",4.25277952590728,"Unadjusted"
193,"1000",4.61009774493958,"Unadjusted"
194,"1000",3.77248098859316,"Unadjusted"
195,"1000",4.27622916374842,"Unadjusted"
196,"1000",4.59227898694853,"Unadjusted"
197,"1000",3.85412466736554,"Unadjusted"
198,"1000",4.49601958439229,"Unadjusted"
199,"1000",3.98416468725257,"Unadjusted"
200,"1000",3.82904194913255,"Unadjusted"
201,"1000",4.11705271839989,"Unadjusted"
202,"1000",4.77111291303466,"Unadjusted"
203,"1000",4.53003101795282,"Unadjusted"
204,"1000",4.53961116001378,"Unadjusted"
205,"1000",4.41332712022367,"Unadjusted"
206,"1000",3.82813866839462,"Unadjusted"
207,"1000",4.02684563758389,"Unadjusted"
208,"1000",4.67687048403387,"Unadjusted"
209,"1000",3.56216915656982,"Unadjusted"
210,"1000",3.65518508312667,"Unadjusted"
211,"1000",4.26150237244762,"Unadjusted"
212,"1000",4.9166927262493,"Unadjusted"
213,"1000",3.48180683006156,"Unadjusted"
214,"1000",3.93046416503646,"Unadjusted"
215,"1000",4.35300888796634,"Unadjusted"
216,"1000",3.96754819824367,"Unadjusted"
217,"1000",4.8261785193585,"Unadjusted"
218,"1000",4.66238091549841,"Unadjusted"
219,"1000",3.5884296044996,"Unadjusted"
220,"1000",3.99485405770204,"Unadjusted"
221,"1000",3.89118783902296,"Unadjusted"
222,"1000",4.42358880220285,"Unadjusted"
223,"1000",4.35609738022011,"Unadjusted"
224,"1000",3.36273313578525,"Unadjusted"
225,"1000",3.89976133651551,"Unadjusted"
226,"1000",4.35213299062483,"Unadjusted"
227,"1000",3.85470085470085,"Unadjusted"
228,"1000",3.78913187750845,"Unadjusted"
229,"1000",3.3813635137246,"Unadjusted"
230,"1000",4.68971686372122,"Unadjusted"
231,"1000",4.17301794398224,"Unadjusted"
232,"1000",4.06451612903226,"Unadjusted"
233,"1000",4.14858633137015,"Unadjusted"
234,"1000",4.84769539078156,"Unadjusted"
235,"1000",4.10983047343395,"Unadjusted"
236,"1000",4.68864811133201,"Unadjusted"
237,"1000",3.3962019672862,"Unadjusted"
238,"1000",4.56231555051078,"Unadjusted"
239,"1000",3.84873045934581,"Unadjusted"
240,"1000",4.78397486252946,"Unadjusted"
241,"1000",5.44686992603283,"Unadjusted"
242,"1000",3.90130421796701,"Unadjusted"
243,"1000",4.1232307404064,"Unadjusted"
244,"1000",5.58983003230791,"Unadjusted"
245,"1000",3.84997805780202,"Unadjusted"
246,"1000",4.156170766806,"Unadjusted"
247,"1000",4.19388343912291,"Unadjusted"
248,"1000",4.08376144739781,"Unadjusted"
249,"1000",4.74921166732361,"Unadjusted"
250,"1000",3.91299189242634,"Unadjusted"
251,"1000",3.57785948078734,"Unadjusted"
252,"1000",4.25579865109393,"Unadjusted"
253,"1000",4.17675175963862,"Unadjusted"
254,"1000",4.30038578021344,"Unadjusted"
255,"1000",3.96334993061791,"Unadjusted"
256,"1000",5.25259132097612,"Unadjusted"
257,"1000",3.56918826077216,"Unadjusted"
258,"1000",4.05023723603315,"Unadjusted"
259,"1000",4.80062106855641,"Unadjusted"
260,"1000",4.12371134020619,"Unadjusted"
261,"1000",4.21389390176354,"Unadjusted"
262,"1000",4.48911602209945,"Unadjusted"
263,"1000",4.11946132313784,"Unadjusted"
264,"1000",3.99225665574872,"Unadjusted"
265,"1000",5.50029537398891,"Unadjusted"
266,"1000",3.9,"Unadjusted"
267,"1000",4.37190471877547,"Unadjusted"
268,"1000",5.14140695719643,"Unadjusted"
269,"1000",4.04375980168968,"Unadjusted"
270,"1000",4.75293653921955,"Unadjusted"
271,"1000",3.38461538461538,"Unadjusted"
272,"1000",4.92478104070067,"Unadjusted"
273,"1000",4.01268498942918,"Unadjusted"
274,"1000",3.92554291623578,"Unadjusted"
275,"1000",3.86565836298932,"Unadjusted"
276,"1000",4.01586765698852,"Unadjusted"
277,"1000",5.45134826325411,"Unadjusted"
278,"1000",4.8891862303856,"Unadjusted"
279,"1000",5.17078154265282,"Unadjusted"
280,"1000",4.50926368520678,"Unadjusted"
281,"1000",3.45247738043947,"Unadjusted"
282,"1000",4.38147668393782,"Unadjusted"
283,"1000",4.81522569235098,"Unadjusted"
284,"1000",4.43374665248175,"Unadjusted"
285,"1000",4.17667084751837,"Unadjusted"
286,"1000",6.03317323246149,"Unadjusted"
287,"1000",3.8266253869969,"Unadjusted"
288,"1000",4.61549511587818,"Unadjusted"
289,"1000",4.98796690899975,"Unadjusted"
290,"1000",3.94630601534114,"Unadjusted"
291,"1000",3.80226343917007,"Unadjusted"
292,"1000",3.78737750028161,"Unadjusted"
293,"1000",4.93056755978104,"Unadjusted"
294,"1000",5.16083676268861,"Unadjusted"
295,"1000",4.13057671381937,"Unadjusted"
296,"1000",5.18268095342226,"Unadjusted"
297,"1000",3.9715352780862,"Unadjusted"
298,"1000",4.35273824924536,"Unadjusted"
299,"1000",3.90487780647725,"Unadjusted"
300,"1000",3.52704766379842,"Unadjusted"
301,"1000",5.26088854928501,"Unadjusted"
302,"1000",4.46359066890063,"Unadjusted"
303,"1000",4.85491339038406,"Unadjusted"
304,"1000",4.336042150384,"Unadjusted"
305,"1000",3.5218464069086,"Unadjusted"
306,"1000",4.92224510813594,"Unadjusted"
307,"1000",3.74469792856481,"Unadjusted"
308,"1000",4.22385168788046,"Unadjusted"
309,"1000",4.29980461811723,"Unadjusted"
310,"1000",4.83940809024198,"Unadjusted"
311,"1000",3.63722627737226,"Unadjusted"
312,"1000",3.71233553647538,"Unadjusted"
313,"1000",4.29128633747571,"Unadjusted"
314,"1000",4.49628252788104,"Unadjusted"
315,"1000",3.63297113545998,"Unadjusted"
316,"1000",4.55105797550767,"Unadjusted"
317,"1000",4.05454420671551,"Unadjusted"
318,"1000",3.97766604303087,"Unadjusted"
319,"1000",5.75963372758489,"Unadjusted"
320,"1000",3.89846897663175,"Unadjusted"
321,"1000",3.88018544843629,"Unadjusted"
322,"1000",4.76360134809822,"Unadjusted"
323,"1000",3.96748461222815,"Unadjusted"
324,"1000",4.17269244165796,"Unadjusted"
325,"1000",4.38043952845292,"Unadjusted"
326,"1000",4.11853302715116,"Unadjusted"
327,"1000",3.75288999378496,"Unadjusted"
328,"1000",4.29300769011678,"Unadjusted"
329,"1000",3.93765249357494,"Unadjusted"
330,"1000",5.08217828145419,"Unadjusted"
331,"1000",4.17455426692055,"Unadjusted"
332,"1000",4.4164999090413,"Unadjusted"
333,"1000",4.38188211344499,"Unadjusted"
334,"1000",4.19415024198639,"Unadjusted"
335,"1000",4.03115577889447,"Unadjusted"
336,"1000",4.24700387733521,"Unadjusted"
337,"1000",4.03852327447833,"Unadjusted"
338,"1000",4.04963729177861,"Unadjusted"
339,"1000",4.21964373550699,"Unadjusted"
340,"1000",3.61182769530299,"Unadjusted"
341,"1000",4.06779661016949,"Unadjusted"
342,"1000",4.70588235294118,"Unadjusted"
343,"1000",4.91032131835327,"Unadjusted"
344,"1000",5.53529010238908,"Unadjusted"
345,"1000",4.76498762672627,"Unadjusted"
346,"1000",3.72832369942197,"Unadjusted"
347,"1000",4.52247597986884,"Unadjusted"
348,"1000",4.06270847231488,"Unadjusted"
349,"1000",4.22535211267606,"Unadjusted"
350,"1000",4.50761421319797,"Unadjusted"
351,"1000",3.97786561264822,"Unadjusted"
352,"1000",4.66185016491283,"Unadjusted"
353,"1000",4.09668784969262,"Unadjusted"
354,"1000",4.89231630917313,"Unadjusted"
355,"1000",4.58321612751992,"Unadjusted"
356,"1000",4.19644803373296,"Unadjusted"
357,"1000",5.1217130620985,"Unadjusted"
358,"1000",4.44634769156213,"Unadjusted"
359,"1000",4.72976331360947,"Unadjusted"
360,"1000",4.73381789608093,"Unadjusted"
361,"1000",4.49779220779221,"Unadjusted"
362,"1000",4.20571676050238,"Unadjusted"
363,"1000",3.96272647716592,"Unadjusted"
364,"1000",3.78793479291062,"Unadjusted"
365,"1000",4.52670256928083,"Unadjusted"
366,"1000",4.36242103190937,"Unadjusted"
367,"1000",4.79419983234202,"Unadjusted"
368,"1000",4.5842259006816,"Unadjusted"
369,"1000",4.35356885364095,"Unadjusted"
370,"1000",4.32137771448914,"Unadjusted"
371,"1000",4.36426018584703,"Unadjusted"
372,"1000",3.99894039735099,"Unadjusted"
373,"1000",4.39032108818359,"Unadjusted"
374,"1000",4.90850111856823,"Unadjusted"
375,"1000",4.76965152358978,"Unadjusted"
376,"1000",4.57121015212904,"Unadjusted"
377,"1000",3.49690416234632,"Unadjusted"
378,"1000",4.36363636363636,"Unadjusted"
379,"1000",3.6097687904245,"Unadjusted"
380,"1000",4.04206846884825,"Unadjusted"
381,"1000",4.01553867979638,"Unadjusted"
382,"1000",3.8994576954456,"Unadjusted"
383,"1000",3.48912660162219,"Unadjusted"
384,"1000",3.48618752533735,"Unadjusted"
385,"1000",4.83923189013314,"Unadjusted"
386,"1000",4.21639535500292,"Unadjusted"
387,"1000",3.67647058823529,"Unadjusted"
388,"1000",4.17437506686161,"Unadjusted"
389,"1000",4.24836401553286,"Unadjusted"
390,"1000",4.171388101983,"Unadjusted"
391,"1000",4.15019433647973,"Unadjusted"
392,"1000",4.33745741438049,"Unadjusted"
393,"1000",3.88673592963223,"Unadjusted"
394,"1000",5.31373578302712,"Unadjusted"
395,"1000",5.03728034159961,"Unadjusted"
396,"1000",4.32505251621153,"Unadjusted"
397,"1000",3.7459116350333,"Unadjusted"
398,"1000",4.61593307348607,"Unadjusted"
399,"1000",3.48927113958489,"Unadjusted"
400,"1000",3.72466742800704,"Unadjusted"
401,"1000",3.96838170480885,"Unadjusted"
402,"1000",4.02419619961865,"Unadjusted"
403,"1000",5.58580102755722,"Unadjusted"
404,"1000",4.68706688468426,"Unadjusted"
405,"1000",4.55747588424437,"Unadjusted"
406,"1000",3.54434815482595,"Unadjusted"
407,"1000",3.87063515222255,"Unadjusted"
408,"1000",3.94224683544304,"Unadjusted"
409,"1000",4.45395177494976,"Unadjusted"
410,"1000",4.34562277580071,"Unadjusted"
411,"1000",5.23491849010548,"Unadjusted"
412,"1000",4.10142040533518,"Unadjusted"
413,"1000",3.96065035309575,"Unadjusted"
414,"1000",4.15623806382166,"Unadjusted"
415,"1000",4.52025886325267,"Unadjusted"
416,"1000",4.74219179157184,"Unadjusted"
417,"1000",3.99246817303206,"Unadjusted"
418,"1000",4.71490579066785,"Unadjusted"
419,"1000",4.67807262569832,"Unadjusted"
420,"1000",4,"Unadjusted"
421,"1000",5.10445241612154,"Unadjusted"
422,"1000",3.58495239225225,"Unadjusted"
423,"1000",4.88676353503185,"Unadjusted"
424,"1000",3.89520124340252,"Unadjusted"
425,"1000",4.03425568710922,"Unadjusted"
426,"1000",3.92259414225941,"Unadjusted"
427,"1000",3.91395983139102,"Unadjusted"
428,"1000",5.76936585365854,"Unadjusted"
429,"1000",3.88739981179219,"Unadjusted"
430,"1000",4.39154771393377,"Unadjusted"
431,"1000",3.68435434381059,"Unadjusted"
432,"1000",3.28136674010318,"Unadjusted"
433,"1000",4.24028268551237,"Unadjusted"
434,"1000",4.470364530192,"Unadjusted"
435,"1000",5.33803353658537,"Unadjusted"
436,"1000",3.68245319921766,"Unadjusted"
437,"1000",4.64169590643275,"Unadjusted"
438,"1000",3.92287251600977,"Unadjusted"
439,"1000",4.09072424802554,"Unadjusted"
440,"1000",4.71253822629969,"Unadjusted"
441,"1000",3.97729212336217,"Unadjusted"
442,"1000",4.78659932128482,"Unadjusted"
443,"1000",4.89866329479769,"Unadjusted"
444,"1000",4.27329620790241,"Unadjusted"
445,"1000",3.84837917095982,"Unadjusted"
446,"1000",4.03400637619554,"Unadjusted"
447,"1000",3.50742911265021,"Unadjusted"
448,"1000",4.01347164219318,"Unadjusted"
449,"1000",5.74781879194631,"Unadjusted"
450,"1000",4.45787819841389,"Unadjusted"
451,"1000",4.21316165951359,"Unadjusted"
452,"1000",3.91892430278885,"Unadjusted"
453,"1000",4.29475872947587,"Unadjusted"
454,"1000",4.4550509385379,"Unadjusted"
455,"1000",4.01540048126504,"Unadjusted"
456,"1000",3.99676641088362,"Unadjusted"
457,"1000",4.48022122234721,"Unadjusted"
458,"1000",4.38524861878453,"Unadjusted"
459,"1000",3.56688161864758,"Unadjusted"
460,"1000",3.82065854044641,"Unadjusted"
461,"1000",3.96298196118663,"Unadjusted"
462,"1000",4.09142303628038,"Unadjusted"
463,"1000",4.28133605756418,"Unadjusted"
464,"1000",4.54375359815774,"Unadjusted"
465,"1000",3.90548428531942,"Unadjusted"
466,"1000",4.0500805016524,"Unadjusted"
467,"1000",3.59302325581395,"Unadjusted"
468,"1000",4.62909287132147,"Unadjusted"
469,"1000",4.41755634638197,"Unadjusted"
470,"1000",4.47243875278396,"Unadjusted"
471,"1000",4.21363067944977,"Unadjusted"
472,"1000",4.92475673918784,"Unadjusted"
473,"1000",5.22245956667684,"Unadjusted"
474,"1000",4.16107740172233,"Unadjusted"
475,"1000",3.81231554598389,"Unadjusted"
476,"1000",4.83046135606386,"Unadjusted"
477,"1000",3.93713366279738,"Unadjusted"
478,"1000",3.81276595744681,"Unadjusted"
479,"1000",4.02972399150743,"Unadjusted"
480,"1000",4.64804973428256,"Unadjusted"
481,"1000",4.78789816554095,"Unadjusted"
482,"1000",4.46096654275093,"Unadjusted"
483,"1000",5.47721541786744,"Unadjusted"
484,"1000",4.53293636025307,"Unadjusted"
485,"1000",4.50841247289314,"Unadjusted"
486,"1000",4.6875,"Unadjusted"
487,"1000",4.66383140307576,"Unadjusted"
488,"1000",4.14275808269047,"Unadjusted"
489,"1000",4.53797492329255,"Unadjusted"
490,"1000",4.52419309935225,"Unadjusted"
491,"1000",4.89616026711185,"Unadjusted"
492,"1000",4.39049685557721,"Unadjusted"
493,"1000",4.44822128429304,"Unadjusted"
494,"1000",4.83637880514407,"Unadjusted"
495,"1000",4.19747723228305,"Unadjusted"
496,"1000",4.39072496618287,"Unadjusted"
497,"1000",4.2815723043635,"Unadjusted"
498,"1000",4.13850400806922,"Unadjusted"
499,"1000",4.43433520876518,"Unadjusted"
500,"1000",4.10642352612071,"Unadjusted"
501,"1000",3.83253402462735,"Unadjusted"
502,"1000",4.29818669048682,"Unadjusted"
503,"1000",3.91867895446664,"Unadjusted"
504,"1000",4.52025886325267,"Unadjusted"
505,"1000",4.1406660437565,"Unadjusted"
506,"1000",4.17437506686161,"Unadjusted"
507,"1000",4.05557449710194,"Unadjusted"
508,"1000",3.63067565940022,"Unadjusted"
509,"1000",3.60055607043559,"Unadjusted"
510,"1000",4.54964745079808,"Unadjusted"
511,"1000",3.71569618285004,"Unadjusted"
512,"1000",4.32249684286487,"Unadjusted"
513,"1000",4.7513481126423,"Unadjusted"
514,"1000",4.12550156041016,"Unadjusted"
515,"1000",4.07207716557017,"Unadjusted"
516,"1000",4.46322438890415,"Unadjusted"
517,"1000",3.71963686537678,"Unadjusted"
518,"1000",4.11467889908257,"Unadjusted"
519,"1000",4.52073497752767,"Unadjusted"
520,"1000",4.54069548163235,"Unadjusted"
521,"1000",3.7918961447679,"Unadjusted"
522,"1000",4.59453065859198,"Unadjusted"
523,"1000",4.51814005812318,"Unadjusted"
524,"1000",4.0914058283864,"Unadjusted"
525,"1000",5.11673707884062,"Unadjusted"
526,"1000",4.14096343787905,"Unadjusted"
527,"1000",4.47327857785779,"Unadjusted"
528,"1000",3.3492532322782,"Unadjusted"
529,"1000",4.59086395233366,"Unadjusted"
530,"1000",5.1565560218746,"Unadjusted"
531,"1000",3.77587296571338,"Unadjusted"
532,"1000",5.04453466979636,"Unadjusted"
533,"1000",5.69625790499739,"Unadjusted"
534,"1000",3.84503048348221,"Unadjusted"
535,"1000",4.39579377829706,"Unadjusted"
536,"1000",3.98615117318624,"Unadjusted"
537,"1000",4.07551299589603,"Unadjusted"
538,"1000",4.58839779005525,"Unadjusted"
539,"1000",4.19721873286035,"Unadjusted"
540,"1000",4.342422863384,"Unadjusted"
541,"1000",4.35331503417276,"Unadjusted"
542,"1000",5.202416918429,"Unadjusted"
543,"1000",3.88861298332742,"Unadjusted"
544,"1000",4.64652473387602,"Unadjusted"
545,"1000",4.52689112374289,"Unadjusted"
546,"1000",3.73382792978993,"Unadjusted"
547,"1000",3.84815403581625,"Unadjusted"
548,"1000",5.1609274366681,"Unadjusted"
549,"1000",3.73222890617618,"Unadjusted"
550,"1000",3.80905603735824,"Unadjusted"
551,"1000",4.34130634774609,"Unadjusted"
552,"1000",4.08612383973681,"Unadjusted"
553,"1000",4.0040572949177,"Unadjusted"
554,"1000",3.9414725221203,"Unadjusted"
555,"1000",3.63597972972973,"Unadjusted"
556,"1000",3.73008279668813,"Unadjusted"
557,"1000",3.84112466124661,"Unadjusted"
558,"1000",3.97586649973643,"Unadjusted"
559,"1000",4.38756601500973,"Unadjusted"
560,"1000",4.18526598715443,"Unadjusted"
561,"1000",3.88359157727453,"Unadjusted"
562,"1000",4.3255725398466,"Unadjusted"
563,"1000",4.69017632241813,"Unadjusted"
564,"1000",4.11393249204884,"Unadjusted"
565,"1000",5.20194986072423,"Unadjusted"
566,"1000",3.92207453739901,"Unadjusted"
567,"1000",4.90198300283286,"Unadjusted"
568,"1000",4.52340880125946,"Unadjusted"
569,"1000",4.19358850836472,"Unadjusted"
570,"1000",3.7037037037037,"Unadjusted"
571,"1000",4.38097660223805,"Unadjusted"
572,"1000",6.39812451299137,"Unadjusted"
573,"1000",3.40723669048168,"Unadjusted"
574,"1000",3.91729199034743,"Unadjusted"
575,"1000",4.11880038256592,"Unadjusted"
576,"1000",4.055142615922,"Unadjusted"
577,"1000",4.76122035272654,"Unadjusted"
578,"1000",4.42092324501502,"Unadjusted"
579,"1000",5.28737079247283,"Unadjusted"
580,"1000",4.53397031682559,"Unadjusted"
581,"1000",3.94785993517992,"Unadjusted"
582,"1000",4.31603773584906,"Unadjusted"
583,"1000",3.57989889979185,"Unadjusted"
584,"1000",3.9754470242861,"Unadjusted"
585,"1000",4.07004732927654,"Unadjusted"
586,"1000",4.95275590551181,"Unadjusted"
587,"1000",3.97538629837276,"Unadjusted"
588,"1000",5.29087654157274,"Unadjusted"
589,"1000",4.08446601941748,"Unadjusted"
590,"1000",3.60246493709745,"Unadjusted"
591,"1000",4.36019096584649,"Unadjusted"
592,"1000",4.40047625972515,"Unadjusted"
593,"1000",4.34782608695652,"Unadjusted"
594,"1000",3.68086750861789,"Unadjusted"
595,"1000",4.72617748049937,"Unadjusted"
596,"1000",4.23485889440862,"Unadjusted"
597,"1000",4.70772976262934,"Unadjusted"
598,"1000",4.31430741685204,"Unadjusted"
599,"1000",4.2323472289658,"Unadjusted"
600,"1000",4.80640671293074,"Unadjusted"
601,"1000",4.29797449090514,"Unadjusted"
602,"1000",3.74284920855318,"Unadjusted"
603,"1000",3.94208126988292,"Unadjusted"
604,"1000",3.92156862745098,"Unadjusted"
605,"1000",4.2024377318495,"Unadjusted"
606,"1000",4.3956043956044,"Unadjusted"
607,"1000",3.49762670783259,"Unadjusted"
608,"1000",5.25670763371992,"Unadjusted"
609,"1000",3.92982886685645,"Unadjusted"
610,"1000",3.79461295418641,"Unadjusted"
611,"1000",4.00033074251695,"Unadjusted"
612,"1000",4.22572311344633,"Unadjusted"
613,"1000",5.08815520762423,"Unadjusted"
614,"1000",4.66858513189448,"Unadjusted"
615,"1000",3.43400117855038,"Unadjusted"
616,"1000",3.80388151174668,"Unadjusted"
617,"1000",3.56566987616238,"Unadjusted"
618,"1000",4.47125919255591,"Unadjusted"
619,"1000",3.8331635252165,"Unadjusted"
620,"1000",4.96273549672172,"Unadjusted"
621,"1000",3.62684729064039,"Unadjusted"
622,"1000",4.62923830563827,"Unadjusted"
623,"1000",4.14001214124313,"Unadjusted"
624,"1000",3.97652750988918,"Unadjusted"
625,"1000",4.8498956780924,"Unadjusted"
626,"1000",4.00276133470022,"Unadjusted"
627,"1000",3.65907514102139,"Unadjusted"
628,"1000",4.06027691573168,"Unadjusted"
629,"1000",5.17661253505511,"Unadjusted"
630,"1000",4.52410913140312,"Unadjusted"
631,"1000",4.24686192468619,"Unadjusted"
632,"1000",4.07951412818746,"Unadjusted"
633,"1000",4.62666870089252,"Unadjusted"
634,"1000",4.8447400241838,"Unadjusted"
635,"1000",5.31180981595092,"Unadjusted"
636,"1000",3.81785560499498,"Unadjusted"
637,"1000",3.90583554376658,"Unadjusted"
638,"1000",3.79131902580178,"Unadjusted"
639,"1000",3.90733393062844,"Unadjusted"
640,"1000",3.73678290213723,"Unadjusted"
641,"1000",4.26575028636884,"Unadjusted"
642,"1000",4.74313725490196,"Unadjusted"
643,"1000",4.8514526710403,"Unadjusted"
644,"1000",5.03377000231301,"Unadjusted"
645,"1000",4.04859193815571,"Unadjusted"
646,"1000",3.70047604422604,"Unadjusted"
647,"1000",4.27563875088715,"Unadjusted"
648,"1000",5.19748778785764,"Unadjusted"
649,"1000",3.7590416125448,"Unadjusted"
650,"1000",4.6103661380597,"Unadjusted"
651,"1000",4.18808607417775,"Unadjusted"
652,"1000",3.6706456863809,"Unadjusted"
653,"1000",5.4220993227991,"Unadjusted"
654,"1000",5.44983811544044,"Unadjusted"
655,"1000",3.2172744413688,"Unadjusted"
656,"1000",3.80370189965904,"Unadjusted"
657,"1000",4.52176899301713,"Unadjusted"
658,"1000",4.11280005502442,"Unadjusted"
659,"1000",4.04935622317597,"Unadjusted"
660,"1000",3.85080598686052,"Unadjusted"
661,"1000",5.18191728257789,"Unadjusted"
662,"1000",4.62203683176789,"Unadjusted"
663,"1000",3.67102071281956,"Unadjusted"
664,"1000",3.8187691424196,"Unadjusted"
665,"1000",3.93460690668626,"Unadjusted"
666,"1000",3.87530784186649,"Unadjusted"
667,"1000",3.84469696969697,"Unadjusted"
668,"1000",3.93248685349131,"Unadjusted"
669,"1000",4.34159137277762,"Unadjusted"
670,"1000",4.4952580091106,"Unadjusted"
671,"1000",4.36307916818679,"Unadjusted"
672,"1000",4.22090828138914,"Unadjusted"
673,"1000",4.44935766151555,"Unadjusted"
674,"1000",3.55326777609682,"Unadjusted"
675,"1000",4.67193214843518,"Unadjusted"
676,"1000",4.25074969130358,"Unadjusted"
677,"1000",3.52757677105503,"Unadjusted"
678,"1000",5.35714285714286,"Unadjusted"
679,"1000",4.19341829608939,"Unadjusted"
680,"1000",3.56631251697806,"Unadjusted"
681,"1000",3.97450808032998,"Unadjusted"
682,"1000",4.16034280185224,"Unadjusted"
683,"1000",4.43348017621145,"Unadjusted"
684,"1000",4.41611033673245,"Unadjusted"
685,"1000",5.30177726176654,"Unadjusted"
686,"1000",4.45343610733891,"Unadjusted"
687,"1000",3.96950621321125,"Unadjusted"
688,"1000",4.5574847221429,"Unadjusted"
689,"1000",3.25770889046554,"Unadjusted"
690,"1000",4.12640526460104,"Unadjusted"
691,"1000",3.71907993383933,"Unadjusted"
692,"1000",4.38606841307642,"Unadjusted"
693,"1000",4.11782608695652,"Unadjusted"
694,"1000",3.87015706806283,"Unadjusted"
695,"1000",4.60284447163175,"Unadjusted"
696,"1000",3.84050184976677,"Unadjusted"
697,"1000",4.10031975103876,"Unadjusted"
698,"1000",3.72049970367136,"Unadjusted"
699,"1000",4.65260545905707,"Unadjusted"
700,"1000",4.10666759079568,"Unadjusted"
701,"1000",4.09444820582261,"Unadjusted"
702,"1000",4.2173257078699,"Unadjusted"
703,"1000",4.39243850705169,"Unadjusted"
704,"1000",3.77131776860153,"Unadjusted"
705,"1000",4.35464751283282,"Unadjusted"
706,"1000",3.62158718602111,"Unadjusted"
707,"1000",4.73437045370783,"Unadjusted"
708,"1000",5.17690966315073,"Unadjusted"
709,"1000",4.35176612109503,"Unadjusted"
710,"1000",3.87361647361647,"Unadjusted"
711,"1000",3.67171002000924,"Unadjusted"
712,"1000",4.3026864797599,"Unadjusted"
713,"1000",4.42173255084339,"Unadjusted"
714,"1000",3.61816856934661,"Unadjusted"
715,"1000",4.71292473801207,"Unadjusted"
716,"1000",4.36262563045319,"Unadjusted"
717,"1000",4.92027567252436,"Unadjusted"
718,"1000",5.23253298723773,"Unadjusted"
719,"1000",3.93894324853229,"Unadjusted"
720,"1000",4.35450043693563,"Unadjusted"
721,"1000",4.4304248140623,"Unadjusted"
722,"1000",4.36363636363636,"Unadjusted"
723,"1000",3.90348647768003,"Unadjusted"
724,"1000",3.74412376813368,"Unadjusted"
725,"1000",4.65796757611704,"Unadjusted"
726,"1000",4.05903470283207,"Unadjusted"
727,"1000",4.0992826838868,"Unadjusted"
728,"1000",4.80796089385475,"Unadjusted"
729,"1000",3.61439624853458,"Unadjusted"
730,"1000",4.81563383387798,"Unadjusted"
731,"1000",4.90292128304079,"Unadjusted"
732,"1000",4.55061471533951,"Unadjusted"
733,"1000",4.63658751099384,"Unadjusted"
734,"1000",4.17222027358821,"Unadjusted"
735,"1000",4.41331463576648,"Unadjusted"
736,"1000",4.24241079353808,"Unadjusted"
737,"1000",4.2625550660793,"Unadjusted"
738,"1000",4.56776338547873,"Unadjusted"
739,"1000",4.08973697782362,"Unadjusted"
740,"1000",4.52144146855251,"Unadjusted"
741,"1000",3.65018646776771,"Unadjusted"
742,"1000",4.60223576839932,"Unadjusted"
743,"1000",3.8879477250726,"Unadjusted"
744,"1000",3.59845725305335,"Unadjusted"
745,"1000",4.03907163132409,"Unadjusted"
746,"1000",3.8058527375708,"Unadjusted"
747,"1000",5.1063829787234,"Unadjusted"
748,"1000",4.09018873602033,"Unadjusted"
749,"1000",3.80109750278352,"Unadjusted"
750,"1000",5.05352112676056,"Unadjusted"
751,"1000",3.93586210270544,"Unadjusted"
752,"1000",4.33771143922018,"Unadjusted"
753,"1000",4.1150150408251,"Unadjusted"
754,"1000",4.44878435420545,"Unadjusted"
755,"1000",4.41691745689247,"Unadjusted"
756,"1000",4.76933924666353,"Unadjusted"
757,"1000",3.93076728285642,"Unadjusted"
758,"1000",4.12720593169161,"Unadjusted"
759,"1000",3.63900634249471,"Unadjusted"
760,"1000",4.11776028597945,"Unadjusted"
761,"1000",4.39607493309545,"Unadjusted"
762,"1000",4.43923303834808,"Unadjusted"
763,"1000",4.39620205089252,"Unadjusted"
764,"1000",4.70465025400547,"Unadjusted"
765,"1000",4.34760200429492,"Unadjusted"
766,"1000",3.42787350722378,"Unadjusted"
767,"1000",4.83690495664976,"Unadjusted"
768,"1000",3.00682720492746,"Unadjusted"
769,"1000",3.93514777801403,"Unadjusted"
770,"1000",5.56857952209074,"Unadjusted"
771,"1000",4.28351106325333,"Unadjusted"
772,"1000",3.83333333333333,"Unadjusted"
773,"1000",3.89261744966443,"Unadjusted"
774,"1000",3.93471639087841,"Unadjusted"
775,"1000",4.2315183709606,"Unadjusted"
776,"1000",5.25316345230823,"Unadjusted"
777,"1000",4.18300653594771,"Unadjusted"
778,"1000",4.84469240048251,"Unadjusted"
779,"1000",3.65227936967067,"Unadjusted"
780,"1000",4.87137022666939,"Unadjusted"
781,"1000",4.65641594211355,"Unadjusted"
782,"1000",4.30921907542232,"Unadjusted"
783,"1000",4.2083466128404,"Unadjusted"
784,"1000",4.63350928641251,"Unadjusted"
785,"1000",4.67211031082695,"Unadjusted"
786,"1000",4.0702938638786,"Unadjusted"
787,"1000",4.19158886659105,"Unadjusted"
788,"1000",4.41871921182266,"Unadjusted"
789,"1000",4.12601092140734,"Unadjusted"
790,"1000",4.47477960049102,"Unadjusted"
791,"1000",4.50570249484149,"Unadjusted"
792,"1000",4.64108910891089,"Unadjusted"
793,"1000",4.95658513544041,"Unadjusted"
794,"1000",4.17759688550699,"Unadjusted"
795,"1000",4.03300247309672,"Unadjusted"
796,"1000",3.65185018050542,"Unadjusted"
797,"1000",4.66122378824338,"Unadjusted"
798,"1000",4.0697008165786,"Unadjusted"
799,"1000",4.69685564180977,"Unadjusted"
800,"1000",3.85738304332212,"Unadjusted"
801,"1000",4.28940217391304,"Unadjusted"
802,"1000",4.28263880146041,"Unadjusted"
803,"1000",3.98573651452282,"Unadjusted"
804,"1000",5.02120421579881,"Unadjusted"
805,"1000",3.93637746351251,"Unadjusted"
806,"1000",4.48498536942209,"Unadjusted"
807,"1000",5.19145821673053,"Unadjusted"
808,"1000",4.32124772493828,"Unadjusted"
809,"1000",4.0832506755139,"Unadjusted"
810,"1000",3.99101490371934,"Unadjusted"
811,"1000",3.9937991732231,"Unadjusted"
812,"1000",4.17824522557432,"Unadjusted"
813,"1000",4.61915569677712,"Unadjusted"
814,"1000",4.76214738167368,"Unadjusted"
815,"1000",3.9361350099272,"Unadjusted"
816,"1000",3.94253557439635,"Unadjusted"
817,"1000",4.41233655486072,"Unadjusted"
818,"1000",4.28146946632919,"Unadjusted"
819,"1000",4.5519787810556,"Unadjusted"
820,"1000",4.62241541353383,"Unadjusted"
821,"1000",4.16297737776697,"Unadjusted"
822,"1000",4.82108271154151,"Unadjusted"
823,"1000",4.05170239596469,"Unadjusted"
824,"1000",3.8003120124805,"Unadjusted"
825,"1000",4.64446874640267,"Unadjusted"
826,"1000",3.81904791999115,"Unadjusted"
827,"1000",3.75033360869289,"Unadjusted"
828,"1000",3.45956449593898,"Unadjusted"
829,"1000",4.14756627858045,"Unadjusted"
830,"1000",3.70070553286298,"Unadjusted"
831,"1000",5.07501329645782,"Unadjusted"
832,"1000",4.59947572283736,"Unadjusted"
833,"1000",4.00374958151992,"Unadjusted"
834,"1000",4.31666666666667,"Unadjusted"
835,"1000",3.66089108910891,"Unadjusted"
836,"1000",3.7465395262996,"Unadjusted"
837,"1000",3.38048685653979,"Unadjusted"
838,"1000",4.39994070560332,"Unadjusted"
839,"1000",4.88286826735886,"Unadjusted"
840,"1000",4.28627520028172,"Unadjusted"
841,"1000",3.5660510114336,"Unadjusted"
842,"1000",4.6905622888933,"Unadjusted"
843,"1000",5.47172881053734,"Unadjusted"
844,"1000",3.74451294697904,"Unadjusted"
845,"1000",4.71727645868929,"Unadjusted"
846,"1000",4.25709585972772,"Unadjusted"
847,"1000",4.44981577008106,"Unadjusted"
848,"1000",4.47157190635451,"Unadjusted"
849,"1000",4.65559599636033,"Unadjusted"
850,"1000",4.09613998970664,"Unadjusted"
851,"1000",5.20630081300813,"Unadjusted"
852,"1000",3.9766444000195,"Unadjusted"
853,"1000",3.96682119205298,"Unadjusted"
854,"1000",4.3393438701724,"Unadjusted"
855,"1000",3.91089108910891,"Unadjusted"
856,"1000",4.15653265467552,"Unadjusted"
857,"1000",3.7208408335113,"Unadjusted"
858,"1000",4.05915568701264,"Unadjusted"
859,"1000",4.07031990816989,"Unadjusted"
860,"1000",3.68173258003767,"Unadjusted"
861,"1000",3.66646442277064,"Unadjusted"
862,"1000",4.21415686557472,"Unadjusted"
863,"1000",4.35480833148682,"Unadjusted"
864,"1000",3.93771974711543,"Unadjusted"
865,"1000",3.83376227398653,"Unadjusted"
866,"1000",3.85331810683923,"Unadjusted"
867,"1000",4.45338208409506,"Unadjusted"
868,"1000",3.68014655991315,"Unadjusted"
869,"1000",3.57705418543989,"Unadjusted"
870,"1000",4.17346108970053,"Unadjusted"
871,"1000",4.50379281281128,"Unadjusted"
872,"1000",3.98852721451441,"Unadjusted"
873,"1000",4.32187880524318,"Unadjusted"
874,"1000",4.85491339038406,"Unadjusted"
875,"1000",4.59774097564795,"Unadjusted"
876,"1000",4.43692307692308,"Unadjusted"
877,"1000",4.1391426563598,"Unadjusted"
878,"1000",3.62493943064809,"Unadjusted"
879,"1000",5.03137170982238,"Unadjusted"
880,"1000",4.66520513623552,"Unadjusted"
881,"1000",4.69992368951416,"Unadjusted"
882,"1000",4.7028125,"Unadjusted"
883,"1000",3.91745902307755,"Unadjusted"
884,"1000",4.41521394611727,"Unadjusted"
885,"1000",5.36073391162178,"Unadjusted"
886,"1000",4.11711006781429,"Unadjusted"
887,"1000",4.7758027636942,"Unadjusted"
888,"1000",4.00579884023195,"Unadjusted"
889,"1000",5.30973451327434,"Unadjusted"
890,"1000",3.92002720501634,"Unadjusted"
891,"1000",4.54506089309878,"Unadjusted"
892,"1000",4.97327302631579,"Unadjusted"
893,"1000",4.43503370377118,"Unadjusted"
894,"1000",4.17890837934167,"Unadjusted"
895,"1000",4.23894189071986,"Unadjusted"
896,"1000",4.02061855670103,"Unadjusted"
897,"1000",3.82637761436348,"Unadjusted"
898,"1000",4.08369685139608,"Unadjusted"
899,"1000",4.14786993386175,"Unadjusted"
900,"1000",4.25517884022651,"Unadjusted"
901,"1000",3.90879478827362,"Unadjusted"
902,"1000",4.29170357248302,"Unadjusted"
903,"1000",4.18730375426621,"Unadjusted"
904,"1000",4.34955799913756,"Unadjusted"
905,"1000",4.46974106409969,"Unadjusted"
906,"1000",4.5043846386453,"Unadjusted"
907,"1000",4.06216012716473,"Unadjusted"
908,"1000",4.28860360037295,"Unadjusted"
909,"1000",4.19186948853616,"Unadjusted"
910,"1000",3.89338501375107,"Unadjusted"
911,"1000",3.34224598930481,"Unadjusted"
912,"1000",3.74286369894447,"Unadjusted"
913,"1000",4.0830375908762,"Unadjusted"
914,"1000",4.83512751251291,"Unadjusted"
915,"1000",3.7343710292249,"Unadjusted"
916,"1000",4.73076923076923,"Unadjusted"
917,"1000",4.46890737493938,"Unadjusted"
918,"1000",4.90784369768486,"Unadjusted"
919,"1000",4.22882347803302,"Unadjusted"
920,"1000",4.0207750699161,"Unadjusted"
921,"1000",3.93046374074258,"Unadjusted"
922,"1000",3.96039603960396,"Unadjusted"
923,"1000",4.00100908173562,"Unadjusted"
924,"1000",4.55246999168086,"Unadjusted"
925,"1000",3.8556,"Unadjusted"
926,"1000",3.65377379787794,"Unadjusted"
927,"1000",4.08908761989282,"Unadjusted"
928,"1000",3.63214432019906,"Unadjusted"
929,"1000",4.13596307175829,"Unadjusted"
930,"1000",4.07518316284213,"Unadjusted"
931,"1000",4.49564115365413,"Unadjusted"
932,"1000",4.32008037892924,"Unadjusted"
933,"1000",4.22851348968436,"Unadjusted"
934,"1000",4.71153155310741,"Unadjusted"
935,"1000",4.71724994088437,"Unadjusted"
936,"1000",4.21424554497206,"Unadjusted"
937,"1000",4.37247924080664,"Unadjusted"
938,"1000",3.76615288805854,"Unadjusted"
939,"1000",3.83957262210797,"Unadjusted"
940,"1000",4.63320463320463,"Unadjusted"
941,"1000",4.21840187044423,"Unadjusted"
942,"1000",4.46521543985637,"Unadjusted"
943,"1000",3.80755490764622,"Unadjusted"
944,"1000",5.23376037531577,"Unadjusted"
945,"1000",3.92444029850746,"Unadjusted"
946,"1000",3.37509446636997,"Unadjusted"
947,"1000",4.29039934158735,"Unadjusted"
948,"1000",4.10196884095189,"Unadjusted"
949,"1000",3.35472535347132,"Unadjusted"
950,"1000",4.13082307506638,"Unadjusted"
951,"1000",4.61063494839951,"Unadjusted"
952,"1000",4.0363151415675,"Unadjusted"
953,"1000",3.85559451705451,"Unadjusted"
954,"1000",4.03204216514683,"Unadjusted"
955,"1000",4.50090484089881,"Unadjusted"
956,"1000",3.76954222312895,"Unadjusted"
957,"1000",4.32184435711925,"Unadjusted"
958,"1000",4.6370450904097,"Unadjusted"
959,"1000",3.90879478827362,"Unadjusted"
960,"1000",4.40124555160142,"Unadjusted"
961,"1000",4.95804536954224,"Unadjusted"
962,"1000",4.54238737882532,"Unadjusted"
963,"1000",4.35492154065621,"Unadjusted"
964,"1000",4.31376789576221,"Unadjusted"
965,"1000",3.41663076260233,"Unadjusted"
966,"1000",3.41959197877246,"Unadjusted"
967,"1000",5.66701680672269,"Unadjusted"
968,"1000",4.85437530783123,"Unadjusted"
969,"1000",3.87884954334241,"Unadjusted"
970,"1000",4.30112635456147,"Unadjusted"
971,"1000",4.11747909443198,"Unadjusted"
972,"1000",3.61448566381302,"Unadjusted"
973,"1000",4.03516695422714,"Unadjusted"
974,"1000",3.82424555795807,"Unadjusted"
975,"1000",4.51530980828008,"Unadjusted"
976,"1000",4.15632203830488,"Unadjusted"
977,"1000",4.8632060071825,"Unadjusted"
978,"1000",3.73929967271456,"Unadjusted"
979,"1000",3.98342939481268,"Unadjusted"
980,"1000",4.24890539073172,"Unadjusted"
981,"1000",4.35726858004957,"Unadjusted"
982,"1000",4.1982352632224,"Unadjusted"
983,"1000",3.68472404030564,"Unadjusted"
984,"1000",3.84570243980226,"Unadjusted"
985,"1000",5.76248788444718,"Unadjusted"
986,"1000",4.25117286178275,"Unadjusted"
987,"1000",4.37389731665006,"Unadjusted"
988,"1000",5.06329113924051,"Unadjusted"
989,"1000",3.9414725221203,"Unadjusted"
990,"1000",3.8659793814433,"Unadjusted"
991,"1000",4.15833144490735,"Unadjusted"
992,"1000",3.78722432981252,"Unadjusted"
993,"1000",4.7983970282438,"Unadjusted"
994,"1000",4.02610100323074,"Unadjusted"
995,"1000",4.53527033098697,"Unadjusted"
996,"1000",4.21467773712356,"Unadjusted"
997,"1000",3.50993989828941,"Unadjusted"
998,"1000",4.01976450798991,"Unadjusted"
999,"1000",4.92102255014029,"Unadjusted"
1000,"1000",3.9305972639306,"Unadjusted"
1,"2000",4.66019191625472,"Unadjusted"
2,"2000",4.00888111417614,"Unadjusted"
3,"2000",4.25553859916855,"Unadjusted"
4,"2000",4.66747827608328,"Unadjusted"
5,"2000",4.71141247189819,"Unadjusted"
6,"2000",4.86376840629069,"Unadjusted"
7,"2000",4.26698050361949,"Unadjusted"
8,"2000",4.16794463943014,"Unadjusted"
9,"2000",4.38127175636516,"Unadjusted"
10,"2000",4.94144822323509,"Unadjusted"
11,"2000",4.46804095375524,"Unadjusted"
12,"2000",4.52419183451793,"Unadjusted"
13,"2000",4.01536491677337,"Unadjusted"
14,"2000",4.28368271499035,"Unadjusted"
15,"2000",4.23993791668136,"Unadjusted"
16,"2000",3.79011113040458,"Unadjusted"
17,"2000",3.862307600525,"Unadjusted"
18,"2000",3.91978792962006,"Unadjusted"
19,"2000",3.70017263786783,"Unadjusted"
20,"2000",3.83665727729844,"Unadjusted"
21,"2000",4.50575945793337,"Unadjusted"
22,"2000",4.21665724781012,"Unadjusted"
23,"2000",3.93335075797177,"Unadjusted"
24,"2000",4.38677094258744,"Unadjusted"
25,"2000",4.27550363475415,"Unadjusted"
26,"2000",3.99570815450644,"Unadjusted"
27,"2000",4.01833762488413,"Unadjusted"
28,"2000",4.09296067130022,"Unadjusted"
29,"2000",4.32833993518185,"Unadjusted"
30,"2000",4.22201410312913,"Unadjusted"
31,"2000",4.01793513730609,"Unadjusted"
32,"2000",4.01956274485025,"Unadjusted"
33,"2000",4.0180823734151,"Unadjusted"
34,"2000",4.51347507111843,"Unadjusted"
35,"2000",3.86754758596528,"Unadjusted"
36,"2000",3.93968991610462,"Unadjusted"
37,"2000",4.98244511827868,"Unadjusted"
38,"2000",4.37029828431819,"Unadjusted"
39,"2000",4.41342820653165,"Unadjusted"
40,"2000",4.21831965502852,"Unadjusted"
41,"2000",4.15336998628842,"Unadjusted"
42,"2000",4.07650646082989,"Unadjusted"
43,"2000",4.09415690719053,"Unadjusted"
44,"2000",4.86285327828006,"Unadjusted"
45,"2000",3.8013087824525,"Unadjusted"
46,"2000",4.39609480781768,"Unadjusted"
47,"2000",4.31749114589284,"Unadjusted"
48,"2000",4.63336633759477,"Unadjusted"
49,"2000",3.92554291623578,"Unadjusted"
50,"2000",4.11281301092849,"Unadjusted"
51,"2000",4.32198718327732,"Unadjusted"
52,"2000",3.94561924901412,"Unadjusted"
53,"2000",4.33745708212982,"Unadjusted"
54,"2000",4.1747215815486,"Unadjusted"
55,"2000",4.09016251429363,"Unadjusted"
56,"2000",4.05856565518186,"Unadjusted"
57,"2000",4.29827305019995,"Unadjusted"
58,"2000",4.23272144127453,"Unadjusted"
59,"2000",4.1907253487128,"Unadjusted"
60,"2000",4.64298326461315,"Unadjusted"
61,"2000",4.49888259200935,"Unadjusted"
62,"2000",4.10712029908329,"Unadjusted"
63,"2000",5.09835627422157,"Unadjusted"
64,"2000",4.19422150882825,"Unadjusted"
65,"2000",4.54633645664338,"Unadjusted"
66,"2000",4.70807306314574,"Unadjusted"
67,"2000",4.59674252050364,"Unadjusted"
68,"2000",3.85319493231243,"Unadjusted"
69,"2000",4.02692847006708,"Unadjusted"
70,"2000",4.28686182543533,"Unadjusted"
71,"2000",3.91435390357546,"Unadjusted"
72,"2000",3.88767269034224,"Unadjusted"
73,"2000",4.80326790107209,"Unadjusted"
74,"2000",4.28792707660077,"Unadjusted"
75,"2000",4.17112299465241,"Unadjusted"
76,"2000",4.49720670391061,"Unadjusted"
77,"2000",5.13604700179155,"Unadjusted"
78,"2000",4.32215508284574,"Unadjusted"
79,"2000",4.00267755539193,"Unadjusted"
80,"2000",4.32600208990197,"Unadjusted"
81,"2000",4.46565689671317,"Unadjusted"
82,"2000",4.01568793724825,"Unadjusted"
83,"2000",3.75863385365252,"Unadjusted"
84,"2000",4.00609701692294,"Unadjusted"
85,"2000",4.09351380976051,"Unadjusted"
86,"2000",4.20518944406952,"Unadjusted"
87,"2000",4.17524748099699,"Unadjusted"
88,"2000",3.93268876987858,"Unadjusted"
89,"2000",3.74171864708845,"Unadjusted"
90,"2000",4.27977682287565,"Unadjusted"
91,"2000",3.87432288205562,"Unadjusted"
92,"2000",3.64621337755666,"Unadjusted"
93,"2000",4.12929156205654,"Unadjusted"
94,"2000",4.87948770491803,"Unadjusted"
95,"2000",4.11480242158346,"Unadjusted"
96,"2000",5.04143210753339,"Unadjusted"
97,"2000",4.19467984514103,"Unadjusted"
98,"2000",4.69331658924952,"Unadjusted"
99,"2000",4.39951359300177,"Unadjusted"
100,"2000",3.70380258591098,"Unadjusted"
101,"2000",4.50445997227396,"Unadjusted"
102,"2000",4.74526308514105,"Unadjusted"
103,"2000",4.35746672517186,"Unadjusted"
104,"2000",4.0979381443299,"Unadjusted"
105,"2000",3.59178601197242,"Unadjusted"
106,"2000",4.29136257351378,"Unadjusted"
107,"2000",4.91085507290494,"Unadjusted"
108,"2000",4.14227772254026,"Unadjusted"
109,"2000",4.4207005481743,"Unadjusted"
110,"2000",4.22161856053232,"Unadjusted"
111,"2000",4.24438568658558,"Unadjusted"
112,"2000",4.3365307753797,"Unadjusted"
113,"2000",4.40304097904691,"Unadjusted"
114,"2000",4.4685719897859,"Unadjusted"
115,"2000",4.19364402894159,"Unadjusted"
116,"2000",4.25444215152896,"Unadjusted"
117,"2000",4.11127502185082,"Unadjusted"
118,"2000",4.76520867487013,"Unadjusted"
119,"2000",4.4210321107305,"Unadjusted"
120,"2000",3.8811051208626,"Unadjusted"
121,"2000",4.27541732623399,"Unadjusted"
122,"2000",3.89836921548023,"Unadjusted"
123,"2000",4.14605067064084,"Unadjusted"
124,"2000",3.69426448170732,"Unadjusted"
125,"2000",4.50617525134607,"Unadjusted"
126,"2000",3.98329470198675,"Unadjusted"
127,"2000",4.24557052676251,"Unadjusted"
128,"2000",4.40787119856887,"Unadjusted"
129,"2000",4.54827261499733,"Unadjusted"
130,"2000",4.39346847891636,"Unadjusted"
131,"2000",4.28059899899185,"Unadjusted"
132,"2000",4.06583492794608,"Unadjusted"
133,"2000",4.22520072976617,"Unadjusted"
134,"2000",4.24420501029329,"Unadjusted"
135,"2000",4.3331661152991,"Unadjusted"
136,"2000",4.77437885112304,"Unadjusted"
137,"2000",4.53062618595825,"Unadjusted"
138,"2000",4.56442105868484,"Unadjusted"
139,"2000",4.70954707487883,"Unadjusted"
140,"2000",3.81034890131527,"Unadjusted"
141,"2000",4.53392796114542,"Unadjusted"
142,"2000",4.38686091258933,"Unadjusted"
143,"2000",3.80289564052178,"Unadjusted"
144,"2000",4.0913146021329,"Unadjusted"
145,"2000",4.0063580157176,"Unadjusted"
146,"2000",4.47727610277737,"Unadjusted"
147,"2000",4.0685044939362,"Unadjusted"
148,"2000",4.07615520026597,"Unadjusted"
149,"2000",4.34071502298958,"Unadjusted"
150,"2000",3.79679869340993,"Unadjusted"
151,"2000",3.71537540671619,"Unadjusted"
152,"2000",4.07558928481681,"Unadjusted"
153,"2000",4.21894006757958,"Unadjusted"
154,"2000",4.4802065404475,"Unadjusted"
155,"2000",4.82629539732554,"Unadjusted"
156,"2000",3.77479892761394,"Unadjusted"
157,"2000",4.05339385344396,"Unadjusted"
158,"2000",4.37634961439589,"Unadjusted"
159,"2000",4.52667733665708,"Unadjusted"
160,"2000",4.09624614329791,"Unadjusted"
161,"2000",4.40833371681009,"Unadjusted"
162,"2000",4.60498485795318,"Unadjusted"
163,"2000",4.72492661448141,"Unadjusted"
164,"2000",3.85151040573486,"Unadjusted"
165,"2000",4.82858634957619,"Unadjusted"
166,"2000",3.98061575443018,"Unadjusted"
167,"2000",3.94967290627631,"Unadjusted"
168,"2000",4.12983293556086,"Unadjusted"
169,"2000",4.44035025085026,"Unadjusted"
170,"2000",4.56787621590692,"Unadjusted"
171,"2000",4.00936874205423,"Unadjusted"
172,"2000",4.642166344294,"Unadjusted"
173,"2000",4.52830188679245,"Unadjusted"
174,"2000",4.07902950356281,"Unadjusted"
175,"2000",3.80183758318215,"Unadjusted"
176,"2000",3.97826086956522,"Unadjusted"
177,"2000",4.60650329877474,"Unadjusted"
178,"2000",4.05768089902876,"Unadjusted"
179,"2000",4.07741905654588,"Unadjusted"
180,"2000",4.6619780388249,"Unadjusted"
181,"2000",3.86029164599107,"Unadjusted"
182,"2000",4.52553408318865,"Unadjusted"
183,"2000",4.20492610837438,"Unadjusted"
184,"2000",4.20542593121008,"Unadjusted"
185,"2000",3.90648317028685,"Unadjusted"
186,"2000",4.3277290070416,"Unadjusted"
187,"2000",5.08653501654408,"Unadjusted"
188,"2000",4.64683378830405,"Unadjusted"
189,"2000",4.29108620085689,"Unadjusted"
190,"2000",3.69827525956528,"Unadjusted"
191,"2000",4.4448703931799,"Unadjusted"
192,"2000",4.05801108492069,"Unadjusted"
193,"2000",4.91136844790205,"Unadjusted"
194,"2000",3.95122989399583,"Unadjusted"
195,"2000",4.48914869983766,"Unadjusted"
196,"2000",4.57621629402169,"Unadjusted"
197,"2000",4.04329446188131,"Unadjusted"
198,"2000",4.60741084103485,"Unadjusted"
199,"2000",4.03006342566614,"Unadjusted"
200,"2000",4.39376770538244,"Unadjusted"
201,"2000",3.92410073289801,"Unadjusted"
202,"2000",4.78007723888739,"Unadjusted"
203,"2000",4.23434186342429,"Unadjusted"
204,"2000",4.12123058178495,"Unadjusted"
205,"2000",4.13067179188441,"Unadjusted"
206,"2000",3.66321901651243,"Unadjusted"
207,"2000",4.42716219847838,"Unadjusted"
208,"2000",4.22517021127255,"Unadjusted"
209,"2000",4.687433250267,"Unadjusted"
210,"2000",4.31445344349622,"Unadjusted"
211,"2000",4.12105430970348,"Unadjusted"
212,"2000",4.42595149253731,"Unadjusted"
213,"2000",4.07188703465982,"Unadjusted"
214,"2000",4.28613916015844,"Unadjusted"
215,"2000",3.9449948919195,"Unadjusted"
216,"2000",4.81877444589309,"Unadjusted"
217,"2000",4.3254052629666,"Unadjusted"
218,"2000",3.94033545497896,"Unadjusted"
219,"2000",3.97980266207536,"Unadjusted"
220,"2000",3.66793148475305,"Unadjusted"
221,"2000",4.25703258434443,"Unadjusted"
222,"2000",4.62767797737858,"Unadjusted"
223,"2000",4.33996383363472,"Unadjusted"
224,"2000",4.09760271035252,"Unadjusted"
225,"2000",4.10307738015785,"Unadjusted"
226,"2000",4.32949153462368,"Unadjusted"
227,"2000",4.23888425903231,"Unadjusted"
228,"2000",4.02045827539119,"Unadjusted"
229,"2000",4.15967991739804,"Unadjusted"
230,"2000",4.05612575399396,"Unadjusted"
231,"2000",3.77465512409305,"Unadjusted"
232,"2000",4.60984647961885,"Unadjusted"
233,"2000",4.04876144570134,"Unadjusted"
234,"2000",4.28025782232217,"Unadjusted"
235,"2000",4.83563594786647,"Unadjusted"
236,"2000",4.4948954788527,"Unadjusted"
237,"2000",4.79096226263921,"Unadjusted"
238,"2000",4.52082242746036,"Unadjusted"
239,"2000",4.79285355706766,"Unadjusted"
240,"2000",4.57194745816349,"Unadjusted"
241,"2000",4.81019348987201,"Unadjusted"
242,"2000",4.36664640583512,"Unadjusted"
243,"2000",4.1656553714554,"Unadjusted"
244,"2000",3.75961098398169,"Unadjusted"
245,"2000",4.36810762722635,"Unadjusted"
246,"2000",3.5594854232916,"Unadjusted"
247,"2000",4.88449736099178,"Unadjusted"
248,"2000",4.01791713325868,"Unadjusted"
249,"2000",4.32427601001072,"Unadjusted"
250,"2000",4.26796355794199,"Unadjusted"
251,"2000",3.70701341227318,"Unadjusted"
252,"2000",4.01982588992905,"Unadjusted"
253,"2000",4.43189557321226,"Unadjusted"
254,"2000",4.3128680179767,"Unadjusted"
255,"2000",4.55943628621078,"Unadjusted"
256,"2000",4.09556313993174,"Unadjusted"
257,"2000",4.19887216077597,"Unadjusted"
258,"2000",4.21024654659906,"Unadjusted"
259,"2000",3.63434944523362,"Unadjusted"
260,"2000",4.48187576056648,"Unadjusted"
261,"2000",4.9466078025981,"Unadjusted"
262,"2000",4.73576612643182,"Unadjusted"
263,"2000",4.2356433888692,"Unadjusted"
264,"2000",4.2031523642732,"Unadjusted"
265,"2000",4.27122430741734,"Unadjusted"
266,"2000",4.08858603066439,"Unadjusted"
267,"2000",4.12674922233241,"Unadjusted"
268,"2000",4.5940624284515,"Unadjusted"
269,"2000",4.58467447052727,"Unadjusted"
270,"2000",4.39720929386127,"Unadjusted"
271,"2000",4.58201078508511,"Unadjusted"
272,"2000",4.90631148245743,"Unadjusted"
273,"2000",4.41285537700865,"Unadjusted"
274,"2000",4.18993124958816,"Unadjusted"
275,"2000",3.89154429407813,"Unadjusted"
276,"2000",4.66999879561604,"Unadjusted"
277,"2000",4.02911248318444,"Unadjusted"
278,"2000",4.230345191969,"Unadjusted"
279,"2000",3.797101737763,"Unadjusted"
280,"2000",4.28324808184143,"Unadjusted"
281,"2000",3.85986610688755,"Unadjusted"
282,"2000",4.95815247056377,"Unadjusted"
283,"2000",4.71756059190797,"Unadjusted"
284,"2000",4.36131593614941,"Unadjusted"
285,"2000",4.20401378307804,"Unadjusted"
286,"2000",4.48238364506307,"Unadjusted"
287,"2000",3.93328973455796,"Unadjusted"
288,"2000",4.34386015394576,"Unadjusted"
289,"2000",4.42726474496528,"Unadjusted"
290,"2000",4.06846940095743,"Unadjusted"
291,"2000",4.27290357716882,"Unadjusted"
292,"2000",4.15668226729069,"Unadjusted"
293,"2000",4.07609746172237,"Unadjusted"
294,"2000",4.20103804414309,"Unadjusted"
295,"2000",4.54295266871947,"Unadjusted"
296,"2000",3.7480737581555,"Unadjusted"
297,"2000",3.93444001880211,"Unadjusted"
298,"2000",4.07646227367571,"Unadjusted"
299,"2000",4.157720888278,"Unadjusted"
300,"2000",3.91522321720374,"Unadjusted"
301,"2000",4.48186232504999,"Unadjusted"
302,"2000",4.01069518716578,"Unadjusted"
303,"2000",4.54371986539679,"Unadjusted"
304,"2000",3.92169157706462,"Unadjusted"
305,"2000",3.64113439974731,"Unadjusted"
306,"2000",3.70129246762977,"Unadjusted"
307,"2000",4.12675383808627,"Unadjusted"
308,"2000",4.34683577067426,"Unadjusted"
309,"2000",4.47922414474939,"Unadjusted"
310,"2000",4.74522839801949,"Unadjusted"
311,"2000",4.61418445125585,"Unadjusted"
312,"2000",3.6972979646004,"Unadjusted"
313,"2000",4.78113440197287,"Unadjusted"
314,"2000",4.74266098484848,"Unadjusted"
315,"2000",4.65934171384704,"Unadjusted"
316,"2000",4.53084941207657,"Unadjusted"
317,"2000",3.75618199802176,"Unadjusted"
318,"2000",3.86015563324687,"Unadjusted"
319,"2000",4.02418711350489,"Unadjusted"
320,"2000",4.55923507462687,"Unadjusted"
321,"2000",4.07849173413157,"Unadjusted"
322,"2000",5.13315553659057,"Unadjusted"
323,"2000",3.98798574004533,"Unadjusted"
324,"2000",4.05080553088926,"Unadjusted"
325,"2000",3.99983032470058,"Unadjusted"
326,"2000",4.42956441149212,"Unadjusted"
327,"2000",4.49162918834915,"Unadjusted"
328,"2000",4.84583053127102,"Unadjusted"
329,"2000",3.74683010288982,"Unadjusted"
330,"2000",4.17977836678466,"Unadjusted"
331,"2000",4.20898187866585,"Unadjusted"
332,"2000",3.34292219692342,"Unadjusted"
333,"2000",4.21535675989242,"Unadjusted"
334,"2000",4.01102666334413,"Unadjusted"
335,"2000",4.8066512846663,"Unadjusted"
336,"2000",4.6138128945858,"Unadjusted"
337,"2000",3.95892972328595,"Unadjusted"
338,"2000",4.11311356251069,"Unadjusted"
339,"2000",3.74356782395279,"Unadjusted"
340,"2000",3.81595209275658,"Unadjusted"
341,"2000",3.90047247329499,"Unadjusted"
342,"2000",4.04923137946604,"Unadjusted"
343,"2000",4.07964134129225,"Unadjusted"
344,"2000",4.33242134679528,"Unadjusted"
345,"2000",4.4786186448232,"Unadjusted"
346,"2000",4.70970133962982,"Unadjusted"
347,"2000",4.22738728647438,"Unadjusted"
348,"2000",4.22507096538972,"Unadjusted"
349,"2000",3.96662944229127,"Unadjusted"
350,"2000",4.2002257316282,"Unadjusted"
351,"2000",4.53476446868517,"Unadjusted"
352,"2000",4.19269402378179,"Unadjusted"
353,"2000",4.68554971803152,"Unadjusted"
354,"2000",4.49521580667338,"Unadjusted"
355,"2000",4.02661182417365,"Unadjusted"
356,"2000",3.90246261559319,"Unadjusted"
357,"2000",4.50650299035875,"Unadjusted"
358,"2000",4.77718928678905,"Unadjusted"
359,"2000",3.91705681516161,"Unadjusted"
360,"2000",4.30609265722665,"Unadjusted"
361,"2000",4.18602675727331,"Unadjusted"
362,"2000",4.48433414870281,"Unadjusted"
363,"2000",4.3503780568107,"Unadjusted"
364,"2000",4.1748303386195,"Unadjusted"
365,"2000",4.45200325635518,"Unadjusted"
366,"2000",4.7822138349944,"Unadjusted"
367,"2000",4.2615220293725,"Unadjusted"
368,"2000",4.10849827492282,"Unadjusted"
369,"2000",3.8361395285592,"Unadjusted"
370,"2000",4.46743702291825,"Unadjusted"
371,"2000",5.06831666384133,"Unadjusted"
372,"2000",4.39743790536557,"Unadjusted"
373,"2000",4.70989096573209,"Unadjusted"
374,"2000",4.0900821941701,"Unadjusted"
375,"2000",4.08890509454722,"Unadjusted"
376,"2000",4.64954504273841,"Unadjusted"
377,"2000",3.79604908306365,"Unadjusted"
378,"2000",4.43004267000308,"Unadjusted"
379,"2000",3.85590692124105,"Unadjusted"
380,"2000",4.79672347563699,"Unadjusted"
381,"2000",4.36554909808652,"Unadjusted"
382,"2000",3.94277576908316,"Unadjusted"
383,"2000",4.57902162333362,"Unadjusted"
384,"2000",4.34088822105351,"Unadjusted"
385,"2000",4.58627294643826,"Unadjusted"
386,"2000",4.13211665131628,"Unadjusted"
387,"2000",4.01309229509959,"Unadjusted"
388,"2000",4.31278644067797,"Unadjusted"
389,"2000",3.92377725760749,"Unadjusted"
390,"2000",4.18915620415211,"Unadjusted"
391,"2000",4.09220461554823,"Unadjusted"
392,"2000",3.99838049600953,"Unadjusted"
393,"2000",4.28085825141802,"Unadjusted"
394,"2000",3.48223322552362,"Unadjusted"
395,"2000",3.93306458147638,"Unadjusted"
396,"2000",3.64362447276659,"Unadjusted"
397,"2000",4.34769096361146,"Unadjusted"
398,"2000",4.41717485769114,"Unadjusted"
399,"2000",3.97014925373134,"Unadjusted"
400,"2000",4.40051835893332,"Unadjusted"
401,"2000",3.7427293064877,"Unadjusted"
402,"2000",4.23490382058328,"Unadjusted"
403,"2000",4.60460285249906,"Unadjusted"
404,"2000",4.72969009678365,"Unadjusted"
405,"2000",4.13114868398117,"Unadjusted"
406,"2000",4.44735508810118,"Unadjusted"
407,"2000",4.19170117170293,"Unadjusted"
408,"2000",3.98664038818965,"Unadjusted"
409,"2000",4.79617184687388,"Unadjusted"
410,"2000",3.93199310740953,"Unadjusted"
411,"2000",3.89283699943598,"Unadjusted"
412,"2000",3.95283541782144,"Unadjusted"
413,"2000",3.9621597662278,"Unadjusted"
414,"2000",3.8215491312834,"Unadjusted"
415,"2000",3.79744508194123,"Unadjusted"
416,"2000",4.08122660376391,"Unadjusted"
417,"2000",4.59704959925659,"Unadjusted"
418,"2000",3.80946042310435,"Unadjusted"
419,"2000",3.97695714553053,"Unadjusted"
420,"2000",4.73291554759773,"Unadjusted"
421,"2000",4.12913145070924,"Unadjusted"
422,"2000",4.52592662100028,"Unadjusted"
423,"2000",3.77371017280427,"Unadjusted"
424,"2000",4.31280607911524,"Unadjusted"
425,"2000",3.80736071638379,"Unadjusted"
426,"2000",3.94255839273609,"Unadjusted"
427,"2000",4.72813031728556,"Unadjusted"
428,"2000",4.29614227570342,"Unadjusted"
429,"2000",4.19100834546929,"Unadjusted"
430,"2000",4.4467166018248,"Unadjusted"
431,"2000",4.18382084095064,"Unadjusted"
432,"2000",3.79566618911175,"Unadjusted"
433,"2000",4.11329392873006,"Unadjusted"
434,"2000",4.16044736223082,"Unadjusted"
435,"2000",3.83186859301001,"Unadjusted"
436,"2000",4.07294984161867,"Unadjusted"
437,"2000",4.2976601884675,"Unadjusted"
438,"2000",4.43313133569773,"Unadjusted"
439,"2000",4.98537292923124,"Unadjusted"
440,"2000",3.83813502352828,"Unadjusted"
441,"2000",4.62150398045093,"Unadjusted"
442,"2000",4.78044435232342,"Unadjusted"
443,"2000",4.52578817848354,"Unadjusted"
444,"2000",3.97518302984795,"Unadjusted"
445,"2000",3.72462296926703,"Unadjusted"
446,"2000",4.94388898245829,"Unadjusted"
447,"2000",3.85388949693948,"Unadjusted"
448,"2000",3.71114599686028,"Unadjusted"
449,"2000",3.6798418972332,"Unadjusted"
450,"2000",3.79026107705984,"Unadjusted"
451,"2000",5.27842370949357,"Unadjusted"
452,"2000",3.80921212513974,"Unadjusted"
453,"2000",3.74596862231371,"Unadjusted"
454,"2000",3.8898588987884,"Unadjusted"
455,"2000",4.33685093646547,"Unadjusted"
456,"2000",4.56580535646926,"Unadjusted"
457,"2000",4.48504628530738,"Unadjusted"
458,"2000",4.2855231203846,"Unadjusted"
459,"2000",4.16865339670017,"Unadjusted"
460,"2000",4.82843759923785,"Unadjusted"
461,"2000",4.02711428881306,"Unadjusted"
462,"2000",4.00784436774396,"Unadjusted"
463,"2000",4.36829887192123,"Unadjusted"
464,"2000",4.44753735238928,"Unadjusted"
465,"2000",4.31582526530539,"Unadjusted"
466,"2000",4.07984248155275,"Unadjusted"
467,"2000",4.20751757802175,"Unadjusted"
468,"2000",3.99463705219386,"Unadjusted"
469,"2000",4.30626454268838,"Unadjusted"
470,"2000",4.02802290333446,"Unadjusted"
471,"2000",3.99355591894535,"Unadjusted"
472,"2000",3.66831927091888,"Unadjusted"
473,"2000",3.42287631208744,"Unadjusted"
474,"2000",4.39207852984819,"Unadjusted"
475,"2000",3.78387803905939,"Unadjusted"
476,"2000",4.24627897555133,"Unadjusted"
477,"2000",3.84609904537035,"Unadjusted"
478,"2000",4.9728926448471,"Unadjusted"
479,"2000",4.02684563758389,"Unadjusted"
480,"2000",3.8297507876471,"Unadjusted"
481,"2000",4.3683460163198,"Unadjusted"
482,"2000",4.62559712893135,"Unadjusted"
483,"2000",4.21267692307692,"Unadjusted"
484,"2000",3.61694926688855,"Unadjusted"
485,"2000",4.14786993386175,"Unadjusted"
486,"2000",3.95726047468012,"Unadjusted"
487,"2000",4.50577421635635,"Unadjusted"
488,"2000",4.3522620792927,"Unadjusted"
489,"2000",4.23753435414213,"Unadjusted"
490,"2000",4.29470276103966,"Unadjusted"
491,"2000",3.78400114209575,"Unadjusted"
492,"2000",4.17771931811253,"Unadjusted"
493,"2000",4.53103872157345,"Unadjusted"
494,"2000",4.67365836412683,"Unadjusted"
495,"2000",4.07660322232338,"Unadjusted"
496,"2000",3.78431022019789,"Unadjusted"
497,"2000",3.75525978165905,"Unadjusted"
498,"2000",4.18150905247679,"Unadjusted"
499,"2000",4.4395319842716,"Unadjusted"
500,"2000",4.84741410744672,"Unadjusted"
501,"2000",4.73031888390633,"Unadjusted"
502,"2000",4.3010752688172,"Unadjusted"
503,"2000",4.10380151788449,"Unadjusted"
504,"2000",4.06323607741019,"Unadjusted"
505,"2000",3.75508932200437,"Unadjusted"
506,"2000",4.02408828448718,"Unadjusted"
507,"2000",3.72725812139974,"Unadjusted"
508,"2000",4.33710572724784,"Unadjusted"
509,"2000",4.12591852932893,"Unadjusted"
510,"2000",4.42628565115722,"Unadjusted"
511,"2000",3.86851156530771,"Unadjusted"
512,"2000",3.93766570072138,"Unadjusted"
513,"2000",4.16789235879246,"Unadjusted"
514,"2000",4.66019417475728,"Unadjusted"
515,"2000",4.08030889664657,"Unadjusted"
516,"2000",4.00226637295603,"Unadjusted"
517,"2000",4.48689489168227,"Unadjusted"
518,"2000",4.29662698412698,"Unadjusted"
519,"2000",3.90776699029126,"Unadjusted"
520,"2000",4.54319194036249,"Unadjusted"
521,"2000",4.02561247216036,"Unadjusted"
522,"2000",4.10937079860178,"Unadjusted"
523,"2000",4.52877783719775,"Unadjusted"
524,"2000",4.25705514912273,"Unadjusted"
525,"2000",4.05881902558126,"Unadjusted"
526,"2000",4.08600179848413,"Unadjusted"
527,"2000",4.33917492108414,"Unadjusted"
528,"2000",4.1446157029068,"Unadjusted"
529,"2000",4.55618719630136,"Unadjusted"
530,"2000",4.71511513092934,"Unadjusted"
531,"2000",4.49819285005337,"Unadjusted"
532,"2000",4.82631366819487,"Unadjusted"
533,"2000",4.62124844184486,"Unadjusted"
534,"2000",4.44155874137175,"Unadjusted"
535,"2000",4.41443134986624,"Unadjusted"
536,"2000",4.03394225103123,"Unadjusted"
537,"2000",4.37818766156641,"Unadjusted"
538,"2000",4.33860679664132,"Unadjusted"
539,"2000",4.76533036303956,"Unadjusted"
540,"2000",3.87565686290362,"Unadjusted"
541,"2000",4.83671733815244,"Unadjusted"
542,"2000",3.96283575370559,"Unadjusted"
543,"2000",4.96395028742612,"Unadjusted"
544,"2000",3.6779530588688,"Unadjusted"
545,"2000",4.81662274377207,"Unadjusted"
546,"2000",4.02662986219394,"Unadjusted"
547,"2000",3.82395035146603,"Unadjusted"
548,"2000",4.24525258808371,"Unadjusted"
549,"2000",4.11330049261084,"Unadjusted"
550,"2000",4.08255233178068,"Unadjusted"
551,"2000",4.26128266033254,"Unadjusted"
552,"2000",4.46456692913386,"Unadjusted"
553,"2000",3.63704706059239,"Unadjusted"
554,"2000",3.6738475793375,"Unadjusted"
555,"2000",3.84018781489746,"Unadjusted"
556,"2000",4.24494315407686,"Unadjusted"
557,"2000",4.20072185918451,"Unadjusted"
558,"2000",3.94529422350189,"Unadjusted"
559,"2000",4.30146744550506,"Unadjusted"
560,"2000",4.76352936498469,"Unadjusted"
561,"2000",4.41870095902354,"Unadjusted"
562,"2000",4.03326332304266,"Unadjusted"
563,"2000",3.95924810806412,"Unadjusted"
564,"2000",5.13314409299811,"Unadjusted"
565,"2000",4.14316082121471,"Unadjusted"
566,"2000",4.6533675686352,"Unadjusted"
567,"2000",4.00001634855111,"Unadjusted"
568,"2000",4.56619730526803,"Unadjusted"
569,"2000",4.32893157262905,"Unadjusted"
570,"2000",4.58335828734665,"Unadjusted"
571,"2000",4.29922374652151,"Unadjusted"
572,"2000",4.28520617584451,"Unadjusted"
573,"2000",3.96464540495174,"Unadjusted"
574,"2000",4.40366972477064,"Unadjusted"
575,"2000",4.96977759408984,"Unadjusted"
576,"2000",4.36628012321073,"Unadjusted"
577,"2000",4.05622301839497,"Unadjusted"
578,"2000",4.93508894789079,"Unadjusted"
579,"2000",4.05354889392179,"Unadjusted"
580,"2000",4.38266155293437,"Unadjusted"
581,"2000",4.19857289649971,"Unadjusted"
582,"2000",4.48291865960799,"Unadjusted"
583,"2000",4.39066210784087,"Unadjusted"
584,"2000",4.087594704995,"Unadjusted"
585,"2000",4.16929798001644,"Unadjusted"
586,"2000",4.55075938867543,"Unadjusted"
587,"2000",4.12226929039334,"Unadjusted"
588,"2000",4.67938630999213,"Unadjusted"
589,"2000",3.92949746932892,"Unadjusted"
590,"2000",4.44518895863212,"Unadjusted"
591,"2000",3.89834489561604,"Unadjusted"
592,"2000",3.95007473475289,"Unadjusted"
593,"2000",4.36231512154155,"Unadjusted"
594,"2000",4.24064171122995,"Unadjusted"
595,"2000",4.36797696952167,"Unadjusted"
596,"2000",4.77682468630688,"Unadjusted"
597,"2000",5.01557591623037,"Unadjusted"
598,"2000",4.22815995513475,"Unadjusted"
599,"2000",4.53883458361749,"Unadjusted"
600,"2000",4.41988950276243,"Unadjusted"
601,"2000",3.72062334954563,"Unadjusted"
602,"2000",3.6655340472268,"Unadjusted"
603,"2000",4.06002791204302,"Unadjusted"
604,"2000",3.7322584646875,"Unadjusted"
605,"2000",3.93838109164996,"Unadjusted"
606,"2000",3.99138177744708,"Unadjusted"
607,"2000",4.5496285808584,"Unadjusted"
608,"2000",4.04585872132008,"Unadjusted"
609,"2000",4.10071007966747,"Unadjusted"
610,"2000",4.28906911142454,"Unadjusted"
611,"2000",3.93399557055646,"Unadjusted"
612,"2000",4.3573145921953,"Unadjusted"
613,"2000",4.24605959515751,"Unadjusted"
614,"2000",4.3158294661999,"Unadjusted"
615,"2000",3.53270189578339,"Unadjusted"
616,"2000",3.87266178183654,"Unadjusted"
617,"2000",3.56777385159011,"Unadjusted"
618,"2000",3.87597260251973,"Unadjusted"
619,"2000",3.9129141558626,"Unadjusted"
620,"2000",4.06949795507083,"Unadjusted"
621,"2000",4.12240184757506,"Unadjusted"
622,"2000",4.52526186364319,"Unadjusted"
623,"2000",4.21784641747514,"Unadjusted"
624,"2000",4.19268979183838,"Unadjusted"
625,"2000",4.12687407769618,"Unadjusted"
626,"2000",4.0878590980021,"Unadjusted"
627,"2000",4.74632740284266,"Unadjusted"
628,"2000",3.99998317064961,"Unadjusted"
629,"2000",4.43487375641332,"Unadjusted"
630,"2000",3.98113688503696,"Unadjusted"
631,"2000",3.9195494770716,"Unadjusted"
632,"2000",3.72131779212022,"Unadjusted"
633,"2000",4.27383082373782,"Unadjusted"
634,"2000",3.92925020398056,"Unadjusted"
635,"2000",4.50477676506725,"Unadjusted"
636,"2000",4.3450772638957,"Unadjusted"
637,"2000",4.31660960925511,"Unadjusted"
638,"2000",4.40229324674249,"Unadjusted"
639,"2000",4.3644863231334,"Unadjusted"
640,"2000",4.53877706763331,"Unadjusted"
641,"2000",4.7104190919674,"Unadjusted"
642,"2000",4.33212996389892,"Unadjusted"
643,"2000",4.59900836690425,"Unadjusted"
644,"2000",3.90755434716838,"Unadjusted"
645,"2000",4.01045630224406,"Unadjusted"
646,"2000",4.09954939341421,"Unadjusted"
647,"2000",4.50348724617479,"Unadjusted"
648,"2000",3.9158092177996,"Unadjusted"
649,"2000",4.90552612895152,"Unadjusted"
650,"2000",4.50738850080602,"Unadjusted"
651,"2000",4.19601040763226,"Unadjusted"
652,"2000",4.11341409766167,"Unadjusted"
653,"2000",4.07602845916959,"Unadjusted"
654,"2000",4.48709286047597,"Unadjusted"
655,"2000",4.78277701785291,"Unadjusted"
656,"2000",4.22009479336709,"Unadjusted"
657,"2000",4.28224282242822,"Unadjusted"
658,"2000",3.97164328331518,"Unadjusted"
659,"2000",3.94962420026089,"Unadjusted"
660,"2000",4.43527686101944,"Unadjusted"
661,"2000",4.19117143233628,"Unadjusted"
662,"2000",4.01469487861656,"Unadjusted"
663,"2000",4.00047863020198,"Unadjusted"
664,"2000",4.50967231041894,"Unadjusted"
665,"2000",4.20900900900901,"Unadjusted"
666,"2000",4.11459454319931,"Unadjusted"
667,"2000",4.40748012172376,"Unadjusted"
668,"2000",4.15886439142253,"Unadjusted"
669,"2000",4.36329481492355,"Unadjusted"
670,"2000",4.849014246509,"Unadjusted"
671,"2000",3.94342088986021,"Unadjusted"
672,"2000",3.90006573312352,"Unadjusted"
673,"2000",4.17377171226621,"Unadjusted"
674,"2000",4.82505364424964,"Unadjusted"
675,"2000",4.13099218662701,"Unadjusted"
676,"2000",4.364582580412,"Unadjusted"
677,"2000",5.1530290774405,"Unadjusted"
678,"2000",4.39675233698523,"Unadjusted"
679,"2000",4.55296677884525,"Unadjusted"
680,"2000",4.75730230349086,"Unadjusted"
681,"2000",3.9189904874422,"Unadjusted"
682,"2000",4.42460241074293,"Unadjusted"
683,"2000",4.46161026837806,"Unadjusted"
684,"2000",3.59344055479455,"Unadjusted"
685,"2000",3.97048983871773,"Unadjusted"
686,"2000",3.67971435333186,"Unadjusted"
687,"2000",4.65669356406766,"Unadjusted"
688,"2000",4.4078621718186,"Unadjusted"
689,"2000",4.0207100591716,"Unadjusted"
690,"2000",4.26156527388781,"Unadjusted"
691,"2000",4.12879603424027,"Unadjusted"
692,"2000",4.37792619113192,"Unadjusted"
693,"2000",4.27046263345196,"Unadjusted"
694,"2000",3.96117527062152,"Unadjusted"
695,"2000",3.90098339931198,"Unadjusted"
696,"2000",4.00103750304844,"Unadjusted"
697,"2000",3.83042773160349,"Unadjusted"
698,"2000",3.8631200854286,"Unadjusted"
699,"2000",4.40321343801351,"Unadjusted"
700,"2000",5.05975032376119,"Unadjusted"
701,"2000",4.13906831335263,"Unadjusted"
702,"2000",4.23813927021837,"Unadjusted"
703,"2000",3.93360696109013,"Unadjusted"
704,"2000",4.19585481435192,"Unadjusted"
705,"2000",4.3361557090322,"Unadjusted"
706,"2000",4.55853483133224,"Unadjusted"
707,"2000",4.60652591170825,"Unadjusted"
708,"2000",4.35052073668059,"Unadjusted"
709,"2000",4.17506741339971,"Unadjusted"
710,"2000",4.38087837160333,"Unadjusted"
711,"2000",4.30214115781126,"Unadjusted"
712,"2000",4.70295085499383,"Unadjusted"
713,"2000",4.26679101163514,"Unadjusted"
714,"2000",4.60291003253692,"Unadjusted"
715,"2000",4.41710256993405,"Unadjusted"
716,"2000",3.95446694412002,"Unadjusted"
717,"2000",4.47556457468397,"Unadjusted"
718,"2000",4.39385613815702,"Unadjusted"
719,"2000",4.27522685375763,"Unadjusted"
720,"2000",3.86094909862142,"Unadjusted"
721,"2000",4.30458026296778,"Unadjusted"
722,"2000",3.98499041986889,"Unadjusted"
723,"2000",3.93544608684176,"Unadjusted"
724,"2000",3.94244460709295,"Unadjusted"
725,"2000",4.03281328636135,"Unadjusted"
726,"2000",4.74451231527094,"Unadjusted"
727,"2000",3.99334442595674,"Unadjusted"
728,"2000",3.77878186789739,"Unadjusted"
729,"2000",4.11218750132662,"Unadjusted"
730,"2000",3.80546654099906,"Unadjusted"
731,"2000",5.15318268256608,"Unadjusted"
732,"2000",4.38733217922982,"Unadjusted"
733,"2000",4.01995342103607,"Unadjusted"
734,"2000",4.46486034785565,"Unadjusted"
735,"2000",4.27807486631016,"Unadjusted"
736,"2000",5.04352872896111,"Unadjusted"
737,"2000",4.80293359581118,"Unadjusted"
738,"2000",4.26058697400161,"Unadjusted"
739,"2000",4.14159210808117,"Unadjusted"
740,"2000",3.91569728162734,"Unadjusted"
741,"2000",4.24890938109594,"Unadjusted"
742,"2000",5.02142055939501,"Unadjusted"
743,"2000",3.98899970179914,"Unadjusted"
744,"2000",4.70948944262935,"Unadjusted"
745,"2000",3.80507873063456,"Unadjusted"
746,"2000",3.79065493953196,"Unadjusted"
747,"2000",4.51404391476733,"Unadjusted"
748,"2000",4.20898187866585,"Unadjusted"
749,"2000",4.16792040661836,"Unadjusted"
750,"2000",3.69784892446223,"Unadjusted"
751,"2000",4.09930466134432,"Unadjusted"
752,"2000",4.01757311980641,"Unadjusted"
753,"2000",5.17343829764368,"Unadjusted"
754,"2000",4.20012167829129,"Unadjusted"
755,"2000",3.89104088844018,"Unadjusted"
756,"2000",4.09646235856809,"Unadjusted"
757,"2000",3.83619909502263,"Unadjusted"
758,"2000",4.1166224914805,"Unadjusted"
759,"2000",3.96869976008508,"Unadjusted"
760,"2000",4.26301269828391,"Unadjusted"
761,"2000",3.84192384897754,"Unadjusted"
762,"2000",4.3404168369432,"Unadjusted"
763,"2000",3.99883967879628,"Unadjusted"
764,"2000",4.29572970436415,"Unadjusted"
765,"2000",4.38947693874582,"Unadjusted"
766,"2000",4.66870095902354,"Unadjusted"
767,"2000",4.44378109452736,"Unadjusted"
768,"2000",4.705053023128,"Unadjusted"
769,"2000",3.50471507278572,"Unadjusted"
770,"2000",4.66948600207377,"Unadjusted"
771,"2000",4.25592916622747,"Unadjusted"
772,"2000",3.89477435356501,"Unadjusted"
773,"2000",4.57101907820174,"Unadjusted"
774,"2000",4.22570268417444,"Unadjusted"
775,"2000",4.17064967250841,"Unadjusted"
776,"2000",3.9563917166793,"Unadjusted"
777,"2000",4.32189067863744,"Unadjusted"
778,"2000",3.67343380637865,"Unadjusted"
779,"2000",3.87986603242404,"Unadjusted"
780,"2000",4.53117674190803,"Unadjusted"
781,"2000",4.09271446168158,"Unadjusted"
782,"2000",4.32791844051087,"Unadjusted"
783,"2000",3.94871090257327,"Unadjusted"
784,"2000",4.80288199834681,"Unadjusted"
785,"2000",4.05284337965726,"Unadjusted"
786,"2000",3.96619341907466,"Unadjusted"
787,"2000",3.94285433345078,"Unadjusted"
788,"2000",3.69946369083444,"Unadjusted"
789,"2000",4.319621540208,"Unadjusted"
790,"2000",3.77823918311649,"Unadjusted"
791,"2000",3.80056777856636,"Unadjusted"
792,"2000",4.3709714548803,"Unadjusted"
793,"2000",4.22186214687294,"Unadjusted"
794,"2000",3.80371653543307,"Unadjusted"
795,"2000",4.10371583571914,"Unadjusted"
796,"2000",3.79391236306729,"Unadjusted"
797,"2000",3.98320434711016,"Unadjusted"
798,"2000",3.76323663786849,"Unadjusted"
799,"2000",4.07383898031074,"Unadjusted"
800,"2000",4.05613166550214,"Unadjusted"
801,"2000",4.34279604946864,"Unadjusted"
802,"2000",4.08496872978219,"Unadjusted"
803,"2000",3.60359944623904,"Unadjusted"
804,"2000",3.75077405402041,"Unadjusted"
805,"2000",3.98927827159444,"Unadjusted"
806,"2000",4.56059127371403,"Unadjusted"
807,"2000",4.51070450051223,"Unadjusted"
808,"2000",4,"Unadjusted"
809,"2000",4.50468187612478,"Unadjusted"
810,"2000",4.26452905811623,"Unadjusted"
811,"2000",4.29663351459645,"Unadjusted"
812,"2000",5.00020391517129,"Unadjusted"
813,"2000",4.34456029259239,"Unadjusted"
814,"2000",4.3528990181323,"Unadjusted"
815,"2000",4.4463852766145,"Unadjusted"
816,"2000",4.10682678764956,"Unadjusted"
817,"2000",4.46941016376519,"Unadjusted"
818,"2000",4.21352497787543,"Unadjusted"
819,"2000",4.12541998981843,"Unadjusted"
820,"2000",4.21684359518754,"Unadjusted"
821,"2000",4.32046385095216,"Unadjusted"
822,"2000",3.8828140556488,"Unadjusted"
823,"2000",3.60998240584854,"Unadjusted"
824,"2000",4.49538953091864,"Unadjusted"
825,"2000",4.36606560938518,"Unadjusted"
826,"2000",5.31351192717447,"Unadjusted"
827,"2000",4.41478376677278,"Unadjusted"
828,"2000",4.73943849871038,"Unadjusted"
829,"2000",4.55080418326317,"Unadjusted"
830,"2000",4.55101622226366,"Unadjusted"
831,"2000",4.43903835145964,"Unadjusted"
832,"2000",4.79484638255699,"Unadjusted"
833,"2000",4.5591974401107,"Unadjusted"
834,"2000",3.95965557115718,"Unadjusted"
835,"2000",4.23313408480183,"Unadjusted"
836,"2000",4.16136443742412,"Unadjusted"
837,"2000",3.91739457984648,"Unadjusted"
838,"2000",3.77185211433971,"Unadjusted"
839,"2000",4.22535211267606,"Unadjusted"
840,"2000",4.1688533941814,"Unadjusted"
841,"2000",4.34583267903823,"Unadjusted"
842,"2000",3.67232405172613,"Unadjusted"
843,"2000",4.13766819631329,"Unadjusted"
844,"2000",4.48835683215839,"Unadjusted"
845,"2000",4.39802370446951,"Unadjusted"
846,"2000",4.10127085837479,"Unadjusted"
847,"2000",4.14808775831304,"Unadjusted"
848,"2000",3.63475780246354,"Unadjusted"
849,"2000",4.53862089375555,"Unadjusted"
850,"2000",4.49698162291966,"Unadjusted"
851,"2000",4.35281241589665,"Unadjusted"
852,"2000",4.92282007884685,"Unadjusted"
853,"2000",4.61507764379283,"Unadjusted"
854,"2000",4.09473377046929,"Unadjusted"
855,"2000",3.95534063956817,"Unadjusted"
856,"2000",4.98446215550217,"Unadjusted"
857,"2000",3.88633972130991,"Unadjusted"
858,"2000",4.17416136020482,"Unadjusted"
859,"2000",3.38566939387934,"Unadjusted"
860,"2000",4.53472731314412,"Unadjusted"
861,"2000",3.99974661092107,"Unadjusted"
862,"2000",4.06779661016949,"Unadjusted"
863,"2000",4.61247388155823,"Unadjusted"
864,"2000",3.75130734304055,"Unadjusted"
865,"2000",4.04088172296898,"Unadjusted"
866,"2000",4.67112396096856,"Unadjusted"
867,"2000",4.60505597825061,"Unadjusted"
868,"2000",4.87686807978541,"Unadjusted"
869,"2000",4.63978972308604,"Unadjusted"
870,"2000",4.51296588902314,"Unadjusted"
871,"2000",4.40941345261975,"Unadjusted"
872,"2000",3.7059966610246,"Unadjusted"
873,"2000",4.38507646199954,"Unadjusted"
874,"2000",3.4151482672383,"Unadjusted"
875,"2000",4.06258531488566,"Unadjusted"
876,"2000",3.93904804505622,"Unadjusted"
877,"2000",3.93713377409838,"Unadjusted"
878,"2000",3.63634859266168,"Unadjusted"
879,"2000",4.42461205575625,"Unadjusted"
880,"2000",4.35186026438922,"Unadjusted"
881,"2000",4.33672703555123,"Unadjusted"
882,"2000",4.1741958041958,"Unadjusted"
883,"2000",4.52040701385499,"Unadjusted"
884,"2000",4.39034967713692,"Unadjusted"
885,"2000",4.26851790604453,"Unadjusted"
886,"2000",3.85384596988274,"Unadjusted"
887,"2000",3.96924311313185,"Unadjusted"
888,"2000",4.15724748720879,"Unadjusted"
889,"2000",4.74919014430156,"Unadjusted"
890,"2000",4.04007811836631,"Unadjusted"
891,"2000",4.19609233086704,"Unadjusted"
892,"2000",5.06355974479481,"Unadjusted"
893,"2000",4.15904408735064,"Unadjusted"
894,"2000",4.68827199921387,"Unadjusted"
895,"2000",4.51089360346346,"Unadjusted"
896,"2000",4.18083079268293,"Unadjusted"
897,"2000",4.19504849949224,"Unadjusted"
898,"2000",4.19788618099575,"Unadjusted"
899,"2000",4.57332152074265,"Unadjusted"
900,"2000",4.30887068044175,"Unadjusted"
901,"2000",4.49153619072531,"Unadjusted"
902,"2000",4.28329764936558,"Unadjusted"
903,"2000",4.39518055839989,"Unadjusted"
904,"2000",4.65126572449138,"Unadjusted"
905,"2000",3.80910241221177,"Unadjusted"
906,"2000",3.81382614647502,"Unadjusted"
907,"2000",3.86224305805986,"Unadjusted"
908,"2000",3.63185729992039,"Unadjusted"
909,"2000",4.96210548172757,"Unadjusted"
910,"2000",3.89351187565631,"Unadjusted"
911,"2000",3.9815625,"Unadjusted"
912,"2000",4.45878471842602,"Unadjusted"
913,"2000",3.83663029753618,"Unadjusted"
914,"2000",4.30722217247246,"Unadjusted"
915,"2000",4.64849884526559,"Unadjusted"
916,"2000",4.32906860041412,"Unadjusted"
917,"2000",5.08704064971691,"Unadjusted"
918,"2000",4.10989537030705,"Unadjusted"
919,"2000",3.93237546803551,"Unadjusted"
920,"2000",4.0147863599014,"Unadjusted"
921,"2000",4.42983977249081,"Unadjusted"
922,"2000",4.97261880271549,"Unadjusted"
923,"2000",3.97770226350823,"Unadjusted"
924,"2000",4.52765957446808,"Unadjusted"
925,"2000",3.87967183226983,"Unadjusted"
926,"2000",4.09986881366396,"Unadjusted"
927,"2000",4.09106830122592,"Unadjusted"
928,"2000",4.12575360196192,"Unadjusted"
929,"2000",3.79251472452099,"Unadjusted"
930,"2000",4.24201202151218,"Unadjusted"
931,"2000",4.33403299024675,"Unadjusted"
932,"2000",4.19541203102516,"Unadjusted"
933,"2000",4.11241891609123,"Unadjusted"
934,"2000",4.16158357141323,"Unadjusted"
935,"2000",3.98305495933355,"Unadjusted"
936,"2000",4.23121387283237,"Unadjusted"
937,"2000",4.68512417638115,"Unadjusted"
938,"2000",4.23684210526316,"Unadjusted"
939,"2000",4.57090651892019,"Unadjusted"
940,"2000",4.03961878211526,"Unadjusted"
941,"2000",4.35732082128503,"Unadjusted"
942,"2000",4.28012475191381,"Unadjusted"
943,"2000",4.66426126196219,"Unadjusted"
944,"2000",3.92337775799685,"Unadjusted"
945,"2000",4.33996383363472,"Unadjusted"
946,"2000",4.30010013199217,"Unadjusted"
947,"2000",4.37059711085685,"Unadjusted"
948,"2000",3.58676856393293,"Unadjusted"
949,"2000",4.11663807890223,"Unadjusted"
950,"2000",4.4750385709635,"Unadjusted"
951,"2000",3.99035645552673,"Unadjusted"
952,"2000",4.13263855385679,"Unadjusted"
953,"2000",4.61713518217245,"Unadjusted"
954,"2000",3.84615384615385,"Unadjusted"
955,"2000",4.06236941208853,"Unadjusted"
956,"2000",3.59610079087732,"Unadjusted"
957,"2000",3.78118845211792,"Unadjusted"
958,"2000",5.09919525624735,"Unadjusted"
959,"2000",4.41377581527989,"Unadjusted"
960,"2000",3.99127589967285,"Unadjusted"
961,"2000",4.32965165292423,"Unadjusted"
962,"2000",4.43792391624889,"Unadjusted"
963,"2000",4.60191468734852,"Unadjusted"
964,"2000",4.3314247884199,"Unadjusted"
965,"2000",4.49438202247191,"Unadjusted"
966,"2000",4.3528010618761,"Unadjusted"
967,"2000",4.03225806451613,"Unadjusted"
968,"2000",4.38874381528312,"Unadjusted"
969,"2000",4.8467257252041,"Unadjusted"
970,"2000",3.82485046654438,"Unadjusted"
971,"2000",4.03691616766467,"Unadjusted"
972,"2000",4.25443485517272,"Unadjusted"
973,"2000",3.91873725426217,"Unadjusted"
974,"2000",3.92504423159051,"Unadjusted"
975,"2000",3.86658109029644,"Unadjusted"
976,"2000",4.24546247548032,"Unadjusted"
977,"2000",4.32600884716078,"Unadjusted"
978,"2000",3.92851143718196,"Unadjusted"
979,"2000",3.9634233013239,"Unadjusted"
980,"2000",4.38060204576914,"Unadjusted"
981,"2000",3.5922533766066,"Unadjusted"
982,"2000",4.61095365760245,"Unadjusted"
983,"2000",4.15016029508084,"Unadjusted"
984,"2000",4.65337452930385,"Unadjusted"
985,"2000",4.64248532289628,"Unadjusted"
986,"2000",3.88624629019799,"Unadjusted"
987,"2000",4.89493483534104,"Unadjusted"
988,"2000",4.44354898336414,"Unadjusted"
989,"2000",4.80636464422495,"Unadjusted"
990,"2000",4.21917345214319,"Unadjusted"
991,"2000",4.76744507120035,"Unadjusted"
992,"2000",5.07919364126077,"Unadjusted"
993,"2000",4.1055863641003,"Unadjusted"
994,"2000",4.05599621462103,"Unadjusted"
995,"2000",3.70407836438371,"Unadjusted"
996,"2000",4.61118852794962,"Unadjusted"
997,"2000",4.80518993980869,"Unadjusted"
998,"2000",4.01213050288266,"Unadjusted"
999,"2000",3.92346476413307,"Unadjusted"
1000,"2000",4.57331551822867,"Unadjusted"
1,"4000",4.08201084277969,"Unadjusted"
2,"4000",4.52621579193612,"Unadjusted"
3,"4000",4.04459167839639,"Unadjusted"
4,"4000",4.43033588118676,"Unadjusted"
5,"4000",4.47246319686641,"Unadjusted"
6,"4000",4.02186418266194,"Unadjusted"
7,"4000",4.33734923276864,"Unadjusted"
8,"4000",4.28555094577497,"Unadjusted"
9,"4000",4.43782007471141,"Unadjusted"
10,"4000",3.85347798340779,"Unadjusted"
11,"4000",4.33671360143292,"Unadjusted"
12,"4000",4.51528823226892,"Unadjusted"
13,"4000",4.15415605241655,"Unadjusted"
14,"4000",4.20338191248767,"Unadjusted"
15,"4000",3.86751095317895,"Unadjusted"
16,"4000",4.12704964182699,"Unadjusted"
17,"4000",4.21077263750075,"Unadjusted"
18,"4000",4.52460975285928,"Unadjusted"
19,"4000",4.16548285309891,"Unadjusted"
20,"4000",4.66828239378252,"Unadjusted"
21,"4000",4.22429140929601,"Unadjusted"
22,"4000",4.29225307129947,"Unadjusted"
23,"4000",4.5066736456425,"Unadjusted"
24,"4000",4.30071044976505,"Unadjusted"
25,"4000",4.31245391925865,"Unadjusted"
26,"4000",4.01851150794064,"Unadjusted"
27,"4000",4.58283933264071,"Unadjusted"
28,"4000",4.49589758510329,"Unadjusted"
29,"4000",3.68043567219033,"Unadjusted"
30,"4000",4.27235101652731,"Unadjusted"
31,"4000",4.31745050615644,"Unadjusted"
32,"4000",4.04511802849022,"Unadjusted"
33,"4000",3.95898014584334,"Unadjusted"
34,"4000",4.01599423646323,"Unadjusted"
35,"4000",4.03697231645641,"Unadjusted"
36,"4000",4.1356760844903,"Unadjusted"
37,"4000",3.99563318777293,"Unadjusted"
38,"4000",4.12148723344285,"Unadjusted"
39,"4000",4.12398121946308,"Unadjusted"
40,"4000",4.15262927043228,"Unadjusted"
41,"4000",3.91833771742012,"Unadjusted"
42,"4000",4.18070804845198,"Unadjusted"
43,"4000",4.47504559483726,"Unadjusted"
44,"4000",4.40516954052308,"Unadjusted"
45,"4000",3.90528635027859,"Unadjusted"
46,"4000",4.39454206154969,"Unadjusted"
47,"4000",4.42303165316445,"Unadjusted"
48,"4000",3.79101202207331,"Unadjusted"
49,"4000",4.31488543120765,"Unadjusted"
50,"4000",4.13559322033898,"Unadjusted"
51,"4000",4.08725516866159,"Unadjusted"
52,"4000",4.32737859890011,"Unadjusted"
53,"4000",3.90433469981219,"Unadjusted"
54,"4000",4.18738871816515,"Unadjusted"
55,"4000",4.31101702879802,"Unadjusted"
56,"4000",4.0604833799106,"Unadjusted"
57,"4000",4.14352397649116,"Unadjusted"
58,"4000",4.13010129404978,"Unadjusted"
59,"4000",4.09853589728338,"Unadjusted"
60,"4000",4.19312952185275,"Unadjusted"
61,"4000",4.1767288526485,"Unadjusted"
62,"4000",4.78132523814509,"Unadjusted"
63,"4000",4.24525569400271,"Unadjusted"
64,"4000",4.03492651711367,"Unadjusted"
65,"4000",4.19557799151418,"Unadjusted"
66,"4000",4.2883797985207,"Unadjusted"
67,"4000",4.39817250083915,"Unadjusted"
68,"4000",4.17762004130221,"Unadjusted"
69,"4000",3.94071401164167,"Unadjusted"
70,"4000",3.93214852169669,"Unadjusted"
71,"4000",4.29134625266422,"Unadjusted"
72,"4000",4.31068704511721,"Unadjusted"
73,"4000",4.39018829000823,"Unadjusted"
74,"4000",4.36041101729501,"Unadjusted"
75,"4000",3.85160274570169,"Unadjusted"
76,"4000",4.55974860857435,"Unadjusted"
77,"4000",4.22758507635938,"Unadjusted"
78,"4000",4.37979089245105,"Unadjusted"
79,"4000",4.15958056576419,"Unadjusted"
80,"4000",3.9448826710324,"Unadjusted"
81,"4000",4.52538807073406,"Unadjusted"
82,"4000",4.06213119714876,"Unadjusted"
83,"4000",4.06322700979218,"Unadjusted"
84,"4000",4.55026918862261,"Unadjusted"
85,"4000",3.99319595949484,"Unadjusted"
86,"4000",4.29536402722147,"Unadjusted"
87,"4000",4.12864370031318,"Unadjusted"
88,"4000",4.25625913297613,"Unadjusted"
89,"4000",4.19938481552734,"Unadjusted"
90,"4000",4.25393660280125,"Unadjusted"
91,"4000",3.78332897582773,"Unadjusted"
92,"4000",3.90261030954357,"Unadjusted"
93,"4000",4.69156912903336,"Unadjusted"
94,"4000",4.32247087902151,"Unadjusted"
95,"4000",4.32406715973951,"Unadjusted"
96,"4000",4.23423690850458,"Unadjusted"
97,"4000",4.149519449808,"Unadjusted"
98,"4000",3.75,"Unadjusted"
99,"4000",3.97539300809961,"Unadjusted"
100,"4000",4.51229857903459,"Unadjusted"
101,"4000",3.84725382026537,"Unadjusted"
102,"4000",4.29998381271874,"Unadjusted"
103,"4000",4.16449689743278,"Unadjusted"
104,"4000",4.31075083331087,"Unadjusted"
105,"4000",4.33610488638323,"Unadjusted"
106,"4000",4.17262943114587,"Unadjusted"
107,"4000",3.74351943335186,"Unadjusted"
108,"4000",4.03892846393097,"Unadjusted"
109,"4000",4.28708865461082,"Unadjusted"
110,"4000",4.51290040837523,"Unadjusted"
111,"4000",3.90420338760934,"Unadjusted"
112,"4000",4.04888491682433,"Unadjusted"
113,"4000",3.96216812074074,"Unadjusted"
114,"4000",4.06181435315695,"Unadjusted"
115,"4000",4.23503408606732,"Unadjusted"
116,"4000",4.16420220694985,"Unadjusted"
117,"4000",4.62621054688021,"Unadjusted"
118,"4000",4.43201011959522,"Unadjusted"
119,"4000",4.52105106001792,"Unadjusted"
120,"4000",3.92512077294686,"Unadjusted"
121,"4000",3.9835958282095,"Unadjusted"
122,"4000",4.4008702344983,"Unadjusted"
123,"4000",4.22994736676227,"Unadjusted"
124,"4000",4.05089939242166,"Unadjusted"
125,"4000",4.49002521074975,"Unadjusted"
126,"4000",4.00112615561899,"Unadjusted"
127,"4000",4.41517118449097,"Unadjusted"
128,"4000",4.53884616023522,"Unadjusted"
129,"4000",4.06922192929088,"Unadjusted"
130,"4000",4.13072408198093,"Unadjusted"
131,"4000",4.23846863720506,"Unadjusted"
132,"4000",4.28467344420444,"Unadjusted"
133,"4000",4.43928983598149,"Unadjusted"
134,"4000",4.21638622493461,"Unadjusted"
135,"4000",4.23470412120837,"Unadjusted"
136,"4000",3.85577613437001,"Unadjusted"
137,"4000",4.33590012080333,"Unadjusted"
138,"4000",4.63151865802043,"Unadjusted"
139,"4000",3.99298117754722,"Unadjusted"
140,"4000",4.71837032365363,"Unadjusted"
141,"4000",4.0334095454051,"Unadjusted"
142,"4000",3.93935581175178,"Unadjusted"
143,"4000",4.31695534333336,"Unadjusted"
144,"4000",5.40790822829628,"Unadjusted"
145,"4000",4.25719544325619,"Unadjusted"
146,"4000",4.12454285744856,"Unadjusted"
147,"4000",4.21211238691413,"Unadjusted"
148,"4000",4.01837911156324,"Unadjusted"
149,"4000",4.47816465447211,"Unadjusted"
150,"4000",4.25062850534187,"Unadjusted"
151,"4000",4.24858905368159,"Unadjusted"
152,"4000",4.10150274481913,"Unadjusted"
153,"4000",3.93026372919104,"Unadjusted"
154,"4000",4.00909167580332,"Unadjusted"
155,"4000",4.1846265452564,"Unadjusted"
156,"4000",4.07240428044202,"Unadjusted"
157,"4000",4.3758139027318,"Unadjusted"
158,"4000",4.08604743601083,"Unadjusted"
159,"4000",4.46549249836921,"Unadjusted"
160,"4000",4.40684357252534,"Unadjusted"
161,"4000",4.63618805937307,"Unadjusted"
162,"4000",3.91316313805312,"Unadjusted"
163,"4000",4.57742642662592,"Unadjusted"
164,"4000",3.99560603548334,"Unadjusted"
165,"4000",4.34342549801697,"Unadjusted"
166,"4000",4.19051664052971,"Unadjusted"
167,"4000",3.94797306219464,"Unadjusted"
168,"4000",4.24485302212925,"Unadjusted"
169,"4000",4.11441572433834,"Unadjusted"
170,"4000",4.34401248817153,"Unadjusted"
171,"4000",4.0080265036227,"Unadjusted"
172,"4000",4.29083894627304,"Unadjusted"
173,"4000",3.89000899156176,"Unadjusted"
174,"4000",3.65923912213449,"Unadjusted"
175,"4000",4.32714690190006,"Unadjusted"
176,"4000",3.91780692887802,"Unadjusted"
177,"4000",4.39963336388634,"Unadjusted"
178,"4000",4.2640892015769,"Unadjusted"
179,"4000",4.15178030689482,"Unadjusted"
180,"4000",3.99612390149363,"Unadjusted"
181,"4000",4.34026365399299,"Unadjusted"
182,"4000",4.02415812591508,"Unadjusted"
183,"4000",3.83677779453915,"Unadjusted"
184,"4000",4.11693053957553,"Unadjusted"
185,"4000",4.39014877474168,"Unadjusted"
186,"4000",4.28943755447569,"Unadjusted"
187,"4000",4.51545958900232,"Unadjusted"
188,"4000",4.56911433045548,"Unadjusted"
189,"4000",4.43104060901917,"Unadjusted"
190,"4000",3.8822514371306,"Unadjusted"
191,"4000",4.95670852439863,"Unadjusted"
192,"4000",4.29521965278872,"Unadjusted"
193,"4000",3.95955394182316,"Unadjusted"
194,"4000",4.56852973436978,"Unadjusted"
195,"4000",4.28819541829026,"Unadjusted"
196,"4000",3.93923059382774,"Unadjusted"
197,"4000",3.88849589716642,"Unadjusted"
198,"4000",3.99003412572669,"Unadjusted"
199,"4000",4.06690224665013,"Unadjusted"
200,"4000",4.24472931454603,"Unadjusted"
201,"4000",4.29686717383052,"Unadjusted"
202,"4000",3.84255822277273,"Unadjusted"
203,"4000",4.25331481847962,"Unadjusted"
204,"4000",3.85244657675079,"Unadjusted"
205,"4000",4.0149544863459,"Unadjusted"
206,"4000",4.19825315402745,"Unadjusted"
207,"4000",4.28883889031904,"Unadjusted"
208,"4000",4.32965804186712,"Unadjusted"
209,"4000",4.02917110304412,"Unadjusted"
210,"4000",4.36904453209231,"Unadjusted"
211,"4000",3.90793239854988,"Unadjusted"
212,"4000",4.57976199960889,"Unadjusted"
213,"4000",3.84668647396515,"Unadjusted"
214,"4000",3.95584404387267,"Unadjusted"
215,"4000",4.29792904236934,"Unadjusted"
216,"4000",4.42072221442911,"Unadjusted"
217,"4000",4.16331902437963,"Unadjusted"
218,"4000",4.15404016024177,"Unadjusted"
219,"4000",3.98739637743302,"Unadjusted"
220,"4000",4.08489925046029,"Unadjusted"
221,"4000",4.4842520424453,"Unadjusted"
222,"4000",4.14878619495113,"Unadjusted"
223,"4000",4.23063690886545,"Unadjusted"
224,"4000",3.97104827332393,"Unadjusted"
225,"4000",4.42380995569659,"Unadjusted"
226,"4000",4.4588067619001,"Unadjusted"
227,"4000",4.17687063760173,"Unadjusted"
228,"4000",4.30629044441506,"Unadjusted"
229,"4000",4.12701615488857,"Unadjusted"
230,"4000",4.29772502472799,"Unadjusted"
231,"4000",4.01398796742951,"Unadjusted"
232,"4000",4.37381577445497,"Unadjusted"
233,"4000",4.23589714544631,"Unadjusted"
234,"4000",4.62475468854352,"Unadjusted"
235,"4000",3.95445468068145,"Unadjusted"
236,"4000",4.4731026680494,"Unadjusted"
237,"4000",4.54923616845582,"Unadjusted"
238,"4000",4.4280442804428,"Unadjusted"
239,"4000",4.68450591056841,"Unadjusted"
240,"4000",4.11450255874629,"Unadjusted"
241,"4000",4.06072166587188,"Unadjusted"
242,"4000",3.87930118722123,"Unadjusted"
243,"4000",3.97479712371602,"Unadjusted"
244,"4000",4.10881087471725,"Unadjusted"
245,"4000",4.2347973010184,"Unadjusted"
246,"4000",3.88802633841423,"Unadjusted"
247,"4000",3.7684198985026,"Unadjusted"
248,"4000",4.11608745203732,"Unadjusted"
249,"4000",4.40110696001107,"Unadjusted"
250,"4000",3.80212269808375,"Unadjusted"
251,"4000",4.36149667256729,"Unadjusted"
252,"4000",4.01226462168763,"Unadjusted"
253,"4000",4.46871945605213,"Unadjusted"
254,"4000",4.24211562940227,"Unadjusted"
255,"4000",4.2363315466074,"Unadjusted"
256,"4000",4.10152472363183,"Unadjusted"
257,"4000",4.52610374349505,"Unadjusted"
258,"4000",4.35383780667695,"Unadjusted"
259,"4000",4.45312564767436,"Unadjusted"
260,"4000",4.36057383524972,"Unadjusted"
261,"4000",4.37309811182737,"Unadjusted"
262,"4000",4.54785793093735,"Unadjusted"
263,"4000",4.22194341655554,"Unadjusted"
264,"4000",4.26950591755027,"Unadjusted"
265,"4000",3.88371394230769,"Unadjusted"
266,"4000",4.24006609244034,"Unadjusted"
267,"4000",4.43989071038251,"Unadjusted"
268,"4000",4.21515083218331,"Unadjusted"
269,"4000",4.35930141153924,"Unadjusted"
270,"4000",3.76348783016277,"Unadjusted"
271,"4000",4.25051710832129,"Unadjusted"
272,"4000",4.06704959150885,"Unadjusted"
273,"4000",3.9865596366613,"Unadjusted"
274,"4000",4.18557427906649,"Unadjusted"
275,"4000",3.92607297123426,"Unadjusted"
276,"4000",4.48878326884228,"Unadjusted"
277,"4000",4.41671306944276,"Unadjusted"
278,"4000",3.84772674959719,"Unadjusted"
279,"4000",4.07443569122692,"Unadjusted"
280,"4000",3.88666164765751,"Unadjusted"
281,"4000",4.35012858891431,"Unadjusted"
282,"4000",4.7283697268337,"Unadjusted"
283,"4000",4.46275877285659,"Unadjusted"
284,"4000",4.15025987377873,"Unadjusted"
285,"4000",4.26236892110634,"Unadjusted"
286,"4000",4.27365892462647,"Unadjusted"
287,"4000",4.42713275235005,"Unadjusted"
288,"4000",3.95494019502535,"Unadjusted"
289,"4000",3.88789925287919,"Unadjusted"
290,"4000",4.75120147874307,"Unadjusted"
291,"4000",4.36260720411664,"Unadjusted"
292,"4000",4.30131928254747,"Unadjusted"
293,"4000",4.15635375792333,"Unadjusted"
294,"4000",3.92856604388664,"Unadjusted"
295,"4000",3.88290638675844,"Unadjusted"
296,"4000",4.26210417879697,"Unadjusted"
297,"4000",4.37431611011137,"Unadjusted"
298,"4000",4.41245267766158,"Unadjusted"
299,"4000",3.94832449590593,"Unadjusted"
300,"4000",4.22643091965702,"Unadjusted"
301,"4000",4.19514208646592,"Unadjusted"
302,"4000",4.00993032297642,"Unadjusted"
303,"4000",3.81935763302512,"Unadjusted"
304,"4000",4.24133713954922,"Unadjusted"
305,"4000",4.04555925154168,"Unadjusted"
306,"4000",4.57250590586953,"Unadjusted"
307,"4000",4.21968992076735,"Unadjusted"
308,"4000",4.58970909142773,"Unadjusted"
309,"4000",3.89601181054858,"Unadjusted"
310,"4000",4.1240824467088,"Unadjusted"
311,"4000",4.35792082340763,"Unadjusted"
312,"4000",4.78994280178116,"Unadjusted"
313,"4000",4.10566753697381,"Unadjusted"
314,"4000",4.13756799607104,"Unadjusted"
315,"4000",4.20624756810671,"Unadjusted"
316,"4000",4.14382961594923,"Unadjusted"
317,"4000",4.00069341216918,"Unadjusted"
318,"4000",4.22265297928421,"Unadjusted"
319,"4000",4.63809617698932,"Unadjusted"
320,"4000",4.3547514372675,"Unadjusted"
321,"4000",4.3005887863579,"Unadjusted"
322,"4000",4.29493307205039,"Unadjusted"
323,"4000",4.25490728177295,"Unadjusted"
324,"4000",4.09838853692759,"Unadjusted"
325,"4000",3.96055154827333,"Unadjusted"
326,"4000",4.15699065014133,"Unadjusted"
327,"4000",4.11856637920368,"Unadjusted"
328,"4000",4.05737485976815,"Unadjusted"
329,"4000",4.20031235138872,"Unadjusted"
330,"4000",4.00328599880585,"Unadjusted"
331,"4000",3.9712961191813,"Unadjusted"
332,"4000",4.33504867280413,"Unadjusted"
333,"4000",3.84288163009102,"Unadjusted"
334,"4000",4.64285714285714,"Unadjusted"
335,"4000",3.98724157509769,"Unadjusted"
336,"4000",4.05200432008841,"Unadjusted"
337,"4000",3.98195883518386,"Unadjusted"
338,"4000",4.60841299055988,"Unadjusted"
339,"4000",4.08750450779181,"Unadjusted"
340,"4000",3.9915929263472,"Unadjusted"
341,"4000",4.42082875166387,"Unadjusted"
342,"4000",4.38764985754071,"Unadjusted"
343,"4000",4.17298376531273,"Unadjusted"
344,"4000",4.24186849231893,"Unadjusted"
345,"4000",4.73761120281843,"Unadjusted"
346,"4000",4.03879432444202,"Unadjusted"
347,"4000",3.99828887019858,"Unadjusted"
348,"4000",3.91232260998461,"Unadjusted"
349,"4000",4.09057409151595,"Unadjusted"
350,"4000",4.59142115416677,"Unadjusted"
351,"4000",4.30438602023624,"Unadjusted"
352,"4000",4.33263993477449,"Unadjusted"
353,"4000",4.13183451698468,"Unadjusted"
354,"4000",4.49871290769709,"Unadjusted"
355,"4000",3.71487349391788,"Unadjusted"
356,"4000",4.31186999571061,"Unadjusted"
357,"4000",4.45705637533106,"Unadjusted"
358,"4000",4.23868700265252,"Unadjusted"
359,"4000",3.95144164873263,"Unadjusted"
360,"4000",4.2807295788148,"Unadjusted"
361,"4000",4.12549208274491,"Unadjusted"
362,"4000",4.0531392664759,"Unadjusted"
363,"4000",4.23830097087379,"Unadjusted"
364,"4000",4.35613837191691,"Unadjusted"
365,"4000",3.96210947386615,"Unadjusted"
366,"4000",4.24,"Unadjusted"
367,"4000",4.0425561373477,"Unadjusted"
368,"4000",4.32186383788344,"Unadjusted"
369,"4000",4.09859059031797,"Unadjusted"
370,"4000",4.09128430769621,"Unadjusted"
371,"4000",3.94198694706309,"Unadjusted"
372,"4000",4.05380346507851,"Unadjusted"
373,"4000",4.18246706586826,"Unadjusted"
374,"4000",4.12110832167032,"Unadjusted"
375,"4000",4.10321886083517,"Unadjusted"
376,"4000",4.50002552287081,"Unadjusted"
377,"4000",3.91801211670754,"Unadjusted"
378,"4000",4.00570902605036,"Unadjusted"
379,"4000",4.58263179631959,"Unadjusted"
380,"4000",4.46505376344086,"Unadjusted"
381,"4000",3.81944863618103,"Unadjusted"
382,"4000",4.02436856141819,"Unadjusted"
383,"4000",4.06526168016298,"Unadjusted"
384,"4000",4.04383704913015,"Unadjusted"
385,"4000",4.34291200838775,"Unadjusted"
386,"4000",3.79067681342414,"Unadjusted"
387,"4000",4.14409276183444,"Unadjusted"
388,"4000",3.90113770225031,"Unadjusted"
389,"4000",4.22317921150854,"Unadjusted"
390,"4000",4.68209986291594,"Unadjusted"
391,"4000",4.08606205074386,"Unadjusted"
392,"4000",4.43899842818178,"Unadjusted"
393,"4000",4.86311534534519,"Unadjusted"
394,"4000",4.06844617422778,"Unadjusted"
395,"4000",4.34433641346764,"Unadjusted"
396,"4000",3.86426643743878,"Unadjusted"
397,"4000",4.17658425493004,"Unadjusted"
398,"4000",3.97228251794957,"Unadjusted"
399,"4000",4.47215718593718,"Unadjusted"
400,"4000",4.24478164850039,"Unadjusted"
401,"4000",4.62269059594022,"Unadjusted"
402,"4000",3.83438706423069,"Unadjusted"
403,"4000",3.93581801075819,"Unadjusted"
404,"4000",4.92006417904307,"Unadjusted"
405,"4000",3.96815041266771,"Unadjusted"
406,"4000",4.26580008814927,"Unadjusted"
407,"4000",4.25381909056484,"Unadjusted"
408,"4000",4.04757876352522,"Unadjusted"
409,"4000",4.00054014820316,"Unadjusted"
410,"4000",4.08016038845135,"Unadjusted"
411,"4000",4.2151609812252,"Unadjusted"
412,"4000",4.45597927388251,"Unadjusted"
413,"4000",4.05606008433661,"Unadjusted"
414,"4000",4.15382608014892,"Unadjusted"
415,"4000",4.30937333970292,"Unadjusted"
416,"4000",4.01492849289528,"Unadjusted"
417,"4000",4.72311517071194,"Unadjusted"
418,"4000",4.26744391925359,"Unadjusted"
419,"4000",4.61978641299471,"Unadjusted"
420,"4000",4.41942768296746,"Unadjusted"
421,"4000",4.55172458232772,"Unadjusted"
422,"4000",3.9864649954807,"Unadjusted"
423,"4000",3.75570754148379,"Unadjusted"
424,"4000",4.18382429478505,"Unadjusted"
425,"4000",4.27924528301887,"Unadjusted"
426,"4000",4.28942105075181,"Unadjusted"
427,"4000",4.07740229816522,"Unadjusted"
428,"4000",3.90325800256793,"Unadjusted"
429,"4000",4.17849423631124,"Unadjusted"
430,"4000",4.22033644859813,"Unadjusted"
431,"4000",4.451459447311,"Unadjusted"
432,"4000",4.04388842271213,"Unadjusted"
433,"4000",4.58432185973599,"Unadjusted"
434,"4000",4.08651973347002,"Unadjusted"
435,"4000",3.93923468013743,"Unadjusted"
436,"4000",4.33898649105794,"Unadjusted"
437,"4000",4.11735736950827,"Unadjusted"
438,"4000",4.10125496084951,"Unadjusted"
439,"4000",5.07585018272346,"Unadjusted"
440,"4000",4.6903285090742,"Unadjusted"
441,"4000",4.06425336486959,"Unadjusted"
442,"4000",3.88156054322192,"Unadjusted"
443,"4000",4.25388825309798,"Unadjusted"
444,"4000",4.54572386344792,"Unadjusted"
445,"4000",4.40858565577062,"Unadjusted"
446,"4000",4.02947308456716,"Unadjusted"
447,"4000",4.18386430357725,"Unadjusted"
448,"4000",4.05795084041745,"Unadjusted"
449,"4000",3.81115548228125,"Unadjusted"
450,"4000",4.38886263937071,"Unadjusted"
451,"4000",4.66599956068631,"Unadjusted"
452,"4000",4.10562733120709,"Unadjusted"
453,"4000",4.20714748741264,"Unadjusted"
454,"4000",4.19444149944859,"Unadjusted"
455,"4000",4.12143551212278,"Unadjusted"
456,"4000",4.21430844856244,"Unadjusted"
457,"4000",4.03996390316133,"Unadjusted"
458,"4000",4.48269434639266,"Unadjusted"
459,"4000",4.06235675748216,"Unadjusted"
460,"4000",4.19547326002681,"Unadjusted"
461,"4000",3.95174708818636,"Unadjusted"
462,"4000",4.34626827532079,"Unadjusted"
463,"4000",4.07458913448346,"Unadjusted"
464,"4000",4.02677349968861,"Unadjusted"
465,"4000",3.93020877865106,"Unadjusted"
466,"4000",4.04378060498743,"Unadjusted"
467,"4000",4.23562102946878,"Unadjusted"
468,"4000",4.10515164576887,"Unadjusted"
469,"4000",4.47331727780515,"Unadjusted"
470,"4000",4.23878624466657,"Unadjusted"
471,"4000",4.74589696775308,"Unadjusted"
472,"4000",3.97412723784162,"Unadjusted"
473,"4000",4.34173669467787,"Unadjusted"
474,"4000",4.29163136254582,"Unadjusted"
475,"4000",3.96894522557568,"Unadjusted"
476,"4000",4.37741323767964,"Unadjusted"
477,"4000",3.92692460790524,"Unadjusted"
478,"4000",4.24853267133611,"Unadjusted"
479,"4000",3.87186108646525,"Unadjusted"
480,"4000",4.52699386503067,"Unadjusted"
481,"4000",3.96658940329429,"Unadjusted"
482,"4000",4.53339783567631,"Unadjusted"
483,"4000",4.52004416187612,"Unadjusted"
484,"4000",4.41206262456083,"Unadjusted"
485,"4000",4.26092405324872,"Unadjusted"
486,"4000",4.23021226099526,"Unadjusted"
487,"4000",4.43145879005711,"Unadjusted"
488,"4000",4.20890958179514,"Unadjusted"
489,"4000",4.18456404998175,"Unadjusted"
490,"4000",3.84932752673267,"Unadjusted"
491,"4000",4.56895635673624,"Unadjusted"
492,"4000",3.84041702564882,"Unadjusted"
493,"4000",3.97618263411421,"Unadjusted"
494,"4000",4.49845767325005,"Unadjusted"
495,"4000",4.29958058717795,"Unadjusted"
496,"4000",4.04990588760411,"Unadjusted"
497,"4000",3.91544048211802,"Unadjusted"
498,"4000",4.20952381996192,"Unadjusted"
499,"4000",4.04198377097928,"Unadjusted"
500,"4000",4.17901937435354,"Unadjusted"
501,"4000",4.44757368291926,"Unadjusted"
502,"4000",4.28865865755538,"Unadjusted"
503,"4000",4.42179989647268,"Unadjusted"
504,"4000",3.83026383463007,"Unadjusted"
505,"4000",4.04759569863384,"Unadjusted"
506,"4000",4.339120938812,"Unadjusted"
507,"4000",4.34193499679987,"Unadjusted"
508,"4000",4.35638458476868,"Unadjusted"
509,"4000",4.39396003059375,"Unadjusted"
510,"4000",4.19996623432719,"Unadjusted"
511,"4000",4.54058096250997,"Unadjusted"
512,"4000",4.25531914893617,"Unadjusted"
513,"4000",4.1346254808975,"Unadjusted"
514,"4000",4.38246543100912,"Unadjusted"
515,"4000",4.33694615790934,"Unadjusted"
516,"4000",3.9152382143714,"Unadjusted"
517,"4000",3.83575173397098,"Unadjusted"
518,"4000",4.58476396396396,"Unadjusted"
519,"4000",4.23908466043855,"Unadjusted"
520,"4000",4.19916155873853,"Unadjusted"
521,"4000",4.08870416044551,"Unadjusted"
522,"4000",4.14218610803661,"Unadjusted"
523,"4000",3.98720863687687,"Unadjusted"
524,"4000",4.39864155969748,"Unadjusted"
525,"4000",4.64358113838474,"Unadjusted"
526,"4000",4.70313807968552,"Unadjusted"
527,"4000",4.35977708572365,"Unadjusted"
528,"4000",4.13397012663708,"Unadjusted"
529,"4000",3.94202772874147,"Unadjusted"
530,"4000",4.26123267920698,"Unadjusted"
531,"4000",4.14007758123001,"Unadjusted"
532,"4000",4.48079020104158,"Unadjusted"
533,"4000",4.14192761285075,"Unadjusted"
534,"4000",4.34100557631039,"Unadjusted"
535,"4000",3.91831437013404,"Unadjusted"
536,"4000",3.99554130366568,"Unadjusted"
537,"4000",4.15396882333367,"Unadjusted"
538,"4000",4.13464460704958,"Unadjusted"
539,"4000",4.01434776125359,"Unadjusted"
540,"4000",4.11371014164015,"Unadjusted"
541,"4000",4.29892410584472,"Unadjusted"
542,"4000",4.28486821567141,"Unadjusted"
543,"4000",4.38311331381961,"Unadjusted"
544,"4000",4.17320353285104,"Unadjusted"
545,"4000",4.06091888717641,"Unadjusted"
546,"4000",4.76550023803827,"Unadjusted"
547,"4000",4.14912685695663,"Unadjusted"
548,"4000",3.95166619190888,"Unadjusted"
549,"4000",3.89973713856553,"Unadjusted"
550,"4000",4.38277041324015,"Unadjusted"
551,"4000",4.26124695670583,"Unadjusted"
552,"4000",4.16779157667387,"Unadjusted"
553,"4000",4.64542913505348,"Unadjusted"
554,"4000",4.35305231980845,"Unadjusted"
555,"4000",4.10683528441458,"Unadjusted"
556,"4000",3.94251878655797,"Unadjusted"
557,"4000",3.92048423246585,"Unadjusted"
558,"4000",4.51462765957447,"Unadjusted"
559,"4000",4.50023667384931,"Unadjusted"
560,"4000",4.12295404385969,"Unadjusted"
561,"4000",4.20517913535882,"Unadjusted"
562,"4000",4.3036650098408,"Unadjusted"
563,"4000",4.19378779549203,"Unadjusted"
564,"4000",4.3695450314359,"Unadjusted"
565,"4000",4.21178231983931,"Unadjusted"
566,"4000",4.16145363283914,"Unadjusted"
567,"4000",4.30729271093451,"Unadjusted"
568,"4000",4.3133361911423,"Unadjusted"
569,"4000",4.47134117076944,"Unadjusted"
570,"4000",3.9210444333953,"Unadjusted"
571,"4000",4.2098222474608,"Unadjusted"
572,"4000",4.30518850987433,"Unadjusted"
573,"4000",4.43905397210431,"Unadjusted"
574,"4000",4.7274130484593,"Unadjusted"
575,"4000",4.0280313713329,"Unadjusted"
576,"4000",4.04682979857414,"Unadjusted"
577,"4000",4.23962259825578,"Unadjusted"
578,"4000",4.05442650334076,"Unadjusted"
579,"4000",4.01189528954092,"Unadjusted"
580,"4000",4.09970881757929,"Unadjusted"
581,"4000",4.73710117650541,"Unadjusted"
582,"4000",4.56524751273096,"Unadjusted"
583,"4000",4.97634395143626,"Unadjusted"
584,"4000",4.37508856454584,"Unadjusted"
585,"4000",4.29996512033485,"Unadjusted"
586,"4000",4.25417727836862,"Unadjusted"
587,"4000",4.34634096425952,"Unadjusted"
588,"4000",3.72127560521415,"Unadjusted"
589,"4000",4.60350423452532,"Unadjusted"
590,"4000",4.24597031882411,"Unadjusted"
591,"4000",4.25854712676237,"Unadjusted"
592,"4000",4.30016031902138,"Unadjusted"
593,"4000",4.34075575375745,"Unadjusted"
594,"4000",4.12989392363239,"Unadjusted"
595,"4000",4.45986752112729,"Unadjusted"
596,"4000",3.85239138262122,"Unadjusted"
597,"4000",4.84717902701159,"Unadjusted"
598,"4000",3.97255919864542,"Unadjusted"
599,"4000",4.26383898872623,"Unadjusted"
600,"4000",4.43109885704431,"Unadjusted"
601,"4000",4.36119307064204,"Unadjusted"
602,"4000",4.05235374474629,"Unadjusted"
603,"4000",4.31254584814869,"Unadjusted"
604,"4000",4.14145576780116,"Unadjusted"
605,"4000",4.46483200769245,"Unadjusted"
606,"4000",4.01650103131446,"Unadjusted"
607,"4000",4.20860838694579,"Unadjusted"
608,"4000",4.1599061491627,"Unadjusted"
609,"4000",3.92819372597603,"Unadjusted"
610,"4000",3.97632704571668,"Unadjusted"
611,"4000",4.54949236761463,"Unadjusted"
612,"4000",3.64501421652513,"Unadjusted"
613,"4000",4.14273263326813,"Unadjusted"
614,"4000",4.40584657704872,"Unadjusted"
615,"4000",4.15918282082834,"Unadjusted"
616,"4000",3.89786766583824,"Unadjusted"
617,"4000",4.06779661016949,"Unadjusted"
618,"4000",4.13055332798717,"Unadjusted"
619,"4000",4.12611289582377,"Unadjusted"
620,"4000",4.03321388054651,"Unadjusted"
621,"4000",4.74100847944988,"Unadjusted"
622,"4000",4.07172352669356,"Unadjusted"
623,"4000",4.37995228517267,"Unadjusted"
624,"4000",3.77752557384061,"Unadjusted"
625,"4000",3.71096564672451,"Unadjusted"
626,"4000",3.8407346068015,"Unadjusted"
627,"4000",3.99364252214695,"Unadjusted"
628,"4000",4.61675935553415,"Unadjusted"
629,"4000",4.10076952997698,"Unadjusted"
630,"4000",4.28858047667076,"Unadjusted"
631,"4000",3.80094036105098,"Unadjusted"
632,"4000",3.97068379336358,"Unadjusted"
633,"4000",4.12328459791935,"Unadjusted"
634,"4000",4.41658018712048,"Unadjusted"
635,"4000",4.24239681390297,"Unadjusted"
636,"4000",4.14666229950471,"Unadjusted"
637,"4000",4.43113214948268,"Unadjusted"
638,"4000",4.41303819161652,"Unadjusted"
639,"4000",3.8169685743422,"Unadjusted"
640,"4000",3.68800968790239,"Unadjusted"
641,"4000",4.37887009183703,"Unadjusted"
642,"4000",4.1025641025641,"Unadjusted"
643,"4000",3.85526194076672,"Unadjusted"
644,"4000",3.85718999477558,"Unadjusted"
645,"4000",4.29576170797044,"Unadjusted"
646,"4000",4.15845742321854,"Unadjusted"
647,"4000",4.14011761284694,"Unadjusted"
648,"4000",3.98877035373386,"Unadjusted"
649,"4000",4.15730707500108,"Unadjusted"
650,"4000",4.04891456049533,"Unadjusted"
651,"4000",4.1504597380886,"Unadjusted"
652,"4000",4.49547286640575,"Unadjusted"
653,"4000",4.54867829437035,"Unadjusted"
654,"4000",4.16494202879734,"Unadjusted"
655,"4000",4.26928818492242,"Unadjusted"
656,"4000",4.43246567505721,"Unadjusted"
657,"4000",4.00945104804117,"Unadjusted"
658,"4000",3.9578651451678,"Unadjusted"
659,"4000",4.35930141153924,"Unadjusted"
660,"4000",4.52241314678888,"Unadjusted"
661,"4000",4.11062431194516,"Unadjusted"
662,"4000",4.15277693972019,"Unadjusted"
663,"4000",4.28380023667562,"Unadjusted"
664,"4000",3.99331037223473,"Unadjusted"
665,"4000",4.1169212440965,"Unadjusted"
666,"4000",4.25504494994966,"Unadjusted"
667,"4000",4.09536808641275,"Unadjusted"
668,"4000",4.17927662113778,"Unadjusted"
669,"4000",4.23626928322205,"Unadjusted"
670,"4000",3.79269259351003,"Unadjusted"
671,"4000",4.25157274573112,"Unadjusted"
672,"4000",4.24198859813746,"Unadjusted"
673,"4000",4.62682360902983,"Unadjusted"
674,"4000",4.24100501797217,"Unadjusted"
675,"4000",4.17127648459573,"Unadjusted"
676,"4000",4.29371131729416,"Unadjusted"
677,"4000",3.79636081730127,"Unadjusted"
678,"4000",4.40745604051833,"Unadjusted"
679,"4000",3.88127575776032,"Unadjusted"
680,"4000",3.88009469339526,"Unadjusted"
681,"4000",4.20305658503038,"Unadjusted"
682,"4000",4.1698751411645,"Unadjusted"
683,"4000",4.27852504586769,"Unadjusted"
684,"4000",4.31468215445385,"Unadjusted"
685,"4000",4.17211966402325,"Unadjusted"
686,"4000",4.19470241230611,"Unadjusted"
687,"4000",4.20525742304549,"Unadjusted"
688,"4000",3.90780831914376,"Unadjusted"
689,"4000",4.32927888792354,"Unadjusted"
690,"4000",4.29197699441915,"Unadjusted"
691,"4000",4.25949887407513,"Unadjusted"
692,"4000",4.0670436187399,"Unadjusted"
693,"4000",4.08396946564885,"Unadjusted"
694,"4000",4.64773504726481,"Unadjusted"
695,"4000",4.31655912438808,"Unadjusted"
696,"4000",3.65627759621408,"Unadjusted"
697,"4000",4.13622739996601,"Unadjusted"
698,"4000",3.89149043835002,"Unadjusted"
699,"4000",3.80709658637441,"Unadjusted"
700,"4000",4.49222256263696,"Unadjusted"
701,"4000",4.30202073088441,"Unadjusted"
702,"4000",4.4618887544782,"Unadjusted"
703,"4000",3.9755139993801,"Unadjusted"
704,"4000",4.29561954713939,"Unadjusted"
705,"4000",4.14720326390813,"Unadjusted"
706,"4000",4.1622394769105,"Unadjusted"
707,"4000",4.24366260732726,"Unadjusted"
708,"4000",3.80187037198018,"Unadjusted"
709,"4000",4.32745432707504,"Unadjusted"
710,"4000",4.0665398034289,"Unadjusted"
711,"4000",4.15533556558451,"Unadjusted"
712,"4000",4.30679145846478,"Unadjusted"
713,"4000",3.82671973589734,"Unadjusted"
714,"4000",4.29875323978908,"Unadjusted"
715,"4000",4.90941141267097,"Unadjusted"
716,"4000",4.31584799425917,"Unadjusted"
717,"4000",4.31984928091913,"Unadjusted"
718,"4000",4.40277068902661,"Unadjusted"
719,"4000",4.37945173221039,"Unadjusted"
720,"4000",4.67095814985981,"Unadjusted"
721,"4000",4.27634897574217,"Unadjusted"
722,"4000",4.48133507975862,"Unadjusted"
723,"4000",4.195646786355,"Unadjusted"
724,"4000",4.16950848608728,"Unadjusted"
725,"4000",4.27687188019967,"Unadjusted"
726,"4000",3.83384458485049,"Unadjusted"
727,"4000",4.03508639029348,"Unadjusted"
728,"4000",4.10801950805768,"Unadjusted"
729,"4000",4.32076544613939,"Unadjusted"
730,"4000",4.01650509678135,"Unadjusted"
731,"4000",4.16935231267184,"Unadjusted"
732,"4000",4.61285739309835,"Unadjusted"
733,"4000",4.27893681390114,"Unadjusted"
734,"4000",4.63439522330886,"Unadjusted"
735,"4000",4.52190605425275,"Unadjusted"
736,"4000",4.1868417148791,"Unadjusted"
737,"4000",4.08102570025742,"Unadjusted"
738,"4000",4.09851842256703,"Unadjusted"
739,"4000",4.02030321244907,"Unadjusted"
740,"4000",4.13892728068745,"Unadjusted"
741,"4000",3.92545742620012,"Unadjusted"
742,"4000",4.45208851165621,"Unadjusted"
743,"4000",4.24675947886295,"Unadjusted"
744,"4000",4.27209008556235,"Unadjusted"
745,"4000",4.43584655029814,"Unadjusted"
746,"4000",4.28671309947353,"Unadjusted"
747,"4000",4.14838092338473,"Unadjusted"
748,"4000",4.31811638789304,"Unadjusted"
749,"4000",4.25965204690153,"Unadjusted"
750,"4000",3.95193967331818,"Unadjusted"
751,"4000",4.03727102447697,"Unadjusted"
752,"4000",4.76274835720376,"Unadjusted"
753,"4000",4.48131489855731,"Unadjusted"
754,"4000",4.00842672009015,"Unadjusted"
755,"4000",4.08667681921187,"Unadjusted"
756,"4000",4.56519479786591,"Unadjusted"
757,"4000",3.99406522905178,"Unadjusted"
758,"4000",3.94861309044344,"Unadjusted"
759,"4000",4.22767243808305,"Unadjusted"
760,"4000",4.05759162303665,"Unadjusted"
761,"4000",3.93629174215465,"Unadjusted"
762,"4000",4.42110990707974,"Unadjusted"
763,"4000",4.06562367677169,"Unadjusted"
764,"4000",4.08654693953316,"Unadjusted"
765,"4000",4.45370831172718,"Unadjusted"
766,"4000",4.14502346865678,"Unadjusted"
767,"4000",4.20685130842335,"Unadjusted"
768,"4000",3.97490230134607,"Unadjusted"
769,"4000",3.87338248008636,"Unadjusted"
770,"4000",3.94660754837185,"Unadjusted"
771,"4000",4.18821563328242,"Unadjusted"
772,"4000",4.32255655226866,"Unadjusted"
773,"4000",3.70311821083794,"Unadjusted"
774,"4000",4.65638254555326,"Unadjusted"
775,"4000",3.88070084192049,"Unadjusted"
776,"4000",4.62498697771663,"Unadjusted"
777,"4000",3.71003359976951,"Unadjusted"
778,"4000",4.47918177861599,"Unadjusted"
779,"4000",4.00353773584906,"Unadjusted"
780,"4000",4.21840136050658,"Unadjusted"
781,"4000",4.80329710523566,"Unadjusted"
782,"4000",4.05781981692085,"Unadjusted"
783,"4000",4.1806793838842,"Unadjusted"
784,"4000",4.33340535254351,"Unadjusted"
785,"4000",4.2923259343366,"Unadjusted"
786,"4000",4.23522000066315,"Unadjusted"
787,"4000",3.88405830497199,"Unadjusted"
788,"4000",4.4184839860282,"Unadjusted"
789,"4000",4.28274792354648,"Unadjusted"
790,"4000",4.59084816352909,"Unadjusted"
791,"4000",4.03945584513161,"Unadjusted"
792,"4000",4.32538293957625,"Unadjusted"
793,"4000",4.29962827267136,"Unadjusted"
794,"4000",4.75492827406267,"Unadjusted"
795,"4000",4.32975146569348,"Unadjusted"
796,"4000",4.28603685191893,"Unadjusted"
797,"4000",4.04916987647762,"Unadjusted"
798,"4000",4.31472684085511,"Unadjusted"
799,"4000",3.85918436648529,"Unadjusted"
800,"4000",4.44982643215207,"Unadjusted"
801,"4000",4.11436845751232,"Unadjusted"
802,"4000",4.23815654898376,"Unadjusted"
803,"4000",4.57111509523958,"Unadjusted"
804,"4000",3.93521259570762,"Unadjusted"
805,"4000",4.10817396832124,"Unadjusted"
806,"4000",4.45065477474218,"Unadjusted"
807,"4000",4.19740341050619,"Unadjusted"
808,"4000",4.54617867157327,"Unadjusted"
809,"4000",4.23274715303996,"Unadjusted"
810,"4000",4.50069053782832,"Unadjusted"
811,"4000",4.19945105215004,"Unadjusted"
812,"4000",4.1250386481728,"Unadjusted"
813,"4000",4.3010752688172,"Unadjusted"
814,"4000",4.52376419634836,"Unadjusted"
815,"4000",4.70880951211124,"Unadjusted"
816,"4000",4.24859504132231,"Unadjusted"
817,"4000",4.45547997678468,"Unadjusted"
818,"4000",4.71755918282322,"Unadjusted"
819,"4000",4.57558471870161,"Unadjusted"
820,"4000",4.35109819998371,"Unadjusted"
821,"4000",4.08587221092099,"Unadjusted"
822,"4000",4.08039294520709,"Unadjusted"
823,"4000",3.9909399159094,"Unadjusted"
824,"4000",4.7359111678868,"Unadjusted"
825,"4000",4.48492039948581,"Unadjusted"
826,"4000",4.35874895198387,"Unadjusted"
827,"4000",3.8133937186177,"Unadjusted"
828,"4000",4.24226706063082,"Unadjusted"
829,"4000",4.01681777256643,"Unadjusted"
830,"4000",4.71049896049896,"Unadjusted"
831,"4000",4.08765953888117,"Unadjusted"
832,"4000",3.91829054726165,"Unadjusted"
833,"4000",4.17223167910611,"Unadjusted"
834,"4000",3.89260675492451,"Unadjusted"
835,"4000",4.68112622355474,"Unadjusted"
836,"4000",4.41152656945216,"Unadjusted"
837,"4000",4.01175416712015,"Unadjusted"
838,"4000",4.66727075027184,"Unadjusted"
839,"4000",4.25422065612525,"Unadjusted"
840,"4000",3.89595039204633,"Unadjusted"
841,"4000",4.22874671917449,"Unadjusted"
842,"4000",3.77952755905512,"Unadjusted"
843,"4000",4.77398465022024,"Unadjusted"
844,"4000",4.03733659958186,"Unadjusted"
845,"4000",4.63458964806308,"Unadjusted"
846,"4000",4.08514492753623,"Unadjusted"
847,"4000",4.4695029703701,"Unadjusted"
848,"4000",4.21341598406022,"Unadjusted"
849,"4000",4.58450674206795,"Unadjusted"
850,"4000",3.98676044812066,"Unadjusted"
851,"4000",4.02223633387614,"Unadjusted"
852,"4000",4.12699531422981,"Unadjusted"
853,"4000",3.9474249888043,"Unadjusted"
854,"4000",4.11382179497536,"Unadjusted"
855,"4000",4.06699294319676,"Unadjusted"
856,"4000",4.45346088396265,"Unadjusted"
857,"4000",4.18803797305083,"Unadjusted"
858,"4000",4.16233089518258,"Unadjusted"
859,"4000",4.5238354703603,"Unadjusted"
860,"4000",4.17059968124117,"Unadjusted"
861,"4000",4.07879869290464,"Unadjusted"
862,"4000",4.19544236333513,"Unadjusted"
863,"4000",4.12547923834762,"Unadjusted"
864,"4000",3.8918404838159,"Unadjusted"
865,"4000",4.01649282575316,"Unadjusted"
866,"4000",3.76579293575934,"Unadjusted"
867,"4000",4.28165303009291,"Unadjusted"
868,"4000",3.88799816765918,"Unadjusted"
869,"4000",4.48211585719899,"Unadjusted"
870,"4000",4.301322534728,"Unadjusted"
871,"4000",4.2683850558068,"Unadjusted"
872,"4000",4.19630758141668,"Unadjusted"
873,"4000",3.78774054666534,"Unadjusted"
874,"4000",4.07282534549405,"Unadjusted"
875,"4000",4.13407221713871,"Unadjusted"
876,"4000",4.40851556683121,"Unadjusted"
877,"4000",4.35519214162349,"Unadjusted"
878,"4000",4.11956602939952,"Unadjusted"
879,"4000",4.48914118152609,"Unadjusted"
880,"4000",4.35351626702565,"Unadjusted"
881,"4000",4.2462578009796,"Unadjusted"
882,"4000",4.61788637400091,"Unadjusted"
883,"4000",4.09741720604446,"Unadjusted"
884,"4000",3.9078248333033,"Unadjusted"
885,"4000",4.43770556842469,"Unadjusted"
886,"4000",4.85358203544832,"Unadjusted"
887,"4000",4.06523721087287,"Unadjusted"
888,"4000",4.04244299455169,"Unadjusted"
889,"4000",4.14182417902243,"Unadjusted"
890,"4000",4.31147854086174,"Unadjusted"
891,"4000",4.34086398092386,"Unadjusted"
892,"4000",4.38294898672257,"Unadjusted"
893,"4000",4.12998444956834,"Unadjusted"
894,"4000",4.24285503994576,"Unadjusted"
895,"4000",4.01367033259789,"Unadjusted"
896,"4000",4.30366878219093,"Unadjusted"
897,"4000",4.06781513414374,"Unadjusted"
898,"4000",4.12207059738744,"Unadjusted"
899,"4000",3.84768845789177,"Unadjusted"
900,"4000",4.57068824761296,"Unadjusted"
901,"4000",4.31129476584022,"Unadjusted"
902,"4000",4.15547029894173,"Unadjusted"
903,"4000",4.28785261945884,"Unadjusted"
904,"4000",4.14552392108185,"Unadjusted"
905,"4000",4.16253062844858,"Unadjusted"
906,"4000",3.77651487216113,"Unadjusted"
907,"4000",4.55995417106376,"Unadjusted"
908,"4000",4.36181716770441,"Unadjusted"
909,"4000",4.14656735068808,"Unadjusted"
910,"4000",4.03276020101773,"Unadjusted"
911,"4000",4.55115853364806,"Unadjusted"
912,"4000",4.33866776090822,"Unadjusted"
913,"4000",4.00279426735315,"Unadjusted"
914,"4000",4.88312292834636,"Unadjusted"
915,"4000",4.08191091422079,"Unadjusted"
916,"4000",4.5125232678994,"Unadjusted"
917,"4000",4.40138430409623,"Unadjusted"
918,"4000",4.23328836979766,"Unadjusted"
919,"4000",4.28337065918351,"Unadjusted"
920,"4000",4.4173774757843,"Unadjusted"
921,"4000",4.41851911493231,"Unadjusted"
922,"4000",4.2229326786144,"Unadjusted"
923,"4000",4.47701638869964,"Unadjusted"
924,"4000",4.40442162600843,"Unadjusted"
925,"4000",4.48171511915069,"Unadjusted"
926,"4000",4.45115660796917,"Unadjusted"
927,"4000",4.00608754388452,"Unadjusted"
928,"4000",4.54730432972523,"Unadjusted"
929,"4000",4.17943277444054,"Unadjusted"
930,"4000",3.9673735725938,"Unadjusted"
931,"4000",4.17686528514393,"Unadjusted"
932,"4000",4.32095030077342,"Unadjusted"
933,"4000",4.38455120233351,"Unadjusted"
934,"4000",3.98029687150746,"Unadjusted"
935,"4000",4.30103818346136,"Unadjusted"
936,"4000",4.28438157507749,"Unadjusted"
937,"4000",4.48215090597674,"Unadjusted"
938,"4000",4.40623226863978,"Unadjusted"
939,"4000",4.05393236508256,"Unadjusted"
940,"4000",4.00245008536285,"Unadjusted"
941,"4000",4.2435211433906,"Unadjusted"
942,"4000",4.16170619764557,"Unadjusted"
943,"4000",4.4783043610998,"Unadjusted"
944,"4000",4.4814238135469,"Unadjusted"
945,"4000",4.09247229652274,"Unadjusted"
946,"4000",4.46138505953692,"Unadjusted"
947,"4000",3.89925408423204,"Unadjusted"
948,"4000",4.39361827560796,"Unadjusted"
949,"4000",4.36571051380533,"Unadjusted"
950,"4000",4.09846946610473,"Unadjusted"
951,"4000",4.2713168919214,"Unadjusted"
952,"4000",4.10761538723173,"Unadjusted"
953,"4000",4.62348950705906,"Unadjusted"
954,"4000",4.06183475074531,"Unadjusted"
955,"4000",4.27696520965829,"Unadjusted"
956,"4000",4.40625,"Unadjusted"
957,"4000",3.93493523187976,"Unadjusted"
958,"4000",4.277266191384,"Unadjusted"
959,"4000",4.12058605646555,"Unadjusted"
960,"4000",4.40457529141053,"Unadjusted"
961,"4000",4.32580885778797,"Unadjusted"
962,"4000",4.06768297549685,"Unadjusted"
963,"4000",4.12298815931109,"Unadjusted"
964,"4000",4.11560621242485,"Unadjusted"
965,"4000",4.58451669339554,"Unadjusted"
966,"4000",4.21024467523323,"Unadjusted"
967,"4000",4.04916201117318,"Unadjusted"
968,"4000",4.32331914826388,"Unadjusted"
969,"4000",4.20135068574118,"Unadjusted"
970,"4000",3.87907917224999,"Unadjusted"
971,"4000",4.37634556370005,"Unadjusted"
972,"4000",4.25118508750045,"Unadjusted"
973,"4000",4.3573964028655,"Unadjusted"
974,"4000",4.25776977804427,"Unadjusted"
975,"4000",4.42166463095446,"Unadjusted"
976,"4000",3.95595388797809,"Unadjusted"
977,"4000",4.04780116726217,"Unadjusted"
978,"4000",4.0429335486309,"Unadjusted"
979,"4000",4.64105454010879,"Unadjusted"
980,"4000",4.02220545159186,"Unadjusted"
981,"4000",4.02368068907496,"Unadjusted"
982,"4000",4.38037125528396,"Unadjusted"
983,"4000",4.51301518438178,"Unadjusted"
984,"4000",3.8558455556451,"Unadjusted"
985,"4000",3.77721474110766,"Unadjusted"
986,"4000",4.57804312466509,"Unadjusted"
987,"4000",3.95248596254588,"Unadjusted"
988,"4000",4.17077695116474,"Unadjusted"
989,"4000",4.47010995103021,"Unadjusted"
990,"4000",4.06032140525285,"Unadjusted"
991,"4000",4.14573391476057,"Unadjusted"
992,"4000",4.22299317849154,"Unadjusted"
993,"4000",4.17045523474463,"Unadjusted"
994,"4000",3.76265161553359,"Unadjusted"
995,"4000",4.17420736542436,"Unadjusted"
996,"4000",4.30930874587901,"Unadjusted"
997,"4000",4.29323465415214,"Unadjusted"
998,"4000",4.44513650690646,"Unadjusted"
999,"4000",4.63003687481396,"Unadjusted"
1000,"4000",4.30309983012338,"Unadjusted"
