"X1","X2","X3","X4","X5","X6","X7","X8"
2.18431581547151,4.32363614407002,2.34446596963855,6.16641337324015,2.96735779564121,4.81998776586888,3.41840220356385,5.28119764882524
-1.32408660370964,15.3297220342357,1.95714777384257,6.8957827909937,2.27308806922763,4.14322099927911,3.34977462096751,5.23309059603097
2.18706028562276,5.68735536846473,2.64776729490457,4.69355658947125,2.67468944424284,4.72841838098648,3.13086602387096,4.73823284114552
1.71069326011161,5.70920884256355,1.91267475123602,4.88329351962345,3.1425920787785,5.49129638441452,3.01554469358656,4.53714263628346
1.13150798365016,7.3574559475663,1.49877953631638,10.1795756878272,2.77354505444555,5.39672572555403,2.94317091057136,5.10288942523712
1.69752198117264,7.03756036846344,2.67651463670616,5.81691218708685,2.73219556010262,5.41531818652745,3.40927034955651,5.89147963267946
1.87689871673036,4.41607908405395,0.235550199346226,12.6358432921971,3.21048459436086,5.91139834140421,3.41391354612642,6.12755698368478
1.58478432998706,6.13123189800065,2.3919993117957,4.90275266371977,2.85611613079031,8.94260826668704,3.36036830412158,5.61378733841793
0.0652509060310127,13.0772203097406,2.02630440032041,5.5999909850916,3.18883673457428,7.45092242430351,3.54741776843608,6.2438835518873
0.0315858637135698,11.8658551218786,1.66740779426718,11.9839723175819,2.74354551709421,5.81663922692799,3.39453822148529,5.19372762262337
1.6255012406055,7.28688264851143,2.51290715795962,6.89515638220544,3.20013732500211,5.26944635332836,3.70380043257744,6.73561352025815
0.973905407309801,6.90319879420874,1.8768730877323,6.4120799937016,2.37621825990065,8.54538977892094,3.04174751590937,4.37638421421127
1.71355107735869,6.57973434549881,2.19755029964721,4.61917119226274,3.01009581389955,5.14131054191147,3.34789945337553,5.22357377811512
2.10170644948181,4.93950372189036,1.57015296736974,6.72843223849964,2.66994708149512,4.65803599185288,3.57423673683669,6.09912845830073
-0.389537401897574,10.3633014652651,2.13390707491377,3.88629214600198,2.92953499261547,4.7786077888201,2.80633527760611,4.15215604632525
-4.12233628506475,20.6956020553209,2.42768987024403,5.60476790279763,2.994876259534,6.21761629755284,3.21609360544579,5.76412755716765
-4.75010018119535,22.2414490068469,2.42649271910892,5.41162839261881,2.38516714517987,3.98225962408083,2.95008058020882,4.1389363067817
-2.16680181400402,11.0918164493508,2.219469853467,5.60028294218614,2.82258167482986,6.843955480488,3.43989993055532,7.14582040386179
-8.28550729974298,29.0978889783695,2.15985816793157,4.09708637717042,2.93728425355867,5.14126242740893,3.3754227454194,5.5726829772486
2.09841686456889,5.08380822549614,2.43311855074976,6.16336689118318,3.05224461909692,5.92064457346313,3.46631022772611,6.23404416468709
2.66821712441961,7.072105708004,2.00770677023507,4.35969818335956,3.07240434859956,6.0005596037014,3.15716749161146,4.58571352301302
-9.68636177117704,32.1487069676348,0.460931506706485,17.0927339428386,2.66446906642151,5.01802145013315,3.6876547888625,7.24414175983677
0.326479078906578,14.8534788013377,2.51182594779372,7.1136101539668,3.14909340900859,7.49552058463153,3.65626402281201,6.25505196177849
0.771483173077929,10.1318166213675,2.47846271483313,5.0439745249527,2.96082895247286,6.00352784387425,3.19837670991144,4.69841295448831
2.24561644276773,7.03357424906122,2.52544850010878,4.67118940019293,2.69292343283231,9.00660141481838,3.10025421073355,4.69969663706094
0.316482940537719,10.6221692637665,2.25159940604583,6.67642768705851,2.83767981941264,5.09136001182066,2.78729556994173,3.88700970099857
1.36058945558413,5.49863297283255,2.56469308864869,4.97684198416036,2.87024396798503,4.36302837747929,3.63160132183923,5.9538299866027
0.421167406002694,8.90276529143693,1.66723777390916,6.43543786312397,2.80662195467241,4.47277046160596,3.39325595350936,5.11249416074425
NA,NA,0.93842864349959,8.97996241783589,2.71577404760911,7.09644067880459,3.06679514867892,4.65824536343133
1.60633535397374,9.54661198505218,2.1874489739378,9.15871177153098,2.72872735912967,8.31378205005318,2.900741736248,4.30508917081175
1.60054857833689,4.24151904167016,2.11427818338578,4.13745126373447,2.8469535928225,4.93708049230156,3.65826525043706,6.74335059478511
0.238243165306279,11.6243012746234,2.68132041659231,9.50671904508977,2.95209398266327,5.31502654917075,3.78414581707093,7.76643304033091
2.05577432915856,4.17649219279559,2.40755103413585,8.80097798369479,2.47375482815365,4.30634027169423,3.17780670370147,4.78629987715837
1.88408540813745,4.0761870572709,2.34625766228313,6.6885374955217,3.32612203985974,6.38879561186002,3.38585816154249,5.30245017664096
1.77574533611051,6.46166695603401,2.88648292778836,7.91266308359979,3.07521026972198,6.29325024512454,3.24976523295139,5.39111718565343
0.776020398547573,6.93646756977533,2.38090435708741,5.20070284440555,2.90135904144064,5.64007637570772,3.65384858119995,6.36656369159968
NA,NA,2.65067148480625,4.97501249187478,2.6934393416634,4.89072688197515,3.12370205031767,4.38581901322216
1.690886155894,5.73038990316244,2.32855918292383,5.7732297194657,3.05062498735459,6.35213849360048,3.47861945273693,6.7585949789344
-0.057174252085475,13.3851101267712,0.568356015773053,10.4655760348299,3.02017694062342,6.06537965674905,3.11793154658233,4.43111705932583
-2.20962145534524,12.2341338546861,2.15236716611935,7.05335800964421,2.58008123855599,4.09551036347864,3.21929172356038,5.66057974482885
-0.688599310202717,14.3338083461542,2.09242961316714,8.15656192090849,2.79898023628319,4.8559518896876,2.92618573013683,4.80123486298076
1.62947980803591,4.93437581217612,2.79459114249541,7.44990550489123,2.71216831018527,5.37623986435934,3.27162836461606,5.27019029147738
0.861031248453685,9.28706453957507,2.10610446974319,6.71399995097151,2.81468302222285,4.96929197618732,3.85555282903811,7.20957578481632
1.28225988382883,5.99024513467312,1.97206969157028,6.31845800763068,2.86364222614075,5.59122187606162,3.17853991358951,5.23741816469802
1.79961746667865,7.64170843764572,2.65353327489068,4.69356373750159,3.0539533845009,5.86680160933862,2.761009563542,3.86065329839206
-4.0875885906247,18.9524096733472,1.79626780475737,8.93430719346735,2.84980322372408,5.00221444360042,3.21821554860682,5.24720493143575
-1.52157191757708,14.4846504166317,2.28139091643013,5.2108667799744,2.95182367447673,6.23083921990827,3.22260410383452,5.09350582369341
1.95399924979478,4.44165171899915,2.23201024741865,7.05230157301884,3.0740684501251,4.98950311000615,3.44653198408214,5.8996677257878
NA,NA,2.14215851330429,7.01333827621781,3.28301326075934,6.86454639695786,3.8438130453576,6.42657843066718
2.10825423761205,5.76596964699706,2.16371694614529,5.21300604071862,3.20577357411332,6.30424968540448,3.18474582630621,4.83698915645852
-0.231887119623893,13.2976892762313,2.37181121232479,7.70667994133067,3.51621648982155,7.76341763874204,3.16819547725724,4.65736568685929
0.222454656304709,11.135454180067,2.39478326732926,4.46967160790996,2.90924654392093,4.91505397199404,2.936794566088,4.44571283190628
1.61499705841839,5.30919990158178,1.89046753553874,5.4509598528139,2.7352331829159,7.05953679501589,3.10805024766366,5.01021013420521
0.937739286931478,6.81762950131306,2.52999282999096,6.84873872155791,2.88200266742876,5.41997603197539,3.36650448802592,5.58852266244237
1.46129330057196,4.32214735974473,2.32666610609413,7.74627034264127,2.75562425815255,5.32003531252193,3.35194684322933,5.43457377181104
-22.198124731791,40.9419647711094,1.25725150616662,8.24641200723149,2.5968443527073,4.72469032881559,3.14707299759,4.76299449507396
2.3068944856261,5.97530498345746,2.57634379824118,8.11666657139632,3.175927238954,5.03537512449379,3.34940984483887,5.43023064444793
2.40457740025242,6.60542256815991,2.12647317856693,5.55856556293258,2.83475305240458,8.13824354739959,3.43889147637777,5.71712468626334
0.758209674628381,10.1391330641782,2.42896811389498,4.88646901395364,2.54095632012825,4.70896833661843,3.37240075908224,5.15422044500849
NA,NA,2.3714213758013,7.57302077443572,3.19654447465595,7.43480276545248,3.13681532865861,4.62288753696615
NA,NA,1.35997309048438,10.869170214723,3.23098092566939,7.34932856081289,3.12131964278106,4.46750494377021
2.10424759810259,4.15834605974659,0.963716514767215,12.2722104101019,3.1883987065988,6.28551256740969,3.32174567598777,6.28545260139159
1.93113487829356,3.53004115062721,2.20281239208018,5.44821865332796,2.69150116128888,8.38273358513213,3.36213369183192,5.79117663868616
0.899823792130731,9.91864242615432,1.57505073135772,4.70408422860403,2.82546199926744,5.92291786257556,3.1583891556566,4.74501027264331
2.36544262611558,4.98064296411353,2.65332759193269,5.83034108216222,3.14889837026051,5.4093387783773,2.78747182149714,4.08558310075945
-0.116048700771088,13.2503042373444,1.44295974039334,10.7304128710743,3.56394375694847,10.3642976049506,3.32024496650534,4.9232139807724
2.2894519172296,4.14346811511657,2.52367804996869,4.69615684964483,2.32678503581438,12.8063698144253,3.50803959102383,6.21721327703619
-0.732107811464829,11.4473208075079,2.32778337268328,5.19050197181019,2.69410139237161,4.25704122055528,2.98620499073441,4.55008615931445
2.27705160873553,4.88636152419216,0.908222647203616,12.5728767657391,2.7444398013009,4.85262584213263,3.70391738788031,6.56960641629665
1.79266253884219,4.65302937512569,2.13531677898582,8.70228129873777,2.43017677940601,5.13967558126465,2.95580547721421,4.54223292857993
1.51947125938686,9.3192486083996,2.13428172608502,5.67419004950013,2.97220525654434,4.71880069413025,3.11057384105854,4.5390118706529
1.75208438942781,6.25904351700117,2.53687468640468,6.86784009848129,2.68714868453463,4.05233116822189,3.55089910382965,6.39076768333344
1.8654388441378,3.76914195716638,-0.170936285929331,13.2831803168037,3.16232232104089,5.94804326670251,3.83870987619554,6.51739200754866
0.103713301518144,8.40019500611837,2.81136855439725,6.47517656619543,2.25663363927538,5.27123759850735,3.42763539206486,5.68114256552359
2.52508536096361,7.04505516824518,2.40981974407651,5.73852951120241,2.87861869690192,4.77820110126145,3.05957507288073,4.63375573408504
0.695643194859327,8.1095856251438,1.98451053430062,4.19455617292546,2.92021985369407,5.93986342776498,3.38687198674845,5.38200407169809
1.80425641910874,3.77528651317292,2.63641151261302,6.49294215804753,2.92814875162741,6.83321564390183,3.30143082993797,5.31531215586461
2.01432153743112,3.84846321050145,1.9616283186448,6.68959438600269,3.08870804339957,6.13413454135753,3.52627590971604,6.27128491526859
0.186113633238251,11.1345995506659,2.18303719486414,4.93479242940651,2.86363290362332,4.49044806896878,3.40257043115617,6.0181372108033
1.5551187891618,9.20512773871839,1.75324608579972,9.70713503596817,2.87187907699249,5.3426939289195,3.12192011255504,4.9506519794299
-3.69048759182573,21.1751664015508,2.13141495502118,8.50857873042157,2.70835623601458,4.08742265830378,3.63604298931443,6.39122781783006
2.13582513328432,5.3593797207344,2.21916571245553,4.65276743788336,2.69788391147907,6.3687666362903,3.34060310537681,4.86345916307641
0.113147475233943,10.6981232370854,NA,NA,2.76920387934008,4.89694960536218,2.87149829961339,4.2341904816275
0.118936097937169,8.44247323641974,0.662083135374079,7.75741047459366,3.22115781919129,6.98902630442407,3.46190106944098,5.86447250837175
1.54327257538785,6.14021637126868,1.93953666874259,11.3765656649723,3.04556049227201,7.5533943847626,3.00534490143258,4.61567354478598
1.9182485434971,5.14439553008363,2.2129407362941,4.96771393580038,2.59675335346945,4.1339600919318,3.22124512375707,5.05932448971059
-5.33645777832632,22.0900270741247,-0.204487392068484,11.1098348205263,3.14872327875023,5.85338289409309,3.14200390275046,5.14816002247425
0.645310156593174,7.80892419429943,1.94598212317928,4.24063104570406,2.860739209522,5.48419122153022,3.05504206123784,4.35746984472954
1.56502146065744,7.20197078312854,1.96394480018018,5.4353126090257,2.71493385499866,6.39205521475693,3.52137675780661,5.55524090432435
0.577898673055985,5.69770332943766,2.05793575994622,8.48140180145421,2.63128620640799,5.19071429568143,3.17745421883828,6.172792707035
1.23603409051315,6.87500749765317,2.45669983220684,5.25440551779786,2.54309361622108,3.73493649114141,2.99108887061346,4.25378680980992
-0.194989218678113,12.521229377936,2.31727453827771,6.82244061402134,3.01762306075426,5.6783679006528,3.15708627880736,4.67408293181942
1.97377031282098,6.51528613701481,2.41055647272195,6.29698283172504,2.71868608878019,4.05969402969716,3.68239143799569,6.24278320921741
NA,NA,2.16845266058524,5.00881911616697,2.98941837934279,5.87036159847682,3.03352086022281,4.61147383286259
0.513284096622808,5.16780814021024,0.308777356039888,10.5057942680994,2.60949771373955,7.53851102919572,3.58056816797475,9.01400248632381
2.1229285051864,4.2607904969112,2.17392361994775,4.69868385478434,2.62451739788784,5.20451258758244,3.45239267434528,5.87663046794948
1.69906065589371,4.27272533209338,1.88747319096423,5.57444560162863,2.75989659203967,5.266822952003,3.63369211140733,7.37005711918386
-6.84682541932166,27.5867260381139,2.04667656951021,6.99101414922154,2.94313509908877,5.75904287751375,3.03825992616186,4.64366655304054
1.02979153349823,7.79557392040915,2.27921216941316,3.6838754684052,2.86365466079164,6.3919761283103,3.14476323040472,4.74984497664429
-1.62117110659186,14.6946244119493,-5.56733003805827,27.8107184054975,2.58484421975528,3.93863941949517,3.17883447348087,5.09061577702385
NA,NA,2.28629353352313,5.31141528081802,2.90790589350061,6.31197967290954,3.23011640276958,5.15332864935362
1.49383444852297,5.22212051598048,2.54059483635524,5.14095078050273,2.91435779668047,5.25676049858674,3.10549839141017,4.82042686900458
-4.57565281901235,22.6293547372501,1.73857194563503,9.5014739391981,2.84029126889891,5.13867290405675,3.35129298644569,5.14878151079488
2.4987590711564,7.67163126921189,2.15657237620473,5.82499412387536,2.94100719864757,7.13848206553769,2.91834649835381,4.89153740943867
1.83979003966094,8.25455522510309,1.92397281091625,7.37504333271486,2.7848584536557,6.11193151339624,3.38068393739486,5.26555720389005
1.91874158297135,4.68397681321734,2.1910558573839,4.85712741352644,2.46008028283655,11.709495849817,3.13152436075816,5.04713393664967
0.963734008419682,8.16346042282714,2.5901457783227,7.16883968006164,2.70133668491353,8.08168823999699,3.33873625656545,5.34933003274355
0.832262191957146,10.2894077817654,2.22613528418712,6.46994213984115,2.70672787507575,4.81127597890769,3.30839139550836,5.21038805557072
-1.0554952055557,15.5255985682069,2.72693016948225,5.82547236245176,3.32287878571157,8.42852198126592,3.66834970385483,7.19043048085457
1.17102432375949,8.04039981224329,2.06600916617527,4.75676508427885,2.71007847152162,6.91033244489162,3.1627321301995,4.64610339562728
-8.28514439525399,29.3068473101181,2.14960380453074,8.46310155019357,2.77768187913577,4.56621460827879,3.0741223558706,5.08406886230806
1.77688051949247,5.4551108477364,2.1073190805678,8.42425510553145,2.7935889597409,6.01802244749999,3.38475562386909,5.00155638137031
-4.31744570994622,22.7408948446749,0.648676851858586,13.4774396656662,3.24641464191623,6.30807375737309,3.23846866766863,5.39482013331116
2.20006429751209,5.26906836465132,2.75646640080858,6.08055102182257,3.18233634652234,7.09372025363611,3.67627807377925,6.98048184287499
0.828418678815706,10.8745322024757,2.30646739626132,3.95692235468375,3.44385144816634,6.93750032465261,2.93543761152431,5.35041883806373
-94.515130592522,52.1933982337002,2.19886304706895,4.03705904754287,2.76648131996548,6.68172833926837,2.94685242722388,4.24416147508131
1.40020888868962,4.88548098178763,0.0106498960082959,16.0832957539438,3.01080536949342,6.17359887643572,3.3671789782251,5.3860289587795
1.86655793685494,5.56412291911466,1.15817581336031,9.79168764265972,2.95865271879011,6.57036748228775,3.39418492954,5.4889752079349
1.39673883965892,7.60028456514367,2.10232821953877,7.49864335413238,2.70201902532393,5.86120534289015,3.7110423264614,6.00241233585732
0.410940258139368,13.1924973693639,2.33636533678754,4.33468608007697,2.94837502205266,5.39897616922554,3.29058459801402,5.40132876886393
2.34568991373165,5.65966831670046,2.39153246121803,5.29293427404638,2.46517985420556,6.08312202195403,3.17960668728079,4.65441792908152
0.0815898517094347,10.978823485432,2.41391135831447,4.89613521419666,3.04654000834838,8.04595648213386,3.23406868373981,4.98495094583518
-0.499388750804607,14.4202357864219,1.5749140835718,10.8682132978602,2.91932414977635,5.24709685766186,3.77641455883796,6.22021656299173
1.55233652926249,5.86950387965091,2.52770553824749,4.34530038733083,2.85562744309027,5.12876868309984,3.17746381652588,4.97046587276295
NA,NA,2.04024938111443,7.85701241394109,3.12201807118551,6.40840551253441,3.24984904692479,5.14196993727359
2.20399355542781,5.66263991575638,2.4526565892943,7.12195464522676,2.50612981482463,5.26170490604392,3.25591924940903,5.48154226313335
NA,NA,2.56226289145931,5.44068600326589,2.97757115906143,7.88950132748176,2.92482975203672,4.2483621118727
0.821824561544883,4.73834142737337,2.36806045418557,4.3127294959456,2.57551805126654,5.84818390575025,3.2724517481844,4.85411468211344
NA,NA,2.11838679413284,4.43363909909222,3.08627708475383,5.62329117025208,3.41312663570448,5.89705736403519
1.97145529499454,5.83907753099733,1.42185586911874,10.7857711760183,2.72293826859226,4.50784068548539,3.44595703133162,6.18151556943185
1.82947146607698,4.242930907523,2.54727552097965,5.09003990031002,2.6488425351528,5.63537695536441,3.288813077751,4.73218943407706
-3.17126602926096,19.6856202908838,2.3417307001202,4.49026756533755,2.78432086788048,4.84411067134886,3.24919460820188,4.87206910872322
-2.62513260932978,16.6458711494399,1.62575198043118,10.5694194201298,3.14051487724831,6.38193057195366,2.96020401295698,4.17545216897033
1.75062126698318,4.44745697561676,2.98390844833626,6.05605390301851,2.82003510427842,4.39392248588692,3.39047371418389,5.62812244208158
1.9162887501367,6.01870741131752,2.70171076688572,5.28277090751648,2.73914626801549,4.33042131565102,3.4658074376216,5.42012710999741
0.965424965138305,6.78403140568951,2.55896172868991,4.93354872078149,2.53163575633467,11.2391803218064,2.69260894036666,4.32753120696435
0.118310721183916,8.47541645252261,2.07420562161181,10.1185796364529,2.1587750556034,7.20409816086255,3.21665786309552,5.24971320529814
NA,NA,1.48537996951408,12.4986243092385,2.86192900657427,7.92604294749543,3.86962798082179,9.0275207648352
1.52594971200009,8.88276104298006,1.62301453660586,9.32644482019579,2.20544366130388,12.794092389941,2.89530264553641,4.26928119086778
1.44893808148913,4.75310893216693,1.41585023175505,10.9092338241078,2.72980234963269,5.17700694366869,2.89700021143945,4.50512069413634
1.50289670389044,7.22987556295736,2.78388248291147,7.00787223587575,2.52613835118874,5.98040746915754,3.16302439848844,5.1359916041957
-25.1847310993143,55.7296439295552,2.60030347618702,5.5178334547707,2.72377809482844,5.18381504688696,3.51489071858467,6.67267943165345
NA,NA,2.28850121932434,4.96920584779784,3.15863051987967,6.24575765251352,3.5310312750014,6.35137475722057
0.537657093488887,10.3563525755909,2.44031053898275,6.72564547939261,2.69478811559731,5.36400225107551,3.77479390851019,6.97702920465976
2.28978660572639,6.32429159875674,-0.231064448239638,11.813283301837,0.422290320439741,18.4735176798373,3.25733602880206,5.12106868726405
-1.14166208679639,11.8421309048413,2.57121463339848,6.13531469312795,2.87761056878535,4.84458051402158,3.32074337624069,5.55514485240893
2.05562398365181,4.98846329928943,2.58670512981854,4.83742338969032,2.8546671451336,5.14251105076525,2.97378459827492,4.47954991679525
2.06626664871958,7.75656751135907,2.39071891570837,8.35571027814898,2.59957464090539,4.43055412394209,3.04692033318326,5.1066530411542
1.89888367391831,4.28125298856469,2.39873087036272,6.11020805410318,2.70919092919357,6.76863378582165,3.25001409056292,5.17081506163156
-0.382585648804647,13.0222316094822,2.22094689796995,7.3921314601693,2.85106574311093,6.37470464665475,3.25896048859911,5.40863352466265
1.924344810621,5.03930021150269,2.28850251968629,4.67741279125979,2.50855522988723,4.51616339259729,3.28537145040565,5.01518142187367
0.84773040155707,11.7734727253107,2.78051947818119,6.12559528351695,2.26107619282542,4.17544799408171,3.2734076960046,5.55788562124552
NA,NA,0.481503156621361,14.5865873793368,3.34842445003552,7.69769232528107,3.17246841124473,4.96394008063207
-0.110363983696719,10.3573072096377,2.01176295900589,4.41553682120669,2.9674908954654,4.82944479433229,2.98010956768726,4.41136327355007
2.17377964370753,5.99376582134766,2.47565942838557,5.76943395794151,2.55661554092994,4.87785744563084,3.19406929629695,5.09092840175489
-0.278065745906159,12.6006528041407,2.11609751454543,7.69232346891085,2.47213274000551,4.77874779193817,3.43691771121849,5.32440774552728
-2.27954880745252,17.0486904735334,2.35373822954738,4.22092844756305,2.85726002093811,6.02324579322293,3.4494718486646,5.94734789484222
2.34604129957897,5.51360506986354,2.53276895020205,4.86674200818531,2.81870015204352,5.07322477528679,2.72244751738815,3.89045314063948
1.53162791949828,5.51628324062033,2.13620400145695,5.37771067063774,2.55198094425831,4.20903679758054,2.99109531254689,4.57761465799395
0.897126915997839,6.83837668716483,2.30915871731913,4.28017181989306,2.95695852411176,5.43620573775318,3.35740213043908,6.53405156166317
0.682745614817053,6.46185879058365,3.11742055590794,8.92024546132998,2.66916442606712,7.1982789454668,3.55314603315929,6.72373459431866
0.952324285232605,7.93887308038992,2.03421463111325,7.86620688494343,2.67847241628243,4.54704680874641,3.1152776795305,5.08921901233425
1.98192271463338,5.04377224000824,2.75119291337295,4.95413264691992,2.68697782929543,7.5810004844149,3.48712477751624,5.48615852924562
2.22137870120802,4.79654383515502,2.44802062870919,3.91228207912123,2.75658591562792,4.39464322644612,2.88735009960104,5.13539163323313
0.864726614903436,9.20900969201821,2.26020250993699,5.76884055080354,3.28630351527182,8.3550965670698,3.13938503807433,4.41115028654383
1.93556136908715,5.69753068921526,2.35861555234107,5.97470847926485,3.10583747314885,5.88454090819182,3.43336452526307,5.74150685002755
1.67966691157624,6.10858647843728,2.06695833278913,6.36544121055893,2.9530125444184,5.46295257372104,2.91721219606221,4.14258344172154
1.60705453910759,8.25192255927331,2.29846586508293,7.2002624976068,2.73342171451535,5.85144880502205,3.58963931784697,6.13182757518231
1.98516658602823,4.19673975462269,2.54115573681986,4.91289662066997,2.75671509873885,5.34262666675802,3.29729700701258,5.23645408791494
0.773347356153652,9.94522265901066,2.53757461884616,4.2159421404513,2.22447876847015,5.87702079369229,3.03504932326446,5.57983486316886
-0.527609225465616,14.0019473087804,-0.769916851820611,13.6623992936484,2.60948742192768,4.45364091262696,3.12050893158824,4.56858800989046
1.75068182878201,8.3061590856259,-0.701154457305226,16.4153706258147,2.397637537803,4.79050221282978,3.34780326249636,5.16155893926155
2.00316347595761,6.69657537389642,1.6706573769388,10.5972773069578,1.92510048980802,16.047648830348,2.81375607161648,4.10367290229246
-0.99646480741844,15.7159784169662,1.94313383301579,8.21896826747555,2.51413311995271,3.86094654513646,3.08546867747285,4.54225627963881
0.0246816004557466,14.5100165520447,1.76804607206836,4.7109624096159,2.84461492905208,4.6281727657564,3.00447493258116,4.8276686042611
1.00252289573763,4.79604333695711,2.2941116890003,5.29983605486147,2.41839413715681,4.94223857809667,3.05293356440928,4.86431786542096
0.931590329616907,9.9766155533365,1.77886480882935,8.22198831639739,3.16384401867813,5.29424396845159,3.37804808071826,5.66237355349131
1.82242954679835,5.49786150629151,2.10837875695825,3.81272707454375,3.1403503745313,7.26136665405803,2.93037226822245,4.16903391513025
NA,NA,2.40834086139887,8.29311574271832,2.9255004042367,5.23171857902357,3.12838681173752,4.68329059563358
-1.50051811285279,18.1545439780653,2.53067987990733,5.38011659998958,2.92586879753613,5.35387861096183,3.2460947460023,5.02524741363543
2.34124489007948,7.22041798323573,0.948922678792067,5.53977915600344,2.69642648376207,4.59555027706316,3.70114696444809,6.0028422613716
2.06205189493944,4.19288694764708,0.729109278617325,11.7238437047945,2.72301936390572,4.53858109411045,3.03713663412912,4.33381525113055
1.66153584857475,6.51728501132161,3.06269705778604,7.93409147919339,2.70252262943113,4.1836621901154,3.52060788953304,6.37099032470059
-0.156510592574871,7.40215722972671,2.39274799683516,7.05583575588759,2.90893220260644,9.00958494108229,3.21371071210363,4.89278348301334
2.02781781520637,4.88375798918293,1.77829688242073,8.97058509858009,2.92521075652138,6.87755674114462,3.18962130040728,5.25356103695016
0.454510915165857,6.81150883625389,0.610137384046163,12.6446644729254,3.10153464530586,5.93538566521603,3.23656917735958,4.93578953945778
0.310923016347167,12.3987138434521,1.99611416433068,8.46675522468045,3.00187050602552,5.91614595063607,3.42010234481975,5.30440920936151
1.8061028465212,4.48009092161022,1.76123327844942,5.712772989799,2.98366785041494,4.90886315870295,3.50960232936934,5.5206774947487
-3.27555300056772,19.4092138757631,1.37215231930487,12.7033693688115,2.95240826898519,5.74590350699879,2.93121709983247,4.28209209696526
-4.35227192906914,22.421186129832,-1.87327081194145,21.4498287974052,2.55432487601645,7.86471751279117,3.18349910307208,5.14039198466515
-7788.26827885365,7794.09538489639,1.93891670934473,5.88472633704791,2.58252011034957,5.26778799016073,3.12433487084268,4.7566060694803
-1.11534731310155,13.8709521351697,2.28791126903985,7.24258312859435,2.88135361972351,5.67138842976749,3.14584342405379,5.1634812430937
1.89033044945721,6.67132327624731,2.18123212580188,5.72312602003844,3.06708328463905,6.83658579538682,3.1619140010215,4.40449483089809
1.89561542722863,3.98209548033294,2.28219147538453,5.30133318582359,3.05436153702785,4.96307950344512,3.64220217733979,6.47269375153828
1.78898974297982,6.39521073220305,2.24213341919231,5.34723037146765,3.03611857014528,6.06736290589394,2.93905512725293,5.00305677756368
2.12352562185491,5.68380480798428,2.21545989899001,5.33249659249475,3.06173166839938,6.69103136161404,2.65481169578145,3.81348630761592
0.703646276191293,9.00268225547122,1.3174618706863,11.0135517061692,2.75933039196744,4.49094825934834,3.22374270792261,5.14045979548038
1.09243902143594,7.18393269334462,1.68251736600912,6.55488822215965,3.08936780165396,7.59471328266838,3.32456348474181,4.97286163066739
0.896323538356236,6.91360851116487,2.24963530741604,5.48739374719613,2.87748410159185,7.44552095987337,3.09865430365965,4.40646583236308
1.50539196425079,6.04494974378705,2.38500149075797,7.22065239602546,3.07654818343007,5.91963520612043,3.57050707049305,6.69100397186196
1.60737808763968,9.60867195671409,2.42714959896086,5.54880515317232,3.1592063180723,7.0499914091082,3.3166070763875,4.92991809774164
1.63683578498879,7.23669170700822,2.50523312745291,5.54384757635913,3.14415359293698,5.79714808400398,3.35515537786216,5.14602760514557
1.00959573091601,8.9684356982299,2.31751544848325,6.03651657517216,2.7041891418771,5.39428505258882,3.27323903711585,6.09101023674453
1.23632693772206,6.1021828225127,0.996526483908806,12.7580961889017,3.27071047345439,5.39634984508981,3.36215333620213,5.47100978586593
0.619807496001291,8.20367804953004,-12.9431503083683,39.8645025953291,3.157196189917,6.45436855186605,3.32876962554217,4.92536120592582
2.31660931221448,4.78613637096411,0.875957717691211,10.5576920895452,2.35522380612519,8.85541628143898,3.3862174445794,5.10306838578244
2.21829360242664,4.97860205697489,2.25932958777372,7.81625772275106,2.84739931571941,5.81611166893275,3.45620386817994,6.20366787459101
NA,NA,2.40651664143825,9.97580372353851,2.99958268896013,7.67758198436064,3.27284225611904,4.81997939311363
-0.30818841724417,7.45511627084874,2.54753692845538,5.3925463917313,3.17923018992753,11.7898000683429,2.99833933004811,4.48148659965339
1.52906907682997,6.90859776680669,2.55175378318961,5.49273182511583,2.98983268118812,5.53255338965504,3.42041740227665,5.71286938196337
1.76692044230767,5.2193545331698,0.592672511305668,13.1397700886369,3.00214211139208,5.77430877637445,3.0027896453038,4.53265158584115
2.0483449986544,5.90752139377278,2.99534614227844,8.031783361568,3.09890193360889,6.54743671596642,3.47436749730062,5.49101725742945
1.52928355333217,8.69026657912651,1.68235004182986,4.8645264133279,2.50099276620339,3.9992663953422,2.8082148159653,4.11054004571035
-0.789546222939444,9.95992975392442,2.1336929325556,4.44481910502546,2.76326929825461,4.42963079580564,3.37199973319325,5.29779871019586
0.0758396642656036,12.1793236342574,2.41107368566163,6.03205248302308,3.0651677760042,5.04516412521955,3.12638140948609,5.58914748832384
1.94209620830718,6.06631931142851,2.21690031743397,9.0987608489043,3.11838296740238,6.54247048841524,3.4333865376898,5.41599065075007
1.7731165738737,8.02375581768733,2.32691046060146,3.94706092148329,3.31935441666263,5.82333726202677,2.92879440559521,4.35200550771336
2.06261414582853,4.03329535868577,1.91698499406555,8.86252028637928,2.79316478177834,9.34352686087784,3.06732501702999,4.42324207731617
1.83935396713552,6.06749400827379,2.44067297755463,5.12047356183689,2.86415705874077,5.51200669668688,2.61875070047443,3.71825939011486
1.99982809319508,4.14650895000947,2.65236180225758,6.68641169630636,2.66512239173311,4.3162908899257,3.12442444462539,4.87048493946408
2.05395703818823,5.48226102617976,1.73080635231287,11.9234401366284,3.04035094056512,6.30372629789779,3.44254907573264,5.032996409073
0.429025766004936,9.24721339869562,0.626377148380358,11.1887289803929,2.57809673334638,5.02102220092449,3.43181762564801,5.34687522833941
1.98199654706829,5.07087637529493,1.68667568509122,8.8715157624378,3.25696451369367,9.25967533292646,3.01881256584009,4.95759076357723
1.77561838154803,4.02890615081463,2.21027132261167,4.92896829545441,3.22631776677325,7.7326143200197,3.17740498255184,4.76226790739925
2.01600493202003,6.66211161094392,2.32653530065798,8.22898515887241,2.59880387349745,5.01877029752825,3.56811639161845,5.78444059601328
1.85961800824704,3.53590498455233,-17.7775894943752,48.6456073624839,2.87020892770664,6.89532216809372,3.66874052464467,5.77201892132221
-61.559630684719,102.24083477855,2.07299544027966,6.04221230803091,2.71372010491216,6.48524335210347,3.061267028871,4.72381535018945
1.33340467195576,6.92698463856789,2.29688423450423,4.19164478676858,2.54936682723035,4.11325868965733,3.49720386403425,5.49371372685298
1.94188251506612,3.97334386044711,1.86417370722035,5.4867814518594,2.88385729371749,8.4167057045,3.08771610511041,4.48552530129618
1.87654172337222,7.77625187542007,2.44678001511703,7.42357413877666,2.95284751377752,6.39797499488044,3.14234228297171,4.81476646653104
-3.02462271285242,17.5401015750429,2.36521085377713,8.61043915360617,2.78395515022475,4.41280288709309,3.21945905595756,4.66861963088986
0.572521112686058,13.0617102152453,2.68468467060752,4.67256968032188,2.78473735215826,6.87042069200721,3.25845231773854,5.19095695085818
2.13394406001209,6.56150879315164,2.22118021328668,4.91636934734557,2.98253226451812,6.55458838194835,3.33181195008353,5.492371816618
NA,NA,0.999690091787149,14.1528162972272,2.79541317632857,5.75892651108241,3.60215580020927,6.13876910582878
2.28487916834111,4.78728954396267,2.00454924919719,6.13694323393287,2.93557265973216,5.66635942418871,3.0354467362531,4.90389547228297
1.42940350618505,4.594493233547,2.35383552269841,6.50380818335062,3.15905464847269,6.5801431543617,3.41530738507118,5.97916677206998
1.41867695373134,9.05011225409177,2.75425278582381,5.74266843684755,3.11273108925675,7.37892743107012,3.27861624693444,4.98271155199074
-39.665211614147,74.0260954371046,1.92529998250486,5.72168060360904,2.52336038490249,3.57953644475604,3.17780620778001,5.54115642853605
2.05109519423099,4.77603975894997,2.55490441357793,4.89739202504435,3.36528949069732,7.40405396945907,3.33523483535183,4.99370831989716
1.11896274396865,5.9022442412096,2.45103079981963,11.0820657339957,3.37349918151233,6.25400487787148,3.34062103370034,5.58660036507867
2.21825532270356,5.78830519737525,1.86178606783362,6.07086526302291,2.908756496802,6.03445464005457,2.72911760092086,4.25330569779771
-0.164395624117917,10.6986808980245,2.04640350131171,7.6483338939858,3.24519204659542,6.784146497692,3.060284641644,4.67557234969108
0.147589312228897,9.78330337733391,1.90072860035988,4.32998843289925,2.90157831401865,5.80619682784548,3.29117762915687,5.18462704563231
1.618390201668,6.78266064651841,0.776825288067155,11.3795821434293,2.63347404290915,5.59664168624006,3.08484835700376,5.23268624931471
1.24574133015532,7.91102386952019,2.24485249432291,3.54452046961325,3.00725606279534,5.15870515418104,3.54811043108505,6.70023231337444
1.57115022920147,6.33976253617101,2.44765123844785,4.22218846718631,2.72537573278925,4.42869718505212,3.14648498977962,5.26834986573587
1.25668505449163,5.5977769626226,2.317525364741,6.87393978015188,2.89099572418104,5.94641982738187,3.04399598483309,4.46047125856575
NA,NA,2.90520615999822,7.85865621992642,2.47841407538765,4.63581566801688,3.0182951218533,4.86228172163405
2.10954319895163,4.21870885422286,2.77984925628509,6.82619226369959,2.93335003523448,6.31654080767391,3.50926185096199,5.41074107118812
1.89390704368572,7.76178576127445,2.22945423373461,7.0291208236982,2.82447245187052,4.55246556323515,2.7975006001504,4.20250052024246
2.00779589584236,4.71775488405759,1.67411017443763,6.72427866407495,2.9943178613799,6.13298558477852,3.20207877889373,4.66450977536944
0.442920528322408,6.5239375885398,2.17441164412982,4.71450037233038,2.82057795888595,4.57179465535988,2.7821860425526,4.04402887339531
2.03854547971191,4.2206009113048,2.58762006317915,7.10512534481414,2.82536114039752,5.22646020258921,3.3213021186068,6.02547715581276
NA,NA,2.26050741041673,4.40526527135918,2.56284837397445,5.02191447577611,3.46503685727346,5.67354345446115
1.65475040232074,5.76153851299441,2.44841377316997,4.26141685952159,2.48083891901175,6.43060494062243,3.0138567394777,4.58883969775933
2.10868765298785,4.76297203345726,2.70764355057233,5.63427336991478,2.61947260797148,4.55011980809065,3.56010129280899,6.14084265641575
1.87163896401135,8.09794243096939,1.97887715305832,3.6903972410097,2.84910783348502,5.1120313748038,3.54578635019837,5.85422572873697
-0.180545466126765,11.6777667826041,1.61375718065285,14.7874731146729,2.94100028840042,5.79539985532495,3.05117134132049,4.63353086071778
-1.88094727713418,17.6026190928077,2.32468282759103,4.73564785896453,2.91859406972684,6.03455457065635,4.03379809979721,9.49514699918298
1.64418957887681,6.0896879189504,2.03828151263621,7.48175114093568,3.10097382831998,6.5680476728992,3.5645268972954,6.27344425183626
2.23276610739528,7.53134077920579,2.32320113605559,7.24771067271279,2.77271250174423,5.93438593522239,3.26808893991803,5.33595528896566
0.85989202044688,10.3192601240193,1.47413885185582,11.4212744891348,2.7160110610318,4.41473752296786,2.85947790089871,5.63513165784251
1.07140959635522,5.18545175796298,2.59577826332894,4.83892715670928,3.08262242365699,7.9029913417306,3.07600260633858,4.56157710194941
2.23215146750971,4.58691297448911,1.45109304397527,7.40500496168697,2.82806567574743,7.07846588468166,2.9243847695262,4.41776292886356
1.40253850318547,8.29658681793604,0.486885538973704,14.9669257692463,2.43225832161146,3.94493960245665,2.80499844926676,4.06158564132938
1.41961109825285,7.34868640878358,2.26906575369556,5.00765665860465,2.60032846935115,3.89145348985963,3.12046757077222,5.20584408432979
-3.0607643377044,16.6493102807367,2.06691735277649,6.67538211637652,2.58246712034275,5.15778731256587,3.33635769745614,5.66703112787777
1.71981427290068,5.10189466316328,2.63566392546761,6.84175262880833,3.0801886536175,5.90813392672526,3.65835608977202,6.02750967013372
-0.242588765319243,14.2182972014841,2.45068393222963,5.35073119538214,3.18957876400909,5.69032671077907,3.0774814292585,4.47166971411851
NA,NA,2.57689293811533,6.6828025510416,2.99417999797156,5.74692749213767,3.05575148137458,4.86101649686217
-0.537501850118793,12.237892405891,2.51946417057365,5.96560185199965,2.90652431806032,6.78439863621399,3.18415914512556,5.13398779577899
-2.62833168704755,17.5104905901462,2.18809356480287,9.29811581914309,2.94758086698345,5.84574637298825,3.1336223914986,4.63860309353603
-53.4286930447281,91.8057014910252,1.52053488042449,7.48519640565988,2.81105982848216,4.99530254684322,3.10134970793617,5.09549820765922
-6.76307321886033,26.5863082661513,2.52781399025466,5.15302867479803,2.40984233148386,5.62961468403757,3.36921724072883,5.27629754019688
0.0328521818310614,10.0154682562482,2.53217654676672,5.3826798296027,2.51105837303987,5.22276272007464,3.2587356191484,5.12142139561449
1.64268289652387,6.49869597146721,2.43045437624467,6.87617755647132,2.82760501181875,5.86581902291461,2.97680828496239,4.46557751851334
2.20917603134649,4.85335498594643,1.78277845681225,7.49039046889031,2.79262913811668,7.10158922538227,3.59195037197925,6.35340533663414
2.08427088651387,5.29828953747061,1.32160129129604,10.2211213380064,2.77365077814834,8.13396905295636,2.9555234392339,4.41660025305579
2.05223859946234,6.87511188080022,2.21484256908717,7.06948122421012,2.52483314461342,4.45655859170879,3.0943389324668,4.58292153553411
1.13882839452245,8.29879182288484,2.56732379806538,5.36979814131027,3.00332269818266,5.08862450142695,3.19676657043396,5.10189914456978
1.87883722929396,7.19395585311467,2.10728999188622,4.12154865707344,3.12424916286144,5.29186786409599,2.90209764744187,4.21165565162773
2.09066905997828,4.75384088496708,2.03981767639616,6.13002328192962,3.51831933422384,7.81748918084619,3.14339430809251,4.60739935506676
1.96039343882684,4.58886947398972,1.90954283195459,5.42430523270292,3.14632510940438,6.22994102198881,3.33232433464572,4.89577284444094
2.196611256261,4.40663926947491,2.2315612541772,7.31401316488122,2.59599891630772,7.90815471638121,3.24234076805621,5.23514844494375
1.46392203889513,7.5730355186784,2.90212252250173,5.04723341975816,3.16420803880354,7.77728601572478,3.47018421232667,5.6127417942386
1.50196455577688,5.36661605851216,2.31274542002603,4.93935880593449,2.59405575491636,4.52695115104034,3.58226017542187,6.8947234148852
1.59445737177213,6.32890513836078,2.33069633194112,4.79838352199553,2.74272149153922,4.28903840323012,3.33679342794745,4.84939323629791
1.20574844782482,10.9081009648076,2.33920874255891,4.27999100009278,2.53929603682943,4.6242891137307,3.08875415109354,4.4630698185998
1.95586261445412,6.07304009099976,1.98989959945877,3.81386210781533,3.13887189326128,6.23444399701304,3.58641412050179,6.55724380633162
-60.9198962826608,102.912119284868,2.74866559548885,7.34351731572163,2.68555157318959,6.76358622760917,3.26149796362355,5.85330268328251
-22.1119202415975,48.9362538216214,2.02875752303209,5.55265766529044,2.91853505643426,4.75943131117905,3.40117674138794,5.8075235731669
1.88741081073177,6.4791047554735,2.22664585700907,3.99553972723842,2.69266743142558,4.90703409051749,3.30246238602227,4.61646812049899
0.821668044444249,6.83354991604775,-0.0768029062576661,11.8874697139132,2.65652187182649,4.07661558957587,3.29506137575652,5.82770379795067
2.02959484596758,7.21574517860441,1.97051601059904,4.93501610202232,2.66876945289019,4.50731518263757,3.30170649268958,4.93097091317604
-1.16279459141923,13.64653622052,2.44948767245539,7.81621827555909,3.04642049194206,6.15101830686343,3.00811810395904,4.47143975723725
1.71956413377315,7.49620655009777,-0.343486112620379,17.9904186930914,3.13988043841837,7.51714708797573,3.39733536770262,5.1930142528248
1.99338570113781,3.7268650067954,1.19397022879039,9.67406325184142,2.55076913297846,4.94900065480927,3.18954883557748,4.78716955447411
-0.128994896678297,10.3944529479531,2.91734416158228,6.15619364030637,2.42063299482551,5.21798948557825,3.24820802921443,5.25853489694527
1.95715621054616,5.16135934620432,2.20899021554305,7.69134510493936,2.59943163121107,4.53424804748575,3.40763162448157,5.69659822356904
1.11911611311507,8.66086287598636,2.49351294232147,4.46319345384057,2.80336247164548,5.08010453800081,3.33591102118621,5.3822643303602
1.68509438956288,5.16391776911985,1.5478853177614,11.4347508096737,3.36838686384793,8.66758815352083,3.39797378263539,5.38410695631428
-9.20426285484585,27.889821937704,1.96467350046604,5.88237533133451,3.10283140299367,5.28478582837039,2.84116138686644,3.9902241735993
0.939846794139888,10.1457574450542,1.84448741072572,7.95400337433409,3.16543676908945,5.3091645536053,2.85930566362366,4.13713030698437
1.23417640970697,7.08946381046674,1.76224516238347,4.56109261272398,2.93438739363142,6.68369410051693,3.50141648516041,5.2533436514718
1.86842887039998,3.49998370350074,2.41432885241632,4.05913021457393,2.77921582376343,5.78624505676081,3.09066562594937,4.58530404187544
2.3730171496046,5.01507620102003,1.46141342411276,11.4595546684382,2.9386021141982,6.31571450147131,3.71822082282446,8.32925005691374
2.4214557963154,5.13508187879258,2.27371974661231,4.23226226169475,2.76906464328284,4.43627101463235,3.25972136605025,5.16249655645401
1.04801465272941,11.0148333563076,0.940225425631169,6.05900664672467,2.57442200116674,7.96954136413488,3.58462974217623,5.49965998263125
1.30151333482441,8.64423041885183,2.55056642608596,5.4583906900893,2.7458770821119,4.08232520368847,3.12860222296,5.1026238799675
NA,NA,1.6823820900569,9.68826008092991,3.08481216554576,8.78107881142132,3.51090389009392,5.44340109519526
0.917832434621957,10.4354622947496,2.29995253373828,6.55223502968616,2.88573499552293,5.39593448493,3.28777109463319,4.84989619601212
-1.98122057940708,17.6517189750194,2.74677376774167,4.4865861388246,2.66324699507973,4.95740182478445,3.36702979066007,5.31785908857549
1.18938419948868,6.56621931541929,2.50958618390177,5.40373618011546,3.18737571872218,7.07343987347342,2.65755511433056,4.35635296030327
NA,NA,1.74136668142363,5.42699416201356,3.09174574453287,6.15401022239387,3.21791545221978,4.81601855715644
NA,NA,NA,NA,3.10514093186609,6.24770993468619,3.45103308090246,5.40151236856085
-10.6194361953191,35.8245913060154,2.5970647664127,6.39321623134412,2.66429852575239,10.6390137282731,3.23584712680881,5.30383046923253
2.37770691427387,5.23667838241023,2.73434049978782,7.49985101822081,2.74247967008674,5.18753215544588,3.56921334430816,6.08819523040333
0.212949787574771,11.1536645823122,2.59334458366414,5.31236310564233,2.86078945573713,5.34746597875915,3.22066321685763,5.28630938052391
1.35642003186243,6.61895013643845,0.606322317284782,8.77129886405054,2.82774333001949,4.55121230922856,3.68392384799603,6.86298645530077
-0.0167074318717124,7.9661018834211,2.46438240205249,6.15007198476578,2.98234001277808,4.90091878973103,3.06812378263916,4.65859559365043
1.71546385887519,6.39578915346775,2.10681281610356,4.93997113982984,2.62503985053004,4.58935730828592,3.52647755368106,6.3168577611958
0.149906106143805,13.5673935576033,1.96829752630804,7.35886132668107,3.07544189834177,6.27996837618142,3.13378216543091,4.55950178378901
1.50601015885924,8.07763185451497,1.6160999761651,7.41080508995415,2.47068190844619,4.56338342672918,3.13067058086753,4.556733001347
-1.55590638280387,12.4155539849405,2.01833215318122,10.51908854946,3.13854599197071,6.77704974214744,3.37969616248313,4.94970364236301
-1.32559490352328,14.0557051146386,2.67491284492937,5.13675555924034,2.6207990371439,5.11615476526929,3.38939545529214,5.45608654311503
1.72267253389361,8.87751818037178,2.10718548878641,4.69424120132878,2.86188899934358,5.62817304273001,3.15676773284904,4.62092204914302
1.11642601460408,8.55992631390048,0.125708266790154,17.5387128513767,3.0336801806391,6.50038353963667,3.42072097814199,5.1976286867969
1.41966317709343,5.80718235223555,2.41298034466462,4.94532981514625,2.41488315844039,9.45569667629509,3.40355343440882,6.52129712414275
-0.953920615151883,13.6871849527688,2.19746292642361,6.84230501770398,3.01667071868358,6.53985683027876,3.5083784564715,5.50887354640846
2.05911515012219,6.98675696029186,2.43036240769592,6.68925956831506,3.17613321651181,6.56830278194516,3.31313821384772,5.76562847159094
-7.87117087479396,25.9136626998391,1.62975046285384,10.7400090429363,2.95343504193369,6.599431564015,3.45117769982089,5.84207188871479
0.00443330495685945,10.3044039827234,2.33672453300777,4.50793500148006,2.76594781677069,4.74709549282507,3.39426681072408,5.50365313018572
NA,NA,2.67833131890711,6.57986729857622,2.60737400874282,4.1068320433541,3.25319086061525,5.64669489024898
1.58450392879491,7.96507760752231,2.64217963179329,5.70359221387496,2.93886098356746,5.17745424553384,3.71294515986049,6.81144634036693
1.76165135992431,4.88726067136144,2.27984425370744,5.73251981136675,2.83587244365983,5.40549525583551,3.48151244728725,6.02466278858723
2.14417003518773,4.85872818978976,2.32031329622568,6.14510251240911,3.1122875743477,6.47065784410914,3.81976109802139,7.72856087265831
NA,NA,2.83673780334749,6.41348414429476,2.5236160758916,3.99551398939681,3.34944434186742,5.63243916138745
1.41400338000795,5.25493731538648,2.58930050460376,5.44088985991364,2.69235557861041,5.2930807369426,3.32837627620852,4.77396589094301
1.55045784774511,5.58202575412298,2.45257581208377,4.8934544000941,2.76252735696493,4.54232595335044,2.93871487822747,4.16961807396662
-1.82959279477713,12.4193048396374,2.64298920518809,6.30642172104361,2.47449424556493,3.7873900314947,3.43260888724579,5.85354903222164
-5.55309199932688,24.5320313695081,2.55592778109373,4.43091128852305,2.63605256783449,8.6269949723769,2.94106845005798,4.87539822794086
NA,NA,1.84218613064468,8.19159311886089,3.08343362621719,5.50909148957223,3.27771892745312,5.14998877038455
2.21452210368419,5.14340180760015,-29.4740494190331,65.1163625165303,3.11080305380438,5.87408127953515,3.41013503153039,5.21383768796989
0.360690665288772,13.0496855841487,2.50872761610351,5.54204518827711,2.613013422611,4.16559764171707,3.11178545286314,5.30706715743931
0.648085310618167,10.4361621964503,1.18093460732831,14.9144769146655,2.93452372722543,6.6071710664251,2.89631817460208,4.91948655768766
-2.20362406249535,17.7622377693302,2.2826862294289,5.76307223475642,2.90118815801478,4.77636688900218,3.41151170571171,5.13323115739877
2.36815327443998,6.00047154115374,2.62877387956318,5.22848814675021,2.55297207092864,4.4195044700619,3.00453051713835,4.60702812708319
2.05253808649069,6.01973542218621,2.3539910780013,4.38569111916891,2.89691522362391,6.45276387981302,3.09323255617133,5.01235820142494
0.299515847501148,8.73160021341472,1.99314072597971,6.08951242760397,3.11956684333836,5.02084663515186,2.79268719776629,3.90915857429472
1.72300447376276,5.4344974925355,2.3577083323738,5.57456926228018,2.86911590405112,5.61625278461648,3.19433588769068,5.3006997290086
1.89298008539364,5.24698981653207,1.92420423669288,3.9633724528677,2.87972438823318,6.43148799984421,3.0970397022666,4.63568585628915
2.12967963368662,4.06702514071154,2.20431007263288,3.85769280494271,1.83609508811728,9.46824541452872,3.22866168060802,5.05056629005337
1.43217246483126,8.24729801419803,2.08978455821065,6.89242255270927,3.09153729573982,6.12245828220881,3.34688957775564,5.10728031534141
1.53566935828243,6.68233356531604,1.25367296651825,13.8137187618244,2.96730888497151,6.42095311794595,3.80194541784382,9.22562652348883
2.29228705988422,8.80332755961054,1.76601293580239,6.54864969165955,2.61494682745838,5.84325877427036,3.13199717361711,4.36963661630227
0.531339574437866,10.0514000111793,-8.64184874258746,33.6546078812143,2.75980420081813,4.80123400188412,3.37178667602247,5.41120729322682
0.868518324981191,7.93033562970126,2.13513892352331,4.92381214777068,2.89042387561708,5.38304932040342,3.29860763383274,8.82920656060053
0.798111843372963,4.517640570091,-0.500539235887383,14.2273828573466,2.90847202731923,4.87852985615516,3.61209412835951,7.05337453687542
-0.112390132309978,12.726648979809,2.44494330981964,5.46286696489721,2.28124527143514,5.09770336157818,3.03971447483388,5.06566145123115
1.48716066783247,7.4508133349306,2.38254252709244,8.40519091282598,2.70512540226051,5.03011053717617,3.0934813488024,5.01069401629618
1.77023465380974,7.52803812888974,2.23019537480683,6.92341511848341,2.98453201441429,5.60321924319548,3.27946601841414,5.72540292094346
-6.79982899348139,20.1904968771954,2.65429353700243,6.45193321195342,3.01338515045312,6.89631440940713,3.6265290487651,6.06038225150392
-0.695707185028009,12.8447748749694,2.49090503477422,7.97751466743691,2.97567768667367,5.2903400464297,3.73176869874174,6.03748601577581
-8.01344319097734,28.8103816150815,1.82278895515242,5.51328607072725,2.93865334683911,5.22577560594928,3.14137527076773,5.23996695350824
1.29511902622757,5.43806720023583,2.2099765692733,5.70649540905022,2.20118315398679,6.25379514759398,3.30375559278956,5.52995737594409
NA,NA,2.01243964029854,3.65605847826075,2.89240358026586,5.48545793901655,3.00265380056244,4.65473548388101
0.336118708745947,7.87833666929152,1.66138840843703,5.27131078824448,3.05508428876741,5.51305276962797,3.10963070433392,4.80548213838288
2.25089266944434,6.8287571530832,1.7138195395933,5.05434312461349,2.7161821165434,5.68835928843215,3.53616733536981,5.80030696484148
NA,NA,2.11057259439779,4.6758828292554,2.80877610205559,4.64888894479392,2.78844992150282,3.92095619683028
1.67660548062836,6.95040593840145,2.48761405076079,5.90102827438327,2.50488410336595,6.58696875777304,3.2683644567755,5.21701512568047
0.537175089761527,7.31164847724455,2.26263242074545,5.73284338895186,2.93505710942997,8.47841846362604,3.3188501216955,5.67825332659648
0.489766772438972,9.10739921902387,NA,NA,2.86978832194015,6.00787808633872,2.93137961660004,4.56392261600858
-4.07860283548148,17.1080495237735,1.50789818533727,5.13335816641349,2.79554149533564,5.08119514046335,3.15174378355451,5.27792728451232
-80.9609213676881,128.316149088602,2.24999580482585,7.12724856623166,3.23990050780358,6.91744903712034,3.17958763561822,4.78593569691508
1.90506584206062,8.73710506453061,2.48399004946115,5.88761100819643,2.55688880273023,5.97839981403353,3.54993648073439,6.30201552333314
1.27639470105888,6.98909819514734,2.27155851804088,5.47395766991803,2.76764973223948,6.2007252481378,3.190895669524,4.74618184649304
NA,NA,0.331228701500767,11.795828136333,2.92288676742241,5.68972506469161,2.95309992323608,4.62518714334407
1.39690164550127,4.43496501437944,1.58918804553705,6.97189697207247,2.50817432971058,4.49083743181896,2.95609625902382,4.18638540713463
1.99738207852817,4.71549487102143,2.42343125789088,7.84693408999264,2.49283290588653,4.45086986682976,2.69673493329963,4.07360849480351
2.13224847258778,7.93940110462159,2.09530270107577,5.81781001587449,3.14972510741092,7.52980348420896,3.45044529108206,5.50464572145056
-5129.13982025132,5136.03237702771,-0.154508387173644,16.8805976472774,3.05768730537181,5.34900504378326,3.01450305730961,4.61852529508075
-93.6721655485502,150.679139363071,2.22130704816128,6.0771992502668,2.68160358139811,4.72155042996358,3.05661186612194,4.36466703944349
NA,NA,1.82964719499163,3.70862789987458,1.66655294021133,12.5547037291374,3.1988296615808,4.63976398555102
1.13781556629672,8.74701522808392,1.95410664319279,5.54695781458679,2.93047271365351,5.97365756809408,3.39715371208003,5.36584942851851
1.53532640111064,8.48543532022707,NA,NA,2.77849401544645,4.52614832136183,3.31072024910725,6.03225683900224
2.15817169851389,5.38832670386071,2.4653382654554,7.2946705193925,2.94993857451649,8.60692394517292,2.80848627333061,4.1237073859478
-0.46791194582064,9.03366471331203,2.15316747041945,7.88105548168799,2.91483449596405,6.62110272661087,3.73700987826537,7.0520817620646
NA,NA,2.21846436855018,8.23746066333105,2.49660458660341,4.76558536829901,3.54167762541869,6.51935734554456
1.80791267119512,5.58449099454904,2.30370289717235,4.23339513357136,2.7092670641823,5.14504992215927,2.98004923222034,4.7085347617995
0.00777458686062449,11.0652386428414,-0.331794298638967,10.9257040761833,2.62859569473234,5.02986871826702,3.33209333125405,5.69171150396886
-1.42180319250962,16.9469590207181,2.56257904237848,4.7429355593762,2.99429634669825,6.9303369444413,3.24101589062717,5.15019734027796
1.90091855231744,5.39362151518992,2.89098044936777,5.5358288704216,2.89106949928803,5.58898395841601,3.53043968491493,6.30219053742165
-27.3170031417672,56.4357474003351,2.54447000164355,4.06845632908297,3.19342550975633,7.18422125193816,3.65032231276908,7.8440938337722
1.29553077390544,7.54615698635299,NA,NA,2.49098738797813,4.23779941400573,3.41917685015032,5.58712869739804
1.2496989764094,6.32442222658945,2.82426725154574,7.26232251630053,2.86550354185375,4.75985239391737,2.91194185155684,3.93395177690059
1.60682120811069,4.59703594337056,1.92074371650854,5.23329264264369,2.88499610614658,9.04554090839028,2.94085010069537,4.78037035120937
1.90574935672315,5.48957973489414,1.81566755547975,9.89622923871798,2.77183916561271,6.65123006055051,2.98522890171588,4.3189255060251
1.96781703867988,4.83759714454808,1.01974083838966,7.66241725017399,2.95781837405041,5.68657973858061,3.50367059960548,6.15901003495154
2.18475868658956,5.1829642155182,2.40610505964678,5.06700111747612,2.84149299902363,4.85448943528314,3.02461836244435,4.49402988021191
1.45693548846252,6.56445502226286,2.65436558132572,5.62710652725069,2.0601826204793,12.8001420699361,2.94201331161745,4.37991102865074
1.81404999570826,8.33431261132941,2.62720893686822,5.49075018067645,2.98196953126741,5.39671392231997,3.07574494808791,4.71545432405745
-5.1396490920136,23.6976306974911,2.33608657091715,4.87486964541412,2.65916791947853,4.17838322706483,3.23414729291243,4.86737451153753
NA,NA,2.05273794352042,8.70159002851705,2.79799283703447,6.65071355333887,3.21586316616652,5.1084021707083
-0.245667447589257,11.745869928589,2.01031360034986,5.85317862932029,3.11305976998285,6.89868929057755,3.20381201083133,5.49977294421445
2.49066916315737,7.75058771088069,1.80047424240058,8.27604860458928,3.00169280558782,5.35452112374633,2.88818599703458,4.41419817368512
0.133465268610623,11.5729382162368,2.32001321128836,5.45725019945342,3.10753997618009,5.6633974331303,2.82149968782988,4.01133783229444
NA,NA,2.63079751819129,5.98252269663582,2.90335409511968,5.30148494964067,3.63766220885005,6.92186080982548
1.57014756608761,5.44656186737004,2.77748360590418,7.51444740436664,2.5742872839994,5.97947621320168,2.73322072240039,4.04263452571376
1.82021023908038,7.04926601310368,1.01540201180684,15.7361678456959,2.75519836603197,4.71898207789985,3.27208745192992,5.0878868070381
1.63692963894918,6.93160773673333,2.24650760378746,4.60947123243985,2.96134835735806,4.83765719958393,3.14303462451457,4.7361190435527
-0.70958862721512,16.388509357142,1.62987093725534,12.2563995538932,2.92638544089379,4.64166000375828,3.26898969682282,5.43183878229788
-2.9809677452787,21.0561933481247,1.35016053935358,8.09987181282558,2.57532583186923,4.31340014502841,3.13111186426619,4.87360219307776
1.31111249003473,10.2212016478112,2.68639295511455,5.07571653005966,2.86392020594715,6.72673558188545,2.6338219766309,3.63329031490979
2.46287389558223,4.90568747881307,2.14571611470862,4.17998179144293,2.96566517902868,5.75200456279094,3.28530028773817,5.50303582529676
-125.405128695135,75.9092099852864,2.07122287343131,4.14338891784392,2.76885201123258,6.23126293950415,3.03521363437858,4.18107118507653
1.90285385868733,5.32938878772294,2.22827483279188,4.90629370956245,3.32861933989327,5.82617860894826,3.1881725377938,5.10347972029509
-24.7907202665211,53.9047719402311,2.40776547193799,5.33035583554737,2.46479424288483,6.70094050298638,3.48669087409409,5.96412712604525
1.69241273815381,6.85048447871626,2.20472119508257,5.66837253159741,3.00798918499482,5.21462398807441,3.6147635453655,5.8155175667172
0.937807040604271,8.81515022746129,2.36297963944036,6.63398854532164,2.98709037558962,5.06397946124447,3.26208666627623,5.18048535629901
1.961076557567,5.49773201035915,1.86618617556647,5.41778685985193,3.24537753083952,7.62429881611075,3.47533081286722,6.3688179322639
-1.35043467029007,13.8050142035907,2.54087740184386,7.18425679518612,2.68516413122006,4.90481626030856,2.78044287574453,4.43306045853604
1.80850647365675,5.41970546594085,1.70489176705024,4.96714593261611,3.12115583161926,8.84486785716656,3.09270330133428,4.99542184494725
NA,NA,2.84212996204124,5.91328719953563,2.58109772211642,3.51000548527975,3.28034922096142,4.75447374195903
1.90898867790354,6.89153506033788,1.87190372767425,6.00027326589109,2.74669974506145,4.3342750692527,3.07071899353813,4.83379226859713
-10.399710826805,31.2575330486323,2.12699551042904,5.0978615565791,2.85210144114485,5.35565924789969,3.19869060476212,4.80513862928747
2.15209245732834,3.75664806240306,2.18655033897184,4.67488277042933,2.95542581297845,5.7884346726754,3.23769911262127,4.96751392544687
NA,NA,2.74979856240525,4.88049195359921,2.68706999122614,9.38228131737516,3.09705615491173,4.86458500013735
1.39845963480755,4.96393953157454,0.896386599009563,13.3467780469567,3.07719092225038,4.95506122921208,3.42276570438796,5.8264619855944
1.85391770540716,5.37834362445396,2.28079003918094,5.93634047060805,2.2762354923088,12.5587804880211,3.171590565162,4.73298095399572
-2.8340549577137,17.1439143109249,2.22148051197508,3.47689671373355,2.66461364255248,5.44721501222842,3.40654129923637,5.98501761236357
2.31412341614904,7.71447505629298,1.46696531670572,7.20441828891323,2.47490518317232,7.16030804643364,3.08195227498669,4.74923803643959
0.458755094275902,6.74567752120921,2.27999813819013,3.46168132893013,2.57097967454369,4.69875938462196,3.35063388427261,5.65963105367528
1.29873362388652,9.08718759832145,2.3547432350235,4.51703248170509,2.73761062420325,5.31266154093847,3.0381749635849,5.51694659562442
2.04740605113273,5.90117116741154,2.44515204802487,6.53027789717098,2.68432358518724,5.31778091812907,3.4782323555081,5.962141889161
1.74850387433495,6.52644985509491,-0.776042464818181,15.2777303032373,2.90830506356654,5.18481492733526,3.37537109710323,5.34188363638589
-1.05142362476839,14.1724859069441,2.00015085774706,5.72426260008959,2.97978090566582,5.43515654747413,3.62183898754003,6.28136369523524
1.21032790419674,6.86649594022597,1.89106749228493,6.37812315653313,2.57644031594581,4.5410147964397,3.29381430740463,5.73307026903696
2.32672853766632,5.54617490164933,2.42292350686304,6.63595340128014,2.89878720140528,6.12347053395966,3.05129165864071,4.3874697876324
1.39035247715624,4.97108421671594,2.35895145090775,5.76101865032987,2.64989703539891,5.42717166259658,3.07718856716545,4.68370133841213
NA,NA,1.31948838176094,11.3948818670587,2.37702955908771,4.1635195671053,3.42700328806777,5.95121689294588
-2.80540920502205,19.8790466329127,2.14995246663481,5.32278269342156,3.36098574672348,6.68657197925113,3.28932441558154,5.69171101168761
-9.44974204428852,31.5033508876211,2.1108014921082,8.78350374434608,2.91291846892509,6.8826054018156,2.94445679749134,4.42324766850574
1.5763027465416,6.04260571980957,1.47549801421453,11.4684560275754,3.08580911291865,5.67601500134084,3.13351840764513,4.86192261878906
1.13061370389385,7.84920334855521,1.78661239926301,5.8724946681164,2.85241193972325,5.81702169525317,3.29708448244587,5.09111430120839
1.76251689218459,5.14385881403307,2.59142182326878,5.96362603873975,2.27335128032692,4.94781288571574,3.15614058200263,4.79777464142945
-3.04741599807656,18.2612661939597,2.77968692772927,6.63952054840564,2.82239083455192,6.05009094544616,3.72024408346076,6.41415931494219
2.16392403625408,5.55446806568548,1.48977240981866,7.31894576126505,2.83330465993081,4.96213637202923,3.0264192887582,4.72691391262621
2.4114672338099,6.11926379721185,NA,NA,2.89679412474668,5.6965254578898,3.11442963804698,4.3648825156519
1.98728219773602,3.76609880298886,2.48882099484046,7.06370924143796,2.58911423856722,4.10538471021754,3.03881805070821,4.66119178414953
1.8082640877166,8.36192403343575,1.97428671627968,9.82224419254234,2.98901726693027,4.77413037206166,2.70680769187998,3.92318799132812
1.76039161045487,7.12334257608258,2.1058413781498,6.3503828276165,2.82836860489093,5.61653106576359,3.30577968995209,5.45517139019577
-0.780778017765125,13.038857247238,2.10174230731465,6.22895141936248,2.75688852996299,4.91499196735432,3.15906053450583,5.02159596710669
-12.9702383480822,37.6191936182359,2.42804748848892,6.6297585074743,2.51841778690365,4.87867600369803,3.30946148703447,5.0281603866538
2.26606558692232,6.73091837533694,2.53718925239384,6.99996792622696,2.88876091237541,4.49522732762445,3.60770634865155,6.43486931073797
1.42258428491091,7.12308030352908,1.94988063198971,8.32983422289157,2.89893599510528,5.19246361755624,3.17705815182578,4.97619671098953
NA,NA,2.32227245587523,4.37850016245612,2.98763970617002,6.60234923262242,2.98098514513665,5.19825824915596
0.754504409144171,10.4907627746558,2.56702253946345,5.04205238630553,3.00786440889382,5.92391511683339,3.12100492771016,4.3423735242472
-0.7714436272406,13.3244518958115,0.522114755385784,10.6292562169764,2.49634616510894,7.2286368000067,3.07486769468675,4.44535083472763
NA,NA,2.33416848769647,4.3433002006944,3.18560026587389,5.32231052239135,3.08103422663269,4.77231124779235
1.24134501986954,5.8645097397681,2.42082951309482,4.9719239851344,2.97754880422059,6.19633349511678,3.5732173996052,5.88359079165327
2.41395122247911,5.69529449212099,1.92090933864303,8.61668021816586,3.22839232213699,6.12361323576251,3.35669256007899,5.18791478395148
2.22575580924255,3.85397465833375,2.56179243539771,5.77432659220623,3.38756612973652,8.58071982090372,3.43511695275412,5.66739899752368
1.45406059366297,6.71561267232177,2.37883726782687,6.38734119973269,2.99807401896442,8.73578984225549,3.35424734651529,5.71834548369504
-0.78348835414976,11.912107644541,2.41713627740543,5.96402843880792,2.73380844613214,4.72513359890473,2.98722208752421,5.03199672327188
-0.57914222983845,10.5178166557215,2.35618044806323,8.20324986519951,2.88509797591651,5.285656845339,3.02249891667396,4.53941899854081
1.45967974143836,6.04420728302712,1.94504911024001,6.63688399765695,3.18101197061943,6.09651139227712,2.85152553920027,4.08659068382182
1.28582760457226,4.37473200037154,2.48688570708432,4.07657405960087,2.4845781766579,4.12848987067727,3.19111301310433,5.62470404797144
1.36788569770797,5.8108620916745,2.36922713226664,6.0371076695117,2.7978028719759,4.34697540755972,2.97312693555917,4.55725583040875
-21785.4196144158,21792.2519531139,1.00764622330562,10.4568547317474,2.82801242854642,9.30210077704856,3.46902752742162,6.27019140639339
1.50748467704729,5.02018521669138,2.0771007425599,9.63937007024928,2.91316981662073,4.38304562213774,3.42356594499516,5.74850356278257
1.17439381768371,4.58024047491813,2.46883947051456,7.52249406057836,2.64252499936511,5.79645453804388,3.13056016875671,4.50503387375706
1.48936473591115,5.37120164612354,0.45873152177377,11.3982951712337,3.14889872660554,6.75341523590831,3.33302388165037,5.20262179904079
-2.47638659218091,19.4601191681547,1.11058690683636,12.156120111878,2.42153941414141,4.98056248372474,3.34537743159437,5.09116419893586
1.6528167076482,3.99897142533164,2.04664756649006,3.79179341327612,2.76191377976089,4.30517803904311,3.40457782562499,5.57493782081168
2.14359944678571,5.10532669317239,1.32495705359736,8.54447968959427,2.64158916592458,4.54452611083281,3.15694331307636,4.70398038542602
NA,NA,2.2269890502938,9.24596674159791,2.33788956179053,5.20166831098918,3.16708787458161,5.18492496044574
0.566795059182091,12.660587712907,2.59497067108174,5.12983698716778,2.90078156470847,4.90485304763182,3.19440789589588,4.68303025082877
NA,NA,2.51037035509674,5.20075867512687,3.24248372726216,7.05162311029117,3.11232386587175,5.16170831706835
1.85328548370587,4.18918530903811,1.1833224573208,12.0182126800118,2.95805623447705,5.06882014636881,3.10800327423132,4.54420588200282
2.30611022597423,6.64015959125151,1.19902841139571,11.353217670825,3.05606617686776,8.94298776121481,3.5852236214669,6.042888249939
-3.62012913391229,21.6091739989605,2.93291987406131,9.64788288925858,2.7013840592532,12.3282413709086,3.00686789437255,4.23759284526798
-1.9225825083588,14.4210657932736,1.92551641281702,6.69806838050253,3.20699533789016,6.54763616283867,3.29706856543107,5.77013644776003
2.09035828568061,5.33172053511213,2.4701597380333,5.62793668682547,2.46246181603632,4.87179323764022,3.53652265955458,5.79961923169949
1.95873498576582,6.38991969826484,2.41533966106037,5.22975400944046,2.83628178597406,6.67957472257048,3.08346008736035,4.47061714589987
-19.8801174458852,43.5399995189895,2.32418714968521,7.30655234262888,2.68311339819253,3.98277266429194,3.37649729133335,5.55802456023507
1.43521538019839,6.95417996304234,2.80550380749671,6.16306306653978,2.82789890923557,5.20627626937929,3.92033690246666,6.89273907331585
1.14184633929825,7.24032014682595,-2.96252352532166,19.8446767566572,3.01478975263878,6.44936877970301,3.25299862542399,5.64730227944349
1.96654236504841,6.23185746192717,2.16923145880025,9.04921789186306,2.69423576345014,6.45121590185469,3.64747965114345,6.03968885416338
1.37697532118112,6.6633009763487,1.06294633901382,9.23889136308344,2.58580596172463,9.06725767159753,3.00395339871815,4.78080810374478
-0.150339220046765,7.55582257125889,2.57740124043424,6.66809301537342,2.88943450161277,5.78707960655368,3.17170353708411,4.84443810867254
-0.542357666555064,12.7894725187154,-4.90585621621327,26.7240000082823,3.2064319275155,6.9368987308272,2.96068844773825,4.89433288643614
NA,NA,2.35531400217524,8.55343544891068,2.860863547811,5.1212983058933,2.93825389831699,4.38953166481041
0.818150117193676,7.45811949700741,2.1216241754819,6.1111052303229,2.75650700501609,5.19917437015352,2.91379454446268,4.30818792130921
1.13567905262469,4.39910155226914,2.43479830224346,6.158661284629,3.10790125769639,6.40238052923008,3.37464709810937,5.78301166794156
1.02345765094364,10.7887776220648,2.49032130429974,8.03729695078272,2.91948184994538,5.45764904230353,3.30610772416073,4.8493441273991
1.7625912775355,6.83402542010465,2.27869373926898,4.56607551592367,2.8281655205033,5.20569061153467,3.49957812227913,5.80874233551606
1.51002811679926,7.15319799235663,2.36860974795791,5.6318947413089,2.24099322778357,5.53081785477646,3.13317690087272,4.73042364001906
2.3154285442325,6.15260048863425,2.47866203712128,4.78142669347558,2.67331740222948,8.91615094448864,3.44935916620863,6.02237718809698
-0.457304130314713,9.37679813875314,1.19130352764048,10.2879853019085,2.62471293766852,6.36270413932302,3.2418057978066,4.76308700125962
0.524842362115641,11.2021917216472,2.17152700860668,6.96045298320402,2.9453684455541,8.88980719285831,3.22897464776195,4.74584256520568
1.60714777185933,9.16348866772448,2.22353495334068,5.4491498592083,2.74939054334658,5.26063042246846,3.12148000435552,5.14458167474981
2.12772634852529,5.24010057242953,1.93247155237874,4.01051297847417,2.58165958219959,4.74928669736741,3.22257830719764,5.04616453203367
1.46883895973515,7.02194246191141,2.16047425974659,4.72125409695627,3.00782863414101,5.05409561515312,3.73729203542741,6.79997552529433
-0.616063364434278,8.84803361694371,1.99677199556476,10.614563681086,2.83991851884594,5.3223760481323,3.39563526149332,5.13502422909563
0.775081449162613,7.50891094952497,-1.56642212372095,18.9513272904085,2.70813414773806,6.4709173783473,3.13677318289194,4.6316397411542
-17.5790087749971,47.7030044735592,0.10843648083252,15.1542444331145,3.14390583606234,6.66605325484291,3.57979631482723,5.72098546825445
2.09400342471845,6.96112136855815,3.12162449172535,6.37183169742626,2.8754814364259,4.83757132299113,2.86487469692441,4.10535827999032
1.44587887656774,7.18512212368868,1.57249357214299,5.12195840769135,3.03223753885359,6.32352200956224,3.28660007415131,5.31756661616026
-5.75915038239486,23.2963740144822,2.47488335839596,5.93129635739329,2.67740579577878,4.3552794630283,3.05691686559688,4.74019123437936
0.443522710917512,9.03148800948897,2.34623258313399,6.34599823682905,2.88315396274436,4.61043876138748,3.4369409425493,5.64373511628031
1.76554453277295,5.68518726470321,1.7254034071701,8.81270418819753,2.60804271242008,5.38502020242151,3.28836914804517,4.90984141327886
2.0815016983399,4.76473994637409,2.34477527245875,4.71535436101682,2.84896172508673,5.89073414380396,3.32117535026101,5.31703818420347
1.30335986103537,7.34869396343955,2.44744631913616,5.36363440357676,2.86503831125556,4.865548091964,3.04063500847668,4.42581383271538
NA,NA,0.901841456764878,11.4153224960272,2.59755484925546,5.70199804433204,3.48539840117524,5.66327490502889
NA,NA,2.40720530873618,4.43404588008782,2.76057277580857,8.08887882511983,3.18078941259821,5.57265538872938
0.603924946518503,12.0292772693305,2.07858390355665,3.72621033589183,3.20779947749249,6.12734496961797,3.37524363839646,5.69856235334003
1.81886211036046,4.99401237571897,2.35896595875022,3.92566894428631,2.74722393996305,8.49777732215893,3.27027149504143,4.84900601957831
1.63988589299056,5.52847159844748,1.91437171421596,4.76601636230092,2.59793730896366,4.83219672668324,3.68374652840337,5.98540264529557
1.68105059381974,7.18195944685024,2.60336015923999,5.41831560164361,2.51380803075154,4.63291982633304,3.35313220334334,4.86257570845768
1.73766761314018,8.11916468310224,2.21039282009425,6.34662367213209,2.89843581462299,4.44563607330408,3.14552562170056,4.54752421463417
2.30088583911273,7.53259718909474,2.28827513267368,5.09781440400676,2.95521079972262,5.34266006691476,3.46987396158689,5.56488385435487
2.14343508108935,4.51533737287174,1.66205093197635,5.77717423333437,2.73699228756582,4.88806617148937,3.59581763407339,6.03641581180182
NA,NA,0.919385242825888,13.7171541601793,2.98323264868859,5.97368863338873,3.44881481144974,6.10343777842156
1.36969204155583,8.81871545947519,2.68293497333414,6.26655591198908,3.11117880065226,6.65804825414279,3.5359559943446,5.96794377886975
-0.345095464269852,13.0570695609824,2.31577052518958,6.96735553417343,2.98219550847308,4.83885451837138,3.78588763622687,6.7773739694378
2.49304010805394,5.16119866106872,2.36118231331521,5.56480401086405,2.63141052081705,5.80142142862863,3.09512140422412,5.01102891599351
1.9834118862726,5.98024644494893,2.5804672087523,5.27721413733027,2.54506941455988,5.10031945297044,3.15403916246734,4.87752416299019
1.7430942271677,6.92961043074424,2.01750572341383,4.15503534933295,2.99732915450556,5.37984552306732,3.0413231094935,4.55912685372423
2.22157077085042,5.05215022120149,0.349692094891704,12.997280077492,2.43550105960262,5.9534469143744,3.66614287613486,6.19181269189538
2.08316265233195,4.3963827002732,2.02206985266598,6.71547656599768,3.1441153806979,7.0524671083828,2.96833600754853,4.54335912136695
-1.67517113805956,12.4918924975618,2.64857207236135,5.07998124819189,2.98292596535255,5.53066509625316,3.89837755015681,6.36879740819349
-3.02747652172858,21.1561241403211,2.42062152023199,7.06591121358454,2.85727696368402,5.29554061459787,3.26778588788419,5.72503152235068
2.27528499292133,4.36140387384037,2.65434631279437,5.83523733477226,2.13547889795417,4.07769304903373,3.0256269737927,4.53109329551262
1.59535035657956,3.96080366421196,2.60300622437174,5.82982212539494,2.51311144476364,5.20178556770615,3.23654229604053,4.88739658941621
-1.99970292564478,16.6017532278922,1.71685302071499,6.1645287384919,3.21989639767534,5.14608497489715,3.36240158905934,5.68687437246066
2.08295505920256,6.39687994083448,1.50066892095338,10.3062123153116,2.47908336068804,6.3098476424264,3.13313380324516,4.51364612590724
0.61384987220713,7.93290713117843,2.23286897057423,4.69004550938506,3.3895377930664,10.2544550789572,3.58845195232792,6.78659770556383
NA,NA,2.31307981552352,4.91268173366574,2.53874662311336,5.41713067723724,3.42228093576356,5.93709062715793
1.22541254195124,7.4532195356335,1.94661237840148,7.39822541782107,3.27532742293115,7.37656120340926,3.38452388723498,5.24474026401465
2.00631101194388,5.35786849865233,2.42385866628727,10.5759502422035,2.64048272518927,6.7956575303216,3.3455090094948,5.45968777989684
1.82270699206165,7.54517543870295,2.16762653313109,7.67939459664835,2.6511651943697,7.38838031774498,3.33288636926046,5.35040293011282
2.09944098073024,6.13049017326631,2.11565171579333,8.08506257869982,2.84922564635847,6.76704095569522,2.97748820529847,4.47264880620266
-0.423362134594486,11.4666378095269,2.13301718561267,5.86264402618017,2.76044463018523,4.30773767695358,3.21169190511335,4.82222078219186
2.05285541087676,5.30804210746751,1.21691086384716,7.82313199222057,2.41246564762739,4.49595013296183,3.08701670773789,5.05880215738272
1.82245255916826,7.69178190107455,1.12644732190535,9.90748893635827,3.18156929097645,8.58660253430013,3.1551113443473,5.11945089580604
0.507126766189638,8.61703998106886,2.10368843237026,4.14058782252561,2.57095763772407,4.69300953968505,3.53888756954731,6.04578655345018
2.24677038548804,6.27898043581106,2.41044098424878,7.06543096909954,2.87369752792584,6.65659978713504,3.21003320233308,5.21868635864748
0.543916367337415,13.8826596685611,2.52140700369686,8.54980422125491,2.37902542692501,5.50141079514856,2.91039605207903,4.03196961002957
2.06270815047771,6.48469048601843,1.83195988923193,5.50094466705126,2.84620208053613,4.74887035863742,3.43818301077497,5.85670053677271
1.39510481075267,8.28381696173732,2.63542733643298,5.34791290371602,2.83825062157349,5.28567200841018,3.35976129620225,6.06796408864183
-2.29603637645625,18.8149457504789,NA,NA,2.9614205601555,6.28601885669363,3.16745150101215,4.67965618836107
2.17213589403086,4.59676588918428,1.34602368177114,13.2525665423018,3.06988543454516,5.95376145007389,3.34952093559181,5.13222712211124
1.95688133003588,8.30806414778206,1.82798388475503,6.69427164233567,2.53847782588245,4.23361182285783,3.31141666421134,5.39198301751448
2.15336276675383,5.97118633014622,2.54103855043993,4.66222962188934,2.84774530111044,4.5967114896107,3.1523580937315,5.55552636283513
0.477656718762512,6.81039808723939,2.5957812592737,6.03505247576929,2.91838754328841,4.56225729790927,3.27044456550437,4.96775241996173
2.22448652425814,5.12151805840299,2.40323660782641,4.97442376444106,2.64869130476234,4.79594115097817,3.41512745583718,5.35663990124047
1.98907024128776,4.95632928671366,2.32837468804146,4.12366926477179,3.33016279178126,6.69141042859803,3.0184593048187,4.35558539300047
2.03350284311711,6.41579096551266,1.87723497676026,7.30424948697009,2.79311393709011,4.71902294696984,3.4279892578178,5.31237075961659
1.00789122680813,6.27309754373606,2.15341041426702,7.33054614076577,2.47340136362209,4.10278976468153,3.38975608316828,5.62382813938128
1.34944757223343,5.15754431405149,1.89520245298776,5.37831537139347,2.94229508537183,5.98275890560208,3.01956997646313,4.97102590201337
-2.33592204746627,8.49597825054541,2.09359480469437,4.97976301117248,2.59438210169244,4.97980680273386,3.29586365050095,4.80129264945672
-1.67677212392037,13.6070257240507,1.69028913824221,7.02615591466795,2.80768668134134,5.44635685970112,3.40191852799136,5.89705184039376
1.54484127115062,5.41485020480282,2.31272306782684,6.18971274418729,2.55936682008421,5.21948775843426,2.95776490667973,4.86988431311566
1.3094575188298,5.88549224732389,1.59198420765072,7.22339020736713,2.6253912807603,4.859808868606,3.27668955370102,4.95991056491931
1.47279002359787,4.78003791443441,2.06511696633416,5.77502390064713,2.6770460352446,4.04504529201704,3.5259002287148,5.91963096359545
1.30401872624021,7.60104808033854,2.27398722787767,5.9406902719961,2.67050798396946,10.2754384922441,3.35737829302419,4.73470144541148
0.0823899395517964,10.1263874852802,2.33448153361335,5.55709260305772,2.66487662334628,4.78316101582454,3.91795557796283,7.4568515429556
-0.41745502263174,14.0373404906171,2.18217322331427,7.45122249334629,2.32052127179997,4.23085592318084,3.45124597975951,6.10346975118524
0.959379433188555,11.2529202993681,2.44572053508483,5.11438803948532,3.1145235874574,5.92777770660067,3.4629298201814,5.76089450482251
1.77469134058757,6.30976211907919,2.32882299447767,5.24033555047306,3.03842840001435,7.2048792219747,3.27351048152692,5.62225908947186
-0.425811185948874,14.3896958268701,1.79492507925046,9.58298578427354,2.91479058148288,5.21579198602488,3.52155289115282,5.697142874659
-17.2326406187218,43.0643593772874,-0.974240217671236,18.0818101810591,2.84455140780278,4.36033526807381,3.40197264602147,5.07134866214488
-1.2042961565342,13.8178756366348,2.43528869757774,5.7364542702714,2.52622937418319,5.19906891496601,3.58864242027195,6.47224613824707
1.86436364478192,3.70886031191921,1.78540188452985,7.05093440245794,3.08722090186641,7.77822123328015,4.02131657623977,6.94116932352476
1.92143681380318,4.08102589927518,2.72971258143492,6.12058703679189,2.44060330927366,5.83606488876671,2.99714694167661,4.85220013337963
-14.2425624446832,38.2574451530108,2.48034374291345,7.7793599807401,3.05284662004516,5.20275213437065,3.07501027651581,4.40339140850497
0.0634354666926216,11.6667298369679,2.44607792555479,6.44779066064534,2.93112202855441,4.90304553576931,3.68103971175857,7.39017267863986
1.16645078253135,11.9634588422778,2.15821890900008,9.44775468337373,2.71409596465427,5.39025090629932,2.89142288801443,4.15391839411875
1.73588978657112,5.8007141227493,2.33218959001937,4.82104697148629,3.02005418452657,7.05926383416226,3.05232002716668,4.14871852904379
-3.45339923562749,18.3714582918434,2.13398084821061,4.93558477646007,3.08356016166214,5.74050167564378,3.02742762953521,4.4852389501876
1.22097913105258,9.72288026271348,1.6285399725243,8.14416901898848,2.31299116590288,6.79844505065333,3.15446800292571,6.32209485642473
1.67813961736877,3.97543280247589,2.11503355882004,5.67893827822491,3.16074016219587,8.22460774948721,3.03807351267015,4.34986207232746
-3.09597044614999,19.5432986801489,2.11833155362809,4.69108052381513,2.89189267934243,8.17740170985511,3.37038595907868,5.46480093467677
-5.47621779199558,21.403078476337,2.65942370269473,7.67720129859504,NA,NA,3.39927288867046,6.08809535503783
-3.12185357748117,18.6511076018383,1.72608370905346,9.61228542223252,2.72137194346771,5.17116748345758,3.42560436268697,5.43938837270967
-1.32957887425291,9.17272563279531,2.65678219349577,8.40216564845255,2.03258669622475,11.5336931580209,3.48815984866065,5.77729136760896
1.15330035179157,6.82033520999907,-0.228577918135132,15.678106351677,3.05211848256881,5.0861580643739,2.98558431482175,4.41230964402703
-1.371094300762,16.0047600314057,2.24140094763285,6.0358421655633,2.83864630936376,9.35669799964979,2.76375279715602,3.79930738640312
0.44126567612659,10.174982854635,1.94901922490816,7.11926894563033,2.63653374842844,4.8750799737179,3.43781505724358,5.78556823947038
-1.09202336637186,14.7544065931517,1.71673846826328,6.33849547293134,3.14035696412132,7.38357454738668,3.1369610452169,4.5835953345242
1.86349357398675,3.9528511833754,2.40348231778555,3.92134769606506,2.85920669216147,5.21799807218665,3.48200930364525,5.70272227375312
-3.05324666273252,16.2965399337161,1.70974630001466,4.70861904041412,3.01958456179291,5.21303055771852,3.37792222863998,5.37848033363458
2.07261472967417,5.26763149431248,2.68061524689892,5.82646447388424,2.97263044921788,5.94966511854114,3.09067242913514,4.86782220140404
-0.177146692144471,12.0365407373488,2.66989916194197,4.93243710305226,2.79193900145931,5.12380172065399,3.40776183021793,5.61366200329473
1.79105206142012,8.07358151604927,2.65348736737498,6.18580244739231,3.01877139744083,6.0620693037357,3.37050687717764,5.37396254999361
1.35822468507114,8.69584131420541,2.3719378959577,3.84633736587231,2.41861280752769,5.43906972597429,3.29092568536965,5.12051269442343
-1.14119053296059,8.57730475082768,-0.0273523204432804,11.6528039032789,3.01326006733665,10.1281448358925,3.5748414127167,6.32380237515312
1.96208315086041,3.10148185485205,0.449621094225097,14.6854151167702,2.77149640397114,4.5169748912655,2.94762808038469,4.18279315602676
1.39603048984488,5.74919866874782,2.0756437436822,4.99486538980856,3.0088903196831,6.02815668012804,3.5135852644607,5.77589191505385
1.89261180153143,9.01001782340051,1.88951324000903,6.35090056175533,2.60203784164773,5.21254534576071,3.8093771066396,6.61156882427509
1.60611005987393,6.3263412150635,0.809729800233678,12.6207113111146,2.36713218998489,10.9295140735787,3.38902622135183,5.55178365748592
0.932001901872308,5.96757150536398,2.5623260018892,5.30715088123794,2.45913810736262,4.32813718275367,3.337026366853,5.12760449449272
-0.85773813589137,14.277419742337,2.41687592803427,5.14978894931992,3.38647296058066,7.13216131159665,3.60429830778147,6.48337767260388
1.74161215794618,5.7828098088343,2.54972270601465,7.069147473777,2.85912305365172,5.17367371358664,3.1051283521224,4.44596237614041
-0.399696458324754,11.7318191001375,2.42431491678674,4.53914184257556,3.44844736757591,6.45247387729909,3.47268459307536,6.31781407355277
1.73908713517372,7.71215527992938,1.159742794103,9.02636439605012,2.25268286364531,4.26579155732289,2.9892672341024,4.3376204567439
NA,NA,2.24991291147469,5.07724161760616,3.47874587365411,7.23697615266986,3.11805718939271,4.75053534772307
1.90786730574882,7.58261647479281,2.20681126161685,7.32736651457044,2.79102318627771,5.68660322221986,3.03631220281625,4.2983163072227
1.23957918470509,5.87382955641064,2.24353552212482,7.03797445152341,2.84463744667081,7.50943999140802,3.27589804296523,5.82405829313766
1.68279247145054,7.39633533935368,1.00479227515999,11.8830504749904,2.56428675046609,4.29100236353421,3.07510790393556,4.60529822560675
1.68802531657933,5.99775141263977,2.44037587462898,5.46056383689453,3.10989163395368,6.40639387368318,3.66291929006187,6.67632212917599
0.295120330285701,10.7728296671196,1.48558668699369,10.5397195692382,2.95280885369784,5.63574912859442,3.1741844518541,4.42298285139736
-2.80004286944794,17.7796728363962,2.21926926448756,8.45900870683879,2.82625049210198,4.7867446331293,3.04983005002327,4.37626811295732
1.63125189359493,6.81430948823362,1.39055482372625,9.79426577192757,2.74588056537844,6.20844181299626,3.37251962735029,4.92935027624007
1.66158368851606,8.72854999861021,2.37825671597019,7.37640974276908,3.10093789581469,5.15476957477859,3.71265165813646,6.77077212658812
-0.55709242271266,9.36451249157965,2.32282068319131,8.39051725280085,2.44315016518393,13.2976962674782,3.57728688558639,7.14073425292265
1.14876842573775,7.31840334749734,0.307661099057261,14.3608748938926,2.56422087961439,4.13687958746548,2.98627179080686,4.68255144021503
2.12163080209794,5.37697230477478,2.37324669007709,8.41472631952719,2.24090093018017,4.24264763092398,3.15738312422096,5.23016336775897
2.20547431654309,6.10325824109753,2.353939020219,3.85986368614285,2.98071425183946,5.40048246603831,3.47707171985947,5.39454225585983
-3.44074625648178,20.0689111752804,1.59048822285919,10.999227868081,3.49103985183784,8.06873505642402,3.56578209482546,6.1205828106296
1.35136454385828,6.74455175089673,1.64017849781334,5.84611954915477,2.51779681536763,3.70139811247211,3.19500269465373,4.86023326970595
1.58711137291697,5.55717653799856,2.46162758856219,4.71367185650064,2.57524994229897,4.67378665713716,3.49729787837484,5.49780389586509
-4.89310830019208,23.265955372205,NA,NA,3.33410788163297,7.34815109903197,3.2998221706752,5.3364001274686
-13377.3320982994,13383.6760718722,2.02936993494511,3.90015991464519,2.95554474460361,4.86414010667497,3.12665568585377,4.61209906571697
1.23753703411417,6.31748628552108,2.01422293838212,4.86153686093252,2.52711836429691,7.18462477559969,3.22593225269531,4.85534832670539
1.84791168189847,4.95203085291659,2.10175463559416,7.2489560763175,3.06149666965034,6.06541523932243,2.91411173478362,4.42580240200028
1.5611874050795,6.91661262257593,1.45636581969173,5.3257228144803,3.31119804112375,6.29791017139872,3.55118895339789,6.07997731197112
1.32376630451341,9.62144672884053,2.3669481331382,5.50353057410371,2.92503631049373,5.563366387383,3.09299146102359,4.79566980475427
2.17786951582245,5.19184379837025,1.89369970562909,9.67437811318953,2.83418957331293,4.29421274052475,2.87368244993227,4.23175749145036
-13.4230431476889,38.1744159419111,2.6092154858157,4.38042422603026,2.6993672286036,4.55185037421167,3.12392190207703,4.65031418261726
1.82709579396842,8.28344175600423,1.73933799397461,5.28394817002488,2.92807789248341,4.63706800022665,3.06914400256368,4.30664417591451
0.661212229695008,6.04963502273332,2.23030373000981,5.56823293257915,2.63420512804864,3.86884755948124,3.27365525705123,5.64948482926727
-0.316856424169757,12.3922665058194,2.49016415290541,4.64560578999892,3.09603920272973,5.85217588027086,3.578742922426,6.04362489526942
-3.78967526855431,19.0676214028821,-0.666388177586864,18.6429714899275,2.86330740787788,5.82534048923545,3.80605467914401,6.95232494714853
NA,NA,2.09985385024496,8.7396249427927,2.84015214227616,4.88066907677277,3.17134855076714,5.25059621078042
1.68076660470908,4.92812504778265,2.26042595503696,6.31238010793947,2.81721791404028,8.52640966520169,2.8034472652041,4.30402417484277
1.71312555816192,7.09288957609344,2.49232584033143,5.0940805979359,2.37761620147369,4.39671143667997,3.23442397514323,4.91304531754765
1.48644051488634,8.31178305085168,2.56787318503979,7.69404817947308,3.23430131565362,7.1369488261163,3.22254400607715,5.13164400006566
-3.03308348588728,16.4627334440257,2.35689955796984,6.21799753709212,2.96172744573508,5.44766130371235,3.0583596313693,5.55637347360637
1.48230138847108,7.11767222671215,2.23885495609088,4.9815209162206,3.08787680879824,5.8666559296939,3.24302830138041,5.27272475768679
0.580322520120601,5.61369219629243,2.24612429421493,5.14096469658252,3.03184669899326,7.17898896150783,3.23237113141642,5.42319548025859
-6.56324268444863,24.0208288281742,2.30760848456767,5.11950180687216,2.87736799737364,5.40462118209839,3.0699964442669,4.57026591735316
1.74738793247559,9.26140770659467,2.28231807345686,6.06360714094233,3.19495793847773,6.43604193195549,2.87382369499758,4.54616550509793
1.85517432572996,5.26072022871536,2.35386308406718,11.2225052249917,2.97079744188558,5.80497008643495,3.31380058646069,5.15291176741664
1.35872214987562,10.5939619936982,-0.162926707804764,14.2184286974889,2.86356377905668,4.82888806843925,3.84015737960135,6.48977795330262
-4.86099139875486,19.8048614291485,1.99304847815741,5.72408014613473,2.63312331294217,4.83530838240576,3.22839013539272,4.75572648675691
-1.06855083829989,12.1081907982069,2.32741766846409,6.9837205607913,2.66974144353201,5.33553503213365,3.00397923509561,4.46705203405362
2.32120484033081,4.91857711920278,0.0925818371055618,16.075442759029,2.72248006344508,4.80404882535888,3.03752995848407,4.40766053248621
1.21608143548038,9.45373562431475,1.5449893253448,8.66620557264172,3.56800329333047,9.07575992657441,3.22313695705762,5.5027065758526
1.59871940853747,7.02064317614612,-6.26130161459972,28.3141919300009,3.12245275493289,8.86518609971517,3.17977361606379,4.60606911265675
1.0950866827573,9.54257078820004,1.01070334768973,5.85569190906913,2.62565956698958,4.32774961098815,3.90944585564766,7.22803499480358
-0.980373778460268,13.0501804494321,2.27052763836067,5.0985203849835,2.81844179193477,6.29277120309339,3.19480021954876,4.40601010836534
1.97381832637297,6.28872492886125,2.40227939809253,7.56176537932851,3.31850161344011,7.54501573687208,3.65050576188372,6.22474890508319
1.94387988782578,5.9025419902603,2.74979642055914,6.81293182416119,3.05671105489933,6.23410340683729,3.50817564772421,5.64741619589445
1.21143070105945,7.30008846199679,2.41187137693285,5.43435039589656,2.79965149061526,6.27279738126594,3.38670186205858,5.34530084666942
NA,NA,1.35965300926239,9.06546416604995,2.84534750209134,6.48510567197062,3.36321644496208,5.46188399515071
0.111448579494452,6.25965404239039,1.23210918542301,11.6605857409138,2.35516421002093,16.0209298208759,3.26408965103677,5.14187685987769
2.20064496993032,7.49791799518478,2.44512998279355,6.69520201597223,3.17863943385214,5.75524160858361,3.39742044184632,5.91544558630402
-1.00444405792009,13.3889497227827,2.70713815650954,4.8684023406037,2.69610107552223,5.80303625420724,3.47962654875881,5.80453989246262
1.79378185357713,10.2612382809094,0.952218500040951,8.74884689031195,3.18170583623326,5.90410923005819,3.21427115832025,5.22705661114378
1.60464738050359,7.91318460738982,1.06330353855341,11.2327530215425,2.5907647227749,4.57798033943751,3.25537593134896,5.49893699962915
0.477217260682925,10.4240817224003,2.32098934465639,4.21469371742004,2.6344933902663,5.07987569297621,3.34153631306261,5.27406474035489
0.614218924717271,11.3427517981803,2.28097114799099,5.12009986682718,2.99216352322252,6.052709089164,3.44844312526936,6.2861955797388
1.93885625943605,4.44410463514183,2.3987874509416,4.98142149651097,2.70880767305056,6.06806140546345,3.26141263971412,5.27572800500322
0.556761351451607,7.21375197340801,1.03135466601022,10.0282066534919,2.40162209469063,3.61975331267733,3.38179803667002,4.90519208436832
1.68179011601948,5.82300970538891,2.08756138963923,8.66646742156199,3.3105070425037,7.339532183498,3.38896719995816,5.74443008797864
2.02495630951872,8.14450877611169,2.19591632759065,7.55593474464896,3.21506586468613,6.59030819426843,3.24965168718957,5.58156638046764
-4.63669951704627,22.6464203624913,2.40851797118767,5.36910768204989,2.74916554746614,4.83415875223062,3.44897285322797,6.09123150686252
0.980353740492683,10.1927989275541,2.57103635221571,4.68702438983628,2.84963202081943,6.3810037911832,3.04736891176584,4.77644408663358
1.56433908604752,8.38029333077075,1.98865615811225,6.57735805423466,2.84287855156567,5.93399981073348,2.94939516672476,4.63896488079374
1.75273385833498,4.8244879690292,2.20359658663675,7.83357632968503,2.80544635523592,5.4795438534478,3.11119635417101,4.68268520777865
-0.0296902177126412,9.50198168888557,2.47596882444519,4.71818844490862,3.08168244236273,5.53551551980672,3.18679874430388,4.92892234143029
1.72970624152858,6.43879926067776,2.45675816763581,5.60818340781022,3.28208214776426,7.16065836156006,3.19099868290248,5.7952998469525
NA,NA,2.40392384738754,4.71456475587645,3.22939767878009,6.70507248182506,3.44853627431067,5.5669497268963
-0.539851901006737,14.7682817775036,2.55163370883435,6.1151017154664,2.72074273274009,4.54885228258241,3.77113059933244,7.50903530966347
-3028.00778221703,2762.80680181138,2.45455038069053,4.18476473023913,2.83400617805574,5.82540174564726,3.69668212267912,7.40561840875025
1.43855248751141,4.28113718649753,2.42683538766223,4.2019033692143,2.53106130234579,6.96536507287074,3.15826903710803,4.91159186628436
-7.27987444251185,24.1124334298116,2.19269947160364,4.96180153433201,2.79606128993501,8.54444574243811,3.0992243590566,4.87913675770251
-3.46691905801561,12.1607043239255,2.54115940929039,6.00010839101649,2.85487000106659,7.43742273986326,3.53871027813126,5.84056055772228
2.02350663164891,4.00024392807629,2.38354491853672,4.44053336426752,2.76739503352236,6.44339932075476,3.31211601659629,5.20230723681396
0.888136019270883,8.87022790853064,2.23191808263085,5.6232481052989,3.12245782845878,6.59190494891839,3.35690665963867,5.19444094765842
-5.10279128999561,24.2003237724434,NA,NA,2.9795307196157,5.05620968962606,3.65150922054008,6.41917145353545
2.11626137894389,4.28472862324141,2.05799669310037,6.42873735912914,2.80710494889686,7.92746607946939,3.28724916918417,6.22452711112933
-2.60864349813238,20.3122500772633,1.95725377236709,10.5449002095355,2.5758606630199,4.9686984992184,3.17205056002929,4.76286083218678
-1.76411317946047,16.3373165703331,2.45661713203883,8.12043311202408,2.86568893943991,5.16934043238999,3.61234452244418,6.40760341689121
1.82342388092692,4.24674166546528,2.66809017190452,5.8564768249055,2.88054717322268,5.35699898178692,3.4663997911851,6.24953580102185
-1.731559643327,12.8609956435073,1.7963197892303,9.12974480596836,2.94055608839849,8.37953313425204,3.46037103541614,5.72533765750699
0.802565787138399,9.59271248205248,2.74970097959201,5.14825165012775,3.04318819552969,5.56379851635094,3.20822526889611,4.84891584850284
NA,NA,2.01919827287892,3.66144400829458,2.90297805708396,4.88151595577276,3.49304801261339,6.02672666194707
-2.21870368522978,19.4128475303378,2.22939940443316,7.1833040140105,2.94318479172805,6.02649377023312,3.41362906527767,6.36319116015492
1.33219608629429,5.1961461180824,2.20489104858736,4.40294816744051,2.74282709943948,6.84815585527046,3.54663257021241,5.96926888547851
1.89114229969192,5.69288456808098,2.57656474775097,5.83067846635928,3.03276029911039,6.88391911909712,3.61859563915215,6.627920156325
2.31200764698005,5.69744440054877,2.27011460316525,6.8056256527495,3.07354360528878,7.26929106163541,3.13236688165984,4.75040751794215
1.95181587375944,5.21139608099913,1.7734406042761,7.98881167815687,2.85721498171827,6.56694691478364,3.20840868555362,4.56652349526175
2.08139922841603,4.89470013535486,0.426963967361825,6.97803064957206,3.18304571796514,6.56787377590937,3.28008165941921,4.90382093276551
2.24059169560299,5.63495884903429,2.48920260101266,7.98263240034258,2.9388302053353,5.66298668257997,3.29532182522001,5.4346512144561
-73.3513452954897,122.540855012721,2.28006093677136,4.00886144295162,2.61668504849896,4.83799254780247,3.44453178041747,5.63605998689751
2.64195977440225,5.58583707139484,2.13351001868325,3.9287745284419,3.06886886159184,5.02192307308915,3.67451955991504,5.95784576075756
-22.7463008192366,47.8831621622736,-7.56506912390721,32.6267429997131,2.87371890016876,5.53564452755144,3.23743545065109,5.43995639064759
1.81177490408589,5.43966825529369,1.74537481154544,5.03329944325915,3.62804811496633,6.74386088438296,3.20096361977132,4.64819389925061
1.60131395817054,6.143730733574,2.77626214105394,6.73547790011103,2.76363110451223,4.95409345725892,3.39091731368349,5.61711534644532
0.422045112307682,10.429428562038,2.39280105435583,7.46600662753517,2.85496994274005,4.7432678596141,3.60633881628285,6.32924936559456
1.14016169997662,5.52166955799234,2.41648881143489,6.6757188152597,2.81948299910899,4.37736629321749,3.30449827992145,5.36919217330743
0.723877917104878,9.85810331384435,2.03346391690382,5.14226051554546,2.54913470542838,5.15605959405062,3.10922893340639,4.9660495492886
1.55148804254361,5.32331711320051,2.09260799729691,9.82150194500415,2.84551149300953,5.70246843241332,3.33315370272558,5.03931627733585
-0.431621404549982,12.3222233397621,2.28126934808628,6.05415881020989,2.70242976639241,6.49720765310043,3.254508292822,5.56765479066605
1.62391982461698,9.04329890927801,2.6910151973756,6.91131247230455,3.05297418826403,5.7197883018356,3.45118909876046,5.91543677355722
2.02514481582713,5.00235913230311,2.46201197474085,7.26876798503685,3.20689525114838,8.34503945873765,2.97670786690361,4.43653965602209
1.11043498044818,9.18193676641516,2.5948507578737,5.46842903861684,2.85315044739607,5.35183687216821,3.05075471427654,4.65500992377463
1.84062052391245,4.10913731467248,NA,NA,2.81079977014759,5.06633261185196,3.35127456025407,5.74493069630745
1.71791198418795,5.36552999585426,2.43789295922869,6.78113977467146,2.68111069339496,6.93699171500797,3.14808720996597,4.62196698962254
1.30876879369182,5.39683105998538,2.29693275579292,6.07384465945032,2.75954718582543,7.62080926041154,3.28987594010772,5.87385026993552
-23.1728978437842,51.5860612913709,2.00022264797327,9.21835322343089,2.936544870178,5.61657547392172,3.33167810762697,5.8390313322218
-4.42775733952324,20.025909489215,2.06079162019335,4.13978344681916,2.82362552102375,4.6959167666314,2.89744466183786,4.13347938374628
1.13144375263287,6.4815704652527,1.81084566448274,7.73696505721009,2.86362985214429,5.70260832696058,3.3727383559688,5.71999550987146
1.9430654144894,5.68546817904926,2.31486297059119,11.6859540705461,2.83798932372979,5.99814000315885,3.45079550546486,6.25033244381804
0.340449045679349,9.86006347036874,2.13527816265653,11.2930125414128,3.05242662226173,6.05683629848034,3.22792453641805,4.86120068706405
1.29135294283466,8.60646485851569,2.44587028336287,6.10264922599375,3.15428845419065,6.71657727388174,3.17041139097519,5.75436053982068
-0.787902207228919,9.78354115543452,2.31374610773077,4.34640681108695,2.90490756980607,4.60163099030077,3.42255856987611,6.25780354765697
1.39612197962733,9.66243535605378,1.4906109814138,4.25956729378849,3.03484099843192,6.1616223388865,3.30968676342048,5.03952131501929
0.757367712824597,8.23377943768523,1.9662576400442,6.45784828905086,3.0282564774756,6.78081101515791,2.94006349810173,3.925012962903
1.51440226045429,7.6642758594453,2.30855675420975,9.55515818033852,2.59611968023091,5.65527652885353,3.2271775369329,5.17322166793565
0.890405939438006,10.0701697430142,2.36699591375489,5.48200583588162,3.02691041392457,5.51124641698535,3.32950654798768,7.27993873045953
2.08262475300206,4.96601827660674,2.43958092349168,5.41450966610186,2.80550956937534,4.50462656757561,3.44799047480649,5.81785436925856
-0.76074772387017,12.499642252236,-3.09491440587284,20.456083998509,2.99998951611606,4.89623042778403,3.08424872372194,4.75781411801126
-3.16057643144714,17.9899374771965,2.56333803353615,5.99454550413554,2.84156091211242,5.3060335471923,3.14469531267579,5.31067990496515
0.531425877330539,11.121124870826,2.53972625573958,4.24164622274486,3.0855607708634,6.53556813500979,3.20507069141029,5.0571163951393
1.80367575871557,4.71762788413117,1.81003186335187,6.29478098888055,2.24244306605632,5.81103022381171,3.25442447806481,5.3070557837881
2.03906799924693,4.17915959539389,-0.275973997257959,13.4202355157344,2.57504744944488,4.76233191377847,2.87676052177443,4.50133191184993
2.41459359779769,4.4293247103789,2.49052416888055,6.01742480545091,2.65059840591718,4.12303091060509,3.26532882733092,4.90045586573906
1.64749339246074,7.00738162997524,1.90103723040861,6.89459482458449,2.87163108528794,6.02831235768378,3.2589258432681,5.45907558372212
NA,NA,2.66882682701019,5.92022293907382,3.08639717414676,5.28776866388705,3.40963453282221,5.78806259265428
-40107.0402447187,40114.1133982035,2.41607232373053,7.66499349827887,2.3409272143148,5.0191144976445,2.83396946130638,4.52570744965496
NA,NA,2.0362420948003,5.59099879328295,2.82695174715202,7.6112042152991,3.64055905804654,6.44660674499216
1.79381951040633,6.75248891197274,1.22431672342031,7.04199096268767,2.87221565837288,7.09109283851937,3.25540999730497,5.51497010964715
1.64252498022984,5.02170654707755,2.74095520416645,7.75836014709656,3.02269116690575,11.7004364238184,3.12965300612397,4.60980801051544
1.03570434852197,10.1356117394169,2.29021472645679,7.0672872386069,2.73360388312378,4.13926578842556,3.14745171498716,4.73214983845269
1.24773588318296,6.80858770839185,2.41138006568398,8.53046207160964,2.98233933455948,5.17779386095813,3.01993897764003,4.25078832855146
1.80892019736851,4.85329793205961,2.49183302431909,4.6724399951072,2.77535994006027,5.27203093238294,3.09534510158716,4.55950667396037
1.87397348655796,5.47980862744219,1.93234692872727,10.9385446656246,2.84864500741103,7.01241096825619,2.93459392030143,4.21758289066602
1.28842564791504,5.59243888176057,2.02915654948313,5.53581099507741,2.75521190202557,5.75027700660237,3.21310852370376,4.73282519507687
2.00953340150795,6.40377892677959,-0.896518286143037,19.250526887543,2.57140771842714,4.82770565789233,3.63321066850409,5.24165243739117
2.00369748830149,6.5611994040714,2.32771814557626,4.60189827259723,2.66800132129893,5.10959630297051,3.26849237140713,4.99355576380738
-19.765539859562,48.2221877204725,2.46278041730218,5.5661549221425,2.96579551089919,4.92832360774316,3.41357559174081,5.36445409435989
-1.85366505656655,15.0620626830648,1.99784159300643,6.98192986239093,2.8889748867873,5.00844061026811,3.06122427155916,5.16148798966981
1.27960334868769,9.38571496206465,2.18586959516809,4.11845787634702,2.75173731596096,4.9631020760089,3.1336105141417,4.69765946993006
0.874022591016815,9.92979291348672,1.66819704536752,9.68093432732236,3.07959983303328,6.02464459182791,3.13618871518654,4.75114037865523
0.416641073100708,11.2722656898198,2.08547681172907,4.95628091923761,2.66078124245987,4.79096216695373,3.00088102696117,4.18837303858568
2.15013282644566,4.7557830007074,2.26462081077327,5.00501297587237,2.75038324188713,4.18594254928388,3.31266461249862,5.12831210917936
2.30239380946051,6.48691947139583,2.38010829865146,7.45163952104261,3.13396804629787,5.99186449944842,3.42034367867703,6.07060642263737
0.622269877190448,7.40772426501695,1.85536504093587,6.05587183097581,2.42747416003585,6.55949498111902,3.1713424417318,4.91422275086444
2.3242969422862,4.91759462949828,2.1844273904379,6.75846113559781,2.79176211135668,4.96646517057262,3.32426753724139,5.15004664260825
0.271586080879967,9.67339069983991,2.92227133947543,5.73097157627448,2.84986036688639,9.14721965378073,3.25728092185864,5.13738336182988
0.77820425050856,8.57007249230481,0.136529788654043,13.3272074025033,2.51946234285098,4.73830308964521,3.18118867853224,5.14557904633641
2.11872557010919,5.08483392656815,1.75711263430424,9.04093926888456,3.04097002448523,5.56734425931819,3.21009960663144,5.37543453530268
-0.678382315175546,13.3272266131536,2.41501622373507,8.18388718624804,2.79785334074858,5.04429055078105,3.57108764252036,5.8711548903855
1.94574566651548,6.8114572530471,2.42577113454236,7.2654709296895,2.75037561724106,4.2891907420381,3.44569192144286,5.41232211047674
1.91002191876745,5.72620564528849,2.27668657648135,6.77107268274821,3.43164077448733,7.11167822580837,3.24578003322452,5.40445671548793
0.689664371787868,9.9883448424245,2.16044627011645,5.3738938375799,2.78299496667361,6.82358688760466,3.52610906831613,5.98025629369142
1.67036340221382,6.56821176081816,2.20763770082687,5.66093367712307,1.31881187545383,17.0165050896352,3.09942713055817,4.61734465200564
0.594531062819799,10.623442872533,2.3531105961407,8.48165703420746,2.81961038743766,6.51787750081225,3.0492660237275,4.39796626555078
0.942702237074081,8.83619396111375,2.08123639672925,7.97349180936624,2.75978985473751,4.72382333458157,2.96622076594304,4.73800095696551
1.62664847539273,4.58268781085358,1.12431321958921,12.352706877344,2.97078524256129,5.55433725660408,3.53443445628877,5.8496893966157
1.67670480115252,4.47426231568788,1.96568736401363,7.29558003339122,3.24494086166594,7.51281062322185,3.25257531119109,5.1182732835522
NA,NA,2.24543376322974,4.38328657625916,3.18304299776323,7.02088596186904,3.12573889422669,5.17598171663046
1.90378980439174,4.50598498805348,NA,NA,3.01659808267519,6.03302600138016,3.26162965840749,4.97049112840217
1.73914702761328,4.57720899379274,-2.34597071603307,23.4599449191416,3.14989700442153,6.39643182912949,3.44594767788876,4.84892561110116
1.57459608441794,6.55868775671996,2.47308078021804,4.44392098240306,2.75190552895413,6.54064424418093,3.01893854320621,4.83082445898204
1.09091135910856,9.57434435064684,1.71541360682917,4.69613040447185,2.86383993200388,4.41384150257704,3.44885728020497,5.59244480188085
NA,NA,1.08488216022527,12.4426240376833,2.88745992499755,7.42009838495598,3.17794125833243,4.93946000838458
0.981559723980983,8.32865855855633,2.30427086673791,3.88797409651307,3.21879938689728,7.44066235725128,3.13012908570508,4.50673146602332
1.27232059251855,4.47367098644709,2.36775767369198,3.96005409207335,2.69689468066296,5.61651132065384,3.71437323379504,6.545291357846
1.8179936943105,5.49184769979342,2.62803181286455,4.75466419657655,2.92478614621882,4.8359516382846,2.97600528561264,4.25125100167664
1.40603226994379,3.72082308704294,2.5586821516961,4.95488009092803,2.85096966829098,5.75515744591152,2.95874876512085,4.43854265184236
1.86544966719987,6.66626212152638,2.25273483766325,6.29140863737504,2.85026101251016,5.35013576528834,3.19796862409796,5.26624863857178
1.53589205427289,6.5299865066663,2.25365469602357,5.98020927697962,2.90848077195806,5.76036659262127,3.23810097721878,4.84662904235327
1.05369104258958,7.29965124155451,1.73748165714055,4.59723853882278,2.65895576199549,7.44237071079082,3.45647744423711,5.53193617766461
1.80799554488588,5.01409982401331,0.706033885249849,14.6823227956456,2.63814924581285,4.29792439015614,2.86693535693375,4.30238069382167
1.28626123981559,8.73391863189851,2.66360824398616,4.97194454015044,2.91491453962858,5.2166888770021,2.95689316033876,4.42944007342915
1.75102885892191,8.88167380122786,1.86417177490558,6.43133823832529,3.22875663577532,8.65395876307997,3.70991715814282,7.22264087231307
0.109992188035758,7.79482565492862,2.05315809936611,10.4743499538188,2.56835065261266,6.08518759528819,3.7493409329727,6.88146195009141
1.17976530427891,7.98217144486138,1.93747068714225,6.047916212039,2.82118910197054,4.72959024918292,3.43626313509293,5.68839048930482
NA,NA,1.94461085724081,4.9513604548664,3.1518483622708,5.67386912038889,3.79753747104683,6.60272326284627
NA,NA,2.1225352205514,8.89636667591525,2.82085720193719,8.86913652255432,3.3107004510513,6.03628789507436
-0.719029734316867,11.1084525765026,2.28733478221183,4.79199278084327,2.7265272348713,5.23704704963746,3.48013816694815,6.27236176427869
1.70642983533061,5.72352430378976,2.37201344136886,8.88620629988491,3.14393678220413,9.01156802758477,3.94627832980121,7.55390321337881
0.612544834477161,9.010918928659,2.47118897124593,5.02950542890561,2.47549687422682,5.1563008867163,3.16462423139811,4.60924841869059
0.820403155210429,11.0413772751841,1.53474371287147,8.21014764545987,2.75047483342247,4.97765023598122,3.17518935969139,4.91891455083498
2.13451170520917,5.06953376010503,1.93713039635429,7.0245809533391,3.05404790180069,6.74437444676455,3.03138800803175,4.74438469298168
0.951791991472294,9.24340698160281,2.22482099639215,5.28925068529641,2.92845385869466,5.11659973669144,3.04175014915875,5.07631108410954
1.79532288533716,7.59595439350426,1.87416109270248,4.79955243982974,2.52205788132894,4.35600481908231,3.43565176799454,5.88002037042144
1.65369686856314,6.75203731747218,-1.76373852729333,20.5323598879629,2.65523534848718,4.75822804260602,3.26101705184645,4.96808324418927
-239.94901105942,317.669945403728,2.48370329387537,6.41633587034412,3.34236043470698,5.94478503444095,3.26922361581208,5.04884911783924
2.20738105462916,4.2113495140997,2.7122948795049,6.73687153180576,2.99728541272492,5.83063477985922,3.37137392869246,5.95212680511695
0.373233536218225,12.3161929121745,2.102329079338,7.31859607022588,2.75467148121194,4.61460717813942,3.090881127256,5.3283929628826
2.23778887243085,4.6786722646918,2.30827691214137,5.17424120441071,2.57526264755265,4.07916850512693,2.977047535728,4.26414661941816
0.0568222849195168,9.26157431530714,1.73745944334938,7.08089283337588,2.80697210700822,4.57192900467008,3.28973340321577,5.1321897415762
1.90984645867751,5.82493874400385,0.67788404064683,10.1513271657572,2.95356732073589,6.62091067060169,2.85577118437708,4.49611002440266
1.39021330169872,5.65942061662765,2.25138051427662,6.0876059637943,2.90284601481805,5.69032207452194,2.96906897671847,4.54155241174611
-1.52639043186865,16.8062498663107,NA,NA,3.06654533629535,5.27243768241203,3.19439959297919,4.81210489820663
1.18483016096728,6.13066272139356,-2.01441429164288,22.010816781946,2.95719197380053,5.22248715838055,3.37212695247728,5.53320185074892
-1.82101936839164,15.5860322323874,2.5252979094743,8.19782352986769,3.10298515902819,8.24281057133012,3.16893076859021,4.78563069341678
-3.12933889975439,16.1100411301219,2.14956569116835,5.71825998573031,2.67410367523128,4.99665992390673,3.70601348490823,7.01008526731414
0.466040612217148,10.7833279790696,2.2500333978664,7.69733135487017,2.62098781428049,4.24623492234514,3.22783913091692,5.89653359372848
-0.132898937525302,9.13845726924604,1.88104058173379,3.85949445847404,3.03908542294362,7.45379110064778,3.08419747836742,4.91135924303123
1.46174781061145,7.94048871650772,2.4989150056123,6.08255380955431,2.81068462641069,5.1874838128474,2.81638789659984,4.3324687524332
1.88026858588173,6.46812983253773,1.95319922757338,5.74493532653575,3.25877851889053,6.56460887177996,3.19244615806381,5.12632756793989
NA,NA,2.53345817604277,5.93759186207377,2.4517542674499,5.69988463370542,3.39224226162863,5.55980186971867
-5.22422996893294,24.4415992308276,2.43971266229813,4.6059093161445,3.0966266193256,5.79721981365974,3.14175624918659,5.1309266099376
2.16275028768572,6.60323517797627,2.64716573741142,5.7437249313551,3.01463119749174,8.7996754033068,3.06826355926283,4.82431612901054
2.33606378810813,6.06036925734677,2.1816178540671,8.73426217580061,2.6265988771003,10.5877117118097,3.25426513358185,6.22037029265582
-0.782498325912838,11.134854224355,2.3559335924386,6.4890609138934,2.49873572981214,7.66565753890626,3.4115034469452,5.06553511086728
0.518028038628213,11.4622579091231,2.11926257886597,8.04800761477301,2.72379837790436,4.2247303440145,2.8780927624406,4.33147879030875
1.43470440648163,4.7255468190125,2.50031299704887,4.73219114418985,2.87552269827843,4.76554119792172,3.67609282779816,6.26469743782108
0.922068543492717,11.000859422514,1.19957333859725,9.18880881468126,2.6644280952286,4.01132084860524,3.25797421063944,5.51370742742368
-1.44888224456391,17.7409617653874,2.00936167403538,5.15093173529751,2.73441994120829,4.15488179578808,3.61860341009969,5.97927761382258
-1.96927923132101,15.7586500165302,1.83653012700869,7.46587374024476,2.45009661004977,7.03812102249972,3.00592008491631,4.23542964649255
-113.431802551198,165.485127917797,2.7004929490253,5.11249798339839,2.78294419938683,5.7456153569249,3.39610924895703,7.18214706412957
-11.1822521381337,34.1024903553902,0.877759628036049,7.99633495425181,3.18156675914095,5.46289029785407,3.19529809843065,4.71505915598533
0.970216784805554,9.26033325388306,2.07104416324268,6.55700891274447,2.77678082536808,6.67890562531869,3.53598324998602,5.4020958742112
1.94978650672731,7.38570407857082,1.97461904204935,7.08442910049138,3.17530508909765,5.78194636975426,3.28834461396406,5.15097310149162
1.2504311215325,8.49245559965486,-0.3273686832936,8.16894238299703,2.8628476573875,5.02219833673751,3.04734861087096,4.61742169113304
1.95830089520067,5.44424859091165,2.3291015628263,4.75932180478638,2.88856360737749,5.47246657047068,3.44431915821603,5.42424157567443
-1.36454388874748,16.3173269460427,2.03115191411628,8.05799619893921,2.44627105437578,7.00355759067202,3.41609470700893,6.22017372112433
1.63294141278023,6.26446874556753,2.41451285792538,5.59029502113949,3.15635174418816,6.54144343334206,3.02316864959809,4.78792618361623
2.26291158852905,4.69737324334991,2.66039174952162,6.20538801378225,3.12952164947548,9.70482292155541,3.43210957174018,5.55090721097295
1.36598146970299,7.55638635882258,2.22211033931638,9.84857087081214,2.98255519665067,8.40754584267188,3.39452539152226,5.46554674981616
2.28937066701215,5.96202913743962,2.23976752909143,5.28070866877548,2.75266729250489,5.60766346334086,3.23074957992914,5.02917759548259
0.732754111722455,9.53527124085726,1.96507492827138,5.78469254031273,3.06555663792982,6.98965621955012,3.1354431299908,4.59993536306626
0.822150550006183,6.6385440825206,2.52172129764051,5.1657005323104,3.28211752630918,6.20943826007538,3.17976131223729,5.3325325023596
-0.387293821338675,7.95529720890387,NA,NA,2.98444221969609,5.79000272743936,3.32727147130113,4.87943246769121
1.80035703073851,4.80976460992051,1.87160428330219,7.9246745306476,2.59427158466071,5.01509476060384,3.57354142256359,6.74168242602638
1.6822448837691,6.9793242066808,2.55030590187844,5.04554144074085,2.70518778335642,6.60961009771185,2.72127932201491,4.04092707615094
1.77658084743735,6.63960523741234,1.36208921230729,11.2318316630181,2.96256642216751,5.43490661202643,2.87360522044352,4.18048768658023
1.46866619213583,6.15363099386064,2.52192130933262,6.94139934853839,2.81369294574318,6.2488679959207,3.51367325709714,6.06554167947048
1.6043657267712,5.30262236447179,2.64686286128346,8.49664501591044,2.59756134790938,5.32511041824223,3.37955130942166,5.30816292582811
0.583466633656796,8.77258970202193,2.11940284326644,4.67587749182023,2.83669672899615,5.42367901186129,3.39138996122039,5.22611011915133
1.65057313944792,5.88623195932046,2.10091092174553,5.10094153812472,2.61339830692333,5.50840889669381,3.56548683184378,6.04058208524753
1.99608444827586,5.71454582926665,2.05363956283844,5.87691666031772,2.74556676369433,4.76576241141414,3.36941442334993,5.36045205555377
1.42790822785413,5.57196666103342,2.15470706019636,7.15773516175927,2.74789884915417,5.69039537489817,3.16262229448484,4.84233522316577
1.0476682537773,5.83865263133163,2.72611328539246,4.9673301172085,2.69491848317135,7.24749138222493,3.14807336279783,5.24176015085108
-34610.8437460431,34615.9198078922,1.07041386647432,11.0542801859145,2.93643720393809,4.981534517039,3.08344820386661,4.29930995103769
2.25733475503053,5.21612387269532,1.96645610922548,4.86965798665834,2.92188080290156,5.29426648808168,3.08508749878567,4.47368818098151
2.029807570464,4.38661059056797,2.32887578153016,3.99824842768752,2.7133421441954,12.7363200193818,3.04943710181285,5.02360332777321
1.24430364399258,7.61826537028916,1.80060984564286,8.90576021425806,2.5066984379093,4.43744497822585,3.61881174401842,6.34622071424914
-23.6736071531486,50.4122838274403,2.26729952512058,6.6629715725566,3.08962897883057,5.88192370668276,3.44141308464858,5.58764771134461
-0.454666750600574,10.7390997198153,2.7901394177842,4.98700571481971,3.05046169144892,6.89330919126718,3.01485047678059,4.35393850798699
0.839405609334682,9.71358414024597,2.98674821625835,7.14556421482382,3.10315601209135,5.38544469044233,3.58723708324628,7.40007825435151
-0.649531930603262,12.2422768222253,0.849110313752212,14.7447744169217,2.80255190928182,4.895446493493,3.39522595377791,5.98137571274525
-0.542298455693677,10.7394335494818,2.75832438596612,4.82968270535458,3.46782851431863,7.39004561229664,3.21606647281362,5.24283843090841
1.47114226884158,5.65913760177175,1.98052839012412,9.10438169580705,2.84980455144925,4.6712026729428,3.09510622621948,4.90669122592446
-0.255298346187179,9.4370009170926,2.47038208014158,4.89300130758797,2.93761385694524,5.86004049278267,3.24990571425949,4.93706271167076
2.21612160882811,6.60187119099844,2.89670587351752,5.74870530307344,2.94469261818001,6.91021643143728,3.30422895592998,5.18837653875674
1.67875311622833,5.98255684480554,0.620623242674322,13.3900753192311,3.00890282292524,5.45526204471437,3.21000840152104,4.99065845346993
2.26565315838761,5.90693040666219,2.6260764438592,4.88613828155547,2.30974959291281,7.78538596982403,3.28827265396853,5.14240061016602
1.86907277048456,3.36623801937267,1.88806057897403,7.02067211551259,3.0070630607187,5.33289424428927,3.47242601148336,5.52280742473529
0.99351111065213,7.3507103896174,2.33507537481259,4.8740283424817,2.85640085181655,6.14842915083943,3.61105939681676,6.02118912249499
-1.99643755553989,14.7050604176154,1.31395232292651,8.75782268016678,2.75654329563636,5.03598443064048,3.1840329293526,4.79976925378506
2.19716054322238,4.37978662158395,1.93243968347009,6.48963583944769,2.58674602803933,4.06480893130964,3.84055779539147,7.75969991360695
0.655680920460688,9.14277277369219,1.90095931622667,3.45509602849492,2.89698308523556,6.03191427124813,2.89156106306025,4.81920704307987
1.8600670627595,5.50990473461099,2.4404909520243,4.06244436732717,2.81722713037978,4.6527761103932,2.97611108205676,4.65246604114978
0.938250626027006,11.4963701202594,2.36265878436733,9.14510589749513,2.64097720781847,4.19732339487268,2.99413044169564,4.51037933509634
1.42418570470565,6.97948282308683,2.50585976219306,4.65218461388528,2.8557059869259,4.5117394110248,3.60279823165884,6.18492802463496
1.18572168486926,7.74037127525017,1.09163223662414,9.85709244078037,2.4406718477643,4.68125285310035,3.12599213173056,5.4898432664854
-1.39974178467948,10.1641103589951,1.55198838874326,5.2201886847985,3.09126190077668,5.11394211834954,3.40568147713857,5.6810679239099
-0.786746024696901,17.618994078825,2.31648771968583,4.70358191709358,2.7356620599023,5.26040223984328,3.12893673227274,4.99405104952071
1.63087433076273,5.34739648692841,1.86256576258355,5.59775719736834,2.99921901516972,7.09065826075498,3.1475742640015,4.42956468805232
0.255286432403627,12.7280412667089,2.19751252159261,4.87961005040803,3.1243795444539,6.23897061488744,3.35690128134214,4.87439676708881
1.77270340556439,5.25459538896599,2.17379919151186,4.079178357907,2.93217581166932,5.39580131460927,3.50237644890117,6.17032847665108
NA,NA,2.36561811340458,5.82055777765466,3.02600333896712,6.06305428425864,3.70269253090413,6.39739063457245
-13.8118453151544,35.9113324391807,2.08401888811319,4.74694062311863,2.95024028960677,5.63140940635234,3.09199425953492,4.68909462202616
NA,NA,1.53684038178616,9.25419065039813,2.7384125520939,4.39519442624652,3.24358376449132,5.39420896236942
-12.5697859699627,36.4157362410909,2.19960595908636,7.14595256028503,2.6283513286726,4.74572260674855,3.10937977674624,4.61433499676456
1.33513317287519,7.47435626088574,2.36096539424465,5.197220698178,2.94438186138471,5.10173723761149,3.39228078843641,5.64024158182673
1.4291417056923,7.66702435103054,2.60104160090325,4.8133979730154,2.70912386386488,4.45072521800083,3.38311223926548,5.52110059555923
1.4860117767619,7.15847148540806,2.27269525983924,4.04374841696461,1.86960000691779,6.49614822448424,3.34340202083644,6.29113211925855
0.966164777933969,6.08357994760461,2.02805282306383,4.85006536889589,2.90535607379153,5.57430968910614,3.19774375692226,5.06855311447393
-3.09484553139988,18.0894620672222,1.83022386957126,5.99264429779858,2.81618929850829,4.5969941119876,3.17461566833715,5.34570363999499
-10.8688509428494,31.4940887292202,0.457100041260884,7.97408471550886,2.96525945959077,6.63879027069723,3.28784011702721,5.7014843695171
-4.70794172690885,18.8056065620497,2.35578424482243,5.45673030054256,3.11402689704337,6.9690780678043,3.26212025442225,5.56469390650498
NA,NA,2.09374916944634,5.40930897025441,2.89520264363751,6.40115713566749,3.68110119090158,6.11380642061425
2.49289525614576,5.42927710650507,2.26317107517656,6.31210250622697,2.98362579555991,6.3024490857393,3.21972104390201,4.79768071911076
-0.383585303944974,12.4850131028116,1.86869685150553,4.55126610596865,3.18602434601653,7.84224761162354,3.41394771259655,5.16781101851625
1.54852736698502,8.95703703556595,2.83560711638683,6.24425750252629,2.90169896797968,5.23316716210507,3.50106006289665,5.3039035934226
2.3232773515625,4.03119638778746,2.11192283309929,8.94665154830728,2.65500533867203,5.07367393622937,3.43245609573057,5.6363019890001
0.753741420524641,9.72634443767991,2.19524684873738,3.57046798806857,2.53295189574693,4.20222274440565,3.44784423508696,5.44934847000549
1.76158237214871,4.14641436952711,2.7584015630257,5.17339953572314,2.5424619359958,3.72137471961307,2.7978031488065,4.00022726164956
0.844808825313858,10.0897610239509,-0.332338473259793,9.92520300597305,3.0291503457618,6.42374544419903,3.00098231537105,4.71686611120509
1.6336115866626,7.32972392893709,1.40218897983255,10.8787177573291,3.08809121500309,6.99225062102825,2.85469252701962,5.58851673349427
1.83687878239557,4.3276249426065,2.5282358257011,4.69496187650971,2.52513008361585,4.23326216506817,3.97407163118612,8.53435484649369
-2.76780527893457,19.8165622844354,1.69553160089295,4.63149988284235,2.80525414531476,4.85545801709471,3.21871087250881,4.84356636110744
-2.88677110875189,19.7995073951258,2.36957046722866,5.30356901765419,2.72775291522817,4.72954022859244,3.19739926535768,5.18191370013263
0.831778700537017,10.5176932965663,1.88928935400258,7.0567584360083,2.52072484968206,4.46312907608404,3.60394296878852,6.51537760722582
2.42117896802257,5.30987826210443,2.59905679366308,5.83212463237257,3.30521139309197,6.82506132244336,3.80870651475861,6.89324895940525
0.436060313871526,7.63944718226401,2.51989023516193,5.43685734315651,2.75220310849404,7.31576674125554,3.37539654605628,5.72932435092037
0.197707139735988,13.7454768352305,1.93102989260084,6.6445105523958,2.80735479632217,7.07807004275526,3.26096176036475,4.66256778906992
-9.50020312453608,26.5882408061216,2.2508417544758,7.81838438873658,3.1125359006245,6.77526004677443,3.32122674486841,5.03711202926722
-0.291326520915326,9.30753724886845,2.48557553101165,6.19907474447792,2.71407446506227,6.19790189396508,2.96660296482282,4.43957925385242
0.901976605604241,9.11825733754663,2.19925177170525,7.47142270878393,3.03706494461437,5.13058880377358,3.44034099707463,5.42251784732573
NA,NA,2.72625012832271,6.02367302231636,2.60508713238984,4.90033409026407,3.8159683033387,7.68324123329511
-9.51316382901084,31.1559888813328,2.19042032904905,7.76614157956698,2.10871693318491,9.58955953357519,3.45704265230134,5.65991822737468
1.6380520145438,6.47332366837762,2.79469428610935,6.44280939650283,2.73082688705911,5.36490089094092,3.35551335616864,5.60876367531297
1.61505333140458,9.09439355826228,1.9474687857327,7.76211916649327,2.74632863114315,5.1117598265702,3.32914598725757,5.80928460165141
-1.50096679285585,10.4259784732991,2.25631243281451,5.3448582541234,3.07384913281688,7.46814786390063,3.2588439671934,4.81279748804636
NA,NA,2.39631469182972,8.42185998061523,2.64347360507159,5.30140896781897,3.71851706702653,7.4334440089256
2.06403742498528,6.25803897542377,2.02705254580346,10.7982606326775,2.53908334766588,4.99936727965137,2.74237837899308,3.87003255363883
NA,NA,2.33082780678979,4.68341409601263,2.81147434272885,5.2745639495384,3.21367908314737,4.67038579241759
-3.51206928690857,20.0300671740386,0.985225627584699,12.1835812824516,2.62134165185405,4.12481537582343,3.45516685733202,5.73547054225851
1.62890590294074,4.38587197445766,2.56085265217099,7.29583187987619,2.45039391592225,4.78025591583894,3.19549231586544,4.79340004478424
1.08308066956697,5.37915324709901,2.51092422532564,7.48441461950065,3.11361651775894,7.98407736870299,3.0446413278865,4.3356840419712
2.43141430527365,5.44463401345272,2.73501595930089,5.63461342009208,2.94844515548293,5.22193147351518,3.37765719540214,6.11729528600302
0.938000051189733,5.35188032697045,2.46387895802129,5.01477920742681,2.83407854419212,5.01895119313949,3.41066241512833,5.61124346692912
1.43678175232927,6.05814259754079,2.34387834308712,5.4258097799407,2.41009810237526,4.65016811547823,3.37567973125535,5.51240058731909
2.05577273642468,9.48569505005309,1.94396463777605,6.7809773306745,3.00961518485885,5.87178999465291,2.99421396900728,4.53548628259528
1.89008221710581,3.86399671148498,2.09082570124188,4.69512433224161,2.80069974469168,5.17350898242041,3.12867498125276,4.77672839764663
-0.709371610641104,10.0309726190917,2.21185600627542,5.49348446885882,2.55193327670272,6.51979268119163,3.47950993550942,5.68027225955892
NA,NA,2.34630437180297,5.2358919754996,2.97496243622014,5.49846022596886,3.40826494297492,5.51607693065645
1.91724041621514,4.7223937541214,1.2633674549533,8.82890511458885,3.11984122609307,5.94801225858776,3.45644398426412,6.22519324207891
1.74734636456039,3.91708213704339,2.35650964661595,7.42169720487852,2.81330368281636,4.9019082660959,2.87973726586469,5.10024588876507
1.69648239427297,5.93695863429719,2.26042262083674,6.15432317846736,3.12598013698513,6.13097558086557,3.38636086105346,5.41784906107945
1.83764950202279,8.32331791807376,1.29563415313874,7.94395848755941,3.17629005361173,5.2868187356249,3.26162693283016,5.13622602126475
1.93810478444899,6.88408315325052,2.22399669344418,6.94353559278331,3.30749031998477,8.07041224474709,3.49236714831732,5.36917213102857
-0.503687859574961,13.9958490307138,2.23948391758263,6.51482229141259,2.79893298744631,4.29295677158586,3.23690149288001,5.00410341355059
0.605000332684146,10.2579981227141,1.48331482861771,12.8029096859566,3.00376741122841,11.4524269650256,3.39420517798723,5.88106601455353
2.13332748326311,6.52010535211281,2.76344424806335,5.22012141774072,2.34490647320436,5.31553622409395,3.56196418314612,5.67953743264822
0.676176916339867,6.96705216103011,2.38547945921746,4.5859349191169,2.71062593072528,4.84153748940321,3.46772722329025,5.40871108635131
NA,NA,2.76634644281806,6.6779691443129,2.58721295017152,4.04608263741689,2.83164838784448,4.46402116789849
1.39927670914216,5.52132653048882,1.52736418526763,5.87338526100521,2.90168170954086,5.51373140295146,3.43335201226632,5.30963161884891
-33.1234645241839,50.5451592333922,1.73220853608293,7.8089293051644,2.83514426064868,4.30007249149466,2.95336917124436,4.2151629757776
1.5929572437816,5.96340659113677,-3.19184302093093,24.0956514036797,2.92522500574376,5.16293255673723,3.30964364171059,5.04438643279229
-0.139977637831628,12.4359184706318,2.5708410965824,5.16596583586825,2.8126379409897,5.38643417454667,3.32480063536742,5.40575418202295
1.80998172717426,5.15418178203495,1.92386007139202,4.26560618065925,3.1293306408621,5.69232024398671,3.60524499664405,5.94695994745066
1.23914087315617,7.93279404709114,2.05797125414353,9.45359132919244,2.6841573423313,5.42572274693541,3.37744495868689,5.30460163542753
1.7045826414881,8.2567646871536,2.47321850171777,4.66356895350711,3.05500965023056,5.31937543315525,2.95547857788023,5.13161852371151
1.55295569014408,5.16944545971318,-0.771591364973455,18.362569411818,2.80033377398702,7.49698284136966,3.14622340760247,4.9129927560681
0.633670645555801,7.20920815881366,2.57443130088213,7.11653757036147,3.17054141157441,5.58152557326125,3.1369737868169,4.54652895739446
0.966153782201915,4.57103387607778,1.92901196907249,9.04137609896942,2.83731628592006,6.04254228732885,3.56332985146759,6.76456413022351
1.58493549779056,8.50209925674175,2.10661023511998,4.71420440636661,2.8946796671424,5.2501537059487,2.96501384716149,4.54359097831638
1.34742590659009,7.31968604222727,2.4730323683457,7.27958283974705,3.17832478867778,8.09508558523565,2.89238341589522,4.05929680922677
1.01559625783831,6.45166471737356,0.770787281303251,10.421150884248,2.51363015970109,4.30367342867102,3.18252763595661,4.94422273459621
-0.452827843989103,10.0469505614416,2.23819806992583,6.44413943812256,2.81271122863634,4.89163932965986,3.09034480134559,4.47186862949336
2.21034153022524,5.33615285679353,2.09714542028501,4.8598247648518,2.50311742647331,4.50905908968311,3.30452154178486,5.11084859368337
2.19476356236283,5.13107088380655,2.61078534785531,4.48024798375338,2.62199473154312,6.61678518085815,3.67973422086074,6.2585274175574
2.10629527606025,4.33833679664324,2.14415016166358,7.0379758459297,2.67152282121527,5.80655254831915,3.45970661867352,5.82733146241129
2.21683021255855,5.20323510945419,2.64498610465516,5.88708212356848,2.88919730131094,5.42553851868579,3.15840433558544,4.9371207812361
1.53211567155951,6.50602807636004,2.31826570001991,3.82887396128712,2.92671325133575,7.06532867480295,3.43615718583132,5.5231824368146
NA,NA,1.07036133431425,10.5129710226913,3.17486737050115,6.56999750853191,3.30775810337872,5.44963798911441
-66.5939453078404,108.870121879504,2.44416871531087,5.32218297674594,2.54325626035332,5.40919819843465,3.46787112304608,5.11842823675432
2.15826785779772,6.37725453038647,1.93012841920247,5.50009743587745,3.04662808329075,6.71207409111487,3.31206598335356,5.4803350191877
0.123773447200175,13.3680132068634,2.40446291769021,6.45730087901216,2.64932908182725,8.75379403630074,2.85543363040445,4.07542531602711
1.29783248931707,6.28112200210961,2.24944352740077,5.75775205365434,3.24823002747932,8.7651801397499,3.56629888217223,6.38002009675553
1.46181806159832,7.71239517387915,2.13413441017604,7.28465747345517,3.48792763885002,6.83765483565153,3.17484439570974,5.00882231785323
1.71227189080223,5.75885973338894,2.4712896353759,5.78414659077236,2.79210949880926,5.48724643075276,3.72524540313536,7.04816260827175
1.41408574332873,6.01346402688277,2.54148554338852,5.10790127013055,2.82191346861946,5.64194839639759,2.86382798855103,3.96347079071563
-2.4373649693772,18.4341062299209,0.0466687872566638,16.4047378846423,3.05741167689355,6.28948329057189,3.66066397872207,6.81367289746055
2.15964774751962,5.17174707797823,2.31088887812792,4.04511169059664,2.63727692229779,4.39961660074349,3.37024496918768,5.18612100840986
-1.83388926514634,14.1895656753134,1.71601886949942,9.34642444901631,3.16851071717937,5.82655622050452,2.99847411387691,4.33819195642734
-9.88640098436557,32.7227078371685,2.57279950101508,5.17518837318036,3.4517099483057,8.44009038389745,3.20775363014531,4.9046369876745
2.18320069558679,5.21767986801612,2.36496271724706,4.70679893233059,2.966737698901,5.12134623402247,3.20793397628444,5.97806437912398
2.14483763762862,3.81187172063615,1.32486505488095,13.2121034297637,2.72851807831819,6.6275726763608,3.21916747408108,4.68448038943039
-18.1460953187651,42.941776824178,1.86973067216376,4.64701628299606,2.61332905510695,7.70817522820641,3.37253523152256,5.068763166114
1.82316805082035,4.99199024115582,0.285482525883447,10.2461674691859,3.02836922096761,5.82646231334945,3.22642550333031,4.9075904142895
-7.81886566161808,28.0236698941091,2.53471396176993,7.30177275395973,3.1440656715564,7.7719874441475,2.77968021095387,3.72077032231977
1.46167839969562,5.38463058185649,2.27953547042365,5.74176415909668,2.95582157881397,6.43954545628786,3.34060234577171,5.12457390262549
1.72867767389267,6.06647841620605,2.01015724392917,3.93540179252256,3.0452389733489,6.57297488278,3.69522609683419,6.38552418995514
NA,NA,2.48325097062216,4.37853009665338,2.95468855023497,6.263714575744,3.32989387142917,5.79748833730038
1.69265304311834,6.77689935898303,2.40668489107355,6.86579521366908,3.10829760163415,9.27028433470012,2.96535688729659,4.40693111600294
2.140675083051,4.30605238474899,-2.11295873356838,19.4829790320997,3.02349581766724,6.21555318110589,3.66566931914218,5.75919546648047
1.92988645062473,4.02735457425619,1.43852183626056,10.3564364906077,2.95939527320051,8.362971060003,3.16482392095281,4.69497154261734
1.93654743671805,6.65119003450255,-4.38511389224408,28.9577837054449,2.96743180086946,4.86583152927168,3.069000477597,4.37936853561781
1.61693957052452,9.10985770206838,2.04685638121291,6.17762474124888,2.90420990119269,6.37142974935922,3.37459299563807,5.92582686904135
1.04389898735715,7.69932771522936,2.1831376622432,5.6432163124541,2.79883984617816,6.11529135619427,3.32580116656967,5.75293075932169
NA,NA,2.57099403433184,6.29294435738561,2.91917009233186,5.1193683995864,3.2349944716564,4.98822162073215
2.13599940163383,4.31979840391257,2.02523366763803,4.35408569853257,2.90220685813204,5.45144428535223,3.10175697715256,4.87932232360653
NA,NA,1.85218341348257,7.99946299226548,2.2922087707554,4.22988504545893,2.89964039206278,4.37683225405672
1.81765822859121,7.65498028390131,1.89823061251371,6.7470237764428,3.28425309561958,6.66477212141795,3.61149375895868,6.01252259509798
1.02947695274652,5.28155025214412,2.40740383179491,4.71927695059282,2.98361820696601,7.46273832834987,3.16308659404822,5.26471812387703
NA,NA,2.42752290602907,4.8556840365786,3.11081320846122,5.30194365767164,3.38413816612685,5.21092276829511
NA,NA,1.83769200383422,7.77513371175578,3.20288898348146,6.10732974704542,3.4693511908153,5.6683207570193
-0.114555487356981,10.4503885507893,2.50872984001205,6.58360722891727,2.96299160879664,5.93985358465947,2.99551641208993,4.76515856026865
1.67852144690511,7.00260899435211,1.76502326264576,6.41048038847231,2.50552561224981,5.76328130824168,3.10965964851623,5.21223869090866
-0.915085319111924,16.3671911225914,1.87958644042161,11.2575646944202,3.17416413250963,6.17927706236922,3.44003318971531,5.55428172715806
0.903466361131808,7.38249606538421,2.2255913761201,4.38962497583086,2.99257940376491,5.47684890398673,3.31148256369746,5.60312588818797
1.09503553389235,4.7089025191669,2.35891662377333,5.3688951827177,3.20150630743789,6.73761754344331,3.27545520650074,4.72130479898513
0.706507034472859,4.81927119390709,2.34560542185273,4.71745755373927,2.98843325528213,6.85521575456267,3.04768975514282,4.73514339924153
1.97304749672411,4.40701069540473,2.36098236564856,5.76279088032696,2.84674829097271,5.71430156396322,3.33476951549971,5.47866805814284
1.66661256631954,7.52109741055249,2.14519531226846,8.23203343529626,2.85829961557155,7.03075552462668,2.99258726499237,4.30530446293637
1.30785991331056,8.19375128611158,-0.147403022404969,12.2186927975286,2.80145959997057,5.40116595994779,3.35440337614105,5.35344624250561
1.78820434044679,4.72536157306139,2.19905653407669,6.03870072935937,2.72742392525673,7.87443813970723,3.82384554266826,7.13727330665437
-18.7031191306445,41.5552756972318,1.93422981053075,6.65613094569368,2.80289650959399,5.97922536120917,3.70656958119128,6.52916756811029
NA,NA,2.32603716929823,5.10372995472605,2.88155126124652,7.805280734408,3.38151881533611,5.41952437051054
1.05738467111423,8.13050279438218,2.64266664446326,4.93675233524737,2.53586359225914,5.93224478916441,3.10691185056443,4.47642510683496
0.89216632128095,9.46710915484392,2.27990331155511,5.88081401341737,2.82188802556871,5.17406759002876,3.33434466947537,5.14040761082153
1.3880621283633,5.22342666419181,2.61850586316461,4.95259954658971,2.65936870342784,4.23832187931269,3.11911814993726,4.66589382371594
-0.708131335155961,9.32257956413273,2.63322485354802,7.95251997951967,2.50397660676157,4.21048856872005,3.45445318912823,5.59876041250975
0.260294534274418,13.3848963738653,2.4130407104043,4.13329104386067,3.23473471155033,6.6151713958243,3.24504616306506,5.04006278037181
1.55161192365719,4.84217343637221,2.17685101505327,5.4820081192715,2.68815853848628,10.1542744205316,2.89204455891175,4.41130062866955
NA,NA,2.3659432359484,6.2607055129427,3.11556224856778,5.90260108453559,3.68140236532077,6.31119139707747
2.03352705829798,5.87820854181354,2.79028188786343,7.06495944043819,2.84776500179787,5.16860777466699,3.42753783505694,5.64344497781064
-273.097482059682,356.66173096431,2.24794032629137,3.62642610647623,2.85690477694274,7.68279313468132,3.45584021105718,5.24556600172122
