"id","n","EIN","TYPE"
1,"500",3.25397597977077,"IV"
2,"500",7.00281771526303,"IV"
3,"500",3.93720782704375,"IV"
4,"500",3.70995105133758,"IV"
5,"500",4.24448196560823,"IV"
6,"500",4.36754117481804,"IV"
7,"500",3.14648890039216,"IV"
8,"500",3.85800811399385,"IV"
9,"500",6.57123560788578,"IV"
10,"500",5.9487204927961,"IV"
11,"500",4.45619194455847,"IV"
12,"500",3.93855210075927,"IV"
13,"500",4.14664271142875,"IV"
14,"500",3.52060508568608,"IV"
15,"500",4.98688203168377,"IV"
16,"500",8.28663288512809,"IV"
17,"500",8.74567441282577,"IV"
18,"500",4.46250731767341,"IV"
19,"500",10.4061908393133,"IV"
20,"500",3.59111254503252,"IV"
21,"500",4.8701614162118,"IV"
22,"500",11.2311725982289,"IV"
23,"500",7.58997894012213,"IV"
24,"500",5.45164989722271,"IV"
25,"500",4.63959534591447,"IV"
26,"500",5.46932610215211,"IV"
27,"500",3.42961121420834,"IV"
28,"500",4.66196634871981,"IV"
29,"500",2.75892857142806,"IV"
30,"500",5.57647366951296,"IV"
31,"500",2.92103381000353,"IV"
32,"500",5.93127221996485,"IV"
33,"500",3.11613326097708,"IV"
34,"500",2.98013623270418,"IV"
35,"500",4.11870614607226,"IV"
36,"500",3.85624398416145,"IV"
37,"500",3.01041666666517,"IV"
38,"500",3.71063802952822,"IV"
39,"500",6.66396793734284,"IV"
40,"500",5.01225619967041,"IV"
41,"500",6.82260451797575,"IV"
42,"500",3.28192781010602,"IV"
43,"500",5.07404789401438,"IV"
44,"500",3.63625250925097,"IV"
45,"500",4.72066295216218,"IV"
46,"500",7.43241054136122,"IV"
47,"500",6.4815392495273,"IV"
48,"500",3.19782548439697,"IV"
49,"500",2.6261682242987,"IV"
50,"500",3.93711194230455,"IV"
51,"500",6.53290107830372,"IV"
52,"500",5.67895441818584,"IV"
53,"500",3.46209848000009,"IV"
54,"500",3.87768439412227,"IV"
55,"500",2.89172033015834,"IV"
56,"500",9.37192001965923,"IV"
57,"500",4.14109973454178,"IV"
58,"500",4.50499998420616,"IV"
59,"500",5.44867136940329,"IV"
60,"500",2.64285714285691,"IV"
61,"500",2.91588785046605,"IV"
62,"500",3.13129682892459,"IV"
63,"500",2.73058801446039,"IV"
64,"500",5.40923310914252,"IV"
65,"500",3.67304279511456,"IV"
66,"500",6.56712776828667,"IV"
67,"500",3.21646001617308,"IV"
68,"500",5.35760649802156,"IV"
69,"500",3.58170656646384,"IV"
70,"500",3.22284595698394,"IV"
71,"500",5.41935993389323,"IV"
72,"500",4.00556395321449,"IV"
73,"500",2.81729040065209,"IV"
74,"500",4.25195415381826,"IV"
75,"500",4.78507026460439,"IV"
76,"500",4.40261441000156,"IV"
77,"500",2.78977146614083,"IV"
78,"500",2.93139237396629,"IV"
79,"500",5.66035659195208,"IV"
80,"500",5.38012326394009,"IV"
81,"500",8.74233940486253,"IV"
82,"500",3.74760242700936,"IV"
83,"500",5.40563535615969,"IV"
84,"500",4.28070466717845,"IV"
85,"500",3.84174447332827,"IV"
86,"500",3.53132203679037,"IV"
87,"500",8.37678464789917,"IV"
88,"500",4.2271171754463,"IV"
89,"500",4.38349612189299,"IV"
90,"500",3.13780100124682,"IV"
91,"500",4.05552079408316,"IV"
92,"500",6.16312007962892,"IV"
93,"500",4.2445282249179,"IV"
94,"500",2.75961538461478,"IV"
95,"500",2.84054611841652,"IV"
96,"500",3.1918595010488,"IV"
97,"500",2.98589299399355,"IV"
98,"500",10.3699503093961,"IV"
99,"500",4.41268272695369,"IV"
100,"500",6.53672665267871,"IV"
101,"500",2.78761061946822,"IV"
102,"500",3.35797748225172,"IV"
103,"500",9.02685095911889,"IV"
104,"500",5.08519517018414,"IV"
105,"500",5.04717263238202,"IV"
106,"500",3.30135919809435,"IV"
107,"500",4.56359721562341,"IV"
108,"500",5.56083498686125,"IV"
109,"500",7.23505168132559,"IV"
110,"500",4.60571206800139,"IV"
111,"500",10.5108514574321,"IV"
112,"500",3.61599568361443,"IV"
113,"500",9.21172456736433,"IV"
114,"500",3.73456633108171,"IV"
115,"500",5.85147544064572,"IV"
116,"500",-21.1608661794109,"IV"
117,"500",3.14284493523862,"IV"
118,"500",3.7153404279848,"IV"
119,"500",4.4985117024013,"IV"
120,"500",6.80171881375165,"IV"
121,"500",4.00267911521606,"IV"
122,"500",5.5302066685707,"IV"
123,"500",6.96042351780864,"IV"
124,"500",3.7109202044567,"IV"
125,"500",2.65254237288114,"IV"
126,"500",3.93331673559209,"IV"
127,"500",3.02970297029615,"IV"
128,"500",2.78008299445913,"IV"
129,"500",2.85849056603733,"IV"
130,"500",3.90526641299594,"IV"
131,"500",3.03620118679999,"IV"
132,"500",8.25717713081144,"IV"
133,"500",7.01036927005505,"IV"
134,"500",3.09903912129997,"IV"
135,"500",3.96749808072711,"IV"
136,"500",3.87472818541391,"IV"
137,"500",4.29686358685326,"IV"
138,"500",2.71296296296279,"IV"
139,"500",5.20435537749008,"IV"
140,"500",3.10102350682803,"IV"
141,"500",4.3663861334239,"IV"
142,"500",15.2724564151204,"IV"
143,"500",3.23863636363634,"IV"
144,"500",5.44700483453988,"IV"
145,"500",4.30703910224156,"IV"
146,"500",5.35023440902247,"IV"
147,"500",3.52204364147062,"IV"
148,"500",4.91141708003933,"IV"
149,"500",3.0900683312415,"IV"
150,"500",6.31982298033878,"IV"
151,"500",3.48182251106184,"IV"
152,"500",6.31060156343388,"IV"
153,"500",3.02061855669769,"IV"
154,"500",5.12347161297051,"IV"
155,"500",4.08377273252759,"IV"
156,"500",6.16129352911729,"IV"
157,"500",7.38457083304042,"IV"
158,"500",3.92982318472126,"IV"
159,"500",3.52395558005931,"IV"
160,"500",3.86775180158133,"IV"
161,"500",3.57230220270035,"IV"
162,"500",4.44559868281126,"IV"
163,"500",3.51284747732081,"IV"
164,"500",3.50896126818152,"IV"
165,"500",5.03686815346082,"IV"
166,"500",3.81654602915121,"IV"
167,"500",3.89412669500676,"IV"
168,"500",4.92948854919045,"IV"
169,"500",3.09095317032546,"IV"
170,"500",5.35928500758216,"IV"
171,"500",6.73716904165739,"IV"
172,"500",5.02842045720395,"IV"
173,"500",4.34986942492701,"IV"
174,"500",7.35975680477389,"IV"
175,"500",7.2673490762502,"IV"
176,"500",2.89928311634737,"IV"
177,"500",5.4541029414767,"IV"
178,"500",3.66014552654493,"IV"
179,"500",3.03092783504998,"IV"
180,"500",8.32701293260625,"IV"
181,"500",4.78083143665761,"IV"
182,"500",3.12746942129326,"IV"
183,"500",4.08941042994818,"IV"
184,"500",3.62282331857592,"IV"
185,"500",3.45578790219465,"IV"
186,"500",3.63300987570988,"IV"
187,"500",6.35481842989965,"IV"
188,"500",3.14309688406571,"IV"
189,"500",8.06683043759768,"IV"
190,"500",9.03445710038143,"IV"
191,"500",2.91355302137109,"IV"
192,"500",6.37780241103409,"IV"
193,"500",4.28082686285226,"IV"
194,"500",2.93885545378079,"IV"
195,"500",4.09210023759144,"IV"
196,"500",3.9036652149196,"IV"
197,"500",4.85316426583125,"IV"
198,"500",4.13818585739028,"IV"
199,"500",3.90496602476055,"IV"
200,"500",3.77517085401892,"IV"
201,"500",5.60802502217689,"IV"
202,"500",4.43676374599851,"IV"
203,"500",4.98901571457295,"IV"
204,"500",3.66925488011738,"IV"
205,"500",4.41174277276567,"IV"
206,"500",3.5513728415893,"IV"
207,"500",3.59844782970076,"IV"
208,"500",3.16853932583881,"IV"
209,"500",3.57346392680229,"IV"
210,"500",4.21883342181833,"IV"
211,"500",3.49313748773873,"IV"
212,"500",3.97793319621359,"IV"
213,"500",5.10977506622934,"IV"
214,"500",4.58519176549249,"IV"
215,"500",6.12758164926152,"IV"
216,"500",4.00420775986785,"IV"
217,"500",4.89843619578051,"IV"
218,"500",3.04795475225715,"IV"
219,"500",3.95342398770466,"IV"
220,"500",3.07316852160227,"IV"
221,"500",3.76810903218399,"IV"
222,"500",4.83811958235028,"IV"
223,"500",3.52643646118161,"IV"
224,"500",2.90226226618133,"IV"
225,"500",4.33905827148197,"IV"
226,"500",2.69776149639968,"IV"
227,"500",20.3406020469157,"IV"
228,"500",4.13019465526182,"IV"
229,"500",2.95761318775662,"IV"
230,"500",4.82639679939615,"IV"
231,"500",7.25773943109524,"IV"
232,"500",6.81711566396567,"IV"
233,"500",4.34772642658187,"IV"
234,"500",2.80769230769171,"IV"
235,"500",3.53608435615189,"IV"
236,"500",3.01194836986602,"IV"
237,"500",5.23439460391155,"IV"
238,"500",17.1804419114788,"IV"
239,"500",3.41356747659048,"IV"
240,"500",3.51060349258913,"IV"
241,"500",4.0032802600394,"IV"
242,"500",5.26714263695329,"IV"
243,"500",4.9654463447814,"IV"
244,"500",4.2005254240932,"IV"
245,"500",4.57838259983776,"IV"
246,"500",3.95545638268624,"IV"
247,"500",3.42723100855712,"IV"
248,"500",2.68141592920342,"IV"
249,"500",3.16412602658725,"IV"
250,"500",4.82784640248009,"IV"
251,"500",3.36277538994998,"IV"
252,"500",3.48342905843111,"IV"
253,"500",3.12957319550836,"IV"
254,"500",2.76106194690186,"IV"
255,"500",3.70814445765758,"IV"
256,"500",3.43582984322255,"IV"
257,"500",4.98479069749037,"IV"
258,"500",5.74861065823865,"IV"
259,"500",7.86083590783674,"IV"
260,"500",3.86693874891361,"IV"
261,"500",4.88205344330053,"IV"
262,"500",5.5895760722331,"IV"
263,"500",3.1284306771591,"IV"
264,"500",3.40953222099941,"IV"
265,"500",4.84956266056076,"IV"
266,"500",4.38414875351822,"IV"
267,"500",6.79427297151613,"IV"
268,"500",3.41085446803198,"IV"
269,"500",6.98785421808244,"IV"
270,"500",2.58181818181817,"IV"
271,"500",5.85019527788612,"IV"
272,"500",7.44107945154934,"IV"
273,"500",19.1885042231486,"IV"
274,"500",9.91161752364549,"IV"
275,"500",5.02416021903965,"IV"
276,"500",4.07068943399554,"IV"
277,"500",3.53126550864646,"IV"
278,"500",3.69128021199224,"IV"
279,"500",4.46367524013128,"IV"
280,"500",4.71881010870365,"IV"
281,"500",4.53639654120432,"IV"
282,"500",3.42225497247268,"IV"
283,"500",3.27463145640828,"IV"
284,"500",3.30162526286795,"IV"
285,"500",4.51847877878677,"IV"
286,"500",3.43429030714452,"IV"
287,"500",3.96168125506646,"IV"
288,"500",6.05692470631619,"IV"
289,"500",4.01445135272694,"IV"
290,"500",20.9961115011035,"IV"
291,"500",13.412166790012,"IV"
292,"500",4.18325778310264,"IV"
293,"500",3.827608980246,"IV"
294,"500",4.622670012286,"IV"
295,"500",6.24187081455038,"IV"
296,"500",4.60788534193546,"IV"
297,"500",2.86012535396661,"IV"
298,"500",5.13272902563742,"IV"
299,"500",3.55925777837524,"IV"
300,"500",4.88998949455072,"IV"
301,"500",3.42450607934137,"IV"
302,"500",9.34277954142909,"IV"
303,"500",5.54280211959705,"IV"
304,"500",4.16182011008686,"IV"
305,"500",2.68420628695036,"IV"
306,"500",3.69404667531231,"IV"
307,"500",3.77826883755399,"IV"
308,"500",6.03142400451849,"IV"
309,"500",4.97287187683812,"IV"
310,"500",2.56637168141588,"IV"
311,"500",5.67664736468576,"IV"
312,"500",7.83524919780617,"IV"
313,"500",3.87780175745399,"IV"
314,"500",2.80555555555532,"IV"
315,"500",2.95959595959478,"IV"
316,"500",12.6025775553482,"IV"
317,"500",3.80719264834205,"IV"
318,"500",5.68330718494351,"IV"
319,"500",3.98768508415044,"IV"
320,"500",3.97469722577469,"IV"
321,"500",4.05562650617147,"IV"
322,"500",6.85864983187357,"IV"
323,"500",4.7918210066871,"IV"
324,"500",5.42982380106832,"IV"
325,"500",6.36505510555767,"IV"
326,"500",5.3000953571327,"IV"
327,"500",4.83817616425228,"IV"
328,"500",3.61342276466449,"IV"
329,"500",6.36663216880845,"IV"
330,"500",4.52293605520703,"IV"
331,"500",9.02124591252255,"IV"
332,"500",5.15441864384014,"IV"
333,"500",2.59130434782604,"IV"
334,"500",4.77479076815861,"IV"
335,"500",3.32445601564288,"IV"
336,"500",3.50144911248875,"IV"
337,"500",3.23255813953077,"IV"
338,"500",3.33447034769721,"IV"
339,"500",3.56624180093404,"IV"
340,"500",5.29485602243016,"IV"
341,"500",9.4894696850906,"IV"
342,"500",3.20652173912778,"IV"
343,"500",3.67896195564217,"IV"
344,"500",6.70518812471875,"IV"
345,"500",5.54212375353422,"IV"
346,"500",7.77930685341741,"IV"
347,"500",4.18431240779686,"IV"
348,"500",4.03613675433845,"IV"
349,"500",4.51555803045794,"IV"
350,"500",3.57875098314913,"IV"
351,"500",3.56998495096286,"IV"
352,"500",3.09835238719908,"IV"
353,"500",4.83973523951464,"IV"
354,"500",4.10900146179923,"IV"
355,"500",5.54780730974738,"IV"
356,"500",5.29136979280858,"IV"
357,"500",4.39942697734122,"IV"
358,"500",2.65787620673198,"IV"
359,"500",6.30712942374953,"IV"
360,"500",4.46898700138154,"IV"
361,"500",4.64913639134974,"IV"
362,"500",6.69533394185698,"IV"
363,"500",6.07453384497069,"IV"
364,"500",10.3984692120521,"IV"
365,"500",3.3665931132317,"IV"
366,"500",2.54385964912269,"IV"
367,"500",4.10722768901873,"IV"
368,"500",4.53982491126377,"IV"
369,"500",2.71844660194156,"IV"
370,"500",4.31350570951491,"IV"
371,"500",3.92441178350304,"IV"
372,"500",4.79858299573142,"IV"
373,"500",6.51472334414603,"IV"
374,"500",23.6776138604567,"IV"
375,"500",5.32108545329561,"IV"
376,"500",4.13274644810311,"IV"
377,"500",2.78095238095181,"IV"
378,"500",2.91593332994036,"IV"
379,"500",3.3564384747748,"IV"
380,"500",5.03582478860469,"IV"
381,"500",3.44627838819442,"IV"
382,"500",28.5034869072606,"IV"
383,"500",2.65217391304348,"IV"
384,"500",4.94241539719032,"IV"
385,"500",5.01038086066885,"IV"
386,"500",3.7732492011873,"IV"
387,"500",4.28287638374569,"IV"
388,"500",2.59663865546219,"IV"
389,"500",3.69620183287208,"IV"
390,"500",5.53650661485099,"IV"
391,"500",7.76257791410425,"IV"
392,"500",3.64727003375368,"IV"
393,"500",14.5593721292839,"IV"
394,"500",4.42084388012922,"IV"
395,"500",3.78706060149942,"IV"
396,"500",3.10192857574063,"IV"
397,"500",3.69766454580865,"IV"
398,"500",3.40270709161398,"IV"
399,"500",3.68386145105388,"IV"
400,"500",4.01069525536269,"IV"
401,"500",5.07418130351884,"IV"
402,"500",9.27899080273875,"IV"
403,"500",3.37209302325107,"IV"
404,"500",5.75010124049987,"IV"
405,"500",5.12062843701903,"IV"
406,"500",5.85320174242371,"IV"
407,"500",3.12371134020256,"IV"
408,"500",3.50835471672882,"IV"
409,"500",4.43473812609203,"IV"
410,"500",4.28426868784126,"IV"
411,"500",7.83946036496342,"IV"
412,"500",9.03761280142302,"IV"
413,"500",5.76615706892295,"IV"
414,"500",3.68428068719765,"IV"
415,"500",-24.7479593549244,"IV"
416,"500",3.61612132320514,"IV"
417,"500",14.557025836855,"IV"
418,"500",4.27144860843504,"IV"
419,"500",4.87647863403278,"IV"
420,"500",3.72940428396307,"IV"
421,"500",6.22728976665032,"IV"
422,"500",3.6141059697988,"IV"
423,"500",2.56302521008404,"IV"
424,"500",4.40026186912071,"IV"
425,"500",10.4289111109137,"IV"
426,"500",2.9543702598657,"IV"
427,"500",2.68103448275826,"IV"
428,"500",3.18119958319105,"IV"
429,"500",3.61613066493056,"IV"
430,"500",7.15492967660562,"IV"
431,"500",5.01429923622101,"IV"
432,"500",3.60221630774256,"IV"
433,"500",5.19296061110398,"IV"
434,"500",3.97428860927213,"IV"
435,"500",4.13747686471493,"IV"
436,"500",6.56053114108787,"IV"
437,"500",4.03841192221136,"IV"
438,"500",3.93645171965783,"IV"
439,"500",3.18071834693609,"IV"
440,"500",2.99999999999917,"IV"
441,"500",8.5368187139453,"IV"
442,"500",11.0268044216663,"IV"
443,"500",3.80945423317559,"IV"
444,"500",4.48990852622453,"IV"
445,"500",3.45318785310883,"IV"
446,"500",7.60692509794158,"IV"
447,"500",3.85919605096978,"IV"
448,"500",4.26536551551087,"IV"
449,"500",2.87669050036244,"IV"
450,"500",5.08509406057617,"IV"
451,"500",4.44186709326873,"IV"
452,"500",6.12903961473646,"IV"
453,"500",12.3244776350768,"IV"
454,"500",4.49849198112963,"IV"
455,"500",4.27283229421999,"IV"
456,"500",2.93269230769198,"IV"
457,"500",5.62263359189998,"IV"
458,"500",6.27650413428546,"IV"
459,"500",2.83653846331821,"IV"
460,"500",3.55292737981882,"IV"
461,"500",4.05462285730005,"IV"
462,"500",3.03986523378815,"IV"
463,"500",4.08483663299237,"IV"
464,"500",5.56430964519561,"IV"
465,"500",4.96933721294152,"IV"
466,"500",3.75194351223274,"IV"
467,"500",2.8302798024719,"IV"
468,"500",3.58937389469123,"IV"
469,"500",3.41616934904445,"IV"
470,"500",3.26383494686934,"IV"
471,"500",2.87731714630092,"IV"
472,"500",3.43028319101734,"IV"
473,"500",8.49186628798688,"IV"
474,"500",2.82589406648992,"IV"
475,"500",3.62446306997905,"IV"
476,"500",2.8686868686854,"IV"
477,"500",6.61369138604453,"IV"
478,"500",2.66964285714273,"IV"
479,"500",3.02123539637199,"IV"
480,"500",4.47313490861287,"IV"
481,"500",8.99452243252411,"IV"
482,"500",6.2492416424574,"IV"
483,"500",3.71103941039637,"IV"
484,"500",4.17432734201533,"IV"
485,"500",11.8299410365522,"IV"
486,"500",4.19469767162037,"IV"
487,"500",4.1910832430621,"IV"
488,"500",4.09919991348779,"IV"
489,"500",4.02013814876491,"IV"
490,"500",3.70274167560606,"IV"
491,"500",6.12355742608017,"IV"
492,"500",2.65254237288126,"IV"
493,"500",4.13813480710054,"IV"
494,"500",2.76739030244692,"IV"
495,"500",5.90611763650421,"IV"
496,"500",4.29830834882007,"IV"
497,"500",4.33161305457795,"IV"
498,"500",4.23401451643337,"IV"
499,"500",4.45974700421921,"IV"
500,"500",5.86351704188141,"IV"
501,"500",5.3853182197919,"IV"
502,"500",3.68391346047741,"IV"
503,"500",4.24539071082328,"IV"
504,"500",4.11598512625471,"IV"
505,"500",4.14199619934379,"IV"
506,"500",15.061997849281,"IV"
507,"500",4.5275623966383,"IV"
508,"500",4.31550050012821,"IV"
509,"500",8.76861181604369,"IV"
510,"500",4.73750536020324,"IV"
511,"500",3.72536589873808,"IV"
512,"500",3.423120822357,"IV"
513,"500",4.32602691223746,"IV"
514,"500",1861.66543023792,"IV"
515,"500",2.93396226415051,"IV"
516,"500",6.31660110792452,"IV"
517,"500",3.40643724303971,"IV"
518,"500",3.58417874571902,"IV"
519,"500",4.43150502033499,"IV"
520,"500",4.92841614812121,"IV"
521,"500",4.91674151410373,"IV"
522,"500",3.32938622698054,"IV"
523,"500",2.83018867924506,"IV"
524,"500",5.09420375051551,"IV"
525,"500",6.35598704835627,"IV"
526,"500",3.82711938456133,"IV"
527,"500",3.98182916561076,"IV"
528,"500",4.33635232895597,"IV"
529,"500",3.63686049602596,"IV"
530,"500",3.23977267630257,"IV"
531,"500",5.40836067975111,"IV"
532,"500",9.06432380929627,"IV"
533,"500",3.31834443338085,"IV"
534,"500",2.77807701039576,"IV"
535,"500",7.30102515112369,"IV"
536,"500",4.23991750001852,"IV"
537,"500",4.27337850169278,"IV"
538,"500",3.09677419354658,"IV"
539,"500",4.33931603879237,"IV"
540,"500",3.68208975529811,"IV"
541,"500",4.6839412153823,"IV"
542,"500",4.11496557699828,"IV"
543,"500",5.5216378374662,"IV"
544,"500",3.68044875917213,"IV"
545,"500",4.75711723012141,"IV"
546,"500",4.56208337362925,"IV"
547,"500",4.26287541064955,"IV"
548,"500",7.21328801794925,"IV"
549,"500",4.27369931824807,"IV"
550,"500",4.839460886245,"IV"
551,"500",8.25945468701134,"IV"
552,"500",3.38445089160757,"IV"
553,"500",5.13247273890897,"IV"
554,"500",4.06227454845002,"IV"
555,"500",3.64402740300095,"IV"
556,"500",3.67300229133057,"IV"
557,"500",3.47269976400071,"IV"
558,"500",4.22464690431488,"IV"
559,"500",3.64049438527209,"IV"
560,"500",3.25349594314246,"IV"
561,"500",3.08002810153957,"IV"
562,"500",5.96512680006515,"IV"
563,"500",3.47984573797672,"IV"
564,"500",3.59747488307684,"IV"
565,"500",3.12641396901614,"IV"
566,"500",4.45253340328938,"IV"
567,"500",5.10438871241599,"IV"
568,"500",6.80994273399267,"IV"
569,"500",6.1061498662783,"IV"
570,"500",4.04222672983338,"IV"
571,"500",6.98194232046063,"IV"
572,"500",12.9158593792828,"IV"
573,"500",6.30678974005033,"IV"
574,"500",2.78661197835056,"IV"
575,"500",3.00123135653918,"IV"
576,"500",12.0074413541638,"IV"
577,"500",5.86508265183025,"IV"
578,"500",6.5649548124046,"IV"
579,"500",3.76830195466021,"IV"
580,"500",7.45902952810794,"IV"
581,"500",5.47192969688303,"IV"
582,"500",2.82678620992233,"IV"
583,"500",8.22366411699943,"IV"
584,"500",7.96343034217071,"IV"
585,"500",7.76462701217855,"IV"
586,"500",3.9215733792712,"IV"
587,"500",3.98681778089532,"IV"
588,"500",7.31683286532186,"IV"
589,"500",5.30812426538079,"IV"
590,"500",6.8311916133899,"IV"
591,"500",2.90817237868107,"IV"
592,"500",6.6216466354918,"IV"
593,"500",3.67012311199332,"IV"
594,"500",5.92969702260219,"IV"
595,"500",4.9323167887347,"IV"
596,"500",5.02703299963828,"IV"
597,"500",3.71805710893355,"IV"
598,"500",2.53178250285623,"IV"
599,"500",3.57261457929635,"IV"
600,"500",5.45131481246597,"IV"
601,"500",3.96622563746872,"IV"
602,"500",3.44978670361814,"IV"
603,"500",6.70984080322281,"IV"
604,"500",3.76221098339024,"IV"
605,"500",5.66606132090637,"IV"
606,"500",4.72562120755155,"IV"
607,"500",2.78181818181796,"IV"
608,"500",4.74524189027081,"IV"
609,"500",3.55670437055786,"IV"
610,"500",4.53956390540211,"IV"
611,"500",3.84288836460955,"IV"
612,"500",5.53397499870266,"IV"
613,"500",7.48981498347415,"IV"
614,"500",4.22278069091427,"IV"
615,"500",5.19506684356314,"IV"
616,"500",4.40371003443349,"IV"
617,"500",4.23358588661755,"IV"
618,"500",3.74930155343636,"IV"
619,"500",4.15436627882031,"IV"
620,"500",8.31408245939931,"IV"
621,"500",4.0479581473775,"IV"
622,"500",3.57214395545776,"IV"
623,"500",9.18642353600644,"IV"
624,"500",3.17198678638991,"IV"
625,"500",3.77751165981763,"IV"
626,"500",3.39997126740753,"IV"
627,"500",4.23890001382771,"IV"
628,"500",5.47260651667697,"IV"
629,"500",3.68485665709635,"IV"
630,"500",12.3756863971111,"IV"
631,"500",5.05526877498632,"IV"
632,"500",3.35542362621416,"IV"
633,"500",6.03770504082484,"IV"
634,"500",7.63897306716391,"IV"
635,"500",2.96774193548236,"IV"
636,"500",3.30444582624587,"IV"
637,"500",4.40300756712768,"IV"
638,"500",4.89911178286901,"IV"
639,"500",6.71482497906923,"IV"
640,"500",4.29998680759162,"IV"
641,"500",3.09700735820652,"IV"
642,"500",8.72879307186278,"IV"
643,"500",5.50439781953513,"IV"
644,"500",3.55794727722266,"IV"
645,"500",5.97634207178693,"IV"
646,"500",7.47193501519681,"IV"
647,"500",5.51981997995352,"IV"
648,"500",3.6198909797668,"IV"
649,"500",5.33490852989757,"IV"
650,"500",4.3096812923418,"IV"
651,"500",5.31882873547867,"IV"
652,"500",6.03490333548591,"IV"
653,"500",4.13127162761711,"IV"
654,"500",3.92321093904304,"IV"
655,"500",4.25575958152812,"IV"
656,"500",2.79999999999954,"IV"
657,"500",3.18555131094242,"IV"
658,"500",4.84928148255755,"IV"
659,"500",6.19225283243133,"IV"
660,"500",6.02751006724326,"IV"
661,"500",4.75891599394671,"IV"
662,"500",5.45064949154163,"IV"
663,"500",5.97848536144877,"IV"
664,"500",3.19148044728894,"IV"
665,"500",3.88525666242981,"IV"
666,"500",3.75239991070419,"IV"
667,"500",5.0847325428152,"IV"
668,"500",9.00486042272254,"IV"
669,"500",5.58657633402342,"IV"
670,"500",4.97231620840913,"IV"
671,"500",3.28861091368209,"IV"
672,"500",4.73614573558647,"IV"
673,"500",4.08425275110317,"IV"
674,"500",2.83962264150905,"IV"
675,"500",7.11421493824845,"IV"
676,"500",-132.600490202825,"IV"
677,"500",2.85984483700447,"IV"
678,"500",8.41627949364986,"IV"
679,"500",4.34689263295494,"IV"
680,"500",3.0118752798626,"IV"
681,"500",4.87918196390076,"IV"
682,"500",9.54876624122389,"IV"
683,"500",3.20049500109265,"IV"
684,"500",8.85180328956548,"IV"
685,"500",7.28660169543633,"IV"
686,"500",3.0350827731961,"IV"
687,"500",5.56471800009014,"IV"
688,"500",5.19763913459544,"IV"
689,"500",3.07608695652074,"IV"
690,"500",8.59707192255401,"IV"
691,"500",3.26417110218834,"IV"
692,"500",3.79201343388645,"IV"
693,"500",4.00472602376441,"IV"
694,"500",3.58160597737928,"IV"
695,"500",3.48804968188545,"IV"
696,"500",3.93777527231864,"IV"
697,"500",24.5947548586154,"IV"
698,"500",4.11389842289855,"IV"
699,"500",12.5684306715185,"IV"
700,"500",3.62572157968979,"IV"
701,"500",3.87252234587227,"IV"
702,"500",5.42573683717284,"IV"
703,"500",3.33091562898448,"IV"
704,"500",5.29099061547461,"IV"
705,"500",3.43740257787206,"IV"
706,"500",5.94530096760607,"IV"
707,"500",5.3336093669475,"IV"
708,"500",3.51375197406512,"IV"
709,"500",5.14618587343167,"IV"
710,"500",2.97487891929247,"IV"
711,"500",3.54172099002111,"IV"
712,"500",3.3527999268386,"IV"
713,"500",14.2065817237933,"IV"
714,"500",7.79907607484587,"IV"
715,"500",3.80650710894278,"IV"
716,"500",3.81426679676933,"IV"
717,"500",5.10025625802404,"IV"
718,"500",4.94890890067518,"IV"
719,"500",4.4978194741028,"IV"
720,"500",5.52927866784056,"IV"
721,"500",4.49557357525491,"IV"
722,"500",4.58933905994979,"IV"
723,"500",5.48028784122609,"IV"
724,"500",3.5243215148044,"IV"
725,"500",5.8694472641829,"IV"
726,"500",7.41468052287466,"IV"
727,"500",5.82627537407825,"IV"
728,"500",3.26065182142337,"IV"
729,"500",3.10911379732041,"IV"
730,"500",3.4219591540883,"IV"
731,"500",4.32743751121799,"IV"
732,"500",2.69090909090856,"IV"
733,"500",3.53657674237648,"IV"
734,"500",2.45762711864404,"IV"
735,"500",4.27315421118953,"IV"
736,"500",3.33211576365369,"IV"
737,"500",5.58565804396942,"IV"
738,"500",4.02816179578741,"IV"
739,"500",3.33110906471406,"IV"
740,"500",3.67689105700008,"IV"
741,"500",3.4404322648378,"IV"
742,"500",4.20665616414377,"IV"
743,"500",4.28244844618644,"IV"
744,"500",14.2283239304552,"IV"
745,"500",6.6041988132491,"IV"
746,"500",5.33265915537617,"IV"
747,"500",5.40190775225177,"IV"
748,"500",5.84445338146027,"IV"
749,"500",3.45295791357653,"IV"
750,"500",4.39465664042817,"IV"
751,"500",4.0149970711037,"IV"
752,"500",3.62094578589224,"IV"
753,"500",4.97248839035994,"IV"
754,"500",4.67413837140668,"IV"
755,"500",3.60177974833867,"IV"
756,"500",6.32442214898902,"IV"
757,"500",4.37860145978129,"IV"
758,"500",3.81811378202797,"IV"
759,"500",5.33900460710618,"IV"
760,"500",4.11928758151599,"IV"
761,"500",5.60898696767639,"IV"
762,"500",4.88944809909392,"IV"
763,"500",3.10466814312316,"IV"
764,"500",3.0754835584202,"IV"
765,"500",2.9793814432986,"IV"
766,"500",3.20488739622261,"IV"
767,"500",3.15817801070301,"IV"
768,"500",4.06664192056895,"IV"
769,"500",5.3326278548777,"IV"
770,"500",3.0104166666651,"IV"
771,"500",4.65510914126866,"IV"
772,"500",2.87299578948282,"IV"
773,"500",3.65492069705196,"IV"
774,"500",2.56342767849336,"IV"
775,"500",4.26585589436313,"IV"
776,"500",4.0329392804696,"IV"
777,"500",4.17667114207205,"IV"
778,"500",3.41104768444959,"IV"
779,"500",5.01008993585705,"IV"
780,"500",5.31635133007488,"IV"
781,"500",3.95240892148219,"IV"
782,"500",4.58096837457015,"IV"
783,"500",2.56198347107421,"IV"
784,"500",2.74107142857124,"IV"
785,"500",5.19471142109289,"IV"
786,"500",3.71497706956018,"IV"
787,"500",4.81173188156808,"IV"
788,"500",5.93089021519724,"IV"
789,"500",3.6020227326571,"IV"
790,"500",5.09759948653755,"IV"
791,"500",4.69563863942071,"IV"
792,"500",4.20286709301766,"IV"
793,"500",38.860467172154,"IV"
794,"500",3.20936528436443,"IV"
795,"500",6.34471322419637,"IV"
796,"500",3.45823056856132,"IV"
797,"500",4.65919830011333,"IV"
798,"500",3.86739260134068,"IV"
799,"500",3.52481695916318,"IV"
800,"500",7.63992971722102,"IV"
801,"500",3.65774644118042,"IV"
802,"500",6.88250643199788,"IV"
803,"500",6.49035111518374,"IV"
804,"500",5.62468429564339,"IV"
805,"500",4.50277916586037,"IV"
806,"500",4.70111826355959,"IV"
807,"500",4.17419920920973,"IV"
808,"500",2.65137614678883,"IV"
809,"500",9.60868463094731,"IV"
810,"500",4.38299273283099,"IV"
811,"500",4.19821652272745,"IV"
812,"500",5.17617794922108,"IV"
813,"500",5.99014297387567,"IV"
814,"500",3.08012561274707,"IV"
815,"500",5.96146398300335,"IV"
816,"500",8.14603976041176,"IV"
817,"500",6.89468539260459,"IV"
818,"500",26.0266626832995,"IV"
819,"500",11.4601191086282,"IV"
820,"500",5.11527501934431,"IV"
821,"500",4.66774529264907,"IV"
822,"500",4.87144336059368,"IV"
823,"500",3.70127474305616,"IV"
824,"500",7.47639152864763,"IV"
825,"500",3.94870507917388,"IV"
826,"500",3.48014241593948,"IV"
827,"500",4.46118391426279,"IV"
828,"500",4.12569990222589,"IV"
829,"500",5.13401267628986,"IV"
830,"500",3.73034731626339,"IV"
831,"500",3.7840016937826,"IV"
832,"500",3.30506082032951,"IV"
833,"500",4.33078454522495,"IV"
834,"500",4.20809304242484,"IV"
835,"500",3.81114859299824,"IV"
836,"500",3.4534940456215,"IV"
837,"500",4.67802816783936,"IV"
838,"500",3.76840254938419,"IV"
839,"500",3.85531513877126,"IV"
840,"500",3.49993744444378,"IV"
841,"500",3.44316044255447,"IV"
842,"500",2.53803092452537,"IV"
843,"500",3.73672931386293,"IV"
844,"500",3.20820908051598,"IV"
845,"500",4.43128450714087,"IV"
846,"500",13.3693383371458,"IV"
847,"500",5.14221648460738,"IV"
848,"500",5.27649487479033,"IV"
849,"500",5.79637244581104,"IV"
850,"500",5.09856754689407,"IV"
851,"500",3.56513993530666,"IV"
852,"500",4.59085128545271,"IV"
853,"500",4.40899639991328,"IV"
854,"500",3.83065498051693,"IV"
855,"500",4.0862917825249,"IV"
856,"500",2.61765539492861,"IV"
857,"500",4.17211075013476,"IV"
858,"500",6.35431143103777,"IV"
859,"500",3.28847358240317,"IV"
860,"500",4.89922684707644,"IV"
861,"500",3.68498589868524,"IV"
862,"500",6.21731037314322,"IV"
863,"500",4.20183426389624,"IV"
864,"500",4.46304648005971,"IV"
865,"500",4.38218428715779,"IV"
866,"500",8.41612402706403,"IV"
867,"500",3.48913540884557,"IV"
868,"500",6.49166384955627,"IV"
869,"500",3.51364939726519,"IV"
870,"500",2.95370370370123,"IV"
871,"500",11.0497435620132,"IV"
872,"500",2.71428571428541,"IV"
873,"500",11.9229751355641,"IV"
874,"500",4.40474471688046,"IV"
875,"500",4.54808302836142,"IV"
876,"500",4.32224163108498,"IV"
877,"500",3.52487236276929,"IV"
878,"500",7.49730826791117,"IV"
879,"500",10.3126188931854,"IV"
880,"500",7.04883241757042,"IV"
881,"500",2.54867256637164,"IV"
882,"500",3.96108618132542,"IV"
883,"500",6.05071389943332,"IV"
884,"500",5.25278220127548,"IV"
885,"500",3.17723686967498,"IV"
886,"500",5.24004292910227,"IV"
887,"500",2.95399837083791,"IV"
888,"500",5.46728492463237,"IV"
889,"500",4.48166775779985,"IV"
890,"500",3.08225186250103,"IV"
891,"500",8.52437850275043,"IV"
892,"500",8.45636814318697,"IV"
893,"500",5.67473599855168,"IV"
894,"500",3.8655286150635,"IV"
895,"500",4.03775374806777,"IV"
896,"500",6.97159198748323,"IV"
897,"500",8.54401884079278,"IV"
898,"500",4.50810536397656,"IV"
899,"500",5.01011697157544,"IV"
900,"500",2.5263157894735,"IV"
901,"500",10.821412526161,"IV"
902,"500",4.05568784146071,"IV"
903,"500",5.35472344483343,"IV"
904,"500",4.4625058402216,"IV"
905,"500",2.42519685039372,"IV"
906,"500",4.16103820020452,"IV"
907,"500",2.62162162162153,"IV"
908,"500",8.25899894356502,"IV"
909,"500",3.0073889386992,"IV"
910,"500",3.23111695833299,"IV"
911,"500",3.93802415936318,"IV"
912,"500",3.14494018908009,"IV"
913,"500",3.74746217493503,"IV"
914,"500",5.77073389323889,"IV"
915,"500",2.8770394642954,"IV"
916,"500",4.66080050422529,"IV"
917,"500",2.57522123893796,"IV"
918,"500",3.31981708516827,"IV"
919,"500",2.83221425080189,"IV"
920,"500",3.81672051428508,"IV"
921,"500",5.08048371004827,"IV"
922,"500",4.41109396884975,"IV"
923,"500",6.74608058556942,"IV"
924,"500",5.4314992276991,"IV"
925,"500",4.32671641768796,"IV"
926,"500",3.82161453868499,"IV"
927,"500",2.83177570093356,"IV"
928,"500",3.46030161981549,"IV"
929,"500",8.71084735460416,"IV"
930,"500",3.77818191745919,"IV"
931,"500",6.1479704164001,"IV"
932,"500",3.48208175460461,"IV"
933,"500",4.58596746012365,"IV"
934,"500",4.98067366432085,"IV"
935,"500",3.36120057492863,"IV"
936,"500",3.92143940218473,"IV"
937,"500",2.76859382913985,"IV"
938,"500",5.04351737726615,"IV"
939,"500",4.33355597440868,"IV"
940,"500",3.73363048760594,"IV"
941,"500",4.79706135872624,"IV"
942,"500",3.77324719350939,"IV"
943,"500",3.66291722308469,"IV"
944,"500",3.22231603635174,"IV"
945,"500",3.71003266100637,"IV"
946,"500",4.01907187395977,"IV"
947,"500",3.10638297871961,"IV"
948,"500",21.138088285832,"IV"
949,"500",4.26776119409209,"IV"
950,"500",6.7458933270318,"IV"
951,"500",3.78947724571334,"IV"
952,"500",4.58710661773873,"IV"
953,"500",3.73556581209558,"IV"
954,"500",3.71377488510575,"IV"
955,"500",7.99837063027184,"IV"
956,"500",3.66569741274892,"IV"
957,"500",6.17783820508354,"IV"
958,"500",11.4181534264015,"IV"
959,"500",3.70044028180145,"IV"
960,"500",2.97835467913238,"IV"
961,"500",12.3978407527065,"IV"
962,"500",3.40757914598808,"IV"
963,"500",10.1024021162455,"IV"
964,"500",3.42315449077605,"IV"
965,"500",3.89757804504936,"IV"
966,"500",3.20879120878876,"IV"
967,"500",4.23477620105068,"IV"
968,"500",3.22336373389999,"IV"
969,"500",2.97862051244046,"IV"
970,"500",4.2938687356103,"IV"
971,"500",5.36339863629645,"IV"
972,"500",4.37161335129325,"IV"
973,"500",2.92307692307457,"IV"
974,"500",3.2278989027732,"IV"
975,"500",2.84615384615244,"IV"
976,"500",4.73631925624626,"IV"
977,"500",3.15551360244532,"IV"
978,"500",2.52100840336122,"IV"
979,"500",2.65454545454545,"IV"
980,"500",5.16791653171615,"IV"
981,"500",4.34056522062861,"IV"
982,"500",7.72605290173974,"IV"
983,"500",4.14298121325801,"IV"
984,"500",2.90196902652962,"IV"
985,"500",2.76288911418997,"IV"
986,"500",3.19002909606442,"IV"
987,"500",4.59385498843601,"IV"
988,"500",4.75080559971107,"IV"
989,"500",3.25678295675409,"IV"
990,"500",11.4260782832936,"IV"
991,"500",2.62385321100917,"IV"
992,"500",4.59394373274821,"IV"
993,"500",5.17963773806244,"IV"
994,"500",3.30574439627755,"IV"
995,"500",4.30722411448839,"IV"
996,"500",6.82259545406986,"IV"
997,"500",3.1968926800147,"IV"
998,"500",2.7745098039212,"IV"
999,"500",3.95586780005576,"IV"
1000,"500",41.7821244523139,"IV"
1,"1000",4.25543967143935,"IV"
2,"1000",4.42646528241814,"IV"
3,"1000",3.67066194218791,"IV"
4,"1000",3.39798413542973,"IV"
5,"1000",5.83917761207181,"IV"
6,"1000",4.24671341189651,"IV"
7,"1000",6.43569674577168,"IV"
8,"1000",3.64737598775773,"IV"
9,"1000",3.81314769270601,"IV"
10,"1000",6.82569005592456,"IV"
11,"1000",4.70403177008253,"IV"
12,"1000",4.14447654071695,"IV"
13,"1000",3.40836074595497,"IV"
14,"1000",4.14929260293469,"IV"
15,"1000",3.01009961045787,"IV"
16,"1000",4.01622888652083,"IV"
17,"1000",3.91906055586386,"IV"
18,"1000",3.90987639782657,"IV"
19,"1000",3.12847227255099,"IV"
20,"1000",4.29824272096647,"IV"
21,"1000",3.18370247679731,"IV"
22,"1000",8.77683272477256,"IV"
23,"1000",4.81271805088026,"IV"
24,"1000",3.76121861989291,"IV"
25,"1000",3.59831895015085,"IV"
26,"1000",4.46401354655217,"IV"
27,"1000",3.77076753640452,"IV"
28,"1000",4.05133781851657,"IV"
29,"1000",4.95919553066774,"IV"
30,"1000",5.67308037273439,"IV"
31,"1000",3.12586472356013,"IV"
32,"1000",6.09401973084104,"IV"
33,"1000",5.60426450891532,"IV"
34,"1000",4.51739757890241,"IV"
35,"1000",5.39957300569407,"IV"
36,"1000",3.79080360074648,"IV"
37,"1000",3.81284198834051,"IV"
38,"1000",4.05089445119476,"IV"
39,"1000",5.51696602530146,"IV"
40,"1000",4.60286258788178,"IV"
41,"1000",5.12449576703781,"IV"
42,"1000",5.12224832369332,"IV"
43,"1000",4.41005221035735,"IV"
44,"1000",4.14526384960048,"IV"
45,"1000",3.67354850619614,"IV"
46,"1000",5.36528749911236,"IV"
47,"1000",3.74612884820227,"IV"
48,"1000",4.64215591021874,"IV"
49,"1000",4.57774839476105,"IV"
50,"1000",3.68836149343196,"IV"
51,"1000",5.03924557682773,"IV"
52,"1000",3.43222743761961,"IV"
53,"1000",3.67071369417632,"IV"
54,"1000",4.68936577577443,"IV"
55,"1000",5.0364682243677,"IV"
56,"1000",4.75183175669905,"IV"
57,"1000",5.34650518481875,"IV"
58,"1000",3.84251937074976,"IV"
59,"1000",3.65771856392431,"IV"
60,"1000",4.97222107511851,"IV"
61,"1000",6.11457165260367,"IV"
62,"1000",6.61796346243458,"IV"
63,"1000",3.82551552270407,"IV"
64,"1000",3.13956747998088,"IV"
65,"1000",4.24183433704746,"IV"
66,"1000",6.08668630573382,"IV"
67,"1000",3.60991744980676,"IV"
68,"1000",3.75914267224673,"IV"
69,"1000",6.74054970647136,"IV"
70,"1000",5.4187990388618,"IV"
71,"1000",3.90423588779257,"IV"
72,"1000",4.70235739244298,"IV"
73,"1000",6.5561220154372,"IV"
74,"1000",4.64327256029634,"IV"
75,"1000",4.07417462763946,"IV"
76,"1000",3.08953335361304,"IV"
77,"1000",4.56467683533028,"IV"
78,"1000",4.32561135232375,"IV"
79,"1000",3.55891481213533,"IV"
80,"1000",5.73019056088395,"IV"
81,"1000",5.31999684272137,"IV"
82,"1000",3.43596657516945,"IV"
83,"1000",2.810256410256,"IV"
84,"1000",4.20974680498387,"IV"
85,"1000",6.65805116685747,"IV"
86,"1000",3.59032733604724,"IV"
87,"1000",5.45267371422893,"IV"
88,"1000",3.09330658444167,"IV"
89,"1000",3.69962870460294,"IV"
90,"1000",5.26966878070021,"IV"
91,"1000",3.85555267500235,"IV"
92,"1000",4.56985757614952,"IV"
93,"1000",4.35376965222349,"IV"
94,"1000",3.58863588837611,"IV"
95,"1000",5.40728581206966,"IV"
96,"1000",3.43630373736604,"IV"
97,"1000",3.73095939629643,"IV"
98,"1000",4.51884535936587,"IV"
99,"1000",2.98154381890918,"IV"
100,"1000",11.1216941837196,"IV"
101,"1000",3.79885440717057,"IV"
102,"1000",3.84077280842898,"IV"
103,"1000",5.62002294241657,"IV"
104,"1000",3.99078325004005,"IV"
105,"1000",4.64950807181556,"IV"
106,"1000",3.52409163545517,"IV"
107,"1000",4.87949272919217,"IV"
108,"1000",4.34803871201414,"IV"
109,"1000",4.276201265967,"IV"
110,"1000",3.41138712522706,"IV"
111,"1000",5.30635267736215,"IV"
112,"1000",5.26578709304963,"IV"
113,"1000",7.06305825876241,"IV"
114,"1000",4.41850871131558,"IV"
115,"1000",3.13169487547253,"IV"
116,"1000",3.11796104730591,"IV"
117,"1000",8.04697282497604,"IV"
118,"1000",5.47493172801002,"IV"
119,"1000",4.80048578683558,"IV"
120,"1000",3.33552570843225,"IV"
121,"1000",3.8422333676322,"IV"
122,"1000",3.65502328625556,"IV"
123,"1000",6.22156369071599,"IV"
124,"1000",3.43650296278916,"IV"
125,"1000",4.94863089752776,"IV"
126,"1000",4.78730561726053,"IV"
127,"1000",4.0014744473626,"IV"
128,"1000",3.34039497506558,"IV"
129,"1000",3.27601294661253,"IV"
130,"1000",6.1038135225685,"IV"
131,"1000",3.81865771064483,"IV"
132,"1000",3.41599913272888,"IV"
133,"1000",6.09758570028048,"IV"
134,"1000",4.51998117567739,"IV"
135,"1000",3.9922408372011,"IV"
136,"1000",3.7462552247357,"IV"
137,"1000",6.09639262903236,"IV"
138,"1000",6.99200213937631,"IV"
139,"1000",5.47472967840082,"IV"
140,"1000",6.16254202793143,"IV"
141,"1000",4.89587735939361,"IV"
142,"1000",4.05906846547886,"IV"
143,"1000",3.62885353356109,"IV"
144,"1000",4.58297800918768,"IV"
145,"1000",5.79110942679867,"IV"
146,"1000",4.35326466326321,"IV"
147,"1000",3.71206425975443,"IV"
148,"1000",5.37321459692867,"IV"
149,"1000",4.25446946223295,"IV"
150,"1000",4.80653917906963,"IV"
151,"1000",3.48295765547304,"IV"
152,"1000",4.45305738084907,"IV"
153,"1000",7.53404526797907,"IV"
154,"1000",3.21364989010629,"IV"
155,"1000",4.12254669316354,"IV"
156,"1000",4.90421049172814,"IV"
157,"1000",3.28733333855521,"IV"
158,"1000",3.69975547919368,"IV"
159,"1000",3.75695733604735,"IV"
160,"1000",3.2946652686061,"IV"
161,"1000",6.01883300861896,"IV"
162,"1000",4.95021075802834,"IV"
163,"1000",3.85266278014643,"IV"
164,"1000",3.18015135391521,"IV"
165,"1000",4.01452153037026,"IV"
166,"1000",4.16666201580296,"IV"
167,"1000",4.21619977167403,"IV"
168,"1000",4.74936418134486,"IV"
169,"1000",3.72702617874491,"IV"
170,"1000",3.37675837964873,"IV"
171,"1000",6.4462412209139,"IV"
172,"1000",7.85710808425475,"IV"
173,"1000",6.13396734194831,"IV"
174,"1000",5.08105105024567,"IV"
175,"1000",3.23950424084213,"IV"
176,"1000",3.79697387193088,"IV"
177,"1000",5.00042656261337,"IV"
178,"1000",2.960552915751,"IV"
179,"1000",5.3507283020586,"IV"
180,"1000",3.95539823994845,"IV"
181,"1000",3.24435091739775,"IV"
182,"1000",6.22647649170589,"IV"
183,"1000",5.49839426848972,"IV"
184,"1000",4.72429187636138,"IV"
185,"1000",5.37444099050041,"IV"
186,"1000",6.62740092848579,"IV"
187,"1000",5.23143469450556,"IV"
188,"1000",3.73700313412421,"IV"
189,"1000",7.03776084405821,"IV"
190,"1000",9.78827899273189,"IV"
191,"1000",3.91182152319632,"IV"
192,"1000",4.7652471988171,"IV"
193,"1000",3.95217907292016,"IV"
194,"1000",3.79176233060406,"IV"
195,"1000",3.79468189532998,"IV"
196,"1000",3.77397824574238,"IV"
197,"1000",6.16550678842776,"IV"
198,"1000",4.11870279408439,"IV"
199,"1000",3.86851452730608,"IV"
200,"1000",4.80282694339171,"IV"
201,"1000",3.98797737606659,"IV"
202,"1000",4.02454035190602,"IV"
203,"1000",4.17701601182771,"IV"
204,"1000",6.87731133640524,"IV"
205,"1000",13.4606761434804,"IV"
206,"1000",5.71682490361821,"IV"
207,"1000",5.03779365526239,"IV"
208,"1000",6.19116018248838,"IV"
209,"1000",3.97004166009334,"IV"
210,"1000",4.02224280415272,"IV"
211,"1000",6.86622129997129,"IV"
212,"1000",5.51356475192322,"IV"
213,"1000",3.27343822757888,"IV"
214,"1000",3.28925601879053,"IV"
215,"1000",4.22156308434236,"IV"
216,"1000",5.65783058316914,"IV"
217,"1000",3.13698569104238,"IV"
218,"1000",5.38975264022241,"IV"
219,"1000",3.78057326969576,"IV"
220,"1000",4.66938674928197,"IV"
221,"1000",6.82712324447063,"IV"
222,"1000",5.90755306438663,"IV"
223,"1000",5.27909572376451,"IV"
224,"1000",3.56961980903304,"IV"
225,"1000",5.2777602297652,"IV"
226,"1000",15.4340089340544,"IV"
227,"1000",4.05760387415529,"IV"
228,"1000",3.24426451063641,"IV"
229,"1000",3.67547757953987,"IV"
230,"1000",4.93517707694684,"IV"
231,"1000",5.48782500369165,"IV"
232,"1000",3.6786271754647,"IV"
233,"1000",3.56877478031612,"IV"
234,"1000",7.57625319450716,"IV"
235,"1000",4.07074624156503,"IV"
236,"1000",4.42882185302452,"IV"
237,"1000",4.24846061133568,"IV"
238,"1000",3.82349029305695,"IV"
239,"1000",3.72614821931114,"IV"
240,"1000",6.76654826690768,"IV"
241,"1000",3.96632566542827,"IV"
242,"1000",4.84736869764875,"IV"
243,"1000",3.11535851662957,"IV"
244,"1000",6.07820371574823,"IV"
245,"1000",2.89468648196808,"IV"
246,"1000",3.33491985281708,"IV"
247,"1000",4.59573257244644,"IV"
248,"1000",5.38193118996232,"IV"
249,"1000",4.80302075999234,"IV"
250,"1000",4.6292875287164,"IV"
251,"1000",4.19919441925629,"IV"
252,"1000",3.4444560082301,"IV"
253,"1000",4.84637270399664,"IV"
254,"1000",3.33288634088795,"IV"
255,"1000",3.35491531634578,"IV"
256,"1000",4.17095846024356,"IV"
257,"1000",2.83463719703401,"IV"
258,"1000",8.20061514766285,"IV"
259,"1000",3.53016534327778,"IV"
260,"1000",4.76001632678594,"IV"
261,"1000",4.78545590438419,"IV"
262,"1000",6.44770667049531,"IV"
263,"1000",3.71735271001911,"IV"
264,"1000",4.42804900283112,"IV"
265,"1000",7.72690565410999,"IV"
266,"1000",3.63836120615011,"IV"
267,"1000",4.37114973457651,"IV"
268,"1000",4.73870827713797,"IV"
269,"1000",3.90070756380588,"IV"
270,"1000",4.62984774457847,"IV"
271,"1000",4.24253301128665,"IV"
272,"1000",5.74310469197298,"IV"
273,"1000",4.50286564304218,"IV"
274,"1000",3.84042133252635,"IV"
275,"1000",3.95742818818471,"IV"
276,"1000",4.65331596635799,"IV"
277,"1000",4.63658446285128,"IV"
278,"1000",5.77136131465122,"IV"
279,"1000",4.64216189664864,"IV"
280,"1000",3.96856096968782,"IV"
281,"1000",3.11441932447983,"IV"
282,"1000",4.08492047916289,"IV"
283,"1000",3.66692403232875,"IV"
284,"1000",4.77278720952921,"IV"
285,"1000",3.97467797112994,"IV"
286,"1000",3.62605211298026,"IV"
287,"1000",3.56453992696832,"IV"
288,"1000",3.30959987132585,"IV"
289,"1000",2.90188085363705,"IV"
290,"1000",5.04609145560524,"IV"
291,"1000",3.79070759416127,"IV"
292,"1000",3.11109279212375,"IV"
293,"1000",5.90533340382777,"IV"
294,"1000",3.45276605631068,"IV"
295,"1000",5.13285297400724,"IV"
296,"1000",8.82346629023552,"IV"
297,"1000",5.4340167403159,"IV"
298,"1000",4.53676890094433,"IV"
299,"1000",4.9501676602412,"IV"
300,"1000",3.47835319808102,"IV"
301,"1000",6.49131806371755,"IV"
302,"1000",3.92352441590028,"IV"
303,"1000",4.8992453925299,"IV"
304,"1000",3.16166888755372,"IV"
305,"1000",3.23672953349513,"IV"
306,"1000",6.46048404627549,"IV"
307,"1000",3.25299100415353,"IV"
308,"1000",3.49961603617792,"IV"
309,"1000",4.00447855808763,"IV"
310,"1000",5.68532108549341,"IV"
311,"1000",4.42609378171222,"IV"
312,"1000",3.61667995328313,"IV"
313,"1000",3.95666118200862,"IV"
314,"1000",3.5841804217186,"IV"
315,"1000",2.8578199052124,"IV"
316,"1000",4.49514049887841,"IV"
317,"1000",5.11709575900432,"IV"
318,"1000",3.95285384465324,"IV"
319,"1000",4.68881059066766,"IV"
320,"1000",4.30722719340914,"IV"
321,"1000",3.5233919779667,"IV"
322,"1000",4.66357942649455,"IV"
323,"1000",4.51345253305963,"IV"
324,"1000",6.26871035132061,"IV"
325,"1000",3.90583420208485,"IV"
326,"1000",3.4007133450576,"IV"
327,"1000",8.83221055908341,"IV"
328,"1000",3.67915507990543,"IV"
329,"1000",4.51988397206379,"IV"
330,"1000",4.55981098800549,"IV"
331,"1000",6.18487975289506,"IV"
332,"1000",3.42232976724392,"IV"
333,"1000",4.62909930874167,"IV"
334,"1000",4.17288592283412,"IV"
335,"1000",4.0061820325371,"IV"
336,"1000",4.2327079043174,"IV"
337,"1000",4.62511097382112,"IV"
338,"1000",4.0150951822587,"IV"
339,"1000",3.67301510608894,"IV"
340,"1000",4.47470546311585,"IV"
341,"1000",3.49341953480839,"IV"
342,"1000",5.01688962475278,"IV"
343,"1000",17.8211565487486,"IV"
344,"1000",4.02538640219031,"IV"
345,"1000",8.04770576099691,"IV"
346,"1000",4.02287923209266,"IV"
347,"1000",3.9286310131567,"IV"
348,"1000",3.36984109858511,"IV"
349,"1000",4.04132657679184,"IV"
350,"1000",3.96613879732699,"IV"
351,"1000",2.94378834478029,"IV"
352,"1000",3.0310014387878,"IV"
353,"1000",4.49110355545996,"IV"
354,"1000",7.53369586417131,"IV"
355,"1000",4.15733131373097,"IV"
356,"1000",12.5063795693134,"IV"
357,"1000",3.52947553564699,"IV"
358,"1000",6.86342181072962,"IV"
359,"1000",3.95390513735843,"IV"
360,"1000",5.39386671995921,"IV"
361,"1000",4.57680524664512,"IV"
362,"1000",4.55311337447793,"IV"
363,"1000",5.23420985110557,"IV"
364,"1000",3.66803751293983,"IV"
365,"1000",3.95823598916176,"IV"
366,"1000",2.83424905927964,"IV"
367,"1000",3.46634959834075,"IV"
368,"1000",3.38408133210339,"IV"
369,"1000",3.39322771182659,"IV"
370,"1000",4.19432116257203,"IV"
371,"1000",3.99773790484865,"IV"
372,"1000",2.83253588516702,"IV"
373,"1000",3.32062817587538,"IV"
374,"1000",4.68862218552876,"IV"
375,"1000",4.18580052882879,"IV"
376,"1000",3.87275809397946,"IV"
377,"1000",6.06352841891688,"IV"
378,"1000",4.28054250880476,"IV"
379,"1000",5.13518267394176,"IV"
380,"1000",3.95655635847513,"IV"
381,"1000",8.36304463005188,"IV"
382,"1000",4.14925314921404,"IV"
383,"1000",2.76913754743311,"IV"
384,"1000",3.75053222888979,"IV"
385,"1000",3.20765027322017,"IV"
386,"1000",4.88000439242395,"IV"
387,"1000",5.01711147605372,"IV"
388,"1000",5.22796251594061,"IV"
389,"1000",3.26854901537185,"IV"
390,"1000",5.29695488877218,"IV"
391,"1000",3.65275730087734,"IV"
392,"1000",4.21340465989469,"IV"
393,"1000",3.30646316536326,"IV"
394,"1000",3.08994708994392,"IV"
395,"1000",5.04329488392313,"IV"
396,"1000",3.57701817957612,"IV"
397,"1000",5.85594839709886,"IV"
398,"1000",4.34107904428183,"IV"
399,"1000",3.73655308856145,"IV"
400,"1000",4.14073605428821,"IV"
401,"1000",4.05897955877234,"IV"
402,"1000",3.60547810816563,"IV"
403,"1000",5.37716398601873,"IV"
404,"1000",3.93174611483507,"IV"
405,"1000",5.03826142349493,"IV"
406,"1000",3.88863170537089,"IV"
407,"1000",4.30666010741355,"IV"
408,"1000",5.14596550513541,"IV"
409,"1000",8.37578492875137,"IV"
410,"1000",3.42798941811365,"IV"
411,"1000",6.94313524557426,"IV"
412,"1000",4.72501617608958,"IV"
413,"1000",3.88105474258711,"IV"
414,"1000",3.16284895307578,"IV"
415,"1000",3.10730589563761,"IV"
416,"1000",3.56728427117716,"IV"
417,"1000",3.86906065374268,"IV"
418,"1000",3.93654686333999,"IV"
419,"1000",4.498484092381,"IV"
420,"1000",3.6419865177092,"IV"
421,"1000",4.86256709851499,"IV"
422,"1000",3.33601884983317,"IV"
423,"1000",4.37770858078844,"IV"
424,"1000",3.93608849678267,"IV"
425,"1000",3.61242853350407,"IV"
426,"1000",3.43071655470059,"IV"
427,"1000",3.81514525800223,"IV"
428,"1000",7.12158232298313,"IV"
429,"1000",4.1085652548945,"IV"
430,"1000",2.84918861285432,"IV"
431,"1000",4.33569180280947,"IV"
432,"1000",2.87083973356013,"IV"
433,"1000",3.4358878583643,"IV"
434,"1000",4.48771497259792,"IV"
435,"1000",7.25084391920958,"IV"
436,"1000",3.86220672891833,"IV"
437,"1000",4.13459532440903,"IV"
438,"1000",4.52943845407159,"IV"
439,"1000",4.05998505061881,"IV"
440,"1000",6.3571851244098,"IV"
441,"1000",3.73636758002819,"IV"
442,"1000",5.44715261822714,"IV"
443,"1000",6.47197702089498,"IV"
444,"1000",3.8295535336897,"IV"
445,"1000",4.27752393100426,"IV"
446,"1000",4.70960373806746,"IV"
447,"1000",4.40435908554185,"IV"
448,"1000",2.80184331797208,"IV"
449,"1000",4.77626511813921,"IV"
450,"1000",5.89826545441101,"IV"
451,"1000",4.22811210288315,"IV"
452,"1000",4.16534686333856,"IV"
453,"1000",4.52890299798161,"IV"
454,"1000",4.7685785893104,"IV"
455,"1000",5.13985742744064,"IV"
456,"1000",3.35038630916567,"IV"
457,"1000",3.80453746288449,"IV"
458,"1000",5.57568548618111,"IV"
459,"1000",3.33873434419543,"IV"
460,"1000",3.69637674911461,"IV"
461,"1000",5.26879477840445,"IV"
462,"1000",4.16805951380197,"IV"
463,"1000",4.38308923377978,"IV"
464,"1000",4.19058235810668,"IV"
465,"1000",5.27971515663137,"IV"
466,"1000",4.29096655394848,"IV"
467,"1000",3.28172988334259,"IV"
468,"1000",4.20316740088917,"IV"
469,"1000",5.7322504775265,"IV"
470,"1000",5.85823540640459,"IV"
471,"1000",4.99566676554646,"IV"
472,"1000",5.92851334650372,"IV"
473,"1000",6.63335350935717,"IV"
474,"1000",2.91922048988309,"IV"
475,"1000",4.93471837159582,"IV"
476,"1000",5.73647789594586,"IV"
477,"1000",3.86240382912476,"IV"
478,"1000",3.8555645151118,"IV"
479,"1000",6.6007675686663,"IV"
480,"1000",6.27612304111037,"IV"
481,"1000",6.29040138165994,"IV"
482,"1000",4.31179239665978,"IV"
483,"1000",4.04904821242939,"IV"
484,"1000",3.82254683525041,"IV"
485,"1000",4.81536974615704,"IV"
486,"1000",4.48428343701824,"IV"
487,"1000",8.44107661566779,"IV"
488,"1000",5.60922467533165,"IV"
489,"1000",5.15091885104863,"IV"
490,"1000",4.62274712790383,"IV"
491,"1000",10.9090718960345,"IV"
492,"1000",5.45437472554296,"IV"
493,"1000",4.1163647029024,"IV"
494,"1000",4.29672979343623,"IV"
495,"1000",5.26380912754123,"IV"
496,"1000",3.42238462759633,"IV"
497,"1000",4.0002522446334,"IV"
498,"1000",3.63004436529843,"IV"
499,"1000",5.73964441477451,"IV"
500,"1000",4.56598999590535,"IV"
501,"1000",3.83634240627449,"IV"
502,"1000",2.97149226542646,"IV"
503,"1000",3.44086417835143,"IV"
504,"1000",6.30566783832537,"IV"
505,"1000",8.6924525833438,"IV"
506,"1000",7.6313404569735,"IV"
507,"1000",4.7467280945758,"IV"
508,"1000",3.34722598991717,"IV"
509,"1000",4.20308985789463,"IV"
510,"1000",4.34611540998152,"IV"
511,"1000",5.26905379768381,"IV"
512,"1000",3.53006481673778,"IV"
513,"1000",3.90554036135646,"IV"
514,"1000",6.15858197639603,"IV"
515,"1000",3.420625594412,"IV"
516,"1000",2.90239711972424,"IV"
517,"1000",3.14231745151826,"IV"
518,"1000",3.34019403825844,"IV"
519,"1000",4.0108378804418,"IV"
520,"1000",4.27850824611317,"IV"
521,"1000",3.69304476834022,"IV"
522,"1000",3.71961258265536,"IV"
523,"1000",7.31826970150259,"IV"
524,"1000",4.47474544266161,"IV"
525,"1000",4.64156302968151,"IV"
526,"1000",3.96299316208963,"IV"
527,"1000",3.92884067304129,"IV"
528,"1000",3.08627053637339,"IV"
529,"1000",6.67348608619183,"IV"
530,"1000",4.36877320933183,"IV"
531,"1000",3.86427666027662,"IV"
532,"1000",4.74326636690826,"IV"
533,"1000",4.24479182378332,"IV"
534,"1000",4.21641417488334,"IV"
535,"1000",3.94069087960344,"IV"
536,"1000",5.90344061813251,"IV"
537,"1000",3.46145723997964,"IV"
538,"1000",3.61288077459463,"IV"
539,"1000",4.67241889811127,"IV"
540,"1000",6.49990445424538,"IV"
541,"1000",4.92351056488972,"IV"
542,"1000",5.10035714724658,"IV"
543,"1000",3.99783060589642,"IV"
544,"1000",4.52002142803387,"IV"
545,"1000",5.51696812913181,"IV"
546,"1000",3.12213812744793,"IV"
547,"1000",4.73793597667416,"IV"
548,"1000",5.53560561247589,"IV"
549,"1000",3.66645227814159,"IV"
550,"1000",3.9916701200745,"IV"
551,"1000",3.03333333333161,"IV"
552,"1000",7.29929511203646,"IV"
553,"1000",4.26112776354535,"IV"
554,"1000",3.60163408616464,"IV"
555,"1000",4.3154168675215,"IV"
556,"1000",3.68883018613373,"IV"
557,"1000",3.22602197640662,"IV"
558,"1000",4.59074223186517,"IV"
559,"1000",4.7419782775164,"IV"
560,"1000",3.63675891219061,"IV"
561,"1000",3.53667890793342,"IV"
562,"1000",4.35822252645508,"IV"
563,"1000",4.25121790600707,"IV"
564,"1000",4.40768720750892,"IV"
565,"1000",3.92007043349064,"IV"
566,"1000",4.10733874993689,"IV"
567,"1000",3.94578706833554,"IV"
568,"1000",4.81669785833028,"IV"
569,"1000",3.78005428728508,"IV"
570,"1000",3.78457927247537,"IV"
571,"1000",5.688955431762,"IV"
572,"1000",8.55378498169392,"IV"
573,"1000",4.08587148392457,"IV"
574,"1000",4.41816814349389,"IV"
575,"1000",4.4251498091134,"IV"
576,"1000",5.12985186182678,"IV"
577,"1000",4.44693429310006,"IV"
578,"1000",5.80298679618691,"IV"
579,"1000",3.57661828075283,"IV"
580,"1000",3.53478281233534,"IV"
581,"1000",4.88635449575639,"IV"
582,"1000",3.89698591852248,"IV"
583,"1000",3.40470603872161,"IV"
584,"1000",5.16831250064488,"IV"
585,"1000",5.66918456564299,"IV"
586,"1000",5.52947392097416,"IV"
587,"1000",7.72476421677094,"IV"
588,"1000",4.13862155659808,"IV"
589,"1000",4.53414408526925,"IV"
590,"1000",4.02761697059731,"IV"
591,"1000",3.1624150069253,"IV"
592,"1000",3.20918267021439,"IV"
593,"1000",4.25353986039158,"IV"
594,"1000",3.80116813249712,"IV"
595,"1000",4.41964490738365,"IV"
596,"1000",3.109137630915,"IV"
597,"1000",5.81272579141781,"IV"
598,"1000",7.56751810549765,"IV"
599,"1000",3.53525456674538,"IV"
600,"1000",4.12020690088218,"IV"
601,"1000",6.71522055567413,"IV"
602,"1000",3.93473844156357,"IV"
603,"1000",3.78333243867709,"IV"
604,"1000",4.80943508989583,"IV"
605,"1000",3.48172837968115,"IV"
606,"1000",5.09305359507656,"IV"
607,"1000",3.66357726454042,"IV"
608,"1000",4.76708888809365,"IV"
609,"1000",4.64075498682412,"IV"
610,"1000",6.4439213750752,"IV"
611,"1000",3.95046985576176,"IV"
612,"1000",6.01265312811597,"IV"
613,"1000",5.33913898566317,"IV"
614,"1000",5.59241029782691,"IV"
615,"1000",4.87733322936963,"IV"
616,"1000",5.35666896799608,"IV"
617,"1000",7.33426799647494,"IV"
618,"1000",5.39398650480214,"IV"
619,"1000",3.10690135318092,"IV"
620,"1000",6.29485804547007,"IV"
621,"1000",3.74314902348405,"IV"
622,"1000",3.58764972253142,"IV"
623,"1000",2.93782383419621,"IV"
624,"1000",2.96476492479515,"IV"
625,"1000",3.43787989965732,"IV"
626,"1000",4.67535535595583,"IV"
627,"1000",3.39104431708601,"IV"
628,"1000",3.93523935362096,"IV"
629,"1000",5.78403890940931,"IV"
630,"1000",3.49481985592298,"IV"
631,"1000",3.51164308199975,"IV"
632,"1000",3.89926833129448,"IV"
633,"1000",3.56788497145217,"IV"
634,"1000",8.98829165617032,"IV"
635,"1000",5.41973939651883,"IV"
636,"1000",4.28640303148822,"IV"
637,"1000",3.79320321913366,"IV"
638,"1000",5.13096068225644,"IV"
639,"1000",4.28744854753098,"IV"
640,"1000",3.61018793615574,"IV"
641,"1000",3.69354449539873,"IV"
642,"1000",3.71355514571991,"IV"
643,"1000",4.1729626071996,"IV"
644,"1000",6.78818415452944,"IV"
645,"1000",7.02775099484208,"IV"
646,"1000",3.85856431214607,"IV"
647,"1000",4.65556911462769,"IV"
648,"1000",8.08401229806729,"IV"
649,"1000",5.10559744899326,"IV"
650,"1000",11.0264451577006,"IV"
651,"1000",3.43319762837943,"IV"
652,"1000",3.68452401167209,"IV"
653,"1000",4.98202238871052,"IV"
654,"1000",4.78136412236016,"IV"
655,"1000",3.9231108864147,"IV"
656,"1000",5.21255858765617,"IV"
657,"1000",6.44634746316838,"IV"
658,"1000",4.57016599938289,"IV"
659,"1000",3.78777024855662,"IV"
660,"1000",4.85053269517645,"IV"
661,"1000",6.14802828004794,"IV"
662,"1000",3.26784153103822,"IV"
663,"1000",3.70053550740908,"IV"
664,"1000",3.69010447372628,"IV"
665,"1000",5.52978065975107,"IV"
666,"1000",5.37701440560061,"IV"
667,"1000",4.8759255361198,"IV"
668,"1000",3.88881282661878,"IV"
669,"1000",3.62903037102599,"IV"
670,"1000",4.28300710617346,"IV"
671,"1000",5.01858645816089,"IV"
672,"1000",3.5970786346769,"IV"
673,"1000",4.03247078772302,"IV"
674,"1000",3.55924430163199,"IV"
675,"1000",4.33336771215037,"IV"
676,"1000",3.31965755546483,"IV"
677,"1000",3.31436937843826,"IV"
678,"1000",3.57725050296782,"IV"
679,"1000",4.27063390015344,"IV"
680,"1000",3.41203914140212,"IV"
681,"1000",3.92758309396487,"IV"
682,"1000",2.85167464114719,"IV"
683,"1000",4.24336702611476,"IV"
684,"1000",6.25107699095132,"IV"
685,"1000",5.28852512203145,"IV"
686,"1000",4.26228349840501,"IV"
687,"1000",5.46303229759933,"IV"
688,"1000",3.94897631485988,"IV"
689,"1000",2.84032114058675,"IV"
690,"1000",4.70635170922183,"IV"
691,"1000",3.30391960801393,"IV"
692,"1000",4.20362160705512,"IV"
693,"1000",4.53787012795738,"IV"
694,"1000",4.88112614121648,"IV"
695,"1000",3.70249730846694,"IV"
696,"1000",5.23591750067762,"IV"
697,"1000",3.14446118986149,"IV"
698,"1000",3.03114227356258,"IV"
699,"1000",12.530836937903,"IV"
700,"1000",3.3893371274023,"IV"
701,"1000",4.75587002058249,"IV"
702,"1000",4.9294038409455,"IV"
703,"1000",4.54610381334729,"IV"
704,"1000",3.58786221622464,"IV"
705,"1000",5.95705497115053,"IV"
706,"1000",4.16771407914809,"IV"
707,"1000",4.80116383484008,"IV"
708,"1000",4.86538997988885,"IV"
709,"1000",4.03163989824527,"IV"
710,"1000",2.9799999999989,"IV"
711,"1000",4.60951636695007,"IV"
712,"1000",4.18538870762162,"IV"
713,"1000",5.60928793570208,"IV"
714,"1000",3.10028753350626,"IV"
715,"1000",4.77390536084642,"IV"
716,"1000",7.00040852056865,"IV"
717,"1000",6.71414535203466,"IV"
718,"1000",4.27425975467831,"IV"
719,"1000",3.33007645940886,"IV"
720,"1000",2.87508913760115,"IV"
721,"1000",4.21205296454753,"IV"
722,"1000",5.93185746727414,"IV"
723,"1000",3.92450087481826,"IV"
724,"1000",3.92704529479677,"IV"
725,"1000",8.68058479631808,"IV"
726,"1000",4.27894176883584,"IV"
727,"1000",3.39068623924222,"IV"
728,"1000",4.05240642611621,"IV"
729,"1000",6.57213075923822,"IV"
730,"1000",4.25397448716573,"IV"
731,"1000",4.39781602749655,"IV"
732,"1000",4.294524883042,"IV"
733,"1000",5.0405329110047,"IV"
734,"1000",3.81362044404162,"IV"
735,"1000",4.13315384305399,"IV"
736,"1000",5.2496576756315,"IV"
737,"1000",4.67875098253185,"IV"
738,"1000",5.47092106864681,"IV"
739,"1000",3.58213650971315,"IV"
740,"1000",6.43544579717593,"IV"
741,"1000",3.78248377228027,"IV"
742,"1000",9.1770043007,"IV"
743,"1000",3.46480820908674,"IV"
744,"1000",4.01446766972234,"IV"
745,"1000",4.48988572769868,"IV"
746,"1000",3.15216373575756,"IV"
747,"1000",5.67456568634494,"IV"
748,"1000",3.52087886548334,"IV"
749,"1000",3.63481689332282,"IV"
750,"1000",4.91587390984703,"IV"
751,"1000",3.95561843595584,"IV"
752,"1000",4.47144426301786,"IV"
753,"1000",4.32662145787496,"IV"
754,"1000",6.73186859557867,"IV"
755,"1000",5.3990259515944,"IV"
756,"1000",5.29945170499155,"IV"
757,"1000",4.84562103211593,"IV"
758,"1000",4.52387962961478,"IV"
759,"1000",3.76717005384818,"IV"
760,"1000",3.93428568897497,"IV"
761,"1000",5.41738381517408,"IV"
762,"1000",5.02736410304775,"IV"
763,"1000",6.73851004846658,"IV"
764,"1000",4.63063369870243,"IV"
765,"1000",3.31436016974445,"IV"
766,"1000",2.60930232558133,"IV"
767,"1000",10.5569871015543,"IV"
768,"1000",3.45850088131055,"IV"
769,"1000",3.20577200565051,"IV"
770,"1000",6.76375309895431,"IV"
771,"1000",3.09612248162549,"IV"
772,"1000",3.16390588288267,"IV"
773,"1000",3.69134800472055,"IV"
774,"1000",3.75678112131207,"IV"
775,"1000",4.27207173751915,"IV"
776,"1000",4.11693198650159,"IV"
777,"1000",3.16736009798166,"IV"
778,"1000",7.69417834044771,"IV"
779,"1000",3.8177763920683,"IV"
780,"1000",4.14775500661544,"IV"
781,"1000",6.26375402659247,"IV"
782,"1000",3.99269344959062,"IV"
783,"1000",3.4479856560536,"IV"
784,"1000",5.50945094823332,"IV"
785,"1000",3.53966378152755,"IV"
786,"1000",5.62910987062688,"IV"
787,"1000",3.75034720007577,"IV"
788,"1000",4.87244567916567,"IV"
789,"1000",4.4808556748467,"IV"
790,"1000",3.75703584084428,"IV"
791,"1000",3.33685676626611,"IV"
792,"1000",9.38431068033479,"IV"
793,"1000",4.45001958210974,"IV"
794,"1000",4.72458320565533,"IV"
795,"1000",4.71046257478194,"IV"
796,"1000",3.74125905827604,"IV"
797,"1000",4.40917613836263,"IV"
798,"1000",5.41460560320203,"IV"
799,"1000",4.16949323903546,"IV"
800,"1000",2.71806167400833,"IV"
801,"1000",9.99820124515158,"IV"
802,"1000",5.36156071967099,"IV"
803,"1000",3.93391283844933,"IV"
804,"1000",4.97368237636829,"IV"
805,"1000",2.87026752010391,"IV"
806,"1000",4.2907344075833,"IV"
807,"1000",3.84906727705457,"IV"
808,"1000",4.23552501905827,"IV"
809,"1000",3.52281098922131,"IV"
810,"1000",4.19544533438326,"IV"
811,"1000",5.45794001493385,"IV"
812,"1000",4.422497253166,"IV"
813,"1000",5.08363509681949,"IV"
814,"1000",3.61625207061936,"IV"
815,"1000",5.19419107663926,"IV"
816,"1000",3.58014670466644,"IV"
817,"1000",4.65120193362672,"IV"
818,"1000",3.90649546621184,"IV"
819,"1000",4.43704729114393,"IV"
820,"1000",4.31402653799357,"IV"
821,"1000",4.52952407127037,"IV"
822,"1000",3.92078684985171,"IV"
823,"1000",3.54421168380634,"IV"
824,"1000",5.04457405652774,"IV"
825,"1000",4.00240393953244,"IV"
826,"1000",4.43288988165193,"IV"
827,"1000",6.03534060506426,"IV"
828,"1000",3.76023809893346,"IV"
829,"1000",3.87488373429206,"IV"
830,"1000",3.84371091497546,"IV"
831,"1000",3.09693877550655,"IV"
832,"1000",4.89813940697489,"IV"
833,"1000",3.79792367130965,"IV"
834,"1000",6.29696043766268,"IV"
835,"1000",4.7316603289355,"IV"
836,"1000",5.57175393859695,"IV"
837,"1000",3.39764016754334,"IV"
838,"1000",3.60092622993513,"IV"
839,"1000",3.96527811157808,"IV"
840,"1000",4.65622111097781,"IV"
841,"1000",3.84672170130048,"IV"
842,"1000",6.06234702619439,"IV"
843,"1000",3.41805704794191,"IV"
844,"1000",3.16356210460884,"IV"
845,"1000",5.35318502995046,"IV"
846,"1000",4.46513554883859,"IV"
847,"1000",3.88857256630196,"IV"
848,"1000",5.06615621554108,"IV"
849,"1000",7.79694236533697,"IV"
850,"1000",3.79400354566035,"IV"
851,"1000",5.54245504296559,"IV"
852,"1000",3.68169169386477,"IV"
853,"1000",4.32270558829548,"IV"
854,"1000",7.00534928095271,"IV"
855,"1000",3.75610736270734,"IV"
856,"1000",4.45436634724331,"IV"
857,"1000",3.60455185864714,"IV"
858,"1000",5.03588750154664,"IV"
859,"1000",4.21103776145889,"IV"
860,"1000",2.67802767236079,"IV"
861,"1000",3.25146765967574,"IV"
862,"1000",5.75388234093123,"IV"
863,"1000",3.57902218803917,"IV"
864,"1000",5.47436233870226,"IV"
865,"1000",3.38608853677088,"IV"
866,"1000",3.5100348183897,"IV"
867,"1000",3.73016147997594,"IV"
868,"1000",3.53856128600032,"IV"
869,"1000",3.12648877470943,"IV"
870,"1000",4.09308794552962,"IV"
871,"1000",3.41547975561591,"IV"
872,"1000",5.39551551609215,"IV"
873,"1000",4.6727792596857,"IV"
874,"1000",3.77909304621132,"IV"
875,"1000",3.70721978695933,"IV"
876,"1000",3.15822183840193,"IV"
877,"1000",3.43905909597986,"IV"
878,"1000",3.91143408368492,"IV"
879,"1000",4.21559237838487,"IV"
880,"1000",3.9062572726825,"IV"
881,"1000",3.75152906985038,"IV"
882,"1000",4.28763679070176,"IV"
883,"1000",3.20998147873709,"IV"
884,"1000",4.53993230945656,"IV"
885,"1000",5.52928719070329,"IV"
886,"1000",2.88285741840297,"IV"
887,"1000",3.96590054937442,"IV"
888,"1000",4.79643226635663,"IV"
889,"1000",6.14045336858082,"IV"
890,"1000",3.61159885110541,"IV"
891,"1000",3.16351574186765,"IV"
892,"1000",3.83656974244143,"IV"
893,"1000",4.47302389500544,"IV"
894,"1000",4.21559071301783,"IV"
895,"1000",3.97837378915922,"IV"
896,"1000",4.28777022249832,"IV"
897,"1000",5.03461307160619,"IV"
898,"1000",4.34232513774479,"IV"
899,"1000",4.83533724024459,"IV"
900,"1000",4.37496157531954,"IV"
901,"1000",4.97828095430801,"IV"
902,"1000",4.61875184130609,"IV"
903,"1000",4.85479397611298,"IV"
904,"1000",3.80058534346895,"IV"
905,"1000",5.40908733622248,"IV"
906,"1000",6.41265658924046,"IV"
907,"1000",3.50712095140121,"IV"
908,"1000",6.58440345501815,"IV"
909,"1000",4.92834226602359,"IV"
910,"1000",4.99766942241315,"IV"
911,"1000",4.18481468969648,"IV"
912,"1000",3.73932908272405,"IV"
913,"1000",3.88484406151391,"IV"
914,"1000",4.36247098422527,"IV"
915,"1000",3.39297501674174,"IV"
916,"1000",3.85267023756712,"IV"
917,"1000",3.79109817365129,"IV"
918,"1000",5.04613628477108,"IV"
919,"1000",4.88910342574724,"IV"
920,"1000",4.20737289965205,"IV"
921,"1000",4.61979632034907,"IV"
922,"1000",4.58376614311375,"IV"
923,"1000",4.37715310449761,"IV"
924,"1000",7.14311225728718,"IV"
925,"1000",3.99178283290204,"IV"
926,"1000",3.48570718916718,"IV"
927,"1000",4.72215779356548,"IV"
928,"1000",3.70037472313642,"IV"
929,"1000",4.77056892062366,"IV"
930,"1000",10.4519041913744,"IV"
931,"1000",3.86840346622533,"IV"
932,"1000",3.09473312602563,"IV"
933,"1000",5.75578129166798,"IV"
934,"1000",3.56839372761244,"IV"
935,"1000",8.79548902342229,"IV"
936,"1000",4.8454844356218,"IV"
937,"1000",5.48519403402095,"IV"
938,"1000",3.41040732074329,"IV"
939,"1000",4.87630760404637,"IV"
940,"1000",5.59596908277564,"IV"
941,"1000",4.34116875402419,"IV"
942,"1000",3.47848509256841,"IV"
943,"1000",3.54551666580434,"IV"
944,"1000",4.59106300379664,"IV"
945,"1000",4.26603411411182,"IV"
946,"1000",3.07356983065351,"IV"
947,"1000",5.79166617850276,"IV"
948,"1000",3.8831758460284,"IV"
949,"1000",3.71511292753996,"IV"
950,"1000",4.43088189835118,"IV"
951,"1000",4.00359779052755,"IV"
952,"1000",4.70939594181561,"IV"
953,"1000",4.12771811307413,"IV"
954,"1000",3.82469340675953,"IV"
955,"1000",8.22570333594949,"IV"
956,"1000",3.17800028436228,"IV"
957,"1000",5.53122165925786,"IV"
958,"1000",3.87399393709772,"IV"
959,"1000",3.53588082478882,"IV"
960,"1000",7.26848424232232,"IV"
961,"1000",3.25837347757991,"IV"
962,"1000",5.26582499753467,"IV"
963,"1000",4.91824335786483,"IV"
964,"1000",4.01064981476016,"IV"
965,"1000",2.97277951822586,"IV"
966,"1000",3.43089053363777,"IV"
967,"1000",4.63624005237131,"IV"
968,"1000",8.68501014926565,"IV"
969,"1000",5.89747916343412,"IV"
970,"1000",12.2863349066004,"IV"
971,"1000",4.11224056123089,"IV"
972,"1000",3.91317698734865,"IV"
973,"1000",4.43196919585872,"IV"
974,"1000",3.1896596830853,"IV"
975,"1000",4.92582320287402,"IV"
976,"1000",4.32262719447826,"IV"
977,"1000",3.56334039119387,"IV"
978,"1000",3.64160347130384,"IV"
979,"1000",4.806412857795,"IV"
980,"1000",4.54616853446466,"IV"
981,"1000",4.08775182555903,"IV"
982,"1000",6.5685755674209,"IV"
983,"1000",3.30760817597548,"IV"
984,"1000",3.86390590324551,"IV"
985,"1000",3.531531487796,"IV"
986,"1000",4.06188662298776,"IV"
987,"1000",5.18861437378236,"IV"
988,"1000",6.03564488756183,"IV"
989,"1000",4.11887863171803,"IV"
990,"1000",4.29518037811222,"IV"
991,"1000",3.71488356201214,"IV"
992,"1000",3.78970948985531,"IV"
993,"1000",4.08035866248624,"IV"
994,"1000",3.78555270487716,"IV"
995,"1000",5.29287241653384,"IV"
996,"1000",3.27316587713249,"IV"
997,"1000",3.82942956716239,"IV"
998,"1000",4.31332437444555,"IV"
999,"1000",4.92762066415081,"IV"
1000,"1000",2.9371832163838,"IV"
1,"2000",3.89367278075505,"IV"
2,"2000",3.20815453425337,"IV"
3,"2000",3.70155391261466,"IV"
4,"2000",4.31694423159651,"IV"
5,"2000",4.08513538999979,"IV"
6,"2000",4.07375687331504,"IV"
7,"2000",4.56094146788253,"IV"
8,"2000",5.89936219873867,"IV"
9,"2000",5.31987957943889,"IV"
10,"2000",4.2800923720111,"IV"
11,"2000",4.23479183916523,"IV"
12,"2000",5.46080401941079,"IV"
13,"2000",4.07570317790551,"IV"
14,"2000",3.663991536674,"IV"
15,"2000",3.85407139071778,"IV"
16,"2000",4.60624627854342,"IV"
17,"2000",3.18371338463035,"IV"
18,"2000",4.83326857765893,"IV"
19,"2000",4.0392733404838,"IV"
20,"2000",4.48644459628002,"IV"
21,"2000",4.53648197615048,"IV"
22,"2000",3.84124525827733,"IV"
23,"2000",5.32230699682006,"IV"
24,"2000",4.48217839817355,"IV"
25,"2000",5.84976242382534,"IV"
26,"2000",3.96451991561665,"IV"
27,"2000",3.61663617273216,"IV"
28,"2000",3.63969620813918,"IV"
29,"2000",4.90610736320685,"IV"
30,"2000",5.52125470459143,"IV"
31,"2000",3.89201704256203,"IV"
32,"2000",4.13356026591701,"IV"
33,"2000",3.39004754992394,"IV"
34,"2000",4.85745882585988,"IV"
35,"2000",4.68423025742326,"IV"
36,"2000",4.27071770857418,"IV"
37,"2000",3.79208311181928,"IV"
38,"2000",4.70138174047754,"IV"
39,"2000",4.54277829868624,"IV"
40,"2000",3.33779580101731,"IV"
41,"2000",3.82746606298539,"IV"
42,"2000",4.0442040872723,"IV"
43,"2000",3.89198749920508,"IV"
44,"2000",4.22743205110118,"IV"
45,"2000",4.46037749691976,"IV"
46,"2000",3.92600883366225,"IV"
47,"2000",4.5913314471925,"IV"
48,"2000",4.03178578006563,"IV"
49,"2000",5.0737798288586,"IV"
50,"2000",4.7550116297589,"IV"
51,"2000",5.6398170642818,"IV"
52,"2000",3.91215025795749,"IV"
53,"2000",4.89738498896589,"IV"
54,"2000",4.15098934970207,"IV"
55,"2000",4.03782978533724,"IV"
56,"2000",3.66076734076144,"IV"
57,"2000",4.10565118172389,"IV"
58,"2000",5.48649829990209,"IV"
59,"2000",3.62496232837334,"IV"
60,"2000",5.31567362005421,"IV"
61,"2000",5.29015474324114,"IV"
62,"2000",4.73695563700425,"IV"
63,"2000",5.5371173732105,"IV"
64,"2000",4.3741899309215,"IV"
65,"2000",4.2791185743189,"IV"
66,"2000",6.96412068094955,"IV"
67,"2000",7.56657742511982,"IV"
68,"2000",3.47557130646345,"IV"
69,"2000",3.79853282171676,"IV"
70,"2000",3.78492618033533,"IV"
71,"2000",3.8455029753373,"IV"
72,"2000",3.36973992637826,"IV"
73,"2000",4.5551827938717,"IV"
74,"2000",3.76393561889137,"IV"
75,"2000",3.82840989908169,"IV"
76,"2000",4.43004164072953,"IV"
77,"2000",4.88068219776462,"IV"
78,"2000",4.61142129237855,"IV"
79,"2000",3.67704048629605,"IV"
80,"2000",4.107286502956,"IV"
81,"2000",3.39788944715918,"IV"
82,"2000",4.53332527388469,"IV"
83,"2000",3.83307674235113,"IV"
84,"2000",5.10509206180768,"IV"
85,"2000",5.29947743851731,"IV"
86,"2000",3.36535672270063,"IV"
87,"2000",4.50105308642166,"IV"
88,"2000",4.17246521552611,"IV"
89,"2000",4.5534945348778,"IV"
90,"2000",3.91100025104471,"IV"
91,"2000",3.13901505368125,"IV"
92,"2000",4.34799548070353,"IV"
93,"2000",3.38919005923868,"IV"
94,"2000",4.4298899889098,"IV"
95,"2000",5.07400437146764,"IV"
96,"2000",3.91451499273514,"IV"
97,"2000",4.01335977202134,"IV"
98,"2000",4.35108898830126,"IV"
99,"2000",4.62781539455097,"IV"
100,"2000",3.26174181962523,"IV"
101,"2000",4.60994278320508,"IV"
102,"2000",4.0855591476336,"IV"
103,"2000",3.98948208647783,"IV"
104,"2000",5.03974463209263,"IV"
105,"2000",4.44839498352597,"IV"
106,"2000",7.08478806632677,"IV"
107,"2000",5.39151246245526,"IV"
108,"2000",3.75900192699172,"IV"
109,"2000",5.87570038348875,"IV"
110,"2000",4.81020545820662,"IV"
111,"2000",3.67194824370728,"IV"
112,"2000",4.40580570362045,"IV"
113,"2000",4.77724419964466,"IV"
114,"2000",5.13802830007922,"IV"
115,"2000",5.19067588640948,"IV"
116,"2000",4.72410482961693,"IV"
117,"2000",4.59220212296457,"IV"
118,"2000",4.76451010053893,"IV"
119,"2000",4.28161218410704,"IV"
120,"2000",4.1736755956391,"IV"
121,"2000",4.27415093807979,"IV"
122,"2000",5.54624824524112,"IV"
123,"2000",4.0832105037191,"IV"
124,"2000",3.99219806309506,"IV"
125,"2000",4.76521179185996,"IV"
126,"2000",3.88391736043427,"IV"
127,"2000",5.4335362432716,"IV"
128,"2000",4.21185097850839,"IV"
129,"2000",4.35478412750295,"IV"
130,"2000",3.61538947703882,"IV"
131,"2000",4.1421097452586,"IV"
132,"2000",3.81421576961467,"IV"
133,"2000",4.76122272460098,"IV"
134,"2000",3.60697879508267,"IV"
135,"2000",3.53478379183325,"IV"
136,"2000",6.88540803907056,"IV"
137,"2000",4.68143660823298,"IV"
138,"2000",5.39398597703485,"IV"
139,"2000",7.49976802562244,"IV"
140,"2000",3.95340464665069,"IV"
141,"2000",4.25327291017314,"IV"
142,"2000",3.9537965708577,"IV"
143,"2000",4.7021940861966,"IV"
144,"2000",4.02939518333641,"IV"
145,"2000",9.44790400013852,"IV"
146,"2000",3.86109554140346,"IV"
147,"2000",3.99858909794942,"IV"
148,"2000",3.51506438242374,"IV"
149,"2000",4.73891235750761,"IV"
150,"2000",4.61288519488284,"IV"
151,"2000",3.51235931124226,"IV"
152,"2000",3.21826209345356,"IV"
153,"2000",5.5230583876583,"IV"
154,"2000",3.89846784489884,"IV"
155,"2000",3.71723649328039,"IV"
156,"2000",3.62544026597184,"IV"
157,"2000",4.44025290708052,"IV"
158,"2000",3.94596246366515,"IV"
159,"2000",3.38050887091943,"IV"
160,"2000",4.19658213093247,"IV"
161,"2000",4.93372168576696,"IV"
162,"2000",3.61275961251442,"IV"
163,"2000",5.13398915685516,"IV"
164,"2000",3.57561457103702,"IV"
165,"2000",5.82070004117081,"IV"
166,"2000",4.49518919067033,"IV"
167,"2000",4.20798255906972,"IV"
168,"2000",4.2924352597687,"IV"
169,"2000",4.04967088274844,"IV"
170,"2000",4.05074978108122,"IV"
171,"2000",3.53156416727732,"IV"
172,"2000",3.59406987531639,"IV"
173,"2000",8.98637466007801,"IV"
174,"2000",3.18753983254459,"IV"
175,"2000",3.73639384740424,"IV"
176,"2000",3.68031635762674,"IV"
177,"2000",4.22904399356486,"IV"
178,"2000",5.20085851429467,"IV"
179,"2000",4.07860949163013,"IV"
180,"2000",4.13987370424898,"IV"
181,"2000",3.64598838041261,"IV"
182,"2000",3.63080022900809,"IV"
183,"2000",3.44309240977326,"IV"
184,"2000",5.95925857184437,"IV"
185,"2000",4.901383748833,"IV"
186,"2000",4.51846015526094,"IV"
187,"2000",4.4590082283308,"IV"
188,"2000",3.94626550455895,"IV"
189,"2000",4.34915588799199,"IV"
190,"2000",5.20952119440381,"IV"
191,"2000",3.92515405025515,"IV"
192,"2000",4.2763710247455,"IV"
193,"2000",4.95183454001293,"IV"
194,"2000",4.00872052023648,"IV"
195,"2000",4.55174073801961,"IV"
196,"2000",4.87638151500671,"IV"
197,"2000",3.62513932565789,"IV"
198,"2000",5.34204054216117,"IV"
199,"2000",5.16150253073261,"IV"
200,"2000",4.49809169477525,"IV"
201,"2000",5.10459886359025,"IV"
202,"2000",4.47065083847048,"IV"
203,"2000",4.04923709723296,"IV"
204,"2000",4.3335301592721,"IV"
205,"2000",4.80578237089152,"IV"
206,"2000",5.60532004378209,"IV"
207,"2000",4.33175549232608,"IV"
208,"2000",5.33858233666039,"IV"
209,"2000",7.48451512913521,"IV"
210,"2000",4.26119303542158,"IV"
211,"2000",4.38822544388326,"IV"
212,"2000",4.82316932478765,"IV"
213,"2000",3.2501295807728,"IV"
214,"2000",3.59645004703013,"IV"
215,"2000",4.05516595061188,"IV"
216,"2000",4.83042672790881,"IV"
217,"2000",4.5713458393447,"IV"
218,"2000",6.06834582132809,"IV"
219,"2000",4.18808187771382,"IV"
220,"2000",3.49070664082941,"IV"
221,"2000",4.67203861923146,"IV"
222,"2000",3.79955946713544,"IV"
223,"2000",6.25831992331007,"IV"
224,"2000",5.47946604339647,"IV"
225,"2000",3.80878708551285,"IV"
226,"2000",4.88276554790018,"IV"
227,"2000",4.59948172850781,"IV"
228,"2000",3.33131275844384,"IV"
229,"2000",5.65028149910875,"IV"
230,"2000",4.67541125432898,"IV"
231,"2000",3.59837901865892,"IV"
232,"2000",4.82757902208274,"IV"
233,"2000",4.76856032323323,"IV"
234,"2000",4.27716984370549,"IV"
235,"2000",4.30096604196043,"IV"
236,"2000",4.86959890141719,"IV"
237,"2000",5.24582926016344,"IV"
238,"2000",3.05144841482926,"IV"
239,"2000",5.3846717300782,"IV"
240,"2000",4.81375202969191,"IV"
241,"2000",4.47160556842829,"IV"
242,"2000",5.01466927214371,"IV"
243,"2000",4.35388757093207,"IV"
244,"2000",4.1150578645746,"IV"
245,"2000",4.08298060848819,"IV"
246,"2000",3.57703645892069,"IV"
247,"2000",4.41870777578145,"IV"
248,"2000",3.55711487170226,"IV"
249,"2000",4.6249454214542,"IV"
250,"2000",3.68846900755283,"IV"
251,"2000",4.56365172307921,"IV"
252,"2000",3.69618630712291,"IV"
253,"2000",4.02591067149337,"IV"
254,"2000",3.79238142487528,"IV"
255,"2000",4.45572192981709,"IV"
256,"2000",3.58479620803106,"IV"
257,"2000",3.98056960414441,"IV"
258,"2000",4.36820007186269,"IV"
259,"2000",4.47657432019159,"IV"
260,"2000",4.83451075060959,"IV"
261,"2000",4.35354921848331,"IV"
262,"2000",3.56537429199983,"IV"
263,"2000",5.4928068826938,"IV"
264,"2000",4.95326578021455,"IV"
265,"2000",3.18859896203405,"IV"
266,"2000",3.24589097960539,"IV"
267,"2000",3.87012721645431,"IV"
268,"2000",4.49416129017138,"IV"
269,"2000",4.43995273739408,"IV"
270,"2000",4.37055374505462,"IV"
271,"2000",4.84546147713715,"IV"
272,"2000",4.39666361998585,"IV"
273,"2000",3.90318118766269,"IV"
274,"2000",4.01972850776072,"IV"
275,"2000",3.86691054655726,"IV"
276,"2000",4.34671201736668,"IV"
277,"2000",4.94710918174948,"IV"
278,"2000",5.45380991555235,"IV"
279,"2000",3.4906958681611,"IV"
280,"2000",4.0459735998048,"IV"
281,"2000",4.20805851347871,"IV"
282,"2000",5.66790425753502,"IV"
283,"2000",4.6881330656966,"IV"
284,"2000",5.25207681634447,"IV"
285,"2000",5.47074702726416,"IV"
286,"2000",3.56050345297835,"IV"
287,"2000",3.51587994738467,"IV"
288,"2000",3.58179257528006,"IV"
289,"2000",4.68665794513716,"IV"
290,"2000",4.72456890039938,"IV"
291,"2000",3.83898318380666,"IV"
292,"2000",3.79985076097154,"IV"
293,"2000",3.36656873070118,"IV"
294,"2000",3.58804231776388,"IV"
295,"2000",4.59871939940274,"IV"
296,"2000",5.32851376319705,"IV"
297,"2000",3.74988489389387,"IV"
298,"2000",3.81931124020188,"IV"
299,"2000",3.56683983934841,"IV"
300,"2000",3.94173350482315,"IV"
301,"2000",6.01798750868438,"IV"
302,"2000",4.19380861568203,"IV"
303,"2000",4.23730066134738,"IV"
304,"2000",4.80904074707417,"IV"
305,"2000",4.28273044026212,"IV"
306,"2000",4.62715830783475,"IV"
307,"2000",3.60266782895759,"IV"
308,"2000",5.27198168265081,"IV"
309,"2000",3.41410114290019,"IV"
310,"2000",5.93294548848354,"IV"
311,"2000",4.14083474022646,"IV"
312,"2000",3.81032440993209,"IV"
313,"2000",5.1304077960978,"IV"
314,"2000",4.62287798346337,"IV"
315,"2000",4.67642543327614,"IV"
316,"2000",6.65165612701272,"IV"
317,"2000",3.96500591276631,"IV"
318,"2000",4.10412771724814,"IV"
319,"2000",3.68947781962403,"IV"
320,"2000",3.94162940125455,"IV"
321,"2000",3.60719857940798,"IV"
322,"2000",4.6777051372616,"IV"
323,"2000",3.51703266758769,"IV"
324,"2000",4.95779786705908,"IV"
325,"2000",3.86847690120659,"IV"
326,"2000",4.24503102103679,"IV"
327,"2000",4.76703186013788,"IV"
328,"2000",5.93528991736774,"IV"
329,"2000",4.77826377448117,"IV"
330,"2000",4.87221799922849,"IV"
331,"2000",4.77643330297434,"IV"
332,"2000",3.75652165479788,"IV"
333,"2000",3.35710302604846,"IV"
334,"2000",4.05815761455065,"IV"
335,"2000",4.12068384974767,"IV"
336,"2000",4.79147270922842,"IV"
337,"2000",3.25956503264421,"IV"
338,"2000",3.9927181577765,"IV"
339,"2000",3.65242665515769,"IV"
340,"2000",3.13094213852981,"IV"
341,"2000",5.63152377010569,"IV"
342,"2000",4.29626255789471,"IV"
343,"2000",4.49244216666976,"IV"
344,"2000",3.38930553216404,"IV"
345,"2000",4.77084739682526,"IV"
346,"2000",3.83877752350848,"IV"
347,"2000",3.48623827049527,"IV"
348,"2000",4.67483955171847,"IV"
349,"2000",4.07020673924511,"IV"
350,"2000",4.2426843443338,"IV"
351,"2000",4.6556061940387,"IV"
352,"2000",5.652170251323,"IV"
353,"2000",4.60699778897432,"IV"
354,"2000",4.69413100145873,"IV"
355,"2000",4.22910280086437,"IV"
356,"2000",3.78051910135113,"IV"
357,"2000",4.13673659801025,"IV"
358,"2000",3.8935009417372,"IV"
359,"2000",3.68947431650666,"IV"
360,"2000",3.86761796971834,"IV"
361,"2000",4.29387562880488,"IV"
362,"2000",4.95484977993013,"IV"
363,"2000",4.13300886655168,"IV"
364,"2000",4.0822144763942,"IV"
365,"2000",4.22748915079038,"IV"
366,"2000",4.18893075964121,"IV"
367,"2000",4.28406852919769,"IV"
368,"2000",4.20227070248778,"IV"
369,"2000",3.72883252342475,"IV"
370,"2000",4.5459264305695,"IV"
371,"2000",5.706737786528,"IV"
372,"2000",4.43883320413943,"IV"
373,"2000",3.93836831789949,"IV"
374,"2000",5.07867477246196,"IV"
375,"2000",4.26764430838188,"IV"
376,"2000",4.48418749018864,"IV"
377,"2000",4.30630591605701,"IV"
378,"2000",3.49950588076477,"IV"
379,"2000",3.47185138635815,"IV"
380,"2000",5.33976429580994,"IV"
381,"2000",4.20334617457754,"IV"
382,"2000",3.70157700568084,"IV"
383,"2000",7.11062833467435,"IV"
384,"2000",4.45206514087379,"IV"
385,"2000",3.65232116840414,"IV"
386,"2000",5.77843125984471,"IV"
387,"2000",4.76796861128746,"IV"
388,"2000",3.63109497745121,"IV"
389,"2000",3.92715849317078,"IV"
390,"2000",3.82923220649968,"IV"
391,"2000",4.96231664556977,"IV"
392,"2000",4.24002672885202,"IV"
393,"2000",5.18882338084724,"IV"
394,"2000",3.36439340099193,"IV"
395,"2000",3.81267796788556,"IV"
396,"2000",5.96526850726843,"IV"
397,"2000",4.71153461308161,"IV"
398,"2000",4.32219905631551,"IV"
399,"2000",3.84799121715339,"IV"
400,"2000",7.43016234520772,"IV"
401,"2000",4.18934172679369,"IV"
402,"2000",3.41877557327168,"IV"
403,"2000",4.72435319518667,"IV"
404,"2000",5.0058745302802,"IV"
405,"2000",4.17810696466707,"IV"
406,"2000",4.38546870465519,"IV"
407,"2000",4.10241952238018,"IV"
408,"2000",4.27688174860054,"IV"
409,"2000",3.73709022196591,"IV"
410,"2000",3.89950277847099,"IV"
411,"2000",3.78402272232603,"IV"
412,"2000",3.44436298844882,"IV"
413,"2000",4.7953278939163,"IV"
414,"2000",4.35883487090981,"IV"
415,"2000",4.50005747536837,"IV"
416,"2000",4.57739897442077,"IV"
417,"2000",4.5828673729356,"IV"
418,"2000",4.11130658653461,"IV"
419,"2000",4.02553491841705,"IV"
420,"2000",5.43483817347514,"IV"
421,"2000",3.79499019576431,"IV"
422,"2000",5.98301184439291,"IV"
423,"2000",3.04555160369808,"IV"
424,"2000",3.54048740715707,"IV"
425,"2000",4.10388034452227,"IV"
426,"2000",4.37193024282693,"IV"
427,"2000",6.03467565430065,"IV"
428,"2000",4.01612607573123,"IV"
429,"2000",7.41750799016496,"IV"
430,"2000",4.05591432739045,"IV"
431,"2000",4.81760661480298,"IV"
432,"2000",3.63486952958282,"IV"
433,"2000",4.02513608257086,"IV"
434,"2000",4.00105225165815,"IV"
435,"2000",4.0465599954509,"IV"
436,"2000",4.20746872656998,"IV"
437,"2000",3.55872755619276,"IV"
438,"2000",4.51112886768247,"IV"
439,"2000",4.03853434899775,"IV"
440,"2000",3.27027456309651,"IV"
441,"2000",5.0237788629873,"IV"
442,"2000",4.89776193537034,"IV"
443,"2000",4.38091205712975,"IV"
444,"2000",4.33471681748821,"IV"
445,"2000",3.61058208302133,"IV"
446,"2000",4.43624088999904,"IV"
447,"2000",3.89772051598002,"IV"
448,"2000",4.29665979131824,"IV"
449,"2000",3.34724947439238,"IV"
450,"2000",3.88157381949596,"IV"
451,"2000",4.22244983532726,"IV"
452,"2000",3.83594024865866,"IV"
453,"2000",3.69854689530084,"IV"
454,"2000",3.69199411999993,"IV"
455,"2000",4.04569980633076,"IV"
456,"2000",4.79499446939622,"IV"
457,"2000",4.4658897628636,"IV"
458,"2000",4.86249148255782,"IV"
459,"2000",4.25395539413262,"IV"
460,"2000",4.58694114966869,"IV"
461,"2000",4.67600277894975,"IV"
462,"2000",5.98414297532012,"IV"
463,"2000",5.86693193060995,"IV"
464,"2000",3.72947102251843,"IV"
465,"2000",4.08537741062776,"IV"
466,"2000",4.63876168144828,"IV"
467,"2000",3.30653402366758,"IV"
468,"2000",3.57238913976781,"IV"
469,"2000",6.06505660279749,"IV"
470,"2000",3.64810771937923,"IV"
471,"2000",4.21948976870449,"IV"
472,"2000",4.95115698125692,"IV"
473,"2000",3.70105094893308,"IV"
474,"2000",3.533545909402,"IV"
475,"2000",3.59305763837869,"IV"
476,"2000",3.76977893638985,"IV"
477,"2000",3.90281730617014,"IV"
478,"2000",5.14705341877666,"IV"
479,"2000",4.01343819042293,"IV"
480,"2000",5.99952696904128,"IV"
481,"2000",7.51481271508093,"IV"
482,"2000",4.87731575036442,"IV"
483,"2000",3.66712752683827,"IV"
484,"2000",4.75792825427227,"IV"
485,"2000",3.33294303124223,"IV"
486,"2000",4.01708758930743,"IV"
487,"2000",4.7320792661709,"IV"
488,"2000",4.57272583265241,"IV"
489,"2000",5.82653181666108,"IV"
490,"2000",4.33825705408323,"IV"
491,"2000",5.07166532917135,"IV"
492,"2000",3.99108092685215,"IV"
493,"2000",3.9778406875848,"IV"
494,"2000",4.75514089346323,"IV"
495,"2000",4.18856544612445,"IV"
496,"2000",4.01692806601898,"IV"
497,"2000",3.88590554128002,"IV"
498,"2000",5.79473417335906,"IV"
499,"2000",4.49370853849577,"IV"
500,"2000",5.91758781920621,"IV"
501,"2000",4.00501048290752,"IV"
502,"2000",3.6654731397835,"IV"
503,"2000",4.03096212464707,"IV"
504,"2000",4.08114728348912,"IV"
505,"2000",4.58952576304268,"IV"
506,"2000",4.90497954545263,"IV"
507,"2000",3.85652637970852,"IV"
508,"2000",4.67787977420791,"IV"
509,"2000",3.51634262940354,"IV"
510,"2000",3.74679636206592,"IV"
511,"2000",3.9965314574208,"IV"
512,"2000",4.36984793444535,"IV"
513,"2000",3.86529320160978,"IV"
514,"2000",4.14977644679375,"IV"
515,"2000",5.4247258004642,"IV"
516,"2000",4.66757222355523,"IV"
517,"2000",5.62250063106099,"IV"
518,"2000",3.71506701782345,"IV"
519,"2000",3.57336392854229,"IV"
520,"2000",3.67203594396354,"IV"
521,"2000",4.14893543331869,"IV"
522,"2000",3.81252922952759,"IV"
523,"2000",4.47846064103866,"IV"
524,"2000",4.88461352739753,"IV"
525,"2000",3.91052501342223,"IV"
526,"2000",4.21641597472284,"IV"
527,"2000",3.82269443376516,"IV"
528,"2000",4.18858733878644,"IV"
529,"2000",4.19447398698851,"IV"
530,"2000",5.09829124454035,"IV"
531,"2000",4.25679553080286,"IV"
532,"2000",4.07640878914095,"IV"
533,"2000",3.10658597349395,"IV"
534,"2000",3.8574485062349,"IV"
535,"2000",4.18299068628624,"IV"
536,"2000",4.39446550155722,"IV"
537,"2000",6.82199643601181,"IV"
538,"2000",3.9779386501753,"IV"
539,"2000",5.3259443131702,"IV"
540,"2000",4.71807012775544,"IV"
541,"2000",5.01977275605734,"IV"
542,"2000",4.80813330102685,"IV"
543,"2000",3.53409115356941,"IV"
544,"2000",3.45420789029461,"IV"
545,"2000",5.88408591263829,"IV"
546,"2000",3.63198358870456,"IV"
547,"2000",4.76514865753044,"IV"
548,"2000",3.94021811103678,"IV"
549,"2000",3.79753621958677,"IV"
550,"2000",4.06196131499183,"IV"
551,"2000",4.62371970842456,"IV"
552,"2000",4.51182344230953,"IV"
553,"2000",3.38604482437014,"IV"
554,"2000",3.72222839536057,"IV"
555,"2000",3.74032242059884,"IV"
556,"2000",3.72231622787026,"IV"
557,"2000",5.01078661018964,"IV"
558,"2000",3.75606844202997,"IV"
559,"2000",3.28809556415181,"IV"
560,"2000",4.46252699548695,"IV"
561,"2000",3.78709445221315,"IV"
562,"2000",4.12702177052123,"IV"
563,"2000",3.88942728925923,"IV"
564,"2000",3.74260007468315,"IV"
565,"2000",3.36104566363082,"IV"
566,"2000",6.47297323810679,"IV"
567,"2000",3.72401881958541,"IV"
568,"2000",3.2756885974904,"IV"
569,"2000",4.52115064702903,"IV"
570,"2000",5.12165381099453,"IV"
571,"2000",4.06529128375388,"IV"
572,"2000",3.6024433379383,"IV"
573,"2000",3.8626491445746,"IV"
574,"2000",5.43272106757328,"IV"
575,"2000",4.13833409902018,"IV"
576,"2000",4.1277993772079,"IV"
577,"2000",3.91708378216186,"IV"
578,"2000",4.0521734354768,"IV"
579,"2000",5.03965900934442,"IV"
580,"2000",4.41203091865296,"IV"
581,"2000",4.5557181082781,"IV"
582,"2000",5.69267395584154,"IV"
583,"2000",5.53464719459877,"IV"
584,"2000",2.63999999999957,"IV"
585,"2000",3.94626971346264,"IV"
586,"2000",6.78313992712282,"IV"
587,"2000",4.06913827347135,"IV"
588,"2000",6.09767215450678,"IV"
589,"2000",3.75580686107317,"IV"
590,"2000",5.261965755754,"IV"
591,"2000",4.03860238217406,"IV"
592,"2000",4.11630755975572,"IV"
593,"2000",4.46114778387951,"IV"
594,"2000",3.95787036105665,"IV"
595,"2000",4.54042035058826,"IV"
596,"2000",3.92884126675099,"IV"
597,"2000",6.57070245161457,"IV"
598,"2000",3.64423564761832,"IV"
599,"2000",4.51852349990557,"IV"
600,"2000",3.90729159370422,"IV"
601,"2000",6.64832313178179,"IV"
602,"2000",3.39363764505814,"IV"
603,"2000",5.25931713608866,"IV"
604,"2000",4.01639838361918,"IV"
605,"2000",4.9504606224375,"IV"
606,"2000",3.2592372104841,"IV"
607,"2000",5.35786101316199,"IV"
608,"2000",4.23881320424879,"IV"
609,"2000",5.17703871903941,"IV"
610,"2000",3.42764455700015,"IV"
611,"2000",4.75814275381843,"IV"
612,"2000",4.29427899114613,"IV"
613,"2000",3.80649756261564,"IV"
614,"2000",4.47716118918735,"IV"
615,"2000",4.12785373529664,"IV"
616,"2000",7.87042321633105,"IV"
617,"2000",3.35055023353994,"IV"
618,"2000",3.24177428055207,"IV"
619,"2000",4.19059835893888,"IV"
620,"2000",5.77988745413093,"IV"
621,"2000",3.10959746391987,"IV"
622,"2000",3.62451829971807,"IV"
623,"2000",5.34112949033247,"IV"
624,"2000",3.90984242563929,"IV"
625,"2000",4.8558715699483,"IV"
626,"2000",4.56345595448638,"IV"
627,"2000",4.80455410626124,"IV"
628,"2000",4.24420134893837,"IV"
629,"2000",3.56420115691884,"IV"
630,"2000",3.62560880140764,"IV"
631,"2000",3.78257294635503,"IV"
632,"2000",3.25152634376494,"IV"
633,"2000",4.47410754150029,"IV"
634,"2000",4.34432394855667,"IV"
635,"2000",3.86041060952447,"IV"
636,"2000",5.67181378962098,"IV"
637,"2000",3.38716381907683,"IV"
638,"2000",5.18562507088496,"IV"
639,"2000",4.20469437472372,"IV"
640,"2000",4.47726636924607,"IV"
641,"2000",5.10541783025054,"IV"
642,"2000",4.14099458973601,"IV"
643,"2000",4.81549993521661,"IV"
644,"2000",4.38788376416026,"IV"
645,"2000",3.84622592374796,"IV"
646,"2000",3.73421584767396,"IV"
647,"2000",4.00263823783283,"IV"
648,"2000",3.76326444440198,"IV"
649,"2000",6.32188160995244,"IV"
650,"2000",5.99381942732403,"IV"
651,"2000",3.47670458898887,"IV"
652,"2000",4.55560649751408,"IV"
653,"2000",5.4317586751561,"IV"
654,"2000",4.64540723086831,"IV"
655,"2000",4.5362244359406,"IV"
656,"2000",4.66522658703098,"IV"
657,"2000",9.1880470154484,"IV"
658,"2000",4.46694052121788,"IV"
659,"2000",4.24956866486473,"IV"
660,"2000",4.54290753314572,"IV"
661,"2000",3.5843725311062,"IV"
662,"2000",3.85718454162126,"IV"
663,"2000",4.52243630619326,"IV"
664,"2000",4.38843453925701,"IV"
665,"2000",3.01068770368398,"IV"
666,"2000",5.32501961300085,"IV"
667,"2000",4.90268702947728,"IV"
668,"2000",3.79166214984838,"IV"
669,"2000",4.61531790600132,"IV"
670,"2000",4.38843918114957,"IV"
671,"2000",4.14249510434186,"IV"
672,"2000",4.30859898108473,"IV"
673,"2000",5.22137025466216,"IV"
674,"2000",4.96723508030258,"IV"
675,"2000",3.63479750766125,"IV"
676,"2000",4.3297039618515,"IV"
677,"2000",4.74821318760826,"IV"
678,"2000",5.67025351618656,"IV"
679,"2000",5.14614637046492,"IV"
680,"2000",4.60539717713856,"IV"
681,"2000",4.85718138868858,"IV"
682,"2000",4.01787020462088,"IV"
683,"2000",5.36728551418312,"IV"
684,"2000",3.77227958111915,"IV"
685,"2000",4.01751468591495,"IV"
686,"2000",4.1187730775048,"IV"
687,"2000",5.66004461132527,"IV"
688,"2000",4.30349335594031,"IV"
689,"2000",3.89224700642836,"IV"
690,"2000",4.48483928098059,"IV"
691,"2000",4.79549147735497,"IV"
692,"2000",4.95833970910375,"IV"
693,"2000",5.1714173334621,"IV"
694,"2000",4.71208094825095,"IV"
695,"2000",4.87545974693725,"IV"
696,"2000",4.30090844395763,"IV"
697,"2000",3.72733879815072,"IV"
698,"2000",4.0453959673405,"IV"
699,"2000",4.2046817138601,"IV"
700,"2000",5.18595449967464,"IV"
701,"2000",3.85886228088558,"IV"
702,"2000",3.79911890117707,"IV"
703,"2000",3.59842464616324,"IV"
704,"2000",3.8525971497395,"IV"
705,"2000",4.27398996271142,"IV"
706,"2000",4.59981870974642,"IV"
707,"2000",4.38638124504982,"IV"
708,"2000",5.77596735494301,"IV"
709,"2000",4.10249365978214,"IV"
710,"2000",3.93856619099978,"IV"
711,"2000",4.80905120420147,"IV"
712,"2000",5.19017822311849,"IV"
713,"2000",4.27656017204986,"IV"
714,"2000",3.75977114382757,"IV"
715,"2000",4.28311908955244,"IV"
716,"2000",4.41806466344432,"IV"
717,"2000",4.55463146037103,"IV"
718,"2000",4.9354328640362,"IV"
719,"2000",3.75326928005342,"IV"
720,"2000",4.59823166865921,"IV"
721,"2000",4.90453374631676,"IV"
722,"2000",4.12569810454222,"IV"
723,"2000",4.26907841545496,"IV"
724,"2000",3.65506806847547,"IV"
725,"2000",3.94810997195005,"IV"
726,"2000",4.07379722965236,"IV"
727,"2000",4.81056445293659,"IV"
728,"2000",4.02673664493402,"IV"
729,"2000",3.66868968161167,"IV"
730,"2000",3.38681465826113,"IV"
731,"2000",4.44997172148586,"IV"
732,"2000",4.18708291901691,"IV"
733,"2000",3.68002085597965,"IV"
734,"2000",5.21907798122556,"IV"
735,"2000",4.98165424844613,"IV"
736,"2000",7.36156379536208,"IV"
737,"2000",3.43643483577467,"IV"
738,"2000",4.08006659775881,"IV"
739,"2000",4.02369543622161,"IV"
740,"2000",4.93052798783361,"IV"
741,"2000",4.25274445431397,"IV"
742,"2000",3.69955668815974,"IV"
743,"2000",3.88879881213472,"IV"
744,"2000",3.94705955932117,"IV"
745,"2000",3.94870774852771,"IV"
746,"2000",3.85741969598493,"IV"
747,"2000",4.55212221243059,"IV"
748,"2000",3.7258717047068,"IV"
749,"2000",3.4681628955855,"IV"
750,"2000",4.56291627287315,"IV"
751,"2000",4.49348457057743,"IV"
752,"2000",3.87911364096465,"IV"
753,"2000",5.99854001033356,"IV"
754,"2000",3.6288827162481,"IV"
755,"2000",4.30415714190171,"IV"
756,"2000",3.92107194576481,"IV"
757,"2000",3.51978317963958,"IV"
758,"2000",5.27165950014785,"IV"
759,"2000",4.80329092713913,"IV"
760,"2000",9.16765848254452,"IV"
761,"2000",4.66874394412496,"IV"
762,"2000",3.74180659465954,"IV"
763,"2000",4.26256124958269,"IV"
764,"2000",5.3788757424439,"IV"
765,"2000",5.10196447981613,"IV"
766,"2000",4.52481204202768,"IV"
767,"2000",4.77316441677551,"IV"
768,"2000",4.64627488656753,"IV"
769,"2000",3.63884071729046,"IV"
770,"2000",5.15377915497677,"IV"
771,"2000",5.32973087207428,"IV"
772,"2000",4.1567030006584,"IV"
773,"2000",3.88036889225171,"IV"
774,"2000",4.30306355710125,"IV"
775,"2000",4.10019838889925,"IV"
776,"2000",4.33442368228967,"IV"
777,"2000",5.05066323639316,"IV"
778,"2000",3.46803681798449,"IV"
779,"2000",4.06580170831534,"IV"
780,"2000",5.94135769942765,"IV"
781,"2000",4.32676912395043,"IV"
782,"2000",3.77538967557673,"IV"
783,"2000",4.41285874132984,"IV"
784,"2000",5.84499686224575,"IV"
785,"2000",3.98178714225438,"IV"
786,"2000",6.07775240489445,"IV"
787,"2000",3.81589888047156,"IV"
788,"2000",3.86406253470184,"IV"
789,"2000",4.89921117428262,"IV"
790,"2000",4.02252679769305,"IV"
791,"2000",3.43903135020563,"IV"
792,"2000",3.7067316955466,"IV"
793,"2000",4.64357273457397,"IV"
794,"2000",4.41396009629207,"IV"
795,"2000",3.68463932967568,"IV"
796,"2000",3.32721557633979,"IV"
797,"2000",3.68945055583915,"IV"
798,"2000",4.78723899566879,"IV"
799,"2000",4.29658404467,"IV"
800,"2000",4.16949150935369,"IV"
801,"2000",4.08983956609054,"IV"
802,"2000",5.67289786517916,"IV"
803,"2000",3.83538179956901,"IV"
804,"2000",3.43361136831282,"IV"
805,"2000",5.2464382617957,"IV"
806,"2000",3.99908421962905,"IV"
807,"2000",4.91169369533525,"IV"
808,"2000",4.07581945057766,"IV"
809,"2000",4.44692321649267,"IV"
810,"2000",5.90715330039927,"IV"
811,"2000",6.60715529445502,"IV"
812,"2000",5.0821966343592,"IV"
813,"2000",3.47426436095943,"IV"
814,"2000",3.82053194810008,"IV"
815,"2000",3.33787447191692,"IV"
816,"2000",3.44465086849819,"IV"
817,"2000",4.74410881627474,"IV"
818,"2000",4.26427977815587,"IV"
819,"2000",4.32222852849751,"IV"
820,"2000",4.72784322534339,"IV"
821,"2000",4.47862572942596,"IV"
822,"2000",3.94252299706251,"IV"
823,"2000",4.18051508892408,"IV"
824,"2000",4.7249143225239,"IV"
825,"2000",4.84889758876511,"IV"
826,"2000",6.41717228551544,"IV"
827,"2000",5.69505051966127,"IV"
828,"2000",4.18016537792288,"IV"
829,"2000",5.02760642873997,"IV"
830,"2000",4.74577789319228,"IV"
831,"2000",4.38722247356772,"IV"
832,"2000",3.80468317263227,"IV"
833,"2000",4.65739894053413,"IV"
834,"2000",4.19873651709697,"IV"
835,"2000",4.53128047083194,"IV"
836,"2000",3.96133588307581,"IV"
837,"2000",4.13018787042872,"IV"
838,"2000",4.06090360180857,"IV"
839,"2000",3.75566458755424,"IV"
840,"2000",4.21914711202617,"IV"
841,"2000",4.97120493269814,"IV"
842,"2000",3.95898586048855,"IV"
843,"2000",4.10807364549162,"IV"
844,"2000",7.72483108178859,"IV"
845,"2000",3.47207170806757,"IV"
846,"2000",4.48577634275666,"IV"
847,"2000",4.97188544135805,"IV"
848,"2000",4.24430035126684,"IV"
849,"2000",3.84899920138741,"IV"
850,"2000",5.42893706330763,"IV"
851,"2000",3.76050361219602,"IV"
852,"2000",4.39882717486395,"IV"
853,"2000",4.92745452480864,"IV"
854,"2000",4.23208243381981,"IV"
855,"2000",5.04756778136842,"IV"
856,"2000",4.16997865250398,"IV"
857,"2000",4.50241500132799,"IV"
858,"2000",3.89626386313842,"IV"
859,"2000",3.32577747967448,"IV"
860,"2000",4.46444867824184,"IV"
861,"2000",3.73500162038649,"IV"
862,"2000",3.41915030134557,"IV"
863,"2000",3.68372269897535,"IV"
864,"2000",3.56096235043232,"IV"
865,"2000",4.10260200956311,"IV"
866,"2000",3.99803214987279,"IV"
867,"2000",5.04493863796235,"IV"
868,"2000",4.68167507967067,"IV"
869,"2000",4.1639885631393,"IV"
870,"2000",4.54452881161288,"IV"
871,"2000",4.29082484797955,"IV"
872,"2000",3.56680348917021,"IV"
873,"2000",3.68703696771057,"IV"
874,"2000",4.0230595494981,"IV"
875,"2000",3.57992454093285,"IV"
876,"2000",4.18287411570101,"IV"
877,"2000",4.23983288144884,"IV"
878,"2000",3.70659170524794,"IV"
879,"2000",4.802024865144,"IV"
880,"2000",5.04155248242384,"IV"
881,"2000",4.6481798896525,"IV"
882,"2000",4.6430374406496,"IV"
883,"2000",5.51413597882004,"IV"
884,"2000",4.06743306504238,"IV"
885,"2000",3.8643396374507,"IV"
886,"2000",3.36758732007629,"IV"
887,"2000",3.13191832780444,"IV"
888,"2000",4.72644789498042,"IV"
889,"2000",5.04017091801567,"IV"
890,"2000",3.37919612434201,"IV"
891,"2000",3.83035608120474,"IV"
892,"2000",3.72864657191031,"IV"
893,"2000",3.49192696288305,"IV"
894,"2000",5.06513635776766,"IV"
895,"2000",5.03398492487479,"IV"
896,"2000",4.94271241953872,"IV"
897,"2000",4.94389797369947,"IV"
898,"2000",4.45598817951367,"IV"
899,"2000",4.08382687419397,"IV"
900,"2000",3.75271061132695,"IV"
901,"2000",5.84913823338005,"IV"
902,"2000",4.04786388900002,"IV"
903,"2000",3.92904422885667,"IV"
904,"2000",5.27099849835876,"IV"
905,"2000",3.97244128644528,"IV"
906,"2000",3.76922531365862,"IV"
907,"2000",4.04301914613362,"IV"
908,"2000",3.37307851383874,"IV"
909,"2000",3.6153249158806,"IV"
910,"2000",5.54884694323097,"IV"
911,"2000",4.08518831449905,"IV"
912,"2000",3.92651486866581,"IV"
913,"2000",3.53013310892674,"IV"
914,"2000",4.44070258975588,"IV"
915,"2000",3.98710436355605,"IV"
916,"2000",4.53586297894718,"IV"
917,"2000",4.2367113310945,"IV"
918,"2000",4.53392674234042,"IV"
919,"2000",3.85760597445613,"IV"
920,"2000",4.62847785892535,"IV"
921,"2000",4.23155439461832,"IV"
922,"2000",5.68895128236593,"IV"
923,"2000",3.54594487951609,"IV"
924,"2000",7.22809718812699,"IV"
925,"2000",3.83022134864915,"IV"
926,"2000",3.77608171006424,"IV"
927,"2000",3.31664779379421,"IV"
928,"2000",4.20770655624616,"IV"
929,"2000",3.56760837607167,"IV"
930,"2000",4.0440787812405,"IV"
931,"2000",4.09953605776818,"IV"
932,"2000",4.4108254424244,"IV"
933,"2000",4.05494004463335,"IV"
934,"2000",4.1871925416929,"IV"
935,"2000",5.14865830767834,"IV"
936,"2000",4.37603349241783,"IV"
937,"2000",4.43992928662446,"IV"
938,"2000",4.07241668654555,"IV"
939,"2000",5.63670518695671,"IV"
940,"2000",3.40865179418605,"IV"
941,"2000",3.8521752791481,"IV"
942,"2000",3.50608825807821,"IV"
943,"2000",4.61938995620064,"IV"
944,"2000",4.23903768476721,"IV"
945,"2000",4.15736790999837,"IV"
946,"2000",4.99602096306935,"IV"
947,"2000",4.87243243951653,"IV"
948,"2000",3.97622722939398,"IV"
949,"2000",4.87935108720281,"IV"
950,"2000",5.701561559064,"IV"
951,"2000",6.00670508361461,"IV"
952,"2000",5.16279123725078,"IV"
953,"2000",4.13967796478101,"IV"
954,"2000",4.23193093250853,"IV"
955,"2000",4.67344748373272,"IV"
956,"2000",3.51844676152064,"IV"
957,"2000",4.49753346884194,"IV"
958,"2000",5.94590016610157,"IV"
959,"2000",4.04404196646173,"IV"
960,"2000",4.6780453773395,"IV"
961,"2000",5.16075214165668,"IV"
962,"2000",4.42741576715853,"IV"
963,"2000",5.45802655785195,"IV"
964,"2000",4.69768351755092,"IV"
965,"2000",4.80910692806445,"IV"
966,"2000",4.60920156298949,"IV"
967,"2000",6.18929096816713,"IV"
968,"2000",4.61952449938657,"IV"
969,"2000",5.66118316660175,"IV"
970,"2000",3.91663166507057,"IV"
971,"2000",4.63781982527596,"IV"
972,"2000",4.45706560118621,"IV"
973,"2000",4.01926924595913,"IV"
974,"2000",4.17682557174214,"IV"
975,"2000",3.26104690810717,"IV"
976,"2000",4.97451260851877,"IV"
977,"2000",5.22317826765794,"IV"
978,"2000",4.20637843306643,"IV"
979,"2000",4.65510936526344,"IV"
980,"2000",4.45142259672806,"IV"
981,"2000",4.13440346024575,"IV"
982,"2000",4.67672059743943,"IV"
983,"2000",4.23471415387582,"IV"
984,"2000",4.9695619254406,"IV"
985,"2000",4.9218245049224,"IV"
986,"2000",4.28052492746797,"IV"
987,"2000",4.94452757009912,"IV"
988,"2000",4.10131277995918,"IV"
989,"2000",5.30093103248198,"IV"
990,"2000",4.39106093540158,"IV"
991,"2000",5.34341599782726,"IV"
992,"2000",4.23405419071177,"IV"
993,"2000",3.99797780779874,"IV"
994,"2000",3.44884529137027,"IV"
995,"2000",3.35723258774081,"IV"
996,"2000",4.92495305368731,"IV"
997,"2000",6.42121647950892,"IV"
998,"2000",4.50908166655168,"IV"
999,"2000",4.00818638823243,"IV"
1000,"2000",5.26984895581203,"IV"
1,"4000",4.34979992619455,"IV"
2,"4000",4.29143260849924,"IV"
3,"4000",3.93454943250824,"IV"
4,"4000",3.77634366493501,"IV"
5,"4000",4.02303016790424,"IV"
6,"4000",4.65037499111798,"IV"
7,"4000",4.7707352649056,"IV"
8,"4000",4.48707782126976,"IV"
9,"4000",4.89565066016169,"IV"
10,"4000",4.29413292205433,"IV"
11,"4000",5.2197069764178,"IV"
12,"4000",3.70906586506032,"IV"
13,"4000",4.28573661574533,"IV"
14,"4000",4.83668259756871,"IV"
15,"4000",3.47924566196568,"IV"
16,"4000",4.49011058130672,"IV"
17,"4000",3.54450844349526,"IV"
18,"4000",5.29286016720856,"IV"
19,"4000",4.474052861334,"IV"
20,"4000",4.8501771962066,"IV"
21,"4000",3.87144050731224,"IV"
22,"4000",5.46589827434963,"IV"
23,"4000",4.95565799229525,"IV"
24,"4000",3.94839483219987,"IV"
25,"4000",3.89997542389725,"IV"
26,"4000",3.33715263547015,"IV"
27,"4000",4.79271565422097,"IV"
28,"4000",4.25287505712681,"IV"
29,"4000",3.86252025605513,"IV"
30,"4000",3.60291545352987,"IV"
31,"4000",5.20080792261108,"IV"
32,"4000",5.77528942870092,"IV"
33,"4000",3.98205329042992,"IV"
34,"4000",4.34415416909173,"IV"
35,"4000",4.32044120930241,"IV"
36,"4000",5.01020613639982,"IV"
37,"4000",3.75476053176991,"IV"
38,"4000",5.11860721583566,"IV"
39,"4000",3.77452430295408,"IV"
40,"4000",4.43993573419461,"IV"
41,"4000",3.8637102965588,"IV"
42,"4000",4.27090932804672,"IV"
43,"4000",5.53256430692721,"IV"
44,"4000",4.20797903914377,"IV"
45,"4000",3.31083143096703,"IV"
46,"4000",4.23271024002129,"IV"
47,"4000",4.15805496376397,"IV"
48,"4000",4.67309985493497,"IV"
49,"4000",5.13519573801239,"IV"
50,"4000",4.01086749138237,"IV"
51,"4000",3.91278058205827,"IV"
52,"4000",3.69125369899714,"IV"
53,"4000",4.05913019093444,"IV"
54,"4000",4.47751357523414,"IV"
55,"4000",4.39326030752019,"IV"
56,"4000",3.95503374633198,"IV"
57,"4000",4.3898202446434,"IV"
58,"4000",4.57800808132056,"IV"
59,"4000",4.26331060204536,"IV"
60,"4000",3.87985143281238,"IV"
61,"4000",3.79441229327564,"IV"
62,"4000",4.80359913868968,"IV"
63,"4000",4.57665516525904,"IV"
64,"4000",3.95169971414996,"IV"
65,"4000",3.4365274611283,"IV"
66,"4000",4.12172947363887,"IV"
67,"4000",4.86262643403001,"IV"
68,"4000",3.76814557502443,"IV"
69,"4000",5.13676190208848,"IV"
70,"4000",3.74901920289707,"IV"
71,"4000",3.82479285585572,"IV"
72,"4000",4.97083339358154,"IV"
73,"4000",5.1780509418721,"IV"
74,"4000",4.55438897879422,"IV"
75,"4000",3.84666540348289,"IV"
76,"4000",4.38443802922327,"IV"
77,"4000",4.30837149290129,"IV"
78,"4000",4.89878041249232,"IV"
79,"4000",4.71035382097974,"IV"
80,"4000",4.03628604599247,"IV"
81,"4000",5.01363540357224,"IV"
82,"4000",4.10203113422661,"IV"
83,"4000",3.55284439062044,"IV"
84,"4000",4.66318678890636,"IV"
85,"4000",3.81050922310928,"IV"
86,"4000",4.14028480673383,"IV"
87,"4000",4.14508196261236,"IV"
88,"4000",3.70625595298369,"IV"
89,"4000",4.53830883106548,"IV"
90,"4000",4.67512346293664,"IV"
91,"4000",3.62243784021169,"IV"
92,"4000",3.91558460531339,"IV"
93,"4000",4.96258732360655,"IV"
94,"4000",3.8224973465427,"IV"
95,"4000",6.29728532714928,"IV"
96,"4000",4.66451157114738,"IV"
97,"4000",5.50187461529559,"IV"
98,"4000",3.8409632396012,"IV"
99,"4000",3.94730410352451,"IV"
100,"4000",4.13472512525236,"IV"
101,"4000",4.1917225260616,"IV"
102,"4000",3.96296263020738,"IV"
103,"4000",4.25003724862028,"IV"
104,"4000",3.90494195389624,"IV"
105,"4000",4.32312057064246,"IV"
106,"4000",4.08932914870391,"IV"
107,"4000",4.3440331446545,"IV"
108,"4000",4.25938972553954,"IV"
109,"4000",5.4293900923547,"IV"
110,"4000",3.90441776291339,"IV"
111,"4000",4.07909560908933,"IV"
112,"4000",4.1931560026197,"IV"
113,"4000",4.3166444004899,"IV"
114,"4000",5.32837995832712,"IV"
115,"4000",4.14292822479402,"IV"
116,"4000",3.59550695115259,"IV"
117,"4000",4.3766039685023,"IV"
118,"4000",4.44158006873745,"IV"
119,"4000",4.85672733115936,"IV"
120,"4000",4.34595668343897,"IV"
121,"4000",3.91701230818116,"IV"
122,"4000",4.10950981478749,"IV"
123,"4000",4.99831556091484,"IV"
124,"4000",4.07396484464442,"IV"
125,"4000",4.19590949209919,"IV"
126,"4000",4.36873075627119,"IV"
127,"4000",3.58659593195471,"IV"
128,"4000",4.06328321514892,"IV"
129,"4000",4.65509199986983,"IV"
130,"4000",4.81373630038174,"IV"
131,"4000",4.01050125591403,"IV"
132,"4000",4.06063185846255,"IV"
133,"4000",3.56782809096365,"IV"
134,"4000",4.50929807813274,"IV"
135,"4000",4.44296727380951,"IV"
136,"4000",3.51007007366551,"IV"
137,"4000",4.23318553419683,"IV"
138,"4000",6.4485743728285,"IV"
139,"4000",3.5822919182021,"IV"
140,"4000",3.70106045278789,"IV"
141,"4000",4.14950800134207,"IV"
142,"4000",5.09378507511906,"IV"
143,"4000",4.94120301611099,"IV"
144,"4000",5.37591155658498,"IV"
145,"4000",4.18920235803306,"IV"
146,"4000",4.43794411432481,"IV"
147,"4000",3.72666725753509,"IV"
148,"4000",4.07678668716873,"IV"
149,"4000",4.21041457609724,"IV"
150,"4000",4.33379700663088,"IV"
151,"4000",4.15027643613966,"IV"
152,"4000",4.41564665862506,"IV"
153,"4000",4.0682042459384,"IV"
154,"4000",3.69573642061866,"IV"
155,"4000",4.14249884902592,"IV"
156,"4000",4.38066272837288,"IV"
157,"4000",4.69840987175341,"IV"
158,"4000",3.30645032901381,"IV"
159,"4000",3.78435498527042,"IV"
160,"4000",4.94572684605113,"IV"
161,"4000",5.13844031373898,"IV"
162,"4000",4.10224834593237,"IV"
163,"4000",4.48664165338093,"IV"
164,"4000",4.01137086641708,"IV"
165,"4000",3.77526766230908,"IV"
166,"4000",4.58743568764531,"IV"
167,"4000",3.52989781889188,"IV"
168,"4000",4.86073344651464,"IV"
169,"4000",4.26687554746376,"IV"
170,"4000",4.30744209321666,"IV"
171,"4000",3.84454847073935,"IV"
172,"4000",4.25468110087895,"IV"
173,"4000",3.45871448695447,"IV"
174,"4000",3.81386247855583,"IV"
175,"4000",3.91607176842113,"IV"
176,"4000",3.95862571491512,"IV"
177,"4000",4.52021081710478,"IV"
178,"4000",3.54970309167635,"IV"
179,"4000",3.90583870368555,"IV"
180,"4000",4.13567107981887,"IV"
181,"4000",4.85199461290985,"IV"
182,"4000",3.68547594262983,"IV"
183,"4000",4.94579910711681,"IV"
184,"4000",4.05324709755848,"IV"
185,"4000",4.22159116867872,"IV"
186,"4000",4.08617935840868,"IV"
187,"4000",4.36225577709063,"IV"
188,"4000",4.51513991205902,"IV"
189,"4000",3.60665459839886,"IV"
190,"4000",4.16194554386861,"IV"
191,"4000",3.94047047016149,"IV"
192,"4000",4.15466233357374,"IV"
193,"4000",3.78320441595979,"IV"
194,"4000",5.05744796443903,"IV"
195,"4000",3.9710559524083,"IV"
196,"4000",3.23414900169868,"IV"
197,"4000",4.18210125170149,"IV"
198,"4000",4.1487125577046,"IV"
199,"4000",3.75256006801137,"IV"
200,"4000",5.1307555211775,"IV"
201,"4000",4.12326258706457,"IV"
202,"4000",4.25059149150387,"IV"
203,"4000",4.68212463693019,"IV"
204,"4000",4.41658156103403,"IV"
205,"4000",4.12706541573399,"IV"
206,"4000",4.24464291518092,"IV"
207,"4000",4.82993587138547,"IV"
208,"4000",4.04641082461634,"IV"
209,"4000",3.73991296485075,"IV"
210,"4000",4.56664339212001,"IV"
211,"4000",3.76772061557247,"IV"
212,"4000",4.48269237736503,"IV"
213,"4000",3.45937743083783,"IV"
214,"4000",4.33489922169456,"IV"
215,"4000",4.35776444890496,"IV"
216,"4000",4.42468859421993,"IV"
217,"4000",3.64039995665429,"IV"
218,"4000",3.74528354717308,"IV"
219,"4000",3.16850504529464,"IV"
220,"4000",3.99745469204474,"IV"
221,"4000",4.23777274240282,"IV"
222,"4000",4.38934642699371,"IV"
223,"4000",3.98820166470866,"IV"
224,"4000",3.96983644497554,"IV"
225,"4000",4.67627849381586,"IV"
226,"4000",4.72037972298344,"IV"
227,"4000",3.89254118953023,"IV"
228,"4000",4.49545879544362,"IV"
229,"4000",3.7866207032033,"IV"
230,"4000",3.97855437475138,"IV"
231,"4000",3.94403934342371,"IV"
232,"4000",4.22470463429836,"IV"
233,"4000",4.41209188335077,"IV"
234,"4000",4.87046245301903,"IV"
235,"4000",3.96967110426804,"IV"
236,"4000",4.69723707857058,"IV"
237,"4000",4.13066389946259,"IV"
238,"4000",4.35948131815803,"IV"
239,"4000",4.16447157762449,"IV"
240,"4000",4.46361069938951,"IV"
241,"4000",3.49121164935929,"IV"
242,"4000",3.86792849566754,"IV"
243,"4000",4.23790233739459,"IV"
244,"4000",4.15876730315924,"IV"
245,"4000",5.12417137222975,"IV"
246,"4000",4.20741742775775,"IV"
247,"4000",3.75223362169942,"IV"
248,"4000",3.94028842174367,"IV"
249,"4000",4.46000146107506,"IV"
250,"4000",3.50000056019643,"IV"
251,"4000",3.93329427713158,"IV"
252,"4000",3.41310745797396,"IV"
253,"4000",4.67338963720978,"IV"
254,"4000",4.56929015586731,"IV"
255,"4000",3.80134821861852,"IV"
256,"4000",4.85047197461237,"IV"
257,"4000",4.70000603946767,"IV"
258,"4000",3.84235110101913,"IV"
259,"4000",6.76447254949009,"IV"
260,"4000",4.91898557456583,"IV"
261,"4000",4.30202211444185,"IV"
262,"4000",4.24730477937061,"IV"
263,"4000",3.818789854144,"IV"
264,"4000",3.67107384919488,"IV"
265,"4000",3.43329204529807,"IV"
266,"4000",4.16315582755101,"IV"
267,"4000",4.50169441266696,"IV"
268,"4000",4.84293287995287,"IV"
269,"4000",3.7745755716885,"IV"
270,"4000",3.95838398911838,"IV"
271,"4000",4.15907347045227,"IV"
272,"4000",3.88611274251731,"IV"
273,"4000",4.09842395779769,"IV"
274,"4000",4.32275739046286,"IV"
275,"4000",4.19007850738145,"IV"
276,"4000",3.72119290173786,"IV"
277,"4000",4.97267785430669,"IV"
278,"4000",3.68606184614484,"IV"
279,"4000",3.83863023400046,"IV"
280,"4000",4.14933285750187,"IV"
281,"4000",3.5568766495348,"IV"
282,"4000",3.87539683157963,"IV"
283,"4000",4.11404858954333,"IV"
284,"4000",4.23874460649998,"IV"
285,"4000",4.54146300328264,"IV"
286,"4000",5.23849179515353,"IV"
287,"4000",4.09309333212268,"IV"
288,"4000",3.77591198484667,"IV"
289,"4000",5.0718289634167,"IV"
290,"4000",4.55740032345303,"IV"
291,"4000",4.60435015727742,"IV"
292,"4000",3.95946525326063,"IV"
293,"4000",4.5613825868536,"IV"
294,"4000",4.11633870293281,"IV"
295,"4000",3.73977893059815,"IV"
296,"4000",4.29517481026371,"IV"
297,"4000",3.98835919502579,"IV"
298,"4000",4.25337146307985,"IV"
299,"4000",4.55211492402531,"IV"
300,"4000",4.3590876757732,"IV"
301,"4000",4.39104036947483,"IV"
302,"4000",3.41569278023287,"IV"
303,"4000",3.49821798530402,"IV"
304,"4000",4.3773800683161,"IV"
305,"4000",3.83798483391241,"IV"
306,"4000",6.0237354398691,"IV"
307,"4000",4.21110896125213,"IV"
308,"4000",4.54214486240374,"IV"
309,"4000",4.11561305146375,"IV"
310,"4000",4.47715249264459,"IV"
311,"4000",4.06883364532266,"IV"
312,"4000",4.34244443961778,"IV"
313,"4000",3.50695403731692,"IV"
314,"4000",4.01696700468811,"IV"
315,"4000",4.42627272473166,"IV"
316,"4000",4.26983879802067,"IV"
317,"4000",4.82870428735575,"IV"
318,"4000",4.25348629869077,"IV"
319,"4000",5.2734551516484,"IV"
320,"4000",3.86335968814479,"IV"
321,"4000",4.92166765743843,"IV"
322,"4000",3.84664197460996,"IV"
323,"4000",3.84370179110727,"IV"
324,"4000",4.16469990242307,"IV"
325,"4000",4.42274099920358,"IV"
326,"4000",3.88884489099603,"IV"
327,"4000",4.30917483246945,"IV"
328,"4000",4.96242527927579,"IV"
329,"4000",4.50862600143998,"IV"
330,"4000",4.53938334271933,"IV"
331,"4000",4.64662479426784,"IV"
332,"4000",4.4489599704549,"IV"
333,"4000",4.44994287543212,"IV"
334,"4000",5.26219575011371,"IV"
335,"4000",4.75308761793724,"IV"
336,"4000",5.77416098533985,"IV"
337,"4000",4.49094175162744,"IV"
338,"4000",4.05117108357577,"IV"
339,"4000",3.55416647609704,"IV"
340,"4000",4.64307895973371,"IV"
341,"4000",3.90823333899942,"IV"
342,"4000",4.21385384891883,"IV"
343,"4000",4.31198635975014,"IV"
344,"4000",4.20942630515122,"IV"
345,"4000",3.90790236614487,"IV"
346,"4000",4.27237143155524,"IV"
347,"4000",3.80577932211077,"IV"
348,"4000",4.05279537879813,"IV"
349,"4000",3.35092288603051,"IV"
350,"4000",4.24751780834964,"IV"
351,"4000",3.86636277927788,"IV"
352,"4000",4.1396139853307,"IV"
353,"4000",4.22708494654852,"IV"
354,"4000",6.51378597066632,"IV"
355,"4000",3.75081689495969,"IV"
356,"4000",4.39149698462465,"IV"
357,"4000",6.06390709721663,"IV"
358,"4000",5.33273433261746,"IV"
359,"4000",4.05268796303252,"IV"
360,"4000",4.05208768254929,"IV"
361,"4000",4.5024344696788,"IV"
362,"4000",4.84345565013451,"IV"
363,"4000",4.88462735725877,"IV"
364,"4000",4.19067111213798,"IV"
365,"4000",4.41685648436682,"IV"
366,"4000",3.82869464222172,"IV"
367,"4000",3.9575564213584,"IV"
368,"4000",4.66823715010564,"IV"
369,"4000",3.35470305916655,"IV"
370,"4000",4.24268979122799,"IV"
371,"4000",4.49855172414599,"IV"
372,"4000",3.74765111630431,"IV"
373,"4000",4.21483553403342,"IV"
374,"4000",3.98276166626665,"IV"
375,"4000",4.92597600203376,"IV"
376,"4000",3.96853875800852,"IV"
377,"4000",3.78914353329007,"IV"
378,"4000",3.57124083307922,"IV"
379,"4000",3.38517171405157,"IV"
380,"4000",4.47754550626631,"IV"
381,"4000",3.81651417619518,"IV"
382,"4000",3.71063945278272,"IV"
383,"4000",3.91929682356591,"IV"
384,"4000",4.38150157029927,"IV"
385,"4000",4.67148854405475,"IV"
386,"4000",3.46609682963921,"IV"
387,"4000",5.39454582016498,"IV"
388,"4000",5.03051748548163,"IV"
389,"4000",3.84429199700992,"IV"
390,"4000",4.51190241761145,"IV"
391,"4000",4.19560661545257,"IV"
392,"4000",4.91631511116829,"IV"
393,"4000",5.74720807327064,"IV"
394,"4000",4.50315277377418,"IV"
395,"4000",3.42294681422871,"IV"
396,"4000",3.86061022595237,"IV"
397,"4000",3.65207720387049,"IV"
398,"4000",4.83134031727851,"IV"
399,"4000",3.75932412132813,"IV"
400,"4000",3.66096217013409,"IV"
401,"4000",3.89559963607268,"IV"
402,"4000",4.05076090222498,"IV"
403,"4000",4.16213266843741,"IV"
404,"4000",4.35179247752289,"IV"
405,"4000",3.65119208535985,"IV"
406,"4000",3.41641876006216,"IV"
407,"4000",5.27976150933777,"IV"
408,"4000",3.38792762405707,"IV"
409,"4000",4.17998712948401,"IV"
410,"4000",3.93957683403363,"IV"
411,"4000",4.35041423956035,"IV"
412,"4000",4.00235702867197,"IV"
413,"4000",3.13355614577034,"IV"
414,"4000",4.39416805651746,"IV"
415,"4000",3.60814240972755,"IV"
416,"4000",4.14582612904444,"IV"
417,"4000",4.72540900006967,"IV"
418,"4000",4.71514055604135,"IV"
419,"4000",4.22128601128762,"IV"
420,"4000",4.92207437256556,"IV"
421,"4000",3.60675166714028,"IV"
422,"4000",4.04406257314076,"IV"
423,"4000",4.01741148146023,"IV"
424,"4000",3.95225563106763,"IV"
425,"4000",4.00191461702479,"IV"
426,"4000",4.10260651903407,"IV"
427,"4000",3.98082057752454,"IV"
428,"4000",4.62461384499118,"IV"
429,"4000",3.95228575957886,"IV"
430,"4000",4.69577945579997,"IV"
431,"4000",3.91559515571314,"IV"
432,"4000",4.50513246897394,"IV"
433,"4000",4.27756077960466,"IV"
434,"4000",4.72018712233455,"IV"
435,"4000",4.35862736674456,"IV"
436,"4000",4.95160134138763,"IV"
437,"4000",4.51344228822079,"IV"
438,"4000",3.71938072313656,"IV"
439,"4000",3.88044495278879,"IV"
440,"4000",4.68911009050682,"IV"
441,"4000",4.49051771363457,"IV"
442,"4000",3.68385223299854,"IV"
443,"4000",3.9977205132171,"IV"
444,"4000",4.19409939182713,"IV"
445,"4000",3.97695761171604,"IV"
446,"4000",5.06720169920148,"IV"
447,"4000",3.87666660069221,"IV"
448,"4000",3.73965607684944,"IV"
449,"4000",3.85000491742887,"IV"
450,"4000",3.31499784160405,"IV"
451,"4000",4.38047554007393,"IV"
452,"4000",4.09032825080626,"IV"
453,"4000",4.16881093684414,"IV"
454,"4000",5.02128782969476,"IV"
455,"4000",4.07662743140766,"IV"
456,"4000",4.0896216971463,"IV"
457,"4000",3.73168922597868,"IV"
458,"4000",3.76010926470719,"IV"
459,"4000",3.92667273721252,"IV"
460,"4000",4.72840409562923,"IV"
461,"4000",4.27230367201523,"IV"
462,"4000",4.5512579751389,"IV"
463,"4000",4.53629641510516,"IV"
464,"4000",4.00960940539805,"IV"
465,"4000",3.78095895760738,"IV"
466,"4000",3.46905811151105,"IV"
467,"4000",4.40790853053789,"IV"
468,"4000",3.76519138298396,"IV"
469,"4000",4.86960946690751,"IV"
470,"4000",4.58603475388887,"IV"
471,"4000",3.81779702125689,"IV"
472,"4000",4.26782284034558,"IV"
473,"4000",4.21827081526512,"IV"
474,"4000",4.48975782321834,"IV"
475,"4000",3.93046184925119,"IV"
476,"4000",4.17600641751367,"IV"
477,"4000",3.93871907336232,"IV"
478,"4000",4.13701609147005,"IV"
479,"4000",3.82610457811707,"IV"
480,"4000",4.81405593570295,"IV"
481,"4000",3.62223036982027,"IV"
482,"4000",4.53360250659555,"IV"
483,"4000",4.66807094562703,"IV"
484,"4000",3.77703861663011,"IV"
485,"4000",4.46726092578421,"IV"
486,"4000",5.40653798789126,"IV"
487,"4000",4.45015045243374,"IV"
488,"4000",4.84358425265341,"IV"
489,"4000",3.89238075123146,"IV"
490,"4000",4.00807082287833,"IV"
491,"4000",3.92751066708719,"IV"
492,"4000",3.6638927815637,"IV"
493,"4000",3.61099123288594,"IV"
494,"4000",4.57882938302547,"IV"
495,"4000",4.07772592577991,"IV"
496,"4000",4.6541602288976,"IV"
497,"4000",3.93180027044589,"IV"
498,"4000",4.7358681771528,"IV"
499,"4000",4.00244639953311,"IV"
500,"4000",3.98740860648381,"IV"
501,"4000",4.13303083955266,"IV"
502,"4000",4.13437141961565,"IV"
503,"4000",5.26863378036087,"IV"
504,"4000",4.26532974529448,"IV"
505,"4000",3.88420646202307,"IV"
506,"4000",4.65039089154084,"IV"
507,"4000",3.48511648845737,"IV"
508,"4000",4.30208334515578,"IV"
509,"4000",3.89855404998812,"IV"
510,"4000",4.5403380294148,"IV"
511,"4000",4.09910528066202,"IV"
512,"4000",4.31910676723224,"IV"
513,"4000",3.73322442059603,"IV"
514,"4000",4.57433665310207,"IV"
515,"4000",4.3767224006638,"IV"
516,"4000",4.53690299586825,"IV"
517,"4000",4.05963875730987,"IV"
518,"4000",4.83457458684947,"IV"
519,"4000",4.10785395590051,"IV"
520,"4000",3.84652491816736,"IV"
521,"4000",4.51737890797088,"IV"
522,"4000",4.81611672293761,"IV"
523,"4000",4.77612629493565,"IV"
524,"4000",4.75194988660718,"IV"
525,"4000",5.28163080283234,"IV"
526,"4000",4.05307516010881,"IV"
527,"4000",4.01578166272877,"IV"
528,"4000",3.80022498160887,"IV"
529,"4000",4.92897778401512,"IV"
530,"4000",3.75584756445774,"IV"
531,"4000",5.13358747917515,"IV"
532,"4000",4.49640870511743,"IV"
533,"4000",3.77836013465266,"IV"
534,"4000",4.06196944272837,"IV"
535,"4000",4.52463798076,"IV"
536,"4000",3.8233899645762,"IV"
537,"4000",5.18752482894588,"IV"
538,"4000",4.67968578146075,"IV"
539,"4000",4.31463207562482,"IV"
540,"4000",4.40259839469582,"IV"
541,"4000",4.34164464968664,"IV"
542,"4000",3.72506850575056,"IV"
543,"4000",4.0169563436526,"IV"
544,"4000",4.07290943256031,"IV"
545,"4000",4.13728112007667,"IV"
546,"4000",4.79233706149874,"IV"
547,"4000",4.21435978049028,"IV"
548,"4000",3.4711828310543,"IV"
549,"4000",4.64744177377384,"IV"
550,"4000",4.71386269242204,"IV"
551,"4000",3.92355384468661,"IV"
552,"4000",4.24087402885152,"IV"
553,"4000",4.35169984086291,"IV"
554,"4000",4.35394222828331,"IV"
555,"4000",4.11909849273305,"IV"
556,"4000",4.38588367853883,"IV"
557,"4000",3.68702234890959,"IV"
558,"4000",4.3701800087172,"IV"
559,"4000",4.50679211127478,"IV"
560,"4000",3.99529793923825,"IV"
561,"4000",4.04857814997884,"IV"
562,"4000",4.64948518419256,"IV"
563,"4000",3.9138246098977,"IV"
564,"4000",4.11830005931016,"IV"
565,"4000",4.72276559615512,"IV"
566,"4000",4.04603986921783,"IV"
567,"4000",5.68740356045921,"IV"
568,"4000",4.77735786547237,"IV"
569,"4000",4.61191216250195,"IV"
570,"4000",4.44788478549939,"IV"
571,"4000",4.60934788290591,"IV"
572,"4000",4.23666065408318,"IV"
573,"4000",5.03044427925951,"IV"
574,"4000",5.48124294988227,"IV"
575,"4000",3.92467353752812,"IV"
576,"4000",3.73920084251039,"IV"
577,"4000",5.53560619519922,"IV"
578,"4000",3.52267064106659,"IV"
579,"4000",3.60051927810524,"IV"
580,"4000",3.75633328986141,"IV"
581,"4000",4.73828142967522,"IV"
582,"4000",3.69396779249881,"IV"
583,"4000",4.41759344687773,"IV"
584,"4000",4.74368412185414,"IV"
585,"4000",4.43249636769832,"IV"
586,"4000",4.63272560813481,"IV"
587,"4000",3.69894697942439,"IV"
588,"4000",3.28153009177957,"IV"
589,"4000",4.61169164835698,"IV"
590,"4000",3.86027818987055,"IV"
591,"4000",4.59236578869918,"IV"
592,"4000",4.37820128113728,"IV"
593,"4000",3.97924731526959,"IV"
594,"4000",4.51071191675633,"IV"
595,"4000",4.37223471358562,"IV"
596,"4000",4.20571918989654,"IV"
597,"4000",4.94932189393491,"IV"
598,"4000",3.56521061820573,"IV"
599,"4000",4.64473858975727,"IV"
600,"4000",5.21047296545735,"IV"
601,"4000",4.47040493941887,"IV"
602,"4000",4.23231543067286,"IV"
603,"4000",5.04383799019268,"IV"
604,"4000",3.77554536413141,"IV"
605,"4000",4.89524933331406,"IV"
606,"4000",3.66344384542315,"IV"
607,"4000",3.93429626855789,"IV"
608,"4000",3.66731425501948,"IV"
609,"4000",4.54997816805145,"IV"
610,"4000",3.84020306477116,"IV"
611,"4000",5.16962070961893,"IV"
612,"4000",3.79858365162573,"IV"
613,"4000",3.7130490814903,"IV"
614,"4000",4.15093495179518,"IV"
615,"4000",5.24171189236229,"IV"
616,"4000",5.35901056925452,"IV"
617,"4000",3.83441161551094,"IV"
618,"4000",4.19377324598997,"IV"
619,"4000",4.43580698785965,"IV"
620,"4000",4.84318245272753,"IV"
621,"4000",4.02761798217984,"IV"
622,"4000",4.49755088711996,"IV"
623,"4000",4.3181111490719,"IV"
624,"4000",3.86937737578537,"IV"
625,"4000",4.04064028970035,"IV"
626,"4000",3.66995706839195,"IV"
627,"4000",4.8155831326845,"IV"
628,"4000",3.94433063288893,"IV"
629,"4000",3.55271997069131,"IV"
630,"4000",3.88711804234714,"IV"
631,"4000",3.68789408923909,"IV"
632,"4000",4.46157004315925,"IV"
633,"4000",4.81118390884771,"IV"
634,"4000",5.37918981314627,"IV"
635,"4000",4.21097238077378,"IV"
636,"4000",3.55373572002344,"IV"
637,"4000",4.07373464634544,"IV"
638,"4000",4.1770940030714,"IV"
639,"4000",4.30736655248784,"IV"
640,"4000",4.2578765295336,"IV"
641,"4000",4.3277833058375,"IV"
642,"4000",3.82013118081003,"IV"
643,"4000",3.70999460004776,"IV"
644,"4000",4.23335617693866,"IV"
645,"4000",5.16496766645198,"IV"
646,"4000",3.99205831107482,"IV"
647,"4000",3.73551563457462,"IV"
648,"4000",3.72259524548514,"IV"
649,"4000",4.36292176645511,"IV"
650,"4000",3.89292136436027,"IV"
651,"4000",5.56874042522562,"IV"
652,"4000",3.80040516395705,"IV"
653,"4000",4.93762733348346,"IV"
654,"4000",4.57779592180933,"IV"
655,"4000",4.366001354364,"IV"
656,"4000",4.4125502200564,"IV"
657,"4000",4.20298325545723,"IV"
658,"4000",4.65643301407517,"IV"
659,"4000",4.64208322061072,"IV"
660,"4000",4.22066388473201,"IV"
661,"4000",4.37715646548906,"IV"
662,"4000",4.30780052670875,"IV"
663,"4000",4.86731935250408,"IV"
664,"4000",4.26857032235867,"IV"
665,"4000",4.14349506051917,"IV"
666,"4000",4.5666986439684,"IV"
667,"4000",4.4156090338286,"IV"
668,"4000",4.77010218004524,"IV"
669,"4000",3.91190649919971,"IV"
670,"4000",3.79418002375925,"IV"
671,"4000",3.89694078097483,"IV"
672,"4000",4.05786054286709,"IV"
673,"4000",4.49314926492749,"IV"
674,"4000",4.50774300060349,"IV"
675,"4000",5.64008295449796,"IV"
676,"4000",5.55115026571468,"IV"
677,"4000",4.0349304516962,"IV"
678,"4000",3.98918055837956,"IV"
679,"4000",4.68963541792677,"IV"
680,"4000",4.25721162670512,"IV"
681,"4000",4.27567380364855,"IV"
682,"4000",5.03534033703777,"IV"
683,"4000",4.75588814015675,"IV"
684,"4000",3.96745569610803,"IV"
685,"4000",5.0099739696677,"IV"
686,"4000",4.85796779610347,"IV"
687,"4000",4.59285434646156,"IV"
688,"4000",4.02857055869948,"IV"
689,"4000",4.75988733728023,"IV"
690,"4000",4.88841011271629,"IV"
691,"4000",4.75795072784546,"IV"
692,"4000",5.12325789773858,"IV"
693,"4000",3.941387199801,"IV"
694,"4000",3.88746609040768,"IV"
695,"4000",4.09195129609236,"IV"
696,"4000",4.36498651983806,"IV"
697,"4000",4.54029588365749,"IV"
698,"4000",4.8161826603363,"IV"
699,"4000",4.33869592064934,"IV"
700,"4000",3.92457875951096,"IV"
701,"4000",4.5040163300644,"IV"
702,"4000",4.96779409093871,"IV"
703,"4000",4.33684522661444,"IV"
704,"4000",4.03763924134749,"IV"
705,"4000",4.18623499003071,"IV"
706,"4000",4.41108154174403,"IV"
707,"4000",4.68331293615884,"IV"
708,"4000",3.70662376146285,"IV"
709,"4000",3.85288231902558,"IV"
710,"4000",4.54810262828076,"IV"
711,"4000",3.88502709979425,"IV"
712,"4000",4.58186310502162,"IV"
713,"4000",4.58535471992438,"IV"
714,"4000",3.51546202279207,"IV"
715,"4000",4.54636693292013,"IV"
716,"4000",4.85056397464145,"IV"
717,"4000",4.04456261174105,"IV"
718,"4000",4.46238596539793,"IV"
719,"4000",4.84018105876654,"IV"
720,"4000",4.17460403921989,"IV"
721,"4000",3.43253823050236,"IV"
722,"4000",4.20019960243428,"IV"
723,"4000",5.30472263922361,"IV"
724,"4000",4.63292242203253,"IV"
725,"4000",3.9210314208666,"IV"
726,"4000",4.22768760882047,"IV"
727,"4000",4.1310935432748,"IV"
728,"4000",4.28074013092646,"IV"
729,"4000",3.68904621681218,"IV"
730,"4000",4.08289234653499,"IV"
731,"4000",4.35900071349511,"IV"
732,"4000",4.59884856273824,"IV"
733,"4000",3.67983845548067,"IV"
734,"4000",5.04358290151935,"IV"
735,"4000",4.38519005347606,"IV"
736,"4000",3.86973050831971,"IV"
737,"4000",3.93980077671992,"IV"
738,"4000",3.63536365309574,"IV"
739,"4000",3.82742588777377,"IV"
740,"4000",3.57608840548373,"IV"
741,"4000",3.97296685939032,"IV"
742,"4000",4.43743155294763,"IV"
743,"4000",4.13102406760725,"IV"
744,"4000",4.38901484305035,"IV"
745,"4000",4.11135613061448,"IV"
746,"4000",3.91563499203588,"IV"
747,"4000",3.94366454692089,"IV"
748,"4000",3.59462703277343,"IV"
749,"4000",4.22048836083899,"IV"
750,"4000",4.7454750506572,"IV"
751,"4000",4.04278259629812,"IV"
752,"4000",4.23715708992482,"IV"
753,"4000",4.19733214184426,"IV"
754,"4000",4.16338386243432,"IV"
755,"4000",4.29276707096706,"IV"
756,"4000",4.72112126645293,"IV"
757,"4000",4.4290070159598,"IV"
758,"4000",4.32511837435622,"IV"
759,"4000",4.75318268100378,"IV"
760,"4000",3.8583858912819,"IV"
761,"4000",3.72361614463914,"IV"
762,"4000",3.85211086145427,"IV"
763,"4000",4.69206192645223,"IV"
764,"4000",4.18542429737164,"IV"
765,"4000",4.15086030542857,"IV"
766,"4000",4.11606039340483,"IV"
767,"4000",4.14743664449496,"IV"
768,"4000",3.92488150109413,"IV"
769,"4000",4.52065104104291,"IV"
770,"4000",4.05870063335851,"IV"
771,"4000",3.8184302758642,"IV"
772,"4000",5.12983229582052,"IV"
773,"4000",3.61362814364464,"IV"
774,"4000",3.69864570848161,"IV"
775,"4000",4.23210863133487,"IV"
776,"4000",4.04236500978603,"IV"
777,"4000",4.49420681095086,"IV"
778,"4000",3.58465802537771,"IV"
779,"4000",3.69316661688396,"IV"
780,"4000",5.46627901522794,"IV"
781,"4000",5.31540144153206,"IV"
782,"4000",4.56232681219887,"IV"
783,"4000",5.20013036694655,"IV"
784,"4000",4.67349417306283,"IV"
785,"4000",4.87624996561342,"IV"
786,"4000",5.75009077159001,"IV"
787,"4000",3.88693632504435,"IV"
788,"4000",4.04705195526319,"IV"
789,"4000",3.88788635050672,"IV"
790,"4000",4.05903061663414,"IV"
791,"4000",4.65783606920799,"IV"
792,"4000",4.11455014801786,"IV"
793,"4000",4.15903636682566,"IV"
794,"4000",4.66175036690471,"IV"
795,"4000",4.2096370450693,"IV"
796,"4000",3.62059707757308,"IV"
797,"4000",4.21096157239599,"IV"
798,"4000",3.67594060438987,"IV"
799,"4000",3.75531069423229,"IV"
800,"4000",4.00325224559291,"IV"
801,"4000",4.4526644016131,"IV"
802,"4000",3.9772807310035,"IV"
803,"4000",5.35804937611119,"IV"
804,"4000",4.5621863623227,"IV"
805,"4000",3.99777836069932,"IV"
806,"4000",3.57442832451652,"IV"
807,"4000",4.15938686300185,"IV"
808,"4000",4.47602206567365,"IV"
809,"4000",4.1363414295621,"IV"
810,"4000",3.94628984413668,"IV"
811,"4000",4.73731771311883,"IV"
812,"4000",4.23851927890624,"IV"
813,"4000",3.60478577637468,"IV"
814,"4000",4.97039513280962,"IV"
815,"4000",4.38584081903156,"IV"
816,"4000",4.79894051196114,"IV"
817,"4000",3.62067486570443,"IV"
818,"4000",5.2891281565433,"IV"
819,"4000",3.95517862720799,"IV"
820,"4000",4.46903956209861,"IV"
821,"4000",4.21965885772784,"IV"
822,"4000",3.832385151002,"IV"
823,"4000",4.43428036694523,"IV"
824,"4000",4.81813421406663,"IV"
825,"4000",3.90554741660716,"IV"
826,"4000",4.49150839135656,"IV"
827,"4000",4.43003607066921,"IV"
828,"4000",4.12996358770587,"IV"
829,"4000",3.86768924652853,"IV"
830,"4000",4.25614690729845,"IV"
831,"4000",4.10335196949617,"IV"
832,"4000",5.15761192429498,"IV"
833,"4000",3.38110319908292,"IV"
834,"4000",3.52704645351187,"IV"
835,"4000",4.78960746828381,"IV"
836,"4000",4.34385711762488,"IV"
837,"4000",4.30875004018586,"IV"
838,"4000",4.80303445854565,"IV"
839,"4000",4.36493323945185,"IV"
840,"4000",4.0024787588253,"IV"
841,"4000",4.19491675682446,"IV"
842,"4000",3.69137907745215,"IV"
843,"4000",3.77938783988359,"IV"
844,"4000",4.03652021479303,"IV"
845,"4000",4.98251622913378,"IV"
846,"4000",4.5145303979966,"IV"
847,"4000",3.68439449238379,"IV"
848,"4000",5.49365766879889,"IV"
849,"4000",4.68830083326158,"IV"
850,"4000",4.22945245186102,"IV"
851,"4000",4.00089872607197,"IV"
852,"4000",4.09348421296512,"IV"
853,"4000",4.24630274734336,"IV"
854,"4000",4.10033342749548,"IV"
855,"4000",4.21533663206728,"IV"
856,"4000",4.49761671810933,"IV"
857,"4000",4.81612425965588,"IV"
858,"4000",3.99190109156883,"IV"
859,"4000",5.80012885449921,"IV"
860,"4000",3.85538405307006,"IV"
861,"4000",3.81428856160327,"IV"
862,"4000",3.75225488839599,"IV"
863,"4000",4.8938631281469,"IV"
864,"4000",4.30791769910798,"IV"
865,"4000",4.54337470052423,"IV"
866,"4000",4.06149389089672,"IV"
867,"4000",3.78856947602691,"IV"
868,"4000",4.11564902421547,"IV"
869,"4000",4.83635246277613,"IV"
870,"4000",5.05004158273829,"IV"
871,"4000",3.89054444078054,"IV"
872,"4000",4.31889636343037,"IV"
873,"4000",3.8618573867554,"IV"
874,"4000",4.51626118513157,"IV"
875,"4000",4.45210641741236,"IV"
876,"4000",4.81726707004749,"IV"
877,"4000",4.13314843569809,"IV"
878,"4000",4.26015965416607,"IV"
879,"4000",4.49466224327216,"IV"
880,"4000",4.41340708046362,"IV"
881,"4000",4.89745380575791,"IV"
882,"4000",4.00870088150639,"IV"
883,"4000",4.2908793655564,"IV"
884,"4000",4.40248182815963,"IV"
885,"4000",4.53437904236534,"IV"
886,"4000",4.44859635254623,"IV"
887,"4000",3.39901520522803,"IV"
888,"4000",3.85892421328807,"IV"
889,"4000",4.22160463025694,"IV"
890,"4000",6.2542132388399,"IV"
891,"4000",4.03113861680813,"IV"
892,"4000",4.18965648274515,"IV"
893,"4000",5.05966028800717,"IV"
894,"4000",5.35097773708193,"IV"
895,"4000",4.55236044848833,"IV"
896,"4000",3.96176477471733,"IV"
897,"4000",4.17916938706782,"IV"
898,"4000",3.70309110933762,"IV"
899,"4000",4.43142942220018,"IV"
900,"4000",5.7496047683169,"IV"
901,"4000",4.55848043983801,"IV"
902,"4000",4.48213851574081,"IV"
903,"4000",4.56921529445449,"IV"
904,"4000",4.03582072761988,"IV"
905,"4000",5.57598053797607,"IV"
906,"4000",3.30620546631596,"IV"
907,"4000",3.94203243778248,"IV"
908,"4000",4.59531869979527,"IV"
909,"4000",3.99444618032484,"IV"
910,"4000",3.69016268492885,"IV"
911,"4000",4.74747624070258,"IV"
912,"4000",4.51095294102873,"IV"
913,"4000",4.44404015928722,"IV"
914,"4000",3.76485012580128,"IV"
915,"4000",3.95270168944969,"IV"
916,"4000",4.57989109753417,"IV"
917,"4000",4.46217093681568,"IV"
918,"4000",4.84081861317151,"IV"
919,"4000",3.98999157731488,"IV"
920,"4000",4.40210496106646,"IV"
921,"4000",4.19892647704745,"IV"
922,"4000",4.43076963967295,"IV"
923,"4000",4.1205024532153,"IV"
924,"4000",4.63763559627038,"IV"
925,"4000",4.62075080789717,"IV"
926,"4000",4.43821915482078,"IV"
927,"4000",3.64783477787148,"IV"
928,"4000",4.37149181555762,"IV"
929,"4000",3.58426607351098,"IV"
930,"4000",4.17701503725144,"IV"
931,"4000",4.36527740869519,"IV"
932,"4000",4.77610247204736,"IV"
933,"4000",4.34102329705721,"IV"
934,"4000",4.04354855079587,"IV"
935,"4000",4.02960808183529,"IV"
936,"4000",3.84175137210568,"IV"
937,"4000",5.16394699084555,"IV"
938,"4000",3.75430241273893,"IV"
939,"4000",3.475840112561,"IV"
940,"4000",4.06337518527641,"IV"
941,"4000",3.78110671541948,"IV"
942,"4000",4.20768506773412,"IV"
943,"4000",4.96913081920907,"IV"
944,"4000",4.64351904054241,"IV"
945,"4000",4.04776255841077,"IV"
946,"4000",4.47966981132296,"IV"
947,"4000",4.37869804624656,"IV"
948,"4000",4.2931496799002,"IV"
949,"4000",4.39620050127063,"IV"
950,"4000",3.46542947321578,"IV"
951,"4000",4.97315948946388,"IV"
952,"4000",4.09183335678149,"IV"
953,"4000",5.38670400570356,"IV"
954,"4000",3.41364938963333,"IV"
955,"4000",5.23716843809131,"IV"
956,"4000",4.27818298879877,"IV"
957,"4000",3.66833303515213,"IV"
958,"4000",4.05619530890991,"IV"
959,"4000",4.59299917770421,"IV"
960,"4000",3.95182393175574,"IV"
961,"4000",4.22064919881828,"IV"
962,"4000",4.0670079588099,"IV"
963,"4000",3.25022526663682,"IV"
964,"4000",4.2325881241986,"IV"
965,"4000",5.04037514339466,"IV"
966,"4000",4.56369110436477,"IV"
967,"4000",3.68614400164976,"IV"
968,"4000",4.71243239281133,"IV"
969,"4000",3.92989773178508,"IV"
970,"4000",3.72418450660741,"IV"
971,"4000",4.65020993233971,"IV"
972,"4000",4.53936596294568,"IV"
973,"4000",4.11160804619428,"IV"
974,"4000",3.99053965037955,"IV"
975,"4000",3.63823632305975,"IV"
976,"4000",4.81200817702833,"IV"
977,"4000",4.21390235896262,"IV"
978,"4000",4.29753046721098,"IV"
979,"4000",4.5688359739173,"IV"
980,"4000",3.88033748617929,"IV"
981,"4000",4.16094916971244,"IV"
982,"4000",4.49715745843668,"IV"
983,"4000",4.45730422594272,"IV"
984,"4000",3.99838000274294,"IV"
985,"4000",3.89141657719218,"IV"
986,"4000",4.40671878682127,"IV"
987,"4000",3.64894586396437,"IV"
988,"4000",4.35392480932333,"IV"
989,"4000",5.48055942466131,"IV"
990,"4000",5.11786857465078,"IV"
991,"4000",4.40052159292332,"IV"
992,"4000",3.7916684786997,"IV"
993,"4000",4.23737614014845,"IV"
994,"4000",3.8925059868266,"IV"
995,"4000",4.52660680081899,"IV"
996,"4000",4.14255447171843,"IV"
997,"4000",3.65167259379065,"IV"
998,"4000",4.99629688119912,"IV"
999,"4000",4.53549140643379,"IV"
1000,"4000",4.3507031063892,"IV"
1,"500",-2.21964364129209,"Unadjusted"
2,"500",-2.21566598695312,"Unadjusted"
3,"500",-4.79319144133473,"Unadjusted"
4,"500",-3.67102084048559,"Unadjusted"
5,"500",-2.98328025620503,"Unadjusted"
6,"500",-2.97015656758084,"Unadjusted"
7,"500",-2.5421285092006,"Unadjusted"
8,"500",-2.0081772957661,"Unadjusted"
9,"500",-3.93325509691289,"Unadjusted"
10,"500",-4.34150636042556,"Unadjusted"
11,"500",-2.65169491741794,"Unadjusted"
12,"500",-4.31454992598512,"Unadjusted"
13,"500",-9.68070660069378,"Unadjusted"
14,"500",-2.12760126465209,"Unadjusted"
15,"500",-2.72191161758916,"Unadjusted"
16,"500",-5.18648823474442,"Unadjusted"
17,"500",-6.25749152689238,"Unadjusted"
18,"500",-2.98818196978985,"Unadjusted"
19,"500",-3.7429311309934,"Unadjusted"
20,"500",-2.16112957407785,"Unadjusted"
21,"500",-3.43810495175414,"Unadjusted"
22,"500",-2.06505328893317,"Unadjusted"
23,"500",-3.44577494530309,"Unadjusted"
24,"500",-3.77575313333886,"Unadjusted"
25,"500",-3.71234972031273,"Unadjusted"
26,"500",-3.04534517842707,"Unadjusted"
27,"500",-3.29182181609014,"Unadjusted"
28,"500",-2.67569954020219,"Unadjusted"
29,"500",-2.33562399635669,"Unadjusted"
30,"500",-7.75754001906073,"Unadjusted"
31,"500",-2.46814103219734,"Unadjusted"
32,"500",-6.883101985654,"Unadjusted"
33,"500",-2.45127680950576,"Unadjusted"
34,"500",-3.92785448342332,"Unadjusted"
35,"500",-5.01778780830524,"Unadjusted"
36,"500",-4.28158383748497,"Unadjusted"
37,"500",-2.30055388406319,"Unadjusted"
38,"500",-3.29587739354231,"Unadjusted"
39,"500",-2.14009668403571,"Unadjusted"
40,"500",-3.46834665614895,"Unadjusted"
41,"500",-3.40486174574048,"Unadjusted"
42,"500",-4.10401704474819,"Unadjusted"
43,"500",-1.9975458442201,"Unadjusted"
44,"500",-6.81333603512881,"Unadjusted"
45,"500",-4.38904803942008,"Unadjusted"
46,"500",-3.17105303067893,"Unadjusted"
47,"500",-2.53386156779035,"Unadjusted"
48,"500",-2.54284472919012,"Unadjusted"
49,"500",-3.1918812322338,"Unadjusted"
50,"500",-2.04757422037298,"Unadjusted"
51,"500",-2.9941439789386,"Unadjusted"
52,"500",-3.5389636757085,"Unadjusted"
53,"500",-3.05961896706401,"Unadjusted"
54,"500",-2.82009667327451,"Unadjusted"
55,"500",-3.69476928469398,"Unadjusted"
56,"500",-3.41401259257623,"Unadjusted"
57,"500",-1.95937213149938,"Unadjusted"
58,"500",-3.28635253667693,"Unadjusted"
59,"500",-2.48153889600535,"Unadjusted"
60,"500",-3.06014046026163,"Unadjusted"
61,"500",-2.47523827684057,"Unadjusted"
62,"500",-4.03468844305384,"Unadjusted"
63,"500",-2.80364062574628,"Unadjusted"
64,"500",-2.48641590356739,"Unadjusted"
65,"500",-2.24195795876523,"Unadjusted"
66,"500",-4.19527040042263,"Unadjusted"
67,"500",110.300169044977,"Unadjusted"
68,"500",-3.20729823679402,"Unadjusted"
69,"500",-3.05431007865929,"Unadjusted"
70,"500",-2.37552738576054,"Unadjusted"
71,"500",-2.13956906689942,"Unadjusted"
72,"500",-3.528607728019,"Unadjusted"
73,"500",-2.45912728971671,"Unadjusted"
74,"500",-2.30275431245656,"Unadjusted"
75,"500",-2.51887026424807,"Unadjusted"
76,"500",-2.24577523784723,"Unadjusted"
77,"500",-2.6880521039995,"Unadjusted"
78,"500",-5.03558462757846,"Unadjusted"
79,"500",-3.02998767118095,"Unadjusted"
80,"500",-3.46200409751405,"Unadjusted"
81,"500",-3.49054046213461,"Unadjusted"
82,"500",-3.24107388333268,"Unadjusted"
83,"500",-5.92017692670263,"Unadjusted"
84,"500",-2.69550874873212,"Unadjusted"
85,"500",-4.80815225936359,"Unadjusted"
86,"500",-2.53700630714975,"Unadjusted"
87,"500",-2.25722494001089,"Unadjusted"
88,"500",-2.21675952433906,"Unadjusted"
89,"500",-2.19380522729088,"Unadjusted"
90,"500",-3.94631127391423,"Unadjusted"
91,"500",-2.41531996405991,"Unadjusted"
92,"500",-2.65026340458411,"Unadjusted"
93,"500",-1.87187477620975,"Unadjusted"
94,"500",-2.40831094338684,"Unadjusted"
95,"500",-2.67327911336531,"Unadjusted"
96,"500",-3.77643759025039,"Unadjusted"
97,"500",-3.03518349394745,"Unadjusted"
98,"500",-3.68129898612481,"Unadjusted"
99,"500",-3.65837050455141,"Unadjusted"
100,"500",-3.40330999053069,"Unadjusted"
101,"500",-2.23803434245839,"Unadjusted"
102,"500",-2.93297866349458,"Unadjusted"
103,"500",-3.46457756577948,"Unadjusted"
104,"500",-2.35096476219276,"Unadjusted"
105,"500",-5.69623058535476,"Unadjusted"
106,"500",-2.27114426252441,"Unadjusted"
107,"500",-2.6062310620808,"Unadjusted"
108,"500",-3.67280180414209,"Unadjusted"
109,"500",-2.0284508984647,"Unadjusted"
110,"500",-2.44776018119936,"Unadjusted"
111,"500",-3.05067267179658,"Unadjusted"
112,"500",-3.63617123270949,"Unadjusted"
113,"500",-6.86029158452327,"Unadjusted"
114,"500",-2.3624639769053,"Unadjusted"
115,"500",-2.6168130665057,"Unadjusted"
116,"500",-3.31794106332559,"Unadjusted"
117,"500",-2.53474698059981,"Unadjusted"
118,"500",-2.98636894478644,"Unadjusted"
119,"500",-1.98497066024915,"Unadjusted"
120,"500",-2.37951746766681,"Unadjusted"
121,"500",-2.26022860730933,"Unadjusted"
122,"500",-2.67026381602134,"Unadjusted"
123,"500",-2.8332922442373,"Unadjusted"
124,"500",-2.38950471377763,"Unadjusted"
125,"500",-2.95069907841085,"Unadjusted"
126,"500",-2.50459069842698,"Unadjusted"
127,"500",-2.16936060428835,"Unadjusted"
128,"500",-3.62047342383528,"Unadjusted"
129,"500",-2.73531903483982,"Unadjusted"
130,"500",-3.6662451989392,"Unadjusted"
131,"500",-3.21837073006854,"Unadjusted"
132,"500",-2.06721185536701,"Unadjusted"
133,"500",-4.53739653854665,"Unadjusted"
134,"500",-2.7843345290309,"Unadjusted"
135,"500",-3.28268659445668,"Unadjusted"
136,"500",-3.27437502553877,"Unadjusted"
137,"500",-3.80140588199147,"Unadjusted"
138,"500",-3.2887983391619,"Unadjusted"
139,"500",-3.22253717197572,"Unadjusted"
140,"500",-2.92578151845298,"Unadjusted"
141,"500",-3.99828912362477,"Unadjusted"
142,"500",-3.24671091101359,"Unadjusted"
143,"500",-2.00645293432144,"Unadjusted"
144,"500",-2.37121443334192,"Unadjusted"
145,"500",-2.66454680234745,"Unadjusted"
146,"500",-2.97923128752752,"Unadjusted"
147,"500",-2.45703267771856,"Unadjusted"
148,"500",-3.07303836359976,"Unadjusted"
149,"500",-2.98921217178317,"Unadjusted"
150,"500",-3.77217797418184,"Unadjusted"
151,"500",-2.61518343588834,"Unadjusted"
152,"500",-3.63629962194322,"Unadjusted"
153,"500",-2.20872300346934,"Unadjusted"
154,"500",-4.33658078464585,"Unadjusted"
155,"500",-2.99364704883783,"Unadjusted"
156,"500",-2.97385641332272,"Unadjusted"
157,"500",-2.63926643905306,"Unadjusted"
158,"500",-2.40120167853149,"Unadjusted"
159,"500",-3.1630779907374,"Unadjusted"
160,"500",-3.52095457661136,"Unadjusted"
161,"500",-2.72309967336433,"Unadjusted"
162,"500",-3.991192312771,"Unadjusted"
163,"500",-2.15090902993646,"Unadjusted"
164,"500",-2.40050328559784,"Unadjusted"
165,"500",-2.54015939224093,"Unadjusted"
166,"500",-2.50545608348182,"Unadjusted"
167,"500",-2.94608934492105,"Unadjusted"
168,"500",-2.57983681693687,"Unadjusted"
169,"500",-2.87592114783559,"Unadjusted"
170,"500",-2.16486254949403,"Unadjusted"
171,"500",-2.02545841669332,"Unadjusted"
172,"500",-3.9799609118865,"Unadjusted"
173,"500",-2.43898885847256,"Unadjusted"
174,"500",-2.46993449115644,"Unadjusted"
175,"500",-2.7062938123491,"Unadjusted"
176,"500",-2.45874337526236,"Unadjusted"
177,"500",-5.09458565437915,"Unadjusted"
178,"500",-2.76154067249213,"Unadjusted"
179,"500",-3.33922034259004,"Unadjusted"
180,"500",-3.17447518972754,"Unadjusted"
181,"500",-2.62718027892344,"Unadjusted"
182,"500",-2.65138820904415,"Unadjusted"
183,"500",-2.14282967723485,"Unadjusted"
184,"500",-3.10019699131171,"Unadjusted"
185,"500",-1.75695554498229,"Unadjusted"
186,"500",-2.51458299608143,"Unadjusted"
187,"500",-2.28367311090091,"Unadjusted"
188,"500",-2.48815463168765,"Unadjusted"
189,"500",-2.17529863509391,"Unadjusted"
190,"500",-2.06897677715462,"Unadjusted"
191,"500",-2.96303388251233,"Unadjusted"
192,"500",-2.12301468826176,"Unadjusted"
193,"500",-2.23524216547777,"Unadjusted"
194,"500",-2.85444544939467,"Unadjusted"
195,"500",-6.65467400721039,"Unadjusted"
196,"500",-2.64934059913098,"Unadjusted"
197,"500",-3.11044005835097,"Unadjusted"
198,"500",-2.92618272631241,"Unadjusted"
199,"500",-3.76813939043079,"Unadjusted"
200,"500",-4.86543675339245,"Unadjusted"
201,"500",-8.30883340150144,"Unadjusted"
202,"500",-2.41249603289492,"Unadjusted"
203,"500",-3.08784496745405,"Unadjusted"
204,"500",-2.66802976329406,"Unadjusted"
205,"500",-2.95089044822182,"Unadjusted"
206,"500",-2.30143121614776,"Unadjusted"
207,"500",-8.57505125037302,"Unadjusted"
208,"500",-2.57030306580737,"Unadjusted"
209,"500",-3.6531949725198,"Unadjusted"
210,"500",-4.22048136629187,"Unadjusted"
211,"500",-2.98322819360165,"Unadjusted"
212,"500",-3.3176731588676,"Unadjusted"
213,"500",-2.83502114364583,"Unadjusted"
214,"500",-2.97223155275712,"Unadjusted"
215,"500",-2.8229731968201,"Unadjusted"
216,"500",-3.30064438742219,"Unadjusted"
217,"500",-2.18676577152015,"Unadjusted"
218,"500",-2.77774762513121,"Unadjusted"
219,"500",-2.22916179219365,"Unadjusted"
220,"500",-2.66261530354828,"Unadjusted"
221,"500",-2.79692291421911,"Unadjusted"
222,"500",-2.92442311988212,"Unadjusted"
223,"500",-2.47272909014503,"Unadjusted"
224,"500",-2.83799194088742,"Unadjusted"
225,"500",-2.07706021205156,"Unadjusted"
226,"500",-2.79494540565648,"Unadjusted"
227,"500",-4.29354648512991,"Unadjusted"
228,"500",-2.34595925695288,"Unadjusted"
229,"500",-3.89449679842563,"Unadjusted"
230,"500",-2.67250387996461,"Unadjusted"
231,"500",-6.91539731001549,"Unadjusted"
232,"500",-2.68943447389613,"Unadjusted"
233,"500",-2.11650509703528,"Unadjusted"
234,"500",-3.17351376723288,"Unadjusted"
235,"500",-1.80429602368023,"Unadjusted"
236,"500",-3.36238965067507,"Unadjusted"
237,"500",-3.43917662777493,"Unadjusted"
238,"500",-3.22901847739782,"Unadjusted"
239,"500",-3.73988091661471,"Unadjusted"
240,"500",-3.51945655389862,"Unadjusted"
241,"500",-3.65634799385425,"Unadjusted"
242,"500",-2.6979435741072,"Unadjusted"
243,"500",-2.46595785521342,"Unadjusted"
244,"500",-2.46010982703882,"Unadjusted"
245,"500",-2.26464623149497,"Unadjusted"
246,"500",-2.87661975108403,"Unadjusted"
247,"500",-2.20784599500689,"Unadjusted"
248,"500",-4.48253231539399,"Unadjusted"
249,"500",-4.45127525536106,"Unadjusted"
250,"500",-2.25330148475628,"Unadjusted"
251,"500",-3.25148820119205,"Unadjusted"
252,"500",-2.47756358360402,"Unadjusted"
253,"500",-3.59499374977634,"Unadjusted"
254,"500",-2.28871100793602,"Unadjusted"
255,"500",-3.13424733344372,"Unadjusted"
256,"500",-2.87624935069866,"Unadjusted"
257,"500",-2.40912501847062,"Unadjusted"
258,"500",-4.21153995359559,"Unadjusted"
259,"500",-1.93636245171464,"Unadjusted"
260,"500",-2.88745107838634,"Unadjusted"
261,"500",-3.36647669255232,"Unadjusted"
262,"500",-4.43659720779147,"Unadjusted"
263,"500",-2.97644762726043,"Unadjusted"
264,"500",-2.47191461304168,"Unadjusted"
265,"500",-2.65470093838168,"Unadjusted"
266,"500",-2.0703791620956,"Unadjusted"
267,"500",-5.18385474760823,"Unadjusted"
268,"500",-3.4957975148908,"Unadjusted"
269,"500",-2.63278880783466,"Unadjusted"
270,"500",-3.88085410696399,"Unadjusted"
271,"500",-3.32722054419865,"Unadjusted"
272,"500",-2.62327820005497,"Unadjusted"
273,"500",-2.9357741280745,"Unadjusted"
274,"500",-3.2035417170877,"Unadjusted"
275,"500",-2.58059859640437,"Unadjusted"
276,"500",-3.40462661643858,"Unadjusted"
277,"500",-2.42483576366144,"Unadjusted"
278,"500",-2.97611549231825,"Unadjusted"
279,"500",-1.88841610816814,"Unadjusted"
280,"500",-2.54936409486822,"Unadjusted"
281,"500",-3.25197164566515,"Unadjusted"
282,"500",-2.59658913171861,"Unadjusted"
283,"500",-20.6240034918365,"Unadjusted"
284,"500",-2.24888385113087,"Unadjusted"
285,"500",-4.255523811011,"Unadjusted"
286,"500",-2.52258166042049,"Unadjusted"
287,"500",-2.74934386706831,"Unadjusted"
288,"500",-2.64274319708845,"Unadjusted"
289,"500",-3.75198539618011,"Unadjusted"
290,"500",-3.61968998093837,"Unadjusted"
291,"500",-2.26260746503258,"Unadjusted"
292,"500",-2.53312365304889,"Unadjusted"
293,"500",-4.46147337479629,"Unadjusted"
294,"500",-3.32735958529292,"Unadjusted"
295,"500",-7.10144248007168,"Unadjusted"
296,"500",-2.18968612995213,"Unadjusted"
297,"500",-2.92486968940236,"Unadjusted"
298,"500",-2.3756205498491,"Unadjusted"
299,"500",-2.9938019703805,"Unadjusted"
300,"500",-3.69596871895472,"Unadjusted"
301,"500",-2.18733071618417,"Unadjusted"
302,"500",-2.39267452629207,"Unadjusted"
303,"500",-8.49205670242453,"Unadjusted"
304,"500",-3.14918718394631,"Unadjusted"
305,"500",-2.95997642359744,"Unadjusted"
306,"500",-2.56179038580628,"Unadjusted"
307,"500",-2.58834670013729,"Unadjusted"
308,"500",-2.09970881061503,"Unadjusted"
309,"500",-3.98850472168014,"Unadjusted"
310,"500",-2.80091824088686,"Unadjusted"
311,"500",-3.80136550155477,"Unadjusted"
312,"500",-2.59526712435801,"Unadjusted"
313,"500",-2.20159081499455,"Unadjusted"
314,"500",-3.39168495900879,"Unadjusted"
315,"500",-2.42642004497008,"Unadjusted"
316,"500",-2.65766630644427,"Unadjusted"
317,"500",-2.51058830988403,"Unadjusted"
318,"500",-2.39820484037079,"Unadjusted"
319,"500",-2.32900697377892,"Unadjusted"
320,"500",-3.71558838408581,"Unadjusted"
321,"500",-3.44946520122081,"Unadjusted"
322,"500",-3.07145165313124,"Unadjusted"
323,"500",-2.51892891160871,"Unadjusted"
324,"500",-2.54891292661807,"Unadjusted"
325,"500",-2.31907198368712,"Unadjusted"
326,"500",-4.15513620166522,"Unadjusted"
327,"500",-1.73083372828149,"Unadjusted"
328,"500",-2.85558079418668,"Unadjusted"
329,"500",-4.02801210206103,"Unadjusted"
330,"500",-3.21794440755623,"Unadjusted"
331,"500",-5.32053804726798,"Unadjusted"
332,"500",-11.6568376133457,"Unadjusted"
333,"500",-2.39795760549661,"Unadjusted"
334,"500",-7.22457262109023,"Unadjusted"
335,"500",-2.64550272825112,"Unadjusted"
336,"500",-2.67631997323787,"Unadjusted"
337,"500",-2.1573693946813,"Unadjusted"
338,"500",-2.10552228512702,"Unadjusted"
339,"500",-4.11555101599863,"Unadjusted"
340,"500",-3.26666616924052,"Unadjusted"
341,"500",-3.59672750405405,"Unadjusted"
342,"500",-2.09657369286919,"Unadjusted"
343,"500",-2.43922509520575,"Unadjusted"
344,"500",-2.04499152564423,"Unadjusted"
345,"500",-3.73100494503947,"Unadjusted"
346,"500",-2.3056225746357,"Unadjusted"
347,"500",-2.52609030381656,"Unadjusted"
348,"500",-2.61230254041442,"Unadjusted"
349,"500",-2.62398835565093,"Unadjusted"
350,"500",-4.53850516481634,"Unadjusted"
351,"500",-4.82667946484599,"Unadjusted"
352,"500",-3.04436741332389,"Unadjusted"
353,"500",-2.42254362166863,"Unadjusted"
354,"500",-2.37315843386689,"Unadjusted"
355,"500",-2.9690595044327,"Unadjusted"
356,"500",-2.41222324404046,"Unadjusted"
357,"500",-3.58138833963995,"Unadjusted"
358,"500",-2.74161979572552,"Unadjusted"
359,"500",-6.5460991780737,"Unadjusted"
360,"500",-3.86649019043812,"Unadjusted"
361,"500",-3.42944507857185,"Unadjusted"
362,"500",-2.70178512209505,"Unadjusted"
363,"500",-3.09895058071696,"Unadjusted"
364,"500",-4.12955883686846,"Unadjusted"
365,"500",-2.53554241839033,"Unadjusted"
366,"500",-2.6759086944611,"Unadjusted"
367,"500",-3.31255498729432,"Unadjusted"
368,"500",-2.50277713405274,"Unadjusted"
369,"500",-3.02075333372961,"Unadjusted"
370,"500",-2.65438753081659,"Unadjusted"
371,"500",-4.07303916286093,"Unadjusted"
372,"500",-5.06149364289784,"Unadjusted"
373,"500",-3.07420489669341,"Unadjusted"
374,"500",-2.6572887375097,"Unadjusted"
375,"500",-3.61201213731329,"Unadjusted"
376,"500",-4.88034671930168,"Unadjusted"
377,"500",-3.77566205823338,"Unadjusted"
378,"500",-2.71888031224907,"Unadjusted"
379,"500",-2.74194488351737,"Unadjusted"
380,"500",-2.23107739587757,"Unadjusted"
381,"500",-2.53599912086774,"Unadjusted"
382,"500",-1.9655651902577,"Unadjusted"
383,"500",-3.38966161946076,"Unadjusted"
384,"500",-3.30455006850609,"Unadjusted"
385,"500",-5.17189654321559,"Unadjusted"
386,"500",-7.11961795061751,"Unadjusted"
387,"500",-2.44552093692461,"Unadjusted"
388,"500",-2.94810638402486,"Unadjusted"
389,"500",-2.50995159886668,"Unadjusted"
390,"500",-2.24876250411168,"Unadjusted"
391,"500",-3.22431115349327,"Unadjusted"
392,"500",-2.49662407339515,"Unadjusted"
393,"500",-5.66685887735721,"Unadjusted"
394,"500",-3.20991790923561,"Unadjusted"
395,"500",-3.0593372565475,"Unadjusted"
396,"500",-2.1407135224405,"Unadjusted"
397,"500",-2.00225164137673,"Unadjusted"
398,"500",-2.60875517464135,"Unadjusted"
399,"500",-1.94949842227954,"Unadjusted"
400,"500",-2.19747824043667,"Unadjusted"
401,"500",-2.29620898790578,"Unadjusted"
402,"500",-3.28063546331774,"Unadjusted"
403,"500",-2.07598853799164,"Unadjusted"
404,"500",-2.60258797635319,"Unadjusted"
405,"500",-2.30838687051017,"Unadjusted"
406,"500",-3.36211390636173,"Unadjusted"
407,"500",-2.80722436452016,"Unadjusted"
408,"500",-4.07730216800388,"Unadjusted"
409,"500",-4.21169990996955,"Unadjusted"
410,"500",-4.53863768998371,"Unadjusted"
411,"500",-1.9947551764448,"Unadjusted"
412,"500",-3.92088082185959,"Unadjusted"
413,"500",-8.38805475794457,"Unadjusted"
414,"500",-3.12010472806462,"Unadjusted"
415,"500",-2.39521255086886,"Unadjusted"
416,"500",-3.00986631419169,"Unadjusted"
417,"500",-3.69178523288757,"Unadjusted"
418,"500",-2.86769927326069,"Unadjusted"
419,"500",-3.27445062447309,"Unadjusted"
420,"500",-5.48604057489533,"Unadjusted"
421,"500",-3.11561116112547,"Unadjusted"
422,"500",-2.49942881850723,"Unadjusted"
423,"500",-3.14078206750357,"Unadjusted"
424,"500",-2.46241981712604,"Unadjusted"
425,"500",-2.92520751086439,"Unadjusted"
426,"500",-2.69301730168615,"Unadjusted"
427,"500",-4.05280507601709,"Unadjusted"
428,"500",-2.27977745575272,"Unadjusted"
429,"500",-2.70038027151899,"Unadjusted"
430,"500",-2.42628513826767,"Unadjusted"
431,"500",-2.23914601396042,"Unadjusted"
432,"500",-2.91214571761391,"Unadjusted"
433,"500",-2.35409727076704,"Unadjusted"
434,"500",-3.75835950665417,"Unadjusted"
435,"500",-2.99791434101261,"Unadjusted"
436,"500",-3.09474908225101,"Unadjusted"
437,"500",-2.77334003939614,"Unadjusted"
438,"500",-3.9066862913838,"Unadjusted"
439,"500",-2.18279564435229,"Unadjusted"
440,"500",-2.31246700298295,"Unadjusted"
441,"500",-3.49365280475579,"Unadjusted"
442,"500",-2.81101831424948,"Unadjusted"
443,"500",-3.15647402903193,"Unadjusted"
444,"500",-2.22947029070701,"Unadjusted"
445,"500",-2.94612993678793,"Unadjusted"
446,"500",-2.89776467419307,"Unadjusted"
447,"500",-3.28322180072458,"Unadjusted"
448,"500",-3.15775904048419,"Unadjusted"
449,"500",-3.27726568609291,"Unadjusted"
450,"500",-5.10776959231878,"Unadjusted"
451,"500",-2.49798455933761,"Unadjusted"
452,"500",-3.33621352487691,"Unadjusted"
453,"500",-2.02431211112336,"Unadjusted"
454,"500",-1.89868522835893,"Unadjusted"
455,"500",-2.42844810248642,"Unadjusted"
456,"500",-2.71103697623783,"Unadjusted"
457,"500",-4.7288324330726,"Unadjusted"
458,"500",-3.13787166753318,"Unadjusted"
459,"500",-3.26319288366935,"Unadjusted"
460,"500",-2.88881090838142,"Unadjusted"
461,"500",-1.88457551919151,"Unadjusted"
462,"500",-4.75612766185518,"Unadjusted"
463,"500",-6.06947943771514,"Unadjusted"
464,"500",-5.71304884462678,"Unadjusted"
465,"500",-3.61725026702417,"Unadjusted"
466,"500",-3.09162233026664,"Unadjusted"
467,"500",-3.45909333902234,"Unadjusted"
468,"500",-2.96545053646635,"Unadjusted"
469,"500",-2.322277711395,"Unadjusted"
470,"500",-2.19588094487246,"Unadjusted"
471,"500",-2.19820952916172,"Unadjusted"
472,"500",-2.12588734877362,"Unadjusted"
473,"500",-2.67417408820957,"Unadjusted"
474,"500",-4.00266379433568,"Unadjusted"
475,"500",-2.87877665059631,"Unadjusted"
476,"500",-4.70754482013519,"Unadjusted"
477,"500",-2.17375882633631,"Unadjusted"
478,"500",-2.63642849981155,"Unadjusted"
479,"500",-3.35527310873752,"Unadjusted"
480,"500",-2.23520077194346,"Unadjusted"
481,"500",-10.449253429179,"Unadjusted"
482,"500",-2.71952123323655,"Unadjusted"
483,"500",-2.47115749883288,"Unadjusted"
484,"500",-3.17230075027369,"Unadjusted"
485,"500",-2.45059410603454,"Unadjusted"
486,"500",-3.9024632720332,"Unadjusted"
487,"500",-3.265777665152,"Unadjusted"
488,"500",-3.64125528653715,"Unadjusted"
489,"500",-3.4466679172108,"Unadjusted"
490,"500",-2.27325487043606,"Unadjusted"
491,"500",-7.20284821800231,"Unadjusted"
492,"500",-2.76188114701764,"Unadjusted"
493,"500",-6.73791818162412,"Unadjusted"
494,"500",-2.69444799207064,"Unadjusted"
495,"500",-7.195014574829,"Unadjusted"
496,"500",-2.2557226643047,"Unadjusted"
497,"500",-2.31258012902677,"Unadjusted"
498,"500",-2.69005830762999,"Unadjusted"
499,"500",-3.17663389281334,"Unadjusted"
500,"500",-2.68547454428081,"Unadjusted"
501,"500",-3.01450080833304,"Unadjusted"
502,"500",-2.43752333115234,"Unadjusted"
503,"500",-3.64728719017058,"Unadjusted"
504,"500",-4.11546021415209,"Unadjusted"
505,"500",-2.4439691088292,"Unadjusted"
506,"500",-3.86885605926072,"Unadjusted"
507,"500",-2.99046648746747,"Unadjusted"
508,"500",-3.55895469245706,"Unadjusted"
509,"500",-2.41613201599463,"Unadjusted"
510,"500",-2.55172977463636,"Unadjusted"
511,"500",-2.81771487801792,"Unadjusted"
512,"500",-3.99809663402585,"Unadjusted"
513,"500",-2.5875864325052,"Unadjusted"
514,"500",-2.65422065263815,"Unadjusted"
515,"500",-2.80644861931595,"Unadjusted"
516,"500",-5.87282957885512,"Unadjusted"
517,"500",-2.82778897233391,"Unadjusted"
518,"500",-4.13327107310447,"Unadjusted"
519,"500",-2.38877977297986,"Unadjusted"
520,"500",-2.4162657669818,"Unadjusted"
521,"500",-2.2067120455282,"Unadjusted"
522,"500",-3.42836395622733,"Unadjusted"
523,"500",-2.6307273731656,"Unadjusted"
524,"500",-5.11169832578617,"Unadjusted"
525,"500",-2.58771581077183,"Unadjusted"
526,"500",-2.38700444082514,"Unadjusted"
527,"500",-3.97817032090844,"Unadjusted"
528,"500",-3.5450373196571,"Unadjusted"
529,"500",-3.00187694629144,"Unadjusted"
530,"500",-3.08828491107542,"Unadjusted"
531,"500",-2.35662455036874,"Unadjusted"
532,"500",-2.91821341396692,"Unadjusted"
533,"500",-2.26593796106166,"Unadjusted"
534,"500",-2.84273929821475,"Unadjusted"
535,"500",-2.2378924194915,"Unadjusted"
536,"500",-2.15821879737396,"Unadjusted"
537,"500",-2.02298143041051,"Unadjusted"
538,"500",-2.02684921685176,"Unadjusted"
539,"500",-2.72962347753547,"Unadjusted"
540,"500",-2.20290719706708,"Unadjusted"
541,"500",-3.74963823005579,"Unadjusted"
542,"500",-2.41822002541531,"Unadjusted"
543,"500",-2.3576193013441,"Unadjusted"
544,"500",-2.25015039432233,"Unadjusted"
545,"500",-2.37421241336436,"Unadjusted"
546,"500",-5.17835616276164,"Unadjusted"
547,"500",-3.59742250940568,"Unadjusted"
548,"500",-3.03112870844578,"Unadjusted"
549,"500",-2.11177175947784,"Unadjusted"
550,"500",-2.50717594022917,"Unadjusted"
551,"500",-2.3081057810141,"Unadjusted"
552,"500",-2.30181797850582,"Unadjusted"
553,"500",-4.36903137321422,"Unadjusted"
554,"500",-3.1075032926388,"Unadjusted"
555,"500",-2.72700847346207,"Unadjusted"
556,"500",-3.69660830213115,"Unadjusted"
557,"500",-2.79053845944819,"Unadjusted"
558,"500",-2.99193654652613,"Unadjusted"
559,"500",-2.04804518669807,"Unadjusted"
560,"500",-4.22802785197442,"Unadjusted"
561,"500",-2.76125899377221,"Unadjusted"
562,"500",-3.20217808290932,"Unadjusted"
563,"500",-3.41449361467946,"Unadjusted"
564,"500",-3.07558538127702,"Unadjusted"
565,"500",-2.51108059092941,"Unadjusted"
566,"500",-3.75668820616243,"Unadjusted"
567,"500",-2.76975213551226,"Unadjusted"
568,"500",-2.39161999132144,"Unadjusted"
569,"500",-5.09070311404923,"Unadjusted"
570,"500",-3.73962459471562,"Unadjusted"
571,"500",-5.52571721605392,"Unadjusted"
572,"500",-3.64915148876045,"Unadjusted"
573,"500",-4.34132101813778,"Unadjusted"
574,"500",-3.52463663845619,"Unadjusted"
575,"500",-3.28853174005445,"Unadjusted"
576,"500",-3.73621056373165,"Unadjusted"
577,"500",-7.41752932708889,"Unadjusted"
578,"500",-2.6676873037105,"Unadjusted"
579,"500",-2.71164723371716,"Unadjusted"
580,"500",-3.48644591872133,"Unadjusted"
581,"500",-2.2468576496388,"Unadjusted"
582,"500",-3.08586414018942,"Unadjusted"
583,"500",-2.04514580763388,"Unadjusted"
584,"500",-2.86247252065535,"Unadjusted"
585,"500",-2.70361460183533,"Unadjusted"
586,"500",-3.85373703271565,"Unadjusted"
587,"500",-3.41602417759559,"Unadjusted"
588,"500",-2.65635702969842,"Unadjusted"
589,"500",-2.00510546109787,"Unadjusted"
590,"500",-2.38359944478432,"Unadjusted"
591,"500",-5.08016307323156,"Unadjusted"
592,"500",-6.84387948713414,"Unadjusted"
593,"500",-2.38759795730076,"Unadjusted"
594,"500",-2.94868970932244,"Unadjusted"
595,"500",-2.96704347866635,"Unadjusted"
596,"500",-3.35518182500112,"Unadjusted"
597,"500",-2.97282728093675,"Unadjusted"
598,"500",-3.22222255241003,"Unadjusted"
599,"500",-3.46940813595731,"Unadjusted"
600,"500",-2.6460283451067,"Unadjusted"
601,"500",-2.24833085873954,"Unadjusted"
602,"500",-2.29439228587757,"Unadjusted"
603,"500",-3.86610748769714,"Unadjusted"
604,"500",-2.38441785704015,"Unadjusted"
605,"500",-2.18148329531949,"Unadjusted"
606,"500",-3.14576671989633,"Unadjusted"
607,"500",-2.85946586196591,"Unadjusted"
608,"500",-2.20547145975072,"Unadjusted"
609,"500",-2.49838591493907,"Unadjusted"
610,"500",-1.95700304158212,"Unadjusted"
611,"500",-2.61265614741738,"Unadjusted"
612,"500",-2.87911869207554,"Unadjusted"
613,"500",-3.71419183433392,"Unadjusted"
614,"500",-2.48724586941492,"Unadjusted"
615,"500",-5.08159890121052,"Unadjusted"
616,"500",-4.07442622452452,"Unadjusted"
617,"500",-7.22529799953077,"Unadjusted"
618,"500",-1.96132026998695,"Unadjusted"
619,"500",-2.29448742685073,"Unadjusted"
620,"500",-3.23331332088538,"Unadjusted"
621,"500",-4.84163954241637,"Unadjusted"
622,"500",-2.36643735030341,"Unadjusted"
623,"500",-1.88132832129157,"Unadjusted"
624,"500",-2.65886429884464,"Unadjusted"
625,"500",-2.26715212936673,"Unadjusted"
626,"500",-2.62517754698496,"Unadjusted"
627,"500",-3.61662469490983,"Unadjusted"
628,"500",-3.42913174955599,"Unadjusted"
629,"500",-2.21989625852096,"Unadjusted"
630,"500",-3.95905850717974,"Unadjusted"
631,"500",-3.5306908576155,"Unadjusted"
632,"500",-2.61574714532181,"Unadjusted"
633,"500",-2.43776672476822,"Unadjusted"
634,"500",-1.83050689657206,"Unadjusted"
635,"500",-2.66359201168618,"Unadjusted"
636,"500",-2.43892886681549,"Unadjusted"
637,"500",-2.57526973664277,"Unadjusted"
638,"500",-2.42828195273787,"Unadjusted"
639,"500",-5.54067460110444,"Unadjusted"
640,"500",-3.46550997867754,"Unadjusted"
641,"500",-2.60262909547226,"Unadjusted"
642,"500",-2.60439004907701,"Unadjusted"
643,"500",-4.13564725878281,"Unadjusted"
644,"500",-2.60215454512006,"Unadjusted"
645,"500",-3.00215332706098,"Unadjusted"
646,"500",-3.61049527367776,"Unadjusted"
647,"500",-2.52006780768726,"Unadjusted"
648,"500",-3.22082153694522,"Unadjusted"
649,"500",-6.58422583166942,"Unadjusted"
650,"500",-2.2499839024684,"Unadjusted"
651,"500",-2.69074074340153,"Unadjusted"
652,"500",-3.59013976226837,"Unadjusted"
653,"500",-2.95977940696678,"Unadjusted"
654,"500",-1.84282765691202,"Unadjusted"
655,"500",-2.21041157659728,"Unadjusted"
656,"500",-2.42447134101957,"Unadjusted"
657,"500",-2.41519532254662,"Unadjusted"
658,"500",-2.98018623979336,"Unadjusted"
659,"500",-2.93157274709432,"Unadjusted"
660,"500",-2.80193441991931,"Unadjusted"
661,"500",-3.1700132915507,"Unadjusted"
662,"500",-3.4218209507681,"Unadjusted"
663,"500",-3.16845267334362,"Unadjusted"
664,"500",-3.37687837020739,"Unadjusted"
665,"500",-2.78498472762122,"Unadjusted"
666,"500",-2.58506032741193,"Unadjusted"
667,"500",-2.34952960948925,"Unadjusted"
668,"500",-2.0632686200883,"Unadjusted"
669,"500",-3.20537560857307,"Unadjusted"
670,"500",-2.49385652341162,"Unadjusted"
671,"500",-2.68512532595291,"Unadjusted"
672,"500",-2.27241900581851,"Unadjusted"
673,"500",-3.41592982780869,"Unadjusted"
674,"500",-2.85533413998862,"Unadjusted"
675,"500",-1.97016961984276,"Unadjusted"
676,"500",-3.61191188899418,"Unadjusted"
677,"500",-10.2249266596109,"Unadjusted"
678,"500",-2.51017635707102,"Unadjusted"
679,"500",-3.56274661347286,"Unadjusted"
680,"500",-2.92873157012498,"Unadjusted"
681,"500",-2.97629303913933,"Unadjusted"
682,"500",-2.05747422233217,"Unadjusted"
683,"500",-2.87938924318084,"Unadjusted"
684,"500",-2.9338472660444,"Unadjusted"
685,"500",-3.50977974502674,"Unadjusted"
686,"500",-2.70692822394785,"Unadjusted"
687,"500",-2.94126123372547,"Unadjusted"
688,"500",-4.67891091756914,"Unadjusted"
689,"500",-2.00317622222306,"Unadjusted"
690,"500",-3.49040318165224,"Unadjusted"
691,"500",-2.22772955961545,"Unadjusted"
692,"500",-2.73738408055144,"Unadjusted"
693,"500",-3.11326461026676,"Unadjusted"
694,"500",-2.97108156173052,"Unadjusted"
695,"500",-2.12927610327677,"Unadjusted"
696,"500",-2.00362443559281,"Unadjusted"
697,"500",-7.30084295483806,"Unadjusted"
698,"500",-3.70325939146495,"Unadjusted"
699,"500",-2.18060392955056,"Unadjusted"
700,"500",-2.20282247772223,"Unadjusted"
701,"500",-2.6096375751404,"Unadjusted"
702,"500",-3.18547701089266,"Unadjusted"
703,"500",-2.30445933279638,"Unadjusted"
704,"500",-3.40142296551822,"Unadjusted"
705,"500",-2.39354175541487,"Unadjusted"
706,"500",-5.18548538519649,"Unadjusted"
707,"500",-12.8803334897835,"Unadjusted"
708,"500",-4.13248122326614,"Unadjusted"
709,"500",-2.38236651655518,"Unadjusted"
710,"500",-2.54938985700827,"Unadjusted"
711,"500",-2.18019901027848,"Unadjusted"
712,"500",-2.99315968593664,"Unadjusted"
713,"500",-3.9236989071259,"Unadjusted"
714,"500",-2.31287139787914,"Unadjusted"
715,"500",-2.14712640507033,"Unadjusted"
716,"500",-4.29931233797345,"Unadjusted"
717,"500",-3.12584664810407,"Unadjusted"
718,"500",-3.13444305966806,"Unadjusted"
719,"500",-2.26626498580912,"Unadjusted"
720,"500",-3.79847591327627,"Unadjusted"
721,"500",-2.43101885792717,"Unadjusted"
722,"500",-2.15030386713628,"Unadjusted"
723,"500",-7.96042402730198,"Unadjusted"
724,"500",-2.77428857867637,"Unadjusted"
725,"500",-2.34191672484331,"Unadjusted"
726,"500",-3.41752855731108,"Unadjusted"
727,"500",-3.90508606455448,"Unadjusted"
728,"500",-3.83859991546778,"Unadjusted"
729,"500",-2.18805888399088,"Unadjusted"
730,"500",-1.864231028342,"Unadjusted"
731,"500",-2.49652984356175,"Unadjusted"
732,"500",-3.05492795877387,"Unadjusted"
733,"500",-2.33785656140882,"Unadjusted"
734,"500",-3.77890131106402,"Unadjusted"
735,"500",-3.22924645551412,"Unadjusted"
736,"500",-3.31270111787684,"Unadjusted"
737,"500",-2.49058943176432,"Unadjusted"
738,"500",-3.26587654128575,"Unadjusted"
739,"500",-4.0989353207057,"Unadjusted"
740,"500",-2.27078135208754,"Unadjusted"
741,"500",-2.9795748782866,"Unadjusted"
742,"500",-2.1772626189746,"Unadjusted"
743,"500",-2.05352125888598,"Unadjusted"
744,"500",-1.98546657421287,"Unadjusted"
745,"500",-3.12707642679438,"Unadjusted"
746,"500",-3.43863805142851,"Unadjusted"
747,"500",-2.81969171297098,"Unadjusted"
748,"500",-2.2851186498805,"Unadjusted"
749,"500",-3.01248301312109,"Unadjusted"
750,"500",-7.58257973713225,"Unadjusted"
751,"500",-2.74179675147058,"Unadjusted"
752,"500",-2.52765851923773,"Unadjusted"
753,"500",-3.91221052309613,"Unadjusted"
754,"500",-2.5055426749557,"Unadjusted"
755,"500",-4.53381380674432,"Unadjusted"
756,"500",-3.98522348056855,"Unadjusted"
757,"500",-2.43570373807457,"Unadjusted"
758,"500",-3.59159619810009,"Unadjusted"
759,"500",-2.04743658145194,"Unadjusted"
760,"500",-4.2289499607989,"Unadjusted"
761,"500",-7.78846520520311,"Unadjusted"
762,"500",-3.04099492490723,"Unadjusted"
763,"500",-2.24304832003279,"Unadjusted"
764,"500",-3.40099222658705,"Unadjusted"
765,"500",-2.31098827672982,"Unadjusted"
766,"500",-2.69914034082748,"Unadjusted"
767,"500",-2.24986648663152,"Unadjusted"
768,"500",-2.62680306275429,"Unadjusted"
769,"500",-1.75362605416208,"Unadjusted"
770,"500",-2.09818605158155,"Unadjusted"
771,"500",-2.2397805371417,"Unadjusted"
772,"500",-3.94081454164454,"Unadjusted"
773,"500",-2.588208514737,"Unadjusted"
774,"500",-48.8548776780917,"Unadjusted"
775,"500",-2.89768398816429,"Unadjusted"
776,"500",-2.58387498616658,"Unadjusted"
777,"500",-2.75789558948801,"Unadjusted"
778,"500",-2.49312033925119,"Unadjusted"
779,"500",-3.42179227519992,"Unadjusted"
780,"500",-13.1535073348235,"Unadjusted"
781,"500",-3.29707034014451,"Unadjusted"
782,"500",-2.84743097589824,"Unadjusted"
783,"500",-3.36356768655985,"Unadjusted"
784,"500",-2.75353514219465,"Unadjusted"
785,"500",-2.31246731465697,"Unadjusted"
786,"500",-2.40199540778472,"Unadjusted"
787,"500",-2.25340184489059,"Unadjusted"
788,"500",-1.79255502610211,"Unadjusted"
789,"500",-2.43780537460492,"Unadjusted"
790,"500",-2.51634799630318,"Unadjusted"
791,"500",-2.82501819497978,"Unadjusted"
792,"500",-2.83944092147092,"Unadjusted"
793,"500",-7.92940982196431,"Unadjusted"
794,"500",-3.13044303426754,"Unadjusted"
795,"500",-3.12548762228883,"Unadjusted"
796,"500",-3.31539564130301,"Unadjusted"
797,"500",-4.64923810275863,"Unadjusted"
798,"500",-3.02957918917359,"Unadjusted"
799,"500",-2.13029705389291,"Unadjusted"
800,"500",-1.90016299576602,"Unadjusted"
801,"500",-3.81800926292152,"Unadjusted"
802,"500",-2.30377185416906,"Unadjusted"
803,"500",-2.56299462074668,"Unadjusted"
804,"500",-4.45783376577109,"Unadjusted"
805,"500",-2.22603823565722,"Unadjusted"
806,"500",-4.25580248507401,"Unadjusted"
807,"500",-5.53620283230795,"Unadjusted"
808,"500",-3.91249903421855,"Unadjusted"
809,"500",-3.03421284681809,"Unadjusted"
810,"500",-2.84055158560467,"Unadjusted"
811,"500",-2.62603433372781,"Unadjusted"
812,"500",-1.89171461356654,"Unadjusted"
813,"500",-8.07243433285623,"Unadjusted"
814,"500",-3.05849783616215,"Unadjusted"
815,"500",-2.42422704034122,"Unadjusted"
816,"500",-5.64510867224468,"Unadjusted"
817,"500",-2.69507520177705,"Unadjusted"
818,"500",-2.63938467655489,"Unadjusted"
819,"500",-5.30945197294326,"Unadjusted"
820,"500",-5.51212996025929,"Unadjusted"
821,"500",-5.30788511262748,"Unadjusted"
822,"500",-4.51910489783743,"Unadjusted"
823,"500",-2.50635430142673,"Unadjusted"
824,"500",-2.53099729012427,"Unadjusted"
825,"500",-2.17353289731456,"Unadjusted"
826,"500",-2.11594584809586,"Unadjusted"
827,"500",-2.87099944211213,"Unadjusted"
828,"500",-3.79882312287328,"Unadjusted"
829,"500",-2.29174177101867,"Unadjusted"
830,"500",-1.93562912897135,"Unadjusted"
831,"500",-2.31198242197754,"Unadjusted"
832,"500",-2.80212048973315,"Unadjusted"
833,"500",-2.55353695186911,"Unadjusted"
834,"500",-3.94965502452853,"Unadjusted"
835,"500",-3.21921154382174,"Unadjusted"
836,"500",-2.85660799482724,"Unadjusted"
837,"500",-3.25435074466321,"Unadjusted"
838,"500",-3.40423338864654,"Unadjusted"
839,"500",-3.67162654459434,"Unadjusted"
840,"500",-2.27793624742498,"Unadjusted"
841,"500",-3.41395214937053,"Unadjusted"
842,"500",-2.6888094100889,"Unadjusted"
843,"500",-2.38312086231534,"Unadjusted"
844,"500",-3.36482662635703,"Unadjusted"
845,"500",-1.9676144457484,"Unadjusted"
846,"500",-2.57071904218523,"Unadjusted"
847,"500",-3.27918126323061,"Unadjusted"
848,"500",-2.5095061156278,"Unadjusted"
849,"500",-2.13312579311294,"Unadjusted"
850,"500",-2.99532638108093,"Unadjusted"
851,"500",-4.06822382137709,"Unadjusted"
852,"500",-3.02651898644775,"Unadjusted"
853,"500",-3.58367663304953,"Unadjusted"
854,"500",-2.32284366118739,"Unadjusted"
855,"500",-4.65457370515994,"Unadjusted"
856,"500",-2.49584861739437,"Unadjusted"
857,"500",-2.03963065393345,"Unadjusted"
858,"500",-2.74230900768577,"Unadjusted"
859,"500",-3.50441138873865,"Unadjusted"
860,"500",-2.08042148713353,"Unadjusted"
861,"500",-2.29591499004905,"Unadjusted"
862,"500",-11.7838858141953,"Unadjusted"
863,"500",-4.59478025178945,"Unadjusted"
864,"500",-3.18845549757237,"Unadjusted"
865,"500",-4.38596310002698,"Unadjusted"
866,"500",-3.72821922898,"Unadjusted"
867,"500",-2.30492665041622,"Unadjusted"
868,"500",-2.29155097345475,"Unadjusted"
869,"500",-5.07437228818818,"Unadjusted"
870,"500",-2.41967801245581,"Unadjusted"
871,"500",-2.88783779082106,"Unadjusted"
872,"500",-3.40356185264882,"Unadjusted"
873,"500",-2.07760064015258,"Unadjusted"
874,"500",-2.64356490542832,"Unadjusted"
875,"500",-2.53815417068052,"Unadjusted"
876,"500",-4.68434734035419,"Unadjusted"
877,"500",-2.45733560285931,"Unadjusted"
878,"500",-2.34636865674897,"Unadjusted"
879,"500",-1.87065222022822,"Unadjusted"
880,"500",-6.66668870395811,"Unadjusted"
881,"500",-2.52820891915815,"Unadjusted"
882,"500",-5.60028619653613,"Unadjusted"
883,"500",-2.80113303389242,"Unadjusted"
884,"500",-2.69878220316878,"Unadjusted"
885,"500",-3.04462955788818,"Unadjusted"
886,"500",-2.31017236387618,"Unadjusted"
887,"500",-2.62396181513097,"Unadjusted"
888,"500",-2.44858430787621,"Unadjusted"
889,"500",-2.07104205739451,"Unadjusted"
890,"500",-3.47091367757389,"Unadjusted"
891,"500",-3.0623391876928,"Unadjusted"
892,"500",-3.11871604280783,"Unadjusted"
893,"500",-2.70954210252302,"Unadjusted"
894,"500",-2.50529561373316,"Unadjusted"
895,"500",-3.98250130929977,"Unadjusted"
896,"500",-8.19634659826367,"Unadjusted"
897,"500",-3.11414422624353,"Unadjusted"
898,"500",-2.16256303096032,"Unadjusted"
899,"500",-2.53142323917813,"Unadjusted"
900,"500",-3.47850950719143,"Unadjusted"
901,"500",-2.26245329325462,"Unadjusted"
902,"500",-2.59162079579179,"Unadjusted"
903,"500",-4.47616884572219,"Unadjusted"
904,"500",-5.09333847646173,"Unadjusted"
905,"500",-4.35797846453564,"Unadjusted"
906,"500",-2.76738168526628,"Unadjusted"
907,"500",-2.8594582766642,"Unadjusted"
908,"500",-2.29477724939052,"Unadjusted"
909,"500",-9.15792741952769,"Unadjusted"
910,"500",-3.19565913231974,"Unadjusted"
911,"500",-2.49351326180705,"Unadjusted"
912,"500",-4.02672374574419,"Unadjusted"
913,"500",-2.23052537747259,"Unadjusted"
914,"500",-2.78736780954904,"Unadjusted"
915,"500",-3.90436614068937,"Unadjusted"
916,"500",-2.65493977436287,"Unadjusted"
917,"500",-4.06551857240587,"Unadjusted"
918,"500",-2.09923712732332,"Unadjusted"
919,"500",-2.97304064440664,"Unadjusted"
920,"500",-2.81752950946604,"Unadjusted"
921,"500",-7.72313234241274,"Unadjusted"
922,"500",-2.51627282124252,"Unadjusted"
923,"500",-5.02984019417828,"Unadjusted"
924,"500",-2.14929160542605,"Unadjusted"
925,"500",-2.67275411241482,"Unadjusted"
926,"500",-2.7944797085536,"Unadjusted"
927,"500",-3.92658583173807,"Unadjusted"
928,"500",-2.33175627102125,"Unadjusted"
929,"500",-2.4178016488306,"Unadjusted"
930,"500",-8.18447833855597,"Unadjusted"
931,"500",-2.3150076558886,"Unadjusted"
932,"500",-4.18409298587187,"Unadjusted"
933,"500",-5.30346574711706,"Unadjusted"
934,"500",-2.0061203678949,"Unadjusted"
935,"500",-2.16585010033756,"Unadjusted"
936,"500",-2.84133739721163,"Unadjusted"
937,"500",-3.5149417554334,"Unadjusted"
938,"500",-7.35995972642798,"Unadjusted"
939,"500",-4.64999880035891,"Unadjusted"
940,"500",-3.3008012494712,"Unadjusted"
941,"500",-4.54518582894402,"Unadjusted"
942,"500",-2.58355545749713,"Unadjusted"
943,"500",-2.51832416357036,"Unadjusted"
944,"500",-3.03016524176786,"Unadjusted"
945,"500",-3.63423148102205,"Unadjusted"
946,"500",-2.86345672727365,"Unadjusted"
947,"500",-2.86835962369805,"Unadjusted"
948,"500",-2.73673792634925,"Unadjusted"
949,"500",-12.8019116583115,"Unadjusted"
950,"500",-3.5992118079455,"Unadjusted"
951,"500",-2.78506902661849,"Unadjusted"
952,"500",-1.87435870756792,"Unadjusted"
953,"500",-3.62758859784955,"Unadjusted"
954,"500",-3.12014870916407,"Unadjusted"
955,"500",-9.15549427326761,"Unadjusted"
956,"500",-3.30455220378164,"Unadjusted"
957,"500",-2.30716113131779,"Unadjusted"
958,"500",-4.45501542991738,"Unadjusted"
959,"500",-2.28643737438293,"Unadjusted"
960,"500",-2.3815996366076,"Unadjusted"
961,"500",-2.56317200188426,"Unadjusted"
962,"500",-3.07502789414191,"Unadjusted"
963,"500",-2.79832448756774,"Unadjusted"
964,"500",-2.25323425017905,"Unadjusted"
965,"500",-2.99535083027426,"Unadjusted"
966,"500",-2.00877012083511,"Unadjusted"
967,"500",-2.42458031901311,"Unadjusted"
968,"500",-3.21640945557971,"Unadjusted"
969,"500",-2.55105576529281,"Unadjusted"
970,"500",-3.19240346675427,"Unadjusted"
971,"500",-1.84653163569424,"Unadjusted"
972,"500",-3.9884243683406,"Unadjusted"
973,"500",-2.24687711209407,"Unadjusted"
974,"500",-2.06022020782732,"Unadjusted"
975,"500",-2.37216497860809,"Unadjusted"
976,"500",-2.4816879715489,"Unadjusted"
977,"500",-3.54526665108463,"Unadjusted"
978,"500",-3.70362850010861,"Unadjusted"
979,"500",-2.5502615628305,"Unadjusted"
980,"500",-2.56062467099561,"Unadjusted"
981,"500",-3.71077115011662,"Unadjusted"
982,"500",-2.92244423734734,"Unadjusted"
983,"500",-2.63749517927678,"Unadjusted"
984,"500",-2.47009236009689,"Unadjusted"
985,"500",-2.42298062575698,"Unadjusted"
986,"500",-2.9244407104414,"Unadjusted"
987,"500",-2.58759225741734,"Unadjusted"
988,"500",-4.19627208970354,"Unadjusted"
989,"500",-3.73457920440385,"Unadjusted"
990,"500",-3.84499339682541,"Unadjusted"
991,"500",-2.43530248763148,"Unadjusted"
992,"500",-2.73665207785457,"Unadjusted"
993,"500",-2.53628284630215,"Unadjusted"
994,"500",-3.09760836855696,"Unadjusted"
995,"500",-2.3049624578439,"Unadjusted"
996,"500",-2.552655899015,"Unadjusted"
997,"500",-3.25027561078304,"Unadjusted"
998,"500",-3.27972535164667,"Unadjusted"
999,"500",-3.53410710374098,"Unadjusted"
1000,"500",-6.94089463994812,"Unadjusted"
1,"1000",-2.0947071100754,"Unadjusted"
2,"1000",-2.58951986300771,"Unadjusted"
3,"1000",-2.39668367374389,"Unadjusted"
4,"1000",-2.44412412910247,"Unadjusted"
5,"1000",-2.99354486911249,"Unadjusted"
6,"1000",-2.51793228426743,"Unadjusted"
7,"1000",-2.97503032371489,"Unadjusted"
8,"1000",-3.1898489418455,"Unadjusted"
9,"1000",-3.25106614227125,"Unadjusted"
10,"1000",-2.60459525436262,"Unadjusted"
11,"1000",-3.3173612227171,"Unadjusted"
12,"1000",-3.03829940622158,"Unadjusted"
13,"1000",-2.77366060458062,"Unadjusted"
14,"1000",-2.83303569294124,"Unadjusted"
15,"1000",-2.68039703294027,"Unadjusted"
16,"1000",-2.18823838865227,"Unadjusted"
17,"1000",-2.79992446028333,"Unadjusted"
18,"1000",-2.5797124850345,"Unadjusted"
19,"1000",-2.80659337243386,"Unadjusted"
20,"1000",-2.46658443061909,"Unadjusted"
21,"1000",-3.32391728196852,"Unadjusted"
22,"1000",-2.85737735724127,"Unadjusted"
23,"1000",-2.72410405989742,"Unadjusted"
24,"1000",-2.57408381970843,"Unadjusted"
25,"1000",-2.66397142993992,"Unadjusted"
26,"1000",-3.50427827346224,"Unadjusted"
27,"1000",-2.55141161985841,"Unadjusted"
28,"1000",-2.79762338649086,"Unadjusted"
29,"1000",-2.53684023848689,"Unadjusted"
30,"1000",-2.6025619385282,"Unadjusted"
31,"1000",-3.76750202992463,"Unadjusted"
32,"1000",-4.48909385619446,"Unadjusted"
33,"1000",-2.58437472136768,"Unadjusted"
34,"1000",-2.91266784336457,"Unadjusted"
35,"1000",-2.59161550687793,"Unadjusted"
36,"1000",-2.60970373364244,"Unadjusted"
37,"1000",-2.29812671841263,"Unadjusted"
38,"1000",-2.52083319305343,"Unadjusted"
39,"1000",-2.99339007835378,"Unadjusted"
40,"1000",-2.44850180308479,"Unadjusted"
41,"1000",-2.61486532227606,"Unadjusted"
42,"1000",-4.74502603985622,"Unadjusted"
43,"1000",-3.01851722938605,"Unadjusted"
44,"1000",-4.36284113527361,"Unadjusted"
45,"1000",-2.69902574073646,"Unadjusted"
46,"1000",-2.7186537022233,"Unadjusted"
47,"1000",-2.80369027095814,"Unadjusted"
48,"1000",-2.85490814629847,"Unadjusted"
49,"1000",-3.51630435375059,"Unadjusted"
50,"1000",-2.61144707739174,"Unadjusted"
51,"1000",-2.89889082167064,"Unadjusted"
52,"1000",-3.92555209881363,"Unadjusted"
53,"1000",-2.44357058226846,"Unadjusted"
54,"1000",-2.57040268982435,"Unadjusted"
55,"1000",-2.50208548259122,"Unadjusted"
56,"1000",-2.32551019785191,"Unadjusted"
57,"1000",-3.91605046115757,"Unadjusted"
58,"1000",-2.61375492040527,"Unadjusted"
59,"1000",-2.49343667504213,"Unadjusted"
60,"1000",-2.7548504395574,"Unadjusted"
61,"1000",-4.19550598971056,"Unadjusted"
62,"1000",-3.94001026386682,"Unadjusted"
63,"1000",-3.35955711222688,"Unadjusted"
64,"1000",-3.3706989640051,"Unadjusted"
65,"1000",-2.4575559951513,"Unadjusted"
66,"1000",-2.4687946868938,"Unadjusted"
67,"1000",-2.86260498302251,"Unadjusted"
68,"1000",-2.31867328114444,"Unadjusted"
69,"1000",-3.5728708454374,"Unadjusted"
70,"1000",-2.1776292543443,"Unadjusted"
71,"1000",-3.04210132524139,"Unadjusted"
72,"1000",-2.99625963876513,"Unadjusted"
73,"1000",-2.97649433025411,"Unadjusted"
74,"1000",-2.36861989580502,"Unadjusted"
75,"1000",-2.6606035511112,"Unadjusted"
76,"1000",-2.60278986084762,"Unadjusted"
77,"1000",-3.23125502567624,"Unadjusted"
78,"1000",-3.45963431146854,"Unadjusted"
79,"1000",-3.50704689372835,"Unadjusted"
80,"1000",-3.44646205455287,"Unadjusted"
81,"1000",-2.80283621693224,"Unadjusted"
82,"1000",-3.87280806527548,"Unadjusted"
83,"1000",-2.22786434601939,"Unadjusted"
84,"1000",-2.82987909109315,"Unadjusted"
85,"1000",-5.26281164825405,"Unadjusted"
86,"1000",-2.27300765471683,"Unadjusted"
87,"1000",-2.31645909392261,"Unadjusted"
88,"1000",-4.31464799497724,"Unadjusted"
89,"1000",-3.61025384377707,"Unadjusted"
90,"1000",-3.17642574441821,"Unadjusted"
91,"1000",-2.12418747843365,"Unadjusted"
92,"1000",-2.65345766659912,"Unadjusted"
93,"1000",-2.8101587814108,"Unadjusted"
94,"1000",-3.85027982570033,"Unadjusted"
95,"1000",-2.48711375840488,"Unadjusted"
96,"1000",-2.37486224314371,"Unadjusted"
97,"1000",-2.57312432169753,"Unadjusted"
98,"1000",-2.59741984381965,"Unadjusted"
99,"1000",-3.3943261445282,"Unadjusted"
100,"1000",-4.34460735609431,"Unadjusted"
101,"1000",-2.84192759008129,"Unadjusted"
102,"1000",-3.28367587697932,"Unadjusted"
103,"1000",-2.56592217980972,"Unadjusted"
104,"1000",-3.41507720233635,"Unadjusted"
105,"1000",-2.60788233005775,"Unadjusted"
106,"1000",-2.86996249354286,"Unadjusted"
107,"1000",-4.36337826914706,"Unadjusted"
108,"1000",-2.49793683032066,"Unadjusted"
109,"1000",-2.42367084673383,"Unadjusted"
110,"1000",-2.33327030274217,"Unadjusted"
111,"1000",-2.95998752375104,"Unadjusted"
112,"1000",-2.36221308281415,"Unadjusted"
113,"1000",-2.5115629018578,"Unadjusted"
114,"1000",-3.04378548258771,"Unadjusted"
115,"1000",-2.97443405935108,"Unadjusted"
116,"1000",-2.59019530111046,"Unadjusted"
117,"1000",-3.36311433725255,"Unadjusted"
118,"1000",-2.77293862461126,"Unadjusted"
119,"1000",-3.42022280445385,"Unadjusted"
120,"1000",-3.05422970211412,"Unadjusted"
121,"1000",-3.60546274149264,"Unadjusted"
122,"1000",-2.42114919590762,"Unadjusted"
123,"1000",-4.14195255274914,"Unadjusted"
124,"1000",-2.40315615004424,"Unadjusted"
125,"1000",-2.62912909568929,"Unadjusted"
126,"1000",-4.73933302532397,"Unadjusted"
127,"1000",-2.30328014199951,"Unadjusted"
128,"1000",-3.00442042468021,"Unadjusted"
129,"1000",-3.20196371012801,"Unadjusted"
130,"1000",-4.29416421505352,"Unadjusted"
131,"1000",-2.59215730610102,"Unadjusted"
132,"1000",-2.6212675391066,"Unadjusted"
133,"1000",-2.82879850457238,"Unadjusted"
134,"1000",-3.01561301795899,"Unadjusted"
135,"1000",-2.92442681545122,"Unadjusted"
136,"1000",-3.17333960029245,"Unadjusted"
137,"1000",-2.96166469641225,"Unadjusted"
138,"1000",-2.68572214936852,"Unadjusted"
139,"1000",-3.73111069963755,"Unadjusted"
140,"1000",-3.84525589493852,"Unadjusted"
141,"1000",-2.25479356026385,"Unadjusted"
142,"1000",-3.16438987620437,"Unadjusted"
143,"1000",-2.75991476742577,"Unadjusted"
144,"1000",-3.85301663076385,"Unadjusted"
145,"1000",-3.30683462933148,"Unadjusted"
146,"1000",-2.43343715243855,"Unadjusted"
147,"1000",-3.4224846251007,"Unadjusted"
148,"1000",-2.34206847477733,"Unadjusted"
149,"1000",-4.31491094368048,"Unadjusted"
150,"1000",-2.48626704818901,"Unadjusted"
151,"1000",-2.79705016955784,"Unadjusted"
152,"1000",-2.87343320301137,"Unadjusted"
153,"1000",-2.45713713248925,"Unadjusted"
154,"1000",-2.2927814275987,"Unadjusted"
155,"1000",-2.29619677126612,"Unadjusted"
156,"1000",-2.80135545361988,"Unadjusted"
157,"1000",-2.74269432118299,"Unadjusted"
158,"1000",-3.11342694710325,"Unadjusted"
159,"1000",-2.26982966793065,"Unadjusted"
160,"1000",-3.35252540969831,"Unadjusted"
161,"1000",-2.75990018141397,"Unadjusted"
162,"1000",-2.48776244783567,"Unadjusted"
163,"1000",-2.64366078916064,"Unadjusted"
164,"1000",-3.43623116883576,"Unadjusted"
165,"1000",-2.81416435645195,"Unadjusted"
166,"1000",-2.06410110897927,"Unadjusted"
167,"1000",-2.45897875346017,"Unadjusted"
168,"1000",-2.37384401168574,"Unadjusted"
169,"1000",-2.61647988611573,"Unadjusted"
170,"1000",-2.62239482897619,"Unadjusted"
171,"1000",-2.34809853844583,"Unadjusted"
172,"1000",-2.58884413716365,"Unadjusted"
173,"1000",-2.74593684692695,"Unadjusted"
174,"1000",-3.03895859021618,"Unadjusted"
175,"1000",-3.04652549940541,"Unadjusted"
176,"1000",-3.39060311444729,"Unadjusted"
177,"1000",-3.01579108735641,"Unadjusted"
178,"1000",-2.56598375641282,"Unadjusted"
179,"1000",-2.33781167969675,"Unadjusted"
180,"1000",-2.51223153727136,"Unadjusted"
181,"1000",-3.73317598271514,"Unadjusted"
182,"1000",-2.60853791824769,"Unadjusted"
183,"1000",-2.22451949202721,"Unadjusted"
184,"1000",-2.32710353418983,"Unadjusted"
185,"1000",-3.69346722990224,"Unadjusted"
186,"1000",-2.87711563783982,"Unadjusted"
187,"1000",-3.24895009058392,"Unadjusted"
188,"1000",-2.61304536500607,"Unadjusted"
189,"1000",-2.38592305460545,"Unadjusted"
190,"1000",-2.47711820925224,"Unadjusted"
191,"1000",-2.34500762737191,"Unadjusted"
192,"1000",-2.60587303951599,"Unadjusted"
193,"1000",-2.6981489531671,"Unadjusted"
194,"1000",-3.61601574869451,"Unadjusted"
195,"1000",-3.64146821518249,"Unadjusted"
196,"1000",-2.81896877567499,"Unadjusted"
197,"1000",-3.28990473856805,"Unadjusted"
198,"1000",-3.08899284347136,"Unadjusted"
199,"1000",-2.53251015872212,"Unadjusted"
200,"1000",-4.36402589603845,"Unadjusted"
201,"1000",-5.26616385808846,"Unadjusted"
202,"1000",-2.60033609859569,"Unadjusted"
203,"1000",-2.79119383187287,"Unadjusted"
204,"1000",-3.95825089869517,"Unadjusted"
205,"1000",-2.45327617084958,"Unadjusted"
206,"1000",-2.68520292419544,"Unadjusted"
207,"1000",-3.16510815968081,"Unadjusted"
208,"1000",-2.87561953006715,"Unadjusted"
209,"1000",-4.46160366223167,"Unadjusted"
210,"1000",-2.49482997762049,"Unadjusted"
211,"1000",-2.89968715964329,"Unadjusted"
212,"1000",-2.7792118193893,"Unadjusted"
213,"1000",-3.73297693984608,"Unadjusted"
214,"1000",-2.74569543310873,"Unadjusted"
215,"1000",-2.6810665516873,"Unadjusted"
216,"1000",-2.48081437354279,"Unadjusted"
217,"1000",-3.20768856756905,"Unadjusted"
218,"1000",-2.34348728190076,"Unadjusted"
219,"1000",-2.60554445463518,"Unadjusted"
220,"1000",-3.01355249786465,"Unadjusted"
221,"1000",-3.27007132245533,"Unadjusted"
222,"1000",-2.92150002524792,"Unadjusted"
223,"1000",-2.99491775967409,"Unadjusted"
224,"1000",-3.00426927616586,"Unadjusted"
225,"1000",-4.28984811553832,"Unadjusted"
226,"1000",-3.41265783230377,"Unadjusted"
227,"1000",-3.27181823434479,"Unadjusted"
228,"1000",-3.84957319480591,"Unadjusted"
229,"1000",-4.97994386788209,"Unadjusted"
230,"1000",-2.42123493843023,"Unadjusted"
231,"1000",-3.41078882688707,"Unadjusted"
232,"1000",-2.31467894552741,"Unadjusted"
233,"1000",-3.00557903959325,"Unadjusted"
234,"1000",-2.47958932110769,"Unadjusted"
235,"1000",-2.94203193657308,"Unadjusted"
236,"1000",-2.53816380588886,"Unadjusted"
237,"1000",-3.79721103267634,"Unadjusted"
238,"1000",-2.97285194122703,"Unadjusted"
239,"1000",-2.85326813552601,"Unadjusted"
240,"1000",-3.96187960635358,"Unadjusted"
241,"1000",-2.66622412871763,"Unadjusted"
242,"1000",-3.7954182490609,"Unadjusted"
243,"1000",-2.45605232701276,"Unadjusted"
244,"1000",-2.61091221550809,"Unadjusted"
245,"1000",-3.92039589567071,"Unadjusted"
246,"1000",-2.84397381091436,"Unadjusted"
247,"1000",-2.98113673637138,"Unadjusted"
248,"1000",-6.88727545295164,"Unadjusted"
249,"1000",-2.0497131551141,"Unadjusted"
250,"1000",-3.97309491545092,"Unadjusted"
251,"1000",-4.46947321330564,"Unadjusted"
252,"1000",-2.70031078728204,"Unadjusted"
253,"1000",-3.77925138981792,"Unadjusted"
254,"1000",-2.48402822848586,"Unadjusted"
255,"1000",-2.79853573458683,"Unadjusted"
256,"1000",-2.07618282834411,"Unadjusted"
257,"1000",-3.84611451522046,"Unadjusted"
258,"1000",-2.82035819169775,"Unadjusted"
259,"1000",-2.7939987627218,"Unadjusted"
260,"1000",-4.61421019823176,"Unadjusted"
261,"1000",-2.39914182446635,"Unadjusted"
262,"1000",-2.67199446466058,"Unadjusted"
263,"1000",-3.10949502659473,"Unadjusted"
264,"1000",-2.6140980345232,"Unadjusted"
265,"1000",-2.77189511940166,"Unadjusted"
266,"1000",-3.04215328189747,"Unadjusted"
267,"1000",-2.87769012186164,"Unadjusted"
268,"1000",-2.12914697731355,"Unadjusted"
269,"1000",-2.37444735985829,"Unadjusted"
270,"1000",-3.1826667768895,"Unadjusted"
271,"1000",-3.56723520822176,"Unadjusted"
272,"1000",-3.16052826119704,"Unadjusted"
273,"1000",-2.63575131695523,"Unadjusted"
274,"1000",-4.62738028668043,"Unadjusted"
275,"1000",-3.58253613372779,"Unadjusted"
276,"1000",-3.07083417824515,"Unadjusted"
277,"1000",-2.1719125522703,"Unadjusted"
278,"1000",-2.82509120367322,"Unadjusted"
279,"1000",-2.62053347339778,"Unadjusted"
280,"1000",-2.77209005607975,"Unadjusted"
281,"1000",-3.14619558339093,"Unadjusted"
282,"1000",-3.29210194430697,"Unadjusted"
283,"1000",-2.27675671446637,"Unadjusted"
284,"1000",-2.01629450065367,"Unadjusted"
285,"1000",-2.90478861674953,"Unadjusted"
286,"1000",-1.93312011012702,"Unadjusted"
287,"1000",-4.13578441239199,"Unadjusted"
288,"1000",-2.4959772535861,"Unadjusted"
289,"1000",-2.24001708998943,"Unadjusted"
290,"1000",-3.04091334582515,"Unadjusted"
291,"1000",-3.01965196895904,"Unadjusted"
292,"1000",-2.77744410009638,"Unadjusted"
293,"1000",-2.44019291000998,"Unadjusted"
294,"1000",-2.64376227719847,"Unadjusted"
295,"1000",-4.12216791363461,"Unadjusted"
296,"1000",-1.8607251298301,"Unadjusted"
297,"1000",-3.69808133141092,"Unadjusted"
298,"1000",-2.59820404954152,"Unadjusted"
299,"1000",-4.37653738966182,"Unadjusted"
300,"1000",-3.7587131330822,"Unadjusted"
301,"1000",-2.68643978787017,"Unadjusted"
302,"1000",-2.90725066981902,"Unadjusted"
303,"1000",-2.79373369167883,"Unadjusted"
304,"1000",-2.61938169069905,"Unadjusted"
305,"1000",-2.31052938136764,"Unadjusted"
306,"1000",-2.5282472969101,"Unadjusted"
307,"1000",-2.86976523802886,"Unadjusted"
308,"1000",-3.01960644291707,"Unadjusted"
309,"1000",-3.29112435574965,"Unadjusted"
310,"1000",-2.6756960798184,"Unadjusted"
311,"1000",-2.77441688045156,"Unadjusted"
312,"1000",-3.1065068397887,"Unadjusted"
313,"1000",-2.58253161800159,"Unadjusted"
314,"1000",-2.69154094785128,"Unadjusted"
315,"1000",-2.92974585049125,"Unadjusted"
316,"1000",-2.15543187941824,"Unadjusted"
317,"1000",-4.91716934306255,"Unadjusted"
318,"1000",-2.67858354286759,"Unadjusted"
319,"1000",-2.35252931565278,"Unadjusted"
320,"1000",-3.95984174481099,"Unadjusted"
321,"1000",-3.25846046608856,"Unadjusted"
322,"1000",-2.09216064050871,"Unadjusted"
323,"1000",-3.72500812704982,"Unadjusted"
324,"1000",-2.45773110583414,"Unadjusted"
325,"1000",-3.05692413793546,"Unadjusted"
326,"1000",-2.52517101001003,"Unadjusted"
327,"1000",-3.6924159964995,"Unadjusted"
328,"1000",-2.2628264662799,"Unadjusted"
329,"1000",-2.57542730954265,"Unadjusted"
330,"1000",-3.0644715068829,"Unadjusted"
331,"1000",-3.26798361833819,"Unadjusted"
332,"1000",-2.86152022235265,"Unadjusted"
333,"1000",-2.75783923621309,"Unadjusted"
334,"1000",-2.66693397021931,"Unadjusted"
335,"1000",-3.07550173206518,"Unadjusted"
336,"1000",-3.20149426911234,"Unadjusted"
337,"1000",-3.0619695629755,"Unadjusted"
338,"1000",-3.46573786409868,"Unadjusted"
339,"1000",-2.69439708970126,"Unadjusted"
340,"1000",-3.12278714211102,"Unadjusted"
341,"1000",-2.86398879370998,"Unadjusted"
342,"1000",-2.73575056252659,"Unadjusted"
343,"1000",-2.63793468327647,"Unadjusted"
344,"1000",-2.97656887591019,"Unadjusted"
345,"1000",-2.49059816986184,"Unadjusted"
346,"1000",-2.79701083115496,"Unadjusted"
347,"1000",-2.18052082048287,"Unadjusted"
348,"1000",-3.95400092356158,"Unadjusted"
349,"1000",-3.00358212510588,"Unadjusted"
350,"1000",-2.56915346397266,"Unadjusted"
351,"1000",-3.37941406116002,"Unadjusted"
352,"1000",-2.40140718617956,"Unadjusted"
353,"1000",-3.34334789620461,"Unadjusted"
354,"1000",-2.383224327999,"Unadjusted"
355,"1000",-2.38097990684301,"Unadjusted"
356,"1000",-2.64210758450622,"Unadjusted"
357,"1000",-2.62790120000833,"Unadjusted"
358,"1000",-2.32837656938881,"Unadjusted"
359,"1000",-2.87108203890456,"Unadjusted"
360,"1000",-2.80855256070613,"Unadjusted"
361,"1000",-2.47320001608566,"Unadjusted"
362,"1000",-2.99346443930566,"Unadjusted"
363,"1000",-3.08286399064009,"Unadjusted"
364,"1000",-2.96460388480559,"Unadjusted"
365,"1000",-4.46780452465003,"Unadjusted"
366,"1000",-2.56432065947844,"Unadjusted"
367,"1000",-2.16323248003473,"Unadjusted"
368,"1000",-2.56120070910074,"Unadjusted"
369,"1000",-2.56087201217441,"Unadjusted"
370,"1000",-2.62810517667198,"Unadjusted"
371,"1000",-3.51938224943245,"Unadjusted"
372,"1000",-2.30719913331925,"Unadjusted"
373,"1000",-2.48468113224929,"Unadjusted"
374,"1000",-3.1480717842852,"Unadjusted"
375,"1000",-2.31695356629855,"Unadjusted"
376,"1000",-2.71925484790018,"Unadjusted"
377,"1000",-3.90429624278952,"Unadjusted"
378,"1000",-2.82401161374654,"Unadjusted"
379,"1000",-4.52994581206677,"Unadjusted"
380,"1000",-2.83266271397159,"Unadjusted"
381,"1000",-3.35465103149504,"Unadjusted"
382,"1000",-2.47246722439524,"Unadjusted"
383,"1000",-2.79182517021374,"Unadjusted"
384,"1000",-3.99454885549948,"Unadjusted"
385,"1000",-2.47767052420007,"Unadjusted"
386,"1000",-2.93818138357645,"Unadjusted"
387,"1000",-3.94153727519379,"Unadjusted"
388,"1000",-2.42706031617438,"Unadjusted"
389,"1000",-2.57836555199905,"Unadjusted"
390,"1000",-2.69213428179004,"Unadjusted"
391,"1000",-2.37070075059461,"Unadjusted"
392,"1000",-2.55294799096294,"Unadjusted"
393,"1000",-2.86714004031662,"Unadjusted"
394,"1000",-2.26081599902803,"Unadjusted"
395,"1000",-2.51469448953582,"Unadjusted"
396,"1000",-2.7851275670934,"Unadjusted"
397,"1000",-4.1576134075222,"Unadjusted"
398,"1000",-2.74921392852227,"Unadjusted"
399,"1000",-4.88874794860226,"Unadjusted"
400,"1000",-2.4455820474311,"Unadjusted"
401,"1000",-3.31925706428198,"Unadjusted"
402,"1000",-3.02253472682781,"Unadjusted"
403,"1000",-2.92206647705794,"Unadjusted"
404,"1000",-3.24337736625768,"Unadjusted"
405,"1000",-2.72359556377255,"Unadjusted"
406,"1000",-3.17708273885294,"Unadjusted"
407,"1000",-4.23019750498919,"Unadjusted"
408,"1000",-3.13676110568584,"Unadjusted"
409,"1000",-2.91346904356914,"Unadjusted"
410,"1000",-3.12062249546337,"Unadjusted"
411,"1000",-2.42163998336723,"Unadjusted"
412,"1000",-2.59890237179319,"Unadjusted"
413,"1000",-2.6205666218824,"Unadjusted"
414,"1000",-2.75015448663481,"Unadjusted"
415,"1000",-2.11276935556907,"Unadjusted"
416,"1000",-2.99340052669853,"Unadjusted"
417,"1000",-2.81682147353759,"Unadjusted"
418,"1000",-2.38961742241054,"Unadjusted"
419,"1000",-3.65489847955973,"Unadjusted"
420,"1000",-3.42654790040038,"Unadjusted"
421,"1000",-2.00816024724006,"Unadjusted"
422,"1000",-5.33221055190528,"Unadjusted"
423,"1000",-2.38206746124156,"Unadjusted"
424,"1000",-3.51575131072379,"Unadjusted"
425,"1000",-2.65671775823711,"Unadjusted"
426,"1000",-2.86297905069961,"Unadjusted"
427,"1000",-3.45354827384636,"Unadjusted"
428,"1000",-3.39428391408365,"Unadjusted"
429,"1000",-3.42264078600486,"Unadjusted"
430,"1000",-2.39542337840462,"Unadjusted"
431,"1000",-2.70890412111632,"Unadjusted"
432,"1000",-3.67069834883861,"Unadjusted"
433,"1000",-2.25684329419617,"Unadjusted"
434,"1000",-2.18322217739234,"Unadjusted"
435,"1000",-2.03196481754974,"Unadjusted"
436,"1000",-3.0598497477396,"Unadjusted"
437,"1000",-2.87167167776054,"Unadjusted"
438,"1000",-3.56078281818601,"Unadjusted"
439,"1000",-2.45096247348343,"Unadjusted"
440,"1000",-2.41190798148241,"Unadjusted"
441,"1000",-3.16384745554362,"Unadjusted"
442,"1000",-2.98697499513582,"Unadjusted"
443,"1000",-2.89632772660214,"Unadjusted"
444,"1000",-2.30051750730514,"Unadjusted"
445,"1000",-3.37029309388203,"Unadjusted"
446,"1000",-3.55632717747907,"Unadjusted"
447,"1000",-2.77333748582141,"Unadjusted"
448,"1000",-2.14617063482565,"Unadjusted"
449,"1000",-2.54870338700305,"Unadjusted"
450,"1000",-2.51341490810709,"Unadjusted"
451,"1000",-2.38863407297029,"Unadjusted"
452,"1000",-2.78209187822114,"Unadjusted"
453,"1000",-3.8295226534212,"Unadjusted"
454,"1000",-2.64766004672313,"Unadjusted"
455,"1000",-2.72006947787839,"Unadjusted"
456,"1000",-3.20446266895293,"Unadjusted"
457,"1000",-2.26599667181174,"Unadjusted"
458,"1000",-3.11674097648298,"Unadjusted"
459,"1000",-2.67402596979601,"Unadjusted"
460,"1000",-2.95609063401324,"Unadjusted"
461,"1000",-3.7955010329006,"Unadjusted"
462,"1000",-2.74913121449613,"Unadjusted"
463,"1000",-2.78356329916023,"Unadjusted"
464,"1000",-3.16001771942848,"Unadjusted"
465,"1000",-3.28820274296566,"Unadjusted"
466,"1000",-3.00339620531227,"Unadjusted"
467,"1000",-5.2494033573532,"Unadjusted"
468,"1000",-2.62463836965187,"Unadjusted"
469,"1000",-3.88476622539606,"Unadjusted"
470,"1000",-3.39081152394854,"Unadjusted"
471,"1000",-2.38983283308451,"Unadjusted"
472,"1000",-2.79554897027302,"Unadjusted"
473,"1000",-2.86363946094717,"Unadjusted"
474,"1000",-2.7810289913483,"Unadjusted"
475,"1000",-2.70768261899901,"Unadjusted"
476,"1000",-2.23880401477433,"Unadjusted"
477,"1000",-2.77848876618173,"Unadjusted"
478,"1000",-2.80890758420132,"Unadjusted"
479,"1000",-4.10724146382019,"Unadjusted"
480,"1000",-3.63494821338832,"Unadjusted"
481,"1000",-2.74680358181011,"Unadjusted"
482,"1000",-2.69989610992643,"Unadjusted"
483,"1000",-2.4021939460535,"Unadjusted"
484,"1000",-3.55819423042679,"Unadjusted"
485,"1000",-2.21160895786813,"Unadjusted"
486,"1000",-2.39942025823523,"Unadjusted"
487,"1000",-3.30100451986476,"Unadjusted"
488,"1000",-3.14074352427148,"Unadjusted"
489,"1000",-3.35458868321872,"Unadjusted"
490,"1000",-2.29703765943351,"Unadjusted"
491,"1000",-3.35821224895205,"Unadjusted"
492,"1000",-2.96978065950254,"Unadjusted"
493,"1000",-2.17864212591388,"Unadjusted"
494,"1000",-2.26367141906625,"Unadjusted"
495,"1000",-2.36666943996737,"Unadjusted"
496,"1000",-2.64601202145245,"Unadjusted"
497,"1000",-2.4049227199264,"Unadjusted"
498,"1000",-2.93967738657887,"Unadjusted"
499,"1000",-2.96860714217705,"Unadjusted"
500,"1000",-2.6482667634862,"Unadjusted"
501,"1000",-4.874651840704,"Unadjusted"
502,"1000",-2.38863171720404,"Unadjusted"
503,"1000",-3.90649686303192,"Unadjusted"
504,"1000",-2.81327822359903,"Unadjusted"
505,"1000",-6.99558666366747,"Unadjusted"
506,"1000",-2.64048315572513,"Unadjusted"
507,"1000",-3.12233725997307,"Unadjusted"
508,"1000",-3.58852090232038,"Unadjusted"
509,"1000",-3.92907040125248,"Unadjusted"
510,"1000",-2.52619711290381,"Unadjusted"
511,"1000",-4.77717249679613,"Unadjusted"
512,"1000",-2.79080148425423,"Unadjusted"
513,"1000",-2.45389987972835,"Unadjusted"
514,"1000",-2.86424018522161,"Unadjusted"
515,"1000",-2.61194712830561,"Unadjusted"
516,"1000",-3.81621087042052,"Unadjusted"
517,"1000",-2.39547442576966,"Unadjusted"
518,"1000",-2.89811734867771,"Unadjusted"
519,"1000",-2.37793059995312,"Unadjusted"
520,"1000",-3.77737747810221,"Unadjusted"
521,"1000",-2.80927368142811,"Unadjusted"
522,"1000",-2.23606206421411,"Unadjusted"
523,"1000",-2.82123325372928,"Unadjusted"
524,"1000",-3.12161416362746,"Unadjusted"
525,"1000",-2.75501951308701,"Unadjusted"
526,"1000",-2.91559970742912,"Unadjusted"
527,"1000",-2.43598657310362,"Unadjusted"
528,"1000",-2.83314973597876,"Unadjusted"
529,"1000",-3.1925819045404,"Unadjusted"
530,"1000",-2.59899580548223,"Unadjusted"
531,"1000",-3.14046023520588,"Unadjusted"
532,"1000",-2.89800384355933,"Unadjusted"
533,"1000",-1.72349012407607,"Unadjusted"
534,"1000",-2.93361652823036,"Unadjusted"
535,"1000",-2.95956211500976,"Unadjusted"
536,"1000",-3.56803453194209,"Unadjusted"
537,"1000",-2.59251661404989,"Unadjusted"
538,"1000",-1.9696238473871,"Unadjusted"
539,"1000",-2.51655727584765,"Unadjusted"
540,"1000",-8.75163605255072,"Unadjusted"
541,"1000",-2.87502109190676,"Unadjusted"
542,"1000",-2.8234858827802,"Unadjusted"
543,"1000",-2.17021876927297,"Unadjusted"
544,"1000",-2.56390370839352,"Unadjusted"
545,"1000",-2.26042483498103,"Unadjusted"
546,"1000",-2.69416978584408,"Unadjusted"
547,"1000",-3.56059498784841,"Unadjusted"
548,"1000",-2.27774747286021,"Unadjusted"
549,"1000",-3.94284601199699,"Unadjusted"
550,"1000",-3.1581078772297,"Unadjusted"
551,"1000",-2.40668187302377,"Unadjusted"
552,"1000",-3.58300368068945,"Unadjusted"
553,"1000",-2.51968977032426,"Unadjusted"
554,"1000",-2.65082949186022,"Unadjusted"
555,"1000",-5.87636451006864,"Unadjusted"
556,"1000",-2.73020773134131,"Unadjusted"
557,"1000",-2.39962907713954,"Unadjusted"
558,"1000",-3.2281201908662,"Unadjusted"
559,"1000",-2.50164348874484,"Unadjusted"
560,"1000",-2.5422701260606,"Unadjusted"
561,"1000",-3.33436272996765,"Unadjusted"
562,"1000",-3.07922192284323,"Unadjusted"
563,"1000",-3.04153161964047,"Unadjusted"
564,"1000",-3.97787975644218,"Unadjusted"
565,"1000",-2.21563660525987,"Unadjusted"
566,"1000",-4.1628636237408,"Unadjusted"
567,"1000",-2.37159386750666,"Unadjusted"
568,"1000",-2.38591528922703,"Unadjusted"
569,"1000",-2.76803843389641,"Unadjusted"
570,"1000",-2.87640302102186,"Unadjusted"
571,"1000",-2.39718464553759,"Unadjusted"
572,"1000",-2.43582976221702,"Unadjusted"
573,"1000",-3.89522808725201,"Unadjusted"
574,"1000",-2.20266850593996,"Unadjusted"
575,"1000",-3.66287302377924,"Unadjusted"
576,"1000",-3.26342301939945,"Unadjusted"
577,"1000",-2.62709400577497,"Unadjusted"
578,"1000",-3.16587697668757,"Unadjusted"
579,"1000",-2.44460733322297,"Unadjusted"
580,"1000",-3.13819556731028,"Unadjusted"
581,"1000",-2.61627011408611,"Unadjusted"
582,"1000",-2.75991336942064,"Unadjusted"
583,"1000",-2.87781774221615,"Unadjusted"
584,"1000",-3.6477436630116,"Unadjusted"
585,"1000",-3.1809847740974,"Unadjusted"
586,"1000",-2.20364107861581,"Unadjusted"
587,"1000",-3.17850814994569,"Unadjusted"
588,"1000",-2.29082824654314,"Unadjusted"
589,"1000",-2.36962085367966,"Unadjusted"
590,"1000",-4.6310371727229,"Unadjusted"
591,"1000",-2.5580461173513,"Unadjusted"
592,"1000",-2.1474792910539,"Unadjusted"
593,"1000",-2.19472039487567,"Unadjusted"
594,"1000",-2.93739786028948,"Unadjusted"
595,"1000",-3.03582404682032,"Unadjusted"
596,"1000",-2.06988628244032,"Unadjusted"
597,"1000",-2.66774942309933,"Unadjusted"
598,"1000",-2.4879731856914,"Unadjusted"
599,"1000",-2.80092797180005,"Unadjusted"
600,"1000",-2.39999960939827,"Unadjusted"
601,"1000",-3.42070329211832,"Unadjusted"
602,"1000",-3.77464003529809,"Unadjusted"
603,"1000",-2.33914429800449,"Unadjusted"
604,"1000",-2.76437786176847,"Unadjusted"
605,"1000",-2.89010757360149,"Unadjusted"
606,"1000",-3.03697369470185,"Unadjusted"
607,"1000",-4.0004070251437,"Unadjusted"
608,"1000",-2.8295597957824,"Unadjusted"
609,"1000",-3.83190127195716,"Unadjusted"
610,"1000",-2.64809951879557,"Unadjusted"
611,"1000",-3.76887024999207,"Unadjusted"
612,"1000",-3.11697945539883,"Unadjusted"
613,"1000",-2.12912222542683,"Unadjusted"
614,"1000",-2.67406380778379,"Unadjusted"
615,"1000",-6.07770661895807,"Unadjusted"
616,"1000",-3.21535014883864,"Unadjusted"
617,"1000",-6.29584036930832,"Unadjusted"
618,"1000",-3.03436329130239,"Unadjusted"
619,"1000",-3.55496496987354,"Unadjusted"
620,"1000",-2.99446811690766,"Unadjusted"
621,"1000",-2.61685424925993,"Unadjusted"
622,"1000",-2.56671431947327,"Unadjusted"
623,"1000",-2.2177245897691,"Unadjusted"
624,"1000",-2.48319221493218,"Unadjusted"
625,"1000",-2.24394980624536,"Unadjusted"
626,"1000",-3.21164369422679,"Unadjusted"
627,"1000",-2.49442769009989,"Unadjusted"
628,"1000",-2.35424795115191,"Unadjusted"
629,"1000",-2.66593179872772,"Unadjusted"
630,"1000",-2.12899457259427,"Unadjusted"
631,"1000",-2.75266292964184,"Unadjusted"
632,"1000",-2.19606407777262,"Unadjusted"
633,"1000",-2.11087576355578,"Unadjusted"
634,"1000",-3.28747963757131,"Unadjusted"
635,"1000",-2.29154064685527,"Unadjusted"
636,"1000",-3.97494332706493,"Unadjusted"
637,"1000",-2.73348019794648,"Unadjusted"
638,"1000",-4.30487295164194,"Unadjusted"
639,"1000",-3.94948763756147,"Unadjusted"
640,"1000",-2.76479927038158,"Unadjusted"
641,"1000",-3.47896164944718,"Unadjusted"
642,"1000",-2.48232743962365,"Unadjusted"
643,"1000",-2.20326962663665,"Unadjusted"
644,"1000",-2.17180656086514,"Unadjusted"
645,"1000",-3.28893636695418,"Unadjusted"
646,"1000",-5.33033712576701,"Unadjusted"
647,"1000",-2.71213275201213,"Unadjusted"
648,"1000",-2.84312054594297,"Unadjusted"
649,"1000",-2.99297135376427,"Unadjusted"
650,"1000",-2.67142792147972,"Unadjusted"
651,"1000",-2.89488399118459,"Unadjusted"
652,"1000",-2.99553119149748,"Unadjusted"
653,"1000",-2.09574137501144,"Unadjusted"
654,"1000",-2.1125700090867,"Unadjusted"
655,"1000",-4.368605541162,"Unadjusted"
656,"1000",-2.92072729779697,"Unadjusted"
657,"1000",-2.47949790790348,"Unadjusted"
658,"1000",-2.96393337224933,"Unadjusted"
659,"1000",-4.2797230110262,"Unadjusted"
660,"1000",-3.27019278096825,"Unadjusted"
661,"1000",-2.4080234205162,"Unadjusted"
662,"1000",-2.59329122372887,"Unadjusted"
663,"1000",-3.75120873206008,"Unadjusted"
664,"1000",-3.76356289858805,"Unadjusted"
665,"1000",-3.43850258219563,"Unadjusted"
666,"1000",-5.55006257642479,"Unadjusted"
667,"1000",-3.62146634274868,"Unadjusted"
668,"1000",-5.22803572447801,"Unadjusted"
669,"1000",-3.00211088866676,"Unadjusted"
670,"1000",-3.00037502123986,"Unadjusted"
671,"1000",-2.51778627859258,"Unadjusted"
672,"1000",-2.5092845343487,"Unadjusted"
673,"1000",-2.62950731446214,"Unadjusted"
674,"1000",-3.63667223815895,"Unadjusted"
675,"1000",-2.45786923813197,"Unadjusted"
676,"1000",-2.49193420144305,"Unadjusted"
677,"1000",-3.33634060491326,"Unadjusted"
678,"1000",-2.41691160337397,"Unadjusted"
679,"1000",-2.96798628548332,"Unadjusted"
680,"1000",-3.11619316044104,"Unadjusted"
681,"1000",-3.37879066293,"Unadjusted"
682,"1000",-2.30810040218927,"Unadjusted"
683,"1000",-2.59904282342513,"Unadjusted"
684,"1000",-2.20007762783187,"Unadjusted"
685,"1000",-3.5150463086172,"Unadjusted"
686,"1000",-2.73787788621072,"Unadjusted"
687,"1000",-3.32765123074241,"Unadjusted"
688,"1000",-2.33720980289699,"Unadjusted"
689,"1000",-2.81712895408369,"Unadjusted"
690,"1000",-2.77827468368033,"Unadjusted"
691,"1000",-4.60868297064541,"Unadjusted"
692,"1000",-2.5301792516726,"Unadjusted"
693,"1000",-2.50641995929338,"Unadjusted"
694,"1000",-3.46445592792326,"Unadjusted"
695,"1000",-2.4052958683453,"Unadjusted"
696,"1000",-2.91434847716279,"Unadjusted"
697,"1000",-2.60869163814934,"Unadjusted"
698,"1000",-2.84118191877803,"Unadjusted"
699,"1000",-2.92810371207961,"Unadjusted"
700,"1000",-2.68330781397782,"Unadjusted"
701,"1000",-3.68969064268474,"Unadjusted"
702,"1000",-2.55260763135064,"Unadjusted"
703,"1000",-2.49505587730336,"Unadjusted"
704,"1000",-3.02390296735009,"Unadjusted"
705,"1000",-5.39091193732664,"Unadjusted"
706,"1000",-3.27404608772971,"Unadjusted"
707,"1000",-2.87960045013509,"Unadjusted"
708,"1000",-2.59420728867336,"Unadjusted"
709,"1000",-2.46254038094078,"Unadjusted"
710,"1000",-2.24493408998895,"Unadjusted"
711,"1000",-3.84445102282012,"Unadjusted"
712,"1000",-2.33153155415152,"Unadjusted"
713,"1000",-3.32123831125782,"Unadjusted"
714,"1000",-3.04573113292659,"Unadjusted"
715,"1000",-2.34919672799873,"Unadjusted"
716,"1000",-2.93893092415308,"Unadjusted"
717,"1000",-2.72646257505116,"Unadjusted"
718,"1000",-1.99340002954333,"Unadjusted"
719,"1000",-2.68631276685844,"Unadjusted"
720,"1000",-2.61141608449408,"Unadjusted"
721,"1000",-3.01573078951799,"Unadjusted"
722,"1000",-4.81452704423138,"Unadjusted"
723,"1000",-2.61085864648317,"Unadjusted"
724,"1000",-3.22470084359908,"Unadjusted"
725,"1000",-3.49930388266527,"Unadjusted"
726,"1000",-3.01400147183994,"Unadjusted"
727,"1000",-3.19405697572128,"Unadjusted"
728,"1000",-2.54280039965741,"Unadjusted"
729,"1000",-3.11708947348059,"Unadjusted"
730,"1000",-3.0337380186408,"Unadjusted"
731,"1000",-2.42928113045271,"Unadjusted"
732,"1000",-2.52475864389383,"Unadjusted"
733,"1000",-2.57517240643696,"Unadjusted"
734,"1000",-2.97459441957344,"Unadjusted"
735,"1000",-2.40905503854499,"Unadjusted"
736,"1000",-2.38380066277191,"Unadjusted"
737,"1000",-3.6366783844682,"Unadjusted"
738,"1000",-2.29648601859294,"Unadjusted"
739,"1000",-2.68820066667936,"Unadjusted"
740,"1000",-2.99844980889401,"Unadjusted"
741,"1000",-2.9090061999204,"Unadjusted"
742,"1000",-2.7620990531382,"Unadjusted"
743,"1000",-3.10660447118427,"Unadjusted"
744,"1000",-2.98362581343993,"Unadjusted"
745,"1000",-2.91211796784207,"Unadjusted"
746,"1000",-2.50775550761589,"Unadjusted"
747,"1000",-2.44330183163378,"Unadjusted"
748,"1000",-3.4343557860593,"Unadjusted"
749,"1000",-2.89128058583568,"Unadjusted"
750,"1000",-3.14611572952664,"Unadjusted"
751,"1000",-2.97812010586292,"Unadjusted"
752,"1000",-2.74963851299036,"Unadjusted"
753,"1000",-3.18379290978259,"Unadjusted"
754,"1000",-2.83256234940477,"Unadjusted"
755,"1000",-3.08025846425241,"Unadjusted"
756,"1000",-2.44266626158911,"Unadjusted"
757,"1000",-2.26957167289622,"Unadjusted"
758,"1000",-5.05527911407767,"Unadjusted"
759,"1000",-3.08778945110553,"Unadjusted"
760,"1000",-3.18048793470974,"Unadjusted"
761,"1000",-2.56654104749741,"Unadjusted"
762,"1000",-2.67156310353744,"Unadjusted"
763,"1000",-3.04515094854121,"Unadjusted"
764,"1000",-2.37844204287286,"Unadjusted"
765,"1000",-2.22242343975725,"Unadjusted"
766,"1000",-2.44087814857194,"Unadjusted"
767,"1000",-2.33351600594105,"Unadjusted"
768,"1000",-13.9576914091317,"Unadjusted"
769,"1000",-2.4574902578733,"Unadjusted"
770,"1000",-2.55059232928317,"Unadjusted"
771,"1000",-2.26139381368394,"Unadjusted"
772,"1000",-2.28169687563505,"Unadjusted"
773,"1000",-3.94813902882329,"Unadjusted"
774,"1000",-4.03488747175145,"Unadjusted"
775,"1000",-3.75294898818409,"Unadjusted"
776,"1000",-2.18029570143694,"Unadjusted"
777,"1000",-2.25162430418524,"Unadjusted"
778,"1000",-2.89370457913006,"Unadjusted"
779,"1000",-2.88318409657149,"Unadjusted"
780,"1000",-2.85798691108727,"Unadjusted"
781,"1000",-3.12452070950721,"Unadjusted"
782,"1000",-4.86705999539117,"Unadjusted"
783,"1000",-3.00326380775748,"Unadjusted"
784,"1000",-2.38276364203014,"Unadjusted"
785,"1000",-2.43128817846922,"Unadjusted"
786,"1000",-4.64746595297333,"Unadjusted"
787,"1000",-2.12561156098026,"Unadjusted"
788,"1000",-2.74641282602018,"Unadjusted"
789,"1000",-2.7953864601517,"Unadjusted"
790,"1000",-3.4094809058783,"Unadjusted"
791,"1000",-2.6369606971905,"Unadjusted"
792,"1000",-3.04003814157577,"Unadjusted"
793,"1000",-2.49309976492872,"Unadjusted"
794,"1000",-2.47040830146353,"Unadjusted"
795,"1000",-2.67817123864276,"Unadjusted"
796,"1000",-3.2556329475069,"Unadjusted"
797,"1000",-2.39219839739104,"Unadjusted"
798,"1000",-3.88741180013944,"Unadjusted"
799,"1000",-2.23788548607105,"Unadjusted"
800,"1000",-3.01256058100984,"Unadjusted"
801,"1000",-2.62411350632721,"Unadjusted"
802,"1000",-3.75670395357605,"Unadjusted"
803,"1000",-3.15231329531142,"Unadjusted"
804,"1000",-3.07237632902999,"Unadjusted"
805,"1000",-2.6109792427911,"Unadjusted"
806,"1000",-2.30680875180681,"Unadjusted"
807,"1000",-2.37355920393889,"Unadjusted"
808,"1000",-2.38300723780591,"Unadjusted"
809,"1000",-2.52923656968152,"Unadjusted"
810,"1000",-2.75076248317864,"Unadjusted"
811,"1000",-3.86721357771027,"Unadjusted"
812,"1000",-2.64663710471736,"Unadjusted"
813,"1000",-3.24259609054543,"Unadjusted"
814,"1000",-2.3921579480083,"Unadjusted"
815,"1000",-3.56249146812173,"Unadjusted"
816,"1000",-2.43124070414981,"Unadjusted"
817,"1000",-2.77163615729212,"Unadjusted"
818,"1000",-4.37772635159781,"Unadjusted"
819,"1000",-2.83976399599247,"Unadjusted"
820,"1000",-2.19056189112327,"Unadjusted"
821,"1000",-2.96836425892077,"Unadjusted"
822,"1000",-2.9363167849919,"Unadjusted"
823,"1000",-2.62715206235843,"Unadjusted"
824,"1000",-3.45704025895271,"Unadjusted"
825,"1000",-2.02255169711682,"Unadjusted"
826,"1000",-4.16116572093284,"Unadjusted"
827,"1000",-4.20492083185986,"Unadjusted"
828,"1000",-3.43956073031974,"Unadjusted"
829,"1000",-2.58186722625777,"Unadjusted"
830,"1000",-2.64465130360347,"Unadjusted"
831,"1000",-2.40111743973897,"Unadjusted"
832,"1000",-2.50597634790303,"Unadjusted"
833,"1000",-4.91631203643203,"Unadjusted"
834,"1000",-5.33931893233464,"Unadjusted"
835,"1000",-4.36558430765921,"Unadjusted"
836,"1000",-3.2348974431592,"Unadjusted"
837,"1000",-3.91973816347428,"Unadjusted"
838,"1000",-2.54103998277486,"Unadjusted"
839,"1000",-2.3729937152501,"Unadjusted"
840,"1000",-2.17607599641795,"Unadjusted"
841,"1000",-3.20765014128081,"Unadjusted"
842,"1000",-2.65485756457957,"Unadjusted"
843,"1000",-2.24591562031557,"Unadjusted"
844,"1000",-3.66115462768219,"Unadjusted"
845,"1000",-2.29892530295731,"Unadjusted"
846,"1000",-2.81520303093032,"Unadjusted"
847,"1000",-2.25596152800027,"Unadjusted"
848,"1000",-2.60686657282979,"Unadjusted"
849,"1000",-3.88543895510603,"Unadjusted"
850,"1000",-3.38664918834029,"Unadjusted"
851,"1000",-2.79962934193769,"Unadjusted"
852,"1000",-2.85962518958248,"Unadjusted"
853,"1000",-3.20320379360686,"Unadjusted"
854,"1000",-2.69664876331891,"Unadjusted"
855,"1000",-3.71196247973508,"Unadjusted"
856,"1000",-2.5873199874358,"Unadjusted"
857,"1000",-3.75737453412491,"Unadjusted"
858,"1000",-3.1291261987666,"Unadjusted"
859,"1000",-2.89027089456648,"Unadjusted"
860,"1000",-2.68268614210818,"Unadjusted"
861,"1000",-4.49682701278604,"Unadjusted"
862,"1000",-2.85722832388942,"Unadjusted"
863,"1000",-2.37393119486416,"Unadjusted"
864,"1000",-3.72384958325627,"Unadjusted"
865,"1000",-2.40333681044077,"Unadjusted"
866,"1000",-2.92736125490255,"Unadjusted"
867,"1000",-2.32037057299591,"Unadjusted"
868,"1000",-3.13079265789851,"Unadjusted"
869,"1000",-3.6850349045475,"Unadjusted"
870,"1000",-3.47745225047698,"Unadjusted"
871,"1000",-2.68233212257175,"Unadjusted"
872,"1000",-2.11475784360596,"Unadjusted"
873,"1000",-2.31003536455915,"Unadjusted"
874,"1000",-2.96777896981761,"Unadjusted"
875,"1000",-2.07407647977388,"Unadjusted"
876,"1000",-2.37741900564645,"Unadjusted"
877,"1000",-2.79778788179375,"Unadjusted"
878,"1000",-2.69593082335239,"Unadjusted"
879,"1000",-2.07039050459122,"Unadjusted"
880,"1000",-2.22318970320387,"Unadjusted"
881,"1000",-2.36245800575412,"Unadjusted"
882,"1000",-3.04339689120461,"Unadjusted"
883,"1000",-2.49196575143149,"Unadjusted"
884,"1000",-2.56395666011069,"Unadjusted"
885,"1000",-2.3694250973515,"Unadjusted"
886,"1000",-2.20819947962667,"Unadjusted"
887,"1000",-2.26478368758055,"Unadjusted"
888,"1000",-3.20066887401886,"Unadjusted"
889,"1000",-2.76138686435357,"Unadjusted"
890,"1000",-2.37933288922847,"Unadjusted"
891,"1000",-2.73892210855212,"Unadjusted"
892,"1000",-2.15278566427774,"Unadjusted"
893,"1000",-2.78011260431529,"Unadjusted"
894,"1000",-4.07242988574596,"Unadjusted"
895,"1000",-2.14646692757831,"Unadjusted"
896,"1000",-3.37677336310113,"Unadjusted"
897,"1000",-3.48883098886601,"Unadjusted"
898,"1000",-2.93046248915365,"Unadjusted"
899,"1000",-2.2434460405001,"Unadjusted"
900,"1000",-2.70529892224947,"Unadjusted"
901,"1000",-3.63746199054409,"Unadjusted"
902,"1000",-2.86318838561227,"Unadjusted"
903,"1000",-2.76614063505267,"Unadjusted"
904,"1000",-3.36251606528276,"Unadjusted"
905,"1000",-4.16752516190348,"Unadjusted"
906,"1000",-5.92772771182448,"Unadjusted"
907,"1000",-2.73984797981008,"Unadjusted"
908,"1000",-2.47214836911017,"Unadjusted"
909,"1000",-2.99598236719681,"Unadjusted"
910,"1000",-3.69922280545698,"Unadjusted"
911,"1000",-3.01606403540184,"Unadjusted"
912,"1000",-4.79287039309641,"Unadjusted"
913,"1000",-3.29316764897225,"Unadjusted"
914,"1000",-3.3183226299565,"Unadjusted"
915,"1000",-3.15025386843925,"Unadjusted"
916,"1000",-2.54777965511692,"Unadjusted"
917,"1000",-2.61810441909828,"Unadjusted"
918,"1000",-2.4715778033466,"Unadjusted"
919,"1000",-2.71167605182767,"Unadjusted"
920,"1000",-2.99066543076674,"Unadjusted"
921,"1000",-3.42189823927102,"Unadjusted"
922,"1000",-3.62264005901553,"Unadjusted"
923,"1000",-2.93181072802209,"Unadjusted"
924,"1000",-3.13047374785808,"Unadjusted"
925,"1000",-3.27098619774083,"Unadjusted"
926,"1000",-3.49358232643926,"Unadjusted"
927,"1000",-2.70653703178309,"Unadjusted"
928,"1000",-2.99610221077047,"Unadjusted"
929,"1000",-4.95015948174281,"Unadjusted"
930,"1000",-4.19518811083115,"Unadjusted"
931,"1000",-2.15698478395429,"Unadjusted"
932,"1000",-2.53760191175284,"Unadjusted"
933,"1000",-2.31497627930639,"Unadjusted"
934,"1000",-3.42435297632765,"Unadjusted"
935,"1000",-3.19368690545175,"Unadjusted"
936,"1000",-2.9430032437639,"Unadjusted"
937,"1000",-3.5061564291893,"Unadjusted"
938,"1000",-3.55953461534024,"Unadjusted"
939,"1000",-3.86180788873921,"Unadjusted"
940,"1000",-3.25397739398019,"Unadjusted"
941,"1000",-2.73512165640384,"Unadjusted"
942,"1000",-2.56451358260231,"Unadjusted"
943,"1000",-3.65869227426059,"Unadjusted"
944,"1000",-2.66633514063433,"Unadjusted"
945,"1000",-2.40461171297623,"Unadjusted"
946,"1000",-3.73712335271328,"Unadjusted"
947,"1000",-3.21868146003706,"Unadjusted"
948,"1000",-2.42363429083964,"Unadjusted"
949,"1000",-4.37782947317654,"Unadjusted"
950,"1000",-2.86465160425826,"Unadjusted"
951,"1000",-1.97104980232044,"Unadjusted"
952,"1000",-2.53473875959135,"Unadjusted"
953,"1000",-2.55426219966496,"Unadjusted"
954,"1000",-3.37846511973343,"Unadjusted"
955,"1000",-3.17474357024428,"Unadjusted"
956,"1000",-2.68259734553757,"Unadjusted"
957,"1000",-2.78362574520044,"Unadjusted"
958,"1000",-2.43395653465392,"Unadjusted"
959,"1000",-3.3240051714833,"Unadjusted"
960,"1000",-2.83346434685649,"Unadjusted"
961,"1000",-2.74918561970285,"Unadjusted"
962,"1000",-3.08527568640158,"Unadjusted"
963,"1000",-3.06476024402814,"Unadjusted"
964,"1000",-2.52844380178534,"Unadjusted"
965,"1000",-3.5472883265439,"Unadjusted"
966,"1000",-3.26328096124701,"Unadjusted"
967,"1000",-2.77412285002695,"Unadjusted"
968,"1000",-2.67196197650037,"Unadjusted"
969,"1000",-2.93586397607401,"Unadjusted"
970,"1000",-2.92801592886572,"Unadjusted"
971,"1000",-3.60323026127559,"Unadjusted"
972,"1000",-3.4623639384048,"Unadjusted"
973,"1000",-3.12379390001716,"Unadjusted"
974,"1000",-3.14166764101771,"Unadjusted"
975,"1000",-2.5634827442683,"Unadjusted"
976,"1000",-2.5919711117477,"Unadjusted"
977,"1000",-2.16646099064023,"Unadjusted"
978,"1000",-3.13414289501103,"Unadjusted"
979,"1000",-3.37263377838814,"Unadjusted"
980,"1000",-2.64227134062531,"Unadjusted"
981,"1000",-2.80632282126643,"Unadjusted"
982,"1000",-4.50105809829496,"Unadjusted"
983,"1000",-2.76383129697034,"Unadjusted"
984,"1000",-2.94662486308814,"Unadjusted"
985,"1000",-2.26337065016663,"Unadjusted"
986,"1000",-2.32886518783496,"Unadjusted"
987,"1000",-2.07764713440129,"Unadjusted"
988,"1000",-2.5475100324968,"Unadjusted"
989,"1000",-3.13019016989172,"Unadjusted"
990,"1000",-3.58380289198773,"Unadjusted"
991,"1000",-2.95188967621047,"Unadjusted"
992,"1000",-2.37025634302793,"Unadjusted"
993,"1000",-2.13819589772294,"Unadjusted"
994,"1000",-2.99617841182615,"Unadjusted"
995,"1000",-2.38837801206647,"Unadjusted"
996,"1000",-2.56117170919282,"Unadjusted"
997,"1000",-6.08837175038675,"Unadjusted"
998,"1000",-2.53141886565182,"Unadjusted"
999,"1000",-2.52122484977549,"Unadjusted"
1000,"1000",-3.25651598743872,"Unadjusted"
1,"2000",-2.52449470681653,"Unadjusted"
2,"2000",-3.00979266102139,"Unadjusted"
3,"2000",-2.59394504127682,"Unadjusted"
4,"2000",-2.53903879779218,"Unadjusted"
5,"2000",-2.65190389943812,"Unadjusted"
6,"2000",-2.62398473126001,"Unadjusted"
7,"2000",-2.99794014024206,"Unadjusted"
8,"2000",-3.86239895698739,"Unadjusted"
9,"2000",-2.90526440618194,"Unadjusted"
10,"2000",-2.09306794068128,"Unadjusted"
11,"2000",-3.36659584332859,"Unadjusted"
12,"2000",-2.74316987309626,"Unadjusted"
13,"2000",-2.8007816311469,"Unadjusted"
14,"2000",-2.80896356207834,"Unadjusted"
15,"2000",-3.01623805415424,"Unadjusted"
16,"2000",-2.61099565153412,"Unadjusted"
17,"2000",-3.05001500844113,"Unadjusted"
18,"2000",-3.43446932065851,"Unadjusted"
19,"2000",-3.79815543350594,"Unadjusted"
20,"2000",-3.46553028277474,"Unadjusted"
21,"2000",-2.66964381761786,"Unadjusted"
22,"2000",-2.67370828333938,"Unadjusted"
23,"2000",-3.20731268751202,"Unadjusted"
24,"2000",-2.68957222127655,"Unadjusted"
25,"2000",-3.40711179638076,"Unadjusted"
26,"2000",-3.08903233102112,"Unadjusted"
27,"2000",-3.01569737215173,"Unadjusted"
28,"2000",-2.77696512095636,"Unadjusted"
29,"2000",-2.8794324419352,"Unadjusted"
30,"2000",-3.05483401040053,"Unadjusted"
31,"2000",-3.01741111082107,"Unadjusted"
32,"2000",-2.90690694735837,"Unadjusted"
33,"2000",-2.62316686461117,"Unadjusted"
34,"2000",-3.04968518649329,"Unadjusted"
35,"2000",-4.15915705100255,"Unadjusted"
36,"2000",-3.18170160004398,"Unadjusted"
37,"2000",-2.46499604364816,"Unadjusted"
38,"2000",-3.2540142657212,"Unadjusted"
39,"2000",-3.22829659160637,"Unadjusted"
40,"2000",-2.84433162184297,"Unadjusted"
41,"2000",-2.99254808384389,"Unadjusted"
42,"2000",-2.56007165998686,"Unadjusted"
43,"2000",-2.54486988127285,"Unadjusted"
44,"2000",-2.89610034515702,"Unadjusted"
45,"2000",-2.73989527265009,"Unadjusted"
46,"2000",-3.13730137544067,"Unadjusted"
47,"2000",-2.38657317451889,"Unadjusted"
48,"2000",-2.88374305189435,"Unadjusted"
49,"2000",-4.29448329477164,"Unadjusted"
50,"2000",-2.95989971718974,"Unadjusted"
51,"2000",-2.95547234468505,"Unadjusted"
52,"2000",-2.70401206178416,"Unadjusted"
53,"2000",-3.03492302892822,"Unadjusted"
54,"2000",-2.70141674120531,"Unadjusted"
55,"2000",-2.41036018194923,"Unadjusted"
56,"2000",-2.68978537679863,"Unadjusted"
57,"2000",-3.07024423188458,"Unadjusted"
58,"2000",-3.8293770172437,"Unadjusted"
59,"2000",-2.76704342254023,"Unadjusted"
60,"2000",-2.48333427211197,"Unadjusted"
61,"2000",-2.81706353931903,"Unadjusted"
62,"2000",-2.69775170335244,"Unadjusted"
63,"2000",-2.39697617214748,"Unadjusted"
64,"2000",-2.90796863504214,"Unadjusted"
65,"2000",-2.42686018708479,"Unadjusted"
66,"2000",-3.0380083374439,"Unadjusted"
67,"2000",-2.47459059537467,"Unadjusted"
68,"2000",-2.55310665085597,"Unadjusted"
69,"2000",-3.03780195426197,"Unadjusted"
70,"2000",-2.50285867892577,"Unadjusted"
71,"2000",-2.97252457163716,"Unadjusted"
72,"2000",-3.62711023383876,"Unadjusted"
73,"2000",-2.65942606703323,"Unadjusted"
74,"2000",-2.75236132229753,"Unadjusted"
75,"2000",-2.55023394377362,"Unadjusted"
76,"2000",-2.82366888389542,"Unadjusted"
77,"2000",-2.60096766376443,"Unadjusted"
78,"2000",-2.93474199355642,"Unadjusted"
79,"2000",-3.54250536363234,"Unadjusted"
80,"2000",-2.70726061298657,"Unadjusted"
81,"2000",-2.48552715648212,"Unadjusted"
82,"2000",-3.57555403172678,"Unadjusted"
83,"2000",-3.13289087588342,"Unadjusted"
84,"2000",-3.40604684650077,"Unadjusted"
85,"2000",-2.61625035088426,"Unadjusted"
86,"2000",-2.48856149376703,"Unadjusted"
87,"2000",-2.59333118954255,"Unadjusted"
88,"2000",-3.79724318334197,"Unadjusted"
89,"2000",-3.47373295212059,"Unadjusted"
90,"2000",-2.83189947679338,"Unadjusted"
91,"2000",-3.13711332470925,"Unadjusted"
92,"2000",-3.41455921318768,"Unadjusted"
93,"2000",-2.47544846508211,"Unadjusted"
94,"2000",-2.25430737892031,"Unadjusted"
95,"2000",-2.82813001263022,"Unadjusted"
96,"2000",-2.41824260739025,"Unadjusted"
97,"2000",-2.90489921236931,"Unadjusted"
98,"2000",-2.75995335754228,"Unadjusted"
99,"2000",-3.26984794313558,"Unadjusted"
100,"2000",-2.83099740820066,"Unadjusted"
101,"2000",-2.73177705692642,"Unadjusted"
102,"2000",-2.40654282187137,"Unadjusted"
103,"2000",-2.82577678896723,"Unadjusted"
104,"2000",-2.36987340822489,"Unadjusted"
105,"2000",-3.14321900485609,"Unadjusted"
106,"2000",-3.04645948628042,"Unadjusted"
107,"2000",-2.36199801829692,"Unadjusted"
108,"2000",-2.5781737903773,"Unadjusted"
109,"2000",-2.97526241985037,"Unadjusted"
110,"2000",-2.62135104901245,"Unadjusted"
111,"2000",-2.52917497397363,"Unadjusted"
112,"2000",-3.08396248878944,"Unadjusted"
113,"2000",-2.7071712504853,"Unadjusted"
114,"2000",-3.98505355322634,"Unadjusted"
115,"2000",-3.43731915408199,"Unadjusted"
116,"2000",-2.51579447033285,"Unadjusted"
117,"2000",-2.85446952829963,"Unadjusted"
118,"2000",-2.70325081344152,"Unadjusted"
119,"2000",-2.86767135164986,"Unadjusted"
120,"2000",-2.65388583482079,"Unadjusted"
121,"2000",-3.22515833341465,"Unadjusted"
122,"2000",-4.94884043422166,"Unadjusted"
123,"2000",-2.76314921282506,"Unadjusted"
124,"2000",-3.65146070365941,"Unadjusted"
125,"2000",-2.69422832995432,"Unadjusted"
126,"2000",-3.00168976629431,"Unadjusted"
127,"2000",-3.26443707591168,"Unadjusted"
128,"2000",-2.822458791842,"Unadjusted"
129,"2000",-2.17502377015586,"Unadjusted"
130,"2000",-2.84865693870107,"Unadjusted"
131,"2000",-3.11004396333354,"Unadjusted"
132,"2000",-2.82999243442841,"Unadjusted"
133,"2000",-2.96907145509345,"Unadjusted"
134,"2000",-2.39705748995185,"Unadjusted"
135,"2000",-2.85207842405641,"Unadjusted"
136,"2000",-2.31551070952657,"Unadjusted"
137,"2000",-2.7557589706733,"Unadjusted"
138,"2000",-3.06719930031961,"Unadjusted"
139,"2000",-2.90747838503093,"Unadjusted"
140,"2000",-3.27136129256932,"Unadjusted"
141,"2000",-2.61502928318178,"Unadjusted"
142,"2000",-3.00207035986167,"Unadjusted"
143,"2000",-3.56280861919573,"Unadjusted"
144,"2000",-2.80281476688186,"Unadjusted"
145,"2000",-3.01634402511367,"Unadjusted"
146,"2000",-2.53796031265507,"Unadjusted"
147,"2000",-3.46687793930093,"Unadjusted"
148,"2000",-3.15231405097338,"Unadjusted"
149,"2000",-2.53935534335672,"Unadjusted"
150,"2000",-2.69651094973355,"Unadjusted"
151,"2000",-3.13768421365466,"Unadjusted"
152,"2000",-2.49560942505416,"Unadjusted"
153,"2000",-2.83153517378908,"Unadjusted"
154,"2000",-2.43102635933735,"Unadjusted"
155,"2000",-2.11929309173601,"Unadjusted"
156,"2000",-3.3247736328923,"Unadjusted"
157,"2000",-2.83201921556648,"Unadjusted"
158,"2000",-2.81903684461205,"Unadjusted"
159,"2000",-2.26583143127505,"Unadjusted"
160,"2000",-2.59538444623852,"Unadjusted"
161,"2000",-2.95904182367445,"Unadjusted"
162,"2000",-2.45703335026971,"Unadjusted"
163,"2000",-2.58974292946737,"Unadjusted"
164,"2000",-2.80247412835926,"Unadjusted"
165,"2000",-2.43200623093708,"Unadjusted"
166,"2000",-4.37052121181297,"Unadjusted"
167,"2000",-4.28097612921295,"Unadjusted"
168,"2000",-2.99863301196329,"Unadjusted"
169,"2000",-2.44648433257771,"Unadjusted"
170,"2000",-2.61913168373464,"Unadjusted"
171,"2000",-3.23691679481221,"Unadjusted"
172,"2000",-2.4568816057174,"Unadjusted"
173,"2000",-2.69919843019446,"Unadjusted"
174,"2000",-2.67561176008836,"Unadjusted"
175,"2000",-3.58577720632118,"Unadjusted"
176,"2000",-3.20332036771027,"Unadjusted"
177,"2000",-2.08099983875641,"Unadjusted"
178,"2000",-2.69042583475378,"Unadjusted"
179,"2000",-3.01733764545979,"Unadjusted"
180,"2000",-2.44876055304865,"Unadjusted"
181,"2000",-2.85175612969857,"Unadjusted"
182,"2000",-2.85156558072461,"Unadjusted"
183,"2000",-2.30182517350071,"Unadjusted"
184,"2000",-2.88337187170606,"Unadjusted"
185,"2000",-4.19018309131469,"Unadjusted"
186,"2000",-2.94919685391943,"Unadjusted"
187,"2000",-2.54311966044746,"Unadjusted"
188,"2000",-2.79469207119603,"Unadjusted"
189,"2000",-3.02354038022898,"Unadjusted"
190,"2000",-3.76503010844935,"Unadjusted"
191,"2000",-2.72113446562891,"Unadjusted"
192,"2000",-3.02745099018693,"Unadjusted"
193,"2000",-2.40589606351651,"Unadjusted"
194,"2000",-3.18483297152857,"Unadjusted"
195,"2000",-2.83767613674489,"Unadjusted"
196,"2000",-2.91728086462344,"Unadjusted"
197,"2000",-2.4438248540611,"Unadjusted"
198,"2000",-2.72360433711688,"Unadjusted"
199,"2000",-3.30324703088898,"Unadjusted"
200,"2000",-2.45919569441505,"Unadjusted"
201,"2000",-3.11131149149901,"Unadjusted"
202,"2000",-3.14746946921415,"Unadjusted"
203,"2000",-2.54988374992958,"Unadjusted"
204,"2000",-2.65067172018236,"Unadjusted"
205,"2000",-3.61250752614031,"Unadjusted"
206,"2000",-2.91469787815993,"Unadjusted"
207,"2000",-2.63591756611966,"Unadjusted"
208,"2000",-2.85540756816029,"Unadjusted"
209,"2000",-2.73013763796487,"Unadjusted"
210,"2000",-2.80624141820263,"Unadjusted"
211,"2000",-3.22910782480873,"Unadjusted"
212,"2000",-3.16213088497168,"Unadjusted"
213,"2000",-2.53463023932072,"Unadjusted"
214,"2000",-3.04250156078446,"Unadjusted"
215,"2000",-3.52880075400133,"Unadjusted"
216,"2000",-2.54129254740019,"Unadjusted"
217,"2000",-3.75754077937597,"Unadjusted"
218,"2000",-3.46657233304599,"Unadjusted"
219,"2000",-3.66947242150198,"Unadjusted"
220,"2000",-2.87493526649302,"Unadjusted"
221,"2000",-2.76930650380779,"Unadjusted"
222,"2000",-2.38850428771747,"Unadjusted"
223,"2000",-3.56344876333007,"Unadjusted"
224,"2000",-2.75166096657223,"Unadjusted"
225,"2000",-2.83857058796207,"Unadjusted"
226,"2000",-2.482115458224,"Unadjusted"
227,"2000",-2.45627617102051,"Unadjusted"
228,"2000",-2.50837448364475,"Unadjusted"
229,"2000",-2.80124569520432,"Unadjusted"
230,"2000",-2.91376052372743,"Unadjusted"
231,"2000",-3.34879968637774,"Unadjusted"
232,"2000",-2.55766626480394,"Unadjusted"
233,"2000",-3.35882957235924,"Unadjusted"
234,"2000",-3.37396135286383,"Unadjusted"
235,"2000",-2.69032221247866,"Unadjusted"
236,"2000",-2.60353483506653,"Unadjusted"
237,"2000",-2.59561880915082,"Unadjusted"
238,"2000",-2.30105588399368,"Unadjusted"
239,"2000",-2.88780491178341,"Unadjusted"
240,"2000",-3.1472609214082,"Unadjusted"
241,"2000",-2.88266156843523,"Unadjusted"
242,"2000",-2.34702424968466,"Unadjusted"
243,"2000",-3.8204715505604,"Unadjusted"
244,"2000",-3.5503764701671,"Unadjusted"
245,"2000",-2.84142884599298,"Unadjusted"
246,"2000",-3.24104685297468,"Unadjusted"
247,"2000",-3.10507751250038,"Unadjusted"
248,"2000",-2.55372212361342,"Unadjusted"
249,"2000",-2.50193842743211,"Unadjusted"
250,"2000",-2.80849164573802,"Unadjusted"
251,"2000",-4.27218096934273,"Unadjusted"
252,"2000",-2.68269200541731,"Unadjusted"
253,"2000",-2.64299601142952,"Unadjusted"
254,"2000",-2.87562781747105,"Unadjusted"
255,"2000",-2.92210059249623,"Unadjusted"
256,"2000",-2.74000752834209,"Unadjusted"
257,"2000",-3.15145843196386,"Unadjusted"
258,"2000",-2.49533139070509,"Unadjusted"
259,"2000",-3.05455576807404,"Unadjusted"
260,"2000",-3.04904385729094,"Unadjusted"
261,"2000",-2.42975335491059,"Unadjusted"
262,"2000",-2.49043966926035,"Unadjusted"
263,"2000",-3.06884556894253,"Unadjusted"
264,"2000",-3.23137258443814,"Unadjusted"
265,"2000",-2.83724353724915,"Unadjusted"
266,"2000",-2.70048784465278,"Unadjusted"
267,"2000",-3.00196923747396,"Unadjusted"
268,"2000",-2.70325644127589,"Unadjusted"
269,"2000",-2.74249221809671,"Unadjusted"
270,"2000",-2.62186303872349,"Unadjusted"
271,"2000",-3.08337657059404,"Unadjusted"
272,"2000",-2.315178672813,"Unadjusted"
273,"2000",-2.45063154433901,"Unadjusted"
274,"2000",-2.81326279853183,"Unadjusted"
275,"2000",-3.57068994074385,"Unadjusted"
276,"2000",-3.04013668538765,"Unadjusted"
277,"2000",-3.00268537069288,"Unadjusted"
278,"2000",-2.79518981015763,"Unadjusted"
279,"2000",-2.96602431132226,"Unadjusted"
280,"2000",-2.92314820884894,"Unadjusted"
281,"2000",-3.50505262962951,"Unadjusted"
282,"2000",-3.06057827026427,"Unadjusted"
283,"2000",-2.53299366143616,"Unadjusted"
284,"2000",-2.8904570300509,"Unadjusted"
285,"2000",-3.14459873149974,"Unadjusted"
286,"2000",-3.00496526683131,"Unadjusted"
287,"2000",-2.64813084833809,"Unadjusted"
288,"2000",-2.78504293097613,"Unadjusted"
289,"2000",-2.57804579534562,"Unadjusted"
290,"2000",-3.27489440945635,"Unadjusted"
291,"2000",-2.46890204013086,"Unadjusted"
292,"2000",-2.95014547941047,"Unadjusted"
293,"2000",-2.38337080384819,"Unadjusted"
294,"2000",-2.55442524474635,"Unadjusted"
295,"2000",-2.42776638940628,"Unadjusted"
296,"2000",-3.27354814797001,"Unadjusted"
297,"2000",-2.93946531028269,"Unadjusted"
298,"2000",-3.40879490279633,"Unadjusted"
299,"2000",-2.54560425213207,"Unadjusted"
300,"2000",-3.68703264935011,"Unadjusted"
301,"2000",-2.40663967189614,"Unadjusted"
302,"2000",-3.78369913075714,"Unadjusted"
303,"2000",-2.35185855854766,"Unadjusted"
304,"2000",-2.4055343651229,"Unadjusted"
305,"2000",-3.46115720503684,"Unadjusted"
306,"2000",-2.60544787973793,"Unadjusted"
307,"2000",-2.56090771908755,"Unadjusted"
308,"2000",-2.88751963217129,"Unadjusted"
309,"2000",-2.49031923620032,"Unadjusted"
310,"2000",-2.48275648856786,"Unadjusted"
311,"2000",-2.42128094309785,"Unadjusted"
312,"2000",-2.87800088162178,"Unadjusted"
313,"2000",-2.45277789178665,"Unadjusted"
314,"2000",-2.97366583732909,"Unadjusted"
315,"2000",-2.40046249539044,"Unadjusted"
316,"2000",-3.21673580964041,"Unadjusted"
317,"2000",-2.92600023908389,"Unadjusted"
318,"2000",-4.00882118881231,"Unadjusted"
319,"2000",-2.8327342006358,"Unadjusted"
320,"2000",-2.53485427543506,"Unadjusted"
321,"2000",-2.49212004541514,"Unadjusted"
322,"2000",-2.47272487057858,"Unadjusted"
323,"2000",-2.90670814974365,"Unadjusted"
324,"2000",-3.67145683068809,"Unadjusted"
325,"2000",-3.32458710700239,"Unadjusted"
326,"2000",-2.64556875815879,"Unadjusted"
327,"2000",-3.07039768205427,"Unadjusted"
328,"2000",-2.78651739833097,"Unadjusted"
329,"2000",-4.59154401595903,"Unadjusted"
330,"2000",-3.06044721377592,"Unadjusted"
331,"2000",-2.49923820714543,"Unadjusted"
332,"2000",-3.52131470154301,"Unadjusted"
333,"2000",-2.49796600528302,"Unadjusted"
334,"2000",-2.89754776930014,"Unadjusted"
335,"2000",-2.53852778526566,"Unadjusted"
336,"2000",-2.66116867088227,"Unadjusted"
337,"2000",-3.45937288646584,"Unadjusted"
338,"2000",-2.75653513364186,"Unadjusted"
339,"2000",-3.27899034540503,"Unadjusted"
340,"2000",-3.38198088974995,"Unadjusted"
341,"2000",-3.03436490533158,"Unadjusted"
342,"2000",-3.49011820213786,"Unadjusted"
343,"2000",-2.46944684821351,"Unadjusted"
344,"2000",-2.9128341541516,"Unadjusted"
345,"2000",-3.01995888835878,"Unadjusted"
346,"2000",-2.38678670954765,"Unadjusted"
347,"2000",-2.76250621067151,"Unadjusted"
348,"2000",-3.52914857891726,"Unadjusted"
349,"2000",-2.65222097303962,"Unadjusted"
350,"2000",-2.35584070161146,"Unadjusted"
351,"2000",-2.70784839476569,"Unadjusted"
352,"2000",-2.83877632355101,"Unadjusted"
353,"2000",-2.5800915333041,"Unadjusted"
354,"2000",-2.86308683203109,"Unadjusted"
355,"2000",-2.74140926766555,"Unadjusted"
356,"2000",-3.01850288650559,"Unadjusted"
357,"2000",-2.60319382865442,"Unadjusted"
358,"2000",-2.30003678543625,"Unadjusted"
359,"2000",-3.99729062064574,"Unadjusted"
360,"2000",-2.86971189937264,"Unadjusted"
361,"2000",-2.68384223118874,"Unadjusted"
362,"2000",-2.73784468350644,"Unadjusted"
363,"2000",-2.84364306380655,"Unadjusted"
364,"2000",-3.51278426087333,"Unadjusted"
365,"2000",-2.60919759311678,"Unadjusted"
366,"2000",-2.80050339246643,"Unadjusted"
367,"2000",-3.14877608679041,"Unadjusted"
368,"2000",-2.96682372688099,"Unadjusted"
369,"2000",-3.02404268032685,"Unadjusted"
370,"2000",-3.08486382845103,"Unadjusted"
371,"2000",-2.52956272273988,"Unadjusted"
372,"2000",-2.7178167868076,"Unadjusted"
373,"2000",-2.64599668384259,"Unadjusted"
374,"2000",-2.83408227347517,"Unadjusted"
375,"2000",-3.34279160467682,"Unadjusted"
376,"2000",-2.58186364666341,"Unadjusted"
377,"2000",-2.74141623878909,"Unadjusted"
378,"2000",-2.42063155293216,"Unadjusted"
379,"2000",-2.59386961335676,"Unadjusted"
380,"2000",-2.88066502549753,"Unadjusted"
381,"2000",-2.88899361628894,"Unadjusted"
382,"2000",-3.89339072630016,"Unadjusted"
383,"2000",-3.16410617135678,"Unadjusted"
384,"2000",-2.39847022346769,"Unadjusted"
385,"2000",-2.32661167931551,"Unadjusted"
386,"2000",-3.33857254677948,"Unadjusted"
387,"2000",-3.12165281240808,"Unadjusted"
388,"2000",-2.66256223516424,"Unadjusted"
389,"2000",-3.09221879398091,"Unadjusted"
390,"2000",-2.66722211771434,"Unadjusted"
391,"2000",-4.38055853255868,"Unadjusted"
392,"2000",-2.66169445167866,"Unadjusted"
393,"2000",-2.5629312986512,"Unadjusted"
394,"2000",-2.98716229004926,"Unadjusted"
395,"2000",-2.46772024816061,"Unadjusted"
396,"2000",-3.59488385833898,"Unadjusted"
397,"2000",-2.78371903410183,"Unadjusted"
398,"2000",-2.66748634171892,"Unadjusted"
399,"2000",-2.79253822333958,"Unadjusted"
400,"2000",-3.07699710885631,"Unadjusted"
401,"2000",-4.24465281328743,"Unadjusted"
402,"2000",-2.43627856148933,"Unadjusted"
403,"2000",-2.65142423837681,"Unadjusted"
404,"2000",-2.88215187169122,"Unadjusted"
405,"2000",-2.70342217652415,"Unadjusted"
406,"2000",-2.69756229715208,"Unadjusted"
407,"2000",-3.38888088195822,"Unadjusted"
408,"2000",-3.78976739479876,"Unadjusted"
409,"2000",-2.81448731830226,"Unadjusted"
410,"2000",-3.34131573641028,"Unadjusted"
411,"2000",-2.70405444269681,"Unadjusted"
412,"2000",-4.29094287692118,"Unadjusted"
413,"2000",-3.46896940083852,"Unadjusted"
414,"2000",-3.41038512671851,"Unadjusted"
415,"2000",-3.22794041338513,"Unadjusted"
416,"2000",-2.45219526006699,"Unadjusted"
417,"2000",-2.47921042152064,"Unadjusted"
418,"2000",-3.04812265317706,"Unadjusted"
419,"2000",-3.70849210391979,"Unadjusted"
420,"2000",-2.63831708012796,"Unadjusted"
421,"2000",-2.89781223287382,"Unadjusted"
422,"2000",-2.86578136585276,"Unadjusted"
423,"2000",-2.66437526911253,"Unadjusted"
424,"2000",-2.89321660102911,"Unadjusted"
425,"2000",-3.1033090484973,"Unadjusted"
426,"2000",-4.17339160747441,"Unadjusted"
427,"2000",-3.06713497272648,"Unadjusted"
428,"2000",-2.95591948752194,"Unadjusted"
429,"2000",-3.82456850452473,"Unadjusted"
430,"2000",-2.55619215223761,"Unadjusted"
431,"2000",-3.61195361626586,"Unadjusted"
432,"2000",-3.13383780731561,"Unadjusted"
433,"2000",-3.28755525867916,"Unadjusted"
434,"2000",-2.92139219207953,"Unadjusted"
435,"2000",-3.17630270079489,"Unadjusted"
436,"2000",-2.78697816392195,"Unadjusted"
437,"2000",-2.75542269699899,"Unadjusted"
438,"2000",-3.20653809411386,"Unadjusted"
439,"2000",-2.55958993607121,"Unadjusted"
440,"2000",-3.35268735807943,"Unadjusted"
441,"2000",-2.51764387581919,"Unadjusted"
442,"2000",-2.82619352591291,"Unadjusted"
443,"2000",-3.2550858025517,"Unadjusted"
444,"2000",-2.46340028911748,"Unadjusted"
445,"2000",-3.44196897573893,"Unadjusted"
446,"2000",-2.35262857195475,"Unadjusted"
447,"2000",-3.09951409996857,"Unadjusted"
448,"2000",-3.19754657046285,"Unadjusted"
449,"2000",-3.33401464494961,"Unadjusted"
450,"2000",-2.79723734404649,"Unadjusted"
451,"2000",-2.38361604347596,"Unadjusted"
452,"2000",-3.08923869884305,"Unadjusted"
453,"2000",-3.80981701526811,"Unadjusted"
454,"2000",-2.65290819509944,"Unadjusted"
455,"2000",-2.63047095005393,"Unadjusted"
456,"2000",-3.51138992322013,"Unadjusted"
457,"2000",-2.92959571742381,"Unadjusted"
458,"2000",-2.5950905268847,"Unadjusted"
459,"2000",-2.47626980473663,"Unadjusted"
460,"2000",-2.48597334282162,"Unadjusted"
461,"2000",-3.89073415547329,"Unadjusted"
462,"2000",-3.31680982736192,"Unadjusted"
463,"2000",-4.10505819922203,"Unadjusted"
464,"2000",-2.89978165592436,"Unadjusted"
465,"2000",-2.90689833267883,"Unadjusted"
466,"2000",-3.31255944233379,"Unadjusted"
467,"2000",-2.72979845145212,"Unadjusted"
468,"2000",-2.76191967928037,"Unadjusted"
469,"2000",-3.45144947575161,"Unadjusted"
470,"2000",-2.79943384820902,"Unadjusted"
471,"2000",-2.95055201216754,"Unadjusted"
472,"2000",-3.78516027937054,"Unadjusted"
473,"2000",-3.75035746391029,"Unadjusted"
474,"2000",-2.40013554436518,"Unadjusted"
475,"2000",-3.53358961955065,"Unadjusted"
476,"2000",-2.46737261354087,"Unadjusted"
477,"2000",-3.06687580315747,"Unadjusted"
478,"2000",-2.63573823653621,"Unadjusted"
479,"2000",-3.30331229919759,"Unadjusted"
480,"2000",-3.00589048750958,"Unadjusted"
481,"2000",-4.12698565564468,"Unadjusted"
482,"2000",-2.38054473474224,"Unadjusted"
483,"2000",-3.12861215040946,"Unadjusted"
484,"2000",-3.50516498291457,"Unadjusted"
485,"2000",-2.64141523654419,"Unadjusted"
486,"2000",-2.87838432256003,"Unadjusted"
487,"2000",-3.13628366330327,"Unadjusted"
488,"2000",-2.69230880901449,"Unadjusted"
489,"2000",-3.02625988436989,"Unadjusted"
490,"2000",-2.52520643805209,"Unadjusted"
491,"2000",-5.19154069015065,"Unadjusted"
492,"2000",-2.89334814288792,"Unadjusted"
493,"2000",-2.6475481073197,"Unadjusted"
494,"2000",-3.29572700932366,"Unadjusted"
495,"2000",-2.65497500387271,"Unadjusted"
496,"2000",-3.07520473951659,"Unadjusted"
497,"2000",-2.65836297496567,"Unadjusted"
498,"2000",-3.52383382903859,"Unadjusted"
499,"2000",-2.86628709265211,"Unadjusted"
500,"2000",-2.42489553143451,"Unadjusted"
501,"2000",-2.5682771642892,"Unadjusted"
502,"2000",-2.55804470373884,"Unadjusted"
503,"2000",-3.20750133559957,"Unadjusted"
504,"2000",-2.91405239699111,"Unadjusted"
505,"2000",-4.97817618994476,"Unadjusted"
506,"2000",-3.06875960893278,"Unadjusted"
507,"2000",-3.81974608372857,"Unadjusted"
508,"2000",-2.63200471563683,"Unadjusted"
509,"2000",-3.42227174972681,"Unadjusted"
510,"2000",-2.58532909355452,"Unadjusted"
511,"2000",-3.32410898090217,"Unadjusted"
512,"2000",-3.30204585092463,"Unadjusted"
513,"2000",-2.72735246157262,"Unadjusted"
514,"2000",-2.60810267792388,"Unadjusted"
515,"2000",-3.35292227038496,"Unadjusted"
516,"2000",-3.31217337342574,"Unadjusted"
517,"2000",-3.41100191147975,"Unadjusted"
518,"2000",-2.55292181521259,"Unadjusted"
519,"2000",-2.73424557245146,"Unadjusted"
520,"2000",-2.38010559813149,"Unadjusted"
521,"2000",-2.67736947768716,"Unadjusted"
522,"2000",-2.74933199485539,"Unadjusted"
523,"2000",-2.31774182071078,"Unadjusted"
524,"2000",-3.0156436834377,"Unadjusted"
525,"2000",-3.50991271579606,"Unadjusted"
526,"2000",-2.78469252819493,"Unadjusted"
527,"2000",-2.72497142227402,"Unadjusted"
528,"2000",-2.91525960396132,"Unadjusted"
529,"2000",-2.56659974720381,"Unadjusted"
530,"2000",-2.28612529636007,"Unadjusted"
531,"2000",-2.59434777561921,"Unadjusted"
532,"2000",-2.1813128718766,"Unadjusted"
533,"2000",-2.57011404812493,"Unadjusted"
534,"2000",-2.44179546049102,"Unadjusted"
535,"2000",-2.86368663348092,"Unadjusted"
536,"2000",-2.95466397357712,"Unadjusted"
537,"2000",-3.51567873986879,"Unadjusted"
538,"2000",-2.65229242582665,"Unadjusted"
539,"2000",-3.23108761902914,"Unadjusted"
540,"2000",-2.55498217219215,"Unadjusted"
541,"2000",-2.55164533424414,"Unadjusted"
542,"2000",-2.79770982239413,"Unadjusted"
543,"2000",-2.03605471893947,"Unadjusted"
544,"2000",-3.10637377653714,"Unadjusted"
545,"2000",-2.57893046885984,"Unadjusted"
546,"2000",-2.73968775278622,"Unadjusted"
547,"2000",-2.80787211996416,"Unadjusted"
548,"2000",-2.35505324509951,"Unadjusted"
549,"2000",-2.5450721013882,"Unadjusted"
550,"2000",-2.41230108691798,"Unadjusted"
551,"2000",-2.8789342487241,"Unadjusted"
552,"2000",-3.50902647046695,"Unadjusted"
553,"2000",-3.97296988577339,"Unadjusted"
554,"2000",-4.00095041477208,"Unadjusted"
555,"2000",-3.28797206617626,"Unadjusted"
556,"2000",-3.18333352668973,"Unadjusted"
557,"2000",-2.9466889572122,"Unadjusted"
558,"2000",-2.86488002337726,"Unadjusted"
559,"2000",-2.46659985827224,"Unadjusted"
560,"2000",-2.7599124852044,"Unadjusted"
561,"2000",-2.45697652408305,"Unadjusted"
562,"2000",-3.54646267640359,"Unadjusted"
563,"2000",-2.65570599288136,"Unadjusted"
564,"2000",-2.23881842000555,"Unadjusted"
565,"2000",-2.56352435981698,"Unadjusted"
566,"2000",-3.01814296339225,"Unadjusted"
567,"2000",-4.28140299073611,"Unadjusted"
568,"2000",-2.74110188432004,"Unadjusted"
569,"2000",-2.48688910837962,"Unadjusted"
570,"2000",-2.65650130735794,"Unadjusted"
571,"2000",-2.49470001180679,"Unadjusted"
572,"2000",-2.76562909856557,"Unadjusted"
573,"2000",-3.58889169132864,"Unadjusted"
574,"2000",-2.82188001800636,"Unadjusted"
575,"2000",-2.4297493478591,"Unadjusted"
576,"2000",-2.92316925726975,"Unadjusted"
577,"2000",-2.26161651826402,"Unadjusted"
578,"2000",-2.31319291636384,"Unadjusted"
579,"2000",-2.81830430186742,"Unadjusted"
580,"2000",-3.13182376436181,"Unadjusted"
581,"2000",-2.78746304438793,"Unadjusted"
582,"2000",-2.79130735851052,"Unadjusted"
583,"2000",-2.83045484781263,"Unadjusted"
584,"2000",-3.28400437663457,"Unadjusted"
585,"2000",-2.84149411951802,"Unadjusted"
586,"2000",-2.73533192622529,"Unadjusted"
587,"2000",-3.26755358566969,"Unadjusted"
588,"2000",-2.81236799076936,"Unadjusted"
589,"2000",-2.56237881637264,"Unadjusted"
590,"2000",-2.9182559324117,"Unadjusted"
591,"2000",-2.87372174325432,"Unadjusted"
592,"2000",-3.01332439518943,"Unadjusted"
593,"2000",-2.75794420717381,"Unadjusted"
594,"2000",-2.80227021024675,"Unadjusted"
595,"2000",-2.501524521385,"Unadjusted"
596,"2000",-2.58233631923132,"Unadjusted"
597,"2000",-2.5902803580917,"Unadjusted"
598,"2000",-2.85360216525622,"Unadjusted"
599,"2000",-2.72087623569112,"Unadjusted"
600,"2000",-2.41482610735617,"Unadjusted"
601,"2000",-3.16609295469812,"Unadjusted"
602,"2000",-2.6980429102722,"Unadjusted"
603,"2000",-3.41269020842108,"Unadjusted"
604,"2000",-3.8117611283706,"Unadjusted"
605,"2000",-4.44450196613603,"Unadjusted"
606,"2000",-2.5215503873466,"Unadjusted"
607,"2000",-2.62344217660545,"Unadjusted"
608,"2000",-3.0923335378987,"Unadjusted"
609,"2000",-4.20519567930527,"Unadjusted"
610,"2000",-2.82298913054148,"Unadjusted"
611,"2000",-3.27639113405764,"Unadjusted"
612,"2000",-2.31620362509922,"Unadjusted"
613,"2000",-2.5244426278708,"Unadjusted"
614,"2000",-2.86881171388662,"Unadjusted"
615,"2000",-3.39577024104216,"Unadjusted"
616,"2000",-3.02042112398552,"Unadjusted"
617,"2000",-3.02542939769124,"Unadjusted"
618,"2000",-3.0670153720621,"Unadjusted"
619,"2000",-3.34574453614881,"Unadjusted"
620,"2000",-2.87384037847378,"Unadjusted"
621,"2000",-2.60996073975751,"Unadjusted"
622,"2000",-2.73873799067815,"Unadjusted"
623,"2000",-3.23597411799609,"Unadjusted"
624,"2000",-2.91913568932842,"Unadjusted"
625,"2000",-2.82507570046746,"Unadjusted"
626,"2000",-2.81173064601238,"Unadjusted"
627,"2000",-3.18502608085888,"Unadjusted"
628,"2000",-2.64195580891515,"Unadjusted"
629,"2000",-2.90352321336101,"Unadjusted"
630,"2000",-3.37111891367407,"Unadjusted"
631,"2000",-2.97529034494926,"Unadjusted"
632,"2000",-2.95958078567801,"Unadjusted"
633,"2000",-2.4072151352834,"Unadjusted"
634,"2000",-2.94349100433867,"Unadjusted"
635,"2000",-2.41753399961282,"Unadjusted"
636,"2000",-3.00050134001408,"Unadjusted"
637,"2000",-2.39406968622688,"Unadjusted"
638,"2000",-4.34470370294431,"Unadjusted"
639,"2000",-2.5486281580491,"Unadjusted"
640,"2000",-2.71608561873121,"Unadjusted"
641,"2000",-2.77417739225858,"Unadjusted"
642,"2000",-2.94202870904525,"Unadjusted"
643,"2000",-2.50865097386311,"Unadjusted"
644,"2000",-2.9279487787718,"Unadjusted"
645,"2000",-3.63203052477668,"Unadjusted"
646,"2000",-3.04576624050422,"Unadjusted"
647,"2000",-2.80669548851352,"Unadjusted"
648,"2000",-3.00768566049962,"Unadjusted"
649,"2000",-2.68977472674981,"Unadjusted"
650,"2000",-2.51104176736989,"Unadjusted"
651,"2000",-2.47941699290962,"Unadjusted"
652,"2000",-3.05368391163782,"Unadjusted"
653,"2000",-2.95880461144269,"Unadjusted"
654,"2000",-2.37136317920781,"Unadjusted"
655,"2000",-2.43987208173828,"Unadjusted"
656,"2000",-3.07500613420135,"Unadjusted"
657,"2000",-3.69918980646997,"Unadjusted"
658,"2000",-3.33338502777851,"Unadjusted"
659,"2000",-3.68826831613426,"Unadjusted"
660,"2000",-2.88023569574706,"Unadjusted"
661,"2000",-2.93558986108937,"Unadjusted"
662,"2000",-2.77257847219769,"Unadjusted"
663,"2000",-3.05865775355486,"Unadjusted"
664,"2000",-2.44139306710654,"Unadjusted"
665,"2000",-2.67939921828072,"Unadjusted"
666,"2000",-3.64871247360527,"Unadjusted"
667,"2000",-3.21361309636747,"Unadjusted"
668,"2000",-3.25035578091029,"Unadjusted"
669,"2000",-2.71188626894481,"Unadjusted"
670,"2000",-2.37142509792931,"Unadjusted"
671,"2000",-4.23763827765582,"Unadjusted"
672,"2000",-2.58038032367639,"Unadjusted"
673,"2000",-2.55624468509094,"Unadjusted"
674,"2000",-2.61550968031534,"Unadjusted"
675,"2000",-2.90699198384824,"Unadjusted"
676,"2000",-3.0023190537193,"Unadjusted"
677,"2000",-2.43003548486049,"Unadjusted"
678,"2000",-2.99019381102939,"Unadjusted"
679,"2000",-2.74553655508516,"Unadjusted"
680,"2000",-2.68292234602491,"Unadjusted"
681,"2000",-3.31437554818449,"Unadjusted"
682,"2000",-2.5500606651535,"Unadjusted"
683,"2000",-2.89153639653771,"Unadjusted"
684,"2000",-4.40365493338883,"Unadjusted"
685,"2000",-3.14963682763643,"Unadjusted"
686,"2000",-3.06068976269849,"Unadjusted"
687,"2000",-2.48898451764083,"Unadjusted"
688,"2000",-2.94745696916688,"Unadjusted"
689,"2000",-2.48026472045974,"Unadjusted"
690,"2000",-2.51002202344219,"Unadjusted"
691,"2000",-3.63399028201552,"Unadjusted"
692,"2000",-3.0276846696064,"Unadjusted"
693,"2000",-3.39930299525409,"Unadjusted"
694,"2000",-2.80131134579316,"Unadjusted"
695,"2000",-2.47613876778095,"Unadjusted"
696,"2000",-3.13285849371113,"Unadjusted"
697,"2000",-2.8581747349733,"Unadjusted"
698,"2000",-2.81119608691399,"Unadjusted"
699,"2000",-2.45620298103276,"Unadjusted"
700,"2000",-2.19048862718057,"Unadjusted"
701,"2000",-2.96607100873474,"Unadjusted"
702,"2000",-2.65239645556894,"Unadjusted"
703,"2000",-2.72579219780843,"Unadjusted"
704,"2000",-2.98715942450223,"Unadjusted"
705,"2000",-2.60625139846708,"Unadjusted"
706,"2000",-2.65541287417497,"Unadjusted"
707,"2000",-2.34012077889887,"Unadjusted"
708,"2000",-3.1116723785879,"Unadjusted"
709,"2000",-3.57433139670996,"Unadjusted"
710,"2000",-2.70072930179614,"Unadjusted"
711,"2000",-3.14295942225223,"Unadjusted"
712,"2000",-2.6195352864593,"Unadjusted"
713,"2000",-2.69485795773147,"Unadjusted"
714,"2000",-2.61041248213178,"Unadjusted"
715,"2000",-2.63968741875958,"Unadjusted"
716,"2000",-3.13955775092267,"Unadjusted"
717,"2000",-2.69705111681442,"Unadjusted"
718,"2000",-4.50571583349467,"Unadjusted"
719,"2000",-2.86116445440591,"Unadjusted"
720,"2000",-3.50844265762051,"Unadjusted"
721,"2000",-2.83882651772968,"Unadjusted"
722,"2000",-3.41864063057441,"Unadjusted"
723,"2000",-2.73723640956715,"Unadjusted"
724,"2000",-2.79743340387548,"Unadjusted"
725,"2000",-2.58376322967511,"Unadjusted"
726,"2000",-2.33457637598049,"Unadjusted"
727,"2000",-3.08045534200063,"Unadjusted"
728,"2000",-3.03049104017115,"Unadjusted"
729,"2000",-2.78340507748166,"Unadjusted"
730,"2000",-3.42101328215873,"Unadjusted"
731,"2000",-2.2810190391475,"Unadjusted"
732,"2000",-3.07498979803587,"Unadjusted"
733,"2000",-2.6586503350238,"Unadjusted"
734,"2000",-2.5154726903552,"Unadjusted"
735,"2000",-2.55882442693227,"Unadjusted"
736,"2000",-2.64433873511307,"Unadjusted"
737,"2000",-2.37128460248524,"Unadjusted"
738,"2000",-3.10372322345921,"Unadjusted"
739,"2000",-3.20079776383395,"Unadjusted"
740,"2000",-3.49574773238249,"Unadjusted"
741,"2000",-3.09533819383426,"Unadjusted"
742,"2000",-2.24343709493027,"Unadjusted"
743,"2000",-2.81612718475415,"Unadjusted"
744,"2000",-2.66208696979919,"Unadjusted"
745,"2000",-4.00575251667076,"Unadjusted"
746,"2000",-3.52012645551921,"Unadjusted"
747,"2000",-3.00441894749702,"Unadjusted"
748,"2000",-2.59255756634963,"Unadjusted"
749,"2000",-2.39745223833335,"Unadjusted"
750,"2000",-3.70115067522854,"Unadjusted"
751,"2000",-2.45980018461072,"Unadjusted"
752,"2000",-2.86361448041173,"Unadjusted"
753,"2000",-2.3705428450285,"Unadjusted"
754,"2000",-3.03207029150811,"Unadjusted"
755,"2000",-3.03544302916927,"Unadjusted"
756,"2000",-3.4721396834714,"Unadjusted"
757,"2000",-3.02069112170341,"Unadjusted"
758,"2000",-2.86194117567718,"Unadjusted"
759,"2000",-2.95923133049309,"Unadjusted"
760,"2000",-3.10291585554253,"Unadjusted"
761,"2000",-3.69197693416903,"Unadjusted"
762,"2000",-2.74731797015651,"Unadjusted"
763,"2000",-2.7458718071077,"Unadjusted"
764,"2000",-2.96782648513387,"Unadjusted"
765,"2000",-2.9713801738151,"Unadjusted"
766,"2000",-2.85139804727367,"Unadjusted"
767,"2000",-2.47405078242171,"Unadjusted"
768,"2000",-2.9791557992327,"Unadjusted"
769,"2000",-3.9363980018552,"Unadjusted"
770,"2000",-2.53500508458052,"Unadjusted"
771,"2000",-3.46744267281956,"Unadjusted"
772,"2000",-3.05890180936917,"Unadjusted"
773,"2000",-2.77721783207556,"Unadjusted"
774,"2000",-2.66226721424776,"Unadjusted"
775,"2000",-3.2908502307582,"Unadjusted"
776,"2000",-2.68831874747902,"Unadjusted"
777,"2000",-2.83698630173734,"Unadjusted"
778,"2000",-3.13671337095481,"Unadjusted"
779,"2000",-2.45660106513252,"Unadjusted"
780,"2000",-2.94526199482694,"Unadjusted"
781,"2000",-2.65349781550203,"Unadjusted"
782,"2000",-3.50534682054904,"Unadjusted"
783,"2000",-3.3938522033639,"Unadjusted"
784,"2000",-2.63240891507126,"Unadjusted"
785,"2000",-3.24196687067787,"Unadjusted"
786,"2000",-3.05268392587299,"Unadjusted"
787,"2000",-2.43321100831849,"Unadjusted"
788,"2000",-3.03629353731872,"Unadjusted"
789,"2000",-2.71456100347713,"Unadjusted"
790,"2000",-3.5990587712598,"Unadjusted"
791,"2000",-4.01686500523284,"Unadjusted"
792,"2000",-2.85347685260831,"Unadjusted"
793,"2000",-2.75171828806078,"Unadjusted"
794,"2000",-2.88640648930214,"Unadjusted"
795,"2000",-3.37363306165229,"Unadjusted"
796,"2000",-3.05037179335728,"Unadjusted"
797,"2000",-3.08547957799011,"Unadjusted"
798,"2000",-4.08526083448364,"Unadjusted"
799,"2000",-2.72672069996464,"Unadjusted"
800,"2000",-3.13600416509214,"Unadjusted"
801,"2000",-2.71535720060311,"Unadjusted"
802,"2000",-3.99071588902459,"Unadjusted"
803,"2000",-3.66948133090163,"Unadjusted"
804,"2000",-3.56123120189919,"Unadjusted"
805,"2000",-3.72138864992873,"Unadjusted"
806,"2000",-2.62434711727997,"Unadjusted"
807,"2000",-1.88124596828242,"Unadjusted"
808,"2000",-3.00355400114871,"Unadjusted"
809,"2000",-2.64277131184346,"Unadjusted"
810,"2000",-2.96841518225052,"Unadjusted"
811,"2000",-3.93158530778746,"Unadjusted"
812,"2000",-2.62575137730638,"Unadjusted"
813,"2000",-2.61344903082709,"Unadjusted"
814,"2000",-2.4708444000231,"Unadjusted"
815,"2000",-2.20473480517928,"Unadjusted"
816,"2000",-2.65103205983615,"Unadjusted"
817,"2000",-2.5188461000518,"Unadjusted"
818,"2000",-3.04325665543551,"Unadjusted"
819,"2000",-2.94878568464711,"Unadjusted"
820,"2000",-3.10282754635498,"Unadjusted"
821,"2000",-3.50698639141152,"Unadjusted"
822,"2000",-3.39285591441711,"Unadjusted"
823,"2000",-2.81698214971677,"Unadjusted"
824,"2000",-2.84891113790097,"Unadjusted"
825,"2000",-2.82619082288594,"Unadjusted"
826,"2000",-2.29193439080503,"Unadjusted"
827,"2000",-3.28989847506463,"Unadjusted"
828,"2000",-3.43252620435831,"Unadjusted"
829,"2000",-3.04551859434257,"Unadjusted"
830,"2000",-3.16260746909154,"Unadjusted"
831,"2000",-2.59626583121667,"Unadjusted"
832,"2000",-2.37428788084733,"Unadjusted"
833,"2000",-2.49994380400493,"Unadjusted"
834,"2000",-3.18521255482037,"Unadjusted"
835,"2000",-3.1202306303079,"Unadjusted"
836,"2000",-3.51910419076282,"Unadjusted"
837,"2000",-2.72828491850809,"Unadjusted"
838,"2000",-3.76621444405444,"Unadjusted"
839,"2000",-2.7649119538752,"Unadjusted"
840,"2000",-2.91062774170975,"Unadjusted"
841,"2000",-2.20131542436731,"Unadjusted"
842,"2000",-2.72498445270061,"Unadjusted"
843,"2000",-2.61919631922521,"Unadjusted"
844,"2000",-4.01784245093506,"Unadjusted"
845,"2000",-2.87214536012006,"Unadjusted"
846,"2000",-3.47541305126482,"Unadjusted"
847,"2000",-2.3664632658467,"Unadjusted"
848,"2000",-5.37855652542202,"Unadjusted"
849,"2000",-2.72695846402208,"Unadjusted"
850,"2000",-2.75177628505733,"Unadjusted"
851,"2000",-2.71521222402002,"Unadjusted"
852,"2000",-2.61243153198063,"Unadjusted"
853,"2000",-2.3714775671689,"Unadjusted"
854,"2000",-2.65991138838499,"Unadjusted"
855,"2000",-2.91423858473821,"Unadjusted"
856,"2000",-2.38087724830405,"Unadjusted"
857,"2000",-3.30975228570082,"Unadjusted"
858,"2000",-2.64208387073864,"Unadjusted"
859,"2000",-3.08544643959517,"Unadjusted"
860,"2000",-2.73976678452154,"Unadjusted"
861,"2000",-2.43689133487956,"Unadjusted"
862,"2000",-2.65047619395004,"Unadjusted"
863,"2000",-2.52319404680763,"Unadjusted"
864,"2000",-2.84841354729874,"Unadjusted"
865,"2000",-2.85500631989534,"Unadjusted"
866,"2000",-2.57864449506394,"Unadjusted"
867,"2000",-2.47871050786572,"Unadjusted"
868,"2000",-2.29479142164267,"Unadjusted"
869,"2000",-2.53252876440115,"Unadjusted"
870,"2000",-2.3134515698413,"Unadjusted"
871,"2000",-2.64917169513637,"Unadjusted"
872,"2000",-2.79091311582171,"Unadjusted"
873,"2000",-2.4854634192042,"Unadjusted"
874,"2000",-6.05895081499499,"Unadjusted"
875,"2000",-3.20505853251633,"Unadjusted"
876,"2000",-2.77187592247986,"Unadjusted"
877,"2000",-2.74718335352064,"Unadjusted"
878,"2000",-3.53868697991571,"Unadjusted"
879,"2000",-2.50246415495625,"Unadjusted"
880,"2000",-2.80817495468794,"Unadjusted"
881,"2000",-2.8181258537738,"Unadjusted"
882,"2000",-3.51969230939635,"Unadjusted"
883,"2000",-2.90349528627269,"Unadjusted"
884,"2000",-2.85708829667903,"Unadjusted"
885,"2000",-2.58661082873165,"Unadjusted"
886,"2000",-2.4077883711975,"Unadjusted"
887,"2000",-2.65595192916319,"Unadjusted"
888,"2000",-3.24685589328841,"Unadjusted"
889,"2000",-3.34580382522833,"Unadjusted"
890,"2000",-3.30218103860339,"Unadjusted"
891,"2000",-3.17201106233379,"Unadjusted"
892,"2000",-2.17207560332349,"Unadjusted"
893,"2000",-2.79605168998234,"Unadjusted"
894,"2000",-2.69248730778968,"Unadjusted"
895,"2000",-2.62001651520256,"Unadjusted"
896,"2000",-2.56628811939894,"Unadjusted"
897,"2000",-2.59041783366988,"Unadjusted"
898,"2000",-3.43511589793076,"Unadjusted"
899,"2000",-2.72511854198112,"Unadjusted"
900,"2000",-2.41192532192462,"Unadjusted"
901,"2000",-2.96398141833877,"Unadjusted"
902,"2000",-2.90999307222137,"Unadjusted"
903,"2000",-2.21370466649071,"Unadjusted"
904,"2000",-2.80755782686513,"Unadjusted"
905,"2000",-2.99613173274374,"Unadjusted"
906,"2000",-3.43079230562996,"Unadjusted"
907,"2000",-3.54577886244003,"Unadjusted"
908,"2000",-3.36609396886722,"Unadjusted"
909,"2000",-2.79694845580595,"Unadjusted"
910,"2000",-2.97777851216264,"Unadjusted"
911,"2000",-3.71021234701854,"Unadjusted"
912,"2000",-2.96576711380458,"Unadjusted"
913,"2000",-3.00128335963257,"Unadjusted"
914,"2000",-2.61403464117613,"Unadjusted"
915,"2000",-2.64012955687617,"Unadjusted"
916,"2000",-2.97225010680433,"Unadjusted"
917,"2000",-2.44854781008328,"Unadjusted"
918,"2000",-3.38848351906897,"Unadjusted"
919,"2000",-2.69233298449963,"Unadjusted"
920,"2000",-3.23523446778727,"Unadjusted"
921,"2000",-2.70562364701271,"Unadjusted"
922,"2000",-2.70586711125129,"Unadjusted"
923,"2000",-2.7432306705901,"Unadjusted"
924,"2000",-3.14043305830628,"Unadjusted"
925,"2000",-2.5856890341072,"Unadjusted"
926,"2000",-2.91454930247673,"Unadjusted"
927,"2000",-3.27391565284933,"Unadjusted"
928,"2000",-3.48445759542727,"Unadjusted"
929,"2000",-3.07214566347621,"Unadjusted"
930,"2000",-2.57271908692253,"Unadjusted"
931,"2000",-2.71101232519373,"Unadjusted"
932,"2000",-2.76321157935913,"Unadjusted"
933,"2000",-2.60677923535649,"Unadjusted"
934,"2000",-2.67564745979216,"Unadjusted"
935,"2000",-2.71447630611779,"Unadjusted"
936,"2000",-3.22458389805801,"Unadjusted"
937,"2000",-2.58884878873964,"Unadjusted"
938,"2000",-2.65953735266808,"Unadjusted"
939,"2000",-2.60611385506207,"Unadjusted"
940,"2000",-3.54074809701636,"Unadjusted"
941,"2000",-2.56933675031724,"Unadjusted"
942,"2000",-2.53368336986364,"Unadjusted"
943,"2000",-3.01258734488033,"Unadjusted"
944,"2000",-2.79309041040462,"Unadjusted"
945,"2000",-3.86426062328244,"Unadjusted"
946,"2000",-3.2587438926934,"Unadjusted"
947,"2000",-2.81900345264773,"Unadjusted"
948,"2000",-3.67222599108038,"Unadjusted"
949,"2000",-3.29008969498772,"Unadjusted"
950,"2000",-2.80433120239279,"Unadjusted"
951,"2000",-6.99000438500525,"Unadjusted"
952,"2000",-3.50283944395265,"Unadjusted"
953,"2000",-2.45202988150352,"Unadjusted"
954,"2000",-3.13535769089376,"Unadjusted"
955,"2000",-3.29067791703506,"Unadjusted"
956,"2000",-3.29845288717656,"Unadjusted"
957,"2000",-3.62351394483188,"Unadjusted"
958,"2000",-2.72489673925263,"Unadjusted"
959,"2000",-2.87033232201577,"Unadjusted"
960,"2000",-2.92337803767627,"Unadjusted"
961,"2000",-2.86541299808521,"Unadjusted"
962,"2000",-3.24390633597018,"Unadjusted"
963,"2000",-2.44934758506994,"Unadjusted"
964,"2000",-2.78696241465625,"Unadjusted"
965,"2000",-2.5469131193408,"Unadjusted"
966,"2000",-2.7808446862584,"Unadjusted"
967,"2000",-3.45727777706797,"Unadjusted"
968,"2000",-2.83914975197266,"Unadjusted"
969,"2000",-2.6681464424285,"Unadjusted"
970,"2000",-4.18862768172649,"Unadjusted"
971,"2000",-2.66319884382859,"Unadjusted"
972,"2000",-2.52754362928295,"Unadjusted"
973,"2000",-2.896329662732,"Unadjusted"
974,"2000",-2.7283033327006,"Unadjusted"
975,"2000",-3.63091495291726,"Unadjusted"
976,"2000",-2.76294595766241,"Unadjusted"
977,"2000",-3.09606453872732,"Unadjusted"
978,"2000",-3.53522641595264,"Unadjusted"
979,"2000",-3.29817540618202,"Unadjusted"
980,"2000",-2.73535958289719,"Unadjusted"
981,"2000",-4.02138292483883,"Unadjusted"
982,"2000",-2.69175681274528,"Unadjusted"
983,"2000",-2.73587141022755,"Unadjusted"
984,"2000",-2.88583110283773,"Unadjusted"
985,"2000",-2.29867548753744,"Unadjusted"
986,"2000",-3.28991132196423,"Unadjusted"
987,"2000",-2.42830864634058,"Unadjusted"
988,"2000",-3.10283026384295,"Unadjusted"
989,"2000",-2.35919287446592,"Unadjusted"
990,"2000",-3.17788147225687,"Unadjusted"
991,"2000",-3.20272441835203,"Unadjusted"
992,"2000",-2.26283802374547,"Unadjusted"
993,"2000",-2.79423503467127,"Unadjusted"
994,"2000",-2.5017038265441,"Unadjusted"
995,"2000",-3.15563551800333,"Unadjusted"
996,"2000",-2.52743863832925,"Unadjusted"
997,"2000",-2.4066548061799,"Unadjusted"
998,"2000",-2.80526159846134,"Unadjusted"
999,"2000",-2.60646422286636,"Unadjusted"
1000,"2000",-2.82217540578641,"Unadjusted"
1,"4000",-3.14966629836889,"Unadjusted"
2,"4000",-2.7005431897009,"Unadjusted"
3,"4000",-2.66502156174595,"Unadjusted"
4,"4000",-2.50046675875512,"Unadjusted"
5,"4000",-2.34049575541299,"Unadjusted"
6,"4000",-2.75700196769164,"Unadjusted"
7,"4000",-2.64919275160345,"Unadjusted"
8,"4000",-2.80167202458927,"Unadjusted"
9,"4000",-2.57321868591644,"Unadjusted"
10,"4000",-3.08392804139285,"Unadjusted"
11,"4000",-2.85323212462028,"Unadjusted"
12,"4000",-2.62140218797675,"Unadjusted"
13,"4000",-2.82182918270075,"Unadjusted"
14,"4000",-2.56303099355719,"Unadjusted"
15,"4000",-3.20736103648342,"Unadjusted"
16,"4000",-2.75425582179956,"Unadjusted"
17,"4000",-2.90473461004568,"Unadjusted"
18,"4000",-2.81438196060168,"Unadjusted"
19,"4000",-2.6826865135525,"Unadjusted"
20,"4000",-2.64393971800598,"Unadjusted"
21,"4000",-3.01974655175954,"Unadjusted"
22,"4000",-2.59674857159119,"Unadjusted"
23,"4000",-3.04038113545774,"Unadjusted"
24,"4000",-2.57658503977799,"Unadjusted"
25,"4000",-2.83373240657288,"Unadjusted"
26,"4000",-2.81158597941116,"Unadjusted"
27,"4000",-2.88406243415636,"Unadjusted"
28,"4000",-2.43717952999684,"Unadjusted"
29,"4000",-3.38868018945879,"Unadjusted"
30,"4000",-2.36662256503064,"Unadjusted"
31,"4000",-2.6264832687719,"Unadjusted"
32,"4000",-3.16162934796983,"Unadjusted"
33,"4000",-3.32197396035545,"Unadjusted"
34,"4000",-3.18527227147599,"Unadjusted"
35,"4000",-2.8932975487786,"Unadjusted"
36,"4000",-3.22699934364762,"Unadjusted"
37,"4000",-3.28045485847125,"Unadjusted"
38,"4000",-2.74933562206541,"Unadjusted"
39,"4000",-2.56307713998279,"Unadjusted"
40,"4000",-2.98643542346998,"Unadjusted"
41,"4000",-3.04934776387581,"Unadjusted"
42,"4000",-3.03522779680835,"Unadjusted"
43,"4000",-2.78995631885974,"Unadjusted"
44,"4000",-2.90641420173257,"Unadjusted"
45,"4000",-3.20243781479841,"Unadjusted"
46,"4000",-2.7456953975882,"Unadjusted"
47,"4000",-2.72843006078707,"Unadjusted"
48,"4000",-3.4980889500112,"Unadjusted"
49,"4000",-3.02677481235884,"Unadjusted"
50,"4000",-2.42826604773791,"Unadjusted"
51,"4000",-3.12404397923012,"Unadjusted"
52,"4000",-2.6609093935255,"Unadjusted"
53,"4000",-2.83241914890331,"Unadjusted"
54,"4000",-2.81647107577896,"Unadjusted"
55,"4000",-2.48234282267412,"Unadjusted"
56,"4000",-3.09550236624743,"Unadjusted"
57,"4000",-2.64163487195657,"Unadjusted"
58,"4000",-3.39262785141867,"Unadjusted"
59,"4000",-3.01374616820616,"Unadjusted"
60,"4000",-2.58241015156691,"Unadjusted"
61,"4000",-2.48473846290977,"Unadjusted"
62,"4000",-2.61345578843033,"Unadjusted"
63,"4000",-2.57605300450631,"Unadjusted"
64,"4000",-3.20438706180361,"Unadjusted"
65,"4000",-2.92249241011118,"Unadjusted"
66,"4000",-2.88135428261383,"Unadjusted"
67,"4000",-2.84889342273645,"Unadjusted"
68,"4000",-2.83446270838649,"Unadjusted"
69,"4000",-2.8355354101562,"Unadjusted"
70,"4000",-2.60464754612208,"Unadjusted"
71,"4000",-2.44881560941832,"Unadjusted"
72,"4000",-2.80281637826194,"Unadjusted"
73,"4000",-2.91559205385879,"Unadjusted"
74,"4000",-2.72358762027643,"Unadjusted"
75,"4000",-2.78863653519543,"Unadjusted"
76,"4000",-2.43255086165337,"Unadjusted"
77,"4000",-2.74376679181636,"Unadjusted"
78,"4000",-2.77012910015977,"Unadjusted"
79,"4000",-2.58764671706768,"Unadjusted"
80,"4000",-3.10970655114595,"Unadjusted"
81,"4000",-3.01705073645088,"Unadjusted"
82,"4000",-2.79707581433526,"Unadjusted"
83,"4000",-2.80623834444709,"Unadjusted"
84,"4000",-2.60745493771819,"Unadjusted"
85,"4000",-3.13894237142737,"Unadjusted"
86,"4000",-2.95168183302786,"Unadjusted"
87,"4000",-2.99793385123965,"Unadjusted"
88,"4000",-2.956200021033,"Unadjusted"
89,"4000",-2.87801491516836,"Unadjusted"
90,"4000",-2.87748764749637,"Unadjusted"
91,"4000",-2.93207650012939,"Unadjusted"
92,"4000",-2.64881846796852,"Unadjusted"
93,"4000",-2.25913904944203,"Unadjusted"
94,"4000",-2.66860450992277,"Unadjusted"
95,"4000",-3.03126728732835,"Unadjusted"
96,"4000",-3.02959674616831,"Unadjusted"
97,"4000",-3.11079215001452,"Unadjusted"
98,"4000",-3.83881726776246,"Unadjusted"
99,"4000",-3.39488574447469,"Unadjusted"
100,"4000",-2.62248024069668,"Unadjusted"
101,"4000",-2.84923357608976,"Unadjusted"
102,"4000",-2.65560209159065,"Unadjusted"
103,"4000",-3.08037951145712,"Unadjusted"
104,"4000",-2.68573772069192,"Unadjusted"
105,"4000",-2.67908097688164,"Unadjusted"
106,"4000",-2.62215624336989,"Unadjusted"
107,"4000",-3.54541213640863,"Unadjusted"
108,"4000",-4.00909386425993,"Unadjusted"
109,"4000",-2.72790193144332,"Unadjusted"
110,"4000",-2.35755738770234,"Unadjusted"
111,"4000",-3.04177261078168,"Unadjusted"
112,"4000",-2.7732837851106,"Unadjusted"
113,"4000",-3.37646957154093,"Unadjusted"
114,"4000",-3.48049495436322,"Unadjusted"
115,"4000",-2.51781644607598,"Unadjusted"
116,"4000",-2.75836828017345,"Unadjusted"
117,"4000",-2.56435912753136,"Unadjusted"
118,"4000",-2.59734161248769,"Unadjusted"
119,"4000",-2.79960013239818,"Unadjusted"
120,"4000",-2.90888377250558,"Unadjusted"
121,"4000",-3.04652069935935,"Unadjusted"
122,"4000",-2.68054220279317,"Unadjusted"
123,"4000",-2.89818859132438,"Unadjusted"
124,"4000",-2.99976299472073,"Unadjusted"
125,"4000",-2.79899934426711,"Unadjusted"
126,"4000",-3.06565600738585,"Unadjusted"
127,"4000",-2.67952430334951,"Unadjusted"
128,"4000",-2.85731827543221,"Unadjusted"
129,"4000",-2.65782431192378,"Unadjusted"
130,"4000",-2.3302602857134,"Unadjusted"
131,"4000",-2.88772412312912,"Unadjusted"
132,"4000",-2.73803375233512,"Unadjusted"
133,"4000",-2.62346868369619,"Unadjusted"
134,"4000",-2.81114444793742,"Unadjusted"
135,"4000",-2.80126693341492,"Unadjusted"
136,"4000",-2.91038572291211,"Unadjusted"
137,"4000",-2.62687766390967,"Unadjusted"
138,"4000",-3.26880953048099,"Unadjusted"
139,"4000",-3.04907016193789,"Unadjusted"
140,"4000",-2.47790147125906,"Unadjusted"
141,"4000",-2.83042339570431,"Unadjusted"
142,"4000",-3.3192714391413,"Unadjusted"
143,"4000",-2.85133507024014,"Unadjusted"
144,"4000",-2.40282118933695,"Unadjusted"
145,"4000",-2.81378404624939,"Unadjusted"
146,"4000",-2.79608775591091,"Unadjusted"
147,"4000",-2.66383423987528,"Unadjusted"
148,"4000",-3.30351506570333,"Unadjusted"
149,"4000",-3.17318714950511,"Unadjusted"
150,"4000",-3.17736864643037,"Unadjusted"
151,"4000",-3.02839862285518,"Unadjusted"
152,"4000",-3.07995977362473,"Unadjusted"
153,"4000",-2.711675026064,"Unadjusted"
154,"4000",-2.76855224130859,"Unadjusted"
155,"4000",-3.04097795941393,"Unadjusted"
156,"4000",-3.6063246069567,"Unadjusted"
157,"4000",-2.79750451873974,"Unadjusted"
158,"4000",-2.72089582860803,"Unadjusted"
159,"4000",-2.37515670146799,"Unadjusted"
160,"4000",-3.04638912375983,"Unadjusted"
161,"4000",-2.82720621774643,"Unadjusted"
162,"4000",-3.25975900173631,"Unadjusted"
163,"4000",-2.61857431871993,"Unadjusted"
164,"4000",-2.84500242612975,"Unadjusted"
165,"4000",-3.03345523526743,"Unadjusted"
166,"4000",-3.08139852815053,"Unadjusted"
167,"4000",-2.78162776124763,"Unadjusted"
168,"4000",-2.51741958156838,"Unadjusted"
169,"4000",-3.21562418877589,"Unadjusted"
170,"4000",-2.83545775897261,"Unadjusted"
171,"4000",-2.99990041826371,"Unadjusted"
172,"4000",-3.29157793189047,"Unadjusted"
173,"4000",-2.84153021196736,"Unadjusted"
174,"4000",-4.18049544841269,"Unadjusted"
175,"4000",-2.47364698975167,"Unadjusted"
176,"4000",-3.61244142093222,"Unadjusted"
177,"4000",-2.90456546517419,"Unadjusted"
178,"4000",-2.5833493455116,"Unadjusted"
179,"4000",-2.70921198998212,"Unadjusted"
180,"4000",-3.05987735535433,"Unadjusted"
181,"4000",-3.40767817631732,"Unadjusted"
182,"4000",-2.82147019110233,"Unadjusted"
183,"4000",-3.61258313341109,"Unadjusted"
184,"4000",-2.74438120404177,"Unadjusted"
185,"4000",-2.59088199933266,"Unadjusted"
186,"4000",-3.00130160502569,"Unadjusted"
187,"4000",-2.51015245404476,"Unadjusted"
188,"4000",-2.6133998418519,"Unadjusted"
189,"4000",-2.83369580599719,"Unadjusted"
190,"4000",-2.80869653050765,"Unadjusted"
191,"4000",-2.43319896283935,"Unadjusted"
192,"4000",-2.86928996224373,"Unadjusted"
193,"4000",-3.29625212416188,"Unadjusted"
194,"4000",-3.18994791712339,"Unadjusted"
195,"4000",-2.73821830698871,"Unadjusted"
196,"4000",-2.96951047752002,"Unadjusted"
197,"4000",-3.26817933938438,"Unadjusted"
198,"4000",-2.92966591043391,"Unadjusted"
199,"4000",-3.05272404428633,"Unadjusted"
200,"4000",-2.84701125915203,"Unadjusted"
201,"4000",-2.96538647492643,"Unadjusted"
202,"4000",-2.78119216992355,"Unadjusted"
203,"4000",-3.08687402327241,"Unadjusted"
204,"4000",-2.83117791797157,"Unadjusted"
205,"4000",-2.99248632795071,"Unadjusted"
206,"4000",-3.23983955331935,"Unadjusted"
207,"4000",-2.75194684756326,"Unadjusted"
208,"4000",-2.79477229247041,"Unadjusted"
209,"4000",-2.62783538145098,"Unadjusted"
210,"4000",-3.29413476819409,"Unadjusted"
211,"4000",-2.83025955860195,"Unadjusted"
212,"4000",-2.55800978133289,"Unadjusted"
213,"4000",-2.72408166485663,"Unadjusted"
214,"4000",-3.42878298981969,"Unadjusted"
215,"4000",-3.10015327317554,"Unadjusted"
216,"4000",-2.83389217594788,"Unadjusted"
217,"4000",-2.72004198350182,"Unadjusted"
218,"4000",-3.13219259240784,"Unadjusted"
219,"4000",-2.88216069950182,"Unadjusted"
220,"4000",-2.88503703268315,"Unadjusted"
221,"4000",-2.60539729760301,"Unadjusted"
222,"4000",-2.5130037602005,"Unadjusted"
223,"4000",-2.62429483418991,"Unadjusted"
224,"4000",-3.01261748202532,"Unadjusted"
225,"4000",-2.93410951680844,"Unadjusted"
226,"4000",-2.73955736931685,"Unadjusted"
227,"4000",-2.67146267466862,"Unadjusted"
228,"4000",-2.76127438544254,"Unadjusted"
229,"4000",-2.66100522868726,"Unadjusted"
230,"4000",-2.89119996759748,"Unadjusted"
231,"4000",-2.72490303019596,"Unadjusted"
232,"4000",-2.866798866516,"Unadjusted"
233,"4000",-2.86789982035789,"Unadjusted"
234,"4000",-2.54154534216351,"Unadjusted"
235,"4000",-3.30233502562499,"Unadjusted"
236,"4000",-2.53414614958822,"Unadjusted"
237,"4000",-3.0152788775154,"Unadjusted"
238,"4000",-3.05253295197635,"Unadjusted"
239,"4000",-2.40126329511937,"Unadjusted"
240,"4000",-3.00496335227182,"Unadjusted"
241,"4000",-2.84650828303372,"Unadjusted"
242,"4000",-3.337871880548,"Unadjusted"
243,"4000",-3.06067674547167,"Unadjusted"
244,"4000",-2.88599453026532,"Unadjusted"
245,"4000",-2.38904834701443,"Unadjusted"
246,"4000",-3.36407199195661,"Unadjusted"
247,"4000",-3.28838708589012,"Unadjusted"
248,"4000",-2.62775156448338,"Unadjusted"
249,"4000",-2.94807560491201,"Unadjusted"
250,"4000",-3.27767151073557,"Unadjusted"
251,"4000",-2.9326090984401,"Unadjusted"
252,"4000",-2.77997514006287,"Unadjusted"
253,"4000",-2.56547890581196,"Unadjusted"
254,"4000",-2.79875795339739,"Unadjusted"
255,"4000",-2.72780208406947,"Unadjusted"
256,"4000",-3.02294037450434,"Unadjusted"
257,"4000",-2.31401498245385,"Unadjusted"
258,"4000",-2.96546236590732,"Unadjusted"
259,"4000",-3.29909714312988,"Unadjusted"
260,"4000",-2.97205470008261,"Unadjusted"
261,"4000",-2.91296604180155,"Unadjusted"
262,"4000",-2.52348786075486,"Unadjusted"
263,"4000",-3.11457371027578,"Unadjusted"
264,"4000",-2.76850340748761,"Unadjusted"
265,"4000",-2.68691635953253,"Unadjusted"
266,"4000",-3.08805807700653,"Unadjusted"
267,"4000",-2.87538498696284,"Unadjusted"
268,"4000",-3.32182992042993,"Unadjusted"
269,"4000",-2.75872685265641,"Unadjusted"
270,"4000",-3.2188570237055,"Unadjusted"
271,"4000",-2.78623481738291,"Unadjusted"
272,"4000",-2.80018156816104,"Unadjusted"
273,"4000",-2.58291203004171,"Unadjusted"
274,"4000",-2.78294508602107,"Unadjusted"
275,"4000",-2.60377399014902,"Unadjusted"
276,"4000",-2.61657672620633,"Unadjusted"
277,"4000",-2.48408555597086,"Unadjusted"
278,"4000",-2.9029103917535,"Unadjusted"
279,"4000",-3.45682804172057,"Unadjusted"
280,"4000",-3.30566109103618,"Unadjusted"
281,"4000",-2.48307767070187,"Unadjusted"
282,"4000",-2.66966705518582,"Unadjusted"
283,"4000",-2.95719808971095,"Unadjusted"
284,"4000",-2.94148175495679,"Unadjusted"
285,"4000",-3.02568258978611,"Unadjusted"
286,"4000",-3.29297268208522,"Unadjusted"
287,"4000",-2.41008142126546,"Unadjusted"
288,"4000",-2.63356601892258,"Unadjusted"
289,"4000",-3.2224785519419,"Unadjusted"
290,"4000",-2.60917982975285,"Unadjusted"
291,"4000",-3.00940324363105,"Unadjusted"
292,"4000",-2.84495373835903,"Unadjusted"
293,"4000",-2.84248295819644,"Unadjusted"
294,"4000",-2.99463753067453,"Unadjusted"
295,"4000",-3.27977799220409,"Unadjusted"
296,"4000",-3.2665950275842,"Unadjusted"
297,"4000",-2.5256110138424,"Unadjusted"
298,"4000",-3.01400758507539,"Unadjusted"
299,"4000",-3.35108734601387,"Unadjusted"
300,"4000",-2.81276859863662,"Unadjusted"
301,"4000",-2.72943682954579,"Unadjusted"
302,"4000",-2.51170846964008,"Unadjusted"
303,"4000",-3.27541906808587,"Unadjusted"
304,"4000",-3.14092591376159,"Unadjusted"
305,"4000",-2.81963659771156,"Unadjusted"
306,"4000",-2.6584207869999,"Unadjusted"
307,"4000",-2.93506992610514,"Unadjusted"
308,"4000",-2.89700480325195,"Unadjusted"
309,"4000",-3.00274395171846,"Unadjusted"
310,"4000",-2.80064899404347,"Unadjusted"
311,"4000",-2.61130101026054,"Unadjusted"
312,"4000",-2.85829448906286,"Unadjusted"
313,"4000",-2.66208561685403,"Unadjusted"
314,"4000",-3.09192097331917,"Unadjusted"
315,"4000",-2.85701248635452,"Unadjusted"
316,"4000",-2.43785045040284,"Unadjusted"
317,"4000",-2.7079198095726,"Unadjusted"
318,"4000",-2.6996474572619,"Unadjusted"
319,"4000",-2.85487889482104,"Unadjusted"
320,"4000",-2.82145614079123,"Unadjusted"
321,"4000",-2.53206034139089,"Unadjusted"
322,"4000",-2.82093432368504,"Unadjusted"
323,"4000",-2.50718548776054,"Unadjusted"
324,"4000",-2.75044636412833,"Unadjusted"
325,"4000",-3.15709451699479,"Unadjusted"
326,"4000",-2.59188166651629,"Unadjusted"
327,"4000",-2.44497970281068,"Unadjusted"
328,"4000",-3.26897183018412,"Unadjusted"
329,"4000",-3.39971354785208,"Unadjusted"
330,"4000",-3.04696953664692,"Unadjusted"
331,"4000",-2.91542286882465,"Unadjusted"
332,"4000",-2.7772810278348,"Unadjusted"
333,"4000",-3.45759516496558,"Unadjusted"
334,"4000",-2.83601143776488,"Unadjusted"
335,"4000",-3.05541643845349,"Unadjusted"
336,"4000",-3.56840023617282,"Unadjusted"
337,"4000",-3.42109827592524,"Unadjusted"
338,"4000",-2.64207624919903,"Unadjusted"
339,"4000",-2.64299698903806,"Unadjusted"
340,"4000",-3.2259532814573,"Unadjusted"
341,"4000",-2.74384545684689,"Unadjusted"
342,"4000",-2.50616948134968,"Unadjusted"
343,"4000",-3.02175208476687,"Unadjusted"
344,"4000",-2.82292047940236,"Unadjusted"
345,"4000",-2.63655649856828,"Unadjusted"
346,"4000",-2.94349845898063,"Unadjusted"
347,"4000",-3.2859061132297,"Unadjusted"
348,"4000",-3.12534320201809,"Unadjusted"
349,"4000",-3.14574078860651,"Unadjusted"
350,"4000",-2.45483435249224,"Unadjusted"
351,"4000",-2.63149724997132,"Unadjusted"
352,"4000",-2.85085165918207,"Unadjusted"
353,"4000",-2.86743934893116,"Unadjusted"
354,"4000",-3.24934605723705,"Unadjusted"
355,"4000",-2.94982964524554,"Unadjusted"
356,"4000",-2.94844859017382,"Unadjusted"
357,"4000",-3.05869030851898,"Unadjusted"
358,"4000",-3.09669110947756,"Unadjusted"
359,"4000",-2.82077794352358,"Unadjusted"
360,"4000",-3.08545344586865,"Unadjusted"
361,"4000",-3.06506107344534,"Unadjusted"
362,"4000",-3.38555512366485,"Unadjusted"
363,"4000",-2.60696367872092,"Unadjusted"
364,"4000",-2.80056932694611,"Unadjusted"
365,"4000",-3.28615330848023,"Unadjusted"
366,"4000",-2.67868422612753,"Unadjusted"
367,"4000",-2.79864562598263,"Unadjusted"
368,"4000",-2.85398851116544,"Unadjusted"
369,"4000",-2.86366758395592,"Unadjusted"
370,"4000",-4.10188139264046,"Unadjusted"
371,"4000",-3.75582484529502,"Unadjusted"
372,"4000",-2.8810502876623,"Unadjusted"
373,"4000",-3.2438277433798,"Unadjusted"
374,"4000",-2.57193256992191,"Unadjusted"
375,"4000",-2.9756359455497,"Unadjusted"
376,"4000",-2.88620538234351,"Unadjusted"
377,"4000",-2.521293435933,"Unadjusted"
378,"4000",-2.68746037872487,"Unadjusted"
379,"4000",-2.39752538372186,"Unadjusted"
380,"4000",-2.54931685105138,"Unadjusted"
381,"4000",-2.98099883479652,"Unadjusted"
382,"4000",-3.03717817258448,"Unadjusted"
383,"4000",-2.96147935900813,"Unadjusted"
384,"4000",-2.68454414192979,"Unadjusted"
385,"4000",-2.59412718985484,"Unadjusted"
386,"4000",-3.12678779138128,"Unadjusted"
387,"4000",-3.3801143896895,"Unadjusted"
388,"4000",-3.37733679062007,"Unadjusted"
389,"4000",-2.95213641675977,"Unadjusted"
390,"4000",-2.52899220710781,"Unadjusted"
391,"4000",-3.05218210431112,"Unadjusted"
392,"4000",-2.78583172961447,"Unadjusted"
393,"4000",-2.70006326026455,"Unadjusted"
394,"4000",-2.90572016127367,"Unadjusted"
395,"4000",-2.65251793992918,"Unadjusted"
396,"4000",-2.9941395808956,"Unadjusted"
397,"4000",-2.76570092635178,"Unadjusted"
398,"4000",-2.60371034851952,"Unadjusted"
399,"4000",-2.64592976129929,"Unadjusted"
400,"4000",-3.02777770807458,"Unadjusted"
401,"4000",-2.72333838823731,"Unadjusted"
402,"4000",-3.40873878277239,"Unadjusted"
403,"4000",-3.14448715678485,"Unadjusted"
404,"4000",-2.51510186239614,"Unadjusted"
405,"4000",-2.7917495680647,"Unadjusted"
406,"4000",-2.56404919677277,"Unadjusted"
407,"4000",-2.74033618291033,"Unadjusted"
408,"4000",-2.67406833391139,"Unadjusted"
409,"4000",-2.74491585268101,"Unadjusted"
410,"4000",-2.74806812361173,"Unadjusted"
411,"4000",-3.05527216145975,"Unadjusted"
412,"4000",-2.61748649590434,"Unadjusted"
413,"4000",-3.0527472073018,"Unadjusted"
414,"4000",-2.64509221005568,"Unadjusted"
415,"4000",-2.80278431025589,"Unadjusted"
416,"4000",-2.68420262247212,"Unadjusted"
417,"4000",-2.567638990693,"Unadjusted"
418,"4000",-3.09939570097197,"Unadjusted"
419,"4000",-2.66680986304182,"Unadjusted"
420,"4000",-3.44038769078229,"Unadjusted"
421,"4000",-2.62145687325844,"Unadjusted"
422,"4000",-3.12230852609758,"Unadjusted"
423,"4000",-3.40434801424885,"Unadjusted"
424,"4000",-3.01742845563796,"Unadjusted"
425,"4000",-2.41152792121792,"Unadjusted"
426,"4000",-2.8564992286252,"Unadjusted"
427,"4000",-3.06850911938738,"Unadjusted"
428,"4000",-3.28975678221069,"Unadjusted"
429,"4000",-2.98454412875466,"Unadjusted"
430,"4000",-3.16610268057956,"Unadjusted"
431,"4000",-2.69614094019084,"Unadjusted"
432,"4000",-2.75682165599275,"Unadjusted"
433,"4000",-2.6555992940608,"Unadjusted"
434,"4000",-2.99982576690674,"Unadjusted"
435,"4000",-2.83736688971147,"Unadjusted"
436,"4000",-2.78513076858348,"Unadjusted"
437,"4000",-3.00456836595965,"Unadjusted"
438,"4000",-2.79339374923555,"Unadjusted"
439,"4000",-2.42741816953418,"Unadjusted"
440,"4000",-2.96619149569121,"Unadjusted"
441,"4000",-2.74292931609021,"Unadjusted"
442,"4000",-2.61302485288166,"Unadjusted"
443,"4000",-2.69104350399137,"Unadjusted"
444,"4000",-2.5703556153433,"Unadjusted"
445,"4000",-2.62412304596721,"Unadjusted"
446,"4000",-3.91887619322644,"Unadjusted"
447,"4000",-2.81749252859489,"Unadjusted"
448,"4000",-2.71165535045143,"Unadjusted"
449,"4000",-2.76080771835908,"Unadjusted"
450,"4000",-2.5612734046484,"Unadjusted"
451,"4000",-2.62194112767105,"Unadjusted"
452,"4000",-2.85579205621012,"Unadjusted"
453,"4000",-2.69437787343391,"Unadjusted"
454,"4000",-3.07108263516751,"Unadjusted"
455,"4000",-2.63341930348424,"Unadjusted"
456,"4000",-2.64667270907081,"Unadjusted"
457,"4000",-2.72959852726758,"Unadjusted"
458,"4000",-2.40647823651992,"Unadjusted"
459,"4000",-3.18220005707881,"Unadjusted"
460,"4000",-3.11762263290814,"Unadjusted"
461,"4000",-3.09052125854579,"Unadjusted"
462,"4000",-2.81077721681715,"Unadjusted"
463,"4000",-3.67845571346327,"Unadjusted"
464,"4000",-2.94700930122912,"Unadjusted"
465,"4000",-3.16495496983628,"Unadjusted"
466,"4000",-2.86109473063222,"Unadjusted"
467,"4000",-2.84200171636585,"Unadjusted"
468,"4000",-2.70595831304161,"Unadjusted"
469,"4000",-2.36619596211905,"Unadjusted"
470,"4000",-2.99442718503336,"Unadjusted"
471,"4000",-2.60099146775874,"Unadjusted"
472,"4000",-3.27689107239048,"Unadjusted"
473,"4000",-2.85250070854751,"Unadjusted"
474,"4000",-3.23549098297662,"Unadjusted"
475,"4000",-2.64557230549018,"Unadjusted"
476,"4000",-2.59285082926395,"Unadjusted"
477,"4000",-3.57212423872539,"Unadjusted"
478,"4000",-2.86804868349658,"Unadjusted"
479,"4000",-3.66820789817002,"Unadjusted"
480,"4000",-2.47924975108596,"Unadjusted"
481,"4000",-2.90767237113391,"Unadjusted"
482,"4000",-2.86892025900728,"Unadjusted"
483,"4000",-2.7567840783545,"Unadjusted"
484,"4000",-2.25196391213878,"Unadjusted"
485,"4000",-3.02670283883325,"Unadjusted"
486,"4000",-2.96138886381393,"Unadjusted"
487,"4000",-2.69145639345029,"Unadjusted"
488,"4000",-3.01128499109646,"Unadjusted"
489,"4000",-2.74524724108109,"Unadjusted"
490,"4000",-3.43203243847794,"Unadjusted"
491,"4000",-2.38870315680327,"Unadjusted"
492,"4000",-2.79967846836498,"Unadjusted"
493,"4000",-3.68143986440652,"Unadjusted"
494,"4000",-3.03152607197405,"Unadjusted"
495,"4000",-2.56967573604331,"Unadjusted"
496,"4000",-2.62861046297741,"Unadjusted"
497,"4000",-3.00510695493551,"Unadjusted"
498,"4000",-2.84417982477039,"Unadjusted"
499,"4000",-3.31488408215829,"Unadjusted"
500,"4000",-2.96777428373796,"Unadjusted"
501,"4000",-2.89211337140829,"Unadjusted"
502,"4000",-2.87498050223783,"Unadjusted"
503,"4000",-2.7885927107948,"Unadjusted"
504,"4000",-3.2905160569556,"Unadjusted"
505,"4000",-3.14519334345936,"Unadjusted"
506,"4000",-2.43515480709148,"Unadjusted"
507,"4000",-2.70141544280214,"Unadjusted"
508,"4000",-2.66505090909333,"Unadjusted"
509,"4000",-2.62983596154313,"Unadjusted"
510,"4000",-2.77287943523992,"Unadjusted"
511,"4000",-2.66563358816377,"Unadjusted"
512,"4000",-2.75913116611936,"Unadjusted"
513,"4000",-2.68190606369907,"Unadjusted"
514,"4000",-3.00757975701924,"Unadjusted"
515,"4000",-3.03188435231403,"Unadjusted"
516,"4000",-3.15164492170544,"Unadjusted"
517,"4000",-2.96109270848034,"Unadjusted"
518,"4000",-2.60731110878025,"Unadjusted"
519,"4000",-2.55768580355134,"Unadjusted"
520,"4000",-2.81823022483558,"Unadjusted"
521,"4000",-2.8780717071722,"Unadjusted"
522,"4000",-3.04008986161122,"Unadjusted"
523,"4000",-3.42206258133973,"Unadjusted"
524,"4000",-2.63132096906321,"Unadjusted"
525,"4000",-3.01622946137205,"Unadjusted"
526,"4000",-2.4060619599396,"Unadjusted"
527,"4000",-2.73052201757711,"Unadjusted"
528,"4000",-2.6558015400592,"Unadjusted"
529,"4000",-3.88584511505668,"Unadjusted"
530,"4000",-2.855566995653,"Unadjusted"
531,"4000",-3.94840039655161,"Unadjusted"
532,"4000",-2.84090836636658,"Unadjusted"
533,"4000",-2.82593116938418,"Unadjusted"
534,"4000",-2.88245289276578,"Unadjusted"
535,"4000",-3.14041401492866,"Unadjusted"
536,"4000",-2.99989178042322,"Unadjusted"
537,"4000",-3.26543202847516,"Unadjusted"
538,"4000",-2.43506591149731,"Unadjusted"
539,"4000",-3.50802451963772,"Unadjusted"
540,"4000",-2.66847943192859,"Unadjusted"
541,"4000",-2.94339889515151,"Unadjusted"
542,"4000",-2.73074481621245,"Unadjusted"
543,"4000",-2.58448435214191,"Unadjusted"
544,"4000",-2.72911977232362,"Unadjusted"
545,"4000",-2.97993541812668,"Unadjusted"
546,"4000",-2.47516568899407,"Unadjusted"
547,"4000",-2.78706688713768,"Unadjusted"
548,"4000",-2.73739296986635,"Unadjusted"
549,"4000",-2.80805033839737,"Unadjusted"
550,"4000",-2.6140739417725,"Unadjusted"
551,"4000",-2.60889859024036,"Unadjusted"
552,"4000",-3.11668206180049,"Unadjusted"
553,"4000",-2.5856674794099,"Unadjusted"
554,"4000",-2.98780687944126,"Unadjusted"
555,"4000",-2.92610008633559,"Unadjusted"
556,"4000",-3.21600950236658,"Unadjusted"
557,"4000",-3.08046633107838,"Unadjusted"
558,"4000",-2.72565805890133,"Unadjusted"
559,"4000",-2.64515669821507,"Unadjusted"
560,"4000",-3.07241878782281,"Unadjusted"
561,"4000",-2.81685451576124,"Unadjusted"
562,"4000",-2.49971723925583,"Unadjusted"
563,"4000",-2.79125542785953,"Unadjusted"
564,"4000",-2.82208415924791,"Unadjusted"
565,"4000",-2.76669186897352,"Unadjusted"
566,"4000",-3.00893826532522,"Unadjusted"
567,"4000",-3.01968831229263,"Unadjusted"
568,"4000",-2.98000447285827,"Unadjusted"
569,"4000",-2.78577398786829,"Unadjusted"
570,"4000",-2.6254381043525,"Unadjusted"
571,"4000",-2.93739784353078,"Unadjusted"
572,"4000",-2.62179112045188,"Unadjusted"
573,"4000",-2.73044877686449,"Unadjusted"
574,"4000",-2.81007972886381,"Unadjusted"
575,"4000",-2.66615023835861,"Unadjusted"
576,"4000",-3.05842684927837,"Unadjusted"
577,"4000",-3.40281179398115,"Unadjusted"
578,"4000",-2.84786037016365,"Unadjusted"
579,"4000",-3.04633472600864,"Unadjusted"
580,"4000",-2.47776783576409,"Unadjusted"
581,"4000",-2.80393815702781,"Unadjusted"
582,"4000",-2.76521003126628,"Unadjusted"
583,"4000",-2.4127954641426,"Unadjusted"
584,"4000",-2.93681590133107,"Unadjusted"
585,"4000",-2.73830163961061,"Unadjusted"
586,"4000",-3.04021443597345,"Unadjusted"
587,"4000",-2.82545264285291,"Unadjusted"
588,"4000",-2.79600334035381,"Unadjusted"
589,"4000",-2.51776073552691,"Unadjusted"
590,"4000",-2.6718650800992,"Unadjusted"
591,"4000",-2.91777837120458,"Unadjusted"
592,"4000",-2.84619786164643,"Unadjusted"
593,"4000",-2.91580904740278,"Unadjusted"
594,"4000",-3.46784413351507,"Unadjusted"
595,"4000",-2.5956261639375,"Unadjusted"
596,"4000",-3.08481833381938,"Unadjusted"
597,"4000",-2.69544705076395,"Unadjusted"
598,"4000",-2.74082932600498,"Unadjusted"
599,"4000",-2.83754369894707,"Unadjusted"
600,"4000",-2.53301232551395,"Unadjusted"
601,"4000",-2.32972773166897,"Unadjusted"
602,"4000",-3.42709775577627,"Unadjusted"
603,"4000",-3.1060862426588,"Unadjusted"
604,"4000",-2.48421576553469,"Unadjusted"
605,"4000",-2.607607898113,"Unadjusted"
606,"4000",-2.92337309996336,"Unadjusted"
607,"4000",-2.85579597509363,"Unadjusted"
608,"4000",-2.70406444916286,"Unadjusted"
609,"4000",-3.0699520469696,"Unadjusted"
610,"4000",-2.88247821906479,"Unadjusted"
611,"4000",-2.72935779459827,"Unadjusted"
612,"4000",-3.62681793779821,"Unadjusted"
613,"4000",-2.87390099625133,"Unadjusted"
614,"4000",-2.55548288941328,"Unadjusted"
615,"4000",-3.07139269531795,"Unadjusted"
616,"4000",-3.2420444261891,"Unadjusted"
617,"4000",-3.01379528308972,"Unadjusted"
618,"4000",-2.81921449534097,"Unadjusted"
619,"4000",-2.77263651645215,"Unadjusted"
620,"4000",-3.76144118365677,"Unadjusted"
621,"4000",-2.50162378766214,"Unadjusted"
622,"4000",-3.5744058854034,"Unadjusted"
623,"4000",-2.61856043515077,"Unadjusted"
624,"4000",-3.35252365741937,"Unadjusted"
625,"4000",-3.04227364743303,"Unadjusted"
626,"4000",-3.23004832974992,"Unadjusted"
627,"4000",-3.16004359219621,"Unadjusted"
628,"4000",-2.65036201934314,"Unadjusted"
629,"4000",-2.46224280561302,"Unadjusted"
630,"4000",-2.40885002541682,"Unadjusted"
631,"4000",-3.53433241603662,"Unadjusted"
632,"4000",-3.36542770975616,"Unadjusted"
633,"4000",-3.28306098186524,"Unadjusted"
634,"4000",-2.95099732290572,"Unadjusted"
635,"4000",-2.72484434634845,"Unadjusted"
636,"4000",-2.69476198144904,"Unadjusted"
637,"4000",-2.73997690521448,"Unadjusted"
638,"4000",-2.69982713038663,"Unadjusted"
639,"4000",-3.72407453858139,"Unadjusted"
640,"4000",-3.24019536078163,"Unadjusted"
641,"4000",-3.08961762253324,"Unadjusted"
642,"4000",-2.88134365014761,"Unadjusted"
643,"4000",-2.68932235539615,"Unadjusted"
644,"4000",-3.5029064399606,"Unadjusted"
645,"4000",-2.91801346798996,"Unadjusted"
646,"4000",-3.13909687978402,"Unadjusted"
647,"4000",-2.70466381077386,"Unadjusted"
648,"4000",-2.74239921779373,"Unadjusted"
649,"4000",-2.80231090529701,"Unadjusted"
650,"4000",-2.93316153416193,"Unadjusted"
651,"4000",-3.30178661083925,"Unadjusted"
652,"4000",-2.56912695577409,"Unadjusted"
653,"4000",-2.71317846520464,"Unadjusted"
654,"4000",-2.74399713165493,"Unadjusted"
655,"4000",-3.02354364501741,"Unadjusted"
656,"4000",-2.69207920242614,"Unadjusted"
657,"4000",-2.83071458662456,"Unadjusted"
658,"4000",-3.19748669150309,"Unadjusted"
659,"4000",-2.78837115140065,"Unadjusted"
660,"4000",-2.78898112613621,"Unadjusted"
661,"4000",-3.46654168861161,"Unadjusted"
662,"4000",-2.76139378305915,"Unadjusted"
663,"4000",-2.8335195095179,"Unadjusted"
664,"4000",-3.14418824137319,"Unadjusted"
665,"4000",-3.03561983490848,"Unadjusted"
666,"4000",-3.0539236472182,"Unadjusted"
667,"4000",-2.74672235311332,"Unadjusted"
668,"4000",-2.84784122000579,"Unadjusted"
669,"4000",-2.9863449035453,"Unadjusted"
670,"4000",-3.5758272773377,"Unadjusted"
671,"4000",-2.69913400385222,"Unadjusted"
672,"4000",-3.14227667821094,"Unadjusted"
673,"4000",-2.85224544772699,"Unadjusted"
674,"4000",-2.41296157535786,"Unadjusted"
675,"4000",-3.12782212010452,"Unadjusted"
676,"4000",-3.20517063656376,"Unadjusted"
677,"4000",-3.65919351275619,"Unadjusted"
678,"4000",-2.88400041742394,"Unadjusted"
679,"4000",-3.19215958993141,"Unadjusted"
680,"4000",-3.14912290483521,"Unadjusted"
681,"4000",-2.73654064448475,"Unadjusted"
682,"4000",-2.67293817556098,"Unadjusted"
683,"4000",-2.80684720833657,"Unadjusted"
684,"4000",-2.41963490027184,"Unadjusted"
685,"4000",-2.91711747843001,"Unadjusted"
686,"4000",-2.75684358948099,"Unadjusted"
687,"4000",-2.85663314483672,"Unadjusted"
688,"4000",-2.88811735113354,"Unadjusted"
689,"4000",-3.2045966596911,"Unadjusted"
690,"4000",-2.36751747463538,"Unadjusted"
691,"4000",-2.66739950594926,"Unadjusted"
692,"4000",-3.28592493482815,"Unadjusted"
693,"4000",-3.08264692284403,"Unadjusted"
694,"4000",-2.41177926121808,"Unadjusted"
695,"4000",-2.68371515403209,"Unadjusted"
696,"4000",-3.95193547860717,"Unadjusted"
697,"4000",-3.46404055942711,"Unadjusted"
698,"4000",-3.27324071073065,"Unadjusted"
699,"4000",-3.29407097793776,"Unadjusted"
700,"4000",-2.83518717842376,"Unadjusted"
701,"4000",-2.87038775226635,"Unadjusted"
702,"4000",-2.61285623333988,"Unadjusted"
703,"4000",-3.31236188951743,"Unadjusted"
704,"4000",-2.72786718472059,"Unadjusted"
705,"4000",-3.11970538499008,"Unadjusted"
706,"4000",-2.65255455156883,"Unadjusted"
707,"4000",-2.77562086375546,"Unadjusted"
708,"4000",-3.79076170556264,"Unadjusted"
709,"4000",-2.62140193091333,"Unadjusted"
710,"4000",-2.71000142047266,"Unadjusted"
711,"4000",-2.76331407701759,"Unadjusted"
712,"4000",-3.00303463393758,"Unadjusted"
713,"4000",-3.35145422421564,"Unadjusted"
714,"4000",-2.72486233350025,"Unadjusted"
715,"4000",-2.28322731923428,"Unadjusted"
716,"4000",-3.06579303752767,"Unadjusted"
717,"4000",-2.50234346125224,"Unadjusted"
718,"4000",-2.49304090747671,"Unadjusted"
719,"4000",-2.81596861298768,"Unadjusted"
720,"4000",-2.50677004346252,"Unadjusted"
721,"4000",-2.65226256506999,"Unadjusted"
722,"4000",-2.5869640268356,"Unadjusted"
723,"4000",-2.9021202200494,"Unadjusted"
724,"4000",-3.61036224892284,"Unadjusted"
725,"4000",-2.75876045360411,"Unadjusted"
726,"4000",-3.19182820934581,"Unadjusted"
727,"4000",-3.24078674088129,"Unadjusted"
728,"4000",-2.77937485315428,"Unadjusted"
729,"4000",-2.75511281771752,"Unadjusted"
730,"4000",-2.90719668743299,"Unadjusted"
731,"4000",-2.7990044777152,"Unadjusted"
732,"4000",-2.47554177532244,"Unadjusted"
733,"4000",-2.80029834332408,"Unadjusted"
734,"4000",-2.64538092336571,"Unadjusted"
735,"4000",-2.81217256491683,"Unadjusted"
736,"4000",-2.76368792443397,"Unadjusted"
737,"4000",-2.74073857161218,"Unadjusted"
738,"4000",-2.78049244922263,"Unadjusted"
739,"4000",-2.66947832180568,"Unadjusted"
740,"4000",-2.5925784384133,"Unadjusted"
741,"4000",-2.98807398856667,"Unadjusted"
742,"4000",-2.81953667479951,"Unadjusted"
743,"4000",-2.94457398010038,"Unadjusted"
744,"4000",-2.33873862838821,"Unadjusted"
745,"4000",-2.62623772972412,"Unadjusted"
746,"4000",-2.54607859528116,"Unadjusted"
747,"4000",-2.32969740556583,"Unadjusted"
748,"4000",-2.69801980020255,"Unadjusted"
749,"4000",-2.55723735438828,"Unadjusted"
750,"4000",-3.14305382900675,"Unadjusted"
751,"4000",-3.01863218123544,"Unadjusted"
752,"4000",-2.17474882583961,"Unadjusted"
753,"4000",-2.53265177422634,"Unadjusted"
754,"4000",-2.64578843422195,"Unadjusted"
755,"4000",-2.97906707002854,"Unadjusted"
756,"4000",-2.543445846694,"Unadjusted"
757,"4000",-3.58940092092232,"Unadjusted"
758,"4000",-3.09026622431915,"Unadjusted"
759,"4000",-3.01037945789999,"Unadjusted"
760,"4000",-2.91912523650346,"Unadjusted"
761,"4000",-3.20713887790439,"Unadjusted"
762,"4000",-2.82430906598727,"Unadjusted"
763,"4000",-3.32840154898471,"Unadjusted"
764,"4000",-3.34374281160177,"Unadjusted"
765,"4000",-2.62944180676296,"Unadjusted"
766,"4000",-2.82789797658079,"Unadjusted"
767,"4000",-3.15819777712053,"Unadjusted"
768,"4000",-3.20149819468239,"Unadjusted"
769,"4000",-3.11237668952693,"Unadjusted"
770,"4000",-3.63090960555016,"Unadjusted"
771,"4000",-2.47938761880137,"Unadjusted"
772,"4000",-2.84034861250047,"Unadjusted"
773,"4000",-3.70080840096049,"Unadjusted"
774,"4000",-2.2792449435518,"Unadjusted"
775,"4000",-3.46878922040391,"Unadjusted"
776,"4000",-2.9385276122278,"Unadjusted"
777,"4000",-4.12586032873772,"Unadjusted"
778,"4000",-2.93231682324119,"Unadjusted"
779,"4000",-2.83261652946935,"Unadjusted"
780,"4000",-3.00932471845541,"Unadjusted"
781,"4000",-2.39468277582615,"Unadjusted"
782,"4000",-3.52877394414974,"Unadjusted"
783,"4000",-2.52777144432513,"Unadjusted"
784,"4000",-2.47281405393538,"Unadjusted"
785,"4000",-2.97651354376518,"Unadjusted"
786,"4000",-2.6333322330916,"Unadjusted"
787,"4000",-3.06589654899749,"Unadjusted"
788,"4000",-2.65281111463175,"Unadjusted"
789,"4000",-3.07641924979395,"Unadjusted"
790,"4000",-2.82686550716502,"Unadjusted"
791,"4000",-3.17802347803585,"Unadjusted"
792,"4000",-2.80973138912145,"Unadjusted"
793,"4000",-2.81472798522353,"Unadjusted"
794,"4000",-2.92105963832732,"Unadjusted"
795,"4000",-2.89983971853324,"Unadjusted"
796,"4000",-2.7698438897243,"Unadjusted"
797,"4000",-3.16519369866203,"Unadjusted"
798,"4000",-2.48637974547065,"Unadjusted"
799,"4000",-2.85994836898392,"Unadjusted"
800,"4000",-2.65677110976803,"Unadjusted"
801,"4000",-3.08967137433175,"Unadjusted"
802,"4000",-3.11775998709818,"Unadjusted"
803,"4000",-3.07463161665209,"Unadjusted"
804,"4000",-3.01522697775176,"Unadjusted"
805,"4000",-2.68598725714784,"Unadjusted"
806,"4000",-2.5886294879951,"Unadjusted"
807,"4000",-2.59908393749496,"Unadjusted"
808,"4000",-2.7306816944595,"Unadjusted"
809,"4000",-2.72788752708209,"Unadjusted"
810,"4000",-2.72381337974169,"Unadjusted"
811,"4000",-2.91058990338042,"Unadjusted"
812,"4000",-3.34169455941297,"Unadjusted"
813,"4000",-2.78279204109017,"Unadjusted"
814,"4000",-2.93779312328156,"Unadjusted"
815,"4000",-3.15184780574906,"Unadjusted"
816,"4000",-3.17814939544465,"Unadjusted"
817,"4000",-2.64248697921769,"Unadjusted"
818,"4000",-2.56111692339831,"Unadjusted"
819,"4000",-2.66451440741651,"Unadjusted"
820,"4000",-2.88472990118644,"Unadjusted"
821,"4000",-3.33388160864439,"Unadjusted"
822,"4000",-3.14712908929689,"Unadjusted"
823,"4000",-3.25341539015284,"Unadjusted"
824,"4000",-2.52538882627386,"Unadjusted"
825,"4000",-2.54009009990423,"Unadjusted"
826,"4000",-2.28304793612862,"Unadjusted"
827,"4000",-3.73037624770126,"Unadjusted"
828,"4000",-3.05013513080345,"Unadjusted"
829,"4000",-2.73932265004077,"Unadjusted"
830,"4000",-2.69449566532564,"Unadjusted"
831,"4000",-2.56843149162451,"Unadjusted"
832,"4000",-3.68144231367405,"Unadjusted"
833,"4000",-2.87058132150791,"Unadjusted"
834,"4000",-2.83196659338556,"Unadjusted"
835,"4000",-2.65719878199148,"Unadjusted"
836,"4000",-2.94205201764898,"Unadjusted"
837,"4000",-3.45142750161483,"Unadjusted"
838,"4000",-2.73679789885455,"Unadjusted"
839,"4000",-2.88154611852551,"Unadjusted"
840,"4000",-2.49008732238904,"Unadjusted"
841,"4000",-2.51746545033907,"Unadjusted"
842,"4000",-3.1877031494989,"Unadjusted"
843,"4000",-2.47965697196906,"Unadjusted"
844,"4000",-2.88871028701118,"Unadjusted"
845,"4000",-2.62681987434186,"Unadjusted"
846,"4000",-2.91833580357949,"Unadjusted"
847,"4000",-3.23409266738417,"Unadjusted"
848,"4000",-3.0494809575678,"Unadjusted"
849,"4000",-2.56138887543964,"Unadjusted"
850,"4000",-2.79031788141153,"Unadjusted"
851,"4000",-3.12301327254793,"Unadjusted"
852,"4000",-2.69710879146677,"Unadjusted"
853,"4000",-3.22992766259702,"Unadjusted"
854,"4000",-2.86326586831576,"Unadjusted"
855,"4000",-3.33534593410339,"Unadjusted"
856,"4000",-2.77348946654414,"Unadjusted"
857,"4000",-2.96097026329238,"Unadjusted"
858,"4000",-2.83593327804258,"Unadjusted"
859,"4000",-3.34953952268774,"Unadjusted"
860,"4000",-3.07277936836176,"Unadjusted"
861,"4000",-3.13092819016085,"Unadjusted"
862,"4000",-2.64380833239126,"Unadjusted"
863,"4000",-2.84979620247559,"Unadjusted"
864,"4000",-2.78581418857715,"Unadjusted"
865,"4000",-3.24173187391633,"Unadjusted"
866,"4000",-3.62675251926651,"Unadjusted"
867,"4000",-2.6657461727926,"Unadjusted"
868,"4000",-2.99419398192997,"Unadjusted"
869,"4000",-2.88216795990827,"Unadjusted"
870,"4000",-2.91097421056001,"Unadjusted"
871,"4000",-2.67996550455404,"Unadjusted"
872,"4000",-2.96427290213342,"Unadjusted"
873,"4000",-3.56971131625007,"Unadjusted"
874,"4000",-4.07058028804505,"Unadjusted"
875,"4000",-2.46007708827018,"Unadjusted"
876,"4000",-2.57592607577208,"Unadjusted"
877,"4000",-2.84329150346877,"Unadjusted"
878,"4000",-2.69366054517328,"Unadjusted"
879,"4000",-2.81385532460787,"Unadjusted"
880,"4000",-2.64314841618225,"Unadjusted"
881,"4000",-2.91203816258101,"Unadjusted"
882,"4000",-2.48539877863095,"Unadjusted"
883,"4000",-3.01639821150984,"Unadjusted"
884,"4000",-3.54200815213205,"Unadjusted"
885,"4000",-2.98020400374552,"Unadjusted"
886,"4000",-2.25493030851524,"Unadjusted"
887,"4000",-3.17864630111119,"Unadjusted"
888,"4000",-2.84272701995413,"Unadjusted"
889,"4000",-2.84299498605779,"Unadjusted"
890,"4000",-2.91643042143226,"Unadjusted"
891,"4000",-2.83594372599835,"Unadjusted"
892,"4000",-2.72019117153931,"Unadjusted"
893,"4000",-3.19198767182362,"Unadjusted"
894,"4000",-3.61908772201413,"Unadjusted"
895,"4000",-3.38894528104697,"Unadjusted"
896,"4000",-2.93646597867338,"Unadjusted"
897,"4000",-2.89668237637589,"Unadjusted"
898,"4000",-2.88975464921986,"Unadjusted"
899,"4000",-3.69340787845393,"Unadjusted"
900,"4000",-2.9214335332698,"Unadjusted"
901,"4000",-2.67913391889891,"Unadjusted"
902,"4000",-3.11637361326444,"Unadjusted"
903,"4000",-3.01597744226593,"Unadjusted"
904,"4000",-2.61552975200864,"Unadjusted"
905,"4000",-3.31949929794137,"Unadjusted"
906,"4000",-3.59742769381429,"Unadjusted"
907,"4000",-2.54826171954052,"Unadjusted"
908,"4000",-3.00553892472646,"Unadjusted"
909,"4000",-3.26573029488916,"Unadjusted"
910,"4000",-3.0525719900029,"Unadjusted"
911,"4000",-2.62055302796472,"Unadjusted"
912,"4000",-3.49538955985739,"Unadjusted"
913,"4000",-2.77999102481783,"Unadjusted"
914,"4000",-2.6950484554058,"Unadjusted"
915,"4000",-2.96866702135303,"Unadjusted"
916,"4000",-2.68637142362142,"Unadjusted"
917,"4000",-2.70022472144003,"Unadjusted"
918,"4000",-2.77517147649093,"Unadjusted"
919,"4000",-2.61366242840581,"Unadjusted"
920,"4000",-3.13232065348355,"Unadjusted"
921,"4000",-3.08579862254012,"Unadjusted"
922,"4000",-3.47706375415056,"Unadjusted"
923,"4000",-2.422512706508,"Unadjusted"
924,"4000",-2.54648044938356,"Unadjusted"
925,"4000",-2.51124183837011,"Unadjusted"
926,"4000",-2.87423360225854,"Unadjusted"
927,"4000",-2.94466092623914,"Unadjusted"
928,"4000",-2.39863964527393,"Unadjusted"
929,"4000",-2.5884636952066,"Unadjusted"
930,"4000",-3.22724691989493,"Unadjusted"
931,"4000",-3.07148273935446,"Unadjusted"
932,"4000",-3.12154318644168,"Unadjusted"
933,"4000",-2.9887320502756,"Unadjusted"
934,"4000",-2.71192536962623,"Unadjusted"
935,"4000",-2.57635339172516,"Unadjusted"
936,"4000",-2.78238483883166,"Unadjusted"
937,"4000",-2.80212961628945,"Unadjusted"
938,"4000",-2.80269845547631,"Unadjusted"
939,"4000",-2.78650957664922,"Unadjusted"
940,"4000",-3.08607873314497,"Unadjusted"
941,"4000",-2.40310257336102,"Unadjusted"
942,"4000",-2.5269735307069,"Unadjusted"
943,"4000",-2.73736717015427,"Unadjusted"
944,"4000",-3.31156665438987,"Unadjusted"
945,"4000",-3.28222471659502,"Unadjusted"
946,"4000",-2.45289713059699,"Unadjusted"
947,"4000",-2.89086891594681,"Unadjusted"
948,"4000",-3.14783080637372,"Unadjusted"
949,"4000",-2.7536200976633,"Unadjusted"
950,"4000",-2.85733731017128,"Unadjusted"
951,"4000",-2.6325742491439,"Unadjusted"
952,"4000",-2.9423392043635,"Unadjusted"
953,"4000",-2.90834869412797,"Unadjusted"
954,"4000",-2.57971140963428,"Unadjusted"
955,"4000",-2.98984279221642,"Unadjusted"
956,"4000",-2.45903135252369,"Unadjusted"
957,"4000",-3.03392389097117,"Unadjusted"
958,"4000",-2.51139148517915,"Unadjusted"
959,"4000",-2.66890079119388,"Unadjusted"
960,"4000",-2.86034174723138,"Unadjusted"
961,"4000",-2.75338657307677,"Unadjusted"
962,"4000",-3.20103104286165,"Unadjusted"
963,"4000",-2.5117112828025,"Unadjusted"
964,"4000",-2.59693684004163,"Unadjusted"
965,"4000",-2.74936300935369,"Unadjusted"
966,"4000",-2.61501878637572,"Unadjusted"
967,"4000",-2.91975248266596,"Unadjusted"
968,"4000",-2.99620949269337,"Unadjusted"
969,"4000",-2.70789102335556,"Unadjusted"
970,"4000",-3.08221601981547,"Unadjusted"
971,"4000",-3.14661316236372,"Unadjusted"
972,"4000",-2.57793140526085,"Unadjusted"
973,"4000",-3.19366142478342,"Unadjusted"
974,"4000",-2.71835820838382,"Unadjusted"
975,"4000",-2.66674848412032,"Unadjusted"
976,"4000",-2.9645586603284,"Unadjusted"
977,"4000",-3.35647477067126,"Unadjusted"
978,"4000",-3.10728343258387,"Unadjusted"
979,"4000",-2.62433576950771,"Unadjusted"
980,"4000",-3.00648323234628,"Unadjusted"
981,"4000",-3.07360994194234,"Unadjusted"
982,"4000",-2.99163911333866,"Unadjusted"
983,"4000",-2.64088985806453,"Unadjusted"
984,"4000",-3.31442175201391,"Unadjusted"
985,"4000",-3.15830136833051,"Unadjusted"
986,"4000",-2.52664966318376,"Unadjusted"
987,"4000",-2.60403589579762,"Unadjusted"
988,"4000",-2.77343236437581,"Unadjusted"
989,"4000",-2.87267899343048,"Unadjusted"
990,"4000",-2.90526438561093,"Unadjusted"
991,"4000",-2.91257776916354,"Unadjusted"
992,"4000",-2.6175703081291,"Unadjusted"
993,"4000",-3.01777132424095,"Unadjusted"
994,"4000",-3.23337255308352,"Unadjusted"
995,"4000",-3.60580233568766,"Unadjusted"
996,"4000",-2.65068128806666,"Unadjusted"
997,"4000",-3.06983062678219,"Unadjusted"
998,"4000",-2.78708419698979,"Unadjusted"
999,"4000",-2.87744285978106,"Unadjusted"
1000,"4000",-3.1703167955208,"Unadjusted"
