"X1","X2","X3","X4","X5","X6","X7","X8"
2.36130381266926,5.45891242582627,3.31202033070946,9.07419593505258,3.56105679908651,6.11452303783252,4.19089013114529,6.59685684283977
-0.793311796329393,20.1174221422003,3.13034875518902,9.67203814522814,3.47602769510959,6.11018017343514,4.34424005655272,6.89289845815856
1.95118186438653,6.30801472269512,3.03495469195777,5.65257833873744,3.70172064590008,6.55167037639794,4.20241283734388,6.45775068128752
1.93896448289225,7.01701885464369,3.19965724437127,7.81314060370189,3.70900727575851,6.90980231027789,4.1866843616963,6.32866536222416
1.76646450538753,9.82187836425905,2.45945559947815,13.133724436015,3.80253251607942,7.47340325637673,4.73397611528059,7.80385928075835
2.01764045306604,9.06241400378139,2.99729033614726,7.29148465958055,3.81792929638822,7.5574483531973,4.69285544114532,8.02527903424755
2.34883984408916,6.0113724377988,1.65629427971189,16.1756205045986,3.65563962879182,7.09882861313177,4.79181166304878,8.44997263524257
2.26401700999837,9.61030517457631,2.92392883900436,6.10190868583877,3.91801519545681,11.0142779542084,4.50623137089616,7.45465442188716
0.0170061140256816,15.4901272887598,2.98912565631722,7.47644862291296,4.1018041845121,9.50403093781288,4.78160771216056,8.37186645925
-0.142396919922497,14.4918320042302,2.17002594740847,15.5346105547886,4.26661381183672,8.83092028002786,4.21817284336715,6.58527022044723
1.95584100977942,9.38420417904649,2.86443765378726,8.61630186369281,3.39916192786167,5.97965424453184,4.87487930992996,8.77397134072941
1.80197085800952,9.08903737083719,3.03221100577738,9.05094090395002,4.11139866420583,11.9778913868173,3.90915404569602,5.70335610068882
1.56909286216582,7.52373730564736,2.92020457805303,6.44510037902977,3.60503737102891,6.47331462294956,4.28681506851658,6.82205159600158
2.44076580328111,6.77143558638097,2.82918301899143,9.70294014621138,3.5176627652305,6.30257569647991,4.73704057674792,8.05121596233978
0.783571130965973,14.4882618540842,2.9240216712167,5.55761709573037,3.42183527752904,5.9052974663776,3.85346092445832,5.69339439249071
-3.46179021199828,22.5488240753811,3.18041710464418,7.93220011567545,4.04587691499456,8.26703739557693,4.67441049812823,8.11574127009862
-4.30507338236239,24.21590364833,3.00792205032371,7.00095860593012,3.39321526528314,5.60867191871565,3.72362532771776,5.36903421053883
-0.0377184982195837,15.6724659130184,3.12665838658937,7.75356656466412,3.90914099615216,8.76044425983725,4.99932943747696,9.64684682871106
-8.80127071021031,33.006456815987,2.89047273096687,5.81385342729533,3.45905870410064,6.17334502868784,4.53734083134603,7.45862729449401
2.3992493674145,6.68493398485835,3.17507665521833,8.19719859642701,3.68366411607278,7.40306948291223,4.80557262938785,8.58089815698281
2.20675858298269,7.22890184785609,2.83784454843339,6.0467930320635,3.88053011751178,7.8137427897119,3.92793010280758,5.85614384552775
-12.2674220415539,42.230979489488,0.546631918912029,20.9257745095725,3.7590114976685,7.08117159759193,5.14511444880485,9.61062329478878
-0.078696899263738,16.7541787026918,3.01639807084221,8.99303118530299,4.05203015107822,9.41642381985359,4.5217822557865,7.83143214409445
0.812713811936867,12.7044021958381,2.95948067760225,6.65994721340764,3.96872684509037,8.06984654741873,4.08282105579482,6.1854080133553
1.90376137659394,7.6171348232726,2.90138109799355,5.77183570525401,3.97618828089022,11.3237217356672,4.12512855844577,6.35732199709789
0.637738253525942,13.9472019571389,2.86452970375723,8.47580614464834,3.56486162874674,6.58110969137312,3.69135895481304,5.22791387446282
1.97953443619187,7.92265451784616,2.95971687346801,6.41452662779596,3.28206441305145,5.20320317295491,4.49201864025164,7.49720938612333
0.899518465571411,13.0350398557179,2.89174051328087,9.510612954432,3.39581355005671,5.67915755670262,4.34123504856319,6.72275586991697
NA,NA,2.54351375124514,13.0672580553433,4.09191351950269,9.58898330790972,4.01788582518229,6.07691464255442
1.45180663583584,10.6239375609466,2.95246126633745,11.7700537934661,3.9859212650745,10.8078284075413,4.18685669011617,6.25997565314698
2.49020255325976,6.23317241096303,2.75820402334395,5.59570375907318,3.53953105569665,6.28038110201049,4.98571776448451,8.94499552054685
0.523056205736319,13.3256511600482,2.65757205690571,10.5579908222505,3.65290367844981,6.77104300263188,5.00520015032318,9.73699552078919
2.26270277564151,5.17246705643507,2.89843709046712,11.0342495085361,3.61306349954746,6.26066082756059,4.00865935626593,6.05949466718191
2.2179405551007,4.94413697456108,3.01519302052463,8.83693643100471,3.90646716590653,7.81115854721121,4.22986074222216,6.71628929517001
1.80747529307351,8.09179509792895,2.97653398374902,9.06086064758259,3.75341575088391,7.66321278607253,4.43092033317496,7.25116143883066
1.66470966720011,9.22639593596516,3.13011147964906,6.94543664293381,3.74686878551115,7.12482904767463,4.58785995086993,7.97617650531878
NA,NA,3.02320201895126,6.31350588092263,3.71585497355849,6.80302794893697,3.67347827901261,5.33110228814331
2.21916462609648,7.29846067572004,3.12525194126752,8.09935487683763,3.79404834882924,8.02736309686049,4.97546944020384,9.06829964291724
0.321531911729201,17.4066632274352,2.13530195280594,14.2394660319731,3.74892018420195,7.56547013314496,3.96867720378825,5.81341757315588
-0.525628386617448,16.6601205443736,3.20709277186072,9.92017527576367,3.32475849814286,5.37913299179605,4.52163252344306,7.62802761125714
-0.229666396273036,17.15786279097,2.8371854961671,10.8153776059277,3.4786598696209,6.35359068267995,4.27865580027773,6.87385570251139
2.20377929318382,6.41679543470823,2.70406731452537,8.05616468810448,3.85026031001267,7.69825245632659,4.29226354306256,6.86692297558728
1.7892594613885,12.9685562378603,2.90708805757204,8.86048591216436,3.73438504006437,6.75961248135535,4.95376643618585,9.18993343583107
1.82238653114273,7.38318605181465,2.80846858136568,8.04644583050311,3.72104139744165,7.30706883530287,4.39260899119538,7.0275547050123
1.9408432161231,8.92473399076367,2.86769025858174,5.52115014953496,3.91040706665447,7.68279097178953,3.60789171799528,5.14013052925105
-3.18494038673835,23.5641387760942,2.6036196257502,11.7509674246835,3.56650221293407,6.54054028806365,4.42344759179669,7.19436267373499
-0.321695775381496,18.4376027576018,2.9975257108047,6.98038331620584,4.07459049939035,8.56600686787256,4.31475016504189,6.82716695345434
2.28531642694163,6.06797475700353,2.85738824670969,9.47679032727453,3.42850974489856,5.87333650207758,4.48999205059006,7.47520027823017
NA,NA,2.90033028290451,8.90809450999846,3.68373686169066,7.91939879522447,4.56489350318049,7.78597833642675
2.47839814306895,7.66172008375403,2.99844707354553,7.19057101315563,3.95901478674376,7.87667962016405,4.30182367441961,6.67671903043254
0.0761396562408514,16.7558950317222,2.97607658071084,9.62127755065866,3.98265632131016,9.21422221437869,3.93905371407533,5.92319862512841
0.703267446722153,13.4385347267999,2.74203532367738,5.45536190303753,3.66443455072313,6.44288499182049,4.12067308741081,6.26862329109729
2.06278037352131,7.1078372000044,3.13121067605107,8.33370464971163,3.96700065304895,9.75982007262373,4.35109805706062,6.88255167532931
2.22674437814516,9.30150154702548,3.17221209370668,8.93031617776077,3.7255646596074,7.30592014535195,4.4930014123544,7.35672867731449
2.16790933748212,5.99910866389095,2.96799490215536,10.1754739854186,3.89319179704349,7.57329664664516,4.55497986857795,7.45598295406966
-18.4526566903678,46.4437753358287,2.85636970329268,12.5714981212422,3.70377309385892,6.75619609922618,4.05795035807473,6.20498967450896
2.41123191230025,7.68369460483682,2.91878757953814,9.51821643265856,3.37730127635637,5.72185428113931,4.47754995329668,7.23337479715916
2.2084419528058,7.16286586502426,3.12836551315122,7.92713336511168,3.85519036550323,10.0486944424165,4.35718814688372,7.27956968788454
1.10042809153487,13.026007630383,3.02579010663648,6.51628143251819,3.6916749552428,6.80439379933907,4.2100252578896,6.56731412954733
NA,NA,3.11801803416291,9.34850423453422,4.09041140243984,9.80046745187754,4.11130801855272,6.23810600002887
NA,NA,2.12056250117679,12.7110037696422,4.05154406980843,9.27813498392924,4.04545273608344,5.97491867399123
2.08309104921747,4.64784872356972,1.95191730622058,14.4156376990208,3.96408801122191,7.99646097698079,4.91779404484649,9.01577246482179
2.20198355749772,4.55120564437238,3.07135407382246,7.0709465073413,4.1751399971466,11.8518120895151,4.72692607030654,7.9844393405322
0.893567868264754,13.2515324562725,2.84415157520223,6.96145730983049,3.88715677444238,8.01769095699996,3.99896325049197,6.14609096154242
2.36560006034523,6.12703468394795,3.06290745168024,7.11669203126129,3.75237437580486,6.8438578425716,3.86134596172672,5.67521721650249
0.102201363958071,15.4697392567057,2.43997752967919,14.21521586011,4.14616067054568,12.1213275236348,4.08433688775117,6.1877775716049
2.11084288009251,4.44459348823142,2.93270779267247,5.79605938847238,3.70112066658127,17.0239208756098,4.68361406517491,8.19475060584413
-0.25557143898545,15.7898489564362,3.19280566124254,7.45907263710378,3.48248686988461,5.72910479182545,4.1142759966116,6.28203180200668
2.33403167105948,5.67896862625804,1.96863061357725,15.2014412579608,3.58982355866873,6.47893021807135,4.83988888631281,8.47741348918476
2.28857359376309,6.65336944617273,2.9580752523192,12.2568229599081,3.96432358361769,7.69217143665435,4.2430034772615,6.47496551402734
1.5727545311161,12.0582327501865,2.93394170341823,7.66447664978556,3.3879620299639,5.75685350061601,4.14263365812946,6.21878014389028
2.19372644902779,8.01801373186833,2.99612785425279,8.45556246431186,3.01918461468993,4.78654099806164,4.8470595701162,8.51647464440858
2.42147187077399,4.92737940125105,1.58974594287234,16.7662834754489,3.78128416159018,7.34828742963934,4.72615101421021,8.04004592090496
1.21227694061325,13.2550717229099,2.93931951946149,7.79017532948839,3.91318504110829,7.93098230541686,4.57556628088226,7.58011135218187
2.34359938896144,7.79557790500945,3.05041579901113,7.5852582667017,3.59226488782852,6.31605962647795,4.18190242078992,6.39768381784496
1.59019098311402,11.9314108232694,3.00883257201192,6.53223914547906,3.82873100939688,7.7699632733666,4.46796168536237,7.24516746734256
2.31054039395151,5.32067979552458,3.02591852928077,7.79687870097672,4.07000691879358,9.2617792292179,4.43412553517302,7.21034360816365
2.06380824431542,4.36118330866937,2.8963498678442,8.94366166450798,3.73003013584992,7.66863317112904,4.73201888467149,8.3400931346376
0.629041538500264,14.1447985935735,2.8245987769471,6.36219155474377,3.23569806593043,5.4013973500238,4.78306398238145,8.30769274011194
1.53919486604687,10.949191953988,2.50825997941882,11.9013792633292,3.77851854194956,7.23788111078662,4.20418137301971,6.67595265120998
-3.27268850801815,23.8682483915374,3.07082165084877,10.9043908561925,3.35573609730397,5.35642126792751,4.61660787473847,8.1452383870902
2.16650717065504,6.3028769095812,2.80682879811013,6.13654455679405,3.72497540954553,8.3871512191686,4.06481551928359,6.08567675287833
0.630599081564702,12.313724051508,NA,NA,3.58472708697281,6.49709824013678,3.96528858067568,5.86231303835798
0.718141413136216,13.8808968103785,2.61363024525847,11.8420068485508,3.80780258465019,8.47030704465299,4.67008472791423,7.91846846994156
2.03206075530553,7.2467101363718,2.19588973785545,12.9485332580071,4.19399283265375,10.131031597629,4.06170737624645,6.16566514562759
2.27067582720399,6.89313754933094,3.15505649848755,7.41704964920737,3.49242671631309,5.76536922003922,4.23336606739294,6.70951525620618
-6.67737743254308,30.3825635363534,1.81260908595773,17.0198063511277,3.8539060560079,7.61481415801718,4.32709151578959,6.9895190818245
1.77501724382688,11.5991399628172,2.8174247364461,5.91821167605722,3.58395679011583,6.92345351133731,3.80379113011884,5.59291315957308
2.10332983535086,10.0940420209263,2.9119052891743,7.42015124157707,3.90611051480044,8.36539052031527,4.30154489823915,6.94611714381868
1.8017427775224,8.42070278878695,2.62778915537591,10.7084244916964,3.74050650847812,7.18248510842239,4.77972230433207,8.68846113259273
2.16781025470063,9.66300654823179,3.18324731068243,7.32129620229474,3.06685152477553,4.717121769213,3.8141581985653,5.56574199905334
-0.0796982616648769,15.9074437569983,2.96580775190853,9.14996972579008,3.7113898916935,7.15095777572421,4.13924029984874,6.22780002297163
2.45183731572312,9.14151498456944,2.97085942197857,8.21737220393566,3.29429897646686,5.24672018448147,4.93143410186508,8.44423970460266
NA,NA,2.91550347803596,6.53765651382868,4.02156681320001,8.10606945361631,4.14060542082152,6.28347274496685
2.38815752851227,7.81753988114614,2.26085871644297,15.8882331073141,4.11227110821323,10.2069051532775,5.23719958621663,11.8971222329313
2.12393457450537,5.01952065942228,3.12831978137537,6.72641171980321,3.90991273662247,7.6045287366666,4.45416900619527,7.63971367567142
2.1872264186535,5.94688519028544,3.0424163070147,8.51179576971017,3.64734572425656,7.0359142887208,4.94363524999665,9.50652381563408
-6.08564751267393,29.7530574825964,3.15588501643334,9.82472935263106,3.7610093854568,7.43663013607414,3.91980956313005,5.95133401879552
1.73119091022681,9.82818335469108,2.57570081964385,4.35527725056824,3.70422261238031,8.25091182902297,3.96430946623252,6.06725028909383
-0.298963187095525,17.0647179114977,-4.50134215819732,30.4826212340123,3.30012427307711,5.19150606020733,4.40990402614238,7.0988921384132
NA,NA,3.09009861675249,7.10854945601352,3.89306053914569,8.35857981899673,4.3964944236021,7.03607699057294
2.22903719610335,7.51382886476593,3.02232730321936,6.36039908953914,3.83236900123178,7.20797738449335,4.27488549710063,6.6499131817267
-3.77022845945269,25.0758407681652,2.51020932713637,13.0595862623205,3.63570775730626,6.78235937659948,4.14023497525289,6.43061569935409
2.2761456273079,7.99255662814299,2.97517803790902,7.77636138612574,4.28069785740527,9.86839915640625,4.46223633534405,7.24278410292036
1.668003954562,8.9754085296254,3.06852542252521,10.4834824103316,3.85384813698975,8.0277577960586,4.34648229081072,6.90728140742259
2.2914108371978,6.13985436496481,3.01939590496384,6.76524362536603,3.74137339504053,15.1060032378273,4.45449819051148,7.0588776212698
1.82190074446084,11.2386695946362,2.90160425567707,8.34131118578607,4.3171695217229,11.5874607677861,4.21678350203868,6.74037295711712
1.31405200194496,12.2224127906271,3.12380995153121,8.74399936693408,3.67844166427218,6.6532286445895,4.0572317072347,6.40974350775242
-1.5020111812735,22.4241271179474,3.06141544806896,7.12815814576403,4.01090998870337,10.3130008755935,5.10758522559523,9.58530792456167
1.96129184748399,10.7298196822426,3.11916710111975,7.5316839829528,4.09702955860859,9.88392651470073,4.18973206005579,6.32453256347037
-9.74421288615767,36.0467595252614,3.07711855217229,10.4381699606156,3.53902967665621,6.03453935253207,4.32712152736148,6.92237508566583
2.18558005244756,7.10125043110321,2.95893481960879,11.7444708925072,3.8367305496614,8.02163841306526,4.096045254944,6.21491119047536
-4.52299053273193,24.7382886494028,1.2437721233433,18.1512589753395,3.87880845815458,7.89295229977838,4.33094813177003,6.99304055873306
2.36379986032167,6.4416651437135,3.03392646264228,7.20513979574972,3.73149582385195,8.40277247823681,4.68306752966778,8.71033823699837
1.07682278410052,13.645410181007,2.7217754697383,4.95156140378541,3.79405053181027,7.83694142724608,4.76993430451827,8.17678086060647
-108.539940810952,61.3582781958804,2.84497430019412,5.67080189875782,4.10750006734243,9.45029913831195,3.90995358744061,5.72157085252851
2.48180420456962,7.26408323641538,0.942581454310105,18.8677485293894,3.95140007928262,8.14104065654155,4.46099935396555,7.25229130700842
2.20929428427411,6.74192526172081,2.30609523879688,13.8443341779028,3.98064244933888,8.77003469909348,4.47112849229554,7.30843672349863
2.06401145333728,11.3994125412227,2.94929833041434,9.43368114101672,3.84582197126545,8.06293996276067,4.53891370301785,7.49719484167713
0.244674494574832,16.5479740340395,2.80650996209269,5.59816632216839,3.81586050730076,7.14862862263698,4.43636256862131,7.18686210756916
2.28565649904315,6.45176174138926,2.82602419396642,6.77199305396673,3.77809335374376,8.33619498300934,3.95585918530318,5.90348667764918
1.34800835335372,13.1675333804473,3.0526828798549,6.76026886194092,3.6901194296919,9.50728968685013,4.27566459346039,6.62877136801304
-0.316080397442763,17.6965551458662,2.45476012569193,12.6767651151319,3.73039579799333,6.97232572508665,4.499521012293,7.68012322396007
2.17232638644206,8.64712413705535,2.90790912843102,5.25352198940288,3.54122350067335,6.43414653256005,4.20865498437979,6.51854768381032
NA,NA,2.99624423670728,10.3994146550008,3.9276879083763,8.24843348286567,4.3059602887034,6.87951306655002
2.3002021488285,6.73364490356742,2.85225925649973,8.55946130778676,3.779864086643,7.51022890764583,4.39396601890337,7.23554076042978
NA,NA,3.10829497596064,7.11946242878803,3.94853503993474,9.99970592473087,3.92914555093287,5.83434861622222
2.16116655232251,6.95450244225777,2.88552090632934,5.49404535512513,3.88537091274711,8.37919235150892,4.01392477449621,6.12010268276624
NA,NA,2.83868603867337,6.20916111266054,4.04893660126161,7.658720037784,4.74548918588745,8.0915938664507
2.17914686248822,7.22873114997326,2.04657378982664,13.1004729115891,3.40999481065624,5.86634454585776,5.02851564962902,8.95307079135614
2.12931564380712,5.73439000432155,2.98275750060601,6.44935487755649,3.75240797774647,7.76894946875723,3.96524086826147,5.84915283259025
-3.47798419708293,26.6892902416064,3.00623368645986,5.97272862046691,3.54636671565275,6.34799254785074,4.14788300796055,6.36833195902152
-1.5898180932157,18.8035794135738,2.60371288415928,13.4415164398947,3.87214110753281,7.93820521569738,3.79398867270992,5.53680256752671
2.42645134870088,6.00661373126987,3.00667863260814,6.68891630980307,3.44807713303496,5.70420217220334,4.53461208169906,7.479484884579
2.04951160055756,7.56736820586979,3.01119700871343,6.33089240629792,3.31868554218522,5.44495678359747,4.3112215316904,6.9344475084616
2.01298248383957,8.88418119073696,2.85309718644634,6.05183406726832,4.08401126604691,15.636252684821,4.16378595848596,6.3049939374529
1.01988569396941,11.9870085891245,2.47722921119635,12.5630285921006,4.03391138063752,10.4073336601074,4.47774680008101,7.31062053168619
NA,NA,2.24078248155895,15.7605145020786,3.97441418873947,10.2487864423394,5.11989489216959,11.3540540528078
1.66668669494798,10.8374479834466,2.41365952265516,11.9066141928933,3.58883810568294,16.468571590764,3.89499219156987,5.77537968884575
2.21437458091647,6.98364030059428,2.1091987726789,13.1631241904037,3.5814856567332,6.75629459549138,4.28681033831081,6.57668683419231
1.85488081465188,9.2247350780531,3.14498379299753,8.56558254513565,3.94290725630331,8.71434963438555,4.39747796358143,6.98303426303891
-27.4085674617544,63.7851571960574,2.95679940005068,6.59601451005026,3.5974407470784,7.00710593668004,4.76385575875948,8.50408305196387
NA,NA,3.03991349796753,6.78447732588173,3.88576216778662,7.62237659945907,4.72253697359091,8.35547928496284
0.564936561896852,14.6728010953231,2.82078137715828,8.02209216704976,3.81715561315715,7.44553427965184,5.04614634485413,9.2612050448624
2.36976411611264,7.44033154225276,1.8952194671888,14.6036760757239,2.1300311388654,22.2095899709079,4.2639037512119,6.82531250713352
-0.0674693487092002,16.032837195503,3.15896374774972,7.87475329741816,3.58945412556759,6.24867902271605,4.53154689699306,7.46019108247156
2.32583097962094,6.49648903705397,2.80365120244833,5.65413539078694,3.42028248194449,6.44937478977137,4.10562252526721,6.26061594604973
1.95379138329555,8.95906297761166,3.07428192820252,11.2379565510564,3.41438437602832,5.93785330877762,4.23411665786188,6.92930010408198
2.19898149772032,5.54915006317644,2.77423793531401,7.44353318620663,4.23812842844271,9.45176915721654,4.20446736557501,6.73194797038772
-0.315079172267354,15.6027972386402,3.09855835938766,10.1776830546846,3.99988378181715,8.81971020146519,4.31386685242503,7.18446200437255
2.30727032137784,6.91344588234748,2.98400283045974,6.26466900165774,3.54700600846442,6.23729081900139,4.18904858219744,6.47912792269643
0.958397803292037,13.5399931015683,2.93746842325011,7.28214546059275,3.7378918228555,6.5696594973887,4.49050388243436,7.42419804728748
NA,NA,1.14893406720838,19.3492010906837,4.03807501121412,9.5796015189557,4.30495388877252,6.76990168256643
1.01668028477273,12.1582163662795,3.08861957190558,6.90555456752363,3.55718649249884,6.0966061478902,4.02350767424169,6.07476241430778
2.28200312466643,7.11226352560143,3.1791024551744,7.81940172932144,4.05119094607621,7.66920834408374,4.25708002170192,6.74928725129499
0.2622489664437,15.5763974727902,3.07890922609272,10.3619787084959,3.54908949426903,6.76614344919646,4.13497611453113,6.52546515773626
-2.67797412667477,22.380687341953,2.90707580473773,5.64450524973164,3.92358464321436,8.17796832476917,4.66631022038584,7.93740533922234
2.31836401993026,6.33438893811361,2.94966224206913,6.11118340716719,3.61038150414666,6.68107017600183,3.81173998260399,5.49687992496838
2.07521325211352,7.26857275237556,3.26845759284753,8.03630964759025,3.59453085984597,6.10560246092092,4.32503547095982,6.66071847862583
1.63566979011901,9.68208262841297,2.80950175991254,5.44165796765244,3.80188660263562,7.28095431037171,4.76741622121148,8.70931895651698
1.85835273500949,9.7037119297188,3.14696444632173,10.0407919137687,3.97287032857744,9.66104456661841,4.86059034397978,8.99278949200788
1.49893459708424,9.84890339910467,2.88997887662345,11.0392137391227,3.62707140270134,6.36871824613072,4.26452081696164,6.87643506425635
2.45275929394521,7.03062949294338,2.93690397985558,5.75832550952554,4.11214420588828,10.7031533340633,4.41021215762491,7.04512405079337
2.29207020662033,6.38325910849544,2.55421218504941,4.42027178689301,3.39944271175241,5.66736218943702,4.54362050217642,7.45700472858545
1.00680248969301,13.2499254027472,3.02455141845154,7.61803268630295,4.21193508435681,10.93264129048,3.7866032638046,5.51665443697153
1.92131364578157,7.57032424218211,3.31463522661246,8.76178386142809,3.56907910816334,6.98765318438767,4.52438012135521,7.5055995230355
2.20044152225535,7.94559516118099,3.1344248400073,9.19848097740655,3.50412620413213,6.55277471950031,3.83473559126282,5.59540433109651
1.8507489415344,11.0547485647586,3.2863574529747,9.57300510533323,3.84154553111304,7.86421251817416,4.81779513591446,8.15979337545891
2.29838599326349,5.45150499069261,2.88899042113568,6.15213982067089,3.91159237445125,7.60722076675672,4.21134647595859,6.74629824432886
0.790145500810779,14.6240745720451,2.73438237683036,4.96155758411512,4.03769021656008,8.92328459383656,4.65937564622186,7.92456346447604
-0.853332593824458,19.8362274626404,1.1143911054117,19.5871318438779,3.4113938321129,5.86087529579919,4.00190231892392,6.00166450205544
1.61752408421125,9.64457444500741,0.542623947960081,21.1291163313089,3.85205871760739,7.37561046682243,4.07664119882411,6.40814910033382
2.23676326778532,8.22735137704,2.37607246701408,13.6997481725551,3.08640289514351,19.8260694868419,3.91336240021608,5.76820332477317
-1.30351407008834,19.3839169427042,2.91305247426014,10.4960663767429,3.25973102000439,5.18064353433374,3.75751001452433,5.62680107937318
-0.449099810344091,16.6195758925892,2.97764689787517,6.97890123605496,3.33065160701528,5.74506263099865,4.44614954362707,7.16556551389061
2.10773632439719,7.84928274603021,2.952160618229,6.8435718530542,3.64583846119157,6.88018885050607,4.06758356097423,6.37678204499449
1.16248240389886,11.4172987300488,2.72037961971971,10.9035335385017,3.93602361744135,6.87715522112002,4.4626123905444,7.42327855623599
2.20915808500254,7.32794840242279,2.8705748479074,5.51770820608798,4.0846405003256,9.48806803156363,3.89761892539035,5.68882265814948
NA,NA,3.22432298497834,10.8861417646686,3.65123614225773,6.64620310618414,4.1211514827447,6.28787234620238
-1.39599844174435,20.9313841545399,3.06460278325622,6.98020692538971,3.81457795244093,7.24836742021169,4.15003621544036,6.4966771863058
2.27103457421783,8.42077028027525,2.81582739874325,7.93009182915435,3.53437135593744,6.12258310919265,4.34174588276533,7.23414047354975
2.25390661215264,5.1680759349372,2.01328986250642,16.1339972362966,3.36741052547156,5.75423208583693,3.87911029503675,5.67482221016209
2.09526205817304,9.16143221673287,3.22890994547691,9.16484279516805,3.48499617642528,5.6580014869767,4.55465224616818,7.87208851188973
1.34885107687872,10.6926859045277,3.05315533147571,9.78765096885219,4.20704704738287,11.3908392401759,4.19850033729016,6.48984715351201
2.63113419915919,7.2842008007694,2.45231995960586,11.4963976071153,3.68143709328026,8.45774493457668,4.46914837153601,7.33341236300083
1.85832637190643,10.7936916031857,1.64085797226022,16.9423523678374,3.84851791552279,7.39766238817488,4.09613016262978,6.37521418603552
0.723282871625211,15.6923590859135,2.81610327981799,10.9378362869516,3.82683515726736,7.80009913785438,4.36387750040853,6.94559111225522
2.34377170574315,6.06154818794269,3.04405008540373,8.7808447228334,3.51293000221697,6.01023066967677,4.42987711491979,7.16118080496663
-3.85057266868789,26.0411992316949,1.95322888321678,16.4002910158017,3.73693988584623,7.44732605855401,3.90095808397854,5.8062737066426
-4.59443055261389,29.5250522151188,-1.71200328742842,27.4565755193492,3.9079096213286,10.0609511167187,4.36939939689923,6.98542960830427
2.00499033054457,8.70600160517992,3.1813586449563,8.92881587159927,3.82217283489264,7.56867494747949,4.24936428258299,6.66118017788526
-1.35964527973704,20.0887847331046,3.08597225833368,9.59025101741093,3.77885011661018,7.42767885365367,4.32739974898609,7.12168869119151
2.32836036592346,8.85612943829719,3.0465087162978,7.92668657034384,4.13777469662738,9.13680998419475,3.68985864651395,5.31254962603521
2.35250711592559,5.26981518734141,2.90131876053577,6.77267446711986,3.53101266248123,5.99443475487763,4.62897613504552,8.18508138001006
1.99283768284793,7.3342136467284,2.93044518220138,6.83721181110299,3.84531841698732,7.96619675704444,4.46607153827205,7.24592697146344
2.07782193475078,6.91440872220538,2.98696412491372,7.24733174156584,3.91188684536489,8.59835307174152,3.72961910555727,5.35900383945509
1.66090678093879,11.1626273414878,2.45663934636247,13.3684386121808,3.5527033243104,6.14076934772542,4.2534136794744,6.73392605000249
2.06091218005893,9.66976381311992,2.92989573529242,9.2783298889888,4.08662372284513,9.74858179255518,4.11384949635837,6.30324066809345
1.78595637116989,9.19432263649346,3.18047815936662,7.73037682661499,3.92188723116182,9.59678921830134,3.82116761619777,5.59944060814088
2.09099508170454,7.44539472587604,2.77244126016601,8.72075238825747,3.9814103773126,7.77616452197059,4.86690979148917,8.86017120967433
1.35611586413312,10.7973223801074,2.74918291012248,6.5355875745922,3.87597995629932,8.82033743745388,4.08143109100725,6.2288618691404
2.17636596593884,9.63846999315596,2.96204529208551,7.23200861410594,3.60353158912913,6.98285604520777,4.27655741352757,6.68352734180871
1.45983341360692,11.2145863242067,3.0711084447992,7.9758749677375,3.90277208781913,7.62298168415952,4.63998475393001,8.26518074000488
2.06586981250734,8.96512670642484,1.9027695889743,14.7700850972865,3.60592229387292,6.39063156123312,4.40446366790521,7.28285471096346
1.56804215543461,11.0224220209245,-14.6340334798129,52.0800778759829,3.85471209531846,7.93709325026599,4.07143180503668,6.17161370085307
2.41101439869266,5.47208726230663,2.3747932622745,14.1922081651522,4.15636734644887,11.911230295525,4.08117434656478,6.29755212089199
2.1034067243509,5.42859813191549,3.01787083362817,9.68850358071355,3.91041055595787,7.96213337506545,4.75816989067333,8.46177966009038
NA,NA,2.90169561695941,12.2402671653213,4.05709588465906,9.93707566150744,4.05287777677048,6.16080665218231
1.7156303058595,9.83495996820932,2.86099076541881,6.46880259872209,4.02372840550825,14.4845630524652,4.09860299378047,6.23133256742663
2.04111889075776,8.5852942472801,3.09752724701352,7.16613521743307,3.71288989545389,7.16541572352088,4.32750843949267,7.23782639756505
2.02054093130188,6.96858898108993,2.12910937576354,15.8557552078721,3.73509312701311,7.19797186006868,4.08546649337983,6.21554001723309
2.16245211848986,7.05285337538773,2.86782188263474,8.98972394872147,3.85575244135573,8.30045545674688,4.43684933120872,7.22802659201048
1.66353337816688,10.523958971842,2.84239315961546,6.99846790519022,3.43767054386199,5.72883119432192,3.95859467948545,5.80035655821485
0.562941716168047,14.0865980583835,2.97553571836355,6.36695883276614,3.29727089675571,5.61568126996086,4.1962238176913,6.69818483143045
0.0562758178034812,15.9536936450622,3.06967640594864,7.85924053052777,3.52446769334565,6.04086896631515,4.50793377595093,7.56773992230053
2.28450001358981,7.41081167474247,2.94708083013674,12.1014964690079,3.9394508048727,8.57713441563354,4.34076166264192,6.92172692955129
2.2585659227676,10.4305493164893,2.5971513369482,4.71079691774889,3.4756097499918,6.54377291044714,4.03140582814842,6.09055443997008
2.19694192856983,5.16800176616475,2.85332460570097,12.2722335035734,3.90373461908162,11.5571074836342,3.79309402898422,5.56550858709423
2.05470528518233,8.18395841742051,3.05112629511826,6.7866546768149,3.61910665229326,7.0215060665697,3.71558336066729,5.31891934504982
2.21353529156014,5.23050999180689,3.02710974012496,8.10414826956982,3.43361098979736,5.65870551507549,4.19778637016225,6.58957620095707
2.2686063161094,7.04500401312588,2.35752088373583,14.2379844074036,3.94094599433824,8.25646241202674,4.12141629163882,6.28727587155085
0.948498006347308,12.3330347038516,2.37192082942518,14.0305835753556,3.90160948954023,7.4688613695494,4.46242145580905,7.01166075303334
2.35496537848232,6.54096677347942,2.56133076089695,11.5830519260383,3.91637165601812,10.843297704386,4.46237133489924,7.20193109332134
2.39827715520148,5.48584726890485,2.93719541299615,6.80735515009057,4.08702860899668,9.73080151496743,4.06988756895509,6.1841702781979
2.20666569790157,8.69251439526633,2.92673686611651,9.59366821806281,3.75723863818144,6.97702526808466,4.48311105084655,7.4209528700657
2.20757449418986,4.66733598886939,-16.7955154169821,53.8729735182518,4.20320181205028,9.53074501644747,4.3814305904992,7.10062817695862
-67.4308747960531,115.41098329418,2.85140309152734,8.40590731306722,4.13742889903428,8.97792022297579,4.25523855536953,6.52465663680637
2.03590103234478,9.89036560883816,2.66657815949948,5.2208899361547,3.48214133550406,5.77756838183282,4.36985502789705,6.98007369091548
2.12760538366388,4.81489302854382,2.77921776100229,7.18154251006287,4.13715662425414,11.0813265305349,4.03316584945443,5.97706881896755
2.01721139613058,9.44624236279235,3.1101727981636,9.81624807988911,3.87329450544031,8.34610642678018,4.16114788930618,6.47755547202563
-1.54301447819217,18.3473905947925,3.13467327668247,10.1161471282905,3.35409200489502,5.509340966362,4.02470889704018,6.00648513208447
0.811408921574838,15.1195002430475,2.98829451777551,5.73805196245898,3.98849187994334,9.56741892685316,4.27958855477108,6.8609711050637
2.40939251559594,8.36278036196748,2.90962678808364,6.67474438436282,3.80182377553359,8.2797388772648,4.41156053930114,7.27482441188469
NA,NA,1.81937134318082,17.8526375936291,3.74162568902491,7.41346415588627,4.73478560303804,8.06115930836971
2.63270549642637,6.46993276503857,2.97215706008451,8.54599869412603,3.81436552028952,7.44071804533135,4.19076509059924,6.60513899258991
2.37020351461796,6.34172251532955,3.05447601985652,8.74537578619929,3.98353783732745,8.50907081076323,4.77730078455275,8.28353215832775
1.64383912604143,10.5605471194028,2.93375992097776,6.72060536663001,4.16942732710782,9.73213630243177,4.07954476934541,6.32832346644187
-43.5653666089314,84.3221113035232,2.9682003306843,8.13672427503891,3.11984813451949,4.66580057673769,4.49624029910664,7.62138008569121
2.2017277856908,5.68652643988428,2.93957223917327,6.16503821697243,3.95145442062537,8.93033351125855,4.27956455051823,6.60632849244074
1.93911998227041,8.70493331169839,2.61113509554767,12.4930438305713,3.74982760489085,7.34361243757971,4.47681013754127,7.36249782770832
2.10149053738951,6.471391078656,2.95134161396146,9.19151519482226,3.84011700803235,7.98183036187259,4.08480229399049,6.24129618795774
0.794354086629527,14.0450907482364,2.65768909234198,9.56469974636215,4.12293125210482,8.89989184713784,4.01949178909826,6.17249386216546
0.803018706882285,13.9888081597234,3.06074765178633,6.67337227347184,3.67914569467491,7.393094499473,4.21133547141534,6.68203471657184
2.1104554130743,9.16737583068591,1.49463004246921,16.1592344303537,3.69867676413204,7.35828167852132,4.42010119679144,7.30570536899412
1.77804106458678,11.073628721946,2.47173652470036,4.0895979763621,3.588390351219,6.49789942729799,5.19041805245766,9.43471564218777
2.01390143378391,8.50692452412675,2.78547824123018,5.15071728639217,3.4137038918309,5.75449657492863,4.29114564988563,7.01038296438847
2.21048398483831,9.43074859491315,2.81477966384359,8.82546206219953,3.68854340956293,7.62704981289656,3.91960212645557,5.7856611749011
NA,NA,2.72191097240695,8.38464210127226,3.74932904502813,6.69462732211269,4.37315356340975,6.91199598449793
2.11448136488483,4.9663424732947,3.40248473589888,8.73500661351352,4.0748002680742,8.6753632366341,4.2282573327081,6.71031380385151
2.03630959559271,9.70302652083343,2.83605040387118,8.69115825681894,3.39525093617971,5.72442463118409,3.90439439887005,5.80360783488252
2.17246412401632,5.95641891898977,2.84404964092131,8.55010610201461,3.62123596997394,7.39427186405679,3.96024478081884,5.90576680486633
2.08092827323858,10.1036315538879,2.89570859186884,6.58235478487739,3.474332477375,5.90071291907767,3.86085414415931,5.722203535609
2.20175603139499,5.05431544311324,2.84525019569759,8.39204263890884,3.77389691725038,7.08986463001349,4.74753676897054,8.48599060803034
NA,NA,2.98061826321055,6.2032600013252,3.68598665871938,7.04323377400901,4.50501978023508,7.43849983773497
2.12851982690639,7.57129355607058,2.81785993461149,5.38735926330428,3.91338740196641,9.09075635502307,4.18068216469948,6.3764315809529
2.40826492995628,5.82810619412944,3.23532481705158,7.2411787091117,3.57362258714995,6.3127447195939,4.61879266594232,7.83619287489606
1.99292710556497,9.99198980763465,2.68587343939301,5.05528178177954,3.57289027825842,6.65021248761765,4.80539486998514,8.11224179378505
0.634811469845312,14.2055446217538,2.13852725841667,17.0697631760849,3.93681315293331,7.91885475119811,4.05884399107464,6.20449222656098
-1.99031214323081,24.1245016603105,2.92360447391008,6.1388318772866,3.8092225832744,7.8487672808799,5.26228039172456,11.7413800291139
2.06159527931737,8.3019942206653,2.66354442572686,9.53120005730249,3.82585289425384,8.238268142478,4.67806657349716,8.06651012466046
2.00303840307004,8.46989187476408,3.04139657549848,10.127542864046,3.94693290743056,8.49496639553444,4.34545987512763,7.09699763507749
1.29384037063921,11.6151566841033,2.50420059784079,14.5050371969031,3.51994975353874,5.89440430733958,4.91415608090242,8.64008677350793
2.06970225971142,8.23534310978115,2.91730609418527,5.83488319576386,4.01685733356476,9.92614849991096,3.93226708678053,5.94234128360282
2.27823295249827,5.2780569062136,2.92985890271915,10.8704768742836,3.93351349052218,9.17138319979399,4.05886326023852,6.0908401225357
1.91729729589974,10.5781841644597,0.825074098164453,18.7920939431383,3.34112376498242,5.52767458693296,3.96032301023112,5.79397563710271
1.97787684221032,10.9324260085358,2.99161755796545,6.79928449391591,3.24386676540958,5.09579004114952,4.34006510437771,7.19437201280209
-2.18651848858389,19.4245855402779,2.95958375443344,9.13118086610929,3.72455776662073,7.22416200202881,4.52411156826569,7.5799094579953
2.17776928614965,6.53161074142662,3.22875977673672,9.2396847845252,3.85004464972654,7.5093373987859,4.42513602988952,7.43240065238203
-0.258034309728812,17.4563480943782,3.21252731771444,7.18865791937032,3.73197853050976,6.99727795026162,3.96508960662493,5.8673344712542
NA,NA,2.89101265981306,8.02814495877213,3.90021227812996,7.66480222870499,4.18695563319825,6.53263566004873
0.00485038178258979,15.2300844092512,3.04703872146736,7.34960314641242,3.89133059155438,8.84012286589197,4.3014551163513,7.01164257294868
-2.57761386259541,22.6347022022656,2.57123819596847,11.2507922949211,4.04830647285312,8.03092656011167,4.0394342398326,6.11310461483866
-62.6738395525806,111.428226729183,3.10190718104302,10.7179433744515,3.76470586008456,6.98154701015651,4.50563980190798,7.3479703636412
-7.0905980163593,30.9257467714744,2.79139777875886,6.19168480037981,3.8796733299134,8.29768102901258,4.2941978859136,6.82568723350346
1.0186512210982,13.9037338313271,2.8340326723031,6.51562913950542,3.61454522569378,7.19732391984878,4.44002270707443,6.95440739950315
2.1465901009866,8.15953045190573,3.01028388887958,8.61237946022193,3.78254823492495,7.76718305148667,4.06098835263493,6.12447391130674
2.32775643877716,6.16345420270559,2.99757313808149,11.6608548630829,3.93114804502511,9.30420979626303,4.92371418957602,8.54741734450598
2.17287734206071,6.67964991632534,2.54337937653154,13.2369053511284,4.15526210443927,10.9407330054506,3.99935545376949,6.03676107069409
2.38780512985164,9.52633473247563,2.84667417647987,9.67098251662944,3.53976509938447,6.30546701592509,3.84833217038175,5.77583018493313
1.53662088134624,11.354382922657,2.92013821787026,6.58019955309636,3.60363192244771,6.44438006571514,4.187174728568,6.60649008172291
2.12852566127593,8.72701324822885,2.8410338778257,5.8138470839341,3.44381685647613,6.19843160565092,4.01056469045634,5.94799430467631
2.11088271041882,6.28106948895594,2.91108497811012,8.28202164966309,3.91812902955569,9.17982054307317,4.03203928906576,6.10291663188559
1.94848217905268,5.03638651169869,3.21440133894578,8.78539442036532,3.94084773512486,7.96564558788065,3.95967805128321,5.98207351280705
2.33342359614873,5.29962195623656,3.40268815903034,10.956594859492,4.01383348855455,10.9378357363892,4.32641941734448,6.98252384551692
1.83566931433079,9.14454434561793,2.74047478268291,5.26936886301144,3.90870881850273,9.7199571772123,4.37389386672826,7.12007628879956
2.31197143422556,7.78928461142462,3.34301211872116,7.34400822671453,3.47518682772522,6.06426139298895,4.763658240022,8.82413604307618
2.36857112497714,8.21133814915913,2.73084309808421,6.00954349813336,3.32284915412996,5.48106419843966,4.20389702281292,6.28853487730426
0.914359849446013,12.9938970720444,2.92765081741213,5.6267348065455,3.63414484750628,6.58309056753977,4.05109448241588,5.99885523598241
1.99467687049568,7.81989710019496,3.0281427782492,6.05574013217193,3.92561961622063,8.09959934703747,4.72038397796349,8.39960878774782
-62.6419375633839,110.396321937298,3.21140843224972,8.86102407174478,3.84396052454825,8.82930132255423,4.78188062670255,8.22687880711188
-26.4405368322137,63.6552156194261,2.99816152248125,8.09421635219125,3.62553320237458,6.26729345153062,4.49109828397671,7.59469713528891
2.21301321285593,8.58800976476859,2.87843096845322,5.30995406065915,3.61143078109722,6.58802202616735,3.83370303743957,5.58913243572337
1.71729465601356,9.00449921857135,1.54455781108476,17.5120847257229,3.39493083067902,5.48560259769061,4.62230977000685,7.8916332527159
2.03455917657933,8.3296398527772,3.01870887067057,7.4858383552005,3.59637026785137,6.26352583977856,4.09217195794817,6.16773583678826
-0.623607107962753,15.4903299336128,2.97971740482126,9.175825720175,3.93346699318349,8.29992535715887,3.90078432334733,5.86948645597241
2.10161201697112,10.2504945482908,0.57661144754845,24.4455064523145,4.03189232026689,9.32328987714368,4.10836356642664,6.45355160037306
2.32988065517927,4.80922315890582,2.38323796446333,11.9577965746864,3.69826838261764,6.98617906234026,4.2300067624491,6.43912597532566
0.544584844352962,15.5255800514239,3.00710012155066,7.23396534690529,3.68998863315973,7.04621381099065,4.29658313855647,6.91462346766792
2.21406866518375,6.32759630126319,2.57318542466519,9.61797703294107,3.61513851459672,6.35275210116191,4.37082009486165,7.24013247466292
1.52615480203451,11.2743081413642,2.72030962172806,5.30340783485619,3.45964980979984,6.44541943887497,4.44393825257635,7.0905577097669
2.38123905133652,7.94456620604411,2.27991124544033,14.5498043161132,4.35118405212903,11.0366070606672,4.34299917958646,7.01067314156796
-11.6039251965025,38.8327376547577,2.97998161043975,8.43809844236945,3.39950221977257,6.18262068519885,3.89237826378596,5.58028457853821
1.31554264239746,11.2828913804238,2.80214598206906,10.7111390698273,3.72712090962685,6.72359566569483,3.76443901492439,5.52152020747912
1.74312200969585,9.76439730059716,3.03743466970589,7.19461079153105,4.22109619119204,9.16738952296646,4.10477532236648,6.35485275204018
2.2671049005994,4.54959846461142,2.92325556251976,5.3939651708143,3.72916392189205,7.60921311409212,4.05048334431089,6.09228842094172
2.2610266964252,5.53598562949361,2.27901182273559,15.1037221661904,3.96653637008722,8.61744459903274,5.27638172138096,11.1354176580517
2.360148800911,5.38669002542813,2.89224438133856,5.62557358348036,3.52182196554949,5.81079426558123,4.27704887743731,6.80496959291423
1.05062216845091,13.9815836253618,2.74936571746165,9.50858347511809,4.02076288559409,10.8045416291753,4.24043734339961,6.72962791093634
1.39421551993585,10.5650637654026,2.83460379054276,6.78878839400574,3.25989215623859,5.13813208113623,4.30237729085266,6.84380746603812
NA,NA,2.61119736923253,12.525541011815,4.15333631007728,11.5633625787465,4.35701197267153,6.91509047648058
1.18980140970284,12.5938829413972,3.04771502875609,8.56614904642333,3.89117164548385,7.30076719886457,4.12371792222581,6.27300279763459
-1.86674844603824,21.9700115350996,2.75333876546834,4.87601661851628,3.68308792749373,6.89781337338269,4.24765302341664,6.79709487567875
2.13119682288306,9.68834264243962,2.96594779244238,6.97568462713784,4.16829285178269,9.29260988504497,4.28784448551262,6.6078543799959
NA,NA,3.15879516572424,7.768117730681,3.78195782304726,7.72354222123293,4.03401869982804,6.08092626690428
NA,NA,NA,NA,4.03769107645019,8.27288733239568,4.33972353667665,6.93094285670832
-12.4756070032709,40.6076544288555,3.12747383487792,8.8308145251993,3.80031666899795,13.3904511123376,4.61584045832292,7.46889202078147
2.33123759664039,5.79723016219748,2.89825303978908,8.50615567278551,3.74163355170922,7.0563705207771,4.71752734878792,8.14254381496304
1.23180772680157,14.5609967887118,3.03238138911806,6.80307440325706,3.50631822147228,6.63290036759125,4.45481359186136,7.32979097020966
2.13072015351331,9.86662624280678,2.45484878850202,14.1779417728857,3.43790667010337,5.76754281349032,4.85674348760328,8.87499239905527
0.905573708085684,11.1404666878745,2.79781008532822,7.36188418042999,3.6102241144135,6.17860786442335,4.08837172982992,6.28988761564058
2.01871249329977,7.9515776260588,2.92844348458019,6.86411506425709,3.70747305045613,6.61883215634189,4.86392739477793,8.52971378842538
0.264624972038473,15.682477210378,3.16912906252739,11.1061763094761,3.99442599714427,8.41418932698185,3.96851904512308,5.90291198565111
1.67888375743816,10.750002170174,2.72624369390809,9.72303972763357,3.61102717334219,6.38253157086397,4.10531237586084,6.13298683294573
-0.841934820434329,17.9686516315566,2.7956330050933,13.550990627157,3.8017708829024,8.12488247715578,4.11073547354625,6.19763668199724
-1.36759308327122,19.4226832623394,2.83681289888709,6.00734527512325,3.69106434313443,6.84808607503389,4.31619755922988,6.99007483654823
1.8549597337308,10.1502739815712,3.13686700841095,6.90566164372961,3.86248936134361,7.71216987375043,4.10255009701405,6.19273183286171
1.52238941082147,14.4900233695376,0.851568191142203,19.7996704528912,3.85645191811523,8.26719701816939,4.38526363568499,6.83160986310926
2.29846371245412,8.23291289629362,3.19359467864553,7.00878377003912,3.99062745975913,12.4158047967744,4.71442850023368,8.51211902471011
-0.473602922338788,15.7868921951497,3.16843108526081,9.31807725826839,3.69299967034154,7.86891161648539,4.19690591512537,6.75450164245453
2.08122770272165,8.06622392298067,2.88799673088714,8.20640727330291,3.89608148033889,8.15774141075604,4.50899832317923,7.63460781325584
-7.27139028495391,29.5918468521561,2.29223712812647,13.5127558226145,4.08155348581635,9.24428442272132,4.60712591612358,7.65738710678945
0.841787074896785,11.615312924526,2.87716721550812,5.85431999938495,3.46168108669567,6.07288748253006,4.47562392484509,7.31595842568776
NA,NA,2.98685968358126,8.05858249763843,3.36482998455675,5.49235512675692,4.42956472748166,7.51951458388418
1.79548310657671,8.95173582961696,3.06551316581274,7.30966618520226,3.66446341052833,6.59827032332745,4.80501402292531,8.73701664825669
2.26522006418912,7.02547571762981,3.03050332610151,7.7378279670761,3.77878723099203,7.42739930431216,4.62572243235963,7.90624801211034
2.27887892774522,5.97860212138895,3.02896047830852,7.91939828878364,3.92847289548868,8.38520119698767,4.91265477045418,9.5426736831412
NA,NA,3.05728547618703,7.40469889164419,3.20111559615129,5.19828839505252,4.36746193911903,7.25417207475572
2.47067211724105,8.54857750070996,2.95999916005493,6.54998613306475,3.79129905177992,7.296563907771,4.00715062998651,5.91522206677511
2.20854757517755,7.08592553553873,2.977100108301,6.3221464741062,3.38084606801477,5.8318928152895,3.89285135704907,5.64009229334569
-0.289240343304209,15.7361121380977,3.11856882971093,8.02086949730066,3.15549724284639,4.99674712109717,4.50417473216602,7.5963256413187
-6.64937377014396,29.1476596160719,2.78155539726665,5.31642445402367,4.04996353085258,11.4028430569202,4.32699586576927,6.99933369421463
NA,NA,2.87607351403648,11.0681916067033,3.51031372467264,6.5405282838216,4.42580697089446,6.97718462350036
2.26026853540794,6.0250287599038,-34.3625888351931,82.7317467489917,3.96182322318522,7.7363783308198,4.15665245291476,6.43964649052085
0.265720008327845,16.7024760656494,2.86475924143292,6.64508644922519,3.29182043456201,5.42819412771279,4.46629056118319,7.38238727080677
0.882583128806643,12.8286615056313,1.66916217637413,18.4378572957536,3.81404881059115,8.58733280370728,4.43331080984571,7.26912599166204
-2.16911537061096,22.931112737706,3.20115451679797,7.58278772340737,3.66654130416602,6.25846218498148,4.15166193980643,6.40165181433667
2.29526441613141,7.04936279642482,3.11469066653973,7.0603751196516,3.53476639883669,6.15413842836567,3.99074044663909,6.12003759068132
2.28103565988788,7.45716533698611,2.73297555786589,5.30500267150277,3.83037351366452,8.17109083341597,4.24822113006715,6.74644705673713
1.48078123027999,12.5082980643698,3.03010878008662,8.18379242294509,3.55571671101789,6.07037496191786,3.61859434106422,5.15660327548757
1.9928772374761,6.80736518743474,3.10264424858368,7.62204100730636,3.98604100189338,8.07717064592856,4.62025506043223,7.59600240840231
2.02057575347467,6.28241072879679,2.75416839298183,5.7329826557424,3.98516876897319,8.69836606948398,4.12730116481397,6.3375023635714
2.21949966681798,4.61970393112798,2.82975585885368,5.40729198244848,3.90464803411563,13.3361242951586,4.21784331913631,6.72320729756066
1.64940325161059,11.0328712783435,2.93318121818107,9.17763492023688,3.95396966762901,7.9275993446155,4.23333379823827,6.58269188913298
2.29253526660407,9.0719477133822,1.82655661345677,17.1873233181312,3.84486121739967,8.37046887152331,5.1622724172199,11.7118188222183
2.04225134288765,9.42097125563405,3.10215416080756,9.81352914704941,3.97001353078381,8.40004015884969,3.82071245629022,5.52420340521218
0.749365092149076,13.6788208031855,-8.42995108967114,41.2875219041575,3.52864100212219,6.2463462851657,4.36264333991789,6.96598608335239
1.86577812603184,9.97511379462392,2.9811217861554,6.98556949990838,3.81427030030128,7.3438923681685,5.10836923256081,11.7871892513628
2.50680626871709,7.15422798990565,1.2483039488053,19.6336320764202,3.66593468294765,6.46883764354389,4.84597631090583,9.1335195309441
0.797249076107717,13.3185860190376,2.95122557079267,7.1550824768537,3.52537653170228,7.12216455439154,4.43341163651885,7.25173815116756
1.89465383100184,9.04957474898294,2.90443945408645,10.4317524689133,3.70179430962924,6.81626667200791,4.23869514119114,6.73523338544626
1.95337107459151,9.25697615600937,3.21893158945963,9.49203956506448,3.84608711746098,7.29503833361637,4.55819263260095,7.69259469282675
-3.62596193582822,24.3140333117006,3.12180422453713,7.86060373766534,4.01266973261346,9.13401560504215,4.51050728258391,7.4596446706226
-0.744874632502881,16.5333457183278,3.11466698571852,9.86205113815314,3.68740247563239,6.84126762878274,4.6050185116421,7.5824508134936
-9.10176902608367,32.9251744036006,3.01914836315661,8.15928978995777,3.54782882084668,6.53491187683405,4.45785151363971,7.30827046353304
2.19511972923996,8.45445206685818,2.72069874489794,7.29070181202993,4.11323757811005,9.38261889615172,4.39735786666849,7.24379558328606
NA,NA,2.81918706799073,5.34747578628589,3.73894010016469,7.12952293485603,4.22664172089248,6.58887369509981
1.41372402405509,10.8162867101071,3.32822391758557,8.803102913932,3.65123483174764,6.83337295079588,4.19333696705644,6.4963434815943
2.10365775569265,7.86601125364761,3.12424773643693,7.81958686486141,3.76840012245216,7.74042617991709,4.50716351179295,7.45977637055971
NA,NA,3.11273882806666,6.78004768260216,3.49617885446817,6.1473800371078,3.75236870789887,5.37997757311349
2.12843072697203,9.27122247550986,3.07409175866421,7.67114475143821,3.96154877488577,9.23685651750514,4.11294730679256,6.56544704071935
1.64034060483394,9.93103781194337,2.96141449347843,7.27630309442456,4.11833894976083,11.5623916560081,4.32995950663087,7.12575359213041
1.15776279320135,10.8350014578315,NA,NA,3.84411929005386,8.22173028224456,4.12276943706166,6.36042434354146
-1.59734146340076,20.3185668255418,3.05620234992633,8.34062044111467,3.6873217744268,6.8592400197231,4.2882123618808,6.95737925566156
-92.6047597987682,151.511606170401,2.9201273922171,9.02235433373254,3.98595557531865,8.91563626842154,4.18619991968357,6.49204207102517
1.74714839243349,9.88551687019272,3.16004528899109,7.8397900743408,3.67818131853771,8.09511659563944,4.68537986340637,8.20712415569509
1.73381451913693,8.79324133827105,2.98200058647595,7.54531141664905,3.96760660288533,8.65144119658782,4.07243389125642,6.15338014909943
NA,NA,1.70694175069702,14.7424581767061,3.86130239668837,7.54648812607969,4.31792260206862,6.69613990852176
2.3748911636788,7.10009749999329,3.00292662606938,9.72258295192845,3.70252518240649,6.62377767229044,3.86502582887523,5.63712509676943
2.16257856635435,5.61614056060305,2.97187362205662,9.17101857608068,3.7084094651144,6.56161442751786,4.15265666536246,6.23570877454089
2.04135811751902,9.28295700563251,2.8623859002541,8.28872771025025,4.07566334032085,9.5795970249266,4.47186691684967,7.28585723828681
-0.81320672764029,18.295497916889,0.483506465171198,20.2106745967641,3.59016894458253,6.68236981557017,4.09780376912642,6.32885425254849
-113.847825036763,184.028868784806,3.21185259998441,8.69165253714701,3.39646188345693,6.05153339301164,3.83285195342101,5.57927709153486
NA,NA,2.90384280652091,5.69367871746295,3.40998040368008,16.1603607975999,3.91468455584538,5.86512219685572
1.03522228315172,12.0281953389084,2.8798164185379,7.37834315599994,4.01349426443039,8.26125219138959,4.3915184076032,7.00768601133679
1.62013571681939,9.56506464799179,NA,NA,3.65794725365859,6.14466710165792,4.80738423090081,8.39958539358685
2.24109811662974,6.11363526951119,3.02462761134549,9.0833556740859,3.85198442069838,10.8990240470695,3.87340096953458,5.67138863441947
0.816407473906763,13.7965566508388,2.80870491669047,9.34602192131979,3.86526336227615,8.59550270913839,4.74321976105575,8.62903518911961
NA,NA,2.95871757696083,11.1840073305092,3.73461942022998,7.05713791428025,4.68000620285245,8.28753832352098
2.28839961374744,8.16656455249686,2.91726155514976,5.65152574210514,3.68105478156144,6.97442015335847,4.19995628324192,6.53137296095828
0.572370334438756,15.4164864299407,1.59539256312329,16.3698620978913,3.81468275999062,7.09666956649957,4.67503376718939,7.79499614267599
-1.77491667805323,20.5254588289057,2.98073670682619,5.98815479702277,3.65671985401286,8.39855948761811,4.2762421354923,6.77982252871071
2.23753468114609,7.23979410485651,2.93136073202956,6.34337660652352,3.85263786207975,7.49921513964768,4.74778079431408,8.34845263462887
-30.6073469245497,66.3573949856362,2.65125127052359,4.48608349782077,4.1060491667666,9.56751088712886,5.180755811449,10.448808032686
1.88587196931761,9.75270798909055,NA,NA,3.50179796845338,6.03936799058658,4.4512550986822,7.22288716463102
2.08196162597484,8.81687891430954,3.13794816868121,8.58636057243292,3.74393196504639,6.29462678004854,3.5835024631978,5.02896467863071
2.36459993964996,7.40643141847143,2.97556740023806,7.64741765047179,4.02622739522058,11.0943552716234,4.28970202141318,6.81161298962323
2.54136650730299,7.77227903286198,2.57902030617625,11.8891384859906,4.00483366383646,9.1365618449776,3.95097097843081,5.79882427645553
2.21708512944392,6.73940648603248,2.90256998263532,11.0063944282987,3.82676122567355,7.44343052158394,4.83368485702764,8.35147610041839
2.51995366902858,7.26087649822938,2.77847791619881,6.22408017542721,3.56717186243512,6.37663555974899,4.04301830472882,6.18029351851825
2.07749973342323,9.61444733686598,3.11568083369329,7.27644343153092,3.61925942951528,15.7340689515782,3.91063014313913,5.91189742497809
2.06220027692791,10.8258311405085,2.98279382153383,6.62856662130162,3.50640412537659,6.4826914016839,4.12905133997767,6.42350487195651
-5.31866336565667,27.4766990640833,3.02446866411341,6.52596640915584,3.47875181237953,5.68700478735343,4.01463373477196,6.11727698576011
NA,NA,2.67544654092398,11.0457359616074,4.00702231106555,9.19179586755448,4.2208006866849,6.60895097295491
0.39952402479453,15.6196604814523,2.77421498741155,7.96999655870483,3.92353507186396,8.7459971719023,4.63569331016437,7.78523094785038
2.18411585478169,8.44410153435795,2.84634081744905,10.9899180131351,3.71415190326592,6.9172638229777,4.13116215863595,6.2218051674574
0.288113496649993,14.3268105207423,2.98181550217945,7.215669959455,3.7052863781336,7.19317628187748,3.87068367774077,5.60698409123244
NA,NA,2.8601239078587,7.04913115068509,3.5176272654862,6.66998135622971,4.98453441500264,9.11235053941585
2.19241215696711,7.10838790441902,3.02741555198496,9.26994224676255,3.69412645334429,7.8023740261703,4.00204937908455,5.90066540989474
1.96060902286256,8.62155757381217,1.3601458710546,18.7434193876811,3.47557301672669,6.24382708979772,4.28335218939705,6.78249028613215
1.96684422013067,8.7892155244491,2.86133880480042,5.94756638648496,3.41554178457112,5.88286545409104,4.16440703007803,6.32769104959204
-1.01632810914419,20.353554187736,2.03961031812846,16.2398659730526,3.45538055761819,5.80690808414621,4.33032984082307,7.14134604881279
-2.70284560928851,23.9204146222439,2.85029207547808,11.5219976008362,3.10072350114339,5.40931237391652,4.27207273468033,6.74251297397699
0.89972875735133,11.6809305473371,2.93909517491666,6.08805603707338,3.90831724136551,8.49367234606531,3.53362736476409,4.9152260981885
2.11145632636123,4.99058388304071,2.86681983703707,5.85903450240898,3.684474487789,7.31159540847813,4.58101348072788,7.61513739449316
-151.401291949412,93.2154793346032,3.20566981453681,6.56321900296051,3.83046926622926,8.32979860767212,3.66337761242929,5.20126057230983
2.2376965137595,6.87878599971046,2.905174874,6.64947463124799,3.84400430250398,7.08683316305644,4.40142723005743,7.04677207471499
-27.6698768883544,63.1964534396053,3.03922716784157,6.8741596031285,4.11401270655352,10.0347279653555,4.67912395443683,8.0162903094688
1.87444786606906,9.04374786834058,3.13227327886875,8.18361858406537,3.62023088475088,6.52104714660768,4.4159626095491,7.25719437609462
1.5384410518116,10.9211855159122,2.9115303110993,8.25558723005755,3.42053369677075,6.07258839321439,4.36315293907587,7.00998429720321
2.16696746086331,6.59511790604605,2.88131547098355,7.6205285788956,4.14786323200696,9.64364592062708,4.56138541664007,8.1262743216743
-0.86040485996666,18.1381717671871,3.30421504308575,10.0801705521516,3.57364517430318,6.74426573483377,4.24646394842842,6.56393856025009
2.25577009235567,7.72233496401309,2.74509754347929,6.50833371175388,4.09614444725935,11.1366227227718,4.21772597983693,6.63883572574066
NA,NA,3.12984485963599,7.11716936135772,2.89649861542602,4.12264794068413,3.89660379063203,5.85166262222644
2.09679043751363,9.06108704160633,3.0093919030357,7.8423804089651,3.33129423614532,5.52236182142864,4.18735647115661,6.50912063984578
-10.4208659780572,37.5055221854847,3.12920574920995,7.37527621377993,3.70422972895601,6.85230945211005,4.25566326602553,6.4966463050138
2.24985479301159,4.40071332284759,2.92969625961162,6.3735389078202,3.59961077856197,7.05305914498983,4.22285859932635,6.55904140877434
NA,NA,2.77244885101545,5.4260576084846,3.75804860269501,11.9447815063316,4.14186792071483,6.53431602044496
2.34026543864132,7.98217812310289,1.02728176156324,17.2950723647534,3.4354770441273,5.92065325352677,4.51278385732822,7.55551328071883
2.12952973908816,7.52102524510268,2.98442260413031,7.69446354556544,3.47476678915714,15.0482336095051,3.99459115104868,6.1552522211638
-2.40030953708977,22.3395300242858,2.64655488920583,4.47397936054335,3.92058923569338,7.80269876391425,4.55459545124258,7.73941580010081
2.37190440502525,9.13044748911303,3.05513928937547,10.2961083163651,3.93843554097215,9.36324759443682,4.19731528410198,6.5745288536962
1.9326716987498,9.62939215158131,2.46004400586329,4.02140595979573,3.54829158267627,6.45404176618495,4.56913598688551,7.64130750210696
1.48458257507594,12.3768156331187,3.11719328818311,6.30365730111222,3.68526889431639,6.89568378764617,4.68908954691547,8.00714702686817
2.1692542240411,7.13413005796338,3.33559317437418,8.9413026928666,3.83222345591579,7.34387906196666,4.53593335216616,7.69669476601031
1.89214426115726,8.8515977047064,0.0835428151343809,23.8376341170538,3.62590503646324,6.64978507077246,4.39482728697049,7.02463888645843
-1.08395739652564,18.0668030814201,3.10607310323373,7.72664374650436,3.71951768255208,7.02432696786317,4.71228205720877,8.19804613247722
1.80458546384661,9.61988251945731,2.94957645472671,8.87583174907502,3.60971432703051,6.40694080303871,4.59360688839831,7.7190343515193
2.25018232437501,6.41982770830368,2.74532353570817,8.31408385623995,3.75431944275421,7.98485523570444,3.91824245248672,5.79938905619091
2.14934606828386,8.07635305757566,3.12562253373065,7.84604928037196,3.90493855946979,7.74497509321125,4.25039621737153,6.63481906178993
NA,NA,2.21286696568735,15.4545034457483,3.36036296203952,5.83038099589433,4.54724125036511,7.86870123154541
-2.46966145543345,22.5587628713749,2.89135923812229,7.24802535088615,4.07449658483482,8.54322770708686,4.61434525080704,7.88097514918401
-11.0250279697985,38.4889300421449,2.74630929045838,10.8988255709307,4.05530060349142,9.06055689714859,4.11660218293758,6.19284553443789
2.19313178746489,7.77293654309065,2.23728688161799,14.6486376530571,3.58902721073993,6.8369237002295,4.27351579432024,6.60528869937952
1.79795236209466,11.6552859680153,3.22096696400293,9.20643440633488,4.01193676121812,8.09870365091766,4.29305907888235,6.67699634616504
2.31304758492499,7.06843881336782,3.03210952187913,7.24304662908961,3.59617818256653,7.14077270688087,4.21874618030029,6.47316112274435
-2.11469840048071,22.210751635066,3.03597926978522,7.63887862441003,4.07609972176099,8.71877908996728,4.43784724711025,7.6191795332121
2.24150518849629,6.56353674784459,2.91388478118483,10.7211671611326,3.56609923384677,6.4610515014208,4.20536251265127,6.54158952679672
2.27356635079891,6.67677573739564,NA,NA,3.76174522761889,7.34821954542845,3.88000225291816,5.64065752038842
2.17996935812543,4.46196526168815,2.94025906933326,9.0193725118267,3.26352387917587,5.44774999837931,4.19650019767148,6.44738382631758
1.88652089607309,9.25088951519394,2.64757878271201,12.9561914075785,3.55207978363968,5.9058608683092,3.93862518054531,5.75464601608673
2.18888156150706,9.15151884935109,3.14522212273648,9.37666237495167,3.95841841778044,7.94285804126936,4.5028380714338,7.43654486625844
-0.0830604064454574,16.0362333445021,2.93184018483806,8.78622483310864,3.5957517565244,6.52131668470237,4.26583686485414,6.79533790391213
-16.0765489900364,49.9385279305602,2.77861957561674,8.01329315063818,3.48484919912233,6.52637738403098,4.2308227311775,6.5795233407235
2.31440206409127,9.05420783486416,3.02751274742494,8.81397523496018,3.45379815580582,5.63749909194592,4.65975843842943,8.29520842339973
1.66788396033837,10.4762548269787,2.76319482475378,11.2050684907725,3.72043476961326,6.93438038788199,4.39456341841894,6.91918328172847
NA,NA,2.77204768376799,5.62729717382811,3.81094511218697,8.23112346976689,4.60588195620586,7.72587670317355
1.23840433371507,12.1099645924855,3.1403889904796,6.75172010578618,3.74335330781318,7.67190392719031,3.79221171947515,5.45782001538429
-0.322151347956385,16.7105051361543,2.03318864831502,14.1059072333207,4.15172494060766,10.3511633968041,4.08181136599813,6.01954841508422
NA,NA,2.87848293648358,5.96558956510586,3.69401162210041,6.48100037549804,4.15193091202307,6.40193072785045
1.98100075223469,8.52126639286835,2.98475045043868,6.38917860230251,4.05749512130035,8.44204844125693,4.42387229817684,7.37095978685644
2.41160817139535,7.0722115555752,2.61751297684493,10.7878258307703,3.58407701541696,7.14026925526829,4.17977647226793,6.53496916322771
2.04840026620762,4.11322516800761,2.94054889453677,7.18661458127188,4.11923216850754,10.2254213876566,4.46025578569937,7.41864770852316
1.94275801601644,7.95624818898771,3.13069579523853,8.36006128400025,3.7305030972297,10.5530242563674,4.26664982870012,7.16950242749377
0.0736476823618659,14.1014610157888,2.82970427321704,7.55509755651761,3.48338230110091,6.26600582797997,4.37397193192261,7.10370112235707
0.68892055930073,13.4527496179401,2.83794884467826,10.0258316529701,3.7305084158625,6.90025736914689,3.96038756056589,6.03888637329624
2.04357762631361,8.46687535585091,2.93190485662858,8.98433233820841,3.68238057148459,7.26079764212792,3.8233161951681,5.5330823037596
2.13320907889521,6.81157115813353,2.53053364932101,4.50030683122195,3.45922321723583,5.8382795333863,4.62904598415115,7.83996011675015
2.22182463663139,8.02957464315257,3.10969258971394,8.0074583757482,3.3597362612217,5.50043828425506,4.16732792959468,6.33209366522858
-0.951334477381304,19.0054916321975,2.13273790238441,13.0317854021633,3.95543250181584,11.5992942752856,5.03025703679122,8.948365272171
2.30610173526116,8.00172754303261,2.78400903645985,11.6745192089673,3.27669485611404,5.2934608834694,4.49711448594445,7.53175178777035
2.48218211437576,7.55351908484908,3.17122480417021,9.93486885961209,3.78497877517098,7.93715106649875,3.97482875709871,5.84388237193867
2.42366596660164,8.57987834764313,1.64490934453536,16.2875819130131,3.78482013986642,8.2401838595459,4.1535494306592,6.58716125182604
-2.64396578293767,24.0465090149369,1.54431304483192,16.1991458569013,3.6231132122996,6.74958720352115,4.12401418574186,6.42970400779352
2.14283757457514,5.45062125451167,2.79808200674104,5.32789526938741,3.41988335767403,5.6156355017046,4.29841620353462,7.04789408351212
2.34829203083209,6.25569908085965,2.61548402664096,12.4692524636118,3.37760959463354,5.94100323414795,4.16759093965641,6.23636100403325
NA,NA,2.77627529772683,12.4189911924326,4.04521203770864,8.03227255038339,4.49165730641248,7.25186522741592
0.167437930481372,16.1929074221047,2.99554306127464,6.34663753572597,3.49238395189654,6.26364100176541,3.89080186365023,5.81886028288548
NA,NA,3.07520703100011,6.60418902129876,4.10269349675601,9.04446231268143,4.37870930996852,7.1173729467359
2.16021668825427,5.5531024847477,2.01938981570852,14.1453829183939,3.53139558426746,6.2771095511317,3.86189270482889,5.75359180214054
2.29874070675494,7.77815315782548,1.64937034284725,14.0244544870913,4.15170203643357,11.1425847148434,4.80491629202021,8.11289620855628
-3.63281691022842,23.2659714053494,3.06024933687134,11.023924023402,3.54779662300801,14.5919941053618,3.79279636028461,5.48219274316526
-1.17499280842274,19.4408751927934,3.06431219056857,9.33997081708957,4.07884071684827,8.52933374400599,4.53442078934999,7.813057517656
2.22943703155346,6.46806725159064,3.08941365043365,7.49145840947017,3.63070391727059,6.63481570188821,4.48620693441365,7.46330785601771
1.94749833919715,7.58301180450196,2.85992786344811,6.36290597587776,3.91793601821526,8.35912870218193,4.23342595532198,6.2806407678808
-25.5623609913718,61.9738276911483,3.21834167343367,10.3698315818365,3.21278164394806,5.00887454731853,4.38815047041985,7.23168661369838
1.9447202867316,9.03364244658607,3.0973189910423,7.50118178511468,3.68251250781163,6.82783056155129,4.81232727570961,8.43813995674325
1.72608279864604,9.87260676763132,-1.55117862057747,25.1711647363287,3.84946840229146,8.20644208661903,4.61846700795868,7.85155869402168
2.1469478307705,7.25329342478502,2.80294284837421,11.1140802124721,4.06405559087429,9.14432243484583,4.51079557583903,7.52934303814605
1.83668975733737,8.51279822050625,2.39389966689525,12.0081926203915,3.92372285693459,11.8998001425176,4.31385466317797,6.82187170389969
1.27383654853872,12.9044934816948,3.22825113940786,8.81217806436842,3.91047564831489,7.80020076007496,4.0603756394348,6.24185283824186
-0.208229082149866,14.9910429275826,-3.9075610014597,30.5305440958277,3.68073107395299,8.26875213609726,4.55727076677564,7.3943110726019
NA,NA,2.85330466019097,10.5315955496576,3.64771162174726,6.72829090310982,4.08740408841692,6.12754418849879
1.72822407382699,8.84250423965536,3.20238109514095,9.11328613106007,3.79672741615749,7.02104396037964,3.78529543767989,5.5831549626
2.40801076233788,6.68240745869844,3.14709256457815,8.47126467200586,3.73552332264744,7.87821457885721,4.46463894534905,7.63690400443401
0.98876889664667,12.072370747156,3.20502974756373,10.3249653221149,3.82838524924612,7.3922666260201,4.08691224335241,6.14429064950307
2.1997098598682,9.51469304496959,2.9735322608297,6.09512511813803,3.72648510946471,6.89243031970387,4.66156606699211,7.72990525084663
1.99660197560995,10.0886777032402,3.11149001169436,8.08314473675993,4.00416845206003,8.5281011387602,4.07895173011081,6.19112956767124
2.32678070603363,7.1017081891455,2.79012664403755,5.90945154095729,3.86217505599832,11.2110981558702,4.66006513006818,8.07715802343307
0.965115180462417,12.8123048631775,2.26513299141953,13.5312621874299,3.96058784504669,9.07678121819504,3.90908707097899,5.89125113666706
0.972694182135557,14.1163446824125,3.0229015279554,9.32578059043382,4.21178882853985,12.1055260334823,3.96277295539593,5.98682062980926
1.6064261712995,10.8213531109308,2.74391191680052,6.67433252539678,3.78922474641322,7.25643258146097,4.3266269381374,7.06377713737252
2.41274436754503,6.99605281206885,3.05989291710453,6.24119917497283,3.74666096599309,6.81939634027013,4.23060135843236,6.64965093613756
1.75275389068915,9.10275550957624,2.84171263815552,6.15498573017856,3.51664638497443,6.11795408308887,4.89659948347663,8.74295500689005
0.832321390923856,11.831174334662,2.61979760628955,13.0311022772643,3.7590947283706,7.22437088793475,4.12079562634273,6.36428688908901
1.85018611053736,10.7653228582494,-0.840738939739355,21.3409723380712,3.6778142916889,7.93028060197065,3.95368636447565,5.99128860045869
-20.5491362967612,55.1003798524907,0.849619461096754,19.4315038417219,3.85750375490253,8.34643888085472,4.57395399984963,7.53322975090783
2.10162370451749,8.06792558255766,3.02384669765876,6.91645010947709,3.37109634738925,6.02782257868248,3.84812004898314,5.57921851014494
1.93925921692773,9.00694131811157,2.93198860036231,7.46570948622137,3.99553775987615,8.36915701869736,4.43952643758071,7.19039646573435
-6.10363423299281,30.2846927520799,2.8874966056243,7.19721580838425,3.30909856660625,5.57157361757675,4.23003962380513,6.5841386774065
0.945216365549862,12.6185444521536,3.03827774839333,8.33736324272857,3.45990705149762,5.82894768763349,4.5243723284032,7.38052841969507
2.25548382119022,7.85987065555216,2.56303773387237,10.6921685510528,3.69703334023934,7.55314125240086,4.16159207449513,6.38879092690678
2.16621709075636,5.53866224043393,2.86266871838629,6.1328716629982,3.74982793218347,7.68095704060411,4.40211112139441,7.09835950417545
1.67633340543811,10.5943373497604,3.03981137514401,6.94474860543063,3.62952351167127,6.45803992664667,3.99475845928617,5.98765929296109
NA,NA,2.08386815883819,15.3409203619559,3.89584056350492,8.26760560962156,4.32910442149601,7.16264077175446
NA,NA,2.89774895674548,5.89125668008838,3.97955239955757,10.6464776330972,4.52430267984007,7.56994366131728
0.755278040069515,13.8076597625066,2.5501972823875,4.79711958759608,3.69791827916792,7.46714270283849,4.47555827051104,7.4344532219487
2.31041523777671,6.90209810759429,2.81461438210949,5.22068180557491,3.7868280756893,10.8431981895008,4.09890616812373,6.22677814389759
2.13657307274479,7.03711769102964,3.01117028948249,7.04175302592395,3.76456621864856,7.02612389656769,4.60671113473706,7.71817338818659
1.91385382111981,9.72480061691947,3.11725508528301,7.10428533344568,3.72446594695186,6.63467720186393,4.11931404341842,6.19625860516653
1.71970451694272,10.1096507598383,2.84746716251248,8.04913549576252,3.37447726404088,5.532802656523,3.97404829891926,5.86833866622449
2.24484287959434,8.58919802266809,3.01337970854074,6.81831349296871,3.75596503554737,7.01463521031604,4.4050703194404,7.14068285953497
2.16977818874612,5.06406297694236,3.27598491529599,9.38547966819288,3.6858828637146,6.61114774163248,4.51680508615496,7.55325875551072
NA,NA,1.73883102835454,16.9765269272082,4.02665424069765,8.26920296946759,4.54591120987777,7.81154757288162
1.45617284745956,10.9681399696429,3.10931499780341,7.83107228236641,3.89883009737136,8.48126545063587,4.69687154685671,7.86407832417701
0.244076935446056,16.6208727962657,2.98483283695,9.32933753234773,3.31757499111381,5.68990906433664,4.73040473837276,8.45228367021252
2.36625282132738,5.73323085845037,2.9643023803953,7.34313150038711,3.90224202914875,8.16566620815121,4.5069061377948,7.33923905735173
2.11291080574442,7.19331972216802,3.06467394126562,6.87576173253744,3.80540617135311,7.3354993071541,4.21748965364768,6.59944763079828
2.03507438094081,8.34076326967564,2.96817059099814,5.96700705840784,3.69224932966407,6.86919877332747,4.13038072238712,6.25140128086054
2.21163276998472,5.86744952878014,1.65304554283582,16.3990862241047,4.07100983112036,8.85098205837996,4.39391963458155,7.45017578145308
2.15207206605841,5.15063138005867,3.0709488382323,9.43993097047493,4.21917021591273,9.66135029115236,4.08444539687917,6.29098802440532
-1.49016530465461,19.2671136556447,2.80834543596777,6.1115633125451,3.78233632267227,7.20815789110534,4.39066907397747,7.34791664874787
-2.99202775286906,24.3141779351419,3.04967235752423,9.27417578977639,3.9837454472849,7.56635422709667,4.61414852626326,7.81238493108024
2.31335275696015,4.94718386650659,3.52813832117966,8.64310095047894,3.62178092162361,6.47207275145367,4.04442470593699,6.18372126119189
2.37762305458696,5.63019440585635,3.06744406773375,7.20766824674622,3.95901593208719,8.00017779293601,4.11936716669274,6.34977961382766
-1.25304335790544,21.4166627284532,3.01729152961204,8.84772421637161,3.54411983001157,5.90862233162432,4.42630299723943,7.43100889587913
2.38736448851106,8.47033155116275,2.55952986510855,12.3136277098719,3.92107623056541,8.90011309418726,3.90034029099711,5.75374139146698
1.59694294973205,12.9955117557227,2.98492467890806,6.6303236177194,3.96140574384349,12.1272497369185,4.77696480319722,8.69508815920351
NA,NA,3.38250989710527,7.59325314792812,3.90147089457136,7.83620184335969,4.86229934556921,8.23236920316935
1.72898008994295,10.4071766523246,2.89853005754735,10.491642797659,3.95628674967942,8.9215527494143,4.07311152518993,6.4395726743145
2.39268093909952,7.61454743735606,2.25769769390798,11.6836138093982,4.20120633269121,9.5721116511921,4.53364377632334,7.40123295712202
1.64174532325582,9.11360571853103,2.90512247244638,10.0700705215014,4.1599000823494,10.588400472379,4.30691155282534,7.04957167043436
2.2652450298846,7.66766487344825,2.98341404560267,10.483096743079,4.05112652386492,9.09816330034056,4.09554290527892,6.19877758501736
0.275298565156916,16.3851727136694,3.41641025655266,8.4292779505927,3.68063975200403,5.97670965241758,4.20709790134344,6.41639580275536
2.39911838437964,7.23030971850839,2.51571771820454,12.6197220679351,3.56807104927185,6.44189550144876,4.40089724068713,7.1959232909346
1.85159703255345,9.69465539789203,2.36497395994284,15.2753679201576,4.21255219651082,11.128776788979,4.28663399715226,6.94300259331736
1.42689414269076,10.523609912531,2.98278492050687,5.86878489961962,3.6797447201614,6.69418949002009,4.77400096159171,8.14521390598903
2.16463823208403,6.86000083040624,2.8990336928162,8.891546784715,4.08740290023293,8.8318592631873,4.38682743677246,7.1004245568355
0.392962236369033,15.5940618342808,3.09514175070792,11.0536568904456,4.14868026552222,8.59336338606781,3.73792030770751,5.34138679828168
2.31536539929519,8.71000932466173,2.87669670057808,7.57973877776744,3.66059838749843,6.22953144724302,4.69431711630573,7.82503877070574
1.58630045963721,11.1495355935379,2.78780182361266,6.51468093683803,3.88286083837079,7.3574105578703,4.82940528779314,8.43681445011785
-2.56252803851702,23.6355517955272,NA,NA,3.89496538464264,8.1633622885232,4.12424437832479,6.23039972826331
2.32531699101194,5.86131004017644,2.06101854243072,15.4330889777214,3.6873932455323,7.29000232501993,4.15450870723585,6.42817251977563
1.76216430164003,8.86118913304642,3.15023577133875,9.80663231113259,3.24434650006172,5.45517782724029,4.4920125616512,7.28315549718371
2.16049611253703,6.92780239234171,2.92057063859121,5.67954713882037,3.27097931131095,5.56861123649206,4.49853007646432,7.6654805312608
1.72485415895171,10.035097027301,2.77702113787084,6.87150203112166,3.33051781336244,5.47689773240565,4.15972985973331,6.38964879103202
2.1522113882755,5.69971132220055,3.07614821017229,6.64132571403474,3.56901953198032,6.50928833775166,4.27262101385743,6.76597948332069
2.15231166067696,6.59846971420579,2.9289436722299,5.58233648635222,3.89389311441203,8.11174882428498,3.83830456650356,5.66238336947434
2.26838654843475,7.93868587666215,2.92326718736156,9.92060397602673,3.56226975715538,6.18380112998769,4.28355433027103,6.82515539654442
2.31460669629533,10.1596833388794,3.02597101281918,10.0867207322722,3.53446197856796,5.95047377042502,4.54455462047259,7.56693491620964
1.9685304640342,7.21934653815507,3.12821928212756,8.23037400729079,3.86482378589849,7.86360838240349,4.30513237580516,6.89425896140009
1.48022757507397,11.5387544087841,2.97854668236056,6.84627461124401,3.90534595246604,7.32189955789029,4.01134980268502,5.97714315000038
-0.715427139176745,17.1035975682212,2.87542088346096,9.81002831270958,3.62653595168204,7.0980756953374,4.80021954163437,8.16750145121509
2.20683188125895,7.41899385161856,2.9542752269831,8.04107361060063,3.9096280159229,7.60520490997417,4.36743334468487,7.05193008426633
2.14097143899886,8.29650699203017,2.69530652047747,9.96446211484168,3.82319985555745,7.18806837882368,4.16718065624617,6.43074923801883
2.19413207944984,7.32237630344099,3.23756808366001,8.58900975495086,3.27951974016989,5.17415370274569,4.62083086485586,7.73693908575123
1.79115597125522,9.44300530117568,2.84684851814104,7.47701055106759,3.85056198398741,13.2538301939299,3.81897640288572,5.57768277889283
0.762950583222469,14.3205885468364,3.15428785788117,7.70952714245401,3.40502137728548,5.98460398332978,4.85460117531005,9.27304529780367
-0.414156318189423,18.1512253094588,3.25847966371227,9.981528575915,3.52941119643784,6.39585153511847,4.65078124687542,8.01891178667109
1.05567737488106,12.6325056212464,2.91764282835817,6.62585875685802,3.90810209789341,7.66563645169889,4.54110692847219,7.60247585360258
2.12656256220764,7.84122923410438,2.94793694961445,7.03525461063752,4.05752670782241,9.55148128385587,4.65650350605423,7.80189270980948
-0.0360452801326598,16.0427581597739,2.91347912796861,12.994144915235,3.76919202038339,6.92581644686933,4.4361076393641,7.30327046190005
-17.4000609544017,47.8381981037396,-0.744550915899486,23.5809950545051,3.23359914070472,5.24375887550226,4.20252495672731,6.43952634989563
-1.34217404398583,17.0394338537296,2.969941002729,7.01118961851797,3.57330669772083,7.00377209054861,4.78724658760538,8.62141406042439
2.1893387105633,4.74540172138717,3.16415731394052,11.0504337241183,4.14974798356364,9.97590850641975,4.74892273674725,8.37915343150429
2.21175473212889,5.01260017334301,3.04440228172722,7.14297397394634,4.12947226636283,8.91969613240106,4.39576026476694,7.00578139591564
-16.7533177558112,46.8752152240041,3.04227957548047,9.41728837419113,3.61362383459877,6.3037348932798,3.80002128449567,5.56148195077446
0.276712588110193,13.5919024110543,2.93678169972819,8.55483322113601,3.78140862300922,6.65115884716124,4.87026046614401,9.32289238475639
0.82763882510551,13.5507432111905,2.76454311194789,11.4931818938315,3.99530977912165,7.75715694986422,3.86007759781958,5.64591273820465
2.23679577315428,7.73094379887972,2.97315793921949,6.57763522118443,4.13055956379232,9.29364299060473,3.57901089126359,5.04783466138483
-3.99503121799243,23.8602310001863,2.86988351164245,6.64121302314034,3.73724816332412,7.11076750030643,4.18621271689059,6.30457076877183
1.50223562143129,12.5142912090309,2.8861523305429,11.2676544269189,4.01273911052794,9.9160110932147,4.88929326869546,9.0084854213771
2.25116919165651,5.46891179722887,3.01060889235612,7.86676184120878,3.96036426457787,10.3717771169122,3.87846070729494,5.72750531482716
-4.56925535158806,27.9349696921623,3.02443774312046,6.8366153731469,4.07368345706996,10.8204358591639,4.57939942740795,7.388346403722
-4.44948101514228,27.2134019032407,2.95245600484955,9.00820209814951,NA,NA,4.67646244610905,8.01654203274883
-2.59083314336003,22.9947266241529,2.53848485374574,12.3338897238312,3.69971323711199,6.98671358284288,4.39220645659599,7.06922457962416
-0.103140810706887,13.9519559895899,3.21077985765624,10.7651928250998,3.84917256960793,15.2456778607518,4.41923332638952,7.35769655415803
2.0396756906647,8.92811228063454,1.19648751599206,18.5690313127587,3.38484217877021,5.93497284394954,3.95894766702108,5.98080013675174
-1.0803400864877,19.6316245317007,3.13179691723463,8.72613999705477,3.93861716739386,12.1289579694858,3.65554980563978,5.14036772680161
1.37790065540524,14.5736437803181,3.13156103508577,10.6341239727386,3.76487824151741,7.03720967562384,4.65847143521543,7.86902812307303
-1.35788765061623,20.0618460219649,2.77285527859164,8.40883857896047,3.98811750555574,9.53097771884649,4.03522463550044,6.04655702966084
2.08019342738355,4.83991734263342,2.74305182078265,4.84217685506664,3.71676850959343,6.88691295110541,4.45060059404816,7.31818015434025
-1.27504558090535,16.8802833034018,3.24666350049149,7.75761784077801,3.63085298875059,6.4677886224557,4.3749191575101,7.03176731270054
2.27115998489132,6.74604211729125,3.27638350878333,7.63217177321785,3.77554282191333,7.84346873469386,4.21266773296121,6.66662359435493
0.905226175861577,14.3572406603449,2.82254529023326,5.75789018687315,3.6990209422786,6.86776718846442,4.28388773196008,7.07761015790508
1.81814948405764,9.78555633894391,2.89534946356521,7.27235552672208,4.00886531300622,8.05209055428397,4.39411294719906,7.12834065512324
1.73172479850575,10.4886300993748,2.89723000375402,5.18261433146383,3.92262000375272,8.19613898336486,4.20418086324329,6.56500266372278
1.78989148319128,10.9442385019076,1.42104060254816,16.807119997736,4.09361112975703,13.1527468406555,4.69891730882152,8.31945415842608
1.95754906847462,3.42675207269051,1.17386717619206,18.9388963562468,3.43665592395789,5.85500062528928,3.86723728408078,5.5681375003166
1.8982878246691,8.10898728989418,3.06732221349781,7.12799763351183,3.90444077088959,7.85073117757898,4.46497331699,7.46031782740536
1.52275714133969,11.3811485511318,3.09455150974045,9.66319759471023,3.95501191014635,7.74440428172493,4.9065143781111,8.55862335936536
2.18232494616933,9.32268742231971,1.60989720811272,15.5148222047244,4.09276767033949,13.7799665798566,4.70008502049394,7.77523175456029
2.00205723967173,9.35889275357675,2.89753485397792,6.28965365346108,3.61851087709112,6.46814102029905,4.13059859273565,6.41738958197414
-1.15571469596713,17.3005228446024,3.1540902624668,7.27790993019458,3.83990164734717,8.40740982523232,4.65937484096756,8.26934248326055
2.22574101898064,8.42287807940419,3.03374049283341,8.84681624546939,3.53726446258247,6.44911899754444,4.03174511460991,5.95721204830125
0.542431982417771,17.1088481448992,2.8493707152429,5.78225434271812,3.66368878990161,7.23633432378478,4.83320497318707,8.53266987060932
1.76006068349456,9.38171259342115,2.628894742666,11.6594400358522,3.74731363673995,6.66053609870753,3.88902582781611,5.76455860006911
NA,NA,2.90271820496029,6.45220131521164,4.04501261772582,8.92945644165248,4.13403654996207,6.39781866470462
2.21748442649497,9.96315114338222,2.90380618264355,9.39898827352036,3.81502084429492,7.51890870295418,3.86719932896687,5.60796391086147
2.38608575419261,8.27725127602009,2.96164684667553,8.54386474539806,3.69958582719122,9.24374831468846,4.57178978583702,7.8060135189968
1.89256479362397,10.6532892790091,2.29983043363151,15.4063574995156,3.44582148052665,5.88594814584831,4.10228617973831,6.20742808438855
2.20277487908808,8.47375417879923,2.88233238508643,6.74421310036463,3.82665034468874,8.0152837813673,4.77784869762602,8.69834567877431
0.920675497775396,13.8798706949059,2.46307359856295,13.2071925927158,3.9832483966986,7.78747477255252,3.68858068429648,5.32806967460575
-2.1064567142835,21.207405915457,3.06176215053169,11.6050772180744,3.63931227172209,6.36936895137549,3.88024851680812,5.71435336588174
1.75730191583986,9.36207453289298,2.40153460124455,13.2408493214229,3.92143333471322,8.37959964159851,4.14439465463356,6.24057902283105
1.71539394431097,10.3175489748475,2.78419102118584,8.62583502847737,3.49111328675778,6.13200850501717,4.84337576722114,8.73171139843291
0.784354735224462,12.2702081231978,2.99261425011511,10.0443035822328,4.01410828338798,15.872147005397,4.90017147479464,9.29014843141475
1.77018642139774,8.9084526795694,1.27703873811573,16.4009124135267,3.37864701716608,5.71276089690547,4.14412523954275,6.43047026238526
2.53311773878791,7.65652101122929,2.83458898433711,10.3145862609668,3.53829463664471,6.19330372421526,4.44471355821738,7.21752256183833
2.40968031304548,7.65746996246424,2.60423898226668,4.44933080038022,3.65088044841203,6.68066338933899,4.33379029118906,6.80915150944272
-3.01761642893447,23.0973744981924,2.21152603899686,13.6829585825061,4.1044849639173,9.65973577556895,4.46976614865244,7.62068522284613
1.849947459228,8.28578133314934,3.17525516164339,8.88866313474987,3.18642540546367,4.93423770863841,4.27993609605648,6.57887815265104
2.19962580430154,8.51309316605461,2.96573840395918,6.02292549481173,3.61257946092103,6.46976766059577,4.21117446696792,6.71614559091482
-6.72770909576494,33.520860767839,NA,NA,4.0313181926943,9.15496212106786,4.48193641727436,7.17133928999638
1.10411704425946,12.3817588268563,2.99516325569705,5.75202774872502,3.48366851764888,6.03326584363769,3.94058643669166,5.85438505592121
2.18225249702944,9.32328297449841,3.25473546847468,7.07548503611086,4.02155966692058,10.088859896157,4.06773129744528,6.25884985241697
2.33748220346569,6.93110236040224,2.96859563068125,9.50858721656627,3.81985972633276,7.83423809994269,4.01028754020715,6.09929869860937
1.88591150333541,8.72702173753322,3.27394300902119,8.29313985886028,3.72864496311094,7.52653864495827,4.5504530683568,7.70678471713096
1.26425048615111,11.6906037154949,3.1789601216597,7.81081641346052,3.86574896316625,7.59370999012206,4.24436034524818,6.6135243905219
2.40855788417756,6.43143343028871,2.45169625763233,12.6580586259894,3.20424550677162,5.19101809176547,4.13121533677292,6.09364705146385
-13.2175730182077,41.4458582635868,2.9402957127525,5.35442592202507,3.4233663719349,5.91063340742784,4.23472715116364,6.49712629193882
1.74139474212898,9.08437146127204,3.10830439960854,7.9397172092796,3.42140295556844,5.63343376400863,3.66543108687483,5.28209396049172
2.0296676733016,9.80197998336851,3.23691882500116,8.28858015855881,3.10525807446885,4.82884816992562,4.40467096744585,7.37510524596515
0.222067983383774,16.0906371573257,3.16331745043336,6.43760577396693,3.96600544946409,7.68951142293573,4.48472700071611,7.6309270910772
-5.1781457225374,31.5590378483921,-0.603404890597908,22.3379323354754,3.86404614574381,7.75618055091548,4.79485316331873,8.67287315243988
NA,NA,2.97171567307656,12.1696153344468,3.69421174531171,6.67402337167638,4.4939377652049,7.23616957532212
2.37476126468109,7.03144994684999,2.84543028125617,7.94373632426204,3.97359660922185,11.1896068007355,4.12544699301557,6.19016781998828
2.19197177230502,9.05141963113305,3.01644747208012,6.54141725183191,3.73871985293499,6.899434443446,4.20984347182525,6.49732780300181
1.63644288503482,10.693508668589,2.84071822375182,9.11307390095255,3.73612312306973,8.29675373572818,4.33886195585155,6.98252489341184
-2.74933958009706,19.4655195465148,2.92781046353464,7.73581834518205,3.82572544262296,7.27021400286903,4.39599655962772,7.4064430057538
1.91637261143664,8.80052143923918,3.07569471662706,6.79498303753433,3.84311131886344,7.52607023075563,4.29708422213454,6.81067131072948
2.13959582363463,8.92635786539553,2.73353070757466,6.57282058705907,4.02210319091628,9.33129411086254,4.39980639754236,7.19293168940049
-7.50536668979459,32.4643405999079,3.00895031834225,7.03861049516799,3.71450493335922,7.15438428718875,4.04290044055702,6.08145095117509
1.49928770937839,10.6107434813562,3.21544003454488,8.76264295049738,3.99247386462918,8.33757558844801,4.25498911983481,6.55530273165706
2.35022025171271,7.02410490938346,2.75386220844987,13.9899520477941,3.78185970774028,7.43750049355029,4.09628057820859,6.4205406882577
1.21759505935049,12.4556156749083,0.968846511129344,17.5530408613276,3.31130907363051,5.94764635472351,4.64016885970439,7.9897465271313
-4.99156704075959,25.8489828698873,2.8076992046657,7.19847429769669,3.63626797757132,6.65486417821039,3.97735573827116,5.95865144911125
-0.0480456570505119,16.9199137386196,3.12644339409998,8.93177126317879,3.76707023184436,7.373797078786,4.0823151901006,6.16392499088398
2.18564153080964,5.22306506924577,0.612930327474594,19.9579210978732,3.55056994870819,6.35026317464832,3.98237681188051,5.84713158262804
1.1715272638349,10.7649320788607,2.73762797775395,11.6621897269877,4.17640236323184,10.8849785558264,4.56159237986029,7.52782098932986
2.04888248020686,9.92290686610137,-6.30110386152326,36.7076777809201,4.17317029405141,11.5410452051103,3.93862456640005,5.87899094011715
1.32839205038639,12.0148797861055,2.85246045410148,9.22555527295833,3.58585914801063,5.99141870738906,4.76768165354389,8.80131371293122
-0.105190048466372,15.7556303040691,2.93550587969182,6.83803877183993,3.91761956167193,8.26839869494525,3.79203116732466,5.4263474584779
2.28899396031899,7.58875739884115,3.13809461935749,10.7442746804704,4.05120136523441,9.27580958036943,4.66600220292132,8.03957422956512
2.59811221403659,8.74366496541139,3.29718474813049,8.73329589070982,4.0824981691275,8.54074621713096,4.51319762863941,7.30011993759022
1.47030381894014,11.5359904022317,2.94376308444871,6.48565347931755,4.05615627190515,9.00041924597016,4.26175285414836,6.81695641822766
NA,NA,2.76292053459572,11.9892012510812,3.91120393426369,8.43275607638837,4.49645028098574,7.31827225290829
2.08888011569501,9.86740433243315,2.01388447652617,15.708659055579,3.28224413692603,18.0924366541243,4.3101956837725,6.83791991188541
2.09437352137087,8.76315010424337,3.05443156965039,8.37304383854645,3.70742013156258,6.92238980673865,4.50752674208,7.68831571079967
-0.739756351658103,17.0859868238286,2.78098682101494,5.45562092991206,3.68964462872123,7.5781483709197,4.53987110719957,7.54498235685121
1.5995514672944,12.2146813899763,2.66621808896797,11.3327736023016,3.77963844729164,7.23016753874966,4.29650991365112,7.0318463020916
1.82425356513464,9.54321373892203,2.11181536888856,15.5362455043317,3.5647900185761,6.25245103288825,4.32827209717034,7.04421162943098
1.35319355187407,12.201530769249,2.82638100532158,5.6279827373354,3.77353850266042,7.16759275564541,4.40137798581945,6.99162961791675
1.13186126668146,13.3195969087805,2.92522632629144,6.81564836986004,3.86803502636324,7.69791267405777,4.69954117127913,8.40761692735346
2.24897646966003,5.71824127144537,2.9289561485815,6.19640297831015,4.07682906983579,8.79125494502166,4.25930788702824,6.83938634738598
1.97228275721578,9.85958062950001,2.07808940425129,13.3547585480423,3.1736571383762,4.92458218158951,3.97001570959163,5.96819612265269
2.08602701570054,8.1861094238106,2.64766185057064,9.87019512722146,3.88025882411183,8.7545284934116,4.4731738240586,7.46717449892735
1.88466609276783,9.20115027812728,2.91220419786593,9.44067751738807,3.77472303556882,8.12347923983705,4.63060444477632,7.79614985066546
-5.57208784480762,30.4203309924496,2.64248104303473,6.28354470055198,3.47254316400099,6.26954328752274,4.61314054086223,8.12417068854674
0.648134112994947,12.3755594604025,2.76261940000569,5.61293164199922,3.97355763297251,8.54732736043942,4.15633304191747,6.53757678783553
1.68434061913146,10.7758316734996,2.93542784982428,8.84287246499047,4.03660553977429,8.36558349733252,3.99201027264438,6.17654346286506
2.41686108303117,6.73334472839517,3.08871489517305,10.4612444987545,3.5202943360228,6.86363166116576,4.1243609403883,6.23785837305979
0.719772055916728,15.087305114572,2.94344740309533,6.11207558809831,3.83804016773747,7.1083900001327,4.09560636676292,6.37792895928508
2.21295643742415,7.97303884384297,3.07198379212773,7.38101366420341,4.15751914117762,9.25088137215909,4.62314413046509,8.02020302393416
NA,NA,2.84888747559857,5.93477341620097,3.96861865447059,8.59199144949603,4.62673406566609,7.58669634297934
-1.02962398273604,19.884273073921,3.16632304118885,7.79457580233441,3.45658196142003,5.93512510132875,4.97057262437511,9.59665004360394
-3224.37279210521,2945.90191441151,2.81315837666962,5.16880133828422,3.77734402291606,7.74370621302241,4.87523738012206,9.38246079431805
1.93028073725398,5.37187153184994,2.65120681478638,5.14343697559098,4.15262611101833,10.4132022256387,4.0625030048458,6.32683871332961
-7.15302697361351,31.9723417133471,2.93432991655602,7.10729895522857,3.9825145104658,10.94004688037,4.20047132870874,6.60155425268529
-0.630069836882773,15.5884837679932,3.10075709860318,7.51853108092787,4.08692054214954,9.99397712039033,4.43041393191292,7.37674612057158
2.18714381124183,5.09830803869085,2.86442551409355,5.75639236378171,3.9889943664939,8.87477317854857,4.21758111546133,6.78944446790447
1.11651692412651,12.0264042421969,2.85450131513427,7.32840156371444,3.77565027098929,8.10003975280259,4.32488596311935,6.76199991942816
-6.51565552481318,30.7305410335691,NA,NA,3.69903947748312,6.54567664833426,4.82430018799102,8.45495977981036
2.25733855805056,5.26292793176805,3.01699785899969,9.28266599693213,4.04483074756575,10.7123288376797,4.82829586123218,8.62139425413124
-2.77292768791483,23.4732394584718,2.8259236128848,14.087307899169,3.46136494558388,6.55544968111809,4.28726353192113,6.51989023255179
-1.01285855909742,18.8333098732106,2.74890238561248,9.50866728830623,3.59803997996447,6.58122106809851,4.75549922982854,8.2921373897736
2.29941742047625,5.99921292886877,2.90840115743506,7.27523248024364,3.76296711991246,7.00081371429537,4.78252592667212,8.35791841410913
-1.25262498433011,18.3680891624117,2.81117785265529,11.6226139439332,4.15962099019497,11.4152707720515,4.51565516875034,7.42082126575307
1.18809160725212,11.1945855840117,2.91549064469565,6.14457487331561,3.67990592618214,7.02284616399456,4.15722985668785,6.38054029472923
NA,NA,2.7988338107616,5.29387865566676,3.67677248000405,6.47362576096043,4.49322197573668,7.59359560513645
-2.72191962213042,22.2537355487954,3.13605244759717,9.51229008007775,3.97085768239963,8.31021926433173,5.0516366898636,9.12861070608692
2.50970350181092,8.12475141107399,2.71910260824482,5.74513895427945,3.79711263682431,8.77012866954475,4.68430522612443,7.91307955266915
2.23059372597235,7.53268087561535,3.2045871874547,7.4036195675775,3.89981661144837,8.91770003075455,4.70135282782647,8.29032389577121
2.3603758221022,6.44264484499943,3.14231110565472,9.32326016088686,3.86127948415692,8.89577444186553,4.07197955965403,6.20769075217525
2.20583152068484,6.98963591119064,2.79042341774935,10.4247669548531,4.08173135809557,8.70577918265133,4.02791712525497,5.92592460839194
2.36427959445684,6.53136526087254,2.85186083622681,11.8468534849566,4.09886452135957,8.56983427698377,4.17473537186202,6.37272657778771
2.26509491016785,6.83753620398682,2.9355318374733,9.88074471182922,3.81488594746843,7.24406124910072,4.24360137759436,6.84688038060225
-81.9855593398054,138.136875698909,2.81893868581592,5.35984849340207,3.63785093749895,6.82060616691287,4.30109186132266,7.08144025907415
2.3415922103328,5.77381637026771,2.78212204986723,5.53148631525863,3.52455654895834,6.13500505952053,4.44898378597844,7.25970966871721
-27.8177270042896,64.7057673933168,-8.13021889091413,39.0205639621174,3.95860053736985,7.51108279028017,4.38240802625161,7.19239046175432
2.3438284122911,8.10181567883004,3.11457011275651,7.66329431079027,4.0140530289832,7.97048552973404,3.95086204012677,5.88660365429335
1.94063745330096,8.56875586630185,2.96848367055083,7.82019629845068,3.60572917956523,6.62791792010539,4.41600246253338,7.33040541675117
0.80277288795159,12.995280103302,3.17249227705717,9.58934818232636,3.53005099969849,6.1605538361092,4.79366667144453,8.46732467421365
2.46490465599454,8.34505049918658,3.0345919067339,8.9285783815792,3.37832042571738,5.50682448364418,4.29506935423889,7.03317988804068
1.2720992080403,12.1761291519277,2.93232517769102,7.28177502291388,3.75405818761142,7.34939331934709,4.29307109293327,6.84760246208921
1.8680507424505,7.82360067615808,2.23924348593954,11.2072609327736,3.89712621769114,7.782476039058,4.10282606682807,6.36243003714619
0.67737029720523,14.0034258803808,3.00497691569225,7.80020386395243,4.02657084823337,9.22358248143523,4.61066931814724,7.86707078030188
1.62574234094573,9.93236642491196,2.99097273896139,8.26272720313471,3.90446587933009,7.70293702451056,4.60652741241322,7.91607437616203
2.21136631297503,6.12612189869058,3.0593667066075,9.16089512201537,4.10520838530562,10.3251355870279,3.79807303337454,5.70596210399791
1.68694368417371,12.185942092484,3.05131825138855,6.99100348686745,3.64586570487659,6.8195221947706,4.22389417661678,6.48249517697746
2.32329728090678,5.76721013988439,NA,NA,3.68173148376553,6.9082896071515,4.70463014127993,8.00699855175973
2.36342372658183,8.26914935147948,2.99962066749954,8.627836573114,3.88980335308064,9.19942736254125,4.00355706429742,6.04516296665441
2.22208950012046,7.68970927024183,3.07682386181059,8.66381271974383,4.124579119939,10.3834482397783,4.59050836512802,7.92360111047287
-25.1500171227068,58.3019215053655,2.71520447551928,11.424480063789,3.7825154115181,7.48117689739802,4.50923430624059,7.67352448647956
-4.88784412138044,27.3701562130407,2.85033719446478,5.8837916724689,3.5620682622166,6.1027621262822,3.86207845806323,5.64854126836932
2.03234289182043,10.1341178460626,3.00581139321929,11.412846576416,3.89746500377226,7.70126717327011,4.83638836819961,8.16384655276012
2.19737418645796,6.91209517817191,2.58570087169224,13.7863758529019,3.8524464536004,7.93921083263736,4.66741824737426,8.28382836146396
1.00546762930017,13.0583702272782,2.50488268933717,13.255988830321,3.840867328982,8.02814970137378,4.30985418011585,6.5863902978421
1.47730438942705,10.7566228459692,3.37909831571424,8.87495698563927,3.66227039502937,7.95429233200411,4.82854196938878,8.33488701125981
0.807129953298877,15.3919135293358,2.94409108279098,5.77765507915718,3.305270824798,5.49460683080784,4.73757091441367,8.41162150025335
1.4610553196456,11.0582491013321,3.00724691915761,6.88878179936835,3.75190384113764,7.78101091396978,4.29924419783092,6.65777023824278
1.67338805651555,11.8403566020873,2.83175809193781,8.9926455630093,4.01711193342146,9.13217108470112,3.55422351123205,4.90445678986196
1.96586040540577,10.8922277066435,2.47156701149174,10.9374515705001,3.64042567124407,7.67313096517668,4.42462478292868,7.07085106018871
0.949812053665212,11.6880211712199,3.07866718421849,7.47391006652136,3.76765916331686,7.10930067370163,5.05074844105236,10.0205630807664
2.31229922251848,6.23319815532967,2.99772020702092,6.7591328414917,3.45106178517157,5.71913848846523,4.36730186252049,7.34588606355199
0.0892120863707202,16.9648422081138,-2.09899252048672,25.5048509671386,3.58082868139632,6.07500996268363,4.18195969280823,6.45596478475986
-2.76712385792245,22.3026461395135,3.14172102954933,7.39556575839165,3.917253113207,7.43779128033836,4.39746609903992,7.21375151940624
1.12823184081061,13.0080324642214,2.66682705412672,4.83540752332312,3.89354847203968,8.28419513184047,4.18258428316001,6.591948462281
2.04815547230435,6.09316635380793,3.13996122566434,9.53805593037323,3.91523129835203,8.33889753561884,4.46489500491712,7.1138220470086
2.42277257777537,5.73365448443852,1.17808711628581,17.1029728027937,3.70598890966235,6.69671097291823,4.19647647922622,6.43252704976367
2.36005788859396,4.60848460629091,2.94659011888982,7.549186321455,3.21517999226426,5.16466522365567,4.10321513327881,6.21868453935365
2.12401655150836,9.3619100822704,2.93390482590464,10.1578905736642,4.11073775458485,8.87379782523745,4.51431066054976,7.44956977808975
NA,NA,3.11166480227795,7.39897199522266,3.51862869223391,6.37548134449876,4.70075011148415,7.97035196379098
-2.33978332002781,21.2247583551159,2.96817716345546,9.92256345730399,3.83409929561095,7.58796814008957,4.23183532708009,6.6484790379708
NA,NA,2.91987636426108,7.97986270602465,4.18988872112368,10.3247429661285,4.80836893431914,8.54804806226053
2.19108296890105,8.40615190782703,3.0806803208046,11.1415163973881,4.17526154326525,9.82106376752342,4.49207933060543,7.39892572651421
1.87994464845446,6.76769585191352,3.18276704965421,10.3421888510335,4.11295795445865,14.321493396746,4.05889644611519,6.09520984899812
1.06378261385695,12.6628440177121,2.93050270371205,8.70016064605105,3.33752009133608,5.37471387131973,4.13609637945611,6.3618495678466
1.84582768288543,9.67943240764569,2.9522495258977,11.148962053491,3.54727548718472,6.46173076695898,3.78416821648499,5.44880836721013
2.11606887810195,6.10758592735334,2.87542104405744,5.92786858666141,3.62462825465393,6.95009007301973,4.10652806449512,6.22165869019578
2.35889663939689,7.8024296765731,2.4712005954854,13.1546194676547,3.89534928534404,8.9853287289306,3.9578586736649,5.79731296597743
2.13769171886725,7.75071936104515,3.04197538422685,7.80003293292616,3.79520605345206,7.74253103692979,4.01014479694304,6.11588178444949
2.35115811968879,8.49792648575808,-0.233077540781128,23.1524470781087,3.88556793352213,7.24272643131178,4.03505977183798,6.03504363963791
2.25170462200577,8.91936039415026,2.90217129944609,6.01210194823794,3.77945957687422,7.22416642874169,4.13170986638031,6.42921045496253
-26.1563142436758,66.6788691237485,2.89683681267945,7.22087488653119,3.53653718776834,6.18317426744708,4.55692073557334,7.36446528757615
-0.301827541832798,17.4587452235764,2.95328382673875,9.63331074462802,3.37623791647522,6.12779999274595,4.55724629726708,7.36446832808527
1.62331820987054,10.9706989515607,2.99584226100884,5.83875803434847,3.51584231007821,6.35464080388066,4.20002285643055,6.41952051170776
1.84178273737494,11.7768040757211,2.67420917942137,13.1466712958417,3.77315707965159,7.49023357473989,4.37229549799361,6.76777409782588
0.725398395805815,15.0835173333824,2.9768299364507,6.65502866346091,3.70622826531891,6.72203384428214,3.78448375267349,5.45263701287497
2.38376640031564,5.74316104326156,2.96522110298354,6.79650883483513,3.46733472717081,5.62066855821863,4.35839887962842,6.85496498686818
2.15010236344611,6.93896604811075,2.77901465862662,9.35226901098951,3.62509913800289,7.13854573942032,4.57816699569088,7.91405047768791
1.83219736346918,10.5500413463641,2.99819143022223,8.85247119877436,4.21353162902795,10.0311359084705,4.1531907319331,6.4870846057773
2.32185816826976,5.60562965639904,3.01684514654258,9.01832498927973,3.67357589312677,6.66451427067584,4.57925573097388,7.16566932150071
0.892088939434072,12.4086320209493,2.88753589556832,6.49603791442646,4.17012564011482,12.459467588422,4.42600915089265,6.95872164353834
1.58036234936061,11.5563288601673,1.44059560557967,17.4665982211996,3.62063408853946,6.70419512843054,4.4406708175943,7.10527744766731
2.11939587052232,6.09361124172102,2.55134251404308,11.5995753462151,3.72145669383031,6.93434066608244,4.41181402841876,7.21046478907848
-0.132122998940129,15.7209815785036,3.01631449698979,10.5986352293321,3.57926899201715,6.44170063085727,4.61195843898489,7.6574697983827
2.17027108681149,8.78235222344567,3.0452858780907,10.0737389856454,3.30564256452852,5.38942398556663,4.14342040613372,6.60625981818182
2.17868139704413,7.20437315628914,2.86024515595832,8.22341174601328,4.00951920566503,8.59857257015434,4.41343301886241,7.26954342683884
0.934272835319977,14.8005901683922,3.04890154140284,7.38083609419726,4.01542931884122,9.23758948302109,4.59699833035219,7.70876331717363
2.00571223833413,7.94870490831632,2.90355533456098,7.6105126548908,2.81915566725036,20.2444467581473,4.03913188137304,6.11310221281197
0.720013655885714,11.9036803035206,3.01223406461919,10.8889087843432,3.7280022483342,8.24810523453227,3.8427188719296,5.6893695807797
1.36435955095809,11.5559459258452,2.94176245083625,10.6914484424648,3.58954062425222,6.25054283205502,4.21550276227427,6.6409856606935
2.51353510567872,6.72901069704859,1.63812893999164,15.6283737970134,3.74921259532396,7.22903642603117,4.42074928230047,7.34697553855906
2.16881613993268,6.12185456447118,3.17219475526764,10.2194055363585,4.02027240555672,9.34085420164888,4.17323977716817,6.56817417983149
NA,NA,3.10846601576294,6.49498797118397,3.95905691664643,8.64279273223816,4.49035137905362,7.26404809244654
2.11803587131576,6.08290921084261,NA,NA,3.9255703364993,7.83243827050007,4.17064654550733,6.48912235437545
2.36393672928244,6.88820973499805,-2.64078974787282,29.7204881193841,4.11765846828467,8.21925689169572,3.80555615013908,5.62797851474789
2.04113842443478,9.04043806420444,2.56727670694804,4.95638250004988,3.8382786684314,8.82014561406155,4.16820674824355,6.64504618755694
1.33198533158222,14.7416429078164,3.17086395328824,7.68545050506885,3.15980831746722,5.18457125294458,4.36650221866166,7.13821420431131
NA,NA,1.73801178070384,16.4001168750163,4.11841270429822,10.2538579409454,4.05043557491587,6.36873071011324
1.96545854438127,11.6131670403409,2.88423638633567,5.15244212166454,3.92846805528882,9.02902309663168,4.06569471573833,6.02610268582312
2.20608798526775,6.20179632246284,2.91817761949051,5.20036455866611,3.79852043183139,7.59507504797132,4.78155354761124,8.38300020651384
2.1438250123617,7.80991945721021,2.79091267220057,5.49223372550328,3.54746090060906,6.03364767368894,3.70786475754164,5.39899818527209
1.96072432016231,4.65611665544479,2.73912898957429,5.76894380035866,3.91348872301372,7.80558840771498,4.28689066887061,6.52912226099405
2.24072192467664,8.40354216505091,2.79445116707811,8.2477268775397,3.62725819597601,6.86996767068628,4.23107985720459,6.87686197464684
2.11875472428296,8.95572743670761,3.10693026390394,9.0704889949585,3.95580578578037,7.88590345885013,4.05672348982199,6.16344752540999
2.09411286720231,9.92224538473125,3.14545230117223,7.58098390611287,3.86111558831596,10.2751342380126,4.18308029683229,6.77024342844818
2.41013210936434,7.0785680274618,1.44687550988155,17.7946950062045,3.29197495202328,5.6188181229857,3.93700687859573,5.91017248885207
1.61823460477368,10.5540198118787,2.86004416684493,5.80089788930802,3.80984838170061,7.04907532041875,4.01666351272214,6.07019351354666
1.4191190385496,10.032900643689,2.99330586646771,8.92603577614417,4.08206963627049,10.7649199225442,4.9160536591959,9.24512050317679
1.80095775136857,10.0041491631433,2.55584300956134,13.1116393347687,3.98173822956573,8.82737703095454,5.0995683729066,9.27825959670975
1.68410803089624,10.4719920872936,2.75959281677337,7.68577029529786,3.35363980285394,5.85169506568493,4.29651173052918,7.13230530298351
NA,NA,2.90770858083757,7.14895780910422,3.59679213719925,6.78891969253259,4.89783264095995,8.67309845478246
NA,NA,3.00346311475578,11.9280819801567,4.09475044682723,11.7627924699107,4.91806145441164,8.60604150131113
-0.243131346833485,17.9611960635163,3.07150867746429,6.59274494830052,3.64293355847419,6.81390752422048,4.74399722297226,8.35805725357748
2.20592010430487,8.10830420576703,2.69221451245723,10.0984894317277,4.08397504926416,11.2918926394688,5.12278885086772,9.71740193728077
1.50377856546991,13.2617938891165,3.21766750228309,6.94791543352322,4.01101007341159,7.73910573995455,3.90717038642809,5.79102222205555
1.21757800291224,15.7027123773962,2.76485018904788,11.6321466790972,3.62973922405604,6.64992326801272,4.29335552849903,6.71769706855795
2.20477433052847,6.43973610177555,2.91758752843824,9.64656613844329,4.06942554895387,8.85018963003681,4.09607505272795,6.40556519799852
1.28646333956731,12.7364115865028,2.88395037558225,6.80640865746273,3.5008160315039,6.38384920600488,4.37115850827939,7.12118354278
2.07214968158551,9.4216210684488,3.09403447340067,7.16678334304625,3.3081026767461,5.7328605882376,4.52777680151019,7.63739321682113
2.17433401939687,8.60000923169884,-1.46591675231487,25.0944702930518,3.56281188219466,6.69479505982172,4.17518704743698,6.43021875080237
-243.824305244937,325.9470772101,3.16406739669321,8.32324515476387,3.73012922917865,6.97858334614006,4.24040691377484,6.58880779116017
2.11060925903956,4.25286468144222,3.13175648493648,8.31340208087282,3.89122087341107,7.46770194416986,4.54658382317771,7.93761400482823
0.457998525562857,14.849027905863,3.12578326441575,9.74182043190192,3.40022823595745,5.88131662741901,4.46261191109156,7.48815167709939
2.16076106118167,5.37522765365229,2.98195813296068,6.82568588809325,3.27298175106558,5.27093740854745,3.9173379762992,5.74395780302941
0.695616944238885,11.6492736640258,2.93145089064592,10.829528030526,3.42007555070857,5.74234925805277,4.20015570144204,6.57553055361081
2.11042153406839,7.35343375579562,1.79419859216458,13.5264566839858,3.74610974408248,8.25100399895309,4.30135629149213,6.6878351123118
2.2726907802881,8.73009494084554,3.14422302465682,8.95519913308302,3.8983560262039,7.74843477062734,4.12530973803388,6.25554011756522
-2.04526710483282,23.8628081046156,NA,NA,3.50286085722134,6.35818992763005,4.17272117390642,6.4040676624449
2.03210080935085,8.25641729021223,-1.42618238804227,26.6157374375406,3.68868955736462,6.67466985147537,4.40004450090439,7.17986223002982
-2.08506047503369,22.0075670672727,2.8074767339518,9.50057632260208,3.84320968708099,9.96085128648393,4.02060627437414,6.1668167740399
-2.96784494103944,22.5869597132858,3.05436558551489,7.4076896083455,3.57814549955973,6.51315960845135,4.80689789358214,8.87461377330949
0.372831954913265,13.6506190482632,2.87904373579609,9.70615805834596,3.29547140285692,5.52563488620988,4.62829461945765,7.99836711951966
1.36709793342789,13.5733678924894,3.00205729229806,5.76188836967582,3.74266893243093,9.22589549222181,4.37261846196062,6.82191073496494
1.74943239172169,9.44864957895641,3.35972395695862,8.10721797826451,3.71014590278121,6.97569592034125,4.17267258117219,6.33580713748975
1.90343233122257,7.55744454873864,3.08622588384778,8.75618165807062,4.46609135396481,9.40282055356924,4.36115714326093,7.10114489810645
NA,NA,3.18477394520181,7.80429591928624,3.87343087244181,7.95979437143389,4.49571820606335,7.30352509318932
-5.72101902267501,27.9764161050298,2.93749778410632,6.09511169841445,3.85093500305504,7.44066304685396,4.40510457845531,7.07510097124713
2.1656966541798,7.85292854472545,3.08541187521788,7.23202777503491,4.02355398743063,11.5780808471695,4.26345810599655,6.6694603616304
2.24965887102714,6.89883230079986,2.8367724093266,10.4295323369143,3.8044446735765,12.6947676642301,4.80367617607437,8.69795873580073
0.224466634453067,18.5436826216055,3.06286071199394,8.62381547224593,3.99988014197286,10.8308493130998,4.00572946612762,6.10679986632958
0.596279503299947,12.931210885235,2.93386667483321,10.2885916065273,3.37781656377873,5.52953427399957,4.02774403404159,6.07616203856864
2.21664697549346,6.9228900412149,2.92279948063705,6.07103542958942,3.63036499622935,6.2695103950177,4.55256493552211,7.80344919767081
1.07430084467126,13.9145915090734,2.50537794573519,11.84614519826,3.43555590190055,5.3946007029457,4.35329513784191,7.22834478525154
-1.81568792673683,20.0786042328016,3.17634804687123,7.85249004109846,3.26417247793208,5.31642547229383,4.4633220995562,7.44043670270707
-1.52552878420341,20.5938872932565,2.8646534800844,10.2329786559607,4.10700030062842,10.1839067768536,3.85840582788233,5.57566917337061
-139.168934198873,208.523579956483,2.67398912915663,5.59457035582927,3.84931214141426,7.80743031944843,5.11860630099842,10.0256320003333
-12.1470596986927,37.8332060099766,2.53180112345524,11.8432211269365,3.67875577688353,6.57384384565454,4.0715129056579,6.13161212471759
1.39196619334634,10.7615699805404,3.03250317960002,10.1833910284752,3.90296131736005,8.8047867125411,4.22225549192328,6.62347863875884
1.76088225844047,8.19880074924061,2.89494785319033,9.64101566983134,3.53471942778233,6.88062240067813,4.19231034519661,6.56444238863401
1.60164979756656,9.97466911585896,2.72221594139264,11.3291795038952,3.50482424646161,6.35577675321371,4.02916702363199,6.19424466161609
2.25695692907648,7.18590037218661,3.02643759705104,6.60626341812401,3.83665658405818,7.34919044907689,4.2154908883943,6.78399071400692
-1.50746176399584,20.7675834774202,2.82004816066866,10.4054666158628,4.00608083772986,10.0353970863468,4.89571502628303,8.62715121874832
2.07979324632549,9.87482813248777,3.39438641210474,8.24822282987582,3.94144417399843,8.27410524864553,4.33100347099192,6.8803001028871
2.31676693237091,5.50003996228233,2.93171401363486,7.50052145624195,4.266359261993,12.8560116571796,4.71044294340632,7.65425356058214
1.78516111647495,10.1075748474223,2.58505614002993,11.4417198591161,3.97334448689602,10.6500045194048,4.25910854124533,6.86983061899035
2.32793109852702,6.52060411200262,2.98219556601758,6.94238574911733,3.61066207181141,7.13123288847056,4.17847958466377,6.5257936750077
1.59161159698169,13.3082308964747,3.06041421967912,8.6803455358763,3.94634752974546,8.8662372784881,4.08839617839201,6.16968647012945
1.92211256904434,11.4441146212487,3.02235626072694,6.74526615078621,3.73174040286734,7.33224380900469,4.49643674464007,7.38892218577951
1.02791467784165,13.5754570978842,NA,NA,3.90657319890867,7.74299351403668,4.14306123224206,6.23180361253273
2.27145130546843,6.85519233243448,2.9271542743598,10.813533072832,3.8977478908105,7.47812902912261,4.62425249915709,8.43046114647988
2.1875462620337,9.11818594038881,2.69074194563343,5.79021447330795,4.11499915523789,9.37196469938062,3.92476602543983,5.79841810347296
1.92575146766673,7.70517339348172,1.91146618649456,13.0549600181165,3.66445032062398,6.84630646777868,3.90632418449864,5.74076384488322
1.88666497265157,8.29827499843667,2.90286312855724,8.49544403628074,3.83020403027664,8.21706412371507,4.69662310465187,7.99517466063939
2.16792425009733,7.29126731169034,3.14283595399493,10.2007607064735,3.59755575111822,7.21633408891507,4.28900494150278,6.75330768272111
1.23880521988181,11.9345353642166,2.89280029947898,6.14455120810245,3.79939339084561,7.2649189740295,4.17647448153217,6.53946694136215
2.16585226284172,7.72604454679401,3.09223221277589,7.32493608949168,3.63266038539571,7.28187484198979,4.62213507887001,7.86015264015693
2.09657552777229,7.15884674768865,3.12964951687953,8.94791540274634,3.60976277650705,6.45241971221541,4.30491269812902,6.93057199565024
2.16183420998811,8.99233145243924,3.3085424454575,10.5697137969413,3.80572555605208,7.8757436858932,4.32087072716521,6.70179099550856
2.10831642946248,8.33762589223622,2.8965099996675,5.72562760072074,4.36123385812497,10.8289135560345,4.60839602895127,7.44295346918261
1.93968007054929,10.7445771746909,2.3081161033225,14.4377326880861,3.62742362404893,6.39121322744461,3.69813042794686,5.31730694030498
2.3199141634023,6.16122531391802,3.20426119908109,7.54761629394146,3.74456510169693,7.02682822863059,4.04401540925005,6.00387453872509
2.27984469786451,5.06138430855559,2.67146450633499,4.79334913025445,3.59638626818782,15.0160788602351,4.34691862595062,7.07174132554285
2.09458340280502,11.432470779163,3.04501270819944,12.4322072695347,3.49368677701857,6.23809322485442,4.75892255933351,8.35946266662848
-26.6004609387583,63.342491894756,3.02373330593211,8.88838306130883,3.61977097377267,7.13751825237993,4.43920723568839,7.3416397361186
0.388566246974696,14.5634664075695,3.0668261949994,6.1431252048329,4.12523447121539,9.40479505949372,3.77351375922258,5.54115774660524
1.4008566609423,12.9978769694591,3.18042757444452,8.31554574589856,3.41665676301718,6.15388399806164,4.98734147508643,9.71263849543075
-0.118595782325743,17.9848364700084,1.330231440705,16.3004979995396,3.60046024223655,6.44786610104139,4.79640004501412,8.28040725753256
0.366597940197678,14.5936449759917,2.82036427664636,5.54040339681721,4.04211606588364,9.04198188425316,4.42490185663682,7.10140203893827
1.79562416607548,7.38905653240878,2.77191453508608,12.2736431594414,3.46659530224189,5.92525794975778,4.18572748014991,6.52489164610782
0.936040478797012,12.7361806201052,2.96342517926524,6.29635480311117,3.8697754183942,7.88420889323776,4.26699732161672,6.57056136086075
2.11083914046511,7.28917809131599,2.89744768592596,6.36242689274445,4.17128183649394,9.70656059317873,4.18440473581714,6.60590049729987
2.21199174598473,9.05761381699264,1.66128577492557,16.9089612233885,3.76881809334724,7.06094828053953,4.20745660144509,6.55846044996583
2.04697846118418,7.50040618438302,2.72995307484192,5.63325622259759,4.05819877058968,10.791202313542,4.12209220952679,6.55455007415282
2.15915984591392,4.54187906467881,3.22187950168163,9.57872092264733,3.77815085734574,6.98824024280664,4.44693678325711,7.15048405210557
1.77854651058682,11.4747115119436,2.89352729765311,6.11138998751819,3.91960396761237,8.07707933719174,4.6237571290448,7.65979168764359
-1.38532173964997,19.5485185194978,2.66109841654598,11.7187999871708,3.74680815462445,6.904370638235,4.11631367872912,6.3175319599942
2.16399654317601,4.93032445755615,3.14071178479753,8.82351948621997,3.29836157513751,5.36023462094765,4.91787448669577,9.65752902135155
1.41082157728649,13.3610487331373,2.86125332280772,5.08509708296232,3.88658295192899,8.14327782720285,4.29495760989843,6.87508399056382
2.27338795830052,7.55878233909942,2.53156970658957,4.57425416807494,3.621961802659,6.34816101243922,4.09994398072845,6.35770964034531
0.716281687688717,12.6383866629289,2.74192415770838,11.2315493025942,3.42663455648349,5.61421952282051,4.12042872932176,6.27014027691956
1.8067004325187,8.68854674969126,2.97758590244374,6.26172294112087,3.44120541552335,5.67378944401272,4.70042835469529,7.98927822859208
2.00108699798494,9.86255050950072,2.2853808498068,12.616745682659,3.66165240531533,6.80753955324593,4.60426979253694,7.73483909542913
0.758438174554306,12.3218633249783,3.1763205985884,8.29734311343849,3.45557639236447,6.10370843297249,4.39157381192834,7.27988098220871
-1.0800850790967,18.8096032494159,2.93441725908749,6.24398285510681,3.88376002046356,7.46999892376608,4.1252781923933,6.47270207476286
2.20192492313685,8.16927016200606,3.30943816233875,8.77626146977044,4.16432376473818,9.59484805632004,3.9107385808339,5.73427202583994
0.213628836966823,16.8807652767848,3.01059645040885,6.52699514424118,4.10037464695276,8.29811180799495,3.94674775773039,5.94943275245108
2.1080844534593,6.52488433472292,2.77892510016278,5.35998071809843,3.70543806217153,7.16580588632819,4.64443302694595,8.1216204068297
NA,NA,2.8354092151998,7.34033538311256,4.15371146416422,8.33676831909639,4.61517843461611,8.06309750093192
-12.9215771658477,41.4840555675519,2.99257185549547,6.80150719477081,3.83370520835895,7.53731109283658,4.17521085464283,6.45017447490243
NA,NA,2.97502049761476,13.6941746123058,3.4467624975801,5.78804715702184,4.41794435102272,7.25321145671325
-15.2450523256886,48.6539170894524,3.05621701729626,10.4930386499273,3.75704449578158,6.68905814784122,3.90995276234196,5.91574067002697
2.04588386191867,9.90341460592718,2.86447888258487,6.73431770210865,3.25961993801124,5.96815687058966,4.23330529733138,7.01171330729121
1.85555001387509,10.819593986331,2.99967804813639,6.28806886239522,3.42148353312021,5.79239032372827,4.62267315166698,7.57411028748725
1.64597278732731,8.71730912867786,2.94145523870991,5.43052129243335,4.08815114168045,9.92243805193453,4.93404998609871,8.84158006477077
1.78726090972395,9.42421865796015,2.92253093123294,7.0681199549132,3.81731234667319,7.38083152769609,4.31273420393791,6.84827873487557
-2.75327599241145,24.3033210934456,3.22490202181327,8.2608554088409,3.34070353972491,5.69608107769759,4.56618747351124,7.55510282582304
-14.7932626949853,48.3979283146153,2.73844480478965,13.7232316221898,4.06831840239814,9.019697294412,4.60256166495673,7.78548361389421
-3.771514918097,21.347356872673,3.20642571042352,7.88052873729795,3.999003653525,8.93744609618246,4.64391811833347,7.72018342445778
NA,NA,3.1156644860041,8.06110811202781,3.98425332535274,8.63706040915415,4.52930707667046,7.67683702069187
1.97972525980301,5.16529838763169,2.92005821885078,8.41035029853452,3.74975320933788,7.9217088226261,4.20458876014112,6.44145241968924
0.329720991562752,15.8899302556658,3.09724371354523,6.98694871951166,4.02183430483675,9.96360661881569,4.1308217384222,6.41878383314077
1.66651086469193,11.2693189808589,3.13220329306076,7.67944982118317,3.68890462669258,6.89976476362365,4.0590726452362,6.34867788768771
2.15370888764713,4.17109585414221,2.78131998430008,11.8572932017369,3.8353990643541,7.33483064961293,4.40560891042897,7.2692218895107
1.33079243417105,13.2914553061906,2.78283512783114,4.87636961530454,3.6249393571413,6.15035520307772,4.60097866062761,7.45830414158676
2.3208079948278,5.68582513871107,3.00032182456868,6.23562873636613,3.15138555599779,4.8528421735423,3.6798767518766,5.33879296997044
0.781468780809434,13.6396258216507,2.15005746482216,13.3787026894818,3.79103978638801,8.04142119913768,4.21642138766226,6.55998929703585
2.01301891470217,10.4427307795752,2.18974073290806,14.0569801672505,3.81088211373175,8.64715676616176,4.71491425276597,8.25869232057798
2.27901256968363,5.67881798511796,2.9618511886003,6.24021058598855,3.31239976004681,5.73073352525755,5.23019420223589,10.6862874842158
-2.72306152017693,23.1501887734467,2.97500548832301,6.94449348578559,3.4213881371581,6.2610232745178,4.07194885875591,6.27345492414658
-3.25542811248995,24.0489844471496,3.27174065227556,7.52151657996826,3.8148989413522,6.74637913539464,4.39152641807258,7.008406684171
0.95262359631502,12.7509101522502,3.12989649115652,9.46125380268351,3.5862104452121,6.29792423351651,4.72868335606868,8.47004836623185
2.23749281208398,5.78370817327261,2.8424937524505,6.90335529407595,3.9787060907091,8.50945792931263,4.62591939582673,8.35208500615366
1.47683385219,10.1192769023048,3.28745901304959,7.43898820232694,4.16543066864005,9.99160079964546,4.38796302439175,7.30568003049961
-0.102533057278801,15.4469674444554,2.84162290514791,9.13520021898448,4.15310202323382,9.95416283790462,3.87144085581622,5.74568390006977
-8.02050190428581,31.8200941920633,2.8472586233412,9.68979135578265,4.15855036962216,8.88374711285314,4.20468586785111,6.52539767991011
0.61533899608738,15.475597746944,3.07860819185249,8.05272752451611,3.75443422513677,8.14542753665537,4.01137250019468,6.06532260834687
1.60964903277348,11.9484234944217,3.20806487689317,10.6894501943644,3.56506290058823,6.29369588591745,4.18225308042578,6.65291396273893
NA,NA,3.07442257083215,7.28220576707025,3.84890099559499,7.19109200440736,5.03618911466198,9.75904625944511
-11.8626155326205,41.0929760980404,2.98732121636371,9.30864239947317,3.86990414796741,12.9031796495624,4.5090351856857,7.43787601226163
2.09760254066048,8.74275068851666,3.0088081069763,7.60044201967175,3.72845147433999,7.35202366692468,4.46705024530823,7.2833814390106
1.40450493284152,10.3807972369563,3.00120747182881,10.5463050311842,3.98282275798126,7.53769305463914,4.53172218440804,7.75959671238065
1.07285424559063,11.5753676036252,2.95889111257463,6.97847079535544,3.99496719828329,9.794396363483,4.13235040095276,6.32061913732391
NA,NA,2.82807961174849,9.7326046422684,3.68832890131447,7.28708904363652,4.88930063858812,9.35612199405875
2.26783249341369,7.46653004218021,2.33497006020221,12.2682085528786,3.63878907583505,6.83034292411564,3.588039752266,5.09061231181906
NA,NA,3.00989310332896,6.39276161811193,3.63613372600974,6.77485860298209,4.06509174700978,6.0683198903573
-4.1366332848884,26.7175232491433,1.85522903116064,17.3989140151331,3.23604646069325,5.3429394769216,4.43419801268834,7.43508383450857
1.93871338886534,5.27768307348442,3.15966021181041,8.99164063710807,3.64604335836901,6.84598017343001,4.01390167006731,6.08903758222788
2.20699744528593,7.52377536674498,2.98537130815234,8.86341371048892,4.13137182618587,10.0605899311577,3.78398844306116,5.52418600930196
2.18973414860407,6.21102033540897,2.96412396153477,6.90290922283389,3.48105624986688,6.37744499650287,4.77061524539617,8.46044522601967
2.22078044614993,7.20418724125568,2.7402956872348,5.86222743054682,3.51504345515836,6.48017236661373,4.21259255842337,7.0510555168063
2.27398475781564,9.12972758625186,2.85619339907893,7.19455871476806,3.6051487767956,6.69807487833426,4.47945870306811,7.258568919917
1.87135065993355,10.6629010687897,2.94338335245661,8.90907316439399,3.87037173106578,7.73069269622095,4.06769616471567,6.2333684460494
2.20216129509811,4.94430553280239,2.86906796726426,6.57832742038932,3.75453519334085,7.10155553619921,4.10571191664874,6.33487895726397
0.525488840329091,14.2918947743112,3.1412312175981,7.6758557747084,3.94419214076609,9.00811590405089,4.55024414864512,7.51748606432929
NA,NA,3.05602006513254,7.09498474663302,3.81450699101369,7.41476690734594,4.42987128920315,7.27445657347705
2.52412581259062,6.68493221211465,2.48832580791072,13.0951374356942,3.68927827203225,7.30975921012198,4.76873923486566,8.32936475614141
2.24176902124344,5.28652792047434,2.97857558987162,9.52588447547358,3.68252909455402,6.50770294631183,4.58633561291693,7.68278571793282
2.00478867512074,7.96441835041252,3.03155757620123,8.12818388629998,3.86306363906538,7.51308774055543,4.21943253457803,6.79797655718787
1.7463036121514,8.94199545983421,2.76076999457053,10.5967710930405,3.53074860456583,6.2823214485786,4.16653585853989,6.63636690751191
2.21016867260765,8.59297973168724,2.9626917518688,8.6968078716513,4.17975372738276,10.0642714052343,4.11422733997673,6.45785139060998
-0.42135997576541,16.3876189325788,2.88711655912266,8.78232609582484,3.30631803514444,5.31967114034262,4.39483714348308,6.9126271263934
1.22700043150986,14.3546078894964,1.73200905786667,15.358720710789,3.83232636212734,13.8938083992542,4.7530205662948,8.15613261878736
2.2095463768564,7.4823297020204,2.85693777058671,5.83190932358813,3.97674586445072,7.89477863111309,4.55431569399067,7.38772843842206
1.69561697641555,10.3944450049253,2.88216016157458,5.81006124826501,3.64205756486901,6.53369559361748,4.30327367857937,6.90601831317005
NA,NA,3.13356145246328,8.04073973678561,3.22618579636468,5.17793029783698,4.13365826821517,6.41704088598784
2.15574315666559,8.81194785642125,3.00791305744588,8.93652590278521,3.54731525198036,6.84731404296414,4.45818674992034,7.02617507706092
-36.6998632511842,73.303649031063,2.45830487525344,9.64702644963854,3.25395024100302,5.22141291282074,3.89266716605435,5.65834104590267
1.81192579999279,7.39123802160043,-1.77071801040398,25.6638104999123,3.68809358511182,6.75390463759752,4.07035858734184,6.35329536968758
0.0757134117790539,16.4987935265991,3.07506170368252,6.99074525762933,3.80218706842067,7.37574763543353,4.30083038829681,7.09010654010185
2.16138604159673,6.38992201792276,3.03044850047437,6.43056028240919,3.82061595884145,7.21684328792848,4.42651010372417,7.37915599164135
1.75178136687311,9.3325908330313,2.96018052187368,12.7306591473795,3.81773981992669,7.81289756044385,4.28711127265768,6.76986842266997
2.02378092604405,10.8375594004182,2.6619484197315,5.56178778295402,3.73842120266254,6.81849683399787,4.57457212967616,7.55156480627684
2.35375614382481,8.4640489840276,0.173212971421098,21.3862357234633,4.23790093786489,9.85905269329104,4.33001636844909,6.80795966281986
2.17519821210983,9.52464824959,3.0867436115449,8.7870039569943,3.57037577660864,6.71776058672143,3.95905200474442,5.95520671972998
2.23979277054201,6.58496697861969,2.75030171325905,11.1594424847519,3.92148344371004,8.31905955020094,4.91349304086197,9.01913063330553
1.52290005445344,9.89282053603141,2.94510038926349,6.39824609594261,3.74713715632721,7.02285029182799,4.10374789262044,6.21079634069881
1.8597205031662,8.91476706407117,2.91082690806705,8.75767841254962,4.21197365040471,10.3868289799467,3.7987801823079,5.45265748432452
1.84358846815517,9.42102063890638,2.05014279887242,13.7666405850502,3.33919161358035,5.73617062057017,4.18330563596204,6.51704600079127
0.768659804055166,12.246702656688,3.11808348526648,8.53904709709267,3.68104889254163,6.61698357466007,4.10427857732057,6.05847538497202
2.36168344344351,6.50375007918914,2.93907812517187,7.13807965995436,3.70747670279587,6.67505857051989,4.40231180849707,6.91744205761104
2.32809761969512,6.16073672902607,2.66896649496483,5.0092047056021,3.91154337934609,9.15215556964676,4.70770050412821,8.09753892422866
2.15277322873488,5.14588262431219,2.80936759779785,9.83313704384933,3.92395246903974,8.14997409183909,4.43159506682534,7.36654856800397
1.96469076637375,5.80057163870466,3.16463461288128,7.78544975606665,3.45420714355183,6.62250032756402,4.12726737493968,6.43214706852501
2.1864145283271,8.80947185556218,2.63937316506839,4.6551163025927,3.79955216565414,8.91000496733807,4.56098228068686,7.38180530246153
NA,NA,2.17768448787457,13.7495968429567,3.90352233851018,8.19160570631782,4.46474241184355,7.25471639961386
-77.9982834366892,130.54813504716,3.14284916601543,7.19139228415478,3.64725796984245,7.2528837003057,4.02219808169735,6.1199352988662
2.10715640916244,6.94240179938942,2.97544768740759,7.12726808619482,3.85525849371696,8.29565355546614,4.48947541669591,7.43162255014091
0.240894607609,15.1234456822827,3.01604621383912,8.32969128581891,4.0209423046802,11.3747062517988,3.79842225887689,5.49687452874602
2.03241107383682,8.80489682770079,3.36314424189469,8.80019297609451,3.72092039504714,9.93058782742922,4.86458475739798,8.5749299893585
1.80912870196285,12.322394022091,3.08165504694032,10.187057232707,3.87531715584418,7.96644167964762,4.24950974492075,6.65166417790254
1.99027577695468,7.60930327741998,3.13552004546386,7.53409844024505,3.92700466107211,7.78732443768831,4.89843088060133,9.06399211588554
1.96533535811267,8.33696873593679,2.79843878165353,6.15209825143967,3.79160912712822,7.41295092610396,3.76858986348349,5.34741572125996
-2.33178628797215,20.493657248914,0.608632174183754,19.9502360682721,3.88248098758738,7.89350181174186,4.82517195535707,8.85986668527156
2.27026889508725,6.25827718587303,2.82104292135737,5.24848572509975,3.37772091967026,5.83790070678928,4.40644854039031,6.84397085359877
-1.20725522876068,20.2392325665311,2.60565713996609,12.2593744612164,3.65020396194386,6.93328728598884,3.85255514412407,5.70077732102495
-11.0887588031184,37.1012290507819,3.07301770218834,6.75743468601768,4.1252978020649,10.2532162310968,4.30510078414773,6.70321735480355
2.42597474614993,6.49845024636086,2.8984770419478,6.05473510260251,3.57492102196249,6.44771154741077,4.84022730279336,8.586368254093
2.27536426732658,4.46426700695388,1.96933173444875,16.2425454855183,4.01778318041966,8.81190724696256,3.97849917165891,5.9432621950828
-20.8349899999654,54.0412494959476,2.99612810043201,7.07231456298679,4.05823399806406,10.5330540211573,4.19097248710597,6.4260243763992
2.12823477926082,6.32064544802715,2.02261427783895,13.9400890738489,3.6863651788986,7.20648008638638,4.08490004913687,6.27485718882925
-8.10514968041371,33.7729216985768,3.05579495390492,8.95315912097238,4.14805269436371,10.2117369066896,3.5942396020858,4.96651385365689
2.22965280693242,8.53224331347961,3.13129650933939,8.09615479181716,3.9930917205073,8.54797909629215,4.3301744751013,6.8027417451796
2.18850874997762,8.03421491240674,2.78599754224995,5.52636661398051,4.04775197261216,8.76327475142726,4.69119986253233,8.20393881751423
NA,NA,2.72504104499782,5.36184939804406,3.93436579607458,8.34956812308596,4.71756669745827,8.05779886054952
2.14958672017955,9.4653869041072,2.95742336942397,8.5756802568578,3.77837656235001,11.3393884482054,3.97811548623297,5.99820749992293
2.17334603893249,5.13041048521634,-0.855578215792423,24.2835824344759,3.85046421053537,8.12542725413837,4.33543844738214,6.99020074361412
2.29498871002426,5.45577570445339,2.53708731560335,13.3750613742438,4.18687874209356,11.0824492608944,4.13429986928195,6.30785300685613
1.91642265030915,8.45452621942595,-2.83296639571714,30.8032244182607,3.35715010537664,5.70444305824846,3.83243499303587,5.60446662650846
1.72814744856029,12.5312802306019,2.88254265870789,8.07702938363285,3.97124963730133,8.76374816477646,4.55381868874142,7.78366759409231
1.4725689053995,10.0509032502432,2.94754709583307,7.30315889886943,4.05882752313321,8.57259053850624,4.72296275334504,7.97692461434133
NA,NA,3.03253941961549,7.67196983115037,3.63978998238377,6.56443640369196,4.11776029323681,6.40596702429561
2.36764001410411,5.47836590388996,2.90170313364447,6.05644250611818,3.83724389570844,7.12879717535665,4.29363787800118,6.73795573288885
NA,NA,3.03079693074892,11.2777887194031,3.37826244932477,5.93880604320313,4.05194477504776,6.19535314147496
1.96253203273141,9.70389138216532,3.04431988190483,9.8397191376037,3.94111199828717,8.39421301030043,4.56090495832822,7.65064236553952
1.9225808893716,7.74265423547689,3.15097686256589,6.61936469600035,3.93903407095585,9.63969634185,4.30310331255036,7.01749146033091
NA,NA,2.85629615114797,6.12554003385919,3.46412075446478,6.21356295684097,4.19586660718095,6.58299850705671
NA,NA,2.93547417354599,10.0452466680169,3.80116395835637,7.43777274025839,4.50878926261732,7.49758002725415
0.939516516955703,14.2239016568918,3.07229242109444,8.41144967079052,3.89008925081503,7.79781578013448,4.15053609347885,6.58137990133282
1.9402053087528,8.85628412387379,3.04994964604537,9.42662519812141,3.62762630963549,7.48659595695778,4.39760480250106,7.08597107763452
-1.7445681426,20.2631296277768,2.36146071098322,13.1717191306274,3.90303072573194,7.74841087449077,4.35288293360231,7.10037485670208
1.57623734171815,10.8095932199648,2.94270228532107,5.97953259565424,3.77693970630112,7.01289714835035,4.57919417532303,7.68535325780288
2.24272247987085,7.61669805667104,3.0730769327637,7.17446247470634,3.92254909723597,8.39890347594396,3.87532428889977,5.7300152183345
2.27426145858803,7.77374390306212,3.08791888138061,6.53583844040405,4.1456987290128,9.50269157869372,4.09402252828881,6.35748500345348
2.22150687760831,5.82296658013927,3.21236874684608,7.91676332597965,3.6799274214957,7.41614131870469,4.53691268019406,7.39605409326353
1.89576770056547,9.76875940015081,3.27775409255541,11.6373325373193,4.13293728440878,9.88332165347696,3.9383478027898,5.86855913652355
1.77367950805935,10.0239555432656,1.75766043305559,16.7316718738523,3.66109998750004,7.05867004440929,4.36899296651995,6.9688140522078
2.08604515942692,6.08941106117145,3.04638279718191,8.11406678218688,4.26406843320382,11.1474005798142,4.95985149631957,9.16062752257279
-20.7164852470692,49.7876568096903,2.8206885365416,8.64287056317441,3.80752799999942,7.92315433914357,4.71912742434658,8.25508002175924
NA,NA,2.94055486015362,6.72608658929492,3.98042455137699,10.0920244312349,4.34233377921905,7.00100887812877
1.73823945985051,10.9362520652215,3.03218413710986,6.2988349236563,4.08585777709762,9.15947668305616,3.96457999020488,5.84716792599048
1.25749194941959,12.9129498369689,3.19381599408129,8.85316818561864,3.76825235185585,6.98857088087636,4.17169193235585,6.50976730829438
2.19523383697515,7.6451756748703,2.94353845656992,6.02595771332844,3.47486254402063,5.68286353264534,3.98810708553272,6.02406975375727
0.681875599035467,15.3988253652741,3.24008058833405,10.2176693252734,3.39215376983811,5.68402278253204,4.24126462863708,6.90931577488683
0.249621689508721,16.1824842744231,2.83681576042969,5.27949789451838,4.02644201907723,8.42014082476868,4.3132324630248,6.73684142442225
2.19750141045944,6.7941789696255,2.7538302008876,6.98537792033187,4.14810894297976,14.0388395522332,3.94174778506661,6.02243105928707
NA,NA,3.12947140084197,8.51556087870055,3.82583570087493,7.50767567044161,4.72014356934029,8.14334451125852
2.25326822545366,7.17070831435091,3.0962722929211,8.58515191784066,3.78142833507314,6.93460975580666,4.4396846086889,7.38796141455487
-282.4586327245,371.74631766168,2.50804607149821,4.41238830593134,4.12843502878312,10.0082947376265,4.14242328359815,6.47812492828576
