"id","n","NNE","TYPE"
1,"500",3.91010811924776,"IV"
2,"500",9.66205517293546,"IV"
3,"500",4.12959829354082,"IV"
4,"500",4.47799166876797,"IV"
5,"500",5.79417143482329,"IV"
6,"500",5.54002722842372,"IV"
7,"500",4.18010614094398,"IV"
8,"500",5.93716109228734,"IV"
9,"500",7.75356670139273,"IV"
10,"500",7.17471754215386,"IV"
11,"500",5.67002259441295,"IV"
12,"500",5.44550411442335,"IV"
13,"500",4.54641508390659,"IV"
14,"500",4.60610069483104,"IV"
15,"500",7.63591649252511,"IV"
16,"500",9.54351693169142,"IV"
17,"500",9.95541513298381,"IV"
18,"500",7.8173737073994,"IV"
19,"500",12.1025930528884,"IV"
20,"500",4.54209167613642,"IV"
21,"500",4.71783021541939,"IV"
22,"500",14.9817787239671,"IV"
23,"500",8.33774090171402,"IV"
24,"500",6.75855800388749,"IV"
25,"500",4.76044809993327,"IV"
26,"500",7.29247010533241,"IV"
27,"500",4.95109447701901,"IV"
28,"500",6.96727916064467,"IV"
29,"500",4.44322749533378,"IV"
30,"500",6.0378720983912,"IV"
31,"500",4.36168748211139,"IV"
32,"500",6.92435368289224,"IV"
33,"500",3.71758491603829,"IV"
34,"500",3.58103876483089,"IV"
35,"500",4.94963519550123,"IV"
36,"500",5.44555280158264,"IV"
37,"500",4.50454900751045,"IV"
38,"500",4.75881265090826,"IV"
39,"500",8.86409756958219,"IV"
40,"500",8.06724607887806,"IV"
41,"500",8.46409819734848,"IV"
42,"500",4.31028736394603,"IV"
43,"500",7.37890784962438,"IV"
44,"500",4.60278629147869,"IV"
45,"500",5.43278860344339,"IV"
46,"500",10.1895991946779,"IV"
47,"500",9.05795349111013,"IV"
48,"500",4.17664559197258,"IV"
49,"500",4.72048232378585,"IV"
50,"500",5.07005911341149,"IV"
51,"500",8.41601734398154,"IV"
52,"500",7.07090108676101,"IV"
53,"500",4.58530878676286,"IV"
54,"500",5.76412296258532,"IV"
55,"500",4.08350900068654,"IV"
56,"500",13.9955593227305,"IV"
57,"500",5.04746325856854,"IV"
58,"500",4.68565390891503,"IV"
59,"500",7.06321786095894,"IV"
60,"500",4.11919913779488,"IV"
61,"500",5.0765122040868,"IV"
62,"500",3.3654698863936,"IV"
63,"500",3.37659460093505,"IV"
64,"500",7.07255016226861,"IV"
65,"500",4.24631737214659,"IV"
66,"500",7.78597031033186,"IV"
67,"500",3.27771818416196,"IV"
68,"500",7.76713875872539,"IV"
69,"500",4.00650014865876,"IV"
70,"500",4.47097151996791,"IV"
71,"500",6.81549364065129,"IV"
72,"500",5.10587009044806,"IV"
73,"500",3.67442563601252,"IV"
74,"500",7.23367433176157,"IV"
75,"500",5.06958864698544,"IV"
76,"500",6.7608009031917,"IV"
77,"500",3.81561009473804,"IV"
78,"500",3.2124957764924,"IV"
79,"500",7.3869200660369,"IV"
80,"500",6.24419341001744,"IV"
81,"500",10.2977799417596,"IV"
82,"500",4.23469204011812,"IV"
83,"500",6.47216156653636,"IV"
84,"500",7.29951911175736,"IV"
85,"500",4.63938544583866,"IV"
86,"500",4.58190668826747,"IV"
87,"500",11.8525930519052,"IV"
88,"500",6.68707860332206,"IV"
89,"500",6.09868592813857,"IV"
90,"500",5.11122278315467,"IV"
91,"500",5.91540840146621,"IV"
92,"500",7.91387274766672,"IV"
93,"500",5.79667615014628,"IV"
94,"500",4.50426442199487,"IV"
95,"500",5.1028487048292,"IV"
96,"500",3.57172761696382,"IV"
97,"500",4.06705580446947,"IV"
98,"500",11.8337049849612,"IV"
99,"500",5.77968713245894,"IV"
100,"500",8.38287736220109,"IV"
101,"500",5.05871070548521,"IV"
102,"500",4.87143303043464,"IV"
103,"500",10.6528061543562,"IV"
104,"500",5.13435112772545,"IV"
105,"500",5.3217062420937,"IV"
106,"500",4.2156326010813,"IV"
107,"500",6.53028516954852,"IV"
108,"500",6.76823239628601,"IV"
109,"500",10.461057968337,"IV"
110,"500",6.3455557648633,"IV"
111,"500",13.1512733195519,"IV"
112,"500",4.64341524177538,"IV"
113,"500",10.1076490583354,"IV"
114,"500",4.40273250201758,"IV"
115,"500",7.36111648255376,"IV"
116,"500",-23.5908313075356,"IV"
117,"500",4.8729437204925,"IV"
118,"500",4.47560977299746,"IV"
119,"500",6.73171199728001,"IV"
120,"500",8.39632426430717,"IV"
121,"500",4.3687091202162,"IV"
122,"500",7.25777086690049,"IV"
123,"500",8.6902373742117,"IV"
124,"500",5.4097252617487,"IV"
125,"500",4.60869604136634,"IV"
126,"500",4.51692352619796,"IV"
127,"500",3.81675106194726,"IV"
128,"500",4.55783449729014,"IV"
129,"500",3.75582546307563,"IV"
130,"500",4.70393900623074,"IV"
131,"500",3.93185282406433,"IV"
132,"500",11.6056530222617,"IV"
133,"500",8.60688066017905,"IV"
134,"500",4.21653253998538,"IV"
135,"500",4.80843990321367,"IV"
136,"500",5.44858183728826,"IV"
137,"500",6.50344714154696,"IV"
138,"500",3.61006100975445,"IV"
139,"500",6.25206733919728,"IV"
140,"500",4.59900744075537,"IV"
141,"500",5.53980794635249,"IV"
142,"500",18.1882948671515,"IV"
143,"500",4.10604128009147,"IV"
144,"500",7.61886882861,"IV"
145,"500",4.9050478291827,"IV"
146,"500",7.98268392339692,"IV"
147,"500",4.41116000833746,"IV"
148,"500",5.45642718045361,"IV"
149,"500",3.87406578044838,"IV"
150,"500",7.64385903318642,"IV"
151,"500",4.61035810186266,"IV"
152,"500",7.24919545243017,"IV"
153,"500",6.25538784496358,"IV"
154,"500",6.58744832552611,"IV"
155,"500",4.69713332513393,"IV"
156,"500",7.91932321961694,"IV"
157,"500",9.8513566076391,"IV"
158,"500",4.32637647902193,"IV"
159,"500",4.67189300224454,"IV"
160,"500",5.65887620926599,"IV"
161,"500",5.78103233236414,"IV"
162,"500",5.67391899809446,"IV"
163,"500",4.7416943934443,"IV"
164,"500",4.33766465755789,"IV"
165,"500",7.12836394622013,"IV"
166,"500",4.74581894398184,"IV"
167,"500",5.07301834171817,"IV"
168,"500",6.45274875314648,"IV"
169,"500",3.87494549197805,"IV"
170,"500",7.70711003642793,"IV"
171,"500",9.49144743440796,"IV"
172,"500",5.63104926460933,"IV"
173,"500",5.23205732241266,"IV"
174,"500",9.04020143630791,"IV"
175,"500",8.08523804112254,"IV"
176,"500",4.9785095352137,"IV"
177,"500",6.28989056697381,"IV"
178,"500",4.76855324371267,"IV"
179,"500",4.00865898424093,"IV"
180,"500",9.76769285639775,"IV"
181,"500",5.34590242724654,"IV"
182,"500",3.71099127354492,"IV"
183,"500",5.62834713745295,"IV"
184,"500",6.0207684907032,"IV"
185,"500",4.9576674999643,"IV"
186,"500",6.32600898754604,"IV"
187,"500",8.20782097876938,"IV"
188,"500",4.20265994684292,"IV"
189,"500",11.0953132815035,"IV"
190,"500",12.4653108312525,"IV"
191,"500",5.35549596786225,"IV"
192,"500",9.36456972668378,"IV"
193,"500",5.59224490211033,"IV"
194,"500",3.8111611516335,"IV"
195,"500",4.66352566478816,"IV"
196,"500",4.49611532847808,"IV"
197,"500",6.41176706121331,"IV"
198,"500",5.86533799658942,"IV"
199,"500",5.49013950383168,"IV"
200,"500",4.76819490379029,"IV"
201,"500",6.07671912212028,"IV"
202,"500",5.9074179795474,"IV"
203,"500",6.33720986890683,"IV"
204,"500",5.51549825946609,"IV"
205,"500",6.29523208817957,"IV"
206,"500",3.94155083049964,"IV"
207,"500",3.76600242813319,"IV"
208,"500",5.53747494308506,"IV"
209,"500",5.77529513703441,"IV"
210,"500",5.31320656901893,"IV"
211,"500",4.49456495619591,"IV"
212,"500",4.6076527469388,"IV"
213,"500",6.09374617500442,"IV"
214,"500",7.32476988727576,"IV"
215,"500",8.00498473143285,"IV"
216,"500",4.84765584416614,"IV"
217,"500",6.34455761962845,"IV"
218,"500",3.68247184736729,"IV"
219,"500",5.11933185130142,"IV"
220,"500",3.72202264168351,"IV"
221,"500",4.65680516461764,"IV"
222,"500",6.64076635509946,"IV"
223,"500",4.44796607598087,"IV"
224,"500",3.94206221205316,"IV"
225,"500",5.44959004658395,"IV"
226,"500",3.43745524152963,"IV"
227,"500",23.9900542490634,"IV"
228,"500",5.96313332059147,"IV"
229,"500",3.47124920610385,"IV"
230,"500",5.73172687946146,"IV"
231,"500",8.40218805830017,"IV"
232,"500",7.96545458231115,"IV"
233,"500",5.38608643878171,"IV"
234,"500",4.43914659268361,"IV"
235,"500",4.55131913073247,"IV"
236,"500",4.35596301497375,"IV"
237,"500",6.1021931227221,"IV"
238,"500",20.3783723472959,"IV"
239,"500",3.94412711278754,"IV"
240,"500",5.3220266469844,"IV"
241,"500",4.28644080802276,"IV"
242,"500",7.41972241743297,"IV"
243,"500",7.39591343330286,"IV"
244,"500",5.6389156218801,"IV"
245,"500",6.42583489326637,"IV"
246,"500",5.26041297895533,"IV"
247,"500",5.82061628987573,"IV"
248,"500",3.70342346336501,"IV"
249,"500",3.54041191908976,"IV"
250,"500",5.86966805821307,"IV"
251,"500",4.06444152150305,"IV"
252,"500",6.09227991356322,"IV"
253,"500",3.62803573725411,"IV"
254,"500",5.33216411561643,"IV"
255,"500",4.84990669148848,"IV"
256,"500",4.11818556204286,"IV"
257,"500",5.99245845659981,"IV"
258,"500",7.42017804579957,"IV"
259,"500",11.0670947585398,"IV"
260,"500",5.18179474999133,"IV"
261,"500",5.23646513891706,"IV"
262,"500",6.45449852737125,"IV"
263,"500",5.15252268474628,"IV"
264,"500",3.77814492935594,"IV"
265,"500",6.24774073017973,"IV"
266,"500",6.45515142537304,"IV"
267,"500",8.61903352584701,"IV"
268,"500",4.35469001378814,"IV"
269,"500",8.59915689232468,"IV"
270,"500",3.318078512369,"IV"
271,"500",7.61746739551691,"IV"
272,"500",10.0285441698351,"IV"
273,"500",24.3771935883013,"IV"
274,"500",11.9175743775576,"IV"
275,"500",7.46119252621267,"IV"
276,"500",5.15306027644617,"IV"
277,"500",4.24560532074137,"IV"
278,"500",4.42626362919302,"IV"
279,"500",5.95706993116363,"IV"
280,"500",6.44550190200163,"IV"
281,"500",5.42776945475239,"IV"
282,"500",4.19597609968738,"IV"
283,"500",3.49243434537568,"IV"
284,"500",3.81652277619265,"IV"
285,"500",5.49010682997436,"IV"
286,"500",5.05062802282509,"IV"
287,"500",5.28995463706813,"IV"
288,"500",6.95412846074519,"IV"
289,"500",4.90728698534532,"IV"
290,"500",23.877192186957,"IV"
291,"500",18.6073393936062,"IV"
292,"500",5.40051148881226,"IV"
293,"500",5.36089693729245,"IV"
294,"500",5.18209951467826,"IV"
295,"500",7.43336141282504,"IV"
296,"500",6.17605328263094,"IV"
297,"500",3.56955190704255,"IV"
298,"500",8.03508244788841,"IV"
299,"500",4.27083248322347,"IV"
300,"500",6.40023147169938,"IV"
301,"500",5.16290262869031,"IV"
302,"500",13.6144062291276,"IV"
303,"500",6.29921701141065,"IV"
304,"500",5.75375965514651,"IV"
305,"500",3.40835168260541,"IV"
306,"500",3.8985061629594,"IV"
307,"500",3.87341941316957,"IV"
308,"500",7.51610289690634,"IV"
309,"500",5.97963964266921,"IV"
310,"500",3.72953394583042,"IV"
311,"500",6.89184217555003,"IV"
312,"500",10.0516315445307,"IV"
313,"500",5.90976973266134,"IV"
314,"500",3.83969462268416,"IV"
315,"500",4.60570184295308,"IV"
316,"500",14.0660237127923,"IV"
317,"500",4.06423387941894,"IV"
318,"500",7.89640225775669,"IV"
319,"500",5.99867319816005,"IV"
320,"500",6.02302019798007,"IV"
321,"500",4.98514505967929,"IV"
322,"500",7.97355109120823,"IV"
323,"500",6.21444296380607,"IV"
324,"500",8.56335840556114,"IV"
325,"500",9.02754508953408,"IV"
326,"500",6.00261685765097,"IV"
327,"500",8.00620639017952,"IV"
328,"500",5.26568830437387,"IV"
329,"500",7.65664463640544,"IV"
330,"500",5.07372581285116,"IV"
331,"500",11.1602282836011,"IV"
332,"500",6.22854999971138,"IV"
333,"500",4.01073459827884,"IV"
334,"500",5.37360946809684,"IV"
335,"500",4.64534789090946,"IV"
336,"500",4.12874052456708,"IV"
337,"500",5.10107075396989,"IV"
338,"500",5.5096248089755,"IV"
339,"500",4.64723655535814,"IV"
340,"500",7.72343589739674,"IV"
341,"500",11.249142922964,"IV"
342,"500",4.18018450287087,"IV"
343,"500",4.14264864765587,"IV"
344,"500",8.48409803698864,"IV"
345,"500",6.85562231721899,"IV"
346,"500",10.3809986835475,"IV"
347,"500",4.67231360627811,"IV"
348,"500",4.869100498437,"IV"
349,"500",6.99453964732488,"IV"
350,"500",4.40012121245542,"IV"
351,"500",4.15149324113573,"IV"
352,"500",3.41960179897298,"IV"
353,"500",6.34113726497704,"IV"
354,"500",5.68224148999314,"IV"
355,"500",5.73161129926085,"IV"
356,"500",7.21409294766727,"IV"
357,"500",5.92044596032788,"IV"
358,"500",4.83051712931137,"IV"
359,"500",7.05791754757267,"IV"
360,"500",5.47211428999239,"IV"
361,"500",5.60517361530044,"IV"
362,"500",10.3440356879362,"IV"
363,"500",7.89423554291245,"IV"
364,"500",11.9117026887584,"IV"
365,"500",5.32478589804907,"IV"
366,"500",4.61368798834417,"IV"
367,"500",6.11500536708108,"IV"
368,"500",4.98483450467013,"IV"
369,"500",3.56527790780913,"IV"
370,"500",5.69982660124094,"IV"
371,"500",5.78568920838865,"IV"
372,"500",5.99638212551643,"IV"
373,"500",9.36061268107051,"IV"
374,"500",29.4534231858166,"IV"
375,"500",5.81633263131311,"IV"
376,"500",5.26352792870399,"IV"
377,"500",4.11123687704009,"IV"
378,"500",4.73749433183605,"IV"
379,"500",3.8893595634787,"IV"
380,"500",5.66215756157577,"IV"
381,"500",8.74114559462433,"IV"
382,"500",35.0905218740214,"IV"
383,"500",3.17554456375286,"IV"
384,"500",6.53170881103004,"IV"
385,"500",5.59260018240559,"IV"
386,"500",4.17736669307047,"IV"
387,"500",7.30648206237276,"IV"
388,"500",3.31647965573907,"IV"
389,"500",5.22748208312215,"IV"
390,"500",7.99442838218973,"IV"
391,"500",9.37527107542622,"IV"
392,"500",4.7386643930013,"IV"
393,"500",17.8750240305433,"IV"
394,"500",5.81928997920408,"IV"
395,"500",5.44942027014219,"IV"
396,"500",4.8855156790607,"IV"
397,"500",5.15682277008249,"IV"
398,"500",4.4782458077382,"IV"
399,"500",4.89041508362898,"IV"
400,"500",5.8459735351446,"IV"
401,"500",6.44401570871821,"IV"
402,"500",11.0790178492133,"IV"
403,"500",5.5630060725347,"IV"
404,"500",8.0095922531234,"IV"
405,"500",5.31410869456982,"IV"
406,"500",7.30746200869615,"IV"
407,"500",5.18169795239978,"IV"
408,"500",4.65040003069307,"IV"
409,"500",5.29108329833737,"IV"
410,"500",5.37802987228988,"IV"
411,"500",9.66861303929589,"IV"
412,"500",10.6087845064777,"IV"
413,"500",6.2903296523442,"IV"
414,"500",3.55102010470097,"IV"
415,"500",-29.0929063074046,"IV"
416,"500",4.55824125673498,"IV"
417,"500",17.7632882756255,"IV"
418,"500",5.45909786720482,"IV"
419,"500",6.2298132838619,"IV"
420,"500",4.38104268345468,"IV"
421,"500",8.6388834536102,"IV"
422,"500",4.98905252818438,"IV"
423,"500",3.60086375885194,"IV"
424,"500",5.57893873955998,"IV"
425,"500",13.5423281037138,"IV"
426,"500",3.32528405792959,"IV"
427,"500",4.73018417158759,"IV"
428,"500",5.16122178087211,"IV"
429,"500",4.82527749209542,"IV"
430,"500",9.96961024359801,"IV"
431,"500",5.75117594706914,"IV"
432,"500",5.78103192516556,"IV"
433,"500",6.93069910409734,"IV"
434,"500",4.65169214100224,"IV"
435,"500",5.37187098293183,"IV"
436,"500",8.49142284244721,"IV"
437,"500",5.71223399165196,"IV"
438,"500",4.33500501633935,"IV"
439,"500",5.11284956292976,"IV"
440,"500",3.79727030180565,"IV"
441,"500",10.0445507079707,"IV"
442,"500",13.7319510361732,"IV"
443,"500",4.98303416527777,"IV"
444,"500",6.72661916505499,"IV"
445,"500",4.6907431991464,"IV"
446,"500",10.0480266172927,"IV"
447,"500",4.40252096817044,"IV"
448,"500",4.47517104409727,"IV"
449,"500",3.32096730990679,"IV"
450,"500",5.56870520563352,"IV"
451,"500",5.67020020542908,"IV"
452,"500",7.9765864690283,"IV"
453,"500",16.9309894702619,"IV"
454,"500",5.68430494947771,"IV"
455,"500",6.07206939365855,"IV"
456,"500",3.62990682578684,"IV"
457,"500",6.67418446310031,"IV"
458,"500",8.19417689409897,"IV"
459,"500",4.03563132557046,"IV"
460,"500",5.25113357255152,"IV"
461,"500",4.74190986348527,"IV"
462,"500",3.08081271710761,"IV"
463,"500",4.94950310250208,"IV"
464,"500",7.08755434907534,"IV"
465,"500",7.07083508862043,"IV"
466,"500",5.25522649108226,"IV"
467,"500",4.47239011851437,"IV"
468,"500",5.12569963989198,"IV"
469,"500",9.02707857740811,"IV"
470,"500",5.15391463914688,"IV"
471,"500",5.01785059961242,"IV"
472,"500",5.50177215712239,"IV"
473,"500",10.7012716159996,"IV"
474,"500",3.7967294145434,"IV"
475,"500",4.30199555584587,"IV"
476,"500",4.31450732564584,"IV"
477,"500",8.18017267629304,"IV"
478,"500",4.2841664977847,"IV"
479,"500",3.85665958650098,"IV"
480,"500",5.03844693229021,"IV"
481,"500",9.81657724756049,"IV"
482,"500",9.13294119218534,"IV"
483,"500",4.34875214157205,"IV"
484,"500",4.76525507184955,"IV"
485,"500",18.2057333498883,"IV"
486,"500",5.48918136665883,"IV"
487,"500",5.79934478313868,"IV"
488,"500",4.70012062777776,"IV"
489,"500",5.17474398892181,"IV"
490,"500",7.08916501511677,"IV"
491,"500",7.39140692271637,"IV"
492,"500",3.82138492862657,"IV"
493,"500",5.28536415674118,"IV"
494,"500",4.54520911051816,"IV"
495,"500",6.53056982190132,"IV"
496,"500",5.8572014524189,"IV"
497,"500",6.04263983942509,"IV"
498,"500",4.71424444758956,"IV"
499,"500",6.88871002181997,"IV"
500,"500",7.54451943227401,"IV"
501,"500",6.21388964111514,"IV"
502,"500",4.70439858980694,"IV"
503,"500",5.4277547001327,"IV"
504,"500",6.33174786279295,"IV"
505,"500",6.30775448439336,"IV"
506,"500",17.2756217778648,"IV"
507,"500",5.08477464353757,"IV"
508,"500",5.47310026751965,"IV"
509,"500",12.0905292595436,"IV"
510,"500",6.78188040885174,"IV"
511,"500",5.05767723837119,"IV"
512,"500",3.85243966559515,"IV"
513,"500",6.13533537759924,"IV"
514,"500",2241.4587754889,"IV"
515,"500",3.6169846537413,"IV"
516,"500",7.28146890128806,"IV"
517,"500",4.6062566726855,"IV"
518,"500",4.58684538188721,"IV"
519,"500",5.81932721901964,"IV"
520,"500",5.91467763839051,"IV"
521,"500",5.41702045113122,"IV"
522,"500",3.61692058284424,"IV"
523,"500",3.91848930425518,"IV"
524,"500",6.21215640855125,"IV"
525,"500",8.43247486585587,"IV"
526,"500",4.04974183988888,"IV"
527,"500",4.65311526395622,"IV"
528,"500",5.18791882530823,"IV"
529,"500",4.03954114938243,"IV"
530,"500",3.65135172305854,"IV"
531,"500",8.88847417549504,"IV"
532,"500",10.6610750911364,"IV"
533,"500",3.63026831173337,"IV"
534,"500",4.00390873022165,"IV"
535,"500",10.0818096852739,"IV"
536,"500",5.42884801983691,"IV"
537,"500",7.29622735272737,"IV"
538,"500",4.67006205038322,"IV"
539,"500",6.06807837113375,"IV"
540,"500",5.00361418822779,"IV"
541,"500",5.37767552089342,"IV"
542,"500",4.96645495166643,"IV"
543,"500",8.33023563941314,"IV"
544,"500",4.81471405144402,"IV"
545,"500",5.77312621522274,"IV"
546,"500",5.9752520276109,"IV"
547,"500",4.51231953124514,"IV"
548,"500",7.99351203532492,"IV"
549,"500",5.51268736197846,"IV"
550,"500",6.36791802658753,"IV"
551,"500",10.5365118785051,"IV"
552,"500",4.09331351559419,"IV"
553,"500",5.31167671734322,"IV"
554,"500",4.54414925243937,"IV"
555,"500",5.87997559312635,"IV"
556,"500",3.92596135523803,"IV"
557,"500",4.37539068744137,"IV"
558,"500",5.10353621254845,"IV"
559,"500",6.23714501758736,"IV"
560,"500",4.59393850109464,"IV"
561,"500",6.50949099192902,"IV"
562,"500",8.19408521452221,"IV"
563,"500",4.81291286643875,"IV"
564,"500",5.21873921551451,"IV"
565,"500",4.75825419144542,"IV"
566,"500",5.61708063621545,"IV"
567,"500",7.54176956502946,"IV"
568,"500",8.86853449563471,"IV"
569,"500",6.84409149806375,"IV"
570,"500",4.98389589815601,"IV"
571,"500",8.00335643982062,"IV"
572,"500",15.2190685746689,"IV"
573,"500",7.84862990487187,"IV"
574,"500",3.46737021597524,"IV"
575,"500",3.61217745273595,"IV"
576,"500",15.0609487340964,"IV"
577,"500",6.93430749958223,"IV"
578,"500",7.18919101814799,"IV"
579,"500",4.983869786017,"IV"
580,"500",9.93259989109695,"IV"
581,"500",7.0082634152311,"IV"
582,"500",3.86004049444269,"IV"
583,"500",11.6828571702871,"IV"
584,"500",11.3819604440492,"IV"
585,"500",10.2019467403964,"IV"
586,"500",6.92440758944153,"IV"
587,"500",5.48389398564962,"IV"
588,"500",9.2756422226065,"IV"
589,"500",7.97577221786169,"IV"
590,"500",9.35197918567432,"IV"
591,"500",3.46005538500848,"IV"
592,"500",7.80261886124825,"IV"
593,"500",4.50860105109128,"IV"
594,"500",7.63123341810322,"IV"
595,"500",5.80185291150077,"IV"
596,"500",6.11017744894027,"IV"
597,"500",6.36706499254944,"IV"
598,"500",2.69215057058256,"IV"
599,"500",5.00363755728164,"IV"
600,"500",6.45195284623574,"IV"
601,"500",5.75250618424452,"IV"
602,"500",5.68047499662424,"IV"
603,"500",8.07240407431765,"IV"
604,"500",5.32430954919242,"IV"
605,"500",8.82564006365848,"IV"
606,"500",5.57088663845786,"IV"
607,"500",3.73872495641745,"IV"
608,"500",6.0903177849386,"IV"
609,"500",5.33166851510635,"IV"
610,"500",6.27292703631654,"IV"
611,"500",5.33826452894365,"IV"
612,"500",7.40027309634065,"IV"
613,"500",9.55047460058674,"IV"
614,"500",5.55968822436642,"IV"
615,"500",6.01647145957924,"IV"
616,"500",6.52728142921113,"IV"
617,"500",5.33931955048357,"IV"
618,"500",5.0948193750086,"IV"
619,"500",5.03357513775486,"IV"
620,"500",10.039879034629,"IV"
621,"500",5.06786439618867,"IV"
622,"500",5.35635948517808,"IV"
623,"500",13.396575836037,"IV"
624,"500",6.74293793555786,"IV"
625,"500",5.75276773576393,"IV"
626,"500",4.63429228193397,"IV"
627,"500",5.30646662043431,"IV"
628,"500",6.47742710082299,"IV"
629,"500",4.41999565723313,"IV"
630,"500",14.1141426226895,"IV"
631,"500",5.41288310170051,"IV"
632,"500",5.91582382833505,"IV"
633,"500",8.15635257035473,"IV"
634,"500",13.1904460629273,"IV"
635,"500",4.31664845742509,"IV"
636,"500",4.70310560576554,"IV"
637,"500",5.62169570171904,"IV"
638,"500",6.16497577681193,"IV"
639,"500",8.35808998320886,"IV"
640,"500",5.35844702533791,"IV"
641,"500",5.53297684451508,"IV"
642,"500",12.4794869550567,"IV"
643,"500",6.0550155953673,"IV"
644,"500",4.68716258054809,"IV"
645,"500",6.83660536712939,"IV"
646,"500",10.4287079145639,"IV"
647,"500",8.43593404078454,"IV"
648,"500",3.7043533000277,"IV"
649,"500",5.96822967134778,"IV"
650,"500",5.98589467315412,"IV"
651,"500",6.67163591824596,"IV"
652,"500",7.82522012780135,"IV"
653,"500",4.93887567958007,"IV"
654,"500",5.67088858972399,"IV"
655,"500",6.50314711058592,"IV"
656,"500",4.73526378280806,"IV"
657,"500",5.97814222406408,"IV"
658,"500",5.42876181280712,"IV"
659,"500",8.17311523608524,"IV"
660,"500",6.90711642863534,"IV"
661,"500",5.68373365202833,"IV"
662,"500",6.77736216056152,"IV"
663,"500",7.22572908773098,"IV"
664,"500",3.9836088705527,"IV"
665,"500",5.91593169335789,"IV"
666,"500",5.13606821975557,"IV"
667,"500",5.54290818544756,"IV"
668,"500",12.424121573821,"IV"
669,"500",6.5118467866987,"IV"
670,"500",6.23008614631554,"IV"
671,"500",4.57510290571317,"IV"
672,"500",7.90353858524436,"IV"
673,"500",5.09299764063356,"IV"
674,"500",3.7167326988254,"IV"
675,"500",9.42732454559249,"IV"
676,"500",-139.235438846853,"IV"
677,"500",3.65107613455196,"IV"
678,"500",12.4096573698668,"IV"
679,"500",7.47920696555523,"IV"
680,"500",3.64272592496634,"IV"
681,"500",6.57146058316171,"IV"
682,"500",12.107442754378,"IV"
683,"500",3.76013324490931,"IV"
684,"500",10.3501558852785,"IV"
685,"500",8.91022565705656,"IV"
686,"500",4.14931517467251,"IV"
687,"500",8.55773208904082,"IV"
688,"500",6.19133859563192,"IV"
689,"500",3.84194789573771,"IV"
690,"500",9.76590796333247,"IV"
691,"500",5.31722745644245,"IV"
692,"500",4.88163730079385,"IV"
693,"500",4.40151033355082,"IV"
694,"500",4.59773371593774,"IV"
695,"500",4.44782242766469,"IV"
696,"500",4.55131555707734,"IV"
697,"500",28.075658179552,"IV"
698,"500",4.05770429030026,"IV"
699,"500",18.4440201945136,"IV"
700,"500",5.22282204556057,"IV"
701,"500",5.25469665980141,"IV"
702,"500",6.89902649562677,"IV"
703,"500",5.40497757759056,"IV"
704,"500",6.72411417998398,"IV"
705,"500",4.84582570930429,"IV"
706,"500",7.34039808879304,"IV"
707,"500",5.77905438292884,"IV"
708,"500",4.1687441058328,"IV"
709,"500",6.93644288832888,"IV"
710,"500",4.04525371039558,"IV"
711,"500",5.31628653903066,"IV"
712,"500",4.95589938518114,"IV"
713,"500",16.5759521913293,"IV"
714,"500",11.2411560458301,"IV"
715,"500",6.08323036894153,"IV"
716,"500",4.55473468231494,"IV"
717,"500",7.03191892828921,"IV"
718,"500",6.11696361769814,"IV"
719,"500",8.09952174131735,"IV"
720,"500",6.25965221048885,"IV"
721,"500",6.75687232930143,"IV"
722,"500",6.42904405602465,"IV"
723,"500",6.31891661244254,"IV"
724,"500",4.27274868892408,"IV"
725,"500",8.52702714724228,"IV"
726,"500",9.76776114079553,"IV"
727,"500",7.06813215251599,"IV"
728,"500",4.07066091305614,"IV"
729,"500",4.07821353110694,"IV"
730,"500",3.48427124744244,"IV"
731,"500",5.74296331688938,"IV"
732,"500",4.85149927957007,"IV"
733,"500",9.44248751754403,"IV"
734,"500",4.31930982916772,"IV"
735,"500",5.29861743836404,"IV"
736,"500",4.32382025018399,"IV"
737,"500",6.86331331578452,"IV"
738,"500",5.76263004526556,"IV"
739,"500",4.11182740272765,"IV"
740,"500",5.08066315798499,"IV"
741,"500",4.9442055399562,"IV"
742,"500",5.42454230272343,"IV"
743,"500",5.58553250807802,"IV"
744,"500",20.2612774400364,"IV"
745,"500",8.57845884087179,"IV"
746,"500",6.29700858071563,"IV"
747,"500",6.80929340654802,"IV"
748,"500",7.90445786459409,"IV"
749,"500",4.0634637217886,"IV"
750,"500",4.54453420577843,"IV"
751,"500",6.19111935491665,"IV"
752,"500",3.9637439123344,"IV"
753,"500",6.6503604801917,"IV"
754,"500",6.56834560476395,"IV"
755,"500",4.10650355612167,"IV"
756,"500",7.79442928978172,"IV"
757,"500",5.47631165512858,"IV"
758,"500",4.69152727666664,"IV"
759,"500",7.86743150185607,"IV"
760,"500",4.97720857332522,"IV"
761,"500",6.31184697970315,"IV"
762,"500",6.46015273840164,"IV"
763,"500",4.62127290136366,"IV"
764,"500",4.14533535220193,"IV"
765,"500",3.46165014697335,"IV"
766,"500",4.10047254107919,"IV"
767,"500",4.62607323214024,"IV"
768,"500",5.54078824431961,"IV"
769,"500",8.03681411969928,"IV"
770,"500",4.56046621086413,"IV"
771,"500",6.78931279236109,"IV"
772,"500",4.2039421538653,"IV"
773,"500",4.97687223478596,"IV"
774,"500",3.30842048780355,"IV"
775,"500",5.32213204486378,"IV"
776,"500",5.53724108049529,"IV"
777,"500",6.00817912596678,"IV"
778,"500",4.74435006841307,"IV"
779,"500",6.08612720832619,"IV"
780,"500",5.72600984111931,"IV"
781,"500",5.90255345725594,"IV"
782,"500",6.07805005909493,"IV"
783,"500",4.41555678539106,"IV"
784,"500",4.16729235135541,"IV"
785,"500",8.85903235834143,"IV"
786,"500",5.15711215503595,"IV"
787,"500",7.3827862272932,"IV"
788,"500",8.46014519015424,"IV"
789,"500",4.32225521615201,"IV"
790,"500",7.01143746303508,"IV"
791,"500",5.74688537501715,"IV"
792,"500",5.38717162554786,"IV"
793,"500",41.0613859825811,"IV"
794,"500",3.18173697024089,"IV"
795,"500",7.65351321571295,"IV"
796,"500",3.76799435741698,"IV"
797,"500",6.17244530413234,"IV"
798,"500",4.73192764493201,"IV"
799,"500",5.50139286056682,"IV"
800,"500",10.9087704998914,"IV"
801,"500",5.14425904978154,"IV"
802,"500",9.96125329611952,"IV"
803,"500",9.8095573861232,"IV"
804,"500",7.01172550158825,"IV"
805,"500",7.47023291295864,"IV"
806,"500",5.59904098533905,"IV"
807,"500",4.73043843998061,"IV"
808,"500",3.62381135082638,"IV"
809,"500",11.1276985411774,"IV"
810,"500",5.00931259945263,"IV"
811,"500",4.5742455859135,"IV"
812,"500",9.38407462802931,"IV"
813,"500",6.76374519426746,"IV"
814,"500",4.56976850835418,"IV"
815,"500",7.49444617687233,"IV"
816,"500",9.13145815303238,"IV"
817,"500",9.53417925452656,"IV"
818,"500",34.6773228788051,"IV"
819,"500",12.843073155642,"IV"
820,"500",6.07676808694336,"IV"
821,"500",4.97984150384054,"IV"
822,"500",5.78815945671276,"IV"
823,"500",4.72142865063154,"IV"
824,"500",9.63006085671219,"IV"
825,"500",5.97731068940663,"IV"
826,"500",3.90840344732662,"IV"
827,"500",5.94636798194865,"IV"
828,"500",4.42426760526482,"IV"
829,"500",7.44992124672821,"IV"
830,"500",6.68311359514652,"IV"
831,"500",7.30168588786292,"IV"
832,"500",4.56332181895145,"IV"
833,"500",5.65286610121126,"IV"
834,"500",4.81546243057423,"IV"
835,"500",5.09246998554412,"IV"
836,"500",4.72959578089383,"IV"
837,"500",6.58667029204919,"IV"
838,"500",4.94594840481787,"IV"
839,"500",4.62771113773047,"IV"
840,"500",5.57708283121368,"IV"
841,"500",5.22297116084935,"IV"
842,"500",6.34212862262009,"IV"
843,"500",4.24056973866016,"IV"
844,"500",3.67061450321005,"IV"
845,"500",6.76352709098401,"IV"
846,"500",18.3710154779988,"IV"
847,"500",7.47601632727209,"IV"
848,"500",7.19936681520068,"IV"
849,"500",8.93312034384132,"IV"
850,"500",7.48012145809471,"IV"
851,"500",4.59234034924213,"IV"
852,"500",6.83611054945112,"IV"
853,"500",4.70000861589055,"IV"
854,"500",5.63480278148868,"IV"
855,"500",4.7736923227836,"IV"
856,"500",3.35051945529636,"IV"
857,"500",6.62662901126521,"IV"
858,"500",9.08159838992391,"IV"
859,"500",3.54716050036608,"IV"
860,"500",7.38593515521191,"IV"
861,"500",4.91608514869997,"IV"
862,"500",6.67733417530879,"IV"
863,"500",5.24762359110498,"IV"
864,"500",5.93181875374283,"IV"
865,"500",6.54015074976631,"IV"
866,"500",8.86475908515959,"IV"
867,"500",5.18559754257145,"IV"
868,"500",8.5471970568758,"IV"
869,"500",4.31648439409111,"IV"
870,"500",6.25522018952376,"IV"
871,"500",14.2812392008521,"IV"
872,"500",4.18559440767606,"IV"
873,"500",16.7044323818819,"IV"
874,"500",5.97464923392292,"IV"
875,"500",6.33757200010306,"IV"
876,"500",5.18164095800258,"IV"
877,"500",5.60573978384205,"IV"
878,"500",10.7750225505171,"IV"
879,"500",16.802332809815,"IV"
880,"500",8.78792097728802,"IV"
881,"500",4.15152791164745,"IV"
882,"500",3.57251182371735,"IV"
883,"500",8.1098256236143,"IV"
884,"500",6.46791492277541,"IV"
885,"500",3.16240237089467,"IV"
886,"500",7.31112387018081,"IV"
887,"500",4.00331656676944,"IV"
888,"500",7.21054730123006,"IV"
889,"500",6.22787484713869,"IV"
890,"500",3.9789152774008,"IV"
891,"500",10.2135636266349,"IV"
892,"500",10.3967781673298,"IV"
893,"500",6.85176687428261,"IV"
894,"500",4.0106004926783,"IV"
895,"500",5.79805537724739,"IV"
896,"500",7.67221719358829,"IV"
897,"500",11.8997961438887,"IV"
898,"500",8.04546837151568,"IV"
899,"500",6.77903626359761,"IV"
900,"500",4.60156146388252,"IV"
901,"500",14.6151802827099,"IV"
902,"500",5.42017661458857,"IV"
903,"500",5.8926510848989,"IV"
904,"500",6.3241109246079,"IV"
905,"500",3.2716228044897,"IV"
906,"500",4.86718126779695,"IV"
907,"500",3.58899561024707,"IV"
908,"500",11.2904449821274,"IV"
909,"500",3.60819823117488,"IV"
910,"500",4.86538640601545,"IV"
911,"500",4.20037724200652,"IV"
912,"500",4.7124838437028,"IV"
913,"500",5.70185617203375,"IV"
914,"500",6.26712586436161,"IV"
915,"500",3.57323341395025,"IV"
916,"500",7.40869180732013,"IV"
917,"500",3.86199264045568,"IV"
918,"500",4.60452901235264,"IV"
919,"500",3.76414847085889,"IV"
920,"500",4.98460351276663,"IV"
921,"500",5.34414953599281,"IV"
922,"500",5.40157420214744,"IV"
923,"500",7.98312947840672,"IV"
924,"500",7.79080416050315,"IV"
925,"500",4.8459380394384,"IV"
926,"500",6.04503099067044,"IV"
927,"500",4.35979736519683,"IV"
928,"500",5.48384550654342,"IV"
929,"500",18.3018928899394,"IV"
930,"500",4.60158191079661,"IV"
931,"500",8.28725346918909,"IV"
932,"500",4.27565402975974,"IV"
933,"500",5.54218609995221,"IV"
934,"500",6.4306701632311,"IV"
935,"500",5.4089025639262,"IV"
936,"500",5.84992323084991,"IV"
937,"500",4.41237987458085,"IV"
938,"500",5.70786029524243,"IV"
939,"500",5.38724378361869,"IV"
940,"500",5.63230455353078,"IV"
941,"500",6.50768123037158,"IV"
942,"500",4.43271676131632,"IV"
943,"500",4.24441717436059,"IV"
944,"500",3.64932792652354,"IV"
945,"500",3.8826312025392,"IV"
946,"500",5.49794319194464,"IV"
947,"500",5.87187754330843,"IV"
948,"500",26.2749258052356,"IV"
949,"500",4.52477910427593,"IV"
950,"500",7.68217014494583,"IV"
951,"500",5.41865395076881,"IV"
952,"500",7.06576136202693,"IV"
953,"500",4.79978952718733,"IV"
954,"500",5.15115204702473,"IV"
955,"500",9.08093548047095,"IV"
956,"500",4.26427304048014,"IV"
957,"500",9.5159886688852,"IV"
958,"500",13.0062351238318,"IV"
959,"500",4.46221249625539,"IV"
960,"500",3.36981563714023,"IV"
961,"500",16.6031297479911,"IV"
962,"500",4.22444011364398,"IV"
963,"500",12.8338860090815,"IV"
964,"500",5.38094806020602,"IV"
965,"500",5.11136183119218,"IV"
966,"500",4.72506378165883,"IV"
967,"500",5.80748681214338,"IV"
968,"500",3.65187826207442,"IV"
969,"500",3.87538220723882,"IV"
970,"500",5.18547443486755,"IV"
971,"500",7.12971383958109,"IV"
972,"500",5.76173607782137,"IV"
973,"500",6.65216572722225,"IV"
974,"500",3.92300295899703,"IV"
975,"500",5.74182977995401,"IV"
976,"500",5.83321170744836,"IV"
977,"500",4.83261756242425,"IV"
978,"500",4.89461002633059,"IV"
979,"500",3.28572567051076,"IV"
980,"500",7.58170908692374,"IV"
981,"500",5.3982447163133,"IV"
982,"500",9.25928074258839,"IV"
983,"500",6.19291528084147,"IV"
984,"500",4.92971026827094,"IV"
985,"500",5.02400268082508,"IV"
986,"500",4.02223672887379,"IV"
987,"500",5.83226355035814,"IV"
988,"500",5.89881752566248,"IV"
989,"500",4.08772811029918,"IV"
990,"500",14.5355857813106,"IV"
991,"500",3.34197727441075,"IV"
992,"500",6.337245762536,"IV"
993,"500",7.08522089319423,"IV"
994,"500",4.92020475592273,"IV"
995,"500",8.04035048215479,"IV"
996,"500",8.21605298196589,"IV"
997,"500",4.49584019004247,"IV"
998,"500",3.88588525311561,"IV"
999,"500",4.71198826990228,"IV"
1000,"500",44.6438424685901,"IV"
1,"1000",6.19310813288102,"IV"
2,"1000",6.40119345020858,"IV"
3,"1000",4.34376651534761,"IV"
4,"1000",5.50639892403658,"IV"
5,"1000",7.79659001774656,"IV"
6,"1000",5.1443874978639,"IV"
7,"1000",8.91595739215525,"IV"
8,"1000",4.51291876242156,"IV"
9,"1000",5.23278713961509,"IV"
10,"1000",8.85231825109854,"IV"
11,"1000",5.74036975874004,"IV"
12,"1000",6.0415759548637,"IV"
13,"1000",4.6826524785414,"IV"
14,"1000",6.26606158260141,"IV"
15,"1000",4.24081938347353,"IV"
16,"1000",5.55630861015981,"IV"
17,"1000",5.00444032812692,"IV"
18,"1000",5.44011247562674,"IV"
19,"1000",4.3521630791311,"IV"
20,"1000",5.68613762582267,"IV"
21,"1000",4.44231879024845,"IV"
22,"1000",10.7362032142422,"IV"
23,"1000",6.0047146280726,"IV"
24,"1000",4.80971394550495,"IV"
25,"1000",4.33660840162378,"IV"
26,"1000",5.67016792420279,"IV"
27,"1000",4.68712175063199,"IV"
28,"1000",6.20117673385643,"IV"
29,"1000",7.80538590329424,"IV"
30,"1000",7.36125752990176,"IV"
31,"1000",4.17695389120856,"IV"
32,"1000",6.60778143957812,"IV"
33,"1000",6.96634329950163,"IV"
34,"1000",5.92606472576467,"IV"
35,"1000",6.01869731566581,"IV"
36,"1000",5.03777406129143,"IV"
37,"1000",4.66835394993695,"IV"
38,"1000",5.61230340905258,"IV"
39,"1000",8.18738399238954,"IV"
40,"1000",6.5636340238122,"IV"
41,"1000",6.82628155104742,"IV"
42,"1000",5.38011600131493,"IV"
43,"1000",5.8837869848682,"IV"
44,"1000",5.4274572059344,"IV"
45,"1000",4.19442020405835,"IV"
46,"1000",7.17729352521686,"IV"
47,"1000",4.98895451350527,"IV"
48,"1000",6.16708928699211,"IV"
49,"1000",5.90421239645149,"IV"
50,"1000",5.09450904335058,"IV"
51,"1000",6.29867706568475,"IV"
52,"1000",4.09869861335746,"IV"
53,"1000",5.73245766288135,"IV"
54,"1000",6.05126413573373,"IV"
55,"1000",6.57173444378699,"IV"
56,"1000",7.71393391226746,"IV"
57,"1000",6.21850200609835,"IV"
58,"1000",5.52774943913145,"IV"
59,"1000",4.77103576957733,"IV"
60,"1000",6.23326113434857,"IV"
61,"1000",7.41578313540947,"IV"
62,"1000",8.1837775026207,"IV"
63,"1000",5.07115029058188,"IV"
64,"1000",4.90280444251636,"IV"
65,"1000",5.08979974147076,"IV"
66,"1000",8.32759669489461,"IV"
67,"1000",4.36438359057242,"IV"
68,"1000",5.32593914917316,"IV"
69,"1000",8.58503593576903,"IV"
70,"1000",7.60744910611364,"IV"
71,"1000",5.29920917660189,"IV"
72,"1000",5.72584515928233,"IV"
73,"1000",9.17801470916062,"IV"
74,"1000",5.36474742447494,"IV"
75,"1000",5.31783703285642,"IV"
76,"1000",4.77053585874549,"IV"
77,"1000",5.41139861512874,"IV"
78,"1000",5.92000576617609,"IV"
79,"1000",4.59339516584543,"IV"
80,"1000",7.20481962137401,"IV"
81,"1000",6.98760625352064,"IV"
82,"1000",4.47168667745209,"IV"
83,"1000",4.53836043348998,"IV"
84,"1000",7.22781854690462,"IV"
85,"1000",7.57221149793128,"IV"
86,"1000",5.28605307384746,"IV"
87,"1000",9.41620771854273,"IV"
88,"1000",4.36781820625166,"IV"
89,"1000",5.16602826537568,"IV"
90,"1000",6.66810682353614,"IV"
91,"1000",5.25227175648859,"IV"
92,"1000",6.0578887388493,"IV"
93,"1000",5.59411581295712,"IV"
94,"1000",4.72657999593232,"IV"
95,"1000",9.07454591187851,"IV"
96,"1000",4.92736575058929,"IV"
97,"1000",5.77710603836243,"IV"
98,"1000",6.4903071845322,"IV"
99,"1000",3.46548903510604,"IV"
100,"1000",12.9906395379075,"IV"
101,"1000",5.09932403638301,"IV"
102,"1000",4.69136319637925,"IV"
103,"1000",7.78489779472842,"IV"
104,"1000",5.37576971201738,"IV"
105,"1000",6.77600391642841,"IV"
106,"1000",4.89231976516494,"IV"
107,"1000",5.62145772073157,"IV"
108,"1000",5.93390465923264,"IV"
109,"1000",5.0947867969165,"IV"
110,"1000",5.32542554203628,"IV"
111,"1000",6.75764425639394,"IV"
112,"1000",7.35170285605799,"IV"
113,"1000",9.69751554934141,"IV"
114,"1000",5.119533129196,"IV"
115,"1000",3.83666843676185,"IV"
116,"1000",4.25788809947597,"IV"
117,"1000",9.90516499184975,"IV"
118,"1000",8.07521470834983,"IV"
119,"1000",6.19148973571553,"IV"
120,"1000",4.20233814213054,"IV"
121,"1000",4.79900862396657,"IV"
122,"1000",4.90647587089791,"IV"
123,"1000",7.56576262041194,"IV"
124,"1000",4.08071555891695,"IV"
125,"1000",6.69782944585404,"IV"
126,"1000",5.70586028214325,"IV"
127,"1000",5.11387870237434,"IV"
128,"1000",4.18978313072723,"IV"
129,"1000",4.52392357566696,"IV"
130,"1000",7.57352335070788,"IV"
131,"1000",4.71605618908125,"IV"
132,"1000",4.48948115346338,"IV"
133,"1000",8.022614662027,"IV"
134,"1000",4.84779747120561,"IV"
135,"1000",4.67104470750567,"IV"
136,"1000",4.45246562685733,"IV"
137,"1000",7.5201289016485,"IV"
138,"1000",9.00064849181879,"IV"
139,"1000",7.16013685777421,"IV"
140,"1000",7.63616148154128,"IV"
141,"1000",5.85528316906659,"IV"
142,"1000",4.77640695505047,"IV"
143,"1000",4.91219541192463,"IV"
144,"1000",5.42143677210402,"IV"
145,"1000",8.24944777145633,"IV"
146,"1000",5.51685852258394,"IV"
147,"1000",4.22889329661763,"IV"
148,"1000",7.15611923962944,"IV"
149,"1000",5.10888556076032,"IV"
150,"1000",6.63812070703612,"IV"
151,"1000",4.62433591605874,"IV"
152,"1000",5.10980694192143,"IV"
153,"1000",10.2490675789461,"IV"
154,"1000",4.99708706971461,"IV"
155,"1000",5.49925209224792,"IV"
156,"1000",6.72044396729433,"IV"
157,"1000",4.27579052723468,"IV"
158,"1000",4.53042282461816,"IV"
159,"1000",5.65238362021889,"IV"
160,"1000",4.12557986378249,"IV"
161,"1000",6.59387818004521,"IV"
162,"1000",6.96459630787308,"IV"
163,"1000",4.34761474469056,"IV"
164,"1000",3.48724198597121,"IV"
165,"1000",5.32129205237725,"IV"
166,"1000",6.03820954402027,"IV"
167,"1000",6.16645290870693,"IV"
168,"1000",6.42968127915397,"IV"
169,"1000",4.52056512090328,"IV"
170,"1000",3.84796998047274,"IV"
171,"1000",10.3507614746448,"IV"
172,"1000",10.8358701396345,"IV"
173,"1000",8.03791031978458,"IV"
174,"1000",6.70455942550152,"IV"
175,"1000",4.97827406696507,"IV"
176,"1000",4.8978662356416,"IV"
177,"1000",6.81195657911072,"IV"
178,"1000",4.19414152699769,"IV"
179,"1000",7.05523237482347,"IV"
180,"1000",5.02240485432296,"IV"
181,"1000",5.3729596139488,"IV"
182,"1000",9.0736435494015,"IV"
183,"1000",6.19687637032248,"IV"
184,"1000",6.42040315016395,"IV"
185,"1000",6.97435878336056,"IV"
186,"1000",9.29160517004879,"IV"
187,"1000",6.87696978338479,"IV"
188,"1000",5.91244740411856,"IV"
189,"1000",9.17675994950926,"IV"
190,"1000",12.8722861159604,"IV"
191,"1000",6.05508725827779,"IV"
192,"1000",6.3381116378723,"IV"
193,"1000",5.48659764332082,"IV"
194,"1000",4.83699661382781,"IV"
195,"1000",4.88382849665218,"IV"
196,"1000",5.11714793323978,"IV"
197,"1000",7.91253897927165,"IV"
198,"1000",6.10411281214061,"IV"
199,"1000",5.4554274929908,"IV"
200,"1000",5.74659682421174,"IV"
201,"1000",4.64238524235734,"IV"
202,"1000",5.09702695309572,"IV"
203,"1000",5.52349170626835,"IV"
204,"1000",8.3364273431304,"IV"
205,"1000",18.723022198085,"IV"
206,"1000",8.28350071371336,"IV"
207,"1000",6.35318720717086,"IV"
208,"1000",7.57098139114035,"IV"
209,"1000",4.66489668207045,"IV"
210,"1000",5.1318312322233,"IV"
211,"1000",8.99243229181783,"IV"
212,"1000",5.9287729156781,"IV"
213,"1000",4.92043053240284,"IV"
214,"1000",4.67124727556485,"IV"
215,"1000",5.46445846823821,"IV"
216,"1000",7.52428864957233,"IV"
217,"1000",3.65397412734854,"IV"
218,"1000",7.56277905463719,"IV"
219,"1000",4.91889048596658,"IV"
220,"1000",5.56562900484739,"IV"
221,"1000",8.2977526455697,"IV"
222,"1000",8.20125220239041,"IV"
223,"1000",7.07219134346763,"IV"
224,"1000",4.87227528154336,"IV"
225,"1000",6.26020254208966,"IV"
226,"1000",18.5387290506349,"IV"
227,"1000",5.62865520229728,"IV"
228,"1000",3.94373404782709,"IV"
229,"1000",4.98038013553258,"IV"
230,"1000",6.46321043902636,"IV"
231,"1000",6.6254102024865,"IV"
232,"1000",4.36317324011724,"IV"
233,"1000",4.79218558622323,"IV"
234,"1000",9.83600446840494,"IV"
235,"1000",5.75907787710527,"IV"
236,"1000",5.8999259030279,"IV"
237,"1000",4.82718264380389,"IV"
238,"1000",5.5524623028616,"IV"
239,"1000",4.55230522807285,"IV"
240,"1000",7.55208946305946,"IV"
241,"1000",6.07142840439186,"IV"
242,"1000",6.11119441935206,"IV"
243,"1000",4.86705996262908,"IV"
244,"1000",8.82693223641147,"IV"
245,"1000",3.28066725053123,"IV"
246,"1000",3.96809776381117,"IV"
247,"1000",5.82012086302156,"IV"
248,"1000",5.5532765368396,"IV"
249,"1000",6.0687456747062,"IV"
250,"1000",5.76360433034506,"IV"
251,"1000",5.69707787146796,"IV"
252,"1000",4.73903168837311,"IV"
253,"1000",5.61864641730321,"IV"
254,"1000",4.59193913226787,"IV"
255,"1000",4.10260959895788,"IV"
256,"1000",5.23825176308164,"IV"
257,"1000",3.87057761058628,"IV"
258,"1000",9.60414521725076,"IV"
259,"1000",4.53121817559834,"IV"
260,"1000",6.09737224151467,"IV"
261,"1000",6.58446971977226,"IV"
262,"1000",8.50461889737194,"IV"
263,"1000",4.37609464497457,"IV"
264,"1000",6.90016788850137,"IV"
265,"1000",9.80858402065138,"IV"
266,"1000",4.89545102594068,"IV"
267,"1000",6.04538231027137,"IV"
268,"1000",6.23422228063096,"IV"
269,"1000",5.20059261854238,"IV"
270,"1000",5.45957880929259,"IV"
271,"1000",5.19832093393989,"IV"
272,"1000",6.91101524544478,"IV"
273,"1000",6.90992527774728,"IV"
274,"1000",4.49154128956933,"IV"
275,"1000",4.67483090590426,"IV"
276,"1000",5.81133167455075,"IV"
277,"1000",7.32921400058217,"IV"
278,"1000",7.89014236382996,"IV"
279,"1000",6.25882834655465,"IV"
280,"1000",4.75016888548331,"IV"
281,"1000",4.3274404808799,"IV"
282,"1000",5.5965533138866,"IV"
283,"1000",5.99989787965555,"IV"
284,"1000",7.17964150926118,"IV"
285,"1000",4.00492182284717,"IV"
286,"1000",5.34351017271784,"IV"
287,"1000",4.37019329810879,"IV"
288,"1000",4.27719281197881,"IV"
289,"1000",4.54194145521057,"IV"
290,"1000",6.03621625199725,"IV"
291,"1000",5.54618893733625,"IV"
292,"1000",4.09419251455618,"IV"
293,"1000",9.52832126840383,"IV"
294,"1000",5.25227361293554,"IV"
295,"1000",6.07777156249813,"IV"
296,"1000",12.5110589499315,"IV"
297,"1000",7.17051726957485,"IV"
298,"1000",5.12053273422797,"IV"
299,"1000",6.09558122880313,"IV"
300,"1000",4.01185872829212,"IV"
301,"1000",8.41485778077677,"IV"
302,"1000",5.7090400264046,"IV"
303,"1000",6.7566425259482,"IV"
304,"1000",5.11602273061847,"IV"
305,"1000",4.15861036666703,"IV"
306,"1000",8.691366994463,"IV"
307,"1000",4.25890898240946,"IV"
308,"1000",6.12897459628987,"IV"
309,"1000",4.81169609227425,"IV"
310,"1000",7.56836919052376,"IV"
311,"1000",5.80693203758971,"IV"
312,"1000",3.81467769199231,"IV"
313,"1000",4.97081620979011,"IV"
314,"1000",5.46345644820262,"IV"
315,"1000",4.16028436293515,"IV"
316,"1000",5.97914418003861,"IV"
317,"1000",5.7022043562873,"IV"
318,"1000",4.91772789618756,"IV"
319,"1000",8.31639528069385,"IV"
320,"1000",5.0798471328791,"IV"
321,"1000",4.89627927441864,"IV"
322,"1000",7.13765268600175,"IV"
323,"1000",6.22464171077083,"IV"
324,"1000",8.17331181612514,"IV"
325,"1000",4.42207908700517,"IV"
326,"1000",5.02126432607028,"IV"
327,"1000",10.3256193220167,"IV"
328,"1000",5.10118922434233,"IV"
329,"1000",6.2432541717646,"IV"
330,"1000",5.54720200209502,"IV"
331,"1000",7.90249647537049,"IV"
332,"1000",4.36574360744654,"IV"
333,"1000",5.52272109060985,"IV"
334,"1000",5.1875896755075,"IV"
335,"1000",5.3841656465888,"IV"
336,"1000",5.47417938354608,"IV"
337,"1000",5.23099218391561,"IV"
338,"1000",4.75499264655984,"IV"
339,"1000",4.6496232912036,"IV"
340,"1000",5.56971916350579,"IV"
341,"1000",4.04898992564516,"IV"
342,"1000",6.97213256036989,"IV"
343,"1000",24.1845789568993,"IV"
344,"1000",4.75492284532906,"IV"
345,"1000",10.0535097360639,"IV"
346,"1000",5.39197112010267,"IV"
347,"1000",5.08753289309566,"IV"
348,"1000",4.01898911468433,"IV"
349,"1000",5.60695060151586,"IV"
350,"1000",5.36234262794502,"IV"
351,"1000",4.24357552436211,"IV"
352,"1000",4.11852392065108,"IV"
353,"1000",6.05540806920897,"IV"
354,"1000",9.506939965794,"IV"
355,"1000",6.45784165392849,"IV"
356,"1000",16.4287854072432,"IV"
357,"1000",4.98334564303189,"IV"
358,"1000",10.4409680126128,"IV"
359,"1000",5.05315402382319,"IV"
360,"1000",6.66809596149985,"IV"
361,"1000",6.35548557726205,"IV"
362,"1000",5.49120398110123,"IV"
363,"1000",6.48835906193583,"IV"
364,"1000",5.58921907655719,"IV"
365,"1000",5.00570027846394,"IV"
366,"1000",4.08333142713831,"IV"
367,"1000",6.06566341575879,"IV"
368,"1000",5.47191730064917,"IV"
369,"1000",4.94639325533441,"IV"
370,"1000",5.37261825505121,"IV"
371,"1000",5.11885879395149,"IV"
372,"1000",4.11362941443651,"IV"
373,"1000",5.6984113955205,"IV"
374,"1000",5.97124086297482,"IV"
375,"1000",5.49991768166594,"IV"
376,"1000",5.2636560015625,"IV"
377,"1000",8.22469996370156,"IV"
378,"1000",6.36275478899892,"IV"
379,"1000",6.07144609906865,"IV"
380,"1000",5.57555680525217,"IV"
381,"1000",10.3470905309676,"IV"
382,"1000",5.95175256856571,"IV"
383,"1000",4.29876076199193,"IV"
384,"1000",5.12907978726892,"IV"
385,"1000",5.51851495199293,"IV"
386,"1000",6.05399164271569,"IV"
387,"1000",6.07736341900513,"IV"
388,"1000",7.07136245373502,"IV"
389,"1000",4.28439364862745,"IV"
390,"1000",8.98262733050729,"IV"
391,"1000",4.48444575192448,"IV"
392,"1000",4.63736866927654,"IV"
393,"1000",3.56866738417218,"IV"
394,"1000",5.55669780428789,"IV"
395,"1000",5.86215437055707,"IV"
396,"1000",5.31149252535492,"IV"
397,"1000",7.23407939608342,"IV"
398,"1000",6.95448220546701,"IV"
399,"1000",4.50127904581301,"IV"
400,"1000",5.19606213261211,"IV"
401,"1000",4.80568022141773,"IV"
402,"1000",4.77521753663463,"IV"
403,"1000",6.86059125126569,"IV"
404,"1000",5.37210577305819,"IV"
405,"1000",6.91812941529209,"IV"
406,"1000",5.09874273081722,"IV"
407,"1000",4.9546275292719,"IV"
408,"1000",6.14867889937376,"IV"
409,"1000",10.0517826293678,"IV"
410,"1000",4.40445259564269,"IV"
411,"1000",9.13973814559055,"IV"
412,"1000",7.18614483815715,"IV"
413,"1000",4.51357560599502,"IV"
414,"1000",4.36292716972302,"IV"
415,"1000",4.88444440874866,"IV"
416,"1000",4.77732475262399,"IV"
417,"1000",4.95669338548504,"IV"
418,"1000",5.65794593146706,"IV"
419,"1000",5.58355877057843,"IV"
420,"1000",5.25092202493957,"IV"
421,"1000",6.6921927976187,"IV"
422,"1000",4.62671562761658,"IV"
423,"1000",5.12350711049686,"IV"
424,"1000",5.4258861560004,"IV"
425,"1000",5.25224098149494,"IV"
426,"1000",4.65161758371591,"IV"
427,"1000",4.09925322975003,"IV"
428,"1000",9.1611770631583,"IV"
429,"1000",5.33944307484787,"IV"
430,"1000",3.56026712487459,"IV"
431,"1000",6.67562380287031,"IV"
432,"1000",3.24072498282951,"IV"
433,"1000",4.71042529464767,"IV"
434,"1000",6.13844793362039,"IV"
435,"1000",11.9605884660941,"IV"
436,"1000",5.41635842486904,"IV"
437,"1000",5.91270410190086,"IV"
438,"1000",5.52970369597406,"IV"
439,"1000",5.4858359070513,"IV"
440,"1000",8.83368520571783,"IV"
441,"1000",5.06969229450422,"IV"
442,"1000",6.82256743069452,"IV"
443,"1000",8.44296226733752,"IV"
444,"1000",6.21370068516891,"IV"
445,"1000",5.13757807548437,"IV"
446,"1000",5.33742894709763,"IV"
447,"1000",6.81752597115872,"IV"
448,"1000",4.16034726320553,"IV"
449,"1000",5.97981579057998,"IV"
450,"1000",7.80188509514524,"IV"
451,"1000",6.26094224884408,"IV"
452,"1000",5.85903250897335,"IV"
453,"1000",5.39595636312746,"IV"
454,"1000",5.92074399119256,"IV"
455,"1000",6.98413165776315,"IV"
456,"1000",4.19967242879805,"IV"
457,"1000",4.94605454813289,"IV"
458,"1000",8.06954794081786,"IV"
459,"1000",4.42203625079472,"IV"
460,"1000",4.68696452637059,"IV"
461,"1000",6.70266940380763,"IV"
462,"1000",5.06358173790433,"IV"
463,"1000",5.74537853961939,"IV"
464,"1000",5.19240091486732,"IV"
465,"1000",6.4318902488242,"IV"
466,"1000",5.95811859741849,"IV"
467,"1000",3.51542024027148,"IV"
468,"1000",5.55857548273107,"IV"
469,"1000",7.58226165227386,"IV"
470,"1000",7.22926412271356,"IV"
471,"1000",6.55304683189115,"IV"
472,"1000",8.96624562877423,"IV"
473,"1000",8.8717294508666,"IV"
474,"1000",4.06298863806422,"IV"
475,"1000",7.54236824512639,"IV"
476,"1000",7.5976332450797,"IV"
477,"1000",4.6710902985003,"IV"
478,"1000",4.83969802614944,"IV"
479,"1000",8.08238636705122,"IV"
480,"1000",7.83691241496928,"IV"
481,"1000",7.04208668013669,"IV"
482,"1000",6.20214150382906,"IV"
483,"1000",5.29043602995191,"IV"
484,"1000",4.61141691966294,"IV"
485,"1000",6.79408662763509,"IV"
486,"1000",5.29925038807849,"IV"
487,"1000",11.8099930578756,"IV"
488,"1000",6.95851153042316,"IV"
489,"1000",7.20104614364338,"IV"
490,"1000",6.02021460188814,"IV"
491,"1000",13.311491547184,"IV"
492,"1000",6.69245010492428,"IV"
493,"1000",6.15783361310051,"IV"
494,"1000",5.809178618292,"IV"
495,"1000",6.7649975348393,"IV"
496,"1000",4.53432868948387,"IV"
497,"1000",5.59731737422714,"IV"
498,"1000",4.34978909249742,"IV"
499,"1000",7.89819758942471,"IV"
500,"1000",6.17434105919461,"IV"
501,"1000",4.70912222109865,"IV"
502,"1000",4.65054604603868,"IV"
503,"1000",4.49834918416704,"IV"
504,"1000",7.82544994177693,"IV"
505,"1000",10.2501166991659,"IV"
506,"1000",10.1405616514093,"IV"
507,"1000",4.97014840356793,"IV"
508,"1000",5.19884904329184,"IV"
509,"1000",5.04235620700428,"IV"
510,"1000",5.68782049556095,"IV"
511,"1000",6.62760314246259,"IV"
512,"1000",4.49777019069225,"IV"
513,"1000",4.99227999028732,"IV"
514,"1000",8.71239426039706,"IV"
515,"1000",4.39450281841693,"IV"
516,"1000",3.67365843499179,"IV"
517,"1000",4.0176480938422,"IV"
518,"1000",5.02646165770322,"IV"
519,"1000",5.11077020936435,"IV"
520,"1000",5.4483013291375,"IV"
521,"1000",4.91584660075472,"IV"
522,"1000",6.33073229174444,"IV"
523,"1000",9.35767897778137,"IV"
524,"1000",5.47019364008491,"IV"
525,"1000",6.15708518464886,"IV"
526,"1000",5.1537169403912,"IV"
527,"1000",4.97021783690153,"IV"
528,"1000",4.46758882470299,"IV"
529,"1000",9.02606588347025,"IV"
530,"1000",6.25543990435362,"IV"
531,"1000",4.45995437425643,"IV"
532,"1000",6.16192407365031,"IV"
533,"1000",6.0856196358293,"IV"
534,"1000",5.13755615723999,"IV"
535,"1000",5.93250787299183,"IV"
536,"1000",7.43657878749022,"IV"
537,"1000",4.80762414831373,"IV"
538,"1000",5.4878815225167,"IV"
539,"1000",6.69508642760319,"IV"
540,"1000",6.97065575165309,"IV"
541,"1000",6.48759649697388,"IV"
542,"1000",6.73325539434082,"IV"
543,"1000",5.92284410357268,"IV"
544,"1000",7.56771989306982,"IV"
545,"1000",8.82017094005024,"IV"
546,"1000",4.42578491006325,"IV"
547,"1000",5.8952902387656,"IV"
548,"1000",7.07439932057678,"IV"
549,"1000",5.22821773917276,"IV"
550,"1000",4.65124138022534,"IV"
551,"1000",4.48735302154705,"IV"
552,"1000",8.74705376007606,"IV"
553,"1000",6.47843404123567,"IV"
554,"1000",4.30005888870579,"IV"
555,"1000",4.82426158449625,"IV"
556,"1000",4.85873696210351,"IV"
557,"1000",4.25564007929106,"IV"
558,"1000",6.42193558169415,"IV"
559,"1000",6.55634587254569,"IV"
560,"1000",5.67929664470918,"IV"
561,"1000",4.91241064680228,"IV"
562,"1000",6.34272459808527,"IV"
563,"1000",5.49767441879186,"IV"
564,"1000",6.32988431765958,"IV"
565,"1000",5.91328891930544,"IV"
566,"1000",5.16192953460432,"IV"
567,"1000",5.43190750016759,"IV"
568,"1000",6.62000411981364,"IV"
569,"1000",4.7717507926081,"IV"
570,"1000",4.99159578012599,"IV"
571,"1000",7.95381202160182,"IV"
572,"1000",11.4182220693028,"IV"
573,"1000",4.99056531062348,"IV"
574,"1000",7.1072955190294,"IV"
575,"1000",5.09368812783678,"IV"
576,"1000",6.2297839748358,"IV"
577,"1000",5.7458074604321,"IV"
578,"1000",7.1288625028897,"IV"
579,"1000",4.77539658020196,"IV"
580,"1000",4.7555482673914,"IV"
581,"1000",7.0769033787309,"IV"
582,"1000",5.43868536678245,"IV"
583,"1000",4.93052655813368,"IV"
584,"1000",5.98032905149953,"IV"
585,"1000",7.43618728878845,"IV"
586,"1000",6.98798634137802,"IV"
587,"1000",9.8827594143754,"IV"
588,"1000",5.9289684571447,"IV"
589,"1000",6.88284250391216,"IV"
590,"1000",5.59084692877605,"IV"
591,"1000",3.79261433792465,"IV"
592,"1000",5.50214067063475,"IV"
593,"1000",5.45427764100059,"IV"
594,"1000",4.29021773855321,"IV"
595,"1000",5.08385249514364,"IV"
596,"1000",4.03992216760893,"IV"
597,"1000",9.11408030014207,"IV"
598,"1000",10.0563817662194,"IV"
599,"1000",5.09765992350482,"IV"
600,"1000",6.37887455222534,"IV"
601,"1000",8.56235970641858,"IV"
602,"1000",4.5935942537195,"IV"
603,"1000",5.21600009633069,"IV"
604,"1000",5.9402783691514,"IV"
605,"1000",4.31581252898051,"IV"
606,"1000",7.14416738925908,"IV"
607,"1000",4.67745976008597,"IV"
608,"1000",6.15139722808196,"IV"
609,"1000",5.7527557960368,"IV"
610,"1000",8.85309396657358,"IV"
611,"1000",4.81327274272553,"IV"
612,"1000",7.83513309563937,"IV"
613,"1000",7.33341968430302,"IV"
614,"1000",7.82119196133375,"IV"
615,"1000",5.7050130248316,"IV"
616,"1000",6.51845891617398,"IV"
617,"1000",8.83897557582119,"IV"
618,"1000",6.57458762265197,"IV"
619,"1000",3.52678489132345,"IV"
620,"1000",7.9472423107515,"IV"
621,"1000",6.03195914819663,"IV"
622,"1000",4.49433194938546,"IV"
623,"1000",4.044777151837,"IV"
624,"1000",4.37359550221104,"IV"
625,"1000",5.16511025229277,"IV"
626,"1000",6.23859142362376,"IV"
627,"1000",5.78354143394074,"IV"
628,"1000",5.49488826756011,"IV"
629,"1000",7.55487744181087,"IV"
630,"1000",4.14736081738879,"IV"
631,"1000",5.52401080444407,"IV"
632,"1000",5.76274949177999,"IV"
633,"1000",4.80046161220015,"IV"
634,"1000",10.8672637224387,"IV"
635,"1000",7.5706655037617,"IV"
636,"1000",5.3945833027591,"IV"
637,"1000",4.77893236195601,"IV"
638,"1000",5.97689606235218,"IV"
639,"1000",5.33181440435834,"IV"
640,"1000",4.9353388770807,"IV"
641,"1000",4.65317564731686,"IV"
642,"1000",5.02378040675512,"IV"
643,"1000",5.98904149252113,"IV"
644,"1000",8.37190712812198,"IV"
645,"1000",9.26094368622846,"IV"
646,"1000",5.0030867511812,"IV"
647,"1000",6.02910732863939,"IV"
648,"1000",10.2854257126739,"IV"
649,"1000",7.19990885237082,"IV"
650,"1000",15.2032869596984,"IV"
651,"1000",6.0390078635299,"IV"
652,"1000",4.88677232576587,"IV"
653,"1000",6.94118464991394,"IV"
654,"1000",6.01524031942016,"IV"
655,"1000",4.71470828188313,"IV"
656,"1000",7.37606089283847,"IV"
657,"1000",8.86127176605258,"IV"
658,"1000",5.71373770409842,"IV"
659,"1000",4.1183038754635,"IV"
660,"1000",6.99949584563479,"IV"
661,"1000",8.82403043661012,"IV"
662,"1000",4.22718187132849,"IV"
663,"1000",4.87043734807574,"IV"
664,"1000",4.56267956344583,"IV"
665,"1000",7.71642397614681,"IV"
666,"1000",6.25892848889605,"IV"
667,"1000",6.176440857627,"IV"
668,"1000",4.46301287179336,"IV"
669,"1000",4.18777552100246,"IV"
670,"1000",5.88915015740738,"IV"
671,"1000",6.77497969696376,"IV"
672,"1000",4.52776149559682,"IV"
673,"1000",5.22649872816557,"IV"
674,"1000",4.39183044589977,"IV"
675,"1000",5.48044942176163,"IV"
676,"1000",3.99097985747692,"IV"
677,"1000",3.89732189518868,"IV"
678,"1000",5.02081443589229,"IV"
679,"1000",5.30964408976553,"IV"
680,"1000",4.31040893893763,"IV"
681,"1000",5.09145143942435,"IV"
682,"1000",5.15866100422167,"IV"
683,"1000",6.14983192796591,"IV"
684,"1000",8.4566157560269,"IV"
685,"1000",6.12878483695936,"IV"
686,"1000",5.09181681883935,"IV"
687,"1000",7.21689589829426,"IV"
688,"1000",4.53003275900563,"IV"
689,"1000",4.04635623321418,"IV"
690,"1000",6.32417126383746,"IV"
691,"1000",4.23212078126214,"IV"
692,"1000",5.3041033775161,"IV"
693,"1000",6.23278563327079,"IV"
694,"1000",6.60759518630123,"IV"
695,"1000",7.34935716059173,"IV"
696,"1000",6.40813827465126,"IV"
697,"1000",4.089393589609,"IV"
698,"1000",4.15680418256293,"IV"
699,"1000",15.4451725356016,"IV"
700,"1000",5.38893221177339,"IV"
701,"1000",5.39433998450075,"IV"
702,"1000",6.38092022969176,"IV"
703,"1000",5.98158514415655,"IV"
704,"1000",5.10705010030245,"IV"
705,"1000",6.72325220935659,"IV"
706,"1000",5.40259038982234,"IV"
707,"1000",5.62684997104805,"IV"
708,"1000",6.11013091431144,"IV"
709,"1000",5.021160869128,"IV"
710,"1000",4.38446449021016,"IV"
711,"1000",5.81372862030677,"IV"
712,"1000",5.87031829077721,"IV"
713,"1000",7.06984226965414,"IV"
714,"1000",4.36706443346684,"IV"
715,"1000",7.20932898481763,"IV"
716,"1000",8.18603836229705,"IV"
717,"1000",7.88043575982909,"IV"
718,"1000",6.12702765067675,"IV"
719,"1000",4.36087308097408,"IV"
720,"1000",4.94801435926298,"IV"
721,"1000",5.91220182747356,"IV"
722,"1000",6.7045092909959,"IV"
723,"1000",5.27628862536993,"IV"
724,"1000",4.87842652425631,"IV"
725,"1000",11.7029292233259,"IV"
726,"1000",5.26864339397049,"IV"
727,"1000",3.75111728872492,"IV"
728,"1000",6.33900857801879,"IV"
729,"1000",9.14052995953975,"IV"
730,"1000",5.24788822017241,"IV"
731,"1000",6.54589769978444,"IV"
732,"1000",5.2553183987503,"IV"
733,"1000",6.44537031037972,"IV"
734,"1000",5.44986953514287,"IV"
735,"1000",7.11109835909635,"IV"
736,"1000",6.76247795034387,"IV"
737,"1000",5.81533167488155,"IV"
738,"1000",7.05060578969436,"IV"
739,"1000",4.40164481535943,"IV"
740,"1000",7.81291003157006,"IV"
741,"1000",5.42100415857651,"IV"
742,"1000",11.4596847686638,"IV"
743,"1000",4.45713662384202,"IV"
744,"1000",5.05885584960532,"IV"
745,"1000",6.29329728568338,"IV"
746,"1000",4.41730014767866,"IV"
747,"1000",7.91044023763154,"IV"
748,"1000",4.8159292999558,"IV"
749,"1000",4.88086496890934,"IV"
750,"1000",6.06564183480807,"IV"
751,"1000",5.9253313144983,"IV"
752,"1000",6.01758506791115,"IV"
753,"1000",4.69178690499739,"IV"
754,"1000",9.45359691338962,"IV"
755,"1000",7.07545893012908,"IV"
756,"1000",6.80747486316093,"IV"
757,"1000",6.55951243186805,"IV"
758,"1000",5.5418284509858,"IV"
759,"1000",5.21486881780005,"IV"
760,"1000",5.25703399472589,"IV"
761,"1000",6.95057142448119,"IV"
762,"1000",6.8166054466505,"IV"
763,"1000",8.63325136850251,"IV"
764,"1000",6.69580014581307,"IV"
765,"1000",4.80172699347346,"IV"
766,"1000",3.93488339194618,"IV"
767,"1000",13.5398491857556,"IV"
768,"1000",3.76182960349896,"IV"
769,"1000",5.42815722917854,"IV"
770,"1000",9.06906432786007,"IV"
771,"1000",4.0183392540001,"IV"
772,"1000",4.05927108907831,"IV"
773,"1000",4.14157319885193,"IV"
774,"1000",4.25403639496647,"IV"
775,"1000",5.5210890223089,"IV"
776,"1000",6.08870962943122,"IV"
777,"1000",5.36321810364255,"IV"
778,"1000",9.62078525804304,"IV"
779,"1000",4.33047102807648,"IV"
780,"1000",5.95967082130594,"IV"
781,"1000",7.83374117216502,"IV"
782,"1000",5.22268155603562,"IV"
783,"1000",5.0283331949709,"IV"
784,"1000",7.46577254745626,"IV"
785,"1000",4.83212681288241,"IV"
786,"1000",6.39535197209246,"IV"
787,"1000",5.08279146790316,"IV"
788,"1000",7.19849843407254,"IV"
789,"1000",6.28207683344076,"IV"
790,"1000",4.84517951652249,"IV"
791,"1000",5.13040890822346,"IV"
792,"1000",11.8142767703685,"IV"
793,"1000",5.74365627572854,"IV"
794,"1000",5.72257928290465,"IV"
795,"1000",6.43380184815884,"IV"
796,"1000",4.90382201052696,"IV"
797,"1000",6.88048946058595,"IV"
798,"1000",7.66032763807517,"IV"
799,"1000",6.04971107886992,"IV"
800,"1000",4.88257663089377,"IV"
801,"1000",12.5947775247491,"IV"
802,"1000",6.15402652827694,"IV"
803,"1000",5.23102759693019,"IV"
804,"1000",6.29260089707102,"IV"
805,"1000",4.38197283098694,"IV"
806,"1000",5.73347096761156,"IV"
807,"1000",5.9212037709592,"IV"
808,"1000",5.49453493224403,"IV"
809,"1000",4.51630474126038,"IV"
810,"1000",5.1587198251264,"IV"
811,"1000",6.63315237312045,"IV"
812,"1000",5.84333809211993,"IV"
813,"1000",6.61122914068025,"IV"
814,"1000",4.49691745511324,"IV"
815,"1000",7.1757615719976,"IV"
816,"1000",5.51441904398484,"IV"
817,"1000",6.54881606802257,"IV"
818,"1000",4.13427974249295,"IV"
819,"1000",7.18751112519585,"IV"
820,"1000",6.60794710403763,"IV"
821,"1000",6.26798176151084,"IV"
822,"1000",7.02569772264394,"IV"
823,"1000",4.81635050758753,"IV"
824,"1000",6.61275738826573,"IV"
825,"1000",5.82130462099028,"IV"
826,"1000",5.2161177349384,"IV"
827,"1000",7.01338799957302,"IV"
828,"1000",4.96229065756745,"IV"
829,"1000",5.87037987777771,"IV"
830,"1000",4.88381120575657,"IV"
831,"1000",6.65123785937776,"IV"
832,"1000",6.87034367359588,"IV"
833,"1000",4.24047820947069,"IV"
834,"1000",7.48321310230554,"IV"
835,"1000",5.69915358241899,"IV"
836,"1000",6.6717983302342,"IV"
837,"1000",4.51867575379071,"IV"
838,"1000",5.20858415113378,"IV"
839,"1000",6.03878245981293,"IV"
840,"1000",6.9391281211994,"IV"
841,"1000",4.31106880019412,"IV"
842,"1000",8.37292439570432,"IV"
843,"1000",5.37593874651128,"IV"
844,"1000",3.73240681829472,"IV"
845,"1000",7.73860998886709,"IV"
846,"1000",5.95605818362047,"IV"
847,"1000",4.60497569991615,"IV"
848,"1000",5.74798666017154,"IV"
849,"1000",8.81536472012228,"IV"
850,"1000",4.18038383673179,"IV"
851,"1000",7.52277884726372,"IV"
852,"1000",4.62988999118821,"IV"
853,"1000",4.6299372893352,"IV"
854,"1000",9.28512349915705,"IV"
855,"1000",4.18160464871976,"IV"
856,"1000",6.40030021216448,"IV"
857,"1000",4.50245864258565,"IV"
858,"1000",7.18994920185838,"IV"
859,"1000",5.98211563550875,"IV"
860,"1000",3.97317520288502,"IV"
861,"1000",3.55291193733225,"IV"
862,"1000",6.98673673015128,"IV"
863,"1000",4.6196544217823,"IV"
864,"1000",7.45106326623288,"IV"
865,"1000",5.73683185601344,"IV"
866,"1000",4.58920005709715,"IV"
867,"1000",6.0428498160546,"IV"
868,"1000",4.76879579732502,"IV"
869,"1000",4.0694529091306,"IV"
870,"1000",5.08787229915618,"IV"
871,"1000",4.89703952513314,"IV"
872,"1000",8.33459755496028,"IV"
873,"1000",6.77462783361179,"IV"
874,"1000",4.79939829234676,"IV"
875,"1000",4.64387345526581,"IV"
876,"1000",4.18598826557163,"IV"
877,"1000",4.99532544307307,"IV"
878,"1000",5.74287871532709,"IV"
879,"1000",8.23083821348974,"IV"
880,"1000",5.54347722386073,"IV"
881,"1000",5.58838629901596,"IV"
882,"1000",5.66520425869265,"IV"
883,"1000",5.04209621652844,"IV"
884,"1000",5.40582655712196,"IV"
885,"1000",7.31930659301847,"IV"
886,"1000",3.82960237156784,"IV"
887,"1000",4.61797528046741,"IV"
888,"1000",7.76438007715197,"IV"
889,"1000",8.12336045007928,"IV"
890,"1000",4.60103088729443,"IV"
891,"1000",4.9597494870543,"IV"
892,"1000",5.39662861612191,"IV"
893,"1000",6.29557514692001,"IV"
894,"1000",4.87292452326322,"IV"
895,"1000",5.36322360768826,"IV"
896,"1000",5.9884115620662,"IV"
897,"1000",6.26852498956192,"IV"
898,"1000",5.5656678581843,"IV"
899,"1000",6.94875753562879,"IV"
900,"1000",5.1783141689512,"IV"
901,"1000",6.14798180791844,"IV"
902,"1000",5.30462506332402,"IV"
903,"1000",6.77375625150649,"IV"
904,"1000",4.96868095396503,"IV"
905,"1000",6.28034212700844,"IV"
906,"1000",7.3015893065404,"IV"
907,"1000",4.70132736072044,"IV"
908,"1000",9.62707152314687,"IV"
909,"1000",6.07565042445924,"IV"
910,"1000",5.92439250932063,"IV"
911,"1000",4.93351659218433,"IV"
912,"1000",4.30126155889081,"IV"
913,"1000",5.02537605692349,"IV"
914,"1000",5.9262282584253,"IV"
915,"1000",4.72369769382679,"IV"
916,"1000",5.40854349615325,"IV"
917,"1000",5.07550240588278,"IV"
918,"1000",7.79173162180248,"IV"
919,"1000",6.2522300326726,"IV"
920,"1000",5.57987073125061,"IV"
921,"1000",6.67877054380549,"IV"
922,"1000",5.82974981176005,"IV"
923,"1000",5.83472132747375,"IV"
924,"1000",8.54536488432782,"IV"
925,"1000",4.34442354708742,"IV"
926,"1000",4.3461107049198,"IV"
927,"1000",5.58715059462445,"IV"
928,"1000",5.97221948011554,"IV"
929,"1000",6.05266566244599,"IV"
930,"1000",11.9465462447542,"IV"
931,"1000",5.03290348065593,"IV"
932,"1000",4.73050439144178,"IV"
933,"1000",7.84541983462657,"IV"
934,"1000",4.11186810134276,"IV"
935,"1000",10.7797243474422,"IV"
936,"1000",5.93687378426961,"IV"
937,"1000",6.95487209900545,"IV"
938,"1000",4.67167324260305,"IV"
939,"1000",5.83425266030834,"IV"
940,"1000",7.9083916919613,"IV"
941,"1000",5.82856529117957,"IV"
942,"1000",5.03857889256312,"IV"
943,"1000",3.83908560028347,"IV"
944,"1000",6.32125232082359,"IV"
945,"1000",5.47504218447397,"IV"
946,"1000",3.64724473383054,"IV"
947,"1000",7.96364066541562,"IV"
948,"1000",5.1671207250851,"IV"
949,"1000",5.0513578868012,"IV"
950,"1000",5.67286874982901,"IV"
951,"1000",6.0816686089946,"IV"
952,"1000",6.63435613982364,"IV"
953,"1000",5.33480924285446,"IV"
954,"1000",4.4752685165466,"IV"
955,"1000",10.2794341212279,"IV"
956,"1000",4.03476432322856,"IV"
957,"1000",7.43251580059127,"IV"
958,"1000",4.91522619410301,"IV"
959,"1000",4.47660607227516,"IV"
960,"1000",9.10593860998354,"IV"
961,"1000",5.0342213317094,"IV"
962,"1000",7.98135167584395,"IV"
963,"1000",6.00447703743865,"IV"
964,"1000",5.61372565057828,"IV"
965,"1000",4.15618207811523,"IV"
966,"1000",4.04344522152094,"IV"
967,"1000",5.76655181314088,"IV"
968,"1000",11.7140021093417,"IV"
969,"1000",7.95607434492355,"IV"
970,"1000",13.9851290112718,"IV"
971,"1000",5.47978602117037,"IV"
972,"1000",5.12535299735125,"IV"
973,"1000",5.35225462538293,"IV"
974,"1000",4.47907281988132,"IV"
975,"1000",7.154292825076,"IV"
976,"1000",6.44201950975427,"IV"
977,"1000",4.88517077928312,"IV"
978,"1000",4.49091809250358,"IV"
979,"1000",6.49036042078143,"IV"
980,"1000",5.74187104594248,"IV"
981,"1000",6.23828742208339,"IV"
982,"1000",7.76658992080531,"IV"
983,"1000",4.46111744048765,"IV"
984,"1000",5.12376970373502,"IV"
985,"1000",4.81187866089233,"IV"
986,"1000",5.56456603641287,"IV"
987,"1000",7.45754331493737,"IV"
988,"1000",9.24466615345396,"IV"
989,"1000",5.58022478968439,"IV"
990,"1000",5.73177954985801,"IV"
991,"1000",4.83332072472427,"IV"
992,"1000",4.66550953038308,"IV"
993,"1000",6.02349208984996,"IV"
994,"1000",4.48474808494918,"IV"
995,"1000",6.72887495680374,"IV"
996,"1000",4.05815682747404,"IV"
997,"1000",4.86960406060974,"IV"
998,"1000",5.82251613977126,"IV"
999,"1000",5.84071210538088,"IV"
1000,"1000",3.46021718871477,"IV"
1,"2000",4.83778991845951,"IV"
2,"2000",4.79310393427236,"IV"
3,"2000",5.12669551114901,"IV"
4,"2000",5.3094047930182,"IV"
5,"2000",5.63796788622808,"IV"
6,"2000",5.68768882479276,"IV"
7,"2000",5.3772341209618,"IV"
8,"2000",7.46614657483261,"IV"
9,"2000",6.80291756116249,"IV"
10,"2000",6.54876704593229,"IV"
11,"2000",4.68940808619676,"IV"
12,"2000",8.04464502551159,"IV"
13,"2000",5.03917599698923,"IV"
14,"2000",4.91011923085521,"IV"
15,"2000",4.66356637195332,"IV"
16,"2000",6.15645715528575,"IV"
17,"2000",4.50094359199939,"IV"
18,"2000",6.33479262799471,"IV"
19,"2000",4.81620186639424,"IV"
20,"2000",5.54336679949251,"IV"
21,"2000",5.84713645361184,"IV"
22,"2000",5.42009154763022,"IV"
23,"2000",6.7342269854659,"IV"
24,"2000",6.01928669625455,"IV"
25,"2000",7.64995500827872,"IV"
26,"2000",5.07298566005993,"IV"
27,"2000",4.24263379300318,"IV"
28,"2000",4.53748555337966,"IV"
29,"2000",6.8404484137062,"IV"
30,"2000",7.39687483630792,"IV"
31,"2000",4.90995607885357,"IV"
32,"2000",5.21197334054085,"IV"
33,"2000",4.93686216355402,"IV"
34,"2000",5.85881285655887,"IV"
35,"2000",5.70831426847822,"IV"
36,"2000",5.43584891659289,"IV"
37,"2000",5.25944146124773,"IV"
38,"2000",5.91070572284487,"IV"
39,"2000",5.65719515867346,"IV"
40,"2000",4.35194574496946,"IV"
41,"2000",4.91612527615042,"IV"
42,"2000",5.77425638316963,"IV"
43,"2000",5.24699876070986,"IV"
44,"2000",5.51405511637226,"IV"
45,"2000",5.796599019222,"IV"
46,"2000",5.05352125049886,"IV"
47,"2000",6.32029868363146,"IV"
48,"2000",4.65092312348807,"IV"
49,"2000",5.80156782845757,"IV"
50,"2000",5.9178472034539,"IV"
51,"2000",6.59843926784442,"IV"
52,"2000",5.05365977127181,"IV"
53,"2000",6.86341036283634,"IV"
54,"2000",5.51574240247968,"IV"
55,"2000",5.73324422184432,"IV"
56,"2000",5.22998459654255,"IV"
57,"2000",4.54957777874784,"IV"
58,"2000",6.95194240395989,"IV"
59,"2000",5.24803437729094,"IV"
60,"2000",6.94543942715869,"IV"
61,"2000",6.66483952686883,"IV"
62,"2000",5.98027449410135,"IV"
63,"2000",8.01347604333086,"IV"
64,"2000",5.95242386572117,"IV"
65,"2000",5.29811610918823,"IV"
66,"2000",8.13374409709025,"IV"
67,"2000",10.3625207710955,"IV"
68,"2000",4.60579583085503,"IV"
69,"2000",5.03437688837004,"IV"
70,"2000",5.82824751013602,"IV"
71,"2000",4.57240776528995,"IV"
72,"2000",3.90286280637579,"IV"
73,"2000",5.56478579561476,"IV"
74,"2000",5.92208367326258,"IV"
75,"2000",4.95416225715323,"IV"
76,"2000",5.79934714138174,"IV"
77,"2000",6.66589307400574,"IV"
78,"2000",5.69933165348948,"IV"
79,"2000",4.31854770797711,"IV"
80,"2000",5.50819982636809,"IV"
81,"2000",4.35607868261574,"IV"
82,"2000",6.05606331435707,"IV"
83,"2000",5.0409126635548,"IV"
84,"2000",6.13905481465159,"IV"
85,"2000",7.16251221514138,"IV"
86,"2000",4.62889796817616,"IV"
87,"2000",5.73436010701254,"IV"
88,"2000",5.25370515072657,"IV"
89,"2000",6.13575051755785,"IV"
90,"2000",5.46149580845025,"IV"
91,"2000",3.89198664699427,"IV"
92,"2000",5.43117383370885,"IV"
93,"2000",4.27050958047416,"IV"
94,"2000",6.06381813340816,"IV"
95,"2000",7.15958813074538,"IV"
96,"2000",5.75722073664454,"IV"
97,"2000",5.34163000648868,"IV"
98,"2000",5.59881976076547,"IV"
99,"2000",5.97756722070164,"IV"
100,"2000",4.24581516664222,"IV"
101,"2000",6.12582017907121,"IV"
102,"2000",5.52017319286256,"IV"
103,"2000",5.20903356695287,"IV"
104,"2000",7.07454850690576,"IV"
105,"2000",5.94080296652418,"IV"
106,"2000",9.42368831643394,"IV"
107,"2000",7.95231514475449,"IV"
108,"2000",5.16583515443084,"IV"
109,"2000",7.16195543214843,"IV"
110,"2000",6.99047803665466,"IV"
111,"2000",4.78678451459414,"IV"
112,"2000",5.92918448136333,"IV"
113,"2000",5.88588037896648,"IV"
114,"2000",6.06713415104438,"IV"
115,"2000",5.81549597952817,"IV"
116,"2000",6.77889960282719,"IV"
117,"2000",6.04622036791208,"IV"
118,"2000",6.37533857421618,"IV"
119,"2000",5.95438096701306,"IV"
120,"2000",5.48224456496887,"IV"
121,"2000",6.05714416837655,"IV"
122,"2000",6.59870455827101,"IV"
123,"2000",5.35136076153999,"IV"
124,"2000",4.9876850166167,"IV"
125,"2000",6.08806069562099,"IV"
126,"2000",5.64504649714441,"IV"
127,"2000",6.9741204823328,"IV"
128,"2000",6.13228163212801,"IV"
129,"2000",5.8538283195228,"IV"
130,"2000",4.638169678257,"IV"
131,"2000",5.76067872325185,"IV"
132,"2000",4.94717963175175,"IV"
133,"2000",5.9051731616151,"IV"
134,"2000",4.57613965261915,"IV"
135,"2000",4.38182116289134,"IV"
136,"2000",9.86013197543393,"IV"
137,"2000",7.22062252037246,"IV"
138,"2000",7.11160031553945,"IV"
139,"2000",10.0287048482235,"IV"
140,"2000",5.16889012611229,"IV"
141,"2000",6.32862844534443,"IV"
142,"2000",5.30227334187922,"IV"
143,"2000",5.75406938362284,"IV"
144,"2000",5.63134494640449,"IV"
145,"2000",12.1698105548866,"IV"
146,"2000",4.91906657414182,"IV"
147,"2000",4.93482863585793,"IV"
148,"2000",4.67611884240297,"IV"
149,"2000",6.84494879282962,"IV"
150,"2000",6.40979699164117,"IV"
151,"2000",4.89214841373291,"IV"
152,"2000",5.1537756601221,"IV"
153,"2000",6.80883826508491,"IV"
154,"2000",4.82689632019452,"IV"
155,"2000",5.86019964507998,"IV"
156,"2000",5.15761647173275,"IV"
157,"2000",6.05077648399177,"IV"
158,"2000",5.14572584007425,"IV"
159,"2000",4.85006666038345,"IV"
160,"2000",5.54142045650366,"IV"
161,"2000",6.81695744759792,"IV"
162,"2000",4.99789482441603,"IV"
163,"2000",7.40764876997579,"IV"
164,"2000",4.53340245059471,"IV"
165,"2000",7.5722881874184,"IV"
166,"2000",5.2783661462755,"IV"
167,"2000",5.02845046181622,"IV"
168,"2000",5.8528790246436,"IV"
169,"2000",5.75940657060398,"IV"
170,"2000",6.48048740519832,"IV"
171,"2000",4.63613456395604,"IV"
172,"2000",5.61383459221491,"IV"
173,"2000",11.4562361909927,"IV"
174,"2000",4.22018727716906,"IV"
175,"2000",4.53785711900696,"IV"
176,"2000",5.26301365584882,"IV"
177,"2000",5.40658941928069,"IV"
178,"2000",6.78635426594462,"IV"
179,"2000",5.14871962422094,"IV"
180,"2000",5.53147268632631,"IV"
181,"2000",4.82847723256505,"IV"
182,"2000",4.56082130565424,"IV"
183,"2000",4.57149883170099,"IV"
184,"2000",7.79894314377937,"IV"
185,"2000",6.06959101392847,"IV"
186,"2000",5.62309015184883,"IV"
187,"2000",5.81346714756087,"IV"
188,"2000",4.76158033594687,"IV"
189,"2000",5.59213297220012,"IV"
190,"2000",6.98443036902366,"IV"
191,"2000",5.69542389118607,"IV"
192,"2000",5.60326448513193,"IV"
193,"2000",6.63729234041106,"IV"
194,"2000",4.76272370867943,"IV"
195,"2000",5.90575758701588,"IV"
196,"2000",6.25511995855321,"IV"
197,"2000",4.84673633601791,"IV"
198,"2000",6.91760275770015,"IV"
199,"2000",6.75933822473158,"IV"
200,"2000",5.87878744964159,"IV"
201,"2000",6.3481586968766,"IV"
202,"2000",5.29319381716845,"IV"
203,"2000",5.76287688598932,"IV"
204,"2000",4.99827692755302,"IV"
205,"2000",5.89590267279222,"IV"
206,"2000",8.03379882098695,"IV"
207,"2000",5.93627196551166,"IV"
208,"2000",6.99708577308325,"IV"
209,"2000",9.25414572898671,"IV"
210,"2000",5.43915280948739,"IV"
211,"2000",5.46653249354089,"IV"
212,"2000",6.0781039490513,"IV"
213,"2000",4.58325086909195,"IV"
214,"2000",4.45647608335829,"IV"
215,"2000",4.7826683298304,"IV"
216,"2000",6.25829261025312,"IV"
217,"2000",5.00969133021947,"IV"
218,"2000",7.73042105135793,"IV"
219,"2000",5.32030635943148,"IV"
220,"2000",4.54615825243642,"IV"
221,"2000",6.09870420318249,"IV"
222,"2000",5.68523542954482,"IV"
223,"2000",7.37983468020207,"IV"
224,"2000",6.90891506198205,"IV"
225,"2000",5.36713195313305,"IV"
226,"2000",6.86697341424887,"IV"
227,"2000",6.55767456100503,"IV"
228,"2000",4.62985485866844,"IV"
229,"2000",7.60924157739453,"IV"
230,"2000",6.10970046611024,"IV"
231,"2000",4.43171648562851,"IV"
232,"2000",6.77795540339825,"IV"
233,"2000",6.04078132639919,"IV"
234,"2000",5.57754492245559,"IV"
235,"2000",5.62754178281044,"IV"
236,"2000",6.24630432404534,"IV"
237,"2000",6.9507818147698,"IV"
238,"2000",3.89282435562859,"IV"
239,"2000",6.44089396594196,"IV"
240,"2000",5.54672002123528,"IV"
241,"2000",5.91097368495247,"IV"
242,"2000",6.51141154962133,"IV"
243,"2000",5.53612009707395,"IV"
244,"2000",5.52847922132668,"IV"
245,"2000",5.0431448892585,"IV"
246,"2000",4.58410023337976,"IV"
247,"2000",5.65779661122974,"IV"
248,"2000",5.22197818357041,"IV"
249,"2000",6.37508175235415,"IV"
250,"2000",4.5598377836819,"IV"
251,"2000",5.50775391701536,"IV"
252,"2000",4.68752269822633,"IV"
253,"2000",5.43188077363193,"IV"
254,"2000",5.3646102163642,"IV"
255,"2000",6.50207187849474,"IV"
256,"2000",4.94318365337193,"IV"
257,"2000",5.11155138293804,"IV"
258,"2000",5.92783395206571,"IV"
259,"2000",5.82899493207715,"IV"
260,"2000",6.03206051836592,"IV"
261,"2000",6.2209496514825,"IV"
262,"2000",4.70717703043916,"IV"
263,"2000",6.97150291673786,"IV"
264,"2000",6.55244834515809,"IV"
265,"2000",4.43439917595769,"IV"
266,"2000",4.16982840327955,"IV"
267,"2000",5.47435988432477,"IV"
268,"2000",5.67969102425622,"IV"
269,"2000",5.36462824038569,"IV"
270,"2000",5.78250725341748,"IV"
271,"2000",6.36572672872317,"IV"
272,"2000",6.0396165164824,"IV"
273,"2000",5.37312643512054,"IV"
274,"2000",6.08867717946299,"IV"
275,"2000",5.40593457277128,"IV"
276,"2000",5.77486564320581,"IV"
277,"2000",6.61767892064407,"IV"
278,"2000",7.54799755494492,"IV"
279,"2000",4.92261605765478,"IV"
280,"2000",5.02400599408143,"IV"
281,"2000",4.82112423106352,"IV"
282,"2000",6.54897478631443,"IV"
283,"2000",5.95324666150275,"IV"
284,"2000",7.47583461247189,"IV"
285,"2000",6.81433299785752,"IV"
286,"2000",4.76972411035708,"IV"
287,"2000",4.40195667628481,"IV"
288,"2000",5.10861770752302,"IV"
289,"2000",6.01260948162905,"IV"
290,"2000",6.33663092355124,"IV"
291,"2000",4.9464133269526,"IV"
292,"2000",5.09972640363229,"IV"
293,"2000",4.44026671418482,"IV"
294,"2000",4.92994805381497,"IV"
295,"2000",6.11669617517118,"IV"
296,"2000",6.67759109870529,"IV"
297,"2000",5.34222372247895,"IV"
298,"2000",5.36810122207519,"IV"
299,"2000",4.98394530787932,"IV"
300,"2000",4.9525346243374,"IV"
301,"2000",7.69389555639809,"IV"
302,"2000",4.79106145248571,"IV"
303,"2000",5.22535828766084,"IV"
304,"2000",6.69424285707925,"IV"
305,"2000",5.66918851799208,"IV"
306,"2000",6.29199048455998,"IV"
307,"2000",4.66630811556536,"IV"
308,"2000",7.41265225738469,"IV"
309,"2000",4.19901211868741,"IV"
310,"2000",7.8583494444119,"IV"
311,"2000",5.59596942217421,"IV"
312,"2000",5.29045065043821,"IV"
313,"2000",6.73045136841383,"IV"
314,"2000",5.7527500221401,"IV"
315,"2000",6.15528920442293,"IV"
316,"2000",8.59538389066777,"IV"
317,"2000",5.39900203624316,"IV"
318,"2000",5.06960929453177,"IV"
319,"2000",4.60272474179684,"IV"
320,"2000",4.89441598941843,"IV"
321,"2000",5.16315260339901,"IV"
322,"2000",6.20430766206306,"IV"
323,"2000",4.99677937210308,"IV"
324,"2000",5.96332668002909,"IV"
325,"2000",5.26957520908416,"IV"
326,"2000",5.78732961754702,"IV"
327,"2000",6.06182446814231,"IV"
328,"2000",8.20321612826677,"IV"
329,"2000",5.78095564341347,"IV"
330,"2000",6.02691144554747,"IV"
331,"2000",6.66291895426883,"IV"
332,"2000",4.76728428461286,"IV"
333,"2000",4.42859255565683,"IV"
334,"2000",5.13136686692789,"IV"
335,"2000",5.6030932676521,"IV"
336,"2000",6.15683704623818,"IV"
337,"2000",4.1997019956019,"IV"
338,"2000",5.54393147977546,"IV"
339,"2000",4.60636944165214,"IV"
340,"2000",4.07612218197178,"IV"
341,"2000",7.72640329388637,"IV"
342,"2000",5.02542100424712,"IV"
343,"2000",5.84910077700251,"IV"
344,"2000",4.3600072811374,"IV"
345,"2000",6.20069080714922,"IV"
346,"2000",4.96250174457375,"IV"
347,"2000",4.84445241360118,"IV"
348,"2000",6.00073217354024,"IV"
349,"2000",4.81304583646788,"IV"
350,"2000",6.03160582391097,"IV"
351,"2000",6.34176741922858,"IV"
352,"2000",8.62038616463711,"IV"
353,"2000",5.94078450612225,"IV"
354,"2000",6.10766504446149,"IV"
355,"2000",6.18502684481675,"IV"
356,"2000",4.88749364364395,"IV"
357,"2000",5.57908133423489,"IV"
358,"2000",5.06738616324577,"IV"
359,"2000",5.32377054304691,"IV"
360,"2000",5.25903049081857,"IV"
361,"2000",5.57056272553867,"IV"
362,"2000",6.57334266882781,"IV"
363,"2000",5.26433505220756,"IV"
364,"2000",5.04137034884036,"IV"
365,"2000",6.74792823713089,"IV"
366,"2000",5.43423151751036,"IV"
367,"2000",5.24230389127176,"IV"
368,"2000",5.75441315118462,"IV"
369,"2000",4.82177944578798,"IV"
370,"2000",6.59920264619546,"IV"
371,"2000",7.84036530288448,"IV"
372,"2000",6.03292478614921,"IV"
373,"2000",5.27328089707495,"IV"
374,"2000",6.4507959218701,"IV"
375,"2000",5.88664895708857,"IV"
376,"2000",6.30952389973658,"IV"
377,"2000",5.70389526138403,"IV"
378,"2000",5.16315142734846,"IV"
379,"2000",5.13501194631613,"IV"
380,"2000",6.82763018262373,"IV"
381,"2000",5.13626938007635,"IV"
382,"2000",4.72399763823428,"IV"
383,"2000",9.78517060063998,"IV"
384,"2000",6.13737322790999,"IV"
385,"2000",4.90130717765826,"IV"
386,"2000",7.37550423388396,"IV"
387,"2000",6.23038303570727,"IV"
388,"2000",5.39587866725512,"IV"
389,"2000",5.32773746745996,"IV"
390,"2000",5.45567616324509,"IV"
391,"2000",6.02763967081548,"IV"
392,"2000",5.67592650086372,"IV"
393,"2000",6.83678002694773,"IV"
394,"2000",4.77058297951998,"IV"
395,"2000",5.01927937254747,"IV"
396,"2000",7.56029133342202,"IV"
397,"2000",6.57069775440703,"IV"
398,"2000",5.63509587362874,"IV"
399,"2000",4.97190371109206,"IV"
400,"2000",9.67666419054673,"IV"
401,"2000",4.99454776353024,"IV"
402,"2000",4.58287829986648,"IV"
403,"2000",6.59940908931001,"IV"
404,"2000",6.33476612188313,"IV"
405,"2000",5.31570786312181,"IV"
406,"2000",5.44923133000554,"IV"
407,"2000",5.09380431085796,"IV"
408,"2000",5.74825023975729,"IV"
409,"2000",4.8597000532622,"IV"
410,"2000",4.64920361933108,"IV"
411,"2000",4.6311443208822,"IV"
412,"2000",4.25501793752995,"IV"
413,"2000",6.20099479371541,"IV"
414,"2000",5.49803494813357,"IV"
415,"2000",6.08013393695069,"IV"
416,"2000",5.46541873278021,"IV"
417,"2000",7.07437033595451,"IV"
418,"2000",5.07063901567928,"IV"
419,"2000",4.74656104499257,"IV"
420,"2000",6.89575457631702,"IV"
421,"2000",5.15895545456847,"IV"
422,"2000",7.61638358501555,"IV"
423,"2000",3.50957327805508,"IV"
424,"2000",4.42682802878698,"IV"
425,"2000",5.27826959053303,"IV"
426,"2000",5.3263349617759,"IV"
427,"2000",7.85141505451333,"IV"
428,"2000",4.67806514882704,"IV"
429,"2000",9.26150019933111,"IV"
430,"2000",5.86164399980381,"IV"
431,"2000",6.65084156770449,"IV"
432,"2000",5.00116667443061,"IV"
433,"2000",5.29047634098128,"IV"
434,"2000",5.58805125894123,"IV"
435,"2000",5.13784505361785,"IV"
436,"2000",5.37192232520763,"IV"
437,"2000",5.00832756503461,"IV"
438,"2000",5.86958733922932,"IV"
439,"2000",5.82495682634052,"IV"
440,"2000",4.59537197896692,"IV"
441,"2000",6.30886214596084,"IV"
442,"2000",6.55792875032001,"IV"
443,"2000",5.21297545548472,"IV"
444,"2000",6.05532020606789,"IV"
445,"2000",5.3684754447237,"IV"
446,"2000",6.39743940586413,"IV"
447,"2000",5.01357536763379,"IV"
448,"2000",5.55498238652367,"IV"
449,"2000",4.35563693877759,"IV"
450,"2000",4.72897032597444,"IV"
451,"2000",5.9506382295249,"IV"
452,"2000",5.05853422061339,"IV"
453,"2000",5.00561329157665,"IV"
454,"2000",4.54564862387587,"IV"
455,"2000",5.32740757874762,"IV"
456,"2000",6.02103429097693,"IV"
457,"2000",5.70762861750175,"IV"
458,"2000",7.25144416870588,"IV"
459,"2000",5.08750599879922,"IV"
460,"2000",6.24977178127864,"IV"
461,"2000",5.36217313534262,"IV"
462,"2000",7.17232677808208,"IV"
463,"2000",7.14176367679856,"IV"
464,"2000",4.87469406454044,"IV"
465,"2000",5.3153828925047,"IV"
466,"2000",5.47158910680625,"IV"
467,"2000",4.64875137531106,"IV"
468,"2000",4.43008727273838,"IV"
469,"2000",7.7773633885507,"IV"
470,"2000",4.28507786979172,"IV"
471,"2000",5.86106492083487,"IV"
472,"2000",6.01250199970616,"IV"
473,"2000",5.18635020791037,"IV"
474,"2000",4.51775942968931,"IV"
475,"2000",4.65930641439075,"IV"
476,"2000",6.03874229404602,"IV"
477,"2000",4.87801247683098,"IV"
478,"2000",6.57357790471872,"IV"
479,"2000",4.90425256769958,"IV"
480,"2000",7.64714337563848,"IV"
481,"2000",9.0698953641849,"IV"
482,"2000",6.30408723042713,"IV"
483,"2000",5.1327598095794,"IV"
484,"2000",6.13853236019859,"IV"
485,"2000",4.11082809563329,"IV"
486,"2000",5.25517153468146,"IV"
487,"2000",6.02795524445525,"IV"
488,"2000",6.60418901286006,"IV"
489,"2000",7.91176149972609,"IV"
490,"2000",5.85533820419493,"IV"
491,"2000",5.97474160502513,"IV"
492,"2000",5.18800126242854,"IV"
493,"2000",5.40888568826856,"IV"
494,"2000",5.80686895075232,"IV"
495,"2000",5.61032593763311,"IV"
496,"2000",5.30945771458429,"IV"
497,"2000",6.26613479541011,"IV"
498,"2000",7.53663660593428,"IV"
499,"2000",6.51868453162087,"IV"
500,"2000",8.15865743101107,"IV"
501,"2000",5.5228286639371,"IV"
502,"2000",5.28302865313161,"IV"
503,"2000",4.81730023403165,"IV"
504,"2000",5.49173280815267,"IV"
505,"2000",5.80404744682977,"IV"
506,"2000",6.10197131787863,"IV"
507,"2000",4.69945946303587,"IV"
508,"2000",6.18234738928675,"IV"
509,"2000",4.4403360920915,"IV"
510,"2000",4.64442736956555,"IV"
511,"2000",5.6250872963201,"IV"
512,"2000",5.71539248639379,"IV"
513,"2000",5.04378171915897,"IV"
514,"2000",6.08172308656324,"IV"
515,"2000",7.3130150163274,"IV"
516,"2000",5.58253049100321,"IV"
517,"2000",7.31501313259503,"IV"
518,"2000",5.39534505760813,"IV"
519,"2000",5.1795715744079,"IV"
520,"2000",4.45363996028194,"IV"
521,"2000",5.3853001229317,"IV"
522,"2000",5.14851530267354,"IV"
523,"2000",6.14792860508262,"IV"
524,"2000",6.19004777400362,"IV"
525,"2000",4.50374202772522,"IV"
526,"2000",6.03395411864998,"IV"
527,"2000",5.57045273925361,"IV"
528,"2000",5.28072405149577,"IV"
529,"2000",6.46099594475016,"IV"
530,"2000",6.94026025353254,"IV"
531,"2000",5.4952471068888,"IV"
532,"2000",5.77504983719079,"IV"
533,"2000",5.04692683653864,"IV"
534,"2000",5.9795968625116,"IV"
535,"2000",4.72637108081795,"IV"
536,"2000",6.41059466237634,"IV"
537,"2000",8.04432774038098,"IV"
538,"2000",5.86883636896553,"IV"
539,"2000",6.43891974954686,"IV"
540,"2000",6.88665899194165,"IV"
541,"2000",7.37415027736422,"IV"
542,"2000",6.57464491210274,"IV"
543,"2000",4.82867470221081,"IV"
544,"2000",5.00498327536031,"IV"
545,"2000",7.6706644927449,"IV"
546,"2000",5.18696710509074,"IV"
547,"2000",6.45963108171011,"IV"
548,"2000",6.37102182579502,"IV"
549,"2000",4.94506491737072,"IV"
550,"2000",5.62013569812054,"IV"
551,"2000",6.02916383658292,"IV"
552,"2000",5.48869778527612,"IV"
553,"2000",4.349762163651,"IV"
554,"2000",4.4197952739015,"IV"
555,"2000",4.40370777288405,"IV"
556,"2000",5.03915393486599,"IV"
557,"2000",6.00282096934851,"IV"
558,"2000",4.87303544357153,"IV"
559,"2000",4.74246787449649,"IV"
560,"2000",5.86421608415099,"IV"
561,"2000",5.61362275517816,"IV"
562,"2000",5.36230582350972,"IV"
563,"2000",5.75741646294854,"IV"
564,"2000",5.50563411719057,"IV"
565,"2000",4.22683672145779,"IV"
566,"2000",8.55219608895866,"IV"
567,"2000",4.69481268030763,"IV"
568,"2000",4.96263136577816,"IV"
569,"2000",5.78686927479615,"IV"
570,"2000",6.80450399583914,"IV"
571,"2000",5.34750423362636,"IV"
572,"2000",4.23867900810349,"IV"
573,"2000",5.28853939413472,"IV"
574,"2000",7.06282824499169,"IV"
575,"2000",6.52458419938194,"IV"
576,"2000",4.95867936393929,"IV"
577,"2000",5.21628373508523,"IV"
578,"2000",5.87623336449293,"IV"
579,"2000",6.71210127719852,"IV"
580,"2000",5.42400783181527,"IV"
581,"2000",6.96437510187132,"IV"
582,"2000",7.16607069074505,"IV"
583,"2000",7.44705965811695,"IV"
584,"2000",5.0041549508332,"IV"
585,"2000",5.34321340997744,"IV"
586,"2000",9.54742521517985,"IV"
587,"2000",4.65990751135988,"IV"
588,"2000",8.03378756843984,"IV"
589,"2000",5.40104395857063,"IV"
590,"2000",6.75954761220112,"IV"
591,"2000",5.30184073034942,"IV"
592,"2000",5.04932080560315,"IV"
593,"2000",5.80950577830359,"IV"
594,"2000",5.28339406537151,"IV"
595,"2000",6.0304779336451,"IV"
596,"2000",6.05937949355879,"IV"
597,"2000",8.62317898520628,"IV"
598,"2000",4.64582827462358,"IV"
599,"2000",5.87758597423429,"IV"
600,"2000",5.84970809593564,"IV"
601,"2000",8.93636712509803,"IV"
602,"2000",5.04332594869509,"IV"
603,"2000",6.12365573628975,"IV"
604,"2000",4.99319173006345,"IV"
605,"2000",5.45001155684319,"IV"
606,"2000",5.20392486772374,"IV"
607,"2000",6.48723452968915,"IV"
608,"2000",5.66696477362455,"IV"
609,"2000",6.47166707093984,"IV"
610,"2000",4.66588481318748,"IV"
611,"2000",5.92096706302802,"IV"
612,"2000",5.88536158462556,"IV"
613,"2000",5.00434061154879,"IV"
614,"2000",6.15051648815587,"IV"
615,"2000",4.81156089588747,"IV"
616,"2000",9.9431276443925,"IV"
617,"2000",4.54570395703577,"IV"
618,"2000",4.86579918042999,"IV"
619,"2000",5.16577191887551,"IV"
620,"2000",6.88211036974312,"IV"
621,"2000",4.06033155705104,"IV"
622,"2000",5.0411735607584,"IV"
623,"2000",6.59314015688108,"IV"
624,"2000",4.75846718064328,"IV"
625,"2000",7.05520978153878,"IV"
626,"2000",5.82704891313772,"IV"
627,"2000",5.6275918040346,"IV"
628,"2000",5.72972947664415,"IV"
629,"2000",4.19763179926855,"IV"
630,"2000",4.66699988968137,"IV"
631,"2000",4.52741835978854,"IV"
632,"2000",3.96705312219724,"IV"
633,"2000",5.82775843619991,"IV"
634,"2000",5.81011334832964,"IV"
635,"2000",5.18411755849405,"IV"
636,"2000",7.58160170497866,"IV"
637,"2000",5.3190771481905,"IV"
638,"2000",6.01643842939896,"IV"
639,"2000",5.547969722746,"IV"
640,"2000",5.68459077480954,"IV"
641,"2000",6.67669865088941,"IV"
642,"2000",5.43444461027399,"IV"
643,"2000",6.1650247265386,"IV"
644,"2000",5.60968010064528,"IV"
645,"2000",4.62947771417701,"IV"
646,"2000",5.14556607789085,"IV"
647,"2000",5.57043365531518,"IV"
648,"2000",4.95041656167825,"IV"
649,"2000",7.5306904595291,"IV"
650,"2000",7.85710774958087,"IV"
651,"2000",4.78863892769984,"IV"
652,"2000",6.09300912830859,"IV"
653,"2000",6.66350547280192,"IV"
654,"2000",6.31162219312923,"IV"
655,"2000",6.52828775893766,"IV"
656,"2000",6.17198000532603,"IV"
657,"2000",10.6873403955252,"IV"
658,"2000",5.31490496915061,"IV"
659,"2000",5.63389649982047,"IV"
660,"2000",5.50490299302065,"IV"
661,"2000",4.90862052573217,"IV"
662,"2000",5.47056562915292,"IV"
663,"2000",5.7829738502105,"IV"
664,"2000",6.43404200742872,"IV"
665,"2000",4.04911965998285,"IV"
666,"2000",6.31739365876172,"IV"
667,"2000",5.94910113770294,"IV"
668,"2000",4.87104322576186,"IV"
669,"2000",6.26044249670596,"IV"
670,"2000",6.2010945185534,"IV"
671,"2000",5.19196299859428,"IV"
672,"2000",5.47321508393508,"IV"
673,"2000",6.70420025666835,"IV"
674,"2000",6.28030505198331,"IV"
675,"2000",4.69585353137439,"IV"
676,"2000",5.76052511796924,"IV"
677,"2000",7.28291416832849,"IV"
678,"2000",7.4612806954179,"IV"
679,"2000",7.04044883126993,"IV"
680,"2000",6.43188377252124,"IV"
681,"2000",5.93784501189594,"IV"
682,"2000",5.12235806290869,"IV"
683,"2000",7.37857979262275,"IV"
684,"2000",5.00840731335099,"IV"
685,"2000",5.08963052403149,"IV"
686,"2000",5.38189041710392,"IV"
687,"2000",7.78744588112325,"IV"
688,"2000",5.35137604508835,"IV"
689,"2000",5.07519912048224,"IV"
690,"2000",6.14053847336568,"IV"
691,"2000",6.28362065318453,"IV"
692,"2000",6.40875832110146,"IV"
693,"2000",6.37852696301123,"IV"
694,"2000",6.39375527037345,"IV"
695,"2000",6.33434939917167,"IV"
696,"2000",5.52947359828458,"IV"
697,"2000",5.22922855220591,"IV"
698,"2000",4.82978080423943,"IV"
699,"2000",5.73484166382501,"IV"
700,"2000",5.99226927935862,"IV"
701,"2000",5.11682354983531,"IV"
702,"2000",4.84530241790385,"IV"
703,"2000",4.44257245468078,"IV"
704,"2000",5.55172575347926,"IV"
705,"2000",5.83980112837457,"IV"
706,"2000",6.6250766648343,"IV"
707,"2000",5.80370145192032,"IV"
708,"2000",7.21517198616676,"IV"
709,"2000",5.23269394982359,"IV"
710,"2000",5.29501054545851,"IV"
711,"2000",6.54461535781094,"IV"
712,"2000",7.25401367985863,"IV"
713,"2000",5.63184615445806,"IV"
714,"2000",4.8324151942494,"IV"
715,"2000",5.79936608852119,"IV"
716,"2000",5.89582864311888,"IV"
717,"2000",5.93450851517789,"IV"
718,"2000",5.80828136351674,"IV"
719,"2000",4.39993882780292,"IV"
720,"2000",5.76645737755371,"IV"
721,"2000",6.57464150906129,"IV"
722,"2000",5.65677831821038,"IV"
723,"2000",5.43847991850924,"IV"
724,"2000",4.5851001368184,"IV"
725,"2000",4.82791932203997,"IV"
726,"2000",5.67752219677268,"IV"
727,"2000",6.08887180194008,"IV"
728,"2000",6.12706441698543,"IV"
729,"2000",5.20134994129029,"IV"
730,"2000",4.18992260795997,"IV"
731,"2000",6.49226778991115,"IV"
732,"2000",4.94705501836633,"IV"
733,"2000",5.71103371785026,"IV"
734,"2000",7.25731584362611,"IV"
735,"2000",6.99816265539434,"IV"
736,"2000",9.21722567560234,"IV"
737,"2000",4.3561169813279,"IV"
738,"2000",5.00450312707185,"IV"
739,"2000",5.28735916383683,"IV"
740,"2000",6.44033900713732,"IV"
741,"2000",5.76886854519092,"IV"
742,"2000",5.56414718241696,"IV"
743,"2000",5.50181300280795,"IV"
744,"2000",4.85985572760771,"IV"
745,"2000",4.75201895461058,"IV"
746,"2000",4.93524155697944,"IV"
747,"2000",5.63169532719574,"IV"
748,"2000",5.21413105480053,"IV"
749,"2000",4.54400164269472,"IV"
750,"2000",5.38182243871161,"IV"
751,"2000",7.12233376874921,"IV"
752,"2000",5.1690450819013,"IV"
753,"2000",8.31479661426839,"IV"
754,"2000",5.162414608485,"IV"
755,"2000",5.32789867995637,"IV"
756,"2000",5.01048481143721,"IV"
757,"2000",4.34753327504758,"IV"
758,"2000",6.30404588790969,"IV"
759,"2000",6.62650940093116,"IV"
760,"2000",11.5318012126988,"IV"
761,"2000",5.98805374143323,"IV"
762,"2000",4.92004172815362,"IV"
763,"2000",5.48912451067757,"IV"
764,"2000",6.6805633036028,"IV"
765,"2000",6.3009248244423,"IV"
766,"2000",5.87900430349969,"IV"
767,"2000",6.16845767999019,"IV"
768,"2000",6.32921214124648,"IV"
769,"2000",4.1721897852059,"IV"
770,"2000",7.18613532262182,"IV"
771,"2000",6.47874557596025,"IV"
772,"2000",5.69679773990136,"IV"
773,"2000",4.790554287149,"IV"
774,"2000",5.85953856536435,"IV"
775,"2000",5.24861293333114,"IV"
776,"2000",5.92085462231525,"IV"
777,"2000",7.06812491316429,"IV"
778,"2000",4.45539653750449,"IV"
779,"2000",5.42946185105968,"IV"
780,"2000",7.42349477940733,"IV"
781,"2000",6.40455763026014,"IV"
782,"2000",4.60266743426944,"IV"
783,"2000",5.19285591486592,"IV"
784,"2000",7.92877145836896,"IV"
785,"2000",5.22842054134734,"IV"
786,"2000",7.68793384436649,"IV"
787,"2000",5.87505790668307,"IV"
788,"2000",5.13983124603438,"IV"
789,"2000",6.45980758949534,"IV"
790,"2000",4.94233261875439,"IV"
791,"2000",4.52048163249185,"IV"
792,"2000",5.12880347100819,"IV"
793,"2000",5.35435628765936,"IV"
794,"2000",5.67946140879046,"IV"
795,"2000",4.64077243168823,"IV"
796,"2000",4.27195957980652,"IV"
797,"2000",4.58121240438067,"IV"
798,"2000",5.99855687151779,"IV"
799,"2000",5.82339539841562,"IV"
800,"2000",4.93052539242569,"IV"
801,"2000",5.18167970441999,"IV"
802,"2000",6.90203048678246,"IV"
803,"2000",5.04565255400554,"IV"
804,"2000",4.4105531445334,"IV"
805,"2000",6.48428221232637,"IV"
806,"2000",5.34292091156123,"IV"
807,"2000",6.93445595376703,"IV"
808,"2000",5.91661262193785,"IV"
809,"2000",5.6457990249545,"IV"
810,"2000",7.80081741730007,"IV"
811,"2000",8.24960616890331,"IV"
812,"2000",7.41536472753631,"IV"
813,"2000",4.45367541888915,"IV"
814,"2000",4.94993769562353,"IV"
815,"2000",4.41507830242312,"IV"
816,"2000",4.29029897511296,"IV"
817,"2000",7.14545353874101,"IV"
818,"2000",5.82837123043135,"IV"
819,"2000",5.12629981126904,"IV"
820,"2000",6.35387401495058,"IV"
821,"2000",5.20767091423023,"IV"
822,"2000",4.93030049983766,"IV"
823,"2000",5.59292351656753,"IV"
824,"2000",7.02073896203834,"IV"
825,"2000",6.10777471132198,"IV"
826,"2000",8.56118545958631,"IV"
827,"2000",7.31167450315041,"IV"
828,"2000",5.37094748014098,"IV"
829,"2000",6.40629240411678,"IV"
830,"2000",5.53199210593602,"IV"
831,"2000",5.82478335647268,"IV"
832,"2000",5.68793845996655,"IV"
833,"2000",6.74348192730925,"IV"
834,"2000",5.25537839420133,"IV"
835,"2000",6.02363407699585,"IV"
836,"2000",5.40694492001665,"IV"
837,"2000",5.53215618243756,"IV"
838,"2000",5.45726761369275,"IV"
839,"2000",5.03109124436123,"IV"
840,"2000",5.84073462097264,"IV"
841,"2000",7.59507370707971,"IV"
842,"2000",5.00931842574677,"IV"
843,"2000",5.38569666516376,"IV"
844,"2000",9.30623256421148,"IV"
845,"2000",4.86589000093649,"IV"
846,"2000",5.3786446130763,"IV"
847,"2000",6.76501476535455,"IV"
848,"2000",4.78527038053941,"IV"
849,"2000",5.02416317163897,"IV"
850,"2000",6.5420489750684,"IV"
851,"2000",4.69592662599983,"IV"
852,"2000",5.87699215581598,"IV"
853,"2000",6.93892121483634,"IV"
854,"2000",5.41488318694338,"IV"
855,"2000",7.42470054206583,"IV"
856,"2000",5.38319555007619,"IV"
857,"2000",5.99834165240205,"IV"
858,"2000",5.32558939642973,"IV"
859,"2000",4.32929809804258,"IV"
860,"2000",6.01493038956592,"IV"
861,"2000",4.98506140754911,"IV"
862,"2000",4.520427039652,"IV"
863,"2000",4.55749742976804,"IV"
864,"2000",5.23459597928063,"IV"
865,"2000",4.77964241266848,"IV"
866,"2000",5.67687947211482,"IV"
867,"2000",6.87958591052911,"IV"
868,"2000",6.19924322747385,"IV"
869,"2000",5.43562197424986,"IV"
870,"2000",6.2452398916303,"IV"
871,"2000",5.68550815059776,"IV"
872,"2000",4.61740482730097,"IV"
873,"2000",5.2230513218114,"IV"
874,"2000",4.61388840430045,"IV"
875,"2000",4.60693692842424,"IV"
876,"2000",7.00529459680749,"IV"
877,"2000",5.59907193718464,"IV"
878,"2000",4.51839230871125,"IV"
879,"2000",6.54400784840507,"IV"
880,"2000",6.46822487485373,"IV"
881,"2000",6.31065686725345,"IV"
882,"2000",5.83573101598199,"IV"
883,"2000",6.99272046182622,"IV"
884,"2000",5.29433469515811,"IV"
885,"2000",5.58511485698352,"IV"
886,"2000",4.88764728010951,"IV"
887,"2000",4.00211386477005,"IV"
888,"2000",5.91623049276284,"IV"
889,"2000",6.22901943994675,"IV"
890,"2000",4.52156664265218,"IV"
891,"2000",4.84120570583795,"IV"
892,"2000",5.28063903837342,"IV"
893,"2000",4.9420673393643,"IV"
894,"2000",6.24408201001086,"IV"
895,"2000",7.07851573414275,"IV"
896,"2000",7.05363243056922,"IV"
897,"2000",6.52114874123765,"IV"
898,"2000",5.94993088089607,"IV"
899,"2000",4.92937939325284,"IV"
900,"2000",5.51999650000117,"IV"
901,"2000",8.38654189876489,"IV"
902,"2000",5.54023757063233,"IV"
903,"2000",5.7602579063102,"IV"
904,"2000",6.89468178088315,"IV"
905,"2000",5.4877089724755,"IV"
906,"2000",5.23456599997535,"IV"
907,"2000",5.20549616449592,"IV"
908,"2000",4.28949296880742,"IV"
909,"2000",5.24601176589951,"IV"
910,"2000",7.0959808786718,"IV"
911,"2000",4.92925062318488,"IV"
912,"2000",4.99760791088605,"IV"
913,"2000",5.15161182756493,"IV"
914,"2000",5.80053221364337,"IV"
915,"2000",5.42804536477003,"IV"
916,"2000",6.47615402240849,"IV"
917,"2000",5.61463694917981,"IV"
918,"2000",5.49951874107712,"IV"
919,"2000",5.09511602043292,"IV"
920,"2000",5.6880756898104,"IV"
921,"2000",4.90653502657222,"IV"
922,"2000",7.12201256630854,"IV"
923,"2000",4.31299458774353,"IV"
924,"2000",8.86306738069078,"IV"
925,"2000",5.9357622477819,"IV"
926,"2000",5.08787657924324,"IV"
927,"2000",4.20205804710083,"IV"
928,"2000",5.19731464747225,"IV"
929,"2000",4.23768157691188,"IV"
930,"2000",5.22099911135467,"IV"
931,"2000",5.5889673519271,"IV"
932,"2000",5.51872962338497,"IV"
933,"2000",5.81531869018527,"IV"
934,"2000",5.27845901833021,"IV"
935,"2000",7.04847681557797,"IV"
936,"2000",5.14406818166504,"IV"
937,"2000",6.12027149695549,"IV"
938,"2000",5.3849937240776,"IV"
939,"2000",7.2994013151757,"IV"
940,"2000",4.53768111707526,"IV"
941,"2000",5.14901623360085,"IV"
942,"2000",5.19126763665788,"IV"
943,"2000",6.53184947449642,"IV"
944,"2000",6.03696328043941,"IV"
945,"2000",5.03835373555792,"IV"
946,"2000",6.3547785664961,"IV"
947,"2000",6.047564022414,"IV"
948,"2000",5.45007083507407,"IV"
949,"2000",6.07545602459155,"IV"
950,"2000",7.69782427823948,"IV"
951,"2000",6.82575411123818,"IV"
952,"2000",5.9208794177459,"IV"
953,"2000",5.85716454938021,"IV"
954,"2000",5.60228002661609,"IV"
955,"2000",5.88799139966462,"IV"
956,"2000",4.60781081322977,"IV"
957,"2000",5.29174562396635,"IV"
958,"2000",7.18925701658087,"IV"
959,"2000",5.01131628468663,"IV"
960,"2000",6.41484521369111,"IV"
961,"2000",7.2956440096107,"IV"
962,"2000",5.44642263264249,"IV"
963,"2000",7.17989480052664,"IV"
964,"2000",6.27053540839973,"IV"
965,"2000",6.40551336201971,"IV"
966,"2000",6.14196695958027,"IV"
967,"2000",7.55888250527773,"IV"
968,"2000",5.98794573233687,"IV"
969,"2000",7.634664001494,"IV"
970,"2000",4.53079658181255,"IV"
971,"2000",6.36749890103889,"IV"
972,"2000",6.31570903081973,"IV"
973,"2000",5.10211319303787,"IV"
974,"2000",5.48302053553255,"IV"
975,"2000",4.65853424626395,"IV"
976,"2000",6.1676625042938,"IV"
977,"2000",6.78936520640293,"IV"
978,"2000",4.83884185565287,"IV"
979,"2000",5.61946834930738,"IV"
980,"2000",5.84395251547475,"IV"
981,"2000",5.55711113329664,"IV"
982,"2000",5.82572080011135,"IV"
983,"2000",5.39491842732573,"IV"
984,"2000",6.16072628658997,"IV"
985,"2000",6.82419515385326,"IV"
986,"2000",5.5480343701002,"IV"
987,"2000",7.00812946894287,"IV"
988,"2000",5.35988501595467,"IV"
989,"2000",7.705734506509,"IV"
990,"2000",5.86534116957149,"IV"
991,"2000",7.03622449130594,"IV"
992,"2000",6.62266723007689,"IV"
993,"2000",5.37841161636611,"IV"
994,"2000",4.57886303833298,"IV"
995,"2000",4.53808827618507,"IV"
996,"2000",6.22329142192296,"IV"
997,"2000",9.09347424760647,"IV"
998,"2000",5.66675568565827,"IV"
999,"2000",5.3580190454399,"IV"
1000,"2000",7.06836488320479,"IV"
1,"4000",5.39387348699253,"IV"
2,"4000",5.61856925735564,"IV"
3,"4000",5.3300817593157,"IV"
4,"4000",5.25767486196023,"IV"
5,"4000",6.26891769801947,"IV"
6,"4000",6.35906723769644,"IV"
7,"4000",6.62089214914567,"IV"
8,"4000",5.98044289639166,"IV"
9,"4000",6.57673708570528,"IV"
10,"4000",5.40172153190719,"IV"
11,"4000",6.82442532532969,"IV"
12,"4000",4.80625507319242,"IV"
13,"4000",5.55443333225908,"IV"
14,"4000",6.39412826954385,"IV"
15,"4000",4.77342765847452,"IV"
16,"4000",6.39507588411343,"IV"
17,"4000",4.54632976912829,"IV"
18,"4000",7.32308813309401,"IV"
19,"4000",5.99798406292002,"IV"
20,"4000",6.69323539318533,"IV"
21,"4000",4.89203697416767,"IV"
22,"4000",7.37786887179682,"IV"
23,"4000",6.17660719994047,"IV"
24,"4000",5.13411453457506,"IV"
25,"4000",5.24122527777183,"IV"
26,"4000",4.45963641463793,"IV"
27,"4000",5.99461401318749,"IV"
28,"4000",5.53199545924008,"IV"
29,"4000",5.04740023386836,"IV"
30,"4000",5.22341617163158,"IV"
31,"4000",6.96535664251568,"IV"
32,"4000",7.37109783555618,"IV"
33,"4000",5.03407701172392,"IV"
34,"4000",5.47307501869609,"IV"
35,"4000",5.84104088600281,"IV"
36,"4000",6.28201822809435,"IV"
37,"4000",4.50229028357796,"IV"
38,"4000",7.02188454156054,"IV"
39,"4000",4.89104738847206,"IV"
40,"4000",6.0748300673501,"IV"
41,"4000",5.57625575139456,"IV"
42,"4000",5.57959325932492,"IV"
43,"4000",7.07184993600846,"IV"
44,"4000",5.71008184810384,"IV"
45,"4000",4.37401112362316,"IV"
46,"4000",5.80890513276584,"IV"
47,"4000",5.57095855924812,"IV"
48,"4000",5.98259616441012,"IV"
49,"4000",6.17543591980362,"IV"
50,"4000",5.48927135242607,"IV"
51,"4000",4.93112616960187,"IV"
52,"4000",5.19464818925405,"IV"
53,"4000",5.61682486619496,"IV"
54,"4000",5.92486504483444,"IV"
55,"4000",6.0054814113238,"IV"
56,"4000",5.13147001629185,"IV"
57,"4000",5.85546237522792,"IV"
58,"4000",5.81837891738413,"IV"
59,"4000",5.38866969371846,"IV"
60,"4000",5.17470700929079,"IV"
61,"4000",5.01018570503734,"IV"
62,"4000",6.96678325483414,"IV"
63,"4000",6.35568270541937,"IV"
64,"4000",5.0725271060172,"IV"
65,"4000",4.76828158911461,"IV"
66,"4000",5.13605722967803,"IV"
67,"4000",6.43918233550952,"IV"
68,"4000",5.19815389930914,"IV"
69,"4000",6.65865118774878,"IV"
70,"4000",5.35898449564442,"IV"
71,"4000",5.18070690100987,"IV"
72,"4000",6.68176710726239,"IV"
73,"4000",6.38309846755758,"IV"
74,"4000",6.07783881653207,"IV"
75,"4000",5.28979311931744,"IV"
76,"4000",5.85656457635246,"IV"
77,"4000",5.82223457166834,"IV"
78,"4000",6.53605600965455,"IV"
79,"4000",6.5453783612467,"IV"
80,"4000",5.44006701211485,"IV"
81,"4000",6.38092313091434,"IV"
82,"4000",5.07524613608096,"IV"
83,"4000",4.91380080951683,"IV"
84,"4000",6.29427659892789,"IV"
85,"4000",5.11368626093702,"IV"
86,"4000",5.47144066179956,"IV"
87,"4000",5.65830529880704,"IV"
88,"4000",4.69835214484596,"IV"
89,"4000",5.62383102102892,"IV"
90,"4000",6.7340917184624,"IV"
91,"4000",4.68995009880932,"IV"
92,"4000",5.18352016141019,"IV"
93,"4000",6.68783690323387,"IV"
94,"4000",5.21203908289419,"IV"
95,"4000",8.56716090957396,"IV"
96,"4000",6.04694134093335,"IV"
97,"4000",7.22507953281537,"IV"
98,"4000",4.93557179096278,"IV"
99,"4000",5.01577987766318,"IV"
100,"4000",5.75439808227779,"IV"
101,"4000",5.71628570708752,"IV"
102,"4000",5.46239933941366,"IV"
103,"4000",5.28542533730349,"IV"
104,"4000",5.85251021913221,"IV"
105,"4000",5.62688184911666,"IV"
106,"4000",5.75668790589064,"IV"
107,"4000",5.4785782295779,"IV"
108,"4000",5.23348760749356,"IV"
109,"4000",7.34644657507845,"IV"
110,"4000",5.25713231176308,"IV"
111,"4000",5.62474830651365,"IV"
112,"4000",5.15547822270968,"IV"
113,"4000",5.66199434525155,"IV"
114,"4000",6.69670288333308,"IV"
115,"4000",6.47335758256237,"IV"
116,"4000",4.81576221998456,"IV"
117,"4000",5.85664533048698,"IV"
118,"4000",5.88978260789709,"IV"
119,"4000",6.01805427234749,"IV"
120,"4000",5.81161233809524,"IV"
121,"4000",4.92967293147618,"IV"
122,"4000",5.45221798073672,"IV"
123,"4000",6.08982211812654,"IV"
124,"4000",5.36360133409506,"IV"
125,"4000",5.59273667762671,"IV"
126,"4000",5.81475338966658,"IV"
127,"4000",4.88174708357754,"IV"
128,"4000",5.06701372863122,"IV"
129,"4000",6.41854152616907,"IV"
130,"4000",6.99079322049258,"IV"
131,"4000",4.90719685042586,"IV"
132,"4000",5.25810748349104,"IV"
133,"4000",4.66539562011832,"IV"
134,"4000",6.00704848313903,"IV"
135,"4000",5.622834520076,"IV"
136,"4000",5.23438994796943,"IV"
137,"4000",5.8941836658836,"IV"
138,"4000",8.23697447248868,"IV"
139,"4000",4.83518594020781,"IV"
140,"4000",5.43174858625156,"IV"
141,"4000",5.69025611331017,"IV"
142,"4000",6.63396940536168,"IV"
143,"4000",6.53900812927687,"IV"
144,"4000",7.15367569485827,"IV"
145,"4000",5.54460812917271,"IV"
146,"4000",5.99586898973231,"IV"
147,"4000",5.18311923565847,"IV"
148,"4000",5.58170838097193,"IV"
149,"4000",5.46820766798137,"IV"
150,"4000",5.74916442839879,"IV"
151,"4000",5.33408825244693,"IV"
152,"4000",5.95735096486092,"IV"
153,"4000",5.53742778566947,"IV"
154,"4000",5.04913504427474,"IV"
155,"4000",5.50318363649845,"IV"
156,"4000",5.33022063613369,"IV"
157,"4000",6.30185777980409,"IV"
158,"4000",4.65430995378618,"IV"
159,"4000",5.49287697479283,"IV"
160,"4000",6.73836758886423,"IV"
161,"4000",6.92668991799383,"IV"
162,"4000",5.57047794060899,"IV"
163,"4000",5.72766810420914,"IV"
164,"4000",6.00031261538094,"IV"
165,"4000",4.65162885038807,"IV"
166,"4000",6.01498982219536,"IV"
167,"4000",4.71506996117966,"IV"
168,"4000",6.48879425568669,"IV"
169,"4000",5.47882236014373,"IV"
170,"4000",6.29196955534895,"IV"
171,"4000",5.00178341048968,"IV"
172,"4000",5.24239514957896,"IV"
173,"4000",4.84078286249463,"IV"
174,"4000",4.69215554694876,"IV"
175,"4000",5.80585752875884,"IV"
176,"4000",5.22218280298436,"IV"
177,"4000",5.94294547339019,"IV"
178,"4000",4.79322079176992,"IV"
179,"4000",5.20451191447354,"IV"
180,"4000",5.32335670087308,"IV"
181,"4000",5.78794317815754,"IV"
182,"4000",4.77696625259942,"IV"
183,"4000",6.21337037902896,"IV"
184,"4000",5.34417374540108,"IV"
185,"4000",5.90128036726842,"IV"
186,"4000",5.23567217433265,"IV"
187,"4000",5.65473430633187,"IV"
188,"4000",5.79552895994321,"IV"
189,"4000",4.85361589531057,"IV"
190,"4000",5.67741450260175,"IV"
191,"4000",5.45527223023412,"IV"
192,"4000",5.7245442200888,"IV"
193,"4000",4.50120413627458,"IV"
194,"4000",6.40702875752779,"IV"
195,"4000",5.85599925486774,"IV"
196,"4000",4.54431147250618,"IV"
197,"4000",5.49366986473845,"IV"
198,"4000",5.20854508222591,"IV"
199,"4000",4.71030411216932,"IV"
200,"4000",6.86354050058175,"IV"
201,"4000",5.15514648007382,"IV"
202,"4000",5.48004237766814,"IV"
203,"4000",6.45258274696744,"IV"
204,"4000",5.84365918943433,"IV"
205,"4000",5.12152275294488,"IV"
206,"4000",5.18936323372839,"IV"
207,"4000",6.60997477538186,"IV"
208,"4000",5.10684221447639,"IV"
209,"4000",5.16496778060355,"IV"
210,"4000",5.78266741852886,"IV"
211,"4000",5.15050325530646,"IV"
212,"4000",5.8324379616096,"IV"
213,"4000",4.87947561885015,"IV"
214,"4000",5.44720432456087,"IV"
215,"4000",6.03783684912573,"IV"
216,"4000",5.6312442960966,"IV"
217,"4000",5.06098013405925,"IV"
218,"4000",4.67930130803922,"IV"
219,"4000",4.51725135285855,"IV"
220,"4000",5.39368128555966,"IV"
221,"4000",5.20434608159484,"IV"
222,"4000",5.73704110442119,"IV"
223,"4000",5.83215121411029,"IV"
224,"4000",5.1270289235765,"IV"
225,"4000",5.95203196045612,"IV"
226,"4000",5.74102938372891,"IV"
227,"4000",5.38994759608795,"IV"
228,"4000",5.67496435940627,"IV"
229,"4000",5.00511733421099,"IV"
230,"4000",5.31935168066591,"IV"
231,"4000",5.01559701456233,"IV"
232,"4000",5.57027982991739,"IV"
233,"4000",5.84319247559291,"IV"
234,"4000",6.39797245570387,"IV"
235,"4000",5.39795204159458,"IV"
236,"4000",6.53041647144025,"IV"
237,"4000",5.20393411789364,"IV"
238,"4000",6.05881019239893,"IV"
239,"4000",5.44294652147948,"IV"
240,"4000",5.91965398262479,"IV"
241,"4000",5.16304924097411,"IV"
242,"4000",5.09599282563186,"IV"
243,"4000",5.44668509399359,"IV"
244,"4000",5.86290328289278,"IV"
245,"4000",7.31256684732272,"IV"
246,"4000",5.65076430713705,"IV"
247,"4000",4.85263165067833,"IV"
248,"4000",5.64257477395384,"IV"
249,"4000",5.46928556827981,"IV"
250,"4000",4.85400111687628,"IV"
251,"4000",4.93300579284258,"IV"
252,"4000",4.79152883988415,"IV"
253,"4000",6.61676368850044,"IV"
254,"4000",5.97175980898503,"IV"
255,"4000",5.27855687282619,"IV"
256,"4000",6.22749277041919,"IV"
257,"4000",6.4588183318851,"IV"
258,"4000",5.13166810881781,"IV"
259,"4000",8.50183021041923,"IV"
260,"4000",6.37228834907881,"IV"
261,"4000",5.72122875510256,"IV"
262,"4000",6.77712142720517,"IV"
263,"4000",4.93730418519168,"IV"
264,"4000",5.07485169138711,"IV"
265,"4000",4.87714932366691,"IV"
266,"4000",5.7672185585899,"IV"
267,"4000",6.0520105131305,"IV"
268,"4000",5.92876834113577,"IV"
269,"4000",4.91621203893956,"IV"
270,"4000",5.35979564662349,"IV"
271,"4000",5.65654884464999,"IV"
272,"4000",5.07626942733563,"IV"
273,"4000",5.92680508277459,"IV"
274,"4000",5.55994255970853,"IV"
275,"4000",5.69721505328879,"IV"
276,"4000",5.09273113197084,"IV"
277,"4000",6.735565767041,"IV"
278,"4000",5.01805826223179,"IV"
279,"4000",4.81208117765744,"IV"
280,"4000",5.39683240514546,"IV"
281,"4000",4.97927949756633,"IV"
282,"4000",5.06747796047567,"IV"
283,"4000",4.97087578204513,"IV"
284,"4000",5.6544716314307,"IV"
285,"4000",5.74698507776391,"IV"
286,"4000",6.79389714154909,"IV"
287,"4000",5.24621595005859,"IV"
288,"4000",5.02497485919914,"IV"
289,"4000",6.55999638285565,"IV"
290,"4000",6.50437971690721,"IV"
291,"4000",6.04289770963281,"IV"
292,"4000",4.71141773658147,"IV"
293,"4000",6.25697151136138,"IV"
294,"4000",5.12995389736821,"IV"
295,"4000",4.88513538965987,"IV"
296,"4000",5.28095758339985,"IV"
297,"4000",5.33456636888738,"IV"
298,"4000",5.6056033031122,"IV"
299,"4000",5.80547628476228,"IV"
300,"4000",5.76724798117163,"IV"
301,"4000",5.67683616057721,"IV"
302,"4000",4.73633142116209,"IV"
303,"4000",4.64297961120176,"IV"
304,"4000",5.22981403720333,"IV"
305,"4000",5.0713858826263,"IV"
306,"4000",8.20589968971632,"IV"
307,"4000",5.54100923517577,"IV"
308,"4000",5.48503262716798,"IV"
309,"4000",5.57309237844539,"IV"
310,"4000",5.63605122457606,"IV"
311,"4000",5.1983603599302,"IV"
312,"4000",5.5223739495477,"IV"
313,"4000",5.44784943275426,"IV"
314,"4000",5.05747248336616,"IV"
315,"4000",5.63533319669248,"IV"
316,"4000",6.0423662395522,"IV"
317,"4000",6.43003558187548,"IV"
318,"4000",5.89230228103551,"IV"
319,"4000",6.86586794332928,"IV"
320,"4000",5.18912967273525,"IV"
321,"4000",6.69682059160166,"IV"
322,"4000",4.93571551538709,"IV"
323,"4000",5.11914960440329,"IV"
324,"4000",5.15418607777175,"IV"
325,"4000",5.65313619788906,"IV"
326,"4000",5.14764096493788,"IV"
327,"4000",5.60843674939712,"IV"
328,"4000",6.6132737624719,"IV"
329,"4000",5.47570377878995,"IV"
330,"4000",6.07180306821753,"IV"
331,"4000",6.13225651145652,"IV"
332,"4000",5.89579117526642,"IV"
333,"4000",5.97453965568292,"IV"
334,"4000",6.771015335591,"IV"
335,"4000",6.26598522223499,"IV"
336,"4000",7.22766422679769,"IV"
337,"4000",5.81081700693737,"IV"
338,"4000",4.96118634838081,"IV"
339,"4000",4.76647182519738,"IV"
340,"4000",6.05025018674236,"IV"
341,"4000",5.66316477999195,"IV"
342,"4000",5.70149579719741,"IV"
343,"4000",5.2981494717178,"IV"
344,"4000",5.92433891599498,"IV"
345,"4000",5.85121840075388,"IV"
346,"4000",5.27665687707155,"IV"
347,"4000",5.05538901866021,"IV"
348,"4000",5.49733409340214,"IV"
349,"4000",4.3875988082759,"IV"
350,"4000",6.10812873441727,"IV"
351,"4000",5.23240176419269,"IV"
352,"4000",5.47052530834849,"IV"
353,"4000",5.40801284368562,"IV"
354,"4000",8.43704561971908,"IV"
355,"4000",4.6724579307512,"IV"
356,"4000",5.66431471163514,"IV"
357,"4000",8.44777924196181,"IV"
358,"4000",6.98974792092497,"IV"
359,"4000",5.8425748938432,"IV"
360,"4000",5.4869642633187,"IV"
361,"4000",6.12539366271385,"IV"
362,"4000",5.98507597660326,"IV"
363,"4000",6.09373466256785,"IV"
364,"4000",5.88306098858637,"IV"
365,"4000",5.82057672497728,"IV"
366,"4000",5.40775770799615,"IV"
367,"4000",5.34484022432537,"IV"
368,"4000",5.98346994117633,"IV"
369,"4000",4.56617314050618,"IV"
370,"4000",5.33919717375595,"IV"
371,"4000",5.72785654938064,"IV"
372,"4000",5.24159689030156,"IV"
373,"4000",5.62279580877118,"IV"
374,"4000",5.33912099535437,"IV"
375,"4000",6.44625200955073,"IV"
376,"4000",5.11290702017792,"IV"
377,"4000",5.50703125529519,"IV"
378,"4000",4.75107546282233,"IV"
379,"4000",5.19418271995168,"IV"
380,"4000",5.87886207756824,"IV"
381,"4000",5.21332901083746,"IV"
382,"4000",4.70606452247793,"IV"
383,"4000",4.88990337635055,"IV"
384,"4000",5.69960220947,"IV"
385,"4000",6.60348481224383,"IV"
386,"4000",4.77239480197702,"IV"
387,"4000",6.68612747508768,"IV"
388,"4000",6.48377226318672,"IV"
389,"4000",5.3656646221001,"IV"
390,"4000",6.23501495493269,"IV"
391,"4000",5.52803233210151,"IV"
392,"4000",6.54811671447147,"IV"
393,"4000",7.81478192206749,"IV"
394,"4000",5.83707113165661,"IV"
395,"4000",4.30623357091425,"IV"
396,"4000",5.5506575055182,"IV"
397,"4000",4.87489762744317,"IV"
398,"4000",6.59258047872301,"IV"
399,"4000",5.11165591162353,"IV"
400,"4000",4.91126378405861,"IV"
401,"4000",5.27627810596709,"IV"
402,"4000",5.06595536026604,"IV"
403,"4000",5.4148758298199,"IV"
404,"4000",6.21046212900738,"IV"
405,"4000",5.17648366304667,"IV"
406,"4000",4.7388338844866,"IV"
407,"4000",7.04844247720925,"IV"
408,"4000",4.95135739448965,"IV"
409,"4000",5.5329212377646,"IV"
410,"4000",5.24604903983503,"IV"
411,"4000",5.73583794481793,"IV"
412,"4000",5.50729285432866,"IV"
413,"4000",4.22442673147629,"IV"
414,"4000",6.09807543761052,"IV"
415,"4000",4.43231909236956,"IV"
416,"4000",5.72409965238621,"IV"
417,"4000",6.34770713195282,"IV"
418,"4000",5.83657849282186,"IV"
419,"4000",5.68656861813954,"IV"
420,"4000",6.34382986915718,"IV"
421,"4000",5.40520125433926,"IV"
422,"4000",5.4282808527888,"IV"
423,"4000",4.87413320642923,"IV"
424,"4000",5.3482385555012,"IV"
425,"4000",5.37615478551966,"IV"
426,"4000",5.39095000405034,"IV"
427,"4000",5.33809197057989,"IV"
428,"4000",6.03414856902353,"IV"
429,"4000",5.07492168610624,"IV"
430,"4000",6.1470056256717,"IV"
431,"4000",5.38592206889909,"IV"
432,"4000",6.10522174449624,"IV"
433,"4000",6.34811828689182,"IV"
434,"4000",6.11631405908823,"IV"
435,"4000",5.70973308671446,"IV"
436,"4000",6.45516409484299,"IV"
437,"4000",6.15632061995881,"IV"
438,"4000",4.85881575433882,"IV"
439,"4000",5.44260763958073,"IV"
440,"4000",6.20797124095526,"IV"
441,"4000",6.24766019999553,"IV"
442,"4000",5.15472385868774,"IV"
443,"4000",5.43940224684988,"IV"
444,"4000",5.4850277125237,"IV"
445,"4000",5.34595365152232,"IV"
446,"4000",6.02851339016118,"IV"
447,"4000",5.37347601972399,"IV"
448,"4000",4.76032988665329,"IV"
449,"4000",5.32194201199453,"IV"
450,"4000",4.84663559831602,"IV"
451,"4000",5.96969146884612,"IV"
452,"4000",5.53058738438313,"IV"
453,"4000",5.4051730359505,"IV"
454,"4000",6.47748343091458,"IV"
455,"4000",5.65687335007371,"IV"
456,"4000",6.16587932968971,"IV"
457,"4000",4.62501586742972,"IV"
458,"4000",5.05067989054117,"IV"
459,"4000",5.27693081993676,"IV"
460,"4000",5.89741604251664,"IV"
461,"4000",5.35737281774782,"IV"
462,"4000",5.93945174711127,"IV"
463,"4000",5.71807612809694,"IV"
464,"4000",5.73883652713984,"IV"
465,"4000",4.99963696693107,"IV"
466,"4000",4.67819924946385,"IV"
467,"4000",6.23450305045065,"IV"
468,"4000",5.24971079741163,"IV"
469,"4000",6.98931115448111,"IV"
470,"4000",6.0144331368574,"IV"
471,"4000",4.90935556451869,"IV"
472,"4000",5.37035534124262,"IV"
473,"4000",5.27685909676769,"IV"
474,"4000",5.67315514352337,"IV"
475,"4000",5.20197597184483,"IV"
476,"4000",5.8717612669142,"IV"
477,"4000",4.85483107326786,"IV"
478,"4000",5.74804112835221,"IV"
479,"4000",4.80774225348471,"IV"
480,"4000",6.45890625028825,"IV"
481,"4000",4.63749455172493,"IV"
482,"4000",6.17373915350299,"IV"
483,"4000",5.97475739521568,"IV"
484,"4000",5.25703336160139,"IV"
485,"4000",5.80991854205912,"IV"
486,"4000",6.62523361622643,"IV"
487,"4000",6.23501285099018,"IV"
488,"4000",6.02006930699254,"IV"
489,"4000",5.56786318353883,"IV"
490,"4000",5.15111423883833,"IV"
491,"4000",5.97579091968877,"IV"
492,"4000",5.10747413845786,"IV"
493,"4000",4.68422520013994,"IV"
494,"4000",6.05077147489153,"IV"
495,"4000",5.11560144642774,"IV"
496,"4000",6.19573565891937,"IV"
497,"4000",5.13504064889102,"IV"
498,"4000",6.36861157675062,"IV"
499,"4000",4.90016910382303,"IV"
500,"4000",4.9747967926026,"IV"
501,"4000",5.69520203775496,"IV"
502,"4000",5.44012614728496,"IV"
503,"4000",6.81977724518334,"IV"
504,"4000",5.24254125771587,"IV"
505,"4000",4.97248748246717,"IV"
506,"4000",6.05359187537873,"IV"
507,"4000",4.71366927956404,"IV"
508,"4000",5.81496145165753,"IV"
509,"4000",5.40708915060582,"IV"
510,"4000",5.95245037404914,"IV"
511,"4000",5.27519150070096,"IV"
512,"4000",5.75023531278493,"IV"
513,"4000",4.99120887612363,"IV"
514,"4000",5.74587259662523,"IV"
515,"4000",6.04712317057867,"IV"
516,"4000",5.95500574622987,"IV"
517,"4000",5.16284215601066,"IV"
518,"4000",6.16244226146183,"IV"
519,"4000",5.15778632429248,"IV"
520,"4000",4.92119348257187,"IV"
521,"4000",5.77287658948768,"IV"
522,"4000",6.03503192083284,"IV"
523,"4000",6.17872939137969,"IV"
524,"4000",6.28047493551686,"IV"
525,"4000",6.59134420429264,"IV"
526,"4000",5.92307259757326,"IV"
527,"4000",5.40846864222298,"IV"
528,"4000",5.19089100162383,"IV"
529,"4000",5.92204770801732,"IV"
530,"4000",5.18771671064224,"IV"
531,"4000",5.86929286136267,"IV"
532,"4000",6.21326672867175,"IV"
533,"4000",5.11407298356444,"IV"
534,"4000",5.2345733902602,"IV"
535,"4000",5.92865594655928,"IV"
536,"4000",4.82704084123204,"IV"
537,"4000",6.73602648120036,"IV"
538,"4000",6.54733427436928,"IV"
539,"4000",5.25634209975222,"IV"
540,"4000",5.96743836672268,"IV"
541,"4000",5.67824161162985,"IV"
542,"4000",5.14716024514814,"IV"
543,"4000",5.3117468520494,"IV"
544,"4000",5.79841026581086,"IV"
545,"4000",5.61481829523481,"IV"
546,"4000",6.45960743379037,"IV"
547,"4000",5.74362599680398,"IV"
548,"4000",4.53965355299459,"IV"
549,"4000",6.25967794350574,"IV"
550,"4000",6.6331098689555,"IV"
551,"4000",5.17732205329405,"IV"
552,"4000",5.29134061350574,"IV"
553,"4000",5.88758402941746,"IV"
554,"4000",6.08200530386256,"IV"
555,"4000",5.27468932538266,"IV"
556,"4000",5.51930024858906,"IV"
557,"4000",4.75034396798895,"IV"
558,"4000",5.55435486340772,"IV"
559,"4000",6.05574476834112,"IV"
560,"4000",5.59969566860263,"IV"
561,"4000",4.9942464763427,"IV"
562,"4000",6.48386049642473,"IV"
563,"4000",5.7096817144756,"IV"
564,"4000",5.2989649471325,"IV"
565,"4000",6.17888497530354,"IV"
566,"4000",4.69832959088928,"IV"
567,"4000",7.06382323655686,"IV"
568,"4000",6.33484651677325,"IV"
569,"4000",6.07179139103738,"IV"
570,"4000",6.22919810793185,"IV"
571,"4000",5.86968905063208,"IV"
572,"4000",5.32102565331147,"IV"
573,"4000",6.70433032401488,"IV"
574,"4000",6.56403808412577,"IV"
575,"4000",5.70077083034129,"IV"
576,"4000",4.68075161763507,"IV"
577,"4000",7.0965764254502,"IV"
578,"4000",4.75299516801211,"IV"
579,"4000",4.31342277632421,"IV"
580,"4000",5.24539174283121,"IV"
581,"4000",6.94888934503628,"IV"
582,"4000",4.80298301106105,"IV"
583,"4000",5.98387291556498,"IV"
584,"4000",6.34650223942894,"IV"
585,"4000",5.73071551811007,"IV"
586,"4000",5.88846494027377,"IV"
587,"4000",4.96987390188641,"IV"
588,"4000",4.39795876622069,"IV"
589,"4000",6.26374977914423,"IV"
590,"4000",5.04089083258064,"IV"
591,"4000",5.88439037419421,"IV"
592,"4000",5.70334323510532,"IV"
593,"4000",5.43964566365807,"IV"
594,"4000",5.68074894493258,"IV"
595,"4000",5.76122680116115,"IV"
596,"4000",5.38459176348303,"IV"
597,"4000",6.5091857336238,"IV"
598,"4000",4.71768739219869,"IV"
599,"4000",5.96264557219768,"IV"
600,"4000",6.73256886873823,"IV"
601,"4000",6.23765838752712,"IV"
602,"4000",5.27399408735489,"IV"
603,"4000",6.46435866211405,"IV"
604,"4000",4.99447858145558,"IV"
605,"4000",6.6829374218982,"IV"
606,"4000",4.82679221394261,"IV"
607,"4000",5.26592760733334,"IV"
608,"4000",4.73758161991417,"IV"
609,"4000",6.18890165241691,"IV"
610,"4000",5.15485713206343,"IV"
611,"4000",6.73809718820017,"IV"
612,"4000",4.50832517945112,"IV"
613,"4000",4.79730094134493,"IV"
614,"4000",5.1924868387323,"IV"
615,"4000",6.78754358282702,"IV"
616,"4000",7.09515995310469,"IV"
617,"4000",5.28729775096401,"IV"
618,"4000",5.83111806002785,"IV"
619,"4000",5.57147090031589,"IV"
620,"4000",6.04522568574929,"IV"
621,"4000",5.42940712435376,"IV"
622,"4000",5.46366002894137,"IV"
623,"4000",5.82663785363537,"IV"
624,"4000",4.89748574630643,"IV"
625,"4000",5.16329057493112,"IV"
626,"4000",5.05479311940826,"IV"
627,"4000",6.12861889274388,"IV"
628,"4000",5.42894236788504,"IV"
629,"4000",5.11243119411838,"IV"
630,"4000",5.36592672155123,"IV"
631,"4000",4.47376252368327,"IV"
632,"4000",5.8898881067055,"IV"
633,"4000",6.05782704589665,"IV"
634,"4000",6.7338631578793,"IV"
635,"4000",5.86505367026351,"IV"
636,"4000",5.15780740650193,"IV"
637,"4000",5.35358563741353,"IV"
638,"4000",5.66069342463169,"IV"
639,"4000",5.90121978269076,"IV"
640,"4000",5.55387776643201,"IV"
641,"4000",5.79636904347143,"IV"
642,"4000",5.06217569586606,"IV"
643,"4000",5.40514592574594,"IV"
644,"4000",5.25841063323314,"IV"
645,"4000",6.31495769341784,"IV"
646,"4000",4.96800359369121,"IV"
647,"4000",5.12312009049229,"IV"
648,"4000",4.91475419725427,"IV"
649,"4000",6.04470668459507,"IV"
650,"4000",4.9088077532586,"IV"
651,"4000",6.78449768323755,"IV"
652,"4000",4.60918931290128,"IV"
653,"4000",6.35278821624322,"IV"
654,"4000",5.90665878311481,"IV"
655,"4000",5.53935463618801,"IV"
656,"4000",5.90736126694702,"IV"
657,"4000",5.57405779782896,"IV"
658,"4000",6.09792122643984,"IV"
659,"4000",6.04242673202539,"IV"
660,"4000",5.66417810787136,"IV"
661,"4000",5.68624186330066,"IV"
662,"4000",5.6965038018681,"IV"
663,"4000",6.5535790493163,"IV"
664,"4000",5.54934711720711,"IV"
665,"4000",4.96910591612216,"IV"
666,"4000",5.97017416149298,"IV"
667,"4000",6.21337714772089,"IV"
668,"4000",6.36865561470449,"IV"
669,"4000",5.3469549148765,"IV"
670,"4000",5.08427686775472,"IV"
671,"4000",5.18110965672404,"IV"
672,"4000",5.236767663024,"IV"
673,"4000",6.32167357719962,"IV"
674,"4000",6.10671520432271,"IV"
675,"4000",7.28361133398952,"IV"
676,"4000",7.12884908722006,"IV"
677,"4000",5.19467085908771,"IV"
678,"4000",5.40101279069702,"IV"
679,"4000",5.90358002624225,"IV"
680,"4000",5.5035127916829,"IV"
681,"4000",5.54344294127375,"IV"
682,"4000",6.63962998390069,"IV"
683,"4000",6.72484505768171,"IV"
684,"4000",5.40357688223646,"IV"
685,"4000",6.52381830980107,"IV"
686,"4000",6.57022217039062,"IV"
687,"4000",5.96823821725171,"IV"
688,"4000",5.26888507570854,"IV"
689,"4000",6.04340879043656,"IV"
690,"4000",7.09012369797526,"IV"
691,"4000",6.29869238939679,"IV"
692,"4000",6.49583836179884,"IV"
693,"4000",5.13983515591464,"IV"
694,"4000",4.97692086682345,"IV"
695,"4000",5.27373097482486,"IV"
696,"4000",5.54524087909831,"IV"
697,"4000",5.69126606019841,"IV"
698,"4000",5.85434672734782,"IV"
699,"4000",5.78739924400297,"IV"
700,"4000",4.91873284721006,"IV"
701,"4000",5.87320393964228,"IV"
702,"4000",6.63049567282909,"IV"
703,"4000",5.66412462113979,"IV"
704,"4000",5.57033677751124,"IV"
705,"4000",5.23262805198713,"IV"
706,"4000",6.23887004922456,"IV"
707,"4000",6.26130089428763,"IV"
708,"4000",4.75201756868622,"IV"
709,"4000",5.35319467679712,"IV"
710,"4000",6.35581434651983,"IV"
711,"4000",5.02436001547592,"IV"
712,"4000",6.25705473780045,"IV"
713,"4000",6.09137939636008,"IV"
714,"4000",4.75530986321628,"IV"
715,"4000",6.50011746047987,"IV"
716,"4000",6.47562330441911,"IV"
717,"4000",5.44812223897898,"IV"
718,"4000",6.58171449032429,"IV"
719,"4000",6.57459620733351,"IV"
720,"4000",5.47850721803685,"IV"
721,"4000",4.229340150547,"IV"
722,"4000",5.74773792155869,"IV"
723,"4000",7.53565576090938,"IV"
724,"4000",5.85659396303624,"IV"
725,"4000",5.31896223878404,"IV"
726,"4000",5.80560880922308,"IV"
727,"4000",5.38726637272051,"IV"
728,"4000",5.78935852596286,"IV"
729,"4000",5.31450176449494,"IV"
730,"4000",5.16094983631623,"IV"
731,"4000",5.98194021931975,"IV"
732,"4000",6.33555103763756,"IV"
733,"4000",5.44015718252544,"IV"
734,"4000",6.67820849828983,"IV"
735,"4000",5.94550252855982,"IV"
736,"4000",5.07705314755666,"IV"
737,"4000",5.24897297365135,"IV"
738,"4000",4.61648829184756,"IV"
739,"4000",5.16409337734545,"IV"
740,"4000",4.87758581982117,"IV"
741,"4000",5.06301329069627,"IV"
742,"4000",5.03505170573794,"IV"
743,"4000",5.28046016067142,"IV"
744,"4000",5.96069301157474,"IV"
745,"4000",5.96085731267618,"IV"
746,"4000",5.30977168406916,"IV"
747,"4000",5.57003479790974,"IV"
748,"4000",4.61856038277423,"IV"
749,"4000",5.6066819332483,"IV"
750,"4000",6.24610873668939,"IV"
751,"4000",5.3201376688552,"IV"
752,"4000",5.87246252623729,"IV"
753,"4000",5.6923653972155,"IV"
754,"4000",5.7729741326308,"IV"
755,"4000",5.81113940874862,"IV"
756,"4000",6.1347141186838,"IV"
757,"4000",5.37484011215777,"IV"
758,"4000",5.84148822285063,"IV"
759,"4000",6.15288082376291,"IV"
760,"4000",5.0761170470925,"IV"
761,"4000",4.76604422635465,"IV"
762,"4000",5.42824421148389,"IV"
763,"4000",5.88386241042976,"IV"
764,"4000",5.37070697849983,"IV"
765,"4000",5.87719973575008,"IV"
766,"4000",5.32988444994139,"IV"
767,"4000",4.71676733244349,"IV"
768,"4000",5.40662646790024,"IV"
769,"4000",5.75235821148649,"IV"
770,"4000",5.20958314251456,"IV"
771,"4000",5.04589870078073,"IV"
772,"4000",6.58227687706254,"IV"
773,"4000",4.55343147140686,"IV"
774,"4000",5.40800646493233,"IV"
775,"4000",5.55397091592572,"IV"
776,"4000",5.11008550761599,"IV"
777,"4000",5.47666186264024,"IV"
778,"4000",4.9235896837239,"IV"
779,"4000",5.0434285131344,"IV"
780,"4000",7.08058708118635,"IV"
781,"4000",7.18891398480818,"IV"
782,"4000",5.71440851675634,"IV"
783,"4000",6.78546554787121,"IV"
784,"4000",6.76205147786138,"IV"
785,"4000",6.55102723827487,"IV"
786,"4000",7.42009539407425,"IV"
787,"4000",4.84909630424182,"IV"
788,"4000",5.50552629852849,"IV"
789,"4000",5.25082012536323,"IV"
790,"4000",5.74617102552969,"IV"
791,"4000",6.08258500916566,"IV"
792,"4000",5.30270289911967,"IV"
793,"4000",5.41460735246751,"IV"
794,"4000",6.24209891400297,"IV"
795,"4000",5.97538179409548,"IV"
796,"4000",4.8306478896643,"IV"
797,"4000",5.38784312752642,"IV"
798,"4000",5.49459570190197,"IV"
799,"4000",5.19042492779955,"IV"
800,"4000",5.28839441817566,"IV"
801,"4000",5.78995336546711,"IV"
802,"4000",5.09371152420702,"IV"
803,"4000",6.84075583344582,"IV"
804,"4000",6.31333086948865,"IV"
805,"4000",5.59726459846278,"IV"
806,"4000",5.25423985933097,"IV"
807,"4000",5.73115102068369,"IV"
808,"4000",5.89962164962633,"IV"
809,"4000",5.74010277485122,"IV"
810,"4000",5.46645923381348,"IV"
811,"4000",6.75081745593755,"IV"
812,"4000",5.0562646662286,"IV"
813,"4000",5.05195303630511,"IV"
814,"4000",6.17800706659646,"IV"
815,"4000",5.79081996154672,"IV"
816,"4000",5.95187940113164,"IV"
817,"4000",4.71703750062647,"IV"
818,"4000",7.57211915066586,"IV"
819,"4000",5.10156251518774,"IV"
820,"4000",5.42286706534106,"IV"
821,"4000",5.37837636691531,"IV"
822,"4000",5.11170584262404,"IV"
823,"4000",5.49974080120061,"IV"
824,"4000",6.76143312251567,"IV"
825,"4000",5.60565178693951,"IV"
826,"4000",6.18234825199423,"IV"
827,"4000",5.56446958011784,"IV"
828,"4000",5.35213662983574,"IV"
829,"4000",5.12904132426073,"IV"
830,"4000",5.94267946520979,"IV"
831,"4000",5.18743242238739,"IV"
832,"4000",6.52735682281848,"IV"
833,"4000",4.8615920644564,"IV"
834,"4000",4.82354401469093,"IV"
835,"4000",6.34589888264563,"IV"
836,"4000",5.52115631211195,"IV"
837,"4000",5.35797071144716,"IV"
838,"4000",6.24114385951347,"IV"
839,"4000",5.61774234688963,"IV"
840,"4000",5.51133086133689,"IV"
841,"4000",6.02567474906694,"IV"
842,"4000",4.50771868412592,"IV"
843,"4000",5.02394497398757,"IV"
844,"4000",5.70932997574673,"IV"
845,"4000",6.559192612981,"IV"
846,"4000",5.89042348590349,"IV"
847,"4000",4.65733575291391,"IV"
848,"4000",7.34998998525859,"IV"
849,"4000",6.53840365127334,"IV"
850,"4000",5.76315194778754,"IV"
851,"4000",5.35530956312887,"IV"
852,"4000",5.41877934123873,"IV"
853,"4000",5.39515261655851,"IV"
854,"4000",5.38295852570546,"IV"
855,"4000",5.3383211418398,"IV"
856,"4000",5.79871041768134,"IV"
857,"4000",6.14177440834419,"IV"
858,"4000",5.21692281936166,"IV"
859,"4000",7.28770175402366,"IV"
860,"4000",5.58502080023112,"IV"
861,"4000",5.22882681053688,"IV"
862,"4000",5.19528450312066,"IV"
863,"4000",6.34485329164368,"IV"
864,"4000",6.16955444398304,"IV"
865,"4000",5.83572739706853,"IV"
866,"4000",5.29899013357808,"IV"
867,"4000",4.82250530333692,"IV"
868,"4000",4.94809025509073,"IV"
869,"4000",6.38302671688783,"IV"
870,"4000",6.33913796777401,"IV"
871,"4000",5.31269266477263,"IV"
872,"4000",5.83557790386798,"IV"
873,"4000",4.91284671618447,"IV"
874,"4000",5.6225093023113,"IV"
875,"4000",6.09839171957712,"IV"
876,"4000",6.88781502543474,"IV"
877,"4000",5.58050646940674,"IV"
878,"4000",6.06064514966714,"IV"
879,"4000",6.19402263942547,"IV"
880,"4000",6.18205077139562,"IV"
881,"4000",6.10307204868116,"IV"
882,"4000",5.32302058991518,"IV"
883,"4000",5.27480278578149,"IV"
884,"4000",5.20387526646195,"IV"
885,"4000",5.83741539996984,"IV"
886,"4000",6.02964140110719,"IV"
887,"4000",4.50933486092352,"IV"
888,"4000",5.38820534234905,"IV"
889,"4000",6.48680328667197,"IV"
890,"4000",7.95824084322585,"IV"
891,"4000",5.17270189145124,"IV"
892,"4000",5.69996655112179,"IV"
893,"4000",6.59936586115027,"IV"
894,"4000",6.48900220099019,"IV"
895,"4000",5.84682152744568,"IV"
896,"4000",4.808562377943,"IV"
897,"4000",5.36504177388061,"IV"
898,"4000",5.03834755427077,"IV"
899,"4000",5.41758352158235,"IV"
900,"4000",7.39761768705355,"IV"
901,"4000",5.97345559897366,"IV"
902,"4000",5.87521584215941,"IV"
903,"4000",6.14565944839434,"IV"
904,"4000",5.22648476913834,"IV"
905,"4000",7.12271131632344,"IV"
906,"4000",4.33932603204253,"IV"
907,"4000",5.06670581868354,"IV"
908,"4000",5.93464092359846,"IV"
909,"4000",5.05146962614759,"IV"
910,"4000",4.65408722618156,"IV"
911,"4000",6.61553023570792,"IV"
912,"4000",5.63182403761484,"IV"
913,"4000",5.86901381149256,"IV"
914,"4000",5.15053230538253,"IV"
915,"4000",5.22029543695636,"IV"
916,"4000",6.03386510648721,"IV"
917,"4000",5.8521639313401,"IV"
918,"4000",6.54905199550353,"IV"
919,"4000",6.13456066542487,"IV"
920,"4000",5.50870454588295,"IV"
921,"4000",5.4014513830259,"IV"
922,"4000",5.28603936529336,"IV"
923,"4000",5.65373213493824,"IV"
924,"4000",6.45457659254108,"IV"
925,"4000",5.97102206620637,"IV"
926,"4000",5.60464599587471,"IV"
927,"4000",5.27534957710151,"IV"
928,"4000",5.74218091349063,"IV"
929,"4000",4.77550410597851,"IV"
930,"4000",5.21182697851471,"IV"
931,"4000",5.69546846419933,"IV"
932,"4000",5.90283304768276,"IV"
933,"4000",5.52848984766382,"IV"
934,"4000",6.0630684679765,"IV"
935,"4000",5.56898801563447,"IV"
936,"4000",4.9571293622372,"IV"
937,"4000",6.96631183708375,"IV"
938,"4000",5.15727211665962,"IV"
939,"4000",4.62571883331621,"IV"
940,"4000",5.35017581837666,"IV"
941,"4000",5.08137698114629,"IV"
942,"4000",5.65987693305405,"IV"
943,"4000",6.40261971417844,"IV"
944,"4000",5.89907181741466,"IV"
945,"4000",5.27970722173235,"IV"
946,"4000",5.97139379157419,"IV"
947,"4000",5.85972940572871,"IV"
948,"4000",5.07106669028177,"IV"
949,"4000",5.96054898341841,"IV"
950,"4000",4.64764839381145,"IV"
951,"4000",6.71975737337824,"IV"
952,"4000",5.45058696141164,"IV"
953,"4000",6.98121149824344,"IV"
954,"4000",4.55800279237173,"IV"
955,"4000",6.84251932031431,"IV"
956,"4000",5.62520969699454,"IV"
957,"4000",4.77666623257451,"IV"
958,"4000",5.50415906947564,"IV"
959,"4000",6.71329777844318,"IV"
960,"4000",4.96088068337086,"IV"
961,"4000",5.30849843175258,"IV"
962,"4000",5.17987861898306,"IV"
963,"4000",4.28037672787134,"IV"
964,"4000",5.56645811014045,"IV"
965,"4000",6.44756934002328,"IV"
966,"4000",6.3876827790039,"IV"
967,"4000",4.98816149307795,"IV"
968,"4000",5.66281959549813,"IV"
969,"4000",5.22107643806904,"IV"
970,"4000",4.71845080977216,"IV"
971,"4000",6.16874314141686,"IV"
972,"4000",6.34994368384319,"IV"
973,"4000",5.26186365876621,"IV"
974,"4000",5.51579680544501,"IV"
975,"4000",5.12364895826136,"IV"
976,"4000",6.10577366193387,"IV"
977,"4000",5.66029738644063,"IV"
978,"4000",5.38943255711883,"IV"
979,"4000",6.00318464493573,"IV"
980,"4000",5.36595799740584,"IV"
981,"4000",5.74178794006779,"IV"
982,"4000",5.72662889515219,"IV"
983,"4000",6.13227371656296,"IV"
984,"4000",4.80266975361714,"IV"
985,"4000",5.22575376587115,"IV"
986,"4000",5.9664833867288,"IV"
987,"4000",4.90345346965668,"IV"
988,"4000",5.66890350936388,"IV"
989,"4000",7.06023950944618,"IV"
990,"4000",6.48710372305291,"IV"
991,"4000",5.67167132867391,"IV"
992,"4000",4.90587395809768,"IV"
993,"4000",5.34072962032512,"IV"
994,"4000",5.00608841964499,"IV"
995,"4000",5.57529020176196,"IV"
996,"4000",5.52503694372352,"IV"
997,"4000",4.98208942217684,"IV"
998,"4000",6.4317440402994,"IV"
999,"4000",5.91382301162188,"IV"
1000,"4000",5.31027410594196,"IV"
1,"500",6.77088524808742,"Unadjusted"
2,"500",2.54165317994249,"Unadjusted"
3,"500",5.507228905925,"Unadjusted"
4,"500",7.08200264405019,"Unadjusted"
5,"500",4.29492368165372,"Unadjusted"
6,"500",4.11288433345305,"Unadjusted"
7,"500",5.82212441912622,"Unadjusted"
8,"500",4.91648512387526,"Unadjusted"
9,"500",4.00289930774674,"Unadjusted"
10,"500",5.1313126704675,"Unadjusted"
11,"500",6.93715154621712,"Unadjusted"
12,"500",2.75010166852984,"Unadjusted"
13,"500",4.65800898197165,"Unadjusted"
14,"500",7.55645082118604,"Unadjusted"
15,"500",3.13222248434061,"Unadjusted"
16,"500",3.16445886627646,"Unadjusted"
17,"500",3.12321921900532,"Unadjusted"
18,"500",3.55848920604305,"Unadjusted"
19,"500",4.75713667290021,"Unadjusted"
20,"500",7.8643897231297,"Unadjusted"
21,"500",10.995801535483,"Unadjusted"
22,"500",6.17065731646343,"Unadjusted"
23,"500",5.66826846023016,"Unadjusted"
24,"500",4.24324345872785,"Unadjusted"
25,"500",10.6425890111925,"Unadjusted"
26,"500",3.86289247562128,"Unadjusted"
27,"500",4.16443893356959,"Unadjusted"
28,"500",4.78934144176399,"Unadjusted"
29,"500",4.0674696333477,"Unadjusted"
30,"500",3.90655322480133,"Unadjusted"
31,"500",2.85947423904271,"Unadjusted"
32,"500",3.29423447147428,"Unadjusted"
33,"500",10.0813347616503,"Unadjusted"
34,"500",4.40016983954783,"Unadjusted"
35,"500",4.51414617976756,"Unadjusted"
36,"500",3.12711974366171,"Unadjusted"
37,"500",7.40332544517707,"Unadjusted"
38,"500",4.10492032999108,"Unadjusted"
39,"500",3.37851678969524,"Unadjusted"
40,"500",2.86287780121875,"Unadjusted"
41,"500",2.93291835235366,"Unadjusted"
42,"500",3.60245495039128,"Unadjusted"
43,"500",3.91027024791492,"Unadjusted"
44,"500",3.4774051531455,"Unadjusted"
45,"500",3.1656292960896,"Unadjusted"
46,"500",2.67036557314202,"Unadjusted"
47,"500",2.62329055693424,"Unadjusted"
48,"500",5.04310126282048,"Unadjusted"
49,"500",2.71627374487807,"Unadjusted"
50,"500",8.12607560678983,"Unadjusted"
51,"500",3.65027842816651,"Unadjusted"
52,"500",3.77896348415466,"Unadjusted"
53,"500",8.39953010163818,"Unadjusted"
54,"500",2.39831956996106,"Unadjusted"
55,"500",4.25495450985262,"Unadjusted"
56,"500",3.51174990725488,"Unadjusted"
57,"500",10.911027492692,"Unadjusted"
58,"500",7.93878163860725,"Unadjusted"
59,"500",7.05981855682366,"Unadjusted"
60,"500",2.85498163924777,"Unadjusted"
61,"500",6.47906969865164,"Unadjusted"
62,"500",6.30270701497133,"Unadjusted"
63,"500",4.36131329864858,"Unadjusted"
64,"500",6.0789238452621,"Unadjusted"
65,"500",4.32891970783337,"Unadjusted"
66,"500",3.46165497380354,"Unadjusted"
67,"500",3.14489852662508,"Unadjusted"
68,"500",3.96888529280109,"Unadjusted"
69,"500",4.60630770573071,"Unadjusted"
70,"500",9.30366193340918,"Unadjusted"
71,"500",6.60839009797512,"Unadjusted"
72,"500",3.31509048040989,"Unadjusted"
73,"500",4.77667445652943,"Unadjusted"
74,"500",4.48422363812923,"Unadjusted"
75,"500",7.28768243760622,"Unadjusted"
76,"500",4.96821426700531,"Unadjusted"
77,"500",3.72836367835819,"Unadjusted"
78,"500",4.74693353718709,"Unadjusted"
79,"500",4.04704257162417,"Unadjusted"
80,"500",3.93293081501898,"Unadjusted"
81,"500",3.16742242981321,"Unadjusted"
82,"500",7.04919737391507,"Unadjusted"
83,"500",3.6293368635646,"Unadjusted"
84,"500",3.45790830972316,"Unadjusted"
85,"500",4.21830713573264,"Unadjusted"
86,"500",5.14518151807334,"Unadjusted"
87,"500",6.13014052789975,"Unadjusted"
88,"500",3.14179562553129,"Unadjusted"
89,"500",5.27630943063127,"Unadjusted"
90,"500",3.45608118536652,"Unadjusted"
91,"500",3.52525589517855,"Unadjusted"
92,"500",6.4996200414702,"Unadjusted"
93,"500",8.81438574288707,"Unadjusted"
94,"500",3.20420693853564,"Unadjusted"
95,"500",2.47774840403148,"Unadjusted"
96,"500",4.63277754444426,"Unadjusted"
97,"500",5.45169951634595,"Unadjusted"
98,"500",2.50163886997441,"Unadjusted"
99,"500",3.16174954180946,"Unadjusted"
100,"500",2.37141610465917,"Unadjusted"
101,"500",3.12483134580378,"Unadjusted"
102,"500",3.15887465855108,"Unadjusted"
103,"500",2.99257244874989,"Unadjusted"
104,"500",74.0226507527983,"Unadjusted"
105,"500",5.5313361604723,"Unadjusted"
106,"500",18.8769644462538,"Unadjusted"
107,"500",3.51620297043706,"Unadjusted"
108,"500",3.10828335727255,"Unadjusted"
109,"500",3.42002932944458,"Unadjusted"
110,"500",3.85525749559114,"Unadjusted"
111,"500",4.29824768797607,"Unadjusted"
112,"500",3.77586218830523,"Unadjusted"
113,"500",4.08995757067302,"Unadjusted"
114,"500",7.82710640654107,"Unadjusted"
115,"500",4.86224849096562,"Unadjusted"
116,"500",4.24033767792736,"Unadjusted"
117,"500",2.15441124998074,"Unadjusted"
118,"500",7.90610012453919,"Unadjusted"
119,"500",4.55182147240486,"Unadjusted"
120,"500",4.9366027264585,"Unadjusted"
121,"500",26.7178904437718,"Unadjusted"
122,"500",2.55867094370564,"Unadjusted"
123,"500",3.73569418845355,"Unadjusted"
124,"500",4.46786055642159,"Unadjusted"
125,"500",3.42931735349223,"Unadjusted"
126,"500",8.70205065486241,"Unadjusted"
127,"500",8.86202874281231,"Unadjusted"
128,"500",3.67744793008018,"Unadjusted"
129,"500",4.77872941976514,"Unadjusted"
130,"500",3.09397989538676,"Unadjusted"
131,"500",4.82542757418957,"Unadjusted"
132,"500",4.25120935089092,"Unadjusted"
133,"500",2.96532133175917,"Unadjusted"
134,"500",3.72578419532681,"Unadjusted"
135,"500",5.12882407351309,"Unadjusted"
136,"500",3.3702236783813,"Unadjusted"
137,"500",3.0981662706037,"Unadjusted"
138,"500",4.68892177726204,"Unadjusted"
139,"500",3.37613022848341,"Unadjusted"
140,"500",4.3779564359274,"Unadjusted"
141,"500",3.19226516751146,"Unadjusted"
142,"500",3.64977790567275,"Unadjusted"
143,"500",5.24440214546628,"Unadjusted"
144,"500",6.66288929194008,"Unadjusted"
145,"500",4.01925247489396,"Unadjusted"
146,"500",3.48592701153945,"Unadjusted"
147,"500",7.23389618547377,"Unadjusted"
148,"500",6.28969804146779,"Unadjusted"
149,"500",6.12551201602348,"Unadjusted"
150,"500",4.63410087648024,"Unadjusted"
151,"500",4.43023663696952,"Unadjusted"
152,"500",3.59683463384558,"Unadjusted"
153,"500",3.18089076424431,"Unadjusted"
154,"500",2.88092592693112,"Unadjusted"
155,"500",5.10001779885113,"Unadjusted"
156,"500",3.39198476433299,"Unadjusted"
157,"500",5.55949983803745,"Unadjusted"
158,"500",12.9612846735827,"Unadjusted"
159,"500",5.22003921021301,"Unadjusted"
160,"500",3.50924641520314,"Unadjusted"
161,"500",4.44653271136083,"Unadjusted"
162,"500",4.25774904180849,"Unadjusted"
163,"500",5.58822212437143,"Unadjusted"
164,"500",5.19893198062197,"Unadjusted"
165,"500",5.10166610224472,"Unadjusted"
166,"500",11.9283603831999,"Unadjusted"
167,"500",3.57818546990111,"Unadjusted"
168,"500",3.19225870750859,"Unadjusted"
169,"500",4.90647795752251,"Unadjusted"
170,"500",5.43429945576385,"Unadjusted"
171,"500",6.29278205793503,"Unadjusted"
172,"500",5.70422177242245,"Unadjusted"
173,"500",9.07020555066555,"Unadjusted"
174,"500",9.03256023467858,"Unadjusted"
175,"500",25.1830226342829,"Unadjusted"
176,"500",10.127966352359,"Unadjusted"
177,"500",3.52027071049149,"Unadjusted"
178,"500",4.87706086130125,"Unadjusted"
179,"500",4.34065703588994,"Unadjusted"
180,"500",3.18133571573161,"Unadjusted"
181,"500",5.86458695125911,"Unadjusted"
182,"500",6.91276214018648,"Unadjusted"
183,"500",12.4240883950787,"Unadjusted"
184,"500",4.92785522161046,"Unadjusted"
185,"500",9.99207134598652,"Unadjusted"
186,"500",2.90217573287643,"Unadjusted"
187,"500",3.10354783391554,"Unadjusted"
188,"500",7.31581672987347,"Unadjusted"
189,"500",6.34402524468686,"Unadjusted"
190,"500",2.57243714636535,"Unadjusted"
191,"500",3.04082142781953,"Unadjusted"
192,"500",8.10421844511715,"Unadjusted"
193,"500",5.27069045769518,"Unadjusted"
194,"500",3.65996147327505,"Unadjusted"
195,"500",3.56411086652892,"Unadjusted"
196,"500",11.4178261703904,"Unadjusted"
197,"500",3.31747441714449,"Unadjusted"
198,"500",2.62907596952048,"Unadjusted"
199,"500",3.81292463682081,"Unadjusted"
200,"500",3.00763737580716,"Unadjusted"
201,"500",4.13826394078476,"Unadjusted"
202,"500",3.48865225651104,"Unadjusted"
203,"500",4.30490272135131,"Unadjusted"
204,"500",4.00992950870047,"Unadjusted"
205,"500",3.85187892008013,"Unadjusted"
206,"500",9.78151116344134,"Unadjusted"
207,"500",4.1308973827945,"Unadjusted"
208,"500",4.52552582812952,"Unadjusted"
209,"500",2.68434156323578,"Unadjusted"
210,"500",3.13255880352777,"Unadjusted"
211,"500",7.78120191103014,"Unadjusted"
212,"500",4.57050653028721,"Unadjusted"
213,"500",5.93084506387414,"Unadjusted"
214,"500",4.01577648418765,"Unadjusted"
215,"500",4.21133293933386,"Unadjusted"
216,"500",3.79803608539776,"Unadjusted"
217,"500",3.44703136889327,"Unadjusted"
218,"500",5.07999226479323,"Unadjusted"
219,"500",25.7263915497678,"Unadjusted"
220,"500",7.81222216899559,"Unadjusted"
221,"500",4.14238267318785,"Unadjusted"
222,"500",6.79429136694389,"Unadjusted"
223,"500",6.7533774714164,"Unadjusted"
224,"500",3.14695973087157,"Unadjusted"
225,"500",12.8917492408961,"Unadjusted"
226,"500",5.01296754173694,"Unadjusted"
227,"500",3.41469144071098,"Unadjusted"
228,"500",5.562564809007,"Unadjusted"
229,"500",4.90067798545736,"Unadjusted"
230,"500",6.77668397613882,"Unadjusted"
231,"500",2.4714910633645,"Unadjusted"
232,"500",4.53941546915114,"Unadjusted"
233,"500",7.12492899669818,"Unadjusted"
234,"500",6.01393356036327,"Unadjusted"
235,"500",6.88865805481162,"Unadjusted"
236,"500",2.58329623370226,"Unadjusted"
237,"500",4.84048264975804,"Unadjusted"
238,"500",5.94131128104417,"Unadjusted"
239,"500",4.84208283533697,"Unadjusted"
240,"500",3.33413914629,"Unadjusted"
241,"500",6.71137963203946,"Unadjusted"
242,"500",3.1396741052315,"Unadjusted"
243,"500",5.73407680417844,"Unadjusted"
244,"500",5.12414972368721,"Unadjusted"
245,"500",7.03017650346576,"Unadjusted"
246,"500",3.52707033430973,"Unadjusted"
247,"500",3.974893382927,"Unadjusted"
248,"500",4.01992288884007,"Unadjusted"
249,"500",4.14098673378634,"Unadjusted"
250,"500",9.16341318028517,"Unadjusted"
251,"500",4.18401701835893,"Unadjusted"
252,"500",3.51890357561904,"Unadjusted"
253,"500",4.92313761228211,"Unadjusted"
254,"500",3.374801316549,"Unadjusted"
255,"500",4.84309186655311,"Unadjusted"
256,"500",4.63403391908242,"Unadjusted"
257,"500",6.22248500923358,"Unadjusted"
258,"500",2.77207838212453,"Unadjusted"
259,"500",3.97569648320265,"Unadjusted"
260,"500",4.40468218142025,"Unadjusted"
261,"500",5.59176337959852,"Unadjusted"
262,"500",3.44122162126396,"Unadjusted"
263,"500",3.51358705222505,"Unadjusted"
264,"500",12.436288213305,"Unadjusted"
265,"500",3.80264738574505,"Unadjusted"
266,"500",4.94144319915329,"Unadjusted"
267,"500",3.52645092810182,"Unadjusted"
268,"500",4.56196364640444,"Unadjusted"
269,"500",4.97488723374306,"Unadjusted"
270,"500",4.27427170592077,"Unadjusted"
271,"500",4.25044656990278,"Unadjusted"
272,"500",4.48872706452349,"Unadjusted"
273,"500",3.85473358484663,"Unadjusted"
274,"500",4.43877403434487,"Unadjusted"
275,"500",3.29697585152398,"Unadjusted"
276,"500",3.22235089104978,"Unadjusted"
277,"500",4.98352652348354,"Unadjusted"
278,"500",4.78725636941488,"Unadjusted"
279,"500",7.62743477705247,"Unadjusted"
280,"500",6.39037383494585,"Unadjusted"
281,"500",3.59697823196181,"Unadjusted"
282,"500",7.30744869198367,"Unadjusted"
283,"500",3.63038155432266,"Unadjusted"
284,"500",10.4026403827567,"Unadjusted"
285,"500",3.03231931433695,"Unadjusted"
286,"500",3.97196135475266,"Unadjusted"
287,"500",2.54161720815863,"Unadjusted"
288,"500",8.01280375550448,"Unadjusted"
289,"500",3.76176999748684,"Unadjusted"
290,"500",3.09837717149144,"Unadjusted"
291,"500",3.47394092607693,"Unadjusted"
292,"500",5.13705484841841,"Unadjusted"
293,"500",3.07457092406046,"Unadjusted"
294,"500",4.8009101009883,"Unadjusted"
295,"500",3.19622786562711,"Unadjusted"
296,"500",4.41664424355435,"Unadjusted"
297,"500",3.35414675675827,"Unadjusted"
298,"500",3.05763832942084,"Unadjusted"
299,"500",7.39314425183638,"Unadjusted"
300,"500",2.48449793338177,"Unadjusted"
301,"500",4.72751933970967,"Unadjusted"
302,"500",7.55936846065934,"Unadjusted"
303,"500",2.64607402767627,"Unadjusted"
304,"500",4.26827495254253,"Unadjusted"
305,"500",3.41633312218786,"Unadjusted"
306,"500",9.51423390718817,"Unadjusted"
307,"500",16.3906698335544,"Unadjusted"
308,"500",7.44418872620006,"Unadjusted"
309,"500",4.09645112869688,"Unadjusted"
310,"500",3.02356666941041,"Unadjusted"
311,"500",3.59487862466655,"Unadjusted"
312,"500",2.83518279481055,"Unadjusted"
313,"500",5.01081281927849,"Unadjusted"
314,"500",6.48772756948048,"Unadjusted"
315,"500",6.4851179995888,"Unadjusted"
316,"500",12.6478030077583,"Unadjusted"
317,"500",11.8876065624943,"Unadjusted"
318,"500",2.39537291375219,"Unadjusted"
319,"500",4.34468832449463,"Unadjusted"
320,"500",5.54922676335834,"Unadjusted"
321,"500",4.67520100271959,"Unadjusted"
322,"500",4.09474749330562,"Unadjusted"
323,"500",8.9149669153332,"Unadjusted"
324,"500",5.15693804125012,"Unadjusted"
325,"500",7.34806843675339,"Unadjusted"
326,"500",3.71610859705529,"Unadjusted"
327,"500",9.72480424212594,"Unadjusted"
328,"500",2.66689183994445,"Unadjusted"
329,"500",4.43348005213727,"Unadjusted"
330,"500",6.4487391510975,"Unadjusted"
331,"500",2.95283690804978,"Unadjusted"
332,"500",2.56141344381022,"Unadjusted"
333,"500",3.89326068550018,"Unadjusted"
334,"500",3.28836880209385,"Unadjusted"
335,"500",4.17488332383389,"Unadjusted"
336,"500",5.81145402396814,"Unadjusted"
337,"500",4.86425737255089,"Unadjusted"
338,"500",3.68000769395813,"Unadjusted"
339,"500",3.18120919032798,"Unadjusted"
340,"500",3.20374560321279,"Unadjusted"
341,"500",5.2622435291817,"Unadjusted"
342,"500",5.52471726836519,"Unadjusted"
343,"500",18.371335773714,"Unadjusted"
344,"500",8.20253401118024,"Unadjusted"
345,"500",4.06682990587509,"Unadjusted"
346,"500",3.20122401646503,"Unadjusted"
347,"500",7.93152202658795,"Unadjusted"
348,"500",5.88711151696612,"Unadjusted"
349,"500",2.80998910405364,"Unadjusted"
350,"500",4.57917207812588,"Unadjusted"
351,"500",4.74532248405506,"Unadjusted"
352,"500",6.71630989049592,"Unadjusted"
353,"500",5.48286785852997,"Unadjusted"
354,"500",3.26485994736116,"Unadjusted"
355,"500",8.41895244061872,"Unadjusted"
356,"500",8.02181652259108,"Unadjusted"
357,"500",2.52502999726617,"Unadjusted"
358,"500",2.08042612666373,"Unadjusted"
359,"500",2.35321901082986,"Unadjusted"
360,"500",3.94747080865166,"Unadjusted"
361,"500",4.57618261386381,"Unadjusted"
362,"500",2.78579809324818,"Unadjusted"
363,"500",5.83832367586744,"Unadjusted"
364,"500",5.68692974414885,"Unadjusted"
365,"500",4.39989795289558,"Unadjusted"
366,"500",2.83168054984417,"Unadjusted"
367,"500",3.18749989744198,"Unadjusted"
368,"500",14.4439119066495,"Unadjusted"
369,"500",3.33163425831906,"Unadjusted"
370,"500",4.53065741072892,"Unadjusted"
371,"500",2.80310703937708,"Unadjusted"
372,"500",3.86904204626378,"Unadjusted"
373,"500",2.45583071829794,"Unadjusted"
374,"500",3.32908408519308,"Unadjusted"
375,"500",5.79424700364701,"Unadjusted"
376,"500",3.74617913099535,"Unadjusted"
377,"500",3.73418207754868,"Unadjusted"
378,"500",2.44933052245926,"Unadjusted"
379,"500",25.4374868176481,"Unadjusted"
380,"500",18.770774895534,"Unadjusted"
381,"500",3.33507083775773,"Unadjusted"
382,"500",5.47231826112955,"Unadjusted"
383,"500",3.96453742224501,"Unadjusted"
384,"500",5.50176906019887,"Unadjusted"
385,"500",4.52384475858555,"Unadjusted"
386,"500",3.12903210854361,"Unadjusted"
387,"500",5.31019950103575,"Unadjusted"
388,"500",4.41333213608019,"Unadjusted"
389,"500",3.52093446992157,"Unadjusted"
390,"500",3.76566500217524,"Unadjusted"
391,"500",3.58674690030102,"Unadjusted"
392,"500",6.62463635643438,"Unadjusted"
393,"500",3.43141540822701,"Unadjusted"
394,"500",3.1267354934141,"Unadjusted"
395,"500",3.27883813170843,"Unadjusted"
396,"500",6.19959491274923,"Unadjusted"
397,"500",6.10010341522569,"Unadjusted"
398,"500",4.41869664363061,"Unadjusted"
399,"500",5.1352031122171,"Unadjusted"
400,"500",7.11956719363519,"Unadjusted"
401,"500",3.77546826320331,"Unadjusted"
402,"500",3.97371673496239,"Unadjusted"
403,"500",8.10547361284372,"Unadjusted"
404,"500",3.6463668633209,"Unadjusted"
405,"500",13.8884426329059,"Unadjusted"
406,"500",4.75229712602845,"Unadjusted"
407,"500",4.42290124820686,"Unadjusted"
408,"500",2.75590329733393,"Unadjusted"
409,"500",3.85599900879388,"Unadjusted"
410,"500",2.90919550788585,"Unadjusted"
411,"500",14.2896095860582,"Unadjusted"
412,"500",2.56942426250109,"Unadjusted"
413,"500",4.35287881457265,"Unadjusted"
414,"500",9.79872386254972,"Unadjusted"
415,"500",5.40221463905352,"Unadjusted"
416,"500",3.61487713405288,"Unadjusted"
417,"500",3.44680246145095,"Unadjusted"
418,"500",5.3157291746341,"Unadjusted"
419,"500",3.61329269350451,"Unadjusted"
420,"500",3.17362259425097,"Unadjusted"
421,"500",3.69423042660494,"Unadjusted"
422,"500",4.55716537464908,"Unadjusted"
423,"500",3.30073062963937,"Unadjusted"
424,"500",4.11557625910633,"Unadjusted"
425,"500",2.90126167792593,"Unadjusted"
426,"500",4.93226453039443,"Unadjusted"
427,"500",3.72142458733258,"Unadjusted"
428,"500",4.87919548533003,"Unadjusted"
429,"500",4.69804607104383,"Unadjusted"
430,"500",4.42245210832346,"Unadjusted"
431,"500",4.65416482367232,"Unadjusted"
432,"500",3.08447429987094,"Unadjusted"
433,"500",4.70913795665833,"Unadjusted"
434,"500",4.6588802771899,"Unadjusted"
435,"500",5.92387359475814,"Unadjusted"
436,"500",4.63204936279171,"Unadjusted"
437,"500",5.51616971167011,"Unadjusted"
438,"500",4.92872663718438,"Unadjusted"
439,"500",19.1114923515724,"Unadjusted"
440,"500",7.43195723550619,"Unadjusted"
441,"500",3.01003100247564,"Unadjusted"
442,"500",4.48949400262137,"Unadjusted"
443,"500",3.18240821450176,"Unadjusted"
444,"500",3.73239639094422,"Unadjusted"
445,"500",3.32090747046714,"Unadjusted"
446,"500",2.78411303795185,"Unadjusted"
447,"500",5.19395368153006,"Unadjusted"
448,"500",7.28183554559812,"Unadjusted"
449,"500",5.59423144169617,"Unadjusted"
450,"500",3.8813101393203,"Unadjusted"
451,"500",4.8612054754706,"Unadjusted"
452,"500",3.20567810103679,"Unadjusted"
453,"500",3.00400571858583,"Unadjusted"
454,"500",9.06537821364692,"Unadjusted"
455,"500",6.01739882092502,"Unadjusted"
456,"500",12.5145959939531,"Unadjusted"
457,"500",2.81424128389774,"Unadjusted"
458,"500",3.45739261473746,"Unadjusted"
459,"500",5.1827726532653,"Unadjusted"
460,"500",4.08094361478552,"Unadjusted"
461,"500",8.79358811269899,"Unadjusted"
462,"500",3.92058180815562,"Unadjusted"
463,"500",2.78301026769872,"Unadjusted"
464,"500",2.85319987083907,"Unadjusted"
465,"500",2.96502111505984,"Unadjusted"
466,"500",3.95452908070061,"Unadjusted"
467,"500",2.99538781466242,"Unadjusted"
468,"500",3.24698002050739,"Unadjusted"
469,"500",3.8582419030831,"Unadjusted"
470,"500",5.78748413559585,"Unadjusted"
471,"500",5.19292577514407,"Unadjusted"
472,"500",3.64017763481465,"Unadjusted"
473,"500",3.85842410252953,"Unadjusted"
474,"500",3.33378055622401,"Unadjusted"
475,"500",5.22039897301008,"Unadjusted"
476,"500",3.58270056782438,"Unadjusted"
477,"500",15.8237105692731,"Unadjusted"
478,"500",4.41312999747093,"Unadjusted"
479,"500",3.85884620626433,"Unadjusted"
480,"500",13.851743629379,"Unadjusted"
481,"500",3.233475786549,"Unadjusted"
482,"500",3.3330125092852,"Unadjusted"
483,"500",17.0479808184789,"Unadjusted"
484,"500",8.15917208563004,"Unadjusted"
485,"500",3.47240841115446,"Unadjusted"
486,"500",2.90101255773515,"Unadjusted"
487,"500",4.03307974483729,"Unadjusted"
488,"500",5.44005136704446,"Unadjusted"
489,"500",5.24620409181691,"Unadjusted"
490,"500",6.85036321524038,"Unadjusted"
491,"500",2.95771390231267,"Unadjusted"
492,"500",3.30718649228789,"Unadjusted"
493,"500",2.4046405352168,"Unadjusted"
494,"500",3.57976215829423,"Unadjusted"
495,"500",3.79842188628413,"Unadjusted"
496,"500",3.68731979516077,"Unadjusted"
497,"500",4.30150344338923,"Unadjusted"
498,"500",6.80604635974071,"Unadjusted"
499,"500",2.85978691763459,"Unadjusted"
500,"500",3.63430081856787,"Unadjusted"
501,"500",5.02070790645148,"Unadjusted"
502,"500",5.6462464630215,"Unadjusted"
503,"500",3.48724088650765,"Unadjusted"
504,"500",2.94316943759461,"Unadjusted"
505,"500",3.48804878505991,"Unadjusted"
506,"500",4.46305273511723,"Unadjusted"
507,"500",6.05418485255803,"Unadjusted"
508,"500",3.76870018706792,"Unadjusted"
509,"500",3.87782700928475,"Unadjusted"
510,"500",7.97827268733967,"Unadjusted"
511,"500",3.6885372474006,"Unadjusted"
512,"500",5.17196436668407,"Unadjusted"
513,"500",4.5663378294444,"Unadjusted"
514,"500",3.72193122659623,"Unadjusted"
515,"500",6.24412616230184,"Unadjusted"
516,"500",2.97339110107082,"Unadjusted"
517,"500",2.94946543039561,"Unadjusted"
518,"500",3.81388735958783,"Unadjusted"
519,"500",8.62338969083492,"Unadjusted"
520,"500",10.3158585283948,"Unadjusted"
521,"500",29.7892225585566,"Unadjusted"
522,"500",7.57620284300059,"Unadjusted"
523,"500",6.10772188288129,"Unadjusted"
524,"500",2.71411709169393,"Unadjusted"
525,"500",2.7133230316743,"Unadjusted"
526,"500",9.08070534100162,"Unadjusted"
527,"500",4.20831615254709,"Unadjusted"
528,"500",4.15726296634324,"Unadjusted"
529,"500",6.59113211565762,"Unadjusted"
530,"500",8.44562276749669,"Unadjusted"
531,"500",6.17516657837021,"Unadjusted"
532,"500",3.76599304278091,"Unadjusted"
533,"500",12.4822006411482,"Unadjusted"
534,"500",3.53128884202669,"Unadjusted"
535,"500",2.82805463786894,"Unadjusted"
536,"500",5.16787080674782,"Unadjusted"
537,"500",4.93068282443003,"Unadjusted"
538,"500",8.39997917475146,"Unadjusted"
539,"500",3.70470803161328,"Unadjusted"
540,"500",5.48817092143302,"Unadjusted"
541,"500",5.67434384669047,"Unadjusted"
542,"500",6.11590894545567,"Unadjusted"
543,"500",3.65145226628486,"Unadjusted"
544,"500",5.15205860745099,"Unadjusted"
545,"500",9.39648255457811,"Unadjusted"
546,"500",2.94230158496372,"Unadjusted"
547,"500",7.41412836655948,"Unadjusted"
548,"500",5.15990359118501,"Unadjusted"
549,"500",6.03040478670143,"Unadjusted"
550,"500",5.84706408647117,"Unadjusted"
551,"500",4.42338835730681,"Unadjusted"
552,"500",6.25343319926269,"Unadjusted"
553,"500",8.67761790984487,"Unadjusted"
554,"500",7.39123293092663,"Unadjusted"
555,"500",5.32455532589797,"Unadjusted"
556,"500",6.37490818802134,"Unadjusted"
557,"500",6.28362144415915,"Unadjusted"
558,"500",3.79376747337861,"Unadjusted"
559,"500",3.36794245935666,"Unadjusted"
560,"500",3.16340251238261,"Unadjusted"
561,"500",3.69684356855345,"Unadjusted"
562,"500",3.84105622405042,"Unadjusted"
563,"500",3.21856846610065,"Unadjusted"
564,"500",3.4270333141204,"Unadjusted"
565,"500",7.06844681877771,"Unadjusted"
566,"500",3.35860585130812,"Unadjusted"
567,"500",3.20634212380404,"Unadjusted"
568,"500",4.50875238944785,"Unadjusted"
569,"500",3.3554468623066,"Unadjusted"
570,"500",3.32812355510225,"Unadjusted"
571,"500",2.62056913310249,"Unadjusted"
572,"500",3.31938376345816,"Unadjusted"
573,"500",4.64651307883755,"Unadjusted"
574,"500",3.79008345614668,"Unadjusted"
575,"500",6.06590108746011,"Unadjusted"
576,"500",4.21752981274515,"Unadjusted"
577,"500",3.2048415736134,"Unadjusted"
578,"500",15.981251034918,"Unadjusted"
579,"500",4.37917332066046,"Unadjusted"
580,"500",4.62346704306799,"Unadjusted"
581,"500",5.48665041222756,"Unadjusted"
582,"500",4.5789924993914,"Unadjusted"
583,"500",4.62383504655096,"Unadjusted"
584,"500",2.14053270498134,"Unadjusted"
585,"500",3.01374096970532,"Unadjusted"
586,"500",4.11882764227358,"Unadjusted"
587,"500",2.58433132834423,"Unadjusted"
588,"500",3.91373250886066,"Unadjusted"
589,"500",3.06736133615684,"Unadjusted"
590,"500",5.99919031023242,"Unadjusted"
591,"500",3.74665674515177,"Unadjusted"
592,"500",2.58866766295191,"Unadjusted"
593,"500",9.26946065151848,"Unadjusted"
594,"500",2.62521811747949,"Unadjusted"
595,"500",5.45628415425627,"Unadjusted"
596,"500",3.52381874038822,"Unadjusted"
597,"500",2.41580584760612,"Unadjusted"
598,"500",5.65152824149907,"Unadjusted"
599,"500",4.24519165513923,"Unadjusted"
600,"500",5.99211599773876,"Unadjusted"
601,"500",4.13948566051647,"Unadjusted"
602,"500",7.48795775863239,"Unadjusted"
603,"500",5.03212954543876,"Unadjusted"
604,"500",4.01859336705202,"Unadjusted"
605,"500",2.53167303448577,"Unadjusted"
606,"500",5.82890636065668,"Unadjusted"
607,"500",4.54559852175421,"Unadjusted"
608,"500",3.87416564997812,"Unadjusted"
609,"500",3.30296131058647,"Unadjusted"
610,"500",13.5342381057829,"Unadjusted"
611,"500",3.22670290888273,"Unadjusted"
612,"500",4.10765857834465,"Unadjusted"
613,"500",2.79014953455351,"Unadjusted"
614,"500",12.1463630455527,"Unadjusted"
615,"500",3.65834382845895,"Unadjusted"
616,"500",3.53190861752675,"Unadjusted"
617,"500",2.71263274272611,"Unadjusted"
618,"500",5.20546556436624,"Unadjusted"
619,"500",6.10467380494411,"Unadjusted"
620,"500",3.33627467188613,"Unadjusted"
621,"500",3.02884605031867,"Unadjusted"
622,"500",5.17612379856585,"Unadjusted"
623,"500",6.5502514196586,"Unadjusted"
624,"500",4.3519455874165,"Unadjusted"
625,"500",6.25691363178151,"Unadjusted"
626,"500",3.39109495084778,"Unadjusted"
627,"500",4.34041662852293,"Unadjusted"
628,"500",4.81496979674582,"Unadjusted"
629,"500",10.9021512719375,"Unadjusted"
630,"500",3.24272757662371,"Unadjusted"
631,"500",11.343713911984,"Unadjusted"
632,"500",3.1562077182206,"Unadjusted"
633,"500",4.51673844408799,"Unadjusted"
634,"500",3.72971341228674,"Unadjusted"
635,"500",4.48415526456805,"Unadjusted"
636,"500",4.35816978567187,"Unadjusted"
637,"500",4.7651223016839,"Unadjusted"
638,"500",12.433919982204,"Unadjusted"
639,"500",4.04340076953529,"Unadjusted"
640,"500",3.72732992555461,"Unadjusted"
641,"500",3.80829271853563,"Unadjusted"
642,"500",3.72865707291794,"Unadjusted"
643,"500",4.85306957774824,"Unadjusted"
644,"500",4.48270204684343,"Unadjusted"
645,"500",6.14347864630483,"Unadjusted"
646,"500",3.98656520167127,"Unadjusted"
647,"500",3.24386822752066,"Unadjusted"
648,"500",9.79102556997414,"Unadjusted"
649,"500",4.22808404804155,"Unadjusted"
650,"500",5.30851754484165,"Unadjusted"
651,"500",6.50631229717431,"Unadjusted"
652,"500",3.07740740334222,"Unadjusted"
653,"500",4.64791070645651,"Unadjusted"
654,"500",5.14579927401366,"Unadjusted"
655,"500",4.61057592699326,"Unadjusted"
656,"500",6.87211975155258,"Unadjusted"
657,"500",3.37295736066512,"Unadjusted"
658,"500",5.95059668984221,"Unadjusted"
659,"500",6.01462868266041,"Unadjusted"
660,"500",4.85201204385801,"Unadjusted"
661,"500",5.39924882044253,"Unadjusted"
662,"500",2.75901557995469,"Unadjusted"
663,"500",3.50408508750052,"Unadjusted"
664,"500",4.32742733813579,"Unadjusted"
665,"500",3.31042115232225,"Unadjusted"
666,"500",5.2756908092092,"Unadjusted"
667,"500",86.4806477367778,"Unadjusted"
668,"500",4.514505456201,"Unadjusted"
669,"500",8.07219134835073,"Unadjusted"
670,"500",5.1230400070198,"Unadjusted"
671,"500",3.76256118545418,"Unadjusted"
672,"500",3.82284454587869,"Unadjusted"
673,"500",3.58640788519697,"Unadjusted"
674,"500",5.17314663866769,"Unadjusted"
675,"500",19.2578754221871,"Unadjusted"
676,"500",2.58209082453275,"Unadjusted"
677,"500",3.89825434659996,"Unadjusted"
678,"500",3.80225431619344,"Unadjusted"
679,"500",5.00420151814058,"Unadjusted"
680,"500",4.75603967826868,"Unadjusted"
681,"500",4.67983200601579,"Unadjusted"
682,"500",14.7518601721707,"Unadjusted"
683,"500",5.34014698846138,"Unadjusted"
684,"500",4.5553536862345,"Unadjusted"
685,"500",3.09060195059109,"Unadjusted"
686,"500",4.79162640140704,"Unadjusted"
687,"500",5.0510621642303,"Unadjusted"
688,"500",3.87678650239233,"Unadjusted"
689,"500",9.06143272159148,"Unadjusted"
690,"500",6.27481014327518,"Unadjusted"
691,"500",2.89694269076786,"Unadjusted"
692,"500",4.18431562210571,"Unadjusted"
693,"500",4.65847747865349,"Unadjusted"
694,"500",3.7195748792222,"Unadjusted"
695,"500",13.9654036334847,"Unadjusted"
696,"500",-47.2626619263438,"Unadjusted"
697,"500",2.75644087128678,"Unadjusted"
698,"500",5.90474009083024,"Unadjusted"
699,"500",4.8225905589909,"Unadjusted"
700,"500",5.08931838517209,"Unadjusted"
701,"500",8.18408673401797,"Unadjusted"
702,"500",4.56066591790105,"Unadjusted"
703,"500",2.69886555271806,"Unadjusted"
704,"500",3.95275551913719,"Unadjusted"
705,"500",24.3798729539069,"Unadjusted"
706,"500",2.35476807782448,"Unadjusted"
707,"500",3.08147945267261,"Unadjusted"
708,"500",3.94060495974373,"Unadjusted"
709,"500",3.42888249142337,"Unadjusted"
710,"500",4.48419660552306,"Unadjusted"
711,"500",4.06419788862547,"Unadjusted"
712,"500",3.63226842722727,"Unadjusted"
713,"500",4.44267225830741,"Unadjusted"
714,"500",6.0926073902973,"Unadjusted"
715,"500",4.91525524318918,"Unadjusted"
716,"500",2.98894042722645,"Unadjusted"
717,"500",3.86061689418109,"Unadjusted"
718,"500",6.01709802708173,"Unadjusted"
719,"500",3.50590100985667,"Unadjusted"
720,"500",4.78778202963795,"Unadjusted"
721,"500",4.22918840786693,"Unadjusted"
722,"500",6.93488129760261,"Unadjusted"
723,"500",3.35265795136175,"Unadjusted"
724,"500",5.66212363266026,"Unadjusted"
725,"500",4.21839758416283,"Unadjusted"
726,"500",3.0765826908123,"Unadjusted"
727,"500",2.98686860179387,"Unadjusted"
728,"500",5.90224373075076,"Unadjusted"
729,"500",6.22913986678515,"Unadjusted"
730,"500",-30.0037893137544,"Unadjusted"
731,"500",3.93678132124243,"Unadjusted"
732,"500",3.44162615383632,"Unadjusted"
733,"500",5.82095045904119,"Unadjusted"
734,"500",3.28340308213065,"Unadjusted"
735,"500",3.54956627586173,"Unadjusted"
736,"500",8.74999055602626,"Unadjusted"
737,"500",7.74330465030347,"Unadjusted"
738,"500",3.44814939725423,"Unadjusted"
739,"500",4.04776158950093,"Unadjusted"
740,"500",4.91774612606102,"Unadjusted"
741,"500",4.51502065159761,"Unadjusted"
742,"500",7.05707402133363,"Unadjusted"
743,"500",6.63908885854972,"Unadjusted"
744,"500",4.38112955725286,"Unadjusted"
745,"500",2.38688338463802,"Unadjusted"
746,"500",4.36521666260202,"Unadjusted"
747,"500",2.33745787869221,"Unadjusted"
748,"500",3.29378368274288,"Unadjusted"
749,"500",3.7703573165961,"Unadjusted"
750,"500",4.11547625762756,"Unadjusted"
751,"500",3.36480385552943,"Unadjusted"
752,"500",9.06776200675225,"Unadjusted"
753,"500",3.02681516558018,"Unadjusted"
754,"500",5.52213985997531,"Unadjusted"
755,"500",4.27342981161971,"Unadjusted"
756,"500",3.65544528954223,"Unadjusted"
757,"500",3.92382776110658,"Unadjusted"
758,"500",3.71677962749029,"Unadjusted"
759,"500",3.88754833284417,"Unadjusted"
760,"500",4.40468305901266,"Unadjusted"
761,"500",3.97083448861035,"Unadjusted"
762,"500",4.15430986177152,"Unadjusted"
763,"500",4.10391165459725,"Unadjusted"
764,"500",3.96108836841393,"Unadjusted"
765,"500",19.1348300217359,"Unadjusted"
766,"500",6.76457076806074,"Unadjusted"
767,"500",5.71261751504762,"Unadjusted"
768,"500",3.57699177182976,"Unadjusted"
769,"500",10.6333346239593,"Unadjusted"
770,"500",5.798895727802,"Unadjusted"
771,"500",3.19941369035548,"Unadjusted"
772,"500",3.23404877447566,"Unadjusted"
773,"500",3.67218100752743,"Unadjusted"
774,"500",2.70165575104687,"Unadjusted"
775,"500",4.05716650747237,"Unadjusted"
776,"500",3.78256847746524,"Unadjusted"
777,"500",2.98504429243936,"Unadjusted"
778,"500",3.56616091956645,"Unadjusted"
779,"500",4.17223520037877,"Unadjusted"
780,"500",4.06110333609134,"Unadjusted"
781,"500",2.89078071942816,"Unadjusted"
782,"500",4.07581509309552,"Unadjusted"
783,"500",3.35518264127312,"Unadjusted"
784,"500",4.99028902241546,"Unadjusted"
785,"500",3.32267777815656,"Unadjusted"
786,"500",6.77625214064192,"Unadjusted"
787,"500",2.70187541168668,"Unadjusted"
788,"500",10.4661805730887,"Unadjusted"
789,"500",6.78908065454528,"Unadjusted"
790,"500",4.3486771031302,"Unadjusted"
791,"500",3.56719166870695,"Unadjusted"
792,"500",4.65078803045943,"Unadjusted"
793,"500",2.94325390819924,"Unadjusted"
794,"500",24.7516323562372,"Unadjusted"
795,"500",4.12293228002886,"Unadjusted"
796,"500",7.57073531823748,"Unadjusted"
797,"500",4.93149743879346,"Unadjusted"
798,"500",6.26147149686907,"Unadjusted"
799,"500",6.08011919100352,"Unadjusted"
800,"500",6.27558527108188,"Unadjusted"
801,"500",2.99084712639782,"Unadjusted"
802,"500",5.22697790601098,"Unadjusted"
803,"500",6.29267073452345,"Unadjusted"
804,"500",4.42162606750019,"Unadjusted"
805,"500",2.93907119969836,"Unadjusted"
806,"500",3.8957426748228,"Unadjusted"
807,"500",4.18109887754977,"Unadjusted"
808,"500",3.71397457582387,"Unadjusted"
809,"500",8.49952564921374,"Unadjusted"
810,"500",5.75840444376514,"Unadjusted"
811,"500",9.24180670544152,"Unadjusted"
812,"500",3.00543467609379,"Unadjusted"
813,"500",3.12348246626236,"Unadjusted"
814,"500",3.8203742773006,"Unadjusted"
815,"500",6.27596016255497,"Unadjusted"
816,"500",4.24426327639619,"Unadjusted"
817,"500",2.99214987783364,"Unadjusted"
818,"500",3.39540661143847,"Unadjusted"
819,"500",4.5145316108816,"Unadjusted"
820,"500",3.08671087933137,"Unadjusted"
821,"500",5.26220576626301,"Unadjusted"
822,"500",3.68447782344621,"Unadjusted"
823,"500",6.13769550930571,"Unadjusted"
824,"500",4.38843832423676,"Unadjusted"
825,"500",3.93551998517545,"Unadjusted"
826,"500",44.4987882122543,"Unadjusted"
827,"500",3.59567840067444,"Unadjusted"
828,"500",4.72758769958025,"Unadjusted"
829,"500",2.89115204623049,"Unadjusted"
830,"500",6.72946971576921,"Unadjusted"
831,"500",5.20589400456726,"Unadjusted"
832,"500",3.59340603893905,"Unadjusted"
833,"500",3.40065149189597,"Unadjusted"
834,"500",6.24307856870626,"Unadjusted"
835,"500",5.7328568833405,"Unadjusted"
836,"500",5.36982670214441,"Unadjusted"
837,"500",3.6837582057228,"Unadjusted"
838,"500",3.41375671067859,"Unadjusted"
839,"500",4.37781921464352,"Unadjusted"
840,"500",7.24521374223405,"Unadjusted"
841,"500",2.78812942513975,"Unadjusted"
842,"500",2.58288886068457,"Unadjusted"
843,"500",13.5307501417467,"Unadjusted"
844,"500",6.30875483695354,"Unadjusted"
845,"500",4.96940956713686,"Unadjusted"
846,"500",2.91050476728606,"Unadjusted"
847,"500",2.80342735147762,"Unadjusted"
848,"500",2.63369363842111,"Unadjusted"
849,"500",3.49576278535965,"Unadjusted"
850,"500",3.17926100785013,"Unadjusted"
851,"500",5.84281239038622,"Unadjusted"
852,"500",3.28618494202342,"Unadjusted"
853,"500",6.7778194214274,"Unadjusted"
854,"500",3.76858704822916,"Unadjusted"
855,"500",4.22746001585767,"Unadjusted"
856,"500",7.48129600974709,"Unadjusted"
857,"500",4.76160405977528,"Unadjusted"
858,"500",4.44970048719409,"Unadjusted"
859,"500",5.2457550709664,"Unadjusted"
860,"500",3.90380266131825,"Unadjusted"
861,"500",6.50601663822826,"Unadjusted"
862,"500",3.82298078547407,"Unadjusted"
863,"500",3.59725347573247,"Unadjusted"
864,"500",2.65571479985684,"Unadjusted"
865,"500",2.89171384691547,"Unadjusted"
866,"500",8.18830292423575,"Unadjusted"
867,"500",5.82256101089216,"Unadjusted"
868,"500",4.09808887712791,"Unadjusted"
869,"500",3.21739241785728,"Unadjusted"
870,"500",4.32859349742527,"Unadjusted"
871,"500",2.86453808727806,"Unadjusted"
872,"500",3.3904981128094,"Unadjusted"
873,"500",3.33291747119021,"Unadjusted"
874,"500",3.53698980733695,"Unadjusted"
875,"500",4.1982919989433,"Unadjusted"
876,"500",5.21777235642575,"Unadjusted"
877,"500",7.92521873520081,"Unadjusted"
878,"500",2.90691547140086,"Unadjusted"
879,"500",3.69704954642597,"Unadjusted"
880,"500",3.37512477558038,"Unadjusted"
881,"500",3.51325046422418,"Unadjusted"
882,"500",11.1290054083955,"Unadjusted"
883,"500",2.76386222666785,"Unadjusted"
884,"500",4.55248692341762,"Unadjusted"
885,"500",7.31666062955047,"Unadjusted"
886,"500",3.70083458777406,"Unadjusted"
887,"500",5.27983694339998,"Unadjusted"
888,"500",7.94193230786386,"Unadjusted"
889,"500",4.35468119196031,"Unadjusted"
890,"500",3.18768706890651,"Unadjusted"
891,"500",4.05661720349251,"Unadjusted"
892,"500",4.64296097811048,"Unadjusted"
893,"500",11.7045042576557,"Unadjusted"
894,"500",16.6946529931833,"Unadjusted"
895,"500",3.43570473669256,"Unadjusted"
896,"500",3.81653566696605,"Unadjusted"
897,"500",2.9266746070185,"Unadjusted"
898,"500",5.54003533057592,"Unadjusted"
899,"500",3.87993925917117,"Unadjusted"
900,"500",2.56554437841689,"Unadjusted"
901,"500",3.60400330977103,"Unadjusted"
902,"500",5.64242968270501,"Unadjusted"
903,"500",4.76251121528172,"Unadjusted"
904,"500",2.50419464046764,"Unadjusted"
905,"500",2.99370236240013,"Unadjusted"
906,"500",6.22694503291941,"Unadjusted"
907,"500",3.56577266315419,"Unadjusted"
908,"500",3.95673522130143,"Unadjusted"
909,"500",3.87792966410992,"Unadjusted"
910,"500",3.56865207533968,"Unadjusted"
911,"500",6.99069893438221,"Unadjusted"
912,"500",2.43564821469614,"Unadjusted"
913,"500",4.6218298585911,"Unadjusted"
914,"500",8.3092452981001,"Unadjusted"
915,"500",2.73454334372034,"Unadjusted"
916,"500",5.12255308521197,"Unadjusted"
917,"500",2.77614611622811,"Unadjusted"
918,"500",5.82335284191901,"Unadjusted"
919,"500",5.26671395582925,"Unadjusted"
920,"500",6.45643188312162,"Unadjusted"
921,"500",4.36597671036683,"Unadjusted"
922,"500",5.5648307771309,"Unadjusted"
923,"500",3.58868087073836,"Unadjusted"
924,"500",4.33953944079607,"Unadjusted"
925,"500",13.8486150590227,"Unadjusted"
926,"500",3.36546431107353,"Unadjusted"
927,"500",3.97280283095178,"Unadjusted"
928,"500",5.33711446976922,"Unadjusted"
929,"500",6.72868329184789,"Unadjusted"
930,"500",3.18550744188385,"Unadjusted"
931,"500",6.37674760432595,"Unadjusted"
932,"500",3.98037230815013,"Unadjusted"
933,"500",2.9628299851848,"Unadjusted"
934,"500",13.3199436070347,"Unadjusted"
935,"500",3.79162735493886,"Unadjusted"
936,"500",2.74572699483578,"Unadjusted"
937,"500",3.42334025869816,"Unadjusted"
938,"500",3.13729787699256,"Unadjusted"
939,"500",3.21906019184946,"Unadjusted"
940,"500",3.31712625313251,"Unadjusted"
941,"500",2.91963856392732,"Unadjusted"
942,"500",5.51505729342264,"Unadjusted"
943,"500",7.61560854776057,"Unadjusted"
944,"500",7.31707408928964,"Unadjusted"
945,"500",8.55822928256245,"Unadjusted"
946,"500",2.80384335879607,"Unadjusted"
947,"500",4.76633739270698,"Unadjusted"
948,"500",6.40925059280961,"Unadjusted"
949,"500",3.37092805602927,"Unadjusted"
950,"500",4.96538990372641,"Unadjusted"
951,"500",3.34488484039505,"Unadjusted"
952,"500",6.36674519085265,"Unadjusted"
953,"500",4.23091671769752,"Unadjusted"
954,"500",4.80044520425798,"Unadjusted"
955,"500",3.101382676589,"Unadjusted"
956,"500",4.62817150672683,"Unadjusted"
957,"500",3.31063940527143,"Unadjusted"
958,"500",4.78810384083237,"Unadjusted"
959,"500",6.30001699586128,"Unadjusted"
960,"500",6.89553168102821,"Unadjusted"
961,"500",4.66237481886684,"Unadjusted"
962,"500",8.57396264989564,"Unadjusted"
963,"500",3.00731496487845,"Unadjusted"
964,"500",5.31703524869799,"Unadjusted"
965,"500",3.94474955245486,"Unadjusted"
966,"500",9.62833182385447,"Unadjusted"
967,"500",3.20577421878005,"Unadjusted"
968,"500",4.50551944217767,"Unadjusted"
969,"500",5.13841556168946,"Unadjusted"
970,"500",4.85989616160369,"Unadjusted"
971,"500",6.43822775276463,"Unadjusted"
972,"500",3.82829757223213,"Unadjusted"
973,"500",3.35755548089132,"Unadjusted"
974,"500",19.0925836593689,"Unadjusted"
975,"500",3.75483400797533,"Unadjusted"
976,"500",9.21178843633409,"Unadjusted"
977,"500",4.32203725209799,"Unadjusted"
978,"500",3.03405832510445,"Unadjusted"
979,"500",6.85915019097577,"Unadjusted"
980,"500",3.04404069732258,"Unadjusted"
981,"500",4.38569786650538,"Unadjusted"
982,"500",6.23139996137347,"Unadjusted"
983,"500",5.35027718727264,"Unadjusted"
984,"500",4.96886721571086,"Unadjusted"
985,"500",3.69933466005097,"Unadjusted"
986,"500",4.47412383997621,"Unadjusted"
987,"500",5.7374830712604,"Unadjusted"
988,"500",2.49507786997192,"Unadjusted"
989,"500",4.85972017765807,"Unadjusted"
990,"500",5.16164920082362,"Unadjusted"
991,"500",4.55175886316976,"Unadjusted"
992,"500",3.89684847339246,"Unadjusted"
993,"500",3.56669971028045,"Unadjusted"
994,"500",3.19712317567796,"Unadjusted"
995,"500",3.49001591418099,"Unadjusted"
996,"500",5.47831491041839,"Unadjusted"
997,"500",3.65355023455878,"Unadjusted"
998,"500",4.81027634900016,"Unadjusted"
999,"500",3.59361618364802,"Unadjusted"
1000,"500",2.80790410420335,"Unadjusted"
1,"1000",4.17123317618769,"Unadjusted"
2,"1000",3.59898323877769,"Unadjusted"
3,"1000",5.65515529125399,"Unadjusted"
4,"1000",3.94340176944323,"Unadjusted"
5,"1000",3.97933794161286,"Unadjusted"
6,"1000",7.94579400367604,"Unadjusted"
7,"1000",3.52571060024758,"Unadjusted"
8,"1000",4.65306744414289,"Unadjusted"
9,"1000",3.34127471913981,"Unadjusted"
10,"1000",4.80210816189519,"Unadjusted"
11,"1000",5.09688233905396,"Unadjusted"
12,"1000",3.16594821786686,"Unadjusted"
13,"1000",4.98900418960057,"Unadjusted"
14,"1000",4.62228668974804,"Unadjusted"
15,"1000",3.30861522540675,"Unadjusted"
16,"1000",7.39693552233204,"Unadjusted"
17,"1000",4.93587791920676,"Unadjusted"
18,"1000",3.72359615223078,"Unadjusted"
19,"1000",3.97475376968158,"Unadjusted"
20,"1000",4.55821688501866,"Unadjusted"
21,"1000",4.13258958103668,"Unadjusted"
22,"1000",4.53807113556381,"Unadjusted"
23,"1000",5.97231935646865,"Unadjusted"
24,"1000",6.15090943584547,"Unadjusted"
25,"1000",5.53125510432394,"Unadjusted"
26,"1000",4.20988737738043,"Unadjusted"
27,"1000",5.17195880167121,"Unadjusted"
28,"1000",4.23033536383452,"Unadjusted"
29,"1000",4.32304755760767,"Unadjusted"
30,"1000",3.54404255191415,"Unadjusted"
31,"1000",3.83360801952722,"Unadjusted"
32,"1000",5.47410053919338,"Unadjusted"
33,"1000",5.86185914094643,"Unadjusted"
34,"1000",3.83268341788975,"Unadjusted"
35,"1000",12.2689015886409,"Unadjusted"
36,"1000",3.89909458569681,"Unadjusted"
37,"1000",7.18811535655627,"Unadjusted"
38,"1000",4.64394203631768,"Unadjusted"
39,"1000",2.82493956944784,"Unadjusted"
40,"1000",3.49574839850845,"Unadjusted"
41,"1000",4.72331892980226,"Unadjusted"
42,"1000",6.80436188450908,"Unadjusted"
43,"1000",4.09175117156459,"Unadjusted"
44,"1000",3.70312308789075,"Unadjusted"
45,"1000",6.2137002339253,"Unadjusted"
46,"1000",4.34700900691941,"Unadjusted"
47,"1000",4.37612137708011,"Unadjusted"
48,"1000",5.37930444454877,"Unadjusted"
49,"1000",3.59636400472091,"Unadjusted"
50,"1000",7.04284302137058,"Unadjusted"
51,"1000",4.49709874138989,"Unadjusted"
52,"1000",4.04334234817923,"Unadjusted"
53,"1000",4.2603833336308,"Unadjusted"
54,"1000",3.93778926333321,"Unadjusted"
55,"1000",5.91789635134911,"Unadjusted"
56,"1000",3.87486980158492,"Unadjusted"
57,"1000",3.96213876364467,"Unadjusted"
58,"1000",3.52437883982426,"Unadjusted"
59,"1000",5.06485975765781,"Unadjusted"
60,"1000",3.96932583340287,"Unadjusted"
61,"1000",3.9605537238478,"Unadjusted"
62,"1000",3.15653463606962,"Unadjusted"
63,"1000",2.86742700238846,"Unadjusted"
64,"1000",4.589089063698,"Unadjusted"
65,"1000",9.61756172145397,"Unadjusted"
66,"1000",4.46708917256975,"Unadjusted"
67,"1000",4.26211266550635,"Unadjusted"
68,"1000",4.13488659292138,"Unadjusted"
69,"1000",3.26733341482516,"Unadjusted"
70,"1000",6.81959013078465,"Unadjusted"
71,"1000",5.29068810534318,"Unadjusted"
72,"1000",4.59581241539269,"Unadjusted"
73,"1000",2.86099376526232,"Unadjusted"
74,"1000",21.2180815001213,"Unadjusted"
75,"1000",5.85849714507544,"Unadjusted"
76,"1000",3.34423841560714,"Unadjusted"
77,"1000",4.92376730084503,"Unadjusted"
78,"1000",3.78787732023656,"Unadjusted"
79,"1000",5.69640555891505,"Unadjusted"
80,"1000",3.84993574215301,"Unadjusted"
81,"1000",2.96492133461331,"Unadjusted"
82,"1000",3.53451156427465,"Unadjusted"
83,"1000",4.73837779067686,"Unadjusted"
84,"1000",3.87044260349904,"Unadjusted"
85,"1000",3.81275186940726,"Unadjusted"
86,"1000",4.10890421307366,"Unadjusted"
87,"1000",3.76339820867176,"Unadjusted"
88,"1000",2.56500341419594,"Unadjusted"
89,"1000",3.49999726748479,"Unadjusted"
90,"1000",4.46638065307758,"Unadjusted"
91,"1000",6.75110580768072,"Unadjusted"
92,"1000",4.98496179610638,"Unadjusted"
93,"1000",5.18228303107647,"Unadjusted"
94,"1000",2.46769939647461,"Unadjusted"
95,"1000",2.9887536498341,"Unadjusted"
96,"1000",3.6197508198775,"Unadjusted"
97,"1000",4.38041445639511,"Unadjusted"
98,"1000",3.68856261373477,"Unadjusted"
99,"1000",5.5240101186146,"Unadjusted"
100,"1000",3.14041036024877,"Unadjusted"
101,"1000",3.55548999648221,"Unadjusted"
102,"1000",3.11105019433552,"Unadjusted"
103,"1000",4.32969344474875,"Unadjusted"
104,"1000",3.38800380282269,"Unadjusted"
105,"1000",3.50919052730093,"Unadjusted"
106,"1000",3.78054737053396,"Unadjusted"
107,"1000",4.07188025289038,"Unadjusted"
108,"1000",4.74310887989101,"Unadjusted"
109,"1000",8.17681295166877,"Unadjusted"
110,"1000",4.02431543888458,"Unadjusted"
111,"1000",3.04209402912495,"Unadjusted"
112,"1000",3.79280470882021,"Unadjusted"
113,"1000",5.62608670823282,"Unadjusted"
114,"1000",5.34063338165722,"Unadjusted"
115,"1000",5.57197533144075,"Unadjusted"
116,"1000",4.70931274730095,"Unadjusted"
117,"1000",2.762631992742,"Unadjusted"
118,"1000",4.08243775620157,"Unadjusted"
119,"1000",3.45726619953211,"Unadjusted"
120,"1000",4.75925783328669,"Unadjusted"
121,"1000",5.32697249048511,"Unadjusted"
122,"1000",4.73176860333698,"Unadjusted"
123,"1000",3.04397304621898,"Unadjusted"
124,"1000",6.94130830896623,"Unadjusted"
125,"1000",4.18606921533145,"Unadjusted"
126,"1000",3.58542470310546,"Unadjusted"
127,"1000",6.30231433774403,"Unadjusted"
128,"1000",3.7799193663274,"Unadjusted"
129,"1000",3.97315258856098,"Unadjusted"
130,"1000",3.76042529978797,"Unadjusted"
131,"1000",5.60870429617099,"Unadjusted"
132,"1000",3.96091979971449,"Unadjusted"
133,"1000",3.84763837592924,"Unadjusted"
134,"1000",6.87421762562522,"Unadjusted"
135,"1000",4.92717122232857,"Unadjusted"
136,"1000",3.77698122611546,"Unadjusted"
137,"1000",5.28512468599403,"Unadjusted"
138,"1000",3.69804597930561,"Unadjusted"
139,"1000",3.93285536052125,"Unadjusted"
140,"1000",4.06130814878708,"Unadjusted"
141,"1000",9.4534635179602,"Unadjusted"
142,"1000",5.33928626519856,"Unadjusted"
143,"1000",4.22094660490885,"Unadjusted"
144,"1000",4.48704521044839,"Unadjusted"
145,"1000",2.75631638668319,"Unadjusted"
146,"1000",5.31870443746626,"Unadjusted"
147,"1000",5.00658782433798,"Unadjusted"
148,"1000",4.5289171686185,"Unadjusted"
149,"1000",3.79032457926798,"Unadjusted"
150,"1000",3.60285486933983,"Unadjusted"
151,"1000",4.49313886177907,"Unadjusted"
152,"1000",6.25789119502389,"Unadjusted"
153,"1000",4.67167402691724,"Unadjusted"
154,"1000",5.37912002530069,"Unadjusted"
155,"1000",4.2451006357264,"Unadjusted"
156,"1000",3.36683013537443,"Unadjusted"
157,"1000",3.69248535377325,"Unadjusted"
158,"1000",4.32610391972567,"Unadjusted"
159,"1000",3.93127005873083,"Unadjusted"
160,"1000",4.2054419071949,"Unadjusted"
161,"1000",5.75021602930573,"Unadjusted"
162,"1000",5.1453221862436,"Unadjusted"
163,"1000",6.13373126468038,"Unadjusted"
164,"1000",6.36775814545754,"Unadjusted"
165,"1000",5.25043697440536,"Unadjusted"
166,"1000",5.12957230035539,"Unadjusted"
167,"1000",3.69947336692402,"Unadjusted"
168,"1000",3.72490687777401,"Unadjusted"
169,"1000",8.49877885752196,"Unadjusted"
170,"1000",6.93642113902185,"Unadjusted"
171,"1000",2.88820755331756,"Unadjusted"
172,"1000",3.02359757891091,"Unadjusted"
173,"1000",4.62050810167522,"Unadjusted"
174,"1000",3.55146190272413,"Unadjusted"
175,"1000",3.62886395796673,"Unadjusted"
176,"1000",4.04587531657777,"Unadjusted"
177,"1000",4.02486848197091,"Unadjusted"
178,"1000",4.10535958336536,"Unadjusted"
179,"1000",3.74849516234588,"Unadjusted"
180,"1000",5.3362759499924,"Unadjusted"
181,"1000",3.7401992423725,"Unadjusted"
182,"1000",3.43669786652537,"Unadjusted"
183,"1000",13.9488720620746,"Unadjusted"
184,"1000",5.26507359812252,"Unadjusted"
185,"1000",4.34212002408572,"Unadjusted"
186,"1000",3.3794152864793,"Unadjusted"
187,"1000",3.523910127065,"Unadjusted"
188,"1000",3.47035831068842,"Unadjusted"
189,"1000",6.76141608521938,"Unadjusted"
190,"1000",4.45161127119316,"Unadjusted"
191,"1000",5.29278313928177,"Unadjusted"
192,"1000",4.81800590500033,"Unadjusted"
193,"1000",4.39800154536657,"Unadjusted"
194,"1000",3.5214067363465,"Unadjusted"
195,"1000",4.22317262705795,"Unadjusted"
196,"1000",5.32362248321927,"Unadjusted"
197,"1000",2.90935810064398,"Unadjusted"
198,"1000",3.59366156947045,"Unadjusted"
199,"1000",3.38425292844058,"Unadjusted"
200,"1000",4.51120946337486,"Unadjusted"
201,"1000",4.13251350193116,"Unadjusted"
202,"1000",8.21281986347822,"Unadjusted"
203,"1000",4.090536573502,"Unadjusted"
204,"1000",2.99909237924788,"Unadjusted"
205,"1000",3.70923291549045,"Unadjusted"
206,"1000",3.0704377823732,"Unadjusted"
207,"1000",3.43500882914646,"Unadjusted"
208,"1000",3.99081108481516,"Unadjusted"
209,"1000",3.77938199018308,"Unadjusted"
210,"1000",4.14539830501538,"Unadjusted"
211,"1000",2.46388395479084,"Unadjusted"
212,"1000",10.9274632427729,"Unadjusted"
213,"1000",3.39201324946902,"Unadjusted"
214,"1000",4.21701211256361,"Unadjusted"
215,"1000",3.78195544960394,"Unadjusted"
216,"1000",3.6359942847132,"Unadjusted"
217,"1000",7.50175260265899,"Unadjusted"
218,"1000",5.13085263828262,"Unadjusted"
219,"1000",4.43230363700906,"Unadjusted"
220,"1000",4.38679883233237,"Unadjusted"
221,"1000",3.19176232735575,"Unadjusted"
222,"1000",2.91576366884155,"Unadjusted"
223,"1000",4.51896660234171,"Unadjusted"
224,"1000",3.09599236188101,"Unadjusted"
225,"1000",3.28738714075582,"Unadjusted"
226,"1000",2.51213907653259,"Unadjusted"
227,"1000",3.78504483688917,"Unadjusted"
228,"1000",4.57162379862393,"Unadjusted"
229,"1000",2.90661310933014,"Unadjusted"
230,"1000",5.11651283987233,"Unadjusted"
231,"1000",2.8234680553585,"Unadjusted"
232,"1000",5.58104116278981,"Unadjusted"
233,"1000",4.82956734927983,"Unadjusted"
234,"1000",3.67550068895767,"Unadjusted"
235,"1000",3.98553426489017,"Unadjusted"
236,"1000",5.16390735704009,"Unadjusted"
237,"1000",4.23702158038817,"Unadjusted"
238,"1000",4.20053861770954,"Unadjusted"
239,"1000",4.33348717646402,"Unadjusted"
240,"1000",4.729579423203,"Unadjusted"
241,"1000",5.59792138085755,"Unadjusted"
242,"1000",4.4695856445046,"Unadjusted"
243,"1000",4.89638416349183,"Unadjusted"
244,"1000",7.05851318878843,"Unadjusted"
245,"1000",5.2714419047404,"Unadjusted"
246,"1000",5.6421281453911,"Unadjusted"
247,"1000",5.6092703758985,"Unadjusted"
248,"1000",5.3132400015153,"Unadjusted"
249,"1000",5.50716054732775,"Unadjusted"
250,"1000",3.83068112412689,"Unadjusted"
251,"1000",2.80850271995964,"Unadjusted"
252,"1000",5.56224208723693,"Unadjusted"
253,"1000",4.87396262407381,"Unadjusted"
254,"1000",5.0650318436766,"Unadjusted"
255,"1000",5.16317762552588,"Unadjusted"
256,"1000",8.2072398125852,"Unadjusted"
257,"1000",3.37692680334935,"Unadjusted"
258,"1000",3.12267290086336,"Unadjusted"
259,"1000",5.9640706838879,"Unadjusted"
260,"1000",3.70692053974686,"Unadjusted"
261,"1000",4.13187795359275,"Unadjusted"
262,"1000",3.46923882656605,"Unadjusted"
263,"1000",4.85850572337966,"Unadjusted"
264,"1000",3.4476050110489,"Unadjusted"
265,"1000",7.02842081352058,"Unadjusted"
266,"1000",3.37234628622897,"Unadjusted"
267,"1000",4.33993958295137,"Unadjusted"
268,"1000",6.03353975924857,"Unadjusted"
269,"1000",3.64991830047053,"Unadjusted"
270,"1000",6.70625875691957,"Unadjusted"
271,"1000",3.10346615198448,"Unadjusted"
272,"1000",6.42585044651241,"Unadjusted"
273,"1000",2.89300991323408,"Unadjusted"
274,"1000",4.05538689904476,"Unadjusted"
275,"1000",4.49976358139943,"Unadjusted"
276,"1000",3.81838813493393,"Unadjusted"
277,"1000",5.58122594291145,"Unadjusted"
278,"1000",3.47194786158201,"Unadjusted"
279,"1000",8.80608920441327,"Unadjusted"
280,"1000",6.52706430844943,"Unadjusted"
281,"1000",3.63147227614681,"Unadjusted"
282,"1000",3.84119891463403,"Unadjusted"
283,"1000",4.51206448823053,"Unadjusted"
284,"1000",3.68832453455623,"Unadjusted"
285,"1000",10.5149398731334,"Unadjusted"
286,"1000",7.15202139849272,"Unadjusted"
287,"1000",4.5066379209722,"Unadjusted"
288,"1000",6.19177381055487,"Unadjusted"
289,"1000",5.85922275471409,"Unadjusted"
290,"1000",3.27936707081174,"Unadjusted"
291,"1000",3.86791686563566,"Unadjusted"
292,"1000",3.61849782760415,"Unadjusted"
293,"1000",4.07050040946457,"Unadjusted"
294,"1000",5.29983495310363,"Unadjusted"
295,"1000",3.43219805861457,"Unadjusted"
296,"1000",3.50434738820431,"Unadjusted"
297,"1000",3.2306316737087,"Unadjusted"
298,"1000",8.2570844087229,"Unadjusted"
299,"1000",3.95742780775433,"Unadjusted"
300,"1000",4.52801795568396,"Unadjusted"
301,"1000",4.90525997987633,"Unadjusted"
302,"1000",4.51186295114009,"Unadjusted"
303,"1000",4.14763685236536,"Unadjusted"
304,"1000",4.66170459137575,"Unadjusted"
305,"1000",4.23156049314741,"Unadjusted"
306,"1000",4.01462423271965,"Unadjusted"
307,"1000",4.13905950394055,"Unadjusted"
308,"1000",3.4100659023846,"Unadjusted"
309,"1000",5.72187194707462,"Unadjusted"
310,"1000",4.77373787772695,"Unadjusted"
311,"1000",4.39709922378496,"Unadjusted"
312,"1000",6.27714158066686,"Unadjusted"
313,"1000",5.88314666162094,"Unadjusted"
314,"1000",3.47700306511214,"Unadjusted"
315,"1000",4.26660821458845,"Unadjusted"
316,"1000",6.5377775086727,"Unadjusted"
317,"1000",3.93457868552205,"Unadjusted"
318,"1000",4.25997862938684,"Unadjusted"
319,"1000",4.67162627408393,"Unadjusted"
320,"1000",5.25737184438218,"Unadjusted"
321,"1000",3.49238151946639,"Unadjusted"
322,"1000",4.86315474720378,"Unadjusted"
323,"1000",3.57223438015556,"Unadjusted"
324,"1000",3.35951722911117,"Unadjusted"
325,"1000",7.31686341008377,"Unadjusted"
326,"1000",3.66995811265421,"Unadjusted"
327,"1000",2.92948709579896,"Unadjusted"
328,"1000",3.70560973337391,"Unadjusted"
329,"1000",3.56346487465032,"Unadjusted"
330,"1000",6.15901977231008,"Unadjusted"
331,"1000",4.06074427978471,"Unadjusted"
332,"1000",5.35463991989881,"Unadjusted"
333,"1000",6.53730001557003,"Unadjusted"
334,"1000",4.49956532890169,"Unadjusted"
335,"1000",3.82425253744132,"Unadjusted"
336,"1000",3.60074562590377,"Unadjusted"
337,"1000",5.27382815156883,"Unadjusted"
338,"1000",4.14345266751516,"Unadjusted"
339,"1000",4.5293761523976,"Unadjusted"
340,"1000",3.17170252306553,"Unadjusted"
341,"1000",5.78954973568033,"Unadjusted"
342,"1000",4.11912647472253,"Unadjusted"
343,"1000",3.75478602041313,"Unadjusted"
344,"1000",10.69091108468,"Unadjusted"
345,"1000",4.17848049107586,"Unadjusted"
346,"1000",2.97226347158466,"Unadjusted"
347,"1000",5.89687945830557,"Unadjusted"
348,"1000",4.73248717264489,"Unadjusted"
349,"1000",3.62429017349347,"Unadjusted"
350,"1000",4.57091152781083,"Unadjusted"
351,"1000",4.31350069298416,"Unadjusted"
352,"1000",6.51684852653656,"Unadjusted"
353,"1000",3.60402422347841,"Unadjusted"
354,"1000",5.01093840791983,"Unadjusted"
355,"1000",3.83437372624947,"Unadjusted"
356,"1000",2.73297641679383,"Unadjusted"
357,"1000",5.76042949115112,"Unadjusted"
358,"1000",3.13003135367241,"Unadjusted"
359,"1000",5.09259378203628,"Unadjusted"
360,"1000",5.45309164799064,"Unadjusted"
361,"1000",3.59601258986514,"Unadjusted"
362,"1000",3.77260838575115,"Unadjusted"
363,"1000",3.55767274769554,"Unadjusted"
364,"1000",3.31899175695033,"Unadjusted"
365,"1000",4.62347553113523,"Unadjusted"
366,"1000",6.89373099733974,"Unadjusted"
367,"1000",3.81965888562881,"Unadjusted"
368,"1000",4.47599697052144,"Unadjusted"
369,"1000",3.48146974840243,"Unadjusted"
370,"1000",5.53953474539103,"Unadjusted"
371,"1000",4.15334693178201,"Unadjusted"
372,"1000",4.50570522711902,"Unadjusted"
373,"1000",4.59409367081058,"Unadjusted"
374,"1000",4.55652089889604,"Unadjusted"
375,"1000",6.26466992280429,"Unadjusted"
376,"1000",4.98127386661721,"Unadjusted"
377,"1000",2.96417162954336,"Unadjusted"
378,"1000",3.51034788768721,"Unadjusted"
379,"1000",3.11114984373618,"Unadjusted"
380,"1000",4.33844545716462,"Unadjusted"
381,"1000",3.54966564865421,"Unadjusted"
382,"1000",3.78706862694555,"Unadjusted"
383,"1000",3.12893193810008,"Unadjusted"
384,"1000",3.08175288004265,"Unadjusted"
385,"1000",5.68709685334631,"Unadjusted"
386,"1000",4.59945892658771,"Unadjusted"
387,"1000",3.31910764852693,"Unadjusted"
388,"1000",4.43440973580668,"Unadjusted"
389,"1000",4.22310152998145,"Unadjusted"
390,"1000",3.5797832997539,"Unadjusted"
391,"1000",6.99114822138417,"Unadjusted"
392,"1000",8.81511882444082,"Unadjusted"
393,"1000",8.1027192468724,"Unadjusted"
394,"1000",5.3395554636679,"Unadjusted"
395,"1000",8.94477347757435,"Unadjusted"
396,"1000",4.42948737331654,"Unadjusted"
397,"1000",2.84272423637312,"Unadjusted"
398,"1000",3.44727935167728,"Unadjusted"
399,"1000",3.30846983443918,"Unadjusted"
400,"1000",4.41277696674364,"Unadjusted"
401,"1000",4.22090552367672,"Unadjusted"
402,"1000",3.56712535316438,"Unadjusted"
403,"1000",5.70827019210163,"Unadjusted"
404,"1000",6.2478970343439,"Unadjusted"
405,"1000",4.12268523837338,"Unadjusted"
406,"1000",3.98224311327269,"Unadjusted"
407,"1000",3.93914777198755,"Unadjusted"
408,"1000",4.65993691255363,"Unadjusted"
409,"1000",4.10183470718294,"Unadjusted"
410,"1000",5.70373163772082,"Unadjusted"
411,"1000",5.33302344406305,"Unadjusted"
412,"1000",3.44136919054857,"Unadjusted"
413,"1000",5.88507010894865,"Unadjusted"
414,"1000",5.07463094681239,"Unadjusted"
415,"1000",3.98135360757276,"Unadjusted"
416,"1000",5.10079372075137,"Unadjusted"
417,"1000",4.68864995753115,"Unadjusted"
418,"1000",4.96100638114381,"Unadjusted"
419,"1000",4.09676455478443,"Unadjusted"
420,"1000",3.89794026423441,"Unadjusted"
421,"1000",6.93074426911446,"Unadjusted"
422,"1000",3.15834864933317,"Unadjusted"
423,"1000",7.54139898224676,"Unadjusted"
424,"1000",2.8318680550141,"Unadjusted"
425,"1000",3.26046449787906,"Unadjusted"
426,"1000",4.29415631150152,"Unadjusted"
427,"1000",5.98758763560694,"Unadjusted"
428,"1000",5.92108046298669,"Unadjusted"
429,"1000",3.7778271849267,"Unadjusted"
430,"1000",6.99263744534071,"Unadjusted"
431,"1000",3.07644805795399,"Unadjusted"
432,"1000",4.33602149663104,"Unadjusted"
433,"1000",4.98951995628499,"Unadjusted"
434,"1000",4.14259977001132,"Unadjusted"
435,"1000",4.86616918791142,"Unadjusted"
436,"1000",2.6084336545064,"Unadjusted"
437,"1000",4.27985319581569,"Unadjusted"
438,"1000",5.31088082694895,"Unadjusted"
439,"1000",6.07416394297196,"Unadjusted"
440,"1000",4.58870427516236,"Unadjusted"
441,"1000",4.27729313655026,"Unadjusted"
442,"1000",5.65632277935473,"Unadjusted"
443,"1000",4.23889463019976,"Unadjusted"
444,"1000",4.23121448468746,"Unadjusted"
445,"1000",3.83507744172169,"Unadjusted"
446,"1000",4.50505053495334,"Unadjusted"
447,"1000",2.97684828474217,"Unadjusted"
448,"1000",4.53470019642568,"Unadjusted"
449,"1000",10.1415508338649,"Unadjusted"
450,"1000",4.56104373683956,"Unadjusted"
451,"1000",3.91791936492402,"Unadjusted"
452,"1000",4.19695505314296,"Unadjusted"
453,"1000",5.44361012278288,"Unadjusted"
454,"1000",5.8129801317664,"Unadjusted"
455,"1000",4.10559718188888,"Unadjusted"
456,"1000",4.96623846990033,"Unadjusted"
457,"1000",4.47652180912358,"Unadjusted"
458,"1000",3.5897747747483,"Unadjusted"
459,"1000",4.44724636471718,"Unadjusted"
460,"1000",4.00205356767831,"Unadjusted"
461,"1000",3.69271910187652,"Unadjusted"
462,"1000",5.49871693870597,"Unadjusted"
463,"1000",3.69895856335721,"Unadjusted"
464,"1000",6.26955519938771,"Unadjusted"
465,"1000",4.43967338065071,"Unadjusted"
466,"1000",4.08762579641385,"Unadjusted"
467,"1000",4.45114208741756,"Unadjusted"
468,"1000",4.65123705625277,"Unadjusted"
469,"1000",3.42865989602471,"Unadjusted"
470,"1000",3.47692293702289,"Unadjusted"
471,"1000",4.61074433402611,"Unadjusted"
472,"1000",4.26947655036231,"Unadjusted"
473,"1000",6.16075370534999,"Unadjusted"
474,"1000",5.26796845818393,"Unadjusted"
475,"1000",3.67747297800107,"Unadjusted"
476,"1000",7.03395860350098,"Unadjusted"
477,"1000",4.62683824715459,"Unadjusted"
478,"1000",3.35499161272379,"Unadjusted"
479,"1000",3.36371451386288,"Unadjusted"
480,"1000",5.38772326605612,"Unadjusted"
481,"1000",5.88306552711748,"Unadjusted"
482,"1000",3.93145720584118,"Unadjusted"
483,"1000",7.40185230840252,"Unadjusted"
484,"1000",5.285926433577,"Unadjusted"
485,"1000",4.38577100578273,"Unadjusted"
486,"1000",7.36443937035641,"Unadjusted"
487,"1000",3.27190600919424,"Unadjusted"
488,"1000",3.90363978005665,"Unadjusted"
489,"1000",3.87623452824699,"Unadjusted"
490,"1000",5.68148574913398,"Unadjusted"
491,"1000",2.97144311822779,"Unadjusted"
492,"1000",4.78851548587913,"Unadjusted"
493,"1000",5.15380494406055,"Unadjusted"
494,"1000",6.19747119139275,"Unadjusted"
495,"1000",4.08473525808389,"Unadjusted"
496,"1000",5.12128465604261,"Unadjusted"
497,"1000",4.01885966873454,"Unadjusted"
498,"1000",6.84949370405407,"Unadjusted"
499,"1000",4.19005411256058,"Unadjusted"
500,"1000",3.92335900037571,"Unadjusted"
501,"1000",3.70644027896454,"Unadjusted"
502,"1000",4.3105171143661,"Unadjusted"
503,"1000",3.66633500609102,"Unadjusted"
504,"1000",4.43200232788497,"Unadjusted"
505,"1000",2.9743967856794,"Unadjusted"
506,"1000",4.0371088976661,"Unadjusted"
507,"1000",6.37279863069369,"Unadjusted"
508,"1000",2.97452064654087,"Unadjusted"
509,"1000",3.60836294517735,"Unadjusted"
510,"1000",5.95512249261741,"Unadjusted"
511,"1000",3.23708123818181,"Unadjusted"
512,"1000",7.15205057314503,"Unadjusted"
513,"1000",7.63703244876484,"Unadjusted"
514,"1000",3.26880744377832,"Unadjusted"
515,"1000",4.74284061047941,"Unadjusted"
516,"1000",5.76848945532107,"Unadjusted"
517,"1000",5.1632546931011,"Unadjusted"
518,"1000",3.54131661602863,"Unadjusted"
519,"1000",5.14344996325419,"Unadjusted"
520,"1000",4.11666798038309,"Unadjusted"
521,"1000",4.52517177458089,"Unadjusted"
522,"1000",4.05879822093924,"Unadjusted"
523,"1000",3.6264345602349,"Unadjusted"
524,"1000",4.17918074289689,"Unadjusted"
525,"1000",5.52646833447405,"Unadjusted"
526,"1000",4.86459472178365,"Unadjusted"
527,"1000",5.46407344820772,"Unadjusted"
528,"1000",3.66470477207977,"Unadjusted"
529,"1000",3.21250665797642,"Unadjusted"
530,"1000",4.5810865223654,"Unadjusted"
531,"1000",5.09289095989224,"Unadjusted"
532,"1000",4.6121604863161,"Unadjusted"
533,"1000",11.1343458250624,"Unadjusted"
534,"1000",4.45413716011731,"Unadjusted"
535,"1000",3.55702614630895,"Unadjusted"
536,"1000",2.82505199774474,"Unadjusted"
537,"1000",4.69581767809487,"Unadjusted"
538,"1000",4.02014076919037,"Unadjusted"
539,"1000",5.3553556558336,"Unadjusted"
540,"1000",4.76050747939193,"Unadjusted"
541,"1000",4.13780450556527,"Unadjusted"
542,"1000",4.39435030194723,"Unadjusted"
543,"1000",3.12863268609829,"Unadjusted"
544,"1000",5.00056675921318,"Unadjusted"
545,"1000",4.61268351721619,"Unadjusted"
546,"1000",3.58607246125925,"Unadjusted"
547,"1000",3.83024787799584,"Unadjusted"
548,"1000",5.9663577323277,"Unadjusted"
549,"1000",2.85181630808767,"Unadjusted"
550,"1000",5.03798180838251,"Unadjusted"
551,"1000",5.63224254770996,"Unadjusted"
552,"1000",3.26914944845292,"Unadjusted"
553,"1000",3.71754778566335,"Unadjusted"
554,"1000",6.54972885399748,"Unadjusted"
555,"1000",3.96351073011876,"Unadjusted"
556,"1000",3.7694075901329,"Unadjusted"
557,"1000",4.69822126571152,"Unadjusted"
558,"1000",3.39594452154003,"Unadjusted"
559,"1000",4.2194599069466,"Unadjusted"
560,"1000",3.65521360678221,"Unadjusted"
561,"1000",3.37523623986139,"Unadjusted"
562,"1000",3.53491772351745,"Unadjusted"
563,"1000",4.54826788010725,"Unadjusted"
564,"1000",3.23740335672128,"Unadjusted"
565,"1000",5.87084544747495,"Unadjusted"
566,"1000",3.82327718044461,"Unadjusted"
567,"1000",5.75447732460858,"Unadjusted"
568,"1000",3.45155742468269,"Unadjusted"
569,"1000",6.04624393187833,"Unadjusted"
570,"1000",4.5279378502556,"Unadjusted"
571,"1000",3.2566460285273,"Unadjusted"
572,"1000",7.33924526219314,"Unadjusted"
573,"1000",2.95236559299338,"Unadjusted"
574,"1000",3.60639058770633,"Unadjusted"
575,"1000",3.75816678377308,"Unadjusted"
576,"1000",4.00466531665846,"Unadjusted"
577,"1000",6.26358840029972,"Unadjusted"
578,"1000",4.28248662817651,"Unadjusted"
579,"1000",7.69260217093807,"Unadjusted"
580,"1000",4.60006259084825,"Unadjusted"
581,"1000",3.46369912504905,"Unadjusted"
582,"1000",4.4800680732925,"Unadjusted"
583,"1000",2.89151257771346,"Unadjusted"
584,"1000",4.04338663468043,"Unadjusted"
585,"1000",3.8670515297655,"Unadjusted"
586,"1000",5.32546261098014,"Unadjusted"
587,"1000",2.43504737579151,"Unadjusted"
588,"1000",6.04269849067911,"Unadjusted"
589,"1000",3.50722835813869,"Unadjusted"
590,"1000",2.88169504434224,"Unadjusted"
591,"1000",6.25562606836698,"Unadjusted"
592,"1000",5.73714749288571,"Unadjusted"
593,"1000",3.91823484991998,"Unadjusted"
594,"1000",6.48903254920735,"Unadjusted"
595,"1000",7.62618735569486,"Unadjusted"
596,"1000",6.73053047452066,"Unadjusted"
597,"1000",3.75588342414459,"Unadjusted"
598,"1000",4.61022708042633,"Unadjusted"
599,"1000",3.74594494924336,"Unadjusted"
600,"1000",4.82435276177335,"Unadjusted"
601,"1000",3.88506368429285,"Unadjusted"
602,"1000",4.40912878046859,"Unadjusted"
603,"1000",4.27587093587448,"Unadjusted"
604,"1000",5.37998975663414,"Unadjusted"
605,"1000",5.26730702765132,"Unadjusted"
606,"1000",3.66307435931596,"Unadjusted"
607,"1000",3.33602197804137,"Unadjusted"
608,"1000",6.57637137433073,"Unadjusted"
609,"1000",3.1955178147282,"Unadjusted"
610,"1000",2.90434383443649,"Unadjusted"
611,"1000",5.02415756014483,"Unadjusted"
612,"1000",3.49834503064147,"Unadjusted"
613,"1000",6.47503015129147,"Unadjusted"
614,"1000",4.05012351679027,"Unadjusted"
615,"1000",2.93224224401607,"Unadjusted"
616,"1000",3.29090882716587,"Unadjusted"
617,"1000",2.58064003951571,"Unadjusted"
618,"1000",4.91189174087616,"Unadjusted"
619,"1000",5.53635776055242,"Unadjusted"
620,"1000",5.08787565100488,"Unadjusted"
621,"1000",2.62927847421968,"Unadjusted"
622,"1000",5.49828805387826,"Unadjusted"
623,"1000",5.75929283007796,"Unadjusted"
624,"1000",3.94442024287591,"Unadjusted"
625,"1000",4.59691892020031,"Unadjusted"
626,"1000",3.52419258197209,"Unadjusted"
627,"1000",2.80157161113157,"Unadjusted"
628,"1000",3.92051017889933,"Unadjusted"
629,"1000",6.65688841109276,"Unadjusted"
630,"1000",8.99561400381981,"Unadjusted"
631,"1000",3.57567229952245,"Unadjusted"
632,"1000",4.32749621635509,"Unadjusted"
633,"1000",5.74384410120929,"Unadjusted"
634,"1000",5.56893666259768,"Unadjusted"
635,"1000",4.76352149436895,"Unadjusted"
636,"1000",3.94265159663848,"Unadjusted"
637,"1000",4.14833417632747,"Unadjusted"
638,"1000",3.74873544856099,"Unadjusted"
639,"1000",3.84668722119883,"Unadjusted"
640,"1000",3.532046620455,"Unadjusted"
641,"1000",6.44544848542473,"Unadjusted"
642,"1000",7.66694997727047,"Unadjusted"
643,"1000",5.17957723185038,"Unadjusted"
644,"1000",6.59002863391136,"Unadjusted"
645,"1000",3.56071123672324,"Unadjusted"
646,"1000",3.02149114523431,"Unadjusted"
647,"1000",4.10325909778994,"Unadjusted"
648,"1000",4.40771918140439,"Unadjusted"
649,"1000",3.33820090226738,"Unadjusted"
650,"1000",3.1704676915334,"Unadjusted"
651,"1000",4.55241049254861,"Unadjusted"
652,"1000",3.91244589585048,"Unadjusted"
653,"1000",6.92260757266292,"Unadjusted"
654,"1000",8.19132752157622,"Unadjusted"
655,"1000",2.79076662625349,"Unadjusted"
656,"1000",3.13636744386882,"Unadjusted"
657,"1000",4.82431024245533,"Unadjusted"
658,"1000",3.96584446854411,"Unadjusted"
659,"1000",4.77335854145108,"Unadjusted"
660,"1000",2.71421041256523,"Unadjusted"
661,"1000",4.52189068042682,"Unadjusted"
662,"1000",6.15573687994693,"Unadjusted"
663,"1000",3.20419427922776,"Unadjusted"
664,"1000",3.34956661274114,"Unadjusted"
665,"1000",3.95822564619426,"Unadjusted"
666,"1000",3.29464106768662,"Unadjusted"
667,"1000",3.59378928552832,"Unadjusted"
668,"1000",4.82810515757143,"Unadjusted"
669,"1000",6.8421937812949,"Unadjusted"
670,"1000",4.78231197161875,"Unadjusted"
671,"1000",3.6336048952229,"Unadjusted"
672,"1000",6.45494978492592,"Unadjusted"
673,"1000",5.11193092744169,"Unadjusted"
674,"1000",3.77238658347559,"Unadjusted"
675,"1000",4.47075306877446,"Unadjusted"
676,"1000",7.40765433369911,"Unadjusted"
677,"1000",4.75495053673814,"Unadjusted"
678,"1000",9.12815724770786,"Unadjusted"
679,"1000",4.02234521674652,"Unadjusted"
680,"1000",3.44137251472436,"Unadjusted"
681,"1000",4.43985740728357,"Unadjusted"
682,"1000",4.02582283992161,"Unadjusted"
683,"1000",4.70203974910253,"Unadjusted"
684,"1000",4.17844286678634,"Unadjusted"
685,"1000",5.91811205711722,"Unadjusted"
686,"1000",5.72877860683571,"Unadjusted"
687,"1000",2.75306350128957,"Unadjusted"
688,"1000",11.697145157254,"Unadjusted"
689,"1000",3.89613788739479,"Unadjusted"
690,"1000",3.37844875257249,"Unadjusted"
691,"1000",3.7095945141147,"Unadjusted"
692,"1000",4.66160634796233,"Unadjusted"
693,"1000",3.48826178944075,"Unadjusted"
694,"1000",3.06149726067957,"Unadjusted"
695,"1000",4.18638025345846,"Unadjusted"
696,"1000",4.7333800851428,"Unadjusted"
697,"1000",5.24996641619183,"Unadjusted"
698,"1000",4.70945028019551,"Unadjusted"
699,"1000",4.70169543880566,"Unadjusted"
700,"1000",3.20078657200188,"Unadjusted"
701,"1000",4.64167432712268,"Unadjusted"
702,"1000",3.82512802163097,"Unadjusted"
703,"1000",5.25123313486806,"Unadjusted"
704,"1000",4.4443607925261,"Unadjusted"
705,"1000",4.86499069627862,"Unadjusted"
706,"1000",3.26608029203666,"Unadjusted"
707,"1000",6.85945176814065,"Unadjusted"
708,"1000",6.80398124958479,"Unadjusted"
709,"1000",6.40819116424611,"Unadjusted"
710,"1000",4.85033775480588,"Unadjusted"
711,"1000",3.20491551789406,"Unadjusted"
712,"1000",5.72761707393533,"Unadjusted"
713,"1000",3.5419931184981,"Unadjusted"
714,"1000",3.82131599954089,"Unadjusted"
715,"1000",3.69537148938188,"Unadjusted"
716,"1000",3.92445005824594,"Unadjusted"
717,"1000",6.32423437776595,"Unadjusted"
718,"1000",6.34660736804667,"Unadjusted"
719,"1000",4.39446987521636,"Unadjusted"
720,"1000",4.74910680150572,"Unadjusted"
721,"1000",4.58832578688942,"Unadjusted"
722,"1000",4.92500108083556,"Unadjusted"
723,"1000",4.24464436345228,"Unadjusted"
724,"1000",4.12722359782829,"Unadjusted"
725,"1000",3.24042660217606,"Unadjusted"
726,"1000",3.49090913103884,"Unadjusted"
727,"1000",6.44136851803199,"Unadjusted"
728,"1000",3.28998091490935,"Unadjusted"
729,"1000",3.13455910547622,"Unadjusted"
730,"1000",5.97021120195277,"Unadjusted"
731,"1000",5.46352396020911,"Unadjusted"
732,"1000",5.63407962963953,"Unadjusted"
733,"1000",5.53639662519859,"Unadjusted"
734,"1000",4.21013393459445,"Unadjusted"
735,"1000",3.10994133137145,"Unadjusted"
736,"1000",4.35824055018641,"Unadjusted"
737,"1000",4.1086558290711,"Unadjusted"
738,"1000",6.7521240836585,"Unadjusted"
739,"1000",5.65922983378658,"Unadjusted"
740,"1000",5.09354161948213,"Unadjusted"
741,"1000",3.58987479182395,"Unadjusted"
742,"1000",3.45301754680895,"Unadjusted"
743,"1000",3.7758023727573,"Unadjusted"
744,"1000",4.76370903265367,"Unadjusted"
745,"1000",3.80462647169423,"Unadjusted"
746,"1000",3.74993188199282,"Unadjusted"
747,"1000",4.55520867826976,"Unadjusted"
748,"1000",3.46059857638598,"Unadjusted"
749,"1000",4.30034314036266,"Unadjusted"
750,"1000",6.32019169440537,"Unadjusted"
751,"1000",3.3495499982069,"Unadjusted"
752,"1000",4.93447242520351,"Unadjusted"
753,"1000",5.99907357658073,"Unadjusted"
754,"1000",3.55775684759806,"Unadjusted"
755,"1000",3.9941075240402,"Unadjusted"
756,"1000",4.77776128770505,"Unadjusted"
757,"1000",4.85475086551816,"Unadjusted"
758,"1000",3.50332744616255,"Unadjusted"
759,"1000",3.11135962957726,"Unadjusted"
760,"1000",4.69935410728162,"Unadjusted"
761,"1000",3.71651680347828,"Unadjusted"
762,"1000",4.0855233284862,"Unadjusted"
763,"1000",4.25839404456942,"Unadjusted"
764,"1000",3.86573939012575,"Unadjusted"
765,"1000",5.27216775840966,"Unadjusted"
766,"1000",2.86049561035255,"Unadjusted"
767,"1000",5.17306093119131,"Unadjusted"
768,"1000",3.23596798701293,"Unadjusted"
769,"1000",3.41041795128327,"Unadjusted"
770,"1000",6.75495463299926,"Unadjusted"
771,"1000",7.57005883318277,"Unadjusted"
772,"1000",4.79534057294807,"Unadjusted"
773,"1000",4.25944982549686,"Unadjusted"
774,"1000",5.06366818985877,"Unadjusted"
775,"1000",4.20328990022755,"Unadjusted"
776,"1000",8.8230658381646,"Unadjusted"
777,"1000",4.12717676924334,"Unadjusted"
778,"1000",3.88135202875251,"Unadjusted"
779,"1000",6.47441376038582,"Unadjusted"
780,"1000",3.94599495509506,"Unadjusted"
781,"1000",4.1257097955384,"Unadjusted"
782,"1000",3.56344855912743,"Unadjusted"
783,"1000",4.59086977857535,"Unadjusted"
784,"1000",3.7109254115704,"Unadjusted"
785,"1000",5.71216209791468,"Unadjusted"
786,"1000",4.26908758150336,"Unadjusted"
787,"1000",5.17921773268391,"Unadjusted"
788,"1000",3.78155923878023,"Unadjusted"
789,"1000",4.42707568104635,"Unadjusted"
790,"1000",4.5058163947246,"Unadjusted"
791,"1000",3.72500565048808,"Unadjusted"
792,"1000",4.13747912205076,"Unadjusted"
793,"1000",5.17644176511265,"Unadjusted"
794,"1000",5.06701507952593,"Unadjusted"
795,"1000",3.7275900100632,"Unadjusted"
796,"1000",3.33934689160491,"Unadjusted"
797,"1000",6.38531469471701,"Unadjusted"
798,"1000",3.81133166737624,"Unadjusted"
799,"1000",6.16153922188738,"Unadjusted"
800,"1000",3.50687114600284,"Unadjusted"
801,"1000",3.3071551973679,"Unadjusted"
802,"1000",4.82519066389668,"Unadjusted"
803,"1000",4.00565809956633,"Unadjusted"
804,"1000",4.76187029447927,"Unadjusted"
805,"1000",3.42344164393171,"Unadjusted"
806,"1000",3.76353847251024,"Unadjusted"
807,"1000",6.2014310452029,"Unadjusted"
808,"1000",4.91397226690973,"Unadjusted"
809,"1000",4.99548930280421,"Unadjusted"
810,"1000",4.55692306396936,"Unadjusted"
811,"1000",3.19430283333996,"Unadjusted"
812,"1000",4.92887367266412,"Unadjusted"
813,"1000",3.73477454504143,"Unadjusted"
814,"1000",9.80888077424833,"Unadjusted"
815,"1000",3.10244548477828,"Unadjusted"
816,"1000",3.4306106227708,"Unadjusted"
817,"1000",3.63681228112356,"Unadjusted"
818,"1000",6.49242927386148,"Unadjusted"
819,"1000",4.31778078112122,"Unadjusted"
820,"1000",6.43404775599803,"Unadjusted"
821,"1000",3.94760046649333,"Unadjusted"
822,"1000",3.35158158232641,"Unadjusted"
823,"1000",4.25367006360344,"Unadjusted"
824,"1000",3.44258114878981,"Unadjusted"
825,"1000",4.36914480555676,"Unadjusted"
826,"1000",4.13495797924791,"Unadjusted"
827,"1000",3.54852643419817,"Unadjusted"
828,"1000",2.86643508206518,"Unadjusted"
829,"1000",3.68280989285757,"Unadjusted"
830,"1000",4.58711272038571,"Unadjusted"
831,"1000",4.06783761612921,"Unadjusted"
832,"1000",4.3513344726943,"Unadjusted"
833,"1000",4.36102305560334,"Unadjusted"
834,"1000",3.66997890613645,"Unadjusted"
835,"1000",3.66421137346916,"Unadjusted"
836,"1000",3.18546096499409,"Unadjusted"
837,"1000",2.80082858256315,"Unadjusted"
838,"1000",4.41755882314593,"Unadjusted"
839,"1000",4.76485265645044,"Unadjusted"
840,"1000",3.85547740591742,"Unadjusted"
841,"1000",5.03400462241941,"Unadjusted"
842,"1000",3.42836335293049,"Unadjusted"
843,"1000",6.23646935756609,"Unadjusted"
844,"1000",4.67311605544041,"Unadjusted"
845,"1000",3.22945529089491,"Unadjusted"
846,"1000",4.59786996948276,"Unadjusted"
847,"1000",5.70745369058257,"Unadjusted"
848,"1000",7.05501958596544,"Unadjusted"
849,"1000",4.75732496660147,"Unadjusted"
850,"1000",4.94098246350815,"Unadjusted"
851,"1000",4.68125374305493,"Unadjusted"
852,"1000",4.5415949681239,"Unadjusted"
853,"1000",6.62214184542994,"Unadjusted"
854,"1000",3.57851015059961,"Unadjusted"
855,"1000",5.47432908370126,"Unadjusted"
856,"1000",2.89881216123991,"Unadjusted"
857,"1000",3.47775964097535,"Unadjusted"
858,"1000",3.40449351847762,"Unadjusted"
859,"1000",3.42966142237182,"Unadjusted"
860,"1000",3.50586230644863,"Unadjusted"
861,"1000",5.38182082282637,"Unadjusted"
862,"1000",4.84294975994667,"Unadjusted"
863,"1000",5.94495462046029,"Unadjusted"
864,"1000",3.16768824026133,"Unadjusted"
865,"1000",3.28540231337956,"Unadjusted"
866,"1000",4.46896226290484,"Unadjusted"
867,"1000",3.29342846917621,"Unadjusted"
868,"1000",3.35080655808161,"Unadjusted"
869,"1000",3.48743505990993,"Unadjusted"
870,"1000",4.55316052637885,"Unadjusted"
871,"1000",4.2399788156035,"Unadjusted"
872,"1000",3.5334758797266,"Unadjusted"
873,"1000",5.14238411046321,"Unadjusted"
874,"1000",5.58682179463646,"Unadjusted"
875,"1000",12.7886903817528,"Unadjusted"
876,"1000",5.42071236087819,"Unadjusted"
877,"1000",4.67998998758775,"Unadjusted"
878,"1000",2.55383961551262,"Unadjusted"
879,"1000",4.72272472369391,"Unadjusted"
880,"1000",4.64281377107042,"Unadjusted"
881,"1000",5.80455873008421,"Unadjusted"
882,"1000",4.82171395185907,"Unadjusted"
883,"1000",4.30270553741386,"Unadjusted"
884,"1000",6.07626354753364,"Unadjusted"
885,"1000",6.40780956500787,"Unadjusted"
886,"1000",8.56144383665911,"Unadjusted"
887,"1000",9.52932446366644,"Unadjusted"
888,"1000",3.31798322395245,"Unadjusted"
889,"1000",5.35072098233002,"Unadjusted"
890,"1000",5.41336138429672,"Unadjusted"
891,"1000",4.57149938744462,"Unadjusted"
892,"1000",5.06113638153648,"Unadjusted"
893,"1000",3.27872099215452,"Unadjusted"
894,"1000",4.58707507054438,"Unadjusted"
895,"1000",5.02480981207249,"Unadjusted"
896,"1000",3.47830054545958,"Unadjusted"
897,"1000",3.86856961603831,"Unadjusted"
898,"1000",3.67916944244562,"Unadjusted"
899,"1000",3.70089006308771,"Unadjusted"
900,"1000",5.96576444115106,"Unadjusted"
901,"1000",2.99205525413908,"Unadjusted"
902,"1000",5.79036919477512,"Unadjusted"
903,"1000",3.85171331313071,"Unadjusted"
904,"1000",3.79420884240666,"Unadjusted"
905,"1000",3.85525694489247,"Unadjusted"
906,"1000",3.4482527998011,"Unadjusted"
907,"1000",4.08575013177249,"Unadjusted"
908,"1000",3.68897034422277,"Unadjusted"
909,"1000",3.41984493593227,"Unadjusted"
910,"1000",3.98984128582302,"Unadjusted"
911,"1000",4.09165080969114,"Unadjusted"
912,"1000",4.32936432131445,"Unadjusted"
913,"1000",4.17470489958533,"Unadjusted"
914,"1000",4.01446124062648,"Unadjusted"
915,"1000",3.78398937920221,"Unadjusted"
916,"1000",4.74026602568042,"Unadjusted"
917,"1000",4.5850329099087,"Unadjusted"
918,"1000",5.58513050152097,"Unadjusted"
919,"1000",5.70858674800368,"Unadjusted"
920,"1000",3.98086938490092,"Unadjusted"
921,"1000",2.86071928677549,"Unadjusted"
922,"1000",3.26483213394867,"Unadjusted"
923,"1000",4.6671522649395,"Unadjusted"
924,"1000",5.15345820160064,"Unadjusted"
925,"1000",6.48622714769594,"Unadjusted"
926,"1000",3.84166889818754,"Unadjusted"
927,"1000",4.71324234352677,"Unadjusted"
928,"1000",2.92466102733876,"Unadjusted"
929,"1000",3.85233632413762,"Unadjusted"
930,"1000",2.39935735461134,"Unadjusted"
931,"1000",7.59031151794024,"Unadjusted"
932,"1000",4.52149005395982,"Unadjusted"
933,"1000",3.72495875058808,"Unadjusted"
934,"1000",8.07026349097538,"Unadjusted"
935,"1000",3.24833650116978,"Unadjusted"
936,"1000",4.11556159171648,"Unadjusted"
937,"1000",3.62263794828262,"Unadjusted"
938,"1000",3.12140922949239,"Unadjusted"
939,"1000",3.67851587265826,"Unadjusted"
940,"1000",3.90242791771124,"Unadjusted"
941,"1000",4.43403841146126,"Unadjusted"
942,"1000",6.89536288083616,"Unadjusted"
943,"1000",6.00567417055033,"Unadjusted"
944,"1000",5.78554654938061,"Unadjusted"
945,"1000",4.68441159431002,"Unadjusted"
946,"1000",3.84657776223733,"Unadjusted"
947,"1000",3.61951372722327,"Unadjusted"
948,"1000",4.39071543754017,"Unadjusted"
949,"1000",2.49784129836112,"Unadjusted"
950,"1000",4.56073200123476,"Unadjusted"
951,"1000",6.06356483814389,"Unadjusted"
952,"1000",3.873193463392,"Unadjusted"
953,"1000",4.81690405147176,"Unadjusted"
954,"1000",5.57752711232745,"Unadjusted"
955,"1000",3.80428436038477,"Unadjusted"
956,"1000",5.00331465850341,"Unadjusted"
957,"1000",4.28802941265802,"Unadjusted"
958,"1000",6.13659784741039,"Unadjusted"
959,"1000",4.24316213406124,"Unadjusted"
960,"1000",3.60464430179507,"Unadjusted"
961,"1000",4.79040224726893,"Unadjusted"
962,"1000",3.76930940253622,"Unadjusted"
963,"1000",4.22885383835221,"Unadjusted"
964,"1000",4.0004471509075,"Unadjusted"
965,"1000",3.17756373950302,"Unadjusted"
966,"1000",4.73460677633741,"Unadjusted"
967,"1000",7.99866247707476,"Unadjusted"
968,"1000",3.20915269481252,"Unadjusted"
969,"1000",3.2443959030246,"Unadjusted"
970,"1000",2.12104277588873,"Unadjusted"
971,"1000",4.08029276394038,"Unadjusted"
972,"1000",3.51998798195246,"Unadjusted"
973,"1000",3.76915547027231,"Unadjusted"
974,"1000",4.11422039515748,"Unadjusted"
975,"1000",3.40961968743343,"Unadjusted"
976,"1000",3.77334314568152,"Unadjusted"
977,"1000",4.8176958969234,"Unadjusted"
978,"1000",4.72128808094972,"Unadjusted"
979,"1000",3.12786090448247,"Unadjusted"
980,"1000",5.54866844521469,"Unadjusted"
981,"1000",3.53295343963162,"Unadjusted"
982,"1000",3.50536064595876,"Unadjusted"
983,"1000",4.30366349767438,"Unadjusted"
984,"1000",3.55064046500036,"Unadjusted"
985,"1000",7.21528477007616,"Unadjusted"
986,"1000",4.01030835267265,"Unadjusted"
987,"1000",3.28702433877664,"Unadjusted"
988,"1000",3.49026493467374,"Unadjusted"
989,"1000",3.60257917934772,"Unadjusted"
990,"1000",3.44151237277566,"Unadjusted"
991,"1000",4.44414969640331,"Unadjusted"
992,"1000",4.78158008936324,"Unadjusted"
993,"1000",5.95837673451748,"Unadjusted"
994,"1000",3.78595322488982,"Unadjusted"
995,"1000",4.6702102125085,"Unadjusted"
996,"1000",6.34434863578988,"Unadjusted"
997,"1000",3.26244414781965,"Unadjusted"
998,"1000",4.19343242989317,"Unadjusted"
999,"1000",6.13111186173795,"Unadjusted"
1000,"1000",6.08165385090695,"Unadjusted"
1,"2000",5.91634039282818,"Unadjusted"
2,"2000",3.90707967168294,"Unadjusted"
3,"2000",4.36129196085016,"Unadjusted"
4,"2000",7.00810182008133,"Unadjusted"
5,"2000",5.50275025795023,"Unadjusted"
6,"2000",5.48164940052971,"Unadjusted"
7,"2000",6.53074174941571,"Unadjusted"
8,"2000",3.326568052313,"Unadjusted"
9,"2000",3.77848625371283,"Unadjusted"
10,"2000",4.40060035437983,"Unadjusted"
11,"2000",7.23560360333204,"Unadjusted"
12,"2000",3.2710343155881,"Unadjusted"
13,"2000",4.89972902407175,"Unadjusted"
14,"2000",5.60449749800288,"Unadjusted"
15,"2000",5.37879187736015,"Unadjusted"
16,"2000",3.31591500890584,"Unadjusted"
17,"2000",3.62024138782017,"Unadjusted"
18,"2000",3.19906122018741,"Unadjusted"
19,"2000",3.94263154207259,"Unadjusted"
20,"2000",4.17459259197914,"Unadjusted"
21,"2000",4.90263042399008,"Unadjusted"
22,"2000",4.02194962579389,"Unadjusted"
23,"2000",3.64610142373629,"Unadjusted"
24,"2000",3.9292997708869,"Unadjusted"
25,"2000",3.12376836713359,"Unadjusted"
26,"2000",4.45915269872496,"Unadjusted"
27,"2000",5.2415382778863,"Unadjusted"
28,"2000",5.57612353142549,"Unadjusted"
29,"2000",3.43310903457392,"Unadjusted"
30,"2000",3.6836409626169,"Unadjusted"
31,"2000",4.34361402958049,"Unadjusted"
32,"2000",4.47441239323337,"Unadjusted"
33,"2000",4.11658112874186,"Unadjusted"
34,"2000",4.4842633149989,"Unadjusted"
35,"2000",3.60871187864685,"Unadjusted"
36,"2000",3.33591601782554,"Unadjusted"
37,"2000",5.9406333664068,"Unadjusted"
38,"2000",4.2252961931281,"Unadjusted"
39,"2000",4.82508733295066,"Unadjusted"
40,"2000",5.10950358478323,"Unadjusted"
41,"2000",4.57252546176492,"Unadjusted"
42,"2000",4.58103379166992,"Unadjusted"
43,"2000",4.82683282243148,"Unadjusted"
44,"2000",4.77253247626071,"Unadjusted"
45,"2000",3.83218817575164,"Unadjusted"
46,"2000",4.40442768133664,"Unadjusted"
47,"2000",4.04641218015679,"Unadjusted"
48,"2000",7.08191849550829,"Unadjusted"
49,"2000",4.84115669542367,"Unadjusted"
50,"2000",3.22034029097949,"Unadjusted"
51,"2000",5.17323503486297,"Unadjusted"
52,"2000",4.33409837175243,"Unadjusted"
53,"2000",3.89827818573571,"Unadjusted"
54,"2000",5.01789235949909,"Unadjusted"
55,"2000",4.35633860989241,"Unadjusted"
56,"2000",4.083428741985,"Unadjusted"
57,"2000",6.11276541050677,"Unadjusted"
58,"2000",3.60324535260175,"Unadjusted"
59,"2000",3.84054780607602,"Unadjusted"
60,"2000",5.94428329916807,"Unadjusted"
61,"2000",4.21034346004256,"Unadjusted"
62,"2000",4.43457586598825,"Unadjusted"
63,"2000",4.62518505512804,"Unadjusted"
64,"2000",3.6772036028204,"Unadjusted"
65,"2000",5.44615389781998,"Unadjusted"
66,"2000",4.29926242091616,"Unadjusted"
67,"2000",4.30511539638905,"Unadjusted"
68,"2000",4.40812756373901,"Unadjusted"
69,"2000",3.8715193356813,"Unadjusted"
70,"2000",3.70883614673138,"Unadjusted"
71,"2000",4.83383092325932,"Unadjusted"
72,"2000",5.95107278639838,"Unadjusted"
73,"2000",6.00852947849139,"Unadjusted"
74,"2000",3.37372855335817,"Unadjusted"
75,"2000",4.56745173538014,"Unadjusted"
76,"2000",4.65733325124605,"Unadjusted"
77,"2000",4.9574682230475,"Unadjusted"
78,"2000",5.58677337270079,"Unadjusted"
79,"2000",5.33641762027686,"Unadjusted"
80,"2000",4.09449478366319,"Unadjusted"
81,"2000",5.14915271633588,"Unadjusted"
82,"2000",3.77044265679693,"Unadjusted"
83,"2000",4.07785660401299,"Unadjusted"
84,"2000",4.61430477520864,"Unadjusted"
85,"2000",3.91345399254485,"Unadjusted"
86,"2000",4.31794886947879,"Unadjusted"
87,"2000",5.10128860779849,"Unadjusted"
88,"2000",3.87255524125648,"Unadjusted"
89,"2000",2.97416241162557,"Unadjusted"
90,"2000",3.80789482162546,"Unadjusted"
91,"2000",4.5014683942834,"Unadjusted"
92,"2000",3.57522699454704,"Unadjusted"
93,"2000",5.83150203541354,"Unadjusted"
94,"2000",5.51712195240862,"Unadjusted"
95,"2000",3.30777782426662,"Unadjusted"
96,"2000",4.93619487903056,"Unadjusted"
97,"2000",4.40151484987907,"Unadjusted"
98,"2000",6.21422605830519,"Unadjusted"
99,"2000",4.49052128733697,"Unadjusted"
100,"2000",3.96403852439122,"Unadjusted"
101,"2000",5.46414665916305,"Unadjusted"
102,"2000",5.26791054444306,"Unadjusted"
103,"2000",4.79872020267769,"Unadjusted"
104,"2000",3.54042119681975,"Unadjusted"
105,"2000",3.14924964022636,"Unadjusted"
106,"2000",3.66366639493544,"Unadjusted"
107,"2000",3.95811556756275,"Unadjusted"
108,"2000",4.23512175596232,"Unadjusted"
109,"2000",4.72865998008513,"Unadjusted"
110,"2000",3.74619400016862,"Unadjusted"
111,"2000",5.54599599754976,"Unadjusted"
112,"2000",3.87911625965686,"Unadjusted"
113,"2000",5.02184081309375,"Unadjusted"
114,"2000",4.50305969515946,"Unadjusted"
115,"2000",5.62230520822045,"Unadjusted"
116,"2000",3.86427359073513,"Unadjusted"
117,"2000",3.71503290573131,"Unadjusted"
118,"2000",5.32402235307033,"Unadjusted"
119,"2000",3.96673720548202,"Unadjusted"
120,"2000",4.14944361244318,"Unadjusted"
121,"2000",3.77535515456286,"Unadjusted"
122,"2000",3.95207657303766,"Unadjusted"
123,"2000",5.04288570115562,"Unadjusted"
124,"2000",3.70892768109855,"Unadjusted"
125,"2000",4.49647471251012,"Unadjusted"
126,"2000",3.77069045624223,"Unadjusted"
127,"2000",3.90062493005091,"Unadjusted"
128,"2000",3.94046036611997,"Unadjusted"
129,"2000",4.62545821715717,"Unadjusted"
130,"2000",5.21816779256956,"Unadjusted"
131,"2000",3.94460509204412,"Unadjusted"
132,"2000",5.15843559927973,"Unadjusted"
133,"2000",4.10303122245134,"Unadjusted"
134,"2000",6.16281516133416,"Unadjusted"
135,"2000",5.53877620174794,"Unadjusted"
136,"2000",4.11820530544423,"Unadjusted"
137,"2000",3.61255192979783,"Unadjusted"
138,"2000",3.90983361473464,"Unadjusted"
139,"2000",3.88019048419124,"Unadjusted"
140,"2000",4.53400171444511,"Unadjusted"
141,"2000",4.22754503967406,"Unadjusted"
142,"2000",5.3418792040532,"Unadjusted"
143,"2000",3.02303249711012,"Unadjusted"
144,"2000",3.77430204114218,"Unadjusted"
145,"2000",2.95021704434149,"Unadjusted"
146,"2000",6.56158904675336,"Unadjusted"
147,"2000",5.25739342408904,"Unadjusted"
148,"2000",4.10221187065489,"Unadjusted"
149,"2000",3.17741306989668,"Unadjusted"
150,"2000",3.44086441999,"Unadjusted"
151,"2000",3.51700465183399,"Unadjusted"
152,"2000",3.58244649778274,"Unadjusted"
153,"2000",4.82885370361613,"Unadjusted"
154,"2000",7.33532518235195,"Unadjusted"
155,"2000",4.64032729719411,"Unadjusted"
156,"2000",3.78086644171009,"Unadjusted"
157,"2000",3.52216205983777,"Unadjusted"
158,"2000",4.9233078259295,"Unadjusted"
159,"2000",6.34144530156678,"Unadjusted"
160,"2000",4.63894027926157,"Unadjusted"
161,"2000",3.84385545875209,"Unadjusted"
162,"2000",5.00002659362785,"Unadjusted"
163,"2000",4.51743990126508,"Unadjusted"
164,"2000",4.64810048763446,"Unadjusted"
165,"2000",5.09322183247015,"Unadjusted"
166,"2000",3.86995286042367,"Unadjusted"
167,"2000",4.07268760826258,"Unadjusted"
168,"2000",3.94355092081453,"Unadjusted"
169,"2000",4.10944318760939,"Unadjusted"
170,"2000",3.59151686831808,"Unadjusted"
171,"2000",4.19459918929891,"Unadjusted"
172,"2000",4.44537689790294,"Unadjusted"
173,"2000",4.1290852459236,"Unadjusted"
174,"2000",5.72121278599567,"Unadjusted"
175,"2000",4.07411953681286,"Unadjusted"
176,"2000",3.31779496322686,"Unadjusted"
177,"2000",5.82347434225732,"Unadjusted"
178,"2000",4.02770075095797,"Unadjusted"
179,"2000",4.14863073059535,"Unadjusted"
180,"2000",6.1774206565075,"Unadjusted"
181,"2000",4.39605903992316,"Unadjusted"
182,"2000",7.64733595730766,"Unadjusted"
183,"2000",5.75889192595321,"Unadjusted"
184,"2000",2.9792407377307,"Unadjusted"
185,"2000",3.62177726760582,"Unadjusted"
186,"2000",4.14340630193864,"Unadjusted"
187,"2000",7.49096394153417,"Unadjusted"
188,"2000",5.47856520143677,"Unadjusted"
189,"2000",4.46072438659186,"Unadjusted"
190,"2000",2.95709124987323,"Unadjusted"
191,"2000",4.20407992830381,"Unadjusted"
192,"2000",4.1022259583853,"Unadjusted"
193,"2000",5.09459220309411,"Unadjusted"
194,"2000",3.7765516479197,"Unadjusted"
195,"2000",4.30988776214107,"Unadjusted"
196,"2000",4.53701865115012,"Unadjusted"
197,"2000",5.13955696412163,"Unadjusted"
198,"2000",4.19564503659486,"Unadjusted"
199,"2000",3.48514041853874,"Unadjusted"
200,"2000",4.76098464814299,"Unadjusted"
201,"2000",4.05463396113804,"Unadjusted"
202,"2000",5.99091225899518,"Unadjusted"
203,"2000",4.01373530237818,"Unadjusted"
204,"2000",6.53215561763106,"Unadjusted"
205,"2000",3.71978380773508,"Unadjusted"
206,"2000",2.8057450743671,"Unadjusted"
207,"2000",4.29139880548531,"Unadjusted"
208,"2000",4.11483060115632,"Unadjusted"
209,"2000",4.34162899652935,"Unadjusted"
210,"2000",4.96143755651337,"Unadjusted"
211,"2000",4.2259977361079,"Unadjusted"
212,"2000",4.01436113475717,"Unadjusted"
213,"2000",4.40809390908354,"Unadjusted"
214,"2000",5.39974335818265,"Unadjusted"
215,"2000",3.79539905627597,"Unadjusted"
216,"2000",5.48773795470338,"Unadjusted"
217,"2000",6.22904153020597,"Unadjusted"
218,"2000",3.27410991595352,"Unadjusted"
219,"2000",3.85830513153975,"Unadjusted"
220,"2000",3.84792468586476,"Unadjusted"
221,"2000",4.25438332277473,"Unadjusted"
222,"2000",5.14750524891778,"Unadjusted"
223,"2000",4.51303264558043,"Unadjusted"
224,"2000",4.09734715144976,"Unadjusted"
225,"2000",3.30840015852451,"Unadjusted"
226,"2000",3.47462937231326,"Unadjusted"
227,"2000",3.72534546314926,"Unadjusted"
228,"2000",4.70539583279569,"Unadjusted"
229,"2000",3.86639364348258,"Unadjusted"
230,"2000",4.73178171708247,"Unadjusted"
231,"2000",3.9497770547512,"Unadjusted"
232,"2000",4.91322806300193,"Unadjusted"
233,"2000",4.08799253915307,"Unadjusted"
234,"2000",3.75446034772775,"Unadjusted"
235,"2000",5.01216478818078,"Unadjusted"
236,"2000",4.92625397081422,"Unadjusted"
237,"2000",3.95037508270221,"Unadjusted"
238,"2000",7.10535401398192,"Unadjusted"
239,"2000",6.16872560473935,"Unadjusted"
240,"2000",5.22636354172903,"Unadjusted"
241,"2000",4.7857923064723,"Unadjusted"
242,"2000",4.73999536581271,"Unadjusted"
243,"2000",3.69185254667751,"Unadjusted"
244,"2000",3.28235950365305,"Unadjusted"
245,"2000",5.52693270565126,"Unadjusted"
246,"2000",3.2108675000682,"Unadjusted"
247,"2000",5.50627618741204,"Unadjusted"
248,"2000",3.80300300075812,"Unadjusted"
249,"2000",4.47726533144203,"Unadjusted"
250,"2000",6.54685073949644,"Unadjusted"
251,"2000",3.62653597273847,"Unadjusted"
252,"2000",4.33186145177471,"Unadjusted"
253,"2000",4.59543011479662,"Unadjusted"
254,"2000",3.87075625505138,"Unadjusted"
255,"2000",3.88784102353643,"Unadjusted"
256,"2000",4.39218983038822,"Unadjusted"
257,"2000",4.68069971735315,"Unadjusted"
258,"2000",4.72990926583989,"Unadjusted"
259,"2000",3.79128587761929,"Unadjusted"
260,"2000",4.2202249499444,"Unadjusted"
261,"2000",6.05919966102568,"Unadjusted"
262,"2000",5.14801289031077,"Unadjusted"
263,"2000",3.95796291821577,"Unadjusted"
264,"2000",3.58725146894925,"Unadjusted"
265,"2000",4.60216294590109,"Unadjusted"
266,"2000",5.08836609642559,"Unadjusted"
267,"2000",4.18839503425589,"Unadjusted"
268,"2000",4.89734322058994,"Unadjusted"
269,"2000",5.19878773019427,"Unadjusted"
270,"2000",4.79433554002645,"Unadjusted"
271,"2000",4.17081247544119,"Unadjusted"
272,"2000",5.05485059829695,"Unadjusted"
273,"2000",4.88791947439638,"Unadjusted"
274,"2000",3.7736554112441,"Unadjusted"
275,"2000",3.79282404254362,"Unadjusted"
276,"2000",4.77146566393098,"Unadjusted"
277,"2000",3.51927632522419,"Unadjusted"
278,"2000",3.46573630442059,"Unadjusted"
279,"2000",3.55421888745866,"Unadjusted"
280,"2000",4.56855476098668,"Unadjusted"
281,"2000",5.16824886763897,"Unadjusted"
282,"2000",6.31155639743331,"Unadjusted"
283,"2000",5.51515082161414,"Unadjusted"
284,"2000",3.69091427409611,"Unadjusted"
285,"2000",4.15845338803142,"Unadjusted"
286,"2000",5.20406430777915,"Unadjusted"
287,"2000",6.07427285616357,"Unadjusted"
288,"2000",4.3112242862365,"Unadjusted"
289,"2000",4.60529423830406,"Unadjusted"
290,"2000",3.57510171941841,"Unadjusted"
291,"2000",4.69090662368614,"Unadjusted"
292,"2000",4.24520682514416,"Unadjusted"
293,"2000",6.1443486867724,"Unadjusted"
294,"2000",4.58356861093543,"Unadjusted"
295,"2000",5.46393868266528,"Unadjusted"
296,"2000",3.38077201911669,"Unadjusted"
297,"2000",3.65384644447627,"Unadjusted"
298,"2000",3.19429821969628,"Unadjusted"
299,"2000",5.49578875820125,"Unadjusted"
300,"2000",4.24588876366636,"Unadjusted"
301,"2000",4.08611626255462,"Unadjusted"
302,"2000",4.91668465242173,"Unadjusted"
303,"2000",5.98328315879366,"Unadjusted"
304,"2000",3.24382625629289,"Unadjusted"
305,"2000",3.75395637466721,"Unadjusted"
306,"2000",4.43579029640966,"Unadjusted"
307,"2000",4.3478032250076,"Unadjusted"
308,"2000",3.42042974086947,"Unadjusted"
309,"2000",6.6511805389285,"Unadjusted"
310,"2000",4.81616226214651,"Unadjusted"
311,"2000",4.8559810015041,"Unadjusted"
312,"2000",4.00636746435586,"Unadjusted"
313,"2000",4.74904520970715,"Unadjusted"
314,"2000",5.21606278468056,"Unadjusted"
315,"2000",5.58735931992442,"Unadjusted"
316,"2000",4.02880407639381,"Unadjusted"
317,"2000",3.3040225153152,"Unadjusted"
318,"2000",3.77652879110701,"Unadjusted"
319,"2000",5.18228225513327,"Unadjusted"
320,"2000",6.30548375741066,"Unadjusted"
321,"2000",4.04741676914633,"Unadjusted"
322,"2000",5.52522593429455,"Unadjusted"
323,"2000",3.61375583304047,"Unadjusted"
324,"2000",3.91302320198965,"Unadjusted"
325,"2000",3.129105663664,"Unadjusted"
326,"2000",4.25566291449539,"Unadjusted"
327,"2000",4.28090178638001,"Unadjusted"
328,"2000",3.74523386674561,"Unadjusted"
329,"2000",3.49481867006067,"Unadjusted"
330,"2000",4.0894288417169,"Unadjusted"
331,"2000",4.43923614113591,"Unadjusted"
332,"2000",3.67667415780779,"Unadjusted"
333,"2000",6.95190431608769,"Unadjusted"
334,"2000",4.04869426756817,"Unadjusted"
335,"2000",5.71255737364323,"Unadjusted"
336,"2000",5.70338926862602,"Unadjusted"
337,"2000",4.22827590813185,"Unadjusted"
338,"2000",4.0688731303864,"Unadjusted"
339,"2000",3.94511302594675,"Unadjusted"
340,"2000",3.83305628127253,"Unadjusted"
341,"2000",3.01926384754081,"Unadjusted"
342,"2000",5.23047100978744,"Unadjusted"
343,"2000",4.35819752269408,"Unadjusted"
344,"2000",5.55045793010395,"Unadjusted"
345,"2000",4.9223657535957,"Unadjusted"
346,"2000",4.65418515964536,"Unadjusted"
347,"2000",4.89488150881041,"Unadjusted"
348,"2000",3.89746913350317,"Unadjusted"
349,"2000",5.84524714369257,"Unadjusted"
350,"2000",4.16200988043262,"Unadjusted"
351,"2000",4.64261063187876,"Unadjusted"
352,"2000",3.25996729513201,"Unadjusted"
353,"2000",5.02853950526998,"Unadjusted"
354,"2000",5.07293152247982,"Unadjusted"
355,"2000",3.98435369030264,"Unadjusted"
356,"2000",4.28894602424888,"Unadjusted"
357,"2000",5.42585225298492,"Unadjusted"
358,"2000",7.403811398876,"Unadjusted"
359,"2000",3.71869073850123,"Unadjusted"
360,"2000",4.09319875482384,"Unadjusted"
361,"2000",3.89666853516094,"Unadjusted"
362,"2000",4.37468334706331,"Unadjusted"
363,"2000",4.66475303000734,"Unadjusted"
364,"2000",4.14870421296372,"Unadjusted"
365,"2000",3.53622733832782,"Unadjusted"
366,"2000",5.28186428944077,"Unadjusted"
367,"2000",4.74059491434324,"Unadjusted"
368,"2000",4.07064502169002,"Unadjusted"
369,"2000",4.0005619879135,"Unadjusted"
370,"2000",3.6224792632624,"Unadjusted"
371,"2000",5.06023758768481,"Unadjusted"
372,"2000",5.06457714873969,"Unadjusted"
373,"2000",5.68436933327234,"Unadjusted"
374,"2000",4.0097498511645,"Unadjusted"
375,"2000",4.6945926251554,"Unadjusted"
376,"2000",4.36868123380394,"Unadjusted"
377,"2000",3.8688112562211,"Unadjusted"
378,"2000",4.58211218641841,"Unadjusted"
379,"2000",3.47876657052569,"Unadjusted"
380,"2000",4.27403808918407,"Unadjusted"
381,"2000",5.24491228497075,"Unadjusted"
382,"2000",4.16352445912575,"Unadjusted"
383,"2000",3.22673382872557,"Unadjusted"
384,"2000",3.81307061417003,"Unadjusted"
385,"2000",4.72571509628649,"Unadjusted"
386,"2000",4.14142316339465,"Unadjusted"
387,"2000",4.6549748852863,"Unadjusted"
388,"2000",3.95479360462213,"Unadjusted"
389,"2000",3.65836154185052,"Unadjusted"
390,"2000",3.67554169418737,"Unadjusted"
391,"2000",4.15694163336375,"Unadjusted"
392,"2000",4.26141526892859,"Unadjusted"
393,"2000",4.71810507375652,"Unadjusted"
394,"2000",3.27857667642717,"Unadjusted"
395,"2000",3.31024006588821,"Unadjusted"
396,"2000",2.72956869756278,"Unadjusted"
397,"2000",3.87876623235363,"Unadjusted"
398,"2000",4.74276096405583,"Unadjusted"
399,"2000",4.57387095057368,"Unadjusted"
400,"2000",3.04428059794366,"Unadjusted"
401,"2000",3.61076647325155,"Unadjusted"
402,"2000",4.70231126116274,"Unadjusted"
403,"2000",4.49424123557754,"Unadjusted"
404,"2000",5.40056460201824,"Unadjusted"
405,"2000",4.90569313774397,"Unadjusted"
406,"2000",5.8096430832696,"Unadjusted"
407,"2000",4.69573314484219,"Unadjusted"
408,"2000",3.43340220490648,"Unadjusted"
409,"2000",6.21506134968685,"Unadjusted"
410,"2000",4.64210167878223,"Unadjusted"
411,"2000",4.71385393964476,"Unadjusted"
412,"2000",5.16942318186403,"Unadjusted"
413,"2000",3.1991455819327,"Unadjusted"
414,"2000",3.87692277650007,"Unadjusted"
415,"2000",3.76540001666545,"Unadjusted"
416,"2000",4.98978435274218,"Unadjusted"
417,"2000",4.24054017483799,"Unadjusted"
418,"2000",3.89578668525637,"Unadjusted"
419,"2000",4.31275893248371,"Unadjusted"
420,"2000",4.06488125792217,"Unadjusted"
421,"2000",4.9538346408876,"Unadjusted"
422,"2000",4.31713103516804,"Unadjusted"
423,"2000",5.86902057487483,"Unadjusted"
424,"2000",5.04269506380491,"Unadjusted"
425,"2000",3.39146443016206,"Unadjusted"
426,"2000",3.69977199370672,"Unadjusted"
427,"2000",5.05031441215601,"Unadjusted"
428,"2000",5.99213451422827,"Unadjusted"
429,"2000",3.39541455815302,"Unadjusted"
430,"2000",4.18001246049343,"Unadjusted"
431,"2000",2.93761745427015,"Unadjusted"
432,"2000",3.86788378486766,"Unadjusted"
433,"2000",3.45525530671184,"Unadjusted"
434,"2000",3.40906480984269,"Unadjusted"
435,"2000",3.85350363811919,"Unadjusted"
436,"2000",4.53150588379051,"Unadjusted"
437,"2000",4.15674897171148,"Unadjusted"
438,"2000",4.4292090254626,"Unadjusted"
439,"2000",5.10278525954639,"Unadjusted"
440,"2000",3.97291106331267,"Unadjusted"
441,"2000",5.21025048539728,"Unadjusted"
442,"2000",3.93908199008357,"Unadjusted"
443,"2000",6.37418046703192,"Unadjusted"
444,"2000",3.9432802776346,"Unadjusted"
445,"2000",3.34871984730176,"Unadjusted"
446,"2000",5.48705652764621,"Unadjusted"
447,"2000",3.72658243293502,"Unadjusted"
448,"2000",3.53694131419534,"Unadjusted"
449,"2000",4.3056093597076,"Unadjusted"
450,"2000",4.07757713061077,"Unadjusted"
451,"2000",5.89723845445816,"Unadjusted"
452,"2000",3.61501738515977,"Unadjusted"
453,"2000",3.60449595209378,"Unadjusted"
454,"2000",4.68870416328289,"Unadjusted"
455,"2000",4.63887672536578,"Unadjusted"
456,"2000",3.84574312215718,"Unadjusted"
457,"2000",4.8292733661527,"Unadjusted"
458,"2000",3.4774601623491,"Unadjusted"
459,"2000",5.184616312947,"Unadjusted"
460,"2000",4.54974545048629,"Unadjusted"
461,"2000",4.96440919288229,"Unadjusted"
462,"2000",3.53307997022417,"Unadjusted"
463,"2000",4.23477654960852,"Unadjusted"
464,"2000",5.2305748316676,"Unadjusted"
465,"2000",3.93570545588611,"Unadjusted"
466,"2000",5.11774216091793,"Unadjusted"
467,"2000",4.03294627643957,"Unadjusted"
468,"2000",5.24896665740719,"Unadjusted"
469,"2000",3.47068248320044,"Unadjusted"
470,"2000",5.97037894206209,"Unadjusted"
471,"2000",4.25110700699505,"Unadjusted"
472,"2000",3.77431382406142,"Unadjusted"
473,"2000",2.66039255224475,"Unadjusted"
474,"2000",7.13498884309899,"Unadjusted"
475,"2000",4.0063192704953,"Unadjusted"
476,"2000",3.22330953529146,"Unadjusted"
477,"2000",4.27268985937266,"Unadjusted"
478,"2000",4.92859850843582,"Unadjusted"
479,"2000",4.15202088549659,"Unadjusted"
480,"2000",3.04380982926464,"Unadjusted"
481,"2000",3.65624789185661,"Unadjusted"
482,"2000",4.53698407313751,"Unadjusted"
483,"2000",3.54499123435382,"Unadjusted"
484,"2000",2.92011673167138,"Unadjusted"
485,"2000",5.63736949925187,"Unadjusted"
486,"2000",4.041554178023,"Unadjusted"
487,"2000",4.2998560446802,"Unadjusted"
488,"2000",3.73976971810895,"Unadjusted"
489,"2000",3.48538956146318,"Unadjusted"
490,"2000",4.72316483231037,"Unadjusted"
491,"2000",3.750199630721,"Unadjusted"
492,"2000",4.33201480621716,"Unadjusted"
493,"2000",4.44758149891721,"Unadjusted"
494,"2000",5.2913433412835,"Unadjusted"
495,"2000",4.34252365869597,"Unadjusted"
496,"2000",3.35223779564929,"Unadjusted"
497,"2000",3.26987320387915,"Unadjusted"
498,"2000",3.48281744665812,"Unadjusted"
499,"2000",4.08291343657628,"Unadjusted"
500,"2000",4.50443324945156,"Unadjusted"
501,"2000",4.72041949403251,"Unadjusted"
502,"2000",4.12660793398429,"Unadjusted"
503,"2000",4.11246535528392,"Unadjusted"
504,"2000",4.12713879137113,"Unadjusted"
505,"2000",3.06136256909693,"Unadjusted"
506,"2000",4.52678478881192,"Unadjusted"
507,"2000",3.97279733386407,"Unadjusted"
508,"2000",4.40804465382476,"Unadjusted"
509,"2000",4.2566538214258,"Unadjusted"
510,"2000",5.88300192808124,"Unadjusted"
511,"2000",3.63545572965663,"Unadjusted"
512,"2000",3.70006006572501,"Unadjusted"
513,"2000",3.87812059780025,"Unadjusted"
514,"2000",5.10553877586407,"Unadjusted"
515,"2000",3.53031387106791,"Unadjusted"
516,"2000",4.4808859288164,"Unadjusted"
517,"2000",4.12804209050763,"Unadjusted"
518,"2000",4.30084873464292,"Unadjusted"
519,"2000",3.30337083196329,"Unadjusted"
520,"2000",8.29046213802667,"Unadjusted"
521,"2000",4.63766291311955,"Unadjusted"
522,"2000",4.27071559156052,"Unadjusted"
523,"2000",4.93260810811805,"Unadjusted"
524,"2000",4.03917587031998,"Unadjusted"
525,"2000",5.67392532725573,"Unadjusted"
526,"2000",3.8978379601082,"Unadjusted"
527,"2000",3.7913723529697,"Unadjusted"
528,"2000",4.37863032465399,"Unadjusted"
529,"2000",3.82297159347056,"Unadjusted"
530,"2000",5.11347941938692,"Unadjusted"
531,"2000",5.42389675462209,"Unadjusted"
532,"2000",5.46433993778563,"Unadjusted"
533,"2000",4.87005764224296,"Unadjusted"
534,"2000",4.32735219639997,"Unadjusted"
535,"2000",5.19927444425277,"Unadjusted"
536,"2000",3.73836837908113,"Unadjusted"
537,"2000",4.18071157838803,"Unadjusted"
538,"2000",4.04919650755357,"Unadjusted"
539,"2000",4.75967152573305,"Unadjusted"
540,"2000",3.12206037244752,"Unadjusted"
541,"2000",3.66555641068247,"Unadjusted"
542,"2000",3.52157011516174,"Unadjusted"
543,"2000",6.24427379070286,"Unadjusted"
544,"2000",3.37314318926094,"Unadjusted"
545,"2000",4.65352470806253,"Unadjusted"
546,"2000",3.84429935172242,"Unadjusted"
547,"2000",3.08515780930319,"Unadjusted"
548,"2000",3.3144683889871,"Unadjusted"
549,"2000",4.02608413697717,"Unadjusted"
550,"2000",3.91065570694136,"Unadjusted"
551,"2000",4.19148127339391,"Unadjusted"
552,"2000",4.33692316564955,"Unadjusted"
553,"2000",3.87706438371553,"Unadjusted"
554,"2000",4.47064199685426,"Unadjusted"
555,"2000",4.41533148653185,"Unadjusted"
556,"2000",4.04250914367445,"Unadjusted"
557,"2000",4.7539063548577,"Unadjusted"
558,"2000",3.98101665729824,"Unadjusted"
559,"2000",5.04580970666311,"Unadjusted"
560,"2000",4.54544633921978,"Unadjusted"
561,"2000",3.95385229336458,"Unadjusted"
562,"2000",4.04241834362484,"Unadjusted"
563,"2000",3.55884181562115,"Unadjusted"
564,"2000",6.95445744781597,"Unadjusted"
565,"2000",6.14444257010143,"Unadjusted"
566,"2000",4.0058053038898,"Unadjusted"
567,"2000",3.55130921149953,"Unadjusted"
568,"2000",4.84933799222242,"Unadjusted"
569,"2000",5.13122928578785,"Unadjusted"
570,"2000",4.63454030178438,"Unadjusted"
571,"2000",5.34992951364608,"Unadjusted"
572,"2000",7.48735300024395,"Unadjusted"
573,"2000",3.62531763111876,"Unadjusted"
574,"2000",3.38662816147435,"Unadjusted"
575,"2000",3.74290922528057,"Unadjusted"
576,"2000",4.60468819437212,"Unadjusted"
577,"2000",4.73895059767216,"Unadjusted"
578,"2000",5.65276284405429,"Unadjusted"
579,"2000",3.39283547290306,"Unadjusted"
580,"2000",4.34027285513341,"Unadjusted"
581,"2000",3.55816275382049,"Unadjusted"
582,"2000",5.63565896058968,"Unadjusted"
583,"2000",3.66362201957161,"Unadjusted"
584,"2000",2.83410111766075,"Unadjusted"
585,"2000",4.63063193901231,"Unadjusted"
586,"2000",3.20697209058904,"Unadjusted"
587,"2000",6.23035938030087,"Unadjusted"
588,"2000",4.75113498639741,"Unadjusted"
589,"2000",4.48897621280418,"Unadjusted"
590,"2000",4.52744354465524,"Unadjusted"
591,"2000",3.98778240182386,"Unadjusted"
592,"2000",4.05300569456307,"Unadjusted"
593,"2000",4.57245853191496,"Unadjusted"
594,"2000",4.26690302034014,"Unadjusted"
595,"2000",4.38255512466511,"Unadjusted"
596,"2000",3.87318783794306,"Unadjusted"
597,"2000",4.70984179258862,"Unadjusted"
598,"2000",5.07162538881415,"Unadjusted"
599,"2000",4.29607581423763,"Unadjusted"
600,"2000",4.10792635396484,"Unadjusted"
601,"2000",2.51883051265588,"Unadjusted"
602,"2000",3.66330829331442,"Unadjusted"
603,"2000",4.94324322400311,"Unadjusted"
604,"2000",3.4471631067705,"Unadjusted"
605,"2000",4.58823896074981,"Unadjusted"
606,"2000",3.87601241997609,"Unadjusted"
607,"2000",4.6399580336315,"Unadjusted"
608,"2000",3.66809861737435,"Unadjusted"
609,"2000",3.73408507553406,"Unadjusted"
610,"2000",5.12643319938698,"Unadjusted"
611,"2000",4.27933204659587,"Unadjusted"
612,"2000",4.09900198998055,"Unadjusted"
613,"2000",4.85635931500097,"Unadjusted"
614,"2000",4.00831615872344,"Unadjusted"
615,"2000",4.37141199692315,"Unadjusted"
616,"2000",2.44769445167896,"Unadjusted"
617,"2000",4.06868340340891,"Unadjusted"
618,"2000",3.61603869661844,"Unadjusted"
619,"2000",3.85986964693349,"Unadjusted"
620,"2000",4.60140793404965,"Unadjusted"
621,"2000",4.72436591371002,"Unadjusted"
622,"2000",4.87203610961206,"Unadjusted"
623,"2000",4.27639857286462,"Unadjusted"
624,"2000",4.90406260670078,"Unadjusted"
625,"2000",3.4157302951822,"Unadjusted"
626,"2000",4.79434206428816,"Unadjusted"
627,"2000",5.75275486670508,"Unadjusted"
628,"2000",4.16521170044198,"Unadjusted"
629,"2000",6.5064873791359,"Unadjusted"
630,"2000",4.12988091605588,"Unadjusted"
631,"2000",4.45006166401671,"Unadjusted"
632,"2000",4.76531362958193,"Unadjusted"
633,"2000",4.64084443453446,"Unadjusted"
634,"2000",3.79586152550588,"Unadjusted"
635,"2000",5.68229946352743,"Unadjusted"
636,"2000",4.05102230681542,"Unadjusted"
637,"2000",4.83186250695359,"Unadjusted"
638,"2000",4.22612786455954,"Unadjusted"
639,"2000",4.57578094047005,"Unadjusted"
640,"2000",4.2950020586893,"Unadjusted"
641,"2000",5.03878112499956,"Unadjusted"
642,"2000",4.46560591818281,"Unadjusted"
643,"2000",4.89352142135796,"Unadjusted"
644,"2000",4.49026615474002,"Unadjusted"
645,"2000",4.95912362864506,"Unadjusted"
646,"2000",3.49175271552135,"Unadjusted"
647,"2000",4.51999228692976,"Unadjusted"
648,"2000",3.89814939011813,"Unadjusted"
649,"2000",5.64474237345732,"Unadjusted"
650,"2000",4.21148093636128,"Unadjusted"
651,"2000",4.18138000141283,"Unadjusted"
652,"2000",3.73063453206435,"Unadjusted"
653,"2000",4.33837384890646,"Unadjusted"
654,"2000",4.84921171988207,"Unadjusted"
655,"2000",4.45127709009354,"Unadjusted"
656,"2000",3.66286150143405,"Unadjusted"
657,"2000",3.08076238354743,"Unadjusted"
658,"2000",4.59921916430864,"Unadjusted"
659,"2000",3.39156545823407,"Unadjusted"
660,"2000",5.05784455130152,"Unadjusted"
661,"2000",3.98432599635714,"Unadjusted"
662,"2000",3.82322953234262,"Unadjusted"
663,"2000",3.53002878774651,"Unadjusted"
664,"2000",4.16305754743821,"Unadjusted"
665,"2000",5.63445610438159,"Unadjusted"
666,"2000",3.89950282495146,"Unadjusted"
667,"2000",4.77070627645872,"Unadjusted"
668,"2000",4.74168370743752,"Unadjusted"
669,"2000",3.93458720698127,"Unadjusted"
670,"2000",4.97274381055365,"Unadjusted"
671,"2000",3.74143013402745,"Unadjusted"
672,"2000",4.49129185441306,"Unadjusted"
673,"2000",4.02333216298612,"Unadjusted"
674,"2000",5.86326663850018,"Unadjusted"
675,"2000",4.74297736954398,"Unadjusted"
676,"2000",4.69893953478527,"Unadjusted"
677,"2000",4.96792207326147,"Unadjusted"
678,"2000",4.12184592799758,"Unadjusted"
679,"2000",4.20847747989806,"Unadjusted"
680,"2000",4.38098371051245,"Unadjusted"
681,"2000",4.62604619703392,"Unadjusted"
682,"2000",4.70718382510748,"Unadjusted"
683,"2000",3.80380017266935,"Unadjusted"
684,"2000",3.31720615936499,"Unadjusted"
685,"2000",3.94872880086268,"Unadjusted"
686,"2000",3.71980524233768,"Unadjusted"
687,"2000",4.64384012840326,"Unadjusted"
688,"2000",5.209084625034,"Unadjusted"
689,"2000",4.51881170693367,"Unadjusted"
690,"2000",5.41692338981584,"Unadjusted"
691,"2000",3.27042455617234,"Unadjusted"
692,"2000",4.3096417260131,"Unadjusted"
693,"2000",4.3199844755118,"Unadjusted"
694,"2000",3.16097522504041,"Unadjusted"
695,"2000",4.42352162980311,"Unadjusted"
696,"2000",3.30986141676832,"Unadjusted"
697,"2000",3.98842953403491,"Unadjusted"
698,"2000",5.09886847182113,"Unadjusted"
699,"2000",3.9015338372998,"Unadjusted"
700,"2000",12.0222815375637,"Unadjusted"
701,"2000",4.31671540941536,"Unadjusted"
702,"2000",5.17350193804056,"Unadjusted"
703,"2000",4.7709834732515,"Unadjusted"
704,"2000",3.84871325453085,"Unadjusted"
705,"2000",4.65445119082492,"Unadjusted"
706,"2000",3.98316147936864,"Unadjusted"
707,"2000",6.3477919436922,"Unadjusted"
708,"2000",3.80539461970194,"Unadjusted"
709,"2000",3.82910481006092,"Unadjusted"
710,"2000",5.06805058507496,"Unadjusted"
711,"2000",3.84202724566604,"Unadjusted"
712,"2000",4.09215546781338,"Unadjusted"
713,"2000",5.18283523146879,"Unadjusted"
714,"2000",5.01584739192162,"Unadjusted"
715,"2000",4.51064051622806,"Unadjusted"
716,"2000",3.7454301998514,"Unadjusted"
717,"2000",4.81682712476381,"Unadjusted"
718,"2000",4.51471185043281,"Unadjusted"
719,"2000",7.28764077025214,"Unadjusted"
720,"2000",3.93679127148286,"Unadjusted"
721,"2000",3.8709165338948,"Unadjusted"
722,"2000",3.89637855388964,"Unadjusted"
723,"2000",4.00495305806077,"Unadjusted"
724,"2000",4.18827871145319,"Unadjusted"
725,"2000",5.04055783016986,"Unadjusted"
726,"2000",4.87578688723973,"Unadjusted"
727,"2000",4.00419589930612,"Unadjusted"
728,"2000",2.98588831584431,"Unadjusted"
729,"2000",3.69742862150469,"Unadjusted"
730,"2000",4.28729391438299,"Unadjusted"
731,"2000",4.87322786254713,"Unadjusted"
732,"2000",5.55597259002959,"Unadjusted"
733,"2000",4.2220863309258,"Unadjusted"
734,"2000",3.5817301563637,"Unadjusted"
735,"2000",3.57131599310012,"Unadjusted"
736,"2000",3.90260460900671,"Unadjusted"
737,"2000",7.1079158780329,"Unadjusted"
738,"2000",4.99333722835791,"Unadjusted"
739,"2000",3.90878722305993,"Unadjusted"
740,"2000",3.24538431284707,"Unadjusted"
741,"2000",3.75028599625387,"Unadjusted"
742,"2000",6.37211625844919,"Unadjusted"
743,"2000",3.86892138880509,"Unadjusted"
744,"2000",6.38753426088627,"Unadjusted"
745,"2000",4.43333016060651,"Unadjusted"
746,"2000",3.78670831471034,"Unadjusted"
747,"2000",5.32704730616752,"Unadjusted"
748,"2000",4.33618921711331,"Unadjusted"
749,"2000",4.50118104386957,"Unadjusted"
750,"2000",4.29521084717112,"Unadjusted"
751,"2000",3.38365295424413,"Unadjusted"
752,"2000",3.86433122071089,"Unadjusted"
753,"2000",5.59779018132434,"Unadjusted"
754,"2000",3.84911914493759,"Unadjusted"
755,"2000",3.96644298095111,"Unadjusted"
756,"2000",3.65204850101915,"Unadjusted"
757,"2000",4.31249604819755,"Unadjusted"
758,"2000",4.58554943247469,"Unadjusted"
759,"2000",3.41994394710372,"Unadjusted"
760,"2000",2.83395228317307,"Unadjusted"
761,"2000",3.98540611984151,"Unadjusted"
762,"2000",4.76722691628558,"Unadjusted"
763,"2000",4.74891227755471,"Unadjusted"
764,"2000",4.57579844773083,"Unadjusted"
765,"2000",4.58218892283122,"Unadjusted"
766,"2000",4.00661304336965,"Unadjusted"
767,"2000",3.80889408565209,"Unadjusted"
768,"2000",4.84676747035926,"Unadjusted"
769,"2000",4.3286334989799,"Unadjusted"
770,"2000",4.19668785245071,"Unadjusted"
771,"2000",4.07402257661716,"Unadjusted"
772,"2000",3.50977451949848,"Unadjusted"
773,"2000",5.27695671995439,"Unadjusted"
774,"2000",4.22461068973909,"Unadjusted"
775,"2000",3.64547955837069,"Unadjusted"
776,"2000",3.66102711548001,"Unadjusted"
777,"2000",4.73160147903191,"Unadjusted"
778,"2000",4.49645870083268,"Unadjusted"
779,"2000",4.58450600203683,"Unadjusted"
780,"2000",4.33399956882458,"Unadjusted"
781,"2000",3.92069519564285,"Unadjusted"
782,"2000",4.87793965245893,"Unadjusted"
783,"2000",4.92661387480941,"Unadjusted"
784,"2000",4.40321389913145,"Unadjusted"
785,"2000",3.73059433817162,"Unadjusted"
786,"2000",3.55077429463585,"Unadjusted"
787,"2000",3.25422322231694,"Unadjusted"
788,"2000",3.90844127814513,"Unadjusted"
789,"2000",3.93133767678992,"Unadjusted"
790,"2000",3.96249762120162,"Unadjusted"
791,"2000",3.94843089946631,"Unadjusted"
792,"2000",4.89254906997719,"Unadjusted"
793,"2000",6.2753806704913,"Unadjusted"
794,"2000",3.40936186767063,"Unadjusted"
795,"2000",4.38693815001595,"Unadjusted"
796,"2000",4.8086998269625,"Unadjusted"
797,"2000",4.4672518927443,"Unadjusted"
798,"2000",3.48489685381516,"Unadjusted"
799,"2000",3.97244504002792,"Unadjusted"
800,"2000",4.8751263247881,"Unadjusted"
801,"2000",4.13634814818841,"Unadjusted"
802,"2000",3.68879169840635,"Unadjusted"
803,"2000",3.23459516473759,"Unadjusted"
804,"2000",3.85775074077546,"Unadjusted"
805,"2000",4.07825831276793,"Unadjusted"
806,"2000",5.37268374173383,"Unadjusted"
807,"2000",4.59053848801529,"Unadjusted"
808,"2000",3.19528086491691,"Unadjusted"
809,"2000",4.9512436206329,"Unadjusted"
810,"2000",4.20069983780835,"Unadjusted"
811,"2000",3.12351629746903,"Unadjusted"
812,"2000",4.99836470754493,"Unadjusted"
813,"2000",5.38989148138772,"Unadjusted"
814,"2000",5.56060877165062,"Unadjusted"
815,"2000",5.82468277485394,"Unadjusted"
816,"2000",5.7227769821871,"Unadjusted"
817,"2000",4.1652305924044,"Unadjusted"
818,"2000",3.55332521161477,"Unadjusted"
819,"2000",4.5572586383568,"Unadjusted"
820,"2000",3.7794003933223,"Unadjusted"
821,"2000",4.86749551808215,"Unadjusted"
822,"2000",4.1260496021804,"Unadjusted"
823,"2000",3.25403211536313,"Unadjusted"
824,"2000",3.77452978601246,"Unadjusted"
825,"2000",4.26027798704931,"Unadjusted"
826,"2000",5.32622621934654,"Unadjusted"
827,"2000",3.970930342705,"Unadjusted"
828,"2000",4.67832347726512,"Unadjusted"
829,"2000",4.39644371750842,"Unadjusted"
830,"2000",5.74649548050865,"Unadjusted"
831,"2000",5.00816461044047,"Unadjusted"
832,"2000",5.01355952069971,"Unadjusted"
833,"2000",3.7326419365225,"Unadjusted"
834,"2000",3.89121961289769,"Unadjusted"
835,"2000",3.95534833958071,"Unadjusted"
836,"2000",3.99229105436567,"Unadjusted"
837,"2000",4.23793569265985,"Unadjusted"
838,"2000",3.29566113932852,"Unadjusted"
839,"2000",4.42535884232479,"Unadjusted"
840,"2000",4.37342116791402,"Unadjusted"
841,"2000",3.54134365875561,"Unadjusted"
842,"2000",4.03361402840601,"Unadjusted"
843,"2000",4.75153639381952,"Unadjusted"
844,"2000",3.5541049166064,"Unadjusted"
845,"2000",4.97211930276896,"Unadjusted"
846,"2000",4.73766532424352,"Unadjusted"
847,"2000",4.64481769775764,"Unadjusted"
848,"2000",3.63336049474251,"Unadjusted"
849,"2000",6.06310183651044,"Unadjusted"
850,"2000",4.61880145531672,"Unadjusted"
851,"2000",6.09670812977923,"Unadjusted"
852,"2000",5.6251328500805,"Unadjusted"
853,"2000",4.53141351244707,"Unadjusted"
854,"2000",4.48350810047768,"Unadjusted"
855,"2000",3.35527006492132,"Unadjusted"
856,"2000",6.71308022015434,"Unadjusted"
857,"2000",3.27342914280972,"Unadjusted"
858,"2000",3.91739956688769,"Unadjusted"
859,"2000",3.84601068367465,"Unadjusted"
860,"2000",4.67553447325984,"Unadjusted"
861,"2000",4.40787217959959,"Unadjusted"
862,"2000",4.45688790421209,"Unadjusted"
863,"2000",6.85074721856725,"Unadjusted"
864,"2000",3.88278967800764,"Unadjusted"
865,"2000",6.7299283008319,"Unadjusted"
866,"2000",4.39310616942157,"Unadjusted"
867,"2000",4.87813654976206,"Unadjusted"
868,"2000",5.03111650142039,"Unadjusted"
869,"2000",6.04256900075636,"Unadjusted"
870,"2000",4.44532115388482,"Unadjusted"
871,"2000",4.75721748400162,"Unadjusted"
872,"2000",4.24013378389924,"Unadjusted"
873,"2000",4.38801754299971,"Unadjusted"
874,"2000",3.94643884917518,"Unadjusted"
875,"2000",3.81645780312937,"Unadjusted"
876,"2000",3.25569152281278,"Unadjusted"
877,"2000",4.20328978664658,"Unadjusted"
878,"2000",4.33077632559113,"Unadjusted"
879,"2000",4.38680216229156,"Unadjusted"
880,"2000",4.13787695349138,"Unadjusted"
881,"2000",4.1292093123856,"Unadjusted"
882,"2000",4.09231194555113,"Unadjusted"
883,"2000",4.79544668797184,"Unadjusted"
884,"2000",4.53642141862162,"Unadjusted"
885,"2000",3.97685184229479,"Unadjusted"
886,"2000",4.07396545338309,"Unadjusted"
887,"2000",4.92565313573319,"Unadjusted"
888,"2000",4.38264959391636,"Unadjusted"
889,"2000",5.01391263472132,"Unadjusted"
890,"2000",4.33309563238761,"Unadjusted"
891,"2000",5.15539860482667,"Unadjusted"
892,"2000",6.22248529664669,"Unadjusted"
893,"2000",4.11217257106796,"Unadjusted"
894,"2000",4.8421261359193,"Unadjusted"
895,"2000",3.67657740810983,"Unadjusted"
896,"2000",3.97761945353184,"Unadjusted"
897,"2000",3.27973493177483,"Unadjusted"
898,"2000",3.97453565373728,"Unadjusted"
899,"2000",5.70722360298358,"Unadjusted"
900,"2000",4.67786763121748,"Unadjusted"
901,"2000",3.616839945954,"Unadjusted"
902,"2000",4.12016456572189,"Unadjusted"
903,"2000",4.93083998506016,"Unadjusted"
904,"2000",4.78685664734126,"Unadjusted"
905,"2000",4.10636944111597,"Unadjusted"
906,"2000",3.34148532228788,"Unadjusted"
907,"2000",3.39709132429832,"Unadjusted"
908,"2000",4.17294597659533,"Unadjusted"
909,"2000",4.77745288081709,"Unadjusted"
910,"2000",3.49018432095115,"Unadjusted"
911,"2000",4.41169678348465,"Unadjusted"
912,"2000",5.22391026952503,"Unadjusted"
913,"2000",3.70576432901154,"Unadjusted"
914,"2000",4.95775715425158,"Unadjusted"
915,"2000",4.77039415703095,"Unadjusted"
916,"2000",3.6644963386738,"Unadjusted"
917,"2000",6.34652836107573,"Unadjusted"
918,"2000",4.75404153482164,"Unadjusted"
919,"2000",3.9422814424605,"Unadjusted"
920,"2000",3.56005868563944,"Unadjusted"
921,"2000",7.46140015738797,"Unadjusted"
922,"2000",4.46953830224257,"Unadjusted"
923,"2000",5.57871243811531,"Unadjusted"
924,"2000",4.3357395024872,"Unadjusted"
925,"2000",3.11036973927847,"Unadjusted"
926,"2000",3.59852228952762,"Unadjusted"
927,"2000",4.58550357186241,"Unadjusted"
928,"2000",5.30195749901182,"Unadjusted"
929,"2000",4.57583837783138,"Unadjusted"
930,"2000",4.90917622039813,"Unadjusted"
931,"2000",4.42177758667197,"Unadjusted"
932,"2000",4.09261995806713,"Unadjusted"
933,"2000",4.46265123595096,"Unadjusted"
934,"2000",4.86174361642436,"Unadjusted"
935,"2000",2.94091603444306,"Unadjusted"
936,"2000",5.85406020480904,"Unadjusted"
937,"2000",3.85255996866055,"Unadjusted"
938,"2000",4.37814067811892,"Unadjusted"
939,"2000",4.23056904163187,"Unadjusted"
940,"2000",4.32203744053608,"Unadjusted"
941,"2000",4.50730566703665,"Unadjusted"
942,"2000",4.4574666330891,"Unadjusted"
943,"2000",4.10911636898628,"Unadjusted"
944,"2000",3.39705035125708,"Unadjusted"
945,"2000",4.97067092018646,"Unadjusted"
946,"2000",4.61901580400446,"Unadjusted"
947,"2000",5.10152867329493,"Unadjusted"
948,"2000",3.37905558258815,"Unadjusted"
949,"2000",4.06889205861122,"Unadjusted"
950,"2000",3.92632209072262,"Unadjusted"
951,"2000",3.50961739899303,"Unadjusted"
952,"2000",4.52427544746683,"Unadjusted"
953,"2000",5.35034341560614,"Unadjusted"
954,"2000",3.53829630467479,"Unadjusted"
955,"2000",3.69965224329198,"Unadjusted"
956,"2000",3.8091559693881,"Unadjusted"
957,"2000",4.23977522373599,"Unadjusted"
958,"2000",5.3417031862011,"Unadjusted"
959,"2000",5.50473690699863,"Unadjusted"
960,"2000",3.11333325216851,"Unadjusted"
961,"2000",3.54902484560996,"Unadjusted"
962,"2000",4.94004349399447,"Unadjusted"
963,"2000",5.00204970958093,"Unadjusted"
964,"2000",3.91068319541717,"Unadjusted"
965,"2000",4.43704793665945,"Unadjusted"
966,"2000",4.10421703576629,"Unadjusted"
967,"2000",4.7833210048234,"Unadjusted"
968,"2000",4.92974503298279,"Unadjusted"
969,"2000",4.37094706533285,"Unadjusted"
970,"2000",3.80823978366118,"Unadjusted"
971,"2000",4.00086248382296,"Unadjusted"
972,"2000",4.135800043464,"Unadjusted"
973,"2000",4.32059207380664,"Unadjusted"
974,"2000",3.72908390065021,"Unadjusted"
975,"2000",3.83102100550904,"Unadjusted"
976,"2000",4.9528171852187,"Unadjusted"
977,"2000",4.0792349390854,"Unadjusted"
978,"2000",4.80799095353497,"Unadjusted"
979,"2000",4.05452805541991,"Unadjusted"
980,"2000",4.68942959882759,"Unadjusted"
981,"2000",3.14980419276806,"Unadjusted"
982,"2000",4.64992549887927,"Unadjusted"
983,"2000",4.21113727951949,"Unadjusted"
984,"2000",5.06461663738213,"Unadjusted"
985,"2000",5.37150916037465,"Unadjusted"
986,"2000",3.96204778602799,"Unadjusted"
987,"2000",4.6743837007108,"Unadjusted"
988,"2000",4.62019590490451,"Unadjusted"
989,"2000",4.0323568399812,"Unadjusted"
990,"2000",3.73275514698311,"Unadjusted"
991,"2000",4.21891262729875,"Unadjusted"
992,"2000",5.48350888938083,"Unadjusted"
993,"2000",3.67106764791213,"Unadjusted"
994,"2000",5.27666354075312,"Unadjusted"
995,"2000",4.09510202130413,"Unadjusted"
996,"2000",4.78747473153386,"Unadjusted"
997,"2000",4.19344919490415,"Unadjusted"
998,"2000",4.70421310739627,"Unadjusted"
999,"2000",3.97002744226478,"Unadjusted"
1000,"2000",3.30446156702316,"Unadjusted"
1,"4000",4.14173129321483,"Unadjusted"
2,"4000",4.72461437997244,"Unadjusted"
3,"4000",3.94600033907641,"Unadjusted"
4,"4000",4.85447733675903,"Unadjusted"
5,"4000",3.72546710701329,"Unadjusted"
6,"4000",3.7241127116109,"Unadjusted"
7,"4000",3.97440046175723,"Unadjusted"
8,"4000",4.20359827121335,"Unadjusted"
9,"4000",4.40562491358663,"Unadjusted"
10,"4000",3.8604053576352,"Unadjusted"
11,"4000",4.15612227961645,"Unadjusted"
12,"4000",6.00481330652795,"Unadjusted"
13,"4000",4.40684682400173,"Unadjusted"
14,"4000",4.56034840298906,"Unadjusted"
15,"4000",3.68739284466809,"Unadjusted"
16,"4000",3.81552184870554,"Unadjusted"
17,"4000",5.18727692985131,"Unadjusted"
18,"4000",3.86435925349926,"Unadjusted"
19,"4000",4.39802834070123,"Unadjusted"
20,"4000",4.38036376062427,"Unadjusted"
21,"4000",4.8837794232264,"Unadjusted"
22,"4000",3.76924380454005,"Unadjusted"
23,"4000",4.97847447686667,"Unadjusted"
24,"4000",5.819004836685,"Unadjusted"
25,"4000",4.64034082549993,"Unadjusted"
26,"4000",4.69979131246413,"Unadjusted"
27,"4000",4.98253809445104,"Unadjusted"
28,"4000",5.10704048264078,"Unadjusted"
29,"4000",3.34160501555311,"Unadjusted"
30,"4000",4.18788185986333,"Unadjusted"
31,"4000",3.72590650986084,"Unadjusted"
32,"4000",3.37044132069399,"Unadjusted"
33,"4000",3.72282191738806,"Unadjusted"
34,"4000",3.97748641478577,"Unadjusted"
35,"4000",3.73240713560964,"Unadjusted"
36,"4000",4.07486614950581,"Unadjusted"
37,"4000",4.92886056101901,"Unadjusted"
38,"4000",3.3828059549494,"Unadjusted"
39,"4000",5.16985909082192,"Unadjusted"
40,"4000",3.86367617653132,"Unadjusted"
41,"4000",3.61504398004513,"Unadjusted"
42,"4000",3.97220754824533,"Unadjusted"
43,"4000",4.36432640918293,"Unadjusted"
44,"4000",3.99602195557902,"Unadjusted"
45,"4000",4.40658347135919,"Unadjusted"
46,"4000",4.3855830111784,"Unadjusted"
47,"4000",4.63244987648779,"Unadjusted"
48,"4000",3.20876614069061,"Unadjusted"
49,"4000",4.84338777619007,"Unadjusted"
50,"4000",4.84827811650646,"Unadjusted"
51,"4000",4.37199703360327,"Unadjusted"
52,"4000",4.55504188468171,"Unadjusted"
53,"4000",3.8419915707349,"Unadjusted"
54,"4000",3.99300940755218,"Unadjusted"
55,"4000",4.4997155417729,"Unadjusted"
56,"4000",4.04189303494908,"Unadjusted"
57,"4000",3.97651170329076,"Unadjusted"
58,"4000",4.08399738508829,"Unadjusted"
59,"4000",4.25220852264868,"Unadjusted"
60,"4000",4.92086595562992,"Unadjusted"
61,"4000",4.59335241612589,"Unadjusted"
62,"4000",4.24784963686687,"Unadjusted"
63,"4000",3.67860354222469,"Unadjusted"
64,"4000",4.33027354985425,"Unadjusted"
65,"4000",4.03654113881211,"Unadjusted"
66,"4000",4.56911705318003,"Unadjusted"
67,"4000",4.3680350768207,"Unadjusted"
68,"4000",4.10269744240334,"Unadjusted"
69,"4000",3.59702706817532,"Unadjusted"
70,"4000",3.87365495117138,"Unadjusted"
71,"4000",4.79999432882256,"Unadjusted"
72,"4000",3.60760659049489,"Unadjusted"
73,"4000",4.08193098619583,"Unadjusted"
74,"4000",4.19115717847344,"Unadjusted"
75,"4000",3.54543614315321,"Unadjusted"
76,"4000",5.75969994959053,"Unadjusted"
77,"4000",4.10262565148545,"Unadjusted"
78,"4000",4.24510933368775,"Unadjusted"
79,"4000",4.1331772115537,"Unadjusted"
80,"4000",3.84479055556178,"Unadjusted"
81,"4000",4.66346104041448,"Unadjusted"
82,"4000",4.30381352374452,"Unadjusted"
83,"4000",4.15388492609514,"Unadjusted"
84,"4000",4.35229228638805,"Unadjusted"
85,"4000",3.42862132370501,"Unadjusted"
86,"4000",4.25924614693838,"Unadjusted"
87,"4000",3.62993145690677,"Unadjusted"
88,"4000",5.06463394810709,"Unadjusted"
89,"4000",5.18987655205205,"Unadjusted"
90,"4000",3.75707229147018,"Unadjusted"
91,"4000",4.32818717102343,"Unadjusted"
92,"4000",3.70696107453545,"Unadjusted"
93,"4000",5.07255292578793,"Unadjusted"
94,"4000",4.84314354321061,"Unadjusted"
95,"4000",3.61015268798366,"Unadjusted"
96,"4000",4.46192282079398,"Unadjusted"
97,"4000",3.59613660852048,"Unadjusted"
98,"4000",3.3743546190177,"Unadjusted"
99,"4000",4.17943772623709,"Unadjusted"
100,"4000",4.54358179223827,"Unadjusted"
101,"4000",3.83027309786637,"Unadjusted"
102,"4000",4.26669080266292,"Unadjusted"
103,"4000",4.53057755268269,"Unadjusted"
104,"4000",3.83690701138694,"Unadjusted"
105,"4000",4.82015366738862,"Unadjusted"
106,"4000",3.48918764976696,"Unadjusted"
107,"4000",3.40544926222776,"Unadjusted"
108,"4000",4.02340290812013,"Unadjusted"
109,"4000",3.71109835296338,"Unadjusted"
110,"4000",5.34540631431681,"Unadjusted"
111,"4000",3.52705231485933,"Unadjusted"
112,"4000",4.84438601905839,"Unadjusted"
113,"4000",3.49303488639147,"Unadjusted"
114,"4000",4.08405556822084,"Unadjusted"
115,"4000",3.67775269091585,"Unadjusted"
116,"4000",4.38782973278607,"Unadjusted"
117,"4000",4.78835062887862,"Unadjusted"
118,"4000",5.39246127988416,"Unadjusted"
119,"4000",4.94432513281195,"Unadjusted"
120,"4000",3.63926628138016,"Unadjusted"
121,"4000",4.60972876082497,"Unadjusted"
122,"4000",4.42429910334657,"Unadjusted"
123,"4000",4.86611937910298,"Unadjusted"
124,"4000",3.66695772925871,"Unadjusted"
125,"4000",4.80125943769284,"Unadjusted"
126,"4000",3.8717544368222,"Unadjusted"
127,"4000",5.11544668190771,"Unadjusted"
128,"4000",5.56915958587065,"Unadjusted"
129,"4000",3.63772368974432,"Unadjusted"
130,"4000",3.88437558268107,"Unadjusted"
131,"4000",4.66708488754104,"Unadjusted"
132,"4000",4.58890862418649,"Unadjusted"
133,"4000",6.2480056317345,"Unadjusted"
134,"4000",4.1355466220744,"Unadjusted"
135,"4000",5.38047127844405,"Unadjusted"
136,"4000",3.27623577088307,"Unadjusted"
137,"4000",4.25017748561161,"Unadjusted"
138,"4000",4.19694409372882,"Unadjusted"
139,"4000",4.19201883143801,"Unadjusted"
140,"4000",4.58103874226811,"Unadjusted"
141,"4000",3.53619680592669,"Unadjusted"
142,"4000",3.13607775804475,"Unadjusted"
143,"4000",4.37948210333287,"Unadjusted"
144,"4000",5.50169135245905,"Unadjusted"
145,"4000",4.87786657220191,"Unadjusted"
146,"4000",3.94700479514914,"Unadjusted"
147,"4000",4.63693486542295,"Unadjusted"
148,"4000",3.9171529700484,"Unadjusted"
149,"4000",4.40040674444739,"Unadjusted"
150,"4000",4.50683721807713,"Unadjusted"
151,"4000",4.17642029672085,"Unadjusted"
152,"4000",3.59723736809339,"Unadjusted"
153,"4000",4.12849107799319,"Unadjusted"
154,"4000",3.9320828990242,"Unadjusted"
155,"4000",3.675658889874,"Unadjusted"
156,"4000",4.05395950016905,"Unadjusted"
157,"4000",4.07601375464638,"Unadjusted"
158,"4000",4.26227584238383,"Unadjusted"
159,"4000",4.62135869783276,"Unadjusted"
160,"4000",3.76130059820623,"Unadjusted"
161,"4000",4.81626795517506,"Unadjusted"
162,"4000",3.72189275944289,"Unadjusted"
163,"4000",5.43760867657113,"Unadjusted"
164,"4000",3.22484570769281,"Unadjusted"
165,"4000",5.10474365207047,"Unadjusted"
166,"4000",3.63743418616233,"Unadjusted"
167,"4000",4.22131561514103,"Unadjusted"
168,"4000",3.8878604278135,"Unadjusted"
169,"4000",4.39060412353173,"Unadjusted"
170,"4000",3.54356654124988,"Unadjusted"
171,"4000",4.37406985498338,"Unadjusted"
172,"4000",5.00121461679366,"Unadjusted"
173,"4000",3.79399227024857,"Unadjusted"
174,"4000",3.76567321894785,"Unadjusted"
175,"4000",4.37644382115747,"Unadjusted"
176,"4000",3.74373340496331,"Unadjusted"
177,"4000",4.6024203919344,"Unadjusted"
178,"4000",5.2759461989965,"Unadjusted"
179,"4000",4.63604553108056,"Unadjusted"
180,"4000",4.10747448213552,"Unadjusted"
181,"4000",4.79881962221553,"Unadjusted"
182,"4000",4.42670491162671,"Unadjusted"
183,"4000",3.26071872411438,"Unadjusted"
184,"4000",3.91150848218339,"Unadjusted"
185,"4000",4.56755524930499,"Unadjusted"
186,"4000",4.34510210125151,"Unadjusted"
187,"4000",5.69984288487374,"Unadjusted"
188,"4000",5.33207130889572,"Unadjusted"
189,"4000",4.7440254577658,"Unadjusted"
190,"4000",3.79459955189408,"Unadjusted"
191,"4000",6.58103121248166,"Unadjusted"
192,"4000",4.749536839915,"Unadjusted"
193,"4000",4.55949066042241,"Unadjusted"
194,"4000",4.38780037708095,"Unadjusted"
195,"4000",3.8704855229954,"Unadjusted"
196,"4000",4.19242966911147,"Unadjusted"
197,"4000",3.41413920069481,"Unadjusted"
198,"4000",4.26274491771597,"Unadjusted"
199,"4000",4.4733836344703,"Unadjusted"
200,"4000",4.11239249932395,"Unadjusted"
201,"4000",4.43083697921524,"Unadjusted"
202,"4000",4.09326591075434,"Unadjusted"
203,"4000",4.0213446660065,"Unadjusted"
204,"4000",4.18212208126944,"Unadjusted"
205,"4000",4.44999696522693,"Unadjusted"
206,"4000",4.45614696173109,"Unadjusted"
207,"4000",3.91010560374324,"Unadjusted"
208,"4000",5.08773014035188,"Unadjusted"
209,"4000",4.90792893346494,"Unadjusted"
210,"4000",4.75727142629603,"Unadjusted"
211,"4000",4.08367755426819,"Unadjusted"
212,"4000",4.96383803060828,"Unadjusted"
213,"4000",3.84625708996061,"Unadjusted"
214,"4000",4.00112510800843,"Unadjusted"
215,"4000",3.52199544687569,"Unadjusted"
216,"4000",4.61940825629959,"Unadjusted"
217,"4000",4.49864492841404,"Unadjusted"
218,"4000",4.97066434784515,"Unadjusted"
219,"4000",4.1306106311852,"Unadjusted"
220,"4000",4.1639861042958,"Unadjusted"
221,"4000",5.63045655278167,"Unadjusted"
222,"4000",4.20249339659861,"Unadjusted"
223,"4000",3.85000509813527,"Unadjusted"
224,"4000",4.19025859654652,"Unadjusted"
225,"4000",4.4013364813195,"Unadjusted"
226,"4000",5.71696706398165,"Unadjusted"
227,"4000",3.69124857274657,"Unadjusted"
228,"4000",4.97092936245819,"Unadjusted"
229,"4000",4.44385863530306,"Unadjusted"
230,"4000",4.34341787099731,"Unadjusted"
231,"4000",4.65079922398979,"Unadjusted"
232,"4000",4.94521457393954,"Unadjusted"
233,"4000",4.4453374979655,"Unadjusted"
234,"4000",4.8459747622438,"Unadjusted"
235,"4000",3.4139603120225,"Unadjusted"
236,"4000",4.1816459474806,"Unadjusted"
237,"4000",5.10604977948541,"Unadjusted"
238,"4000",3.80323382771413,"Unadjusted"
239,"4000",6.01399773363005,"Unadjusted"
240,"4000",3.67025013286588,"Unadjusted"
241,"4000",3.86746919357946,"Unadjusted"
242,"4000",3.99457311569572,"Unadjusted"
243,"4000",4.25168410272098,"Unadjusted"
244,"4000",3.96031060100552,"Unadjusted"
245,"4000",3.51502883914672,"Unadjusted"
246,"4000",3.64886968798277,"Unadjusted"
247,"4000",3.56516410168951,"Unadjusted"
248,"4000",3.88468164863553,"Unadjusted"
249,"4000",5.24209287771918,"Unadjusted"
250,"4000",3.52230801846611,"Unadjusted"
251,"4000",4.85233138141909,"Unadjusted"
252,"4000",4.79901532544703,"Unadjusted"
253,"4000",5.01443515315572,"Unadjusted"
254,"4000",4.64481882216385,"Unadjusted"
255,"4000",4.15719046442481,"Unadjusted"
256,"4000",3.73522044623837,"Unadjusted"
257,"4000",4.47773998783916,"Unadjusted"
258,"4000",4.35265743929564,"Unadjusted"
259,"4000",3.86651669470378,"Unadjusted"
260,"4000",3.90274722817622,"Unadjusted"
261,"4000",4.53074902079476,"Unadjusted"
262,"4000",3.80658172163943,"Unadjusted"
263,"4000",4.58220298223585,"Unadjusted"
264,"4000",4.44660611878262,"Unadjusted"
265,"4000",3.77030563913941,"Unadjusted"
266,"4000",3.95288080226383,"Unadjusted"
267,"4000",4.53925539918009,"Unadjusted"
268,"4000",4.52310452701032,"Unadjusted"
269,"4000",4.76664472145363,"Unadjusted"
270,"4000",3.26231343736102,"Unadjusted"
271,"4000",4.90019187309874,"Unadjusted"
272,"4000",4.4835810597817,"Unadjusted"
273,"4000",3.70898328632401,"Unadjusted"
274,"4000",4.52112328748912,"Unadjusted"
275,"4000",3.40545144230411,"Unadjusted"
276,"4000",5.26259889258586,"Unadjusted"
277,"4000",3.90715765608131,"Unadjusted"
278,"4000",4.38572554068641,"Unadjusted"
279,"4000",4.70871938401611,"Unadjusted"
280,"4000",3.81471928519215,"Unadjusted"
281,"4000",4.67626455019324,"Unadjusted"
282,"4000",5.97756685803301,"Unadjusted"
283,"4000",5.69072758726886,"Unadjusted"
284,"4000",3.97867756635477,"Unadjusted"
285,"4000",4.56295985126754,"Unadjusted"
286,"4000",3.75685479068178,"Unadjusted"
287,"4000",4.83348821586626,"Unadjusted"
288,"4000",4.03250862034588,"Unadjusted"
289,"4000",3.5789262453986,"Unadjusted"
290,"4000",3.96258233253263,"Unadjusted"
291,"4000",4.21818568958558,"Unadjusted"
292,"4000",5.31301168063234,"Unadjusted"
293,"4000",4.07035897916849,"Unadjusted"
294,"4000",4.11901662559782,"Unadjusted"
295,"4000",3.83216950892034,"Unadjusted"
296,"4000",4.58509515313699,"Unadjusted"
297,"4000",4.48846410921898,"Unadjusted"
298,"4000",4.794716017691,"Unadjusted"
299,"4000",3.86163521715724,"Unadjusted"
300,"4000",3.87858786903408,"Unadjusted"
301,"4000",4.82708132462894,"Unadjusted"
302,"4000",4.17885652933502,"Unadjusted"
303,"4000",4.0642080580062,"Unadjusted"
304,"4000",4.83153407156854,"Unadjusted"
305,"4000",4.07167604524418,"Unadjusted"
306,"4000",3.87406312567823,"Unadjusted"
307,"4000",4.14608784489703,"Unadjusted"
308,"4000",5.85062623277341,"Unadjusted"
309,"4000",3.66155135993112,"Unadjusted"
310,"4000",4.48977110900417,"Unadjusted"
311,"4000",5.5529039508696,"Unadjusted"
312,"4000",5.92546770803796,"Unadjusted"
313,"4000",3.39675747081467,"Unadjusted"
314,"4000",4.39083954358748,"Unadjusted"
315,"4000",4.37432398536698,"Unadjusted"
316,"4000",4.13629157974029,"Unadjusted"
317,"4000",4.23427540382741,"Unadjusted"
318,"4000",4.27696923546696,"Unadjusted"
319,"4000",4.58523717016991,"Unadjusted"
320,"4000",5.21715224227845,"Unadjusted"
321,"4000",3.96636033986216,"Unadjusted"
322,"4000",4.99269527963517,"Unadjusted"
323,"4000",4.58513224196567,"Unadjusted"
324,"4000",4.44846298778496,"Unadjusted"
325,"4000",4.109845904704,"Unadjusted"
326,"4000",4.57778404268593,"Unadjusted"
327,"4000",4.62664330336803,"Unadjusted"
328,"4000",3.34272499890501,"Unadjusted"
329,"4000",4.6576642397116,"Unadjusted"
330,"4000",3.84857570070472,"Unadjusted"
331,"4000",3.60684102424424,"Unadjusted"
332,"4000",4.48693640327321,"Unadjusted"
333,"4000",3.577667022899,"Unadjusted"
334,"4000",5.056138617817,"Unadjusted"
335,"4000",3.35833696867534,"Unadjusted"
336,"4000",3.67547185935358,"Unadjusted"
337,"4000",3.67113424586897,"Unadjusted"
338,"4000",5.91583228141677,"Unadjusted"
339,"4000",4.2656816233391,"Unadjusted"
340,"4000",3.70692997054618,"Unadjusted"
341,"4000",4.722176075251,"Unadjusted"
342,"4000",4.11863532977244,"Unadjusted"
343,"4000",4.83731232478289,"Unadjusted"
344,"4000",4.4280134332422,"Unadjusted"
345,"4000",4.96753444540512,"Unadjusted"
346,"4000",4.49710273100188,"Unadjusted"
347,"4000",4.34650019840269,"Unadjusted"
348,"4000",3.66180405811529,"Unadjusted"
349,"4000",4.60569874094077,"Unadjusted"
350,"4000",4.44894803900551,"Unadjusted"
351,"4000",4.88120496187948,"Unadjusted"
352,"4000",4.99868862592809,"Unadjusted"
353,"4000",4.0482026947882,"Unadjusted"
354,"4000",3.77604791556517,"Unadjusted"
355,"4000",4.16309276229989,"Unadjusted"
356,"4000",4.01228203883454,"Unadjusted"
357,"4000",3.70001185289524,"Unadjusted"
358,"4000",4.07719384215042,"Unadjusted"
359,"4000",3.59578090703331,"Unadjusted"
360,"4000",3.84543971810641,"Unadjusted"
361,"4000",3.49518685142263,"Unadjusted"
362,"4000",3.67969699083792,"Unadjusted"
363,"4000",4.81978565580342,"Unadjusted"
364,"4000",4.02434998845783,"Unadjusted"
365,"4000",3.60431853138778,"Unadjusted"
366,"4000",4.22912471728085,"Unadjusted"
367,"4000",4.39745806842639,"Unadjusted"
368,"4000",4.56658238075648,"Unadjusted"
369,"4000",4.22102741852444,"Unadjusted"
370,"4000",3.73837998349703,"Unadjusted"
371,"4000",3.27702844461568,"Unadjusted"
372,"4000",4.27851696196796,"Unadjusted"
373,"4000",3.90039078296593,"Unadjusted"
374,"4000",4.69118166278701,"Unadjusted"
375,"4000",4.12865883390989,"Unadjusted"
376,"4000",4.55737475236765,"Unadjusted"
377,"4000",4.03846242324419,"Unadjusted"
378,"4000",4.61731765064041,"Unadjusted"
379,"4000",4.84570891695383,"Unadjusted"
380,"4000",5.51684121748325,"Unadjusted"
381,"4000",4.00694602792579,"Unadjusted"
382,"4000",4.13143848793086,"Unadjusted"
383,"4000",4.82536127145621,"Unadjusted"
384,"4000",4.10477717035397,"Unadjusted"
385,"4000",3.8745184432896,"Unadjusted"
386,"4000",3.43545466187787,"Unadjusted"
387,"4000",3.85664892765366,"Unadjusted"
388,"4000",3.46837080625581,"Unadjusted"
389,"4000",4.02411412350691,"Unadjusted"
390,"4000",4.09808887544148,"Unadjusted"
391,"4000",3.94664792133709,"Unadjusted"
392,"4000",4.13446554823695,"Unadjusted"
393,"4000",4.10790866179411,"Unadjusted"
394,"4000",3.89401085803225,"Unadjusted"
395,"4000",6.18070690159512,"Unadjusted"
396,"4000",3.67645588987382,"Unadjusted"
397,"4000",4.19552466678176,"Unadjusted"
398,"4000",3.48936910611778,"Unadjusted"
399,"4000",5.6245878906361,"Unadjusted"
400,"4000",4.76800878655357,"Unadjusted"
401,"4000",5.52269380152802,"Unadjusted"
402,"4000",3.88594431803889,"Unadjusted"
403,"4000",3.58642517114767,"Unadjusted"
404,"4000",4.65499216695272,"Unadjusted"
405,"4000",3.60235298451506,"Unadjusted"
406,"4000",4.73323238395698,"Unadjusted"
407,"4000",3.42404901315877,"Unadjusted"
408,"4000",3.77587668377092,"Unadjusted"
409,"4000",4.23114419662302,"Unadjusted"
410,"4000",4.24232857052291,"Unadjusted"
411,"4000",4.57895518865194,"Unadjusted"
412,"4000",4.78937310578995,"Unadjusted"
413,"4000",4.42937068784293,"Unadjusted"
414,"4000",3.94517571615736,"Unadjusted"
415,"4000",6.03900990938281,"Unadjusted"
416,"4000",3.98718314685241,"Unadjusted"
417,"4000",5.41982991038013,"Unadjusted"
418,"4000",4.49036137866449,"Unadjusted"
419,"4000",5.23174736447241,"Unadjusted"
420,"4000",3.99793926355547,"Unadjusted"
421,"4000",4.71131962960409,"Unadjusted"
422,"4000",3.6581835931166,"Unadjusted"
423,"4000",4.07580661136747,"Unadjusted"
424,"4000",3.94416259225473,"Unadjusted"
425,"4000",5.33347569711542,"Unadjusted"
426,"4000",4.09166054663631,"Unadjusted"
427,"4000",4.27050797046372,"Unadjusted"
428,"4000",3.49013023431761,"Unadjusted"
429,"4000",4.88645821625239,"Unadjusted"
430,"4000",3.60696525805876,"Unadjusted"
431,"4000",4.84023225387747,"Unadjusted"
432,"4000",3.82355821240099,"Unadjusted"
433,"4000",3.96807451114986,"Unadjusted"
434,"4000",4.22264397932171,"Unadjusted"
435,"4000",3.96878571902806,"Unadjusted"
436,"4000",4.47288077462143,"Unadjusted"
437,"4000",3.4844134615565,"Unadjusted"
438,"4000",4.66578336746305,"Unadjusted"
439,"4000",5.94051962343482,"Unadjusted"
440,"4000",4.66651546069203,"Unadjusted"
441,"4000",4.11228070491732,"Unadjusted"
442,"4000",3.97903002100827,"Unadjusted"
443,"4000",4.3583800390325,"Unadjusted"
444,"4000",5.12443977458835,"Unadjusted"
445,"4000",4.55496261156567,"Unadjusted"
446,"4000",3.81905223926689,"Unadjusted"
447,"4000",4.25793205739522,"Unadjusted"
448,"4000",4.70144041200658,"Unadjusted"
449,"4000",3.65568988497114,"Unadjusted"
450,"4000",4.43482400137568,"Unadjusted"
451,"4000",5.06505442169818,"Unadjusted"
452,"4000",4.1631598865273,"Unadjusted"
453,"4000",4.42466387392837,"Unadjusted"
454,"4000",4.43874195797135,"Unadjusted"
455,"4000",3.73131288869305,"Unadjusted"
456,"4000",3.58001359559523,"Unadjusted"
457,"4000",5.01363255903951,"Unadjusted"
458,"4000",5.08370595392208,"Unadjusted"
459,"4000",3.46980561010591,"Unadjusted"
460,"4000",4.36840030992146,"Unadjusted"
461,"4000",4.2601424581851,"Unadjusted"
462,"4000",4.62655454163722,"Unadjusted"
463,"4000",4.05215100615927,"Unadjusted"
464,"4000",3.66240317600694,"Unadjusted"
465,"4000",4.1284943131807,"Unadjusted"
466,"4000",4.3300545881225,"Unadjusted"
467,"4000",3.58490378875071,"Unadjusted"
468,"4000",3.6880121265049,"Unadjusted"
469,"4000",4.5891895950647,"Unadjusted"
470,"4000",3.99351552305726,"Unadjusted"
471,"4000",5.47702142105234,"Unadjusted"
472,"4000",4.26427561469817,"Unadjusted"
473,"4000",5.35394711324374,"Unadjusted"
474,"4000",4.62765018232133,"Unadjusted"
475,"4000",3.7497358041757,"Unadjusted"
476,"4000",4.12872139697658,"Unadjusted"
477,"4000",3.8494506279616,"Unadjusted"
478,"4000",4.08813149792993,"Unadjusted"
479,"4000",3.78211738735718,"Unadjusted"
480,"4000",4.30613750672133,"Unadjusted"
481,"4000",4.65367011604063,"Unadjusted"
482,"4000",4.66405588999103,"Unadjusted"
483,"4000",4.75448445680873,"Unadjusted"
484,"4000",4.74580124176936,"Unadjusted"
485,"4000",4.33848855131773,"Unadjusted"
486,"4000",4.16667560010486,"Unadjusted"
487,"4000",4.63468777762419,"Unadjusted"
488,"4000",4.17993060365164,"Unadjusted"
489,"4000",4.05196437426059,"Unadjusted"
490,"4000",3.66830185215949,"Unadjusted"
491,"4000",4.7908486119355,"Unadjusted"
492,"4000",3.42697488099063,"Unadjusted"
493,"4000",3.80063857036244,"Unadjusted"
494,"4000",5.02629966070194,"Unadjusted"
495,"4000",6.05549592612316,"Unadjusted"
496,"4000",3.82358056796749,"Unadjusted"
497,"4000",4.18913790727405,"Unadjusted"
498,"4000",4.11865030509214,"Unadjusted"
499,"4000",4.72962969225609,"Unadjusted"
500,"4000",5.00386577824147,"Unadjusted"
501,"4000",4.67171839611697,"Unadjusted"
502,"4000",4.90348015792063,"Unadjusted"
503,"4000",3.74090725049884,"Unadjusted"
504,"4000",3.93355715086717,"Unadjusted"
505,"4000",4.19728166234987,"Unadjusted"
506,"4000",5.69999258989375,"Unadjusted"
507,"4000",5.0329509729303,"Unadjusted"
508,"4000",4.34407365821364,"Unadjusted"
509,"4000",4.73182638841382,"Unadjusted"
510,"4000",3.6446353537941,"Unadjusted"
511,"4000",5.16923764080965,"Unadjusted"
512,"4000",4.20248488237492,"Unadjusted"
513,"4000",4.90624561391685,"Unadjusted"
514,"4000",5.40525281541882,"Unadjusted"
515,"4000",3.73079923214076,"Unadjusted"
516,"4000",3.53324737964989,"Unadjusted"
517,"4000",3.94983828875627,"Unadjusted"
518,"4000",5.26566635014164,"Unadjusted"
519,"4000",4.9015746516373,"Unadjusted"
520,"4000",4.2806958120096,"Unadjusted"
521,"4000",4.21643513463376,"Unadjusted"
522,"4000",4.29442813368244,"Unadjusted"
523,"4000",3.57285342020277,"Unadjusted"
524,"4000",4.08456072924912,"Unadjusted"
525,"4000",4.69509629961497,"Unadjusted"
526,"4000",5.26222236002308,"Unadjusted"
527,"4000",4.76483613976526,"Unadjusted"
528,"4000",3.98870546136935,"Unadjusted"
529,"4000",3.96078309010776,"Unadjusted"
530,"4000",4.36298065882716,"Unadjusted"
531,"4000",4.28407594080165,"Unadjusted"
532,"4000",3.89995836953115,"Unadjusted"
533,"4000",4.7084462845516,"Unadjusted"
534,"4000",5.08442786643829,"Unadjusted"
535,"4000",4.07875241378371,"Unadjusted"
536,"4000",4.15509081047825,"Unadjusted"
537,"4000",3.57782553036153,"Unadjusted"
538,"4000",3.52837343251153,"Unadjusted"
539,"4000",4.58491116147121,"Unadjusted"
540,"4000",3.7536189449867,"Unadjusted"
541,"4000",4.73319093949425,"Unadjusted"
542,"4000",4.16322118632472,"Unadjusted"
543,"4000",4.72182445309771,"Unadjusted"
544,"4000",4.14189714764145,"Unadjusted"
545,"4000",4.32838867300177,"Unadjusted"
546,"4000",5.06767550843628,"Unadjusted"
547,"4000",4.13685299879266,"Unadjusted"
548,"4000",4.62618036202547,"Unadjusted"
549,"4000",3.45773395839193,"Unadjusted"
550,"4000",3.78868578524843,"Unadjusted"
551,"4000",4.85161137940306,"Unadjusted"
552,"4000",4.14195846515694,"Unadjusted"
553,"4000",4.71405803261259,"Unadjusted"
554,"4000",4.21400904720065,"Unadjusted"
555,"4000",4.17996586893952,"Unadjusted"
556,"4000",3.70265640469146,"Unadjusted"
557,"4000",4.58015721906728,"Unadjusted"
558,"4000",5.41381280031436,"Unadjusted"
559,"4000",4.58724702381685,"Unadjusted"
560,"4000",3.6726500972542,"Unadjusted"
561,"4000",4.97489117442189,"Unadjusted"
562,"4000",3.82764382051956,"Unadjusted"
563,"4000",4.05520920507283,"Unadjusted"
564,"4000",4.30082403567994,"Unadjusted"
565,"4000",4.13457661563386,"Unadjusted"
566,"4000",5.63159860957894,"Unadjusted"
567,"4000",4.6531071303072,"Unadjusted"
568,"4000",3.61280852445299,"Unadjusted"
569,"4000",4.51784638107915,"Unadjusted"
570,"4000",3.52968894611641,"Unadjusted"
571,"4000",4.75113244631608,"Unadjusted"
572,"4000",4.94687667968696,"Unadjusted"
573,"4000",4.73948328975378,"Unadjusted"
574,"4000",5.96916163325607,"Unadjusted"
575,"4000",3.84098865647998,"Unadjusted"
576,"4000",4.86982470360719,"Unadjusted"
577,"4000",3.90865670945075,"Unadjusted"
578,"4000",4.13493047427949,"Unadjusted"
579,"4000",5.16989684102938,"Unadjusted"
580,"4000",4.43630731082901,"Unadjusted"
581,"4000",3.74220566722641,"Unadjusted"
582,"4000",5.23336731412606,"Unadjusted"
583,"4000",4.5386203521494,"Unadjusted"
584,"4000",3.69922745884873,"Unadjusted"
585,"4000",4.69166962481801,"Unadjusted"
586,"4000",4.30993785692349,"Unadjusted"
587,"4000",5.13288454963164,"Unadjusted"
588,"4000",4.00891577020237,"Unadjusted"
589,"4000",4.72622307564957,"Unadjusted"
590,"4000",4.80025472233514,"Unadjusted"
591,"4000",4.36518118248573,"Unadjusted"
592,"4000",4.22225024997668,"Unadjusted"
593,"4000",4.29454720377698,"Unadjusted"
594,"4000",4.11302314981068,"Unadjusted"
595,"4000",5.35301189414185,"Unadjusted"
596,"4000",3.91992337720703,"Unadjusted"
597,"4000",5.14639005461225,"Unadjusted"
598,"4000",4.2597985853952,"Unadjusted"
599,"4000",5.02820504398008,"Unadjusted"
600,"4000",4.51484130792594,"Unadjusted"
601,"4000",4.34064262874845,"Unadjusted"
602,"4000",3.9492812818715,"Unadjusted"
603,"4000",4.24931318841325,"Unadjusted"
604,"4000",4.88629949271538,"Unadjusted"
605,"4000",4.36035574040732,"Unadjusted"
606,"4000",4.40471823160861,"Unadjusted"
607,"4000",4.17153728317317,"Unadjusted"
608,"4000",5.06987793752142,"Unadjusted"
609,"4000",3.58909268704969,"Unadjusted"
610,"4000",3.80387014658776,"Unadjusted"
611,"4000",5.38792795644622,"Unadjusted"
612,"4000",4.01294667706113,"Unadjusted"
613,"4000",4.33873081785019,"Unadjusted"
614,"4000",5.24116559494292,"Unadjusted"
615,"4000",3.57767177227669,"Unadjusted"
616,"4000",3.30365923338553,"Unadjusted"
617,"4000",3.88668432010843,"Unadjusted"
618,"4000",3.98937449155394,"Unadjusted"
619,"4000",4.45134081906968,"Unadjusted"
620,"4000",3.67653962289682,"Unadjusted"
621,"4000",4.86700836568374,"Unadjusted"
622,"4000",4.12971784737809,"Unadjusted"
623,"4000",4.19376223174966,"Unadjusted"
624,"4000",3.47784519834188,"Unadjusted"
625,"4000",4.00402570292065,"Unadjusted"
626,"4000",3.72303374171529,"Unadjusted"
627,"4000",3.63120536829333,"Unadjusted"
628,"4000",4.89116089630388,"Unadjusted"
629,"4000",4.28143317854266,"Unadjusted"
630,"4000",4.95145341384488,"Unadjusted"
631,"4000",4.09799513456481,"Unadjusted"
632,"4000",3.67384530551005,"Unadjusted"
633,"4000",4.14536521437628,"Unadjusted"
634,"4000",4.25952258131192,"Unadjusted"
635,"4000",3.72659036461939,"Unadjusted"
636,"4000",3.6249152874865,"Unadjusted"
637,"4000",4.53245378285023,"Unadjusted"
638,"4000",5.02936028731213,"Unadjusted"
639,"4000",3.25352743667323,"Unadjusted"
640,"4000",3.31365128800754,"Unadjusted"
641,"4000",3.92678191832301,"Unadjusted"
642,"4000",4.04079132750062,"Unadjusted"
643,"4000",3.59787321341391,"Unadjusted"
644,"4000",3.63863860672181,"Unadjusted"
645,"4000",4.59730579139049,"Unadjusted"
646,"4000",4.24371116230333,"Unadjusted"
647,"4000",4.05569294536504,"Unadjusted"
648,"4000",4.34677028775261,"Unadjusted"
649,"4000",3.42968072630724,"Unadjusted"
650,"4000",4.59827274803698,"Unadjusted"
651,"4000",4.41768946944103,"Unadjusted"
652,"4000",6.20244833044969,"Unadjusted"
653,"4000",4.82671284881013,"Unadjusted"
654,"4000",3.92633656807798,"Unadjusted"
655,"4000",4.7979099294159,"Unadjusted"
656,"4000",4.36445130604422,"Unadjusted"
657,"4000",3.91916397557166,"Unadjusted"
658,"4000",3.73070129798617,"Unadjusted"
659,"4000",4.45279153124768,"Unadjusted"
660,"4000",4.92975624812946,"Unadjusted"
661,"4000",3.48034613789853,"Unadjusted"
662,"4000",3.83626382100614,"Unadjusted"
663,"4000",4.09548253340102,"Unadjusted"
664,"4000",4.33758095750716,"Unadjusted"
665,"4000",5.11328002932226,"Unadjusted"
666,"4000",4.00343402765614,"Unadjusted"
667,"4000",3.72366017462071,"Unadjusted"
668,"4000",4.56663513726295,"Unadjusted"
669,"4000",4.47917694248004,"Unadjusted"
670,"4000",3.59183411102833,"Unadjusted"
671,"4000",4.320522070913,"Unadjusted"
672,"4000",4.38671749416236,"Unadjusted"
673,"4000",4.22590598219622,"Unadjusted"
674,"4000",4.26104422574907,"Unadjusted"
675,"4000",3.72822866243562,"Unadjusted"
676,"4000",3.92317378525758,"Unadjusted"
677,"4000",3.60121067784566,"Unadjusted"
678,"4000",4.47592576426583,"Unadjusted"
679,"4000",4.07840098855999,"Unadjusted"
680,"4000",4.07483413609286,"Unadjusted"
681,"4000",3.97263302394467,"Unadjusted"
682,"4000",4.0334410587893,"Unadjusted"
683,"4000",3.89669656087706,"Unadjusted"
684,"4000",4.53400910683843,"Unadjusted"
685,"4000",3.75633652000086,"Unadjusted"
686,"4000",3.71811752171445,"Unadjusted"
687,"4000",3.93584602077276,"Unadjusted"
688,"4000",4.1514328676309,"Unadjusted"
689,"4000",4.09348045009648,"Unadjusted"
690,"4000",4.21748627470045,"Unadjusted"
691,"4000",4.06444645713972,"Unadjusted"
692,"4000",3.61633734652242,"Unadjusted"
693,"4000",3.95576163019704,"Unadjusted"
694,"4000",5.86072508134874,"Unadjusted"
695,"4000",4.51836956602769,"Unadjusted"
696,"4000",3.1772947395703,"Unadjusted"
697,"4000",4.30805715257978,"Unadjusted"
698,"4000",3.8131428585945,"Unadjusted"
699,"4000",3.40626343355673,"Unadjusted"
700,"4000",5.39008386332257,"Unadjusted"
701,"4000",4.72556352074152,"Unadjusted"
702,"4000",4.84787936272847,"Unadjusted"
703,"4000",4.00949374276865,"Unadjusted"
704,"4000",4.25998318878918,"Unadjusted"
705,"4000",4.38465967006638,"Unadjusted"
706,"4000",4.40036459601561,"Unadjusted"
707,"4000",4.41600048912475,"Unadjusted"
708,"4000",4.07290338456393,"Unadjusted"
709,"4000",4.29462309332655,"Unadjusted"
710,"4000",3.85077871333944,"Unadjusted"
711,"4000",5.02971447793221,"Unadjusted"
712,"4000",3.89811406685196,"Unadjusted"
713,"4000",3.37218911296013,"Unadjusted"
714,"4000",4.73444149567297,"Unadjusted"
715,"4000",4.692713330273,"Unadjusted"
716,"4000",3.93986825107488,"Unadjusted"
717,"4000",4.43721735674034,"Unadjusted"
718,"4000",4.24259785074615,"Unadjusted"
719,"4000",4.07248475861516,"Unadjusted"
720,"4000",5.36755982008148,"Unadjusted"
721,"4000",5.60936617467857,"Unadjusted"
722,"4000",4.40044840752577,"Unadjusted"
723,"4000",3.51727481544446,"Unadjusted"
724,"4000",3.73947007487782,"Unadjusted"
725,"4000",4.39067915247461,"Unadjusted"
726,"4000",3.52279627142004,"Unadjusted"
727,"4000",3.87181073525329,"Unadjusted"
728,"4000",3.53035776913249,"Unadjusted"
729,"4000",3.67139407027481,"Unadjusted"
730,"4000",4.33777731447518,"Unadjusted"
731,"4000",4.04166044499373,"Unadjusted"
732,"4000",4.38604874970363,"Unadjusted"
733,"4000",3.88240548551226,"Unadjusted"
734,"4000",4.89991039339971,"Unadjusted"
735,"4000",4.10900838677216,"Unadjusted"
736,"4000",4.29752594762196,"Unadjusted"
737,"4000",4.31841735622837,"Unadjusted"
738,"4000",5.26335310283924,"Unadjusted"
739,"4000",4.34535830485645,"Unadjusted"
740,"4000",4.54985305992435,"Unadjusted"
741,"4000",4.36808049485041,"Unadjusted"
742,"4000",6.3694905382874,"Unadjusted"
743,"4000",4.91440542173292,"Unadjusted"
744,"4000",4.83460508685744,"Unadjusted"
745,"4000",3.72425504517049,"Unadjusted"
746,"4000",4.62150213321367,"Unadjusted"
747,"4000",4.17616142571636,"Unadjusted"
748,"4000",4.94385299749177,"Unadjusted"
749,"4000",4.25504422145506,"Unadjusted"
750,"4000",3.54591704219176,"Unadjusted"
751,"4000",4.27258993953507,"Unadjusted"
752,"4000",5.35254937788536,"Unadjusted"
753,"4000",4.54028837148804,"Unadjusted"
754,"4000",4.05596490237724,"Unadjusted"
755,"4000",3.65583678583826,"Unadjusted"
756,"4000",5.52738073061872,"Unadjusted"
757,"4000",4.20142486464684,"Unadjusted"
758,"4000",3.59115308765533,"Unadjusted"
759,"4000",3.79273068228776,"Unadjusted"
760,"4000",3.93457247440663,"Unadjusted"
761,"4000",3.95710207918767,"Unadjusted"
762,"4000",4.52089356751711,"Unadjusted"
763,"4000",3.9102020587936,"Unadjusted"
764,"4000",4.00172142309259,"Unadjusted"
765,"4000",4.21981778560389,"Unadjusted"
766,"4000",5.05765437825509,"Unadjusted"
767,"4000",5.99395791760532,"Unadjusted"
768,"4000",3.93315746757843,"Unadjusted"
769,"4000",3.94261141516814,"Unadjusted"
770,"4000",4.04972642246357,"Unadjusted"
771,"4000",4.91577088713731,"Unadjusted"
772,"4000",4.25399656866995,"Unadjusted"
773,"4000",3.73247048009388,"Unadjusted"
774,"4000",5.19411720142181,"Unadjusted"
775,"4000",3.74348972566661,"Unadjusted"
776,"4000",5.12550288860609,"Unadjusted"
777,"4000",3.54881338029392,"Unadjusted"
778,"4000",4.82024652394814,"Unadjusted"
779,"4000",4.45929899491618,"Unadjusted"
780,"4000",3.80200592178133,"Unadjusted"
781,"4000",4.84280948175599,"Unadjusted"
782,"4000",4.13028770918778,"Unadjusted"
783,"4000",4.93851831708368,"Unadjusted"
784,"4000",3.7064006708946,"Unadjusted"
785,"4000",3.62645320702622,"Unadjusted"
786,"4000",4.37124464084775,"Unadjusted"
787,"4000",4.64236752396872,"Unadjusted"
788,"4000",4.37074987113737,"Unadjusted"
789,"4000",4.50636335748166,"Unadjusted"
790,"4000",4.42183278273305,"Unadjusted"
791,"4000",3.79678232127786,"Unadjusted"
792,"4000",4.38444431789564,"Unadjusted"
793,"4000",4.42203890930977,"Unadjusted"
794,"4000",4.94388383498809,"Unadjusted"
795,"4000",4.24589165584656,"Unadjusted"
796,"4000",4.02814568927567,"Unadjusted"
797,"4000",3.64547218799552,"Unadjusted"
798,"4000",4.4130967174683,"Unadjusted"
799,"4000",3.40020952077321,"Unadjusted"
800,"4000",4.76943135415193,"Unadjusted"
801,"4000",3.93799446942281,"Unadjusted"
802,"4000",4.91761416690002,"Unadjusted"
803,"4000",4.13435283773931,"Unadjusted"
804,"4000",3.50278594849408,"Unadjusted"
805,"4000",3.66278641255103,"Unadjusted"
806,"4000",4.24887672912482,"Unadjusted"
807,"4000",4.57929452302531,"Unadjusted"
808,"4000",4.28013108687502,"Unadjusted"
809,"4000",4.23961495323957,"Unadjusted"
810,"4000",4.60973158374774,"Unadjusted"
811,"4000",3.65350165440767,"Unadjusted"
812,"4000",4.88073257280044,"Unadjusted"
813,"4000",4.46155968065382,"Unadjusted"
814,"4000",5.05974659338408,"Unadjusted"
815,"4000",4.38608889917528,"Unadjusted"
816,"4000",4.28661404035981,"Unadjusted"
817,"4000",4.6800717017826,"Unadjusted"
818,"4000",4.26285849856204,"Unadjusted"
819,"4000",5.20937956716112,"Unadjusted"
820,"4000",5.39478925426633,"Unadjusted"
821,"4000",3.65982496143159,"Unadjusted"
822,"4000",4.03482066128361,"Unadjusted"
823,"4000",4.42288959278741,"Unadjusted"
824,"4000",4.23464748216876,"Unadjusted"
825,"4000",4.79718715611516,"Unadjusted"
826,"4000",4.58801148785213,"Unadjusted"
827,"4000",3.6798879204773,"Unadjusted"
828,"4000",4.16657904332061,"Unadjusted"
829,"4000",3.73686877896084,"Unadjusted"
830,"4000",4.47356872597519,"Unadjusted"
831,"4000",4.48246094874858,"Unadjusted"
832,"4000",3.6100559816023,"Unadjusted"
833,"4000",3.71712921407821,"Unadjusted"
834,"4000",3.89774651739386,"Unadjusted"
835,"4000",4.55410640276969,"Unadjusted"
836,"4000",4.26510408323942,"Unadjusted"
837,"4000",3.82547336187894,"Unadjusted"
838,"4000",4.9825150285705,"Unadjusted"
839,"4000",4.65257611909381,"Unadjusted"
840,"4000",4.02110746674507,"Unadjusted"
841,"4000",3.69094695093827,"Unadjusted"
842,"4000",4.63193492166889,"Unadjusted"
843,"4000",5.73752102471818,"Unadjusted"
844,"4000",4.02111066758452,"Unadjusted"
845,"4000",4.95797731698496,"Unadjusted"
846,"4000",4.00761060312231,"Unadjusted"
847,"4000",4.98052392359598,"Unadjusted"
848,"4000",3.60891947403984,"Unadjusted"
849,"4000",4.3294315660169,"Unadjusted"
850,"4000",3.68851469813347,"Unadjusted"
851,"4000",3.58958248569508,"Unadjusted"
852,"4000",3.91652207457425,"Unadjusted"
853,"4000",4.01849457583062,"Unadjusted"
854,"4000",4.27349359222331,"Unadjusted"
855,"4000",4.15303311770606,"Unadjusted"
856,"4000",4.54714880471711,"Unadjusted"
857,"4000",3.88108992901287,"Unadjusted"
858,"4000",4.59976966211581,"Unadjusted"
859,"4000",4.22003262788302,"Unadjusted"
860,"4000",3.66850103902706,"Unadjusted"
861,"4000",4.0701358988388,"Unadjusted"
862,"4000",4.76473894338228,"Unadjusted"
863,"4000",3.95454834225117,"Unadjusted"
864,"4000",3.56214041463516,"Unadjusted"
865,"4000",3.701188018883,"Unadjusted"
866,"4000",3.34996542973489,"Unadjusted"
867,"4000",5.13989772186676,"Unadjusted"
868,"4000",4.92379987069808,"Unadjusted"
869,"4000",4.60014419584054,"Unadjusted"
870,"4000",4.83986041205685,"Unadjusted"
871,"4000",4.70972276084408,"Unadjusted"
872,"4000",3.926932215607,"Unadjusted"
873,"4000",3.74070138996702,"Unadjusted"
874,"4000",3.93419053672463,"Unadjusted"
875,"4000",4.14420799698262,"Unadjusted"
876,"4000",3.81313072791306,"Unadjusted"
877,"4000",4.29824452116966,"Unadjusted"
878,"4000",4.03747241020768,"Unadjusted"
879,"4000",4.0680619176304,"Unadjusted"
880,"4000",4.12756567385824,"Unadjusted"
881,"4000",4.79306627406717,"Unadjusted"
882,"4000",5.50731138228953,"Unadjusted"
883,"4000",4.70334825693036,"Unadjusted"
884,"4000",4.26921357538729,"Unadjusted"
885,"4000",4.37575897454365,"Unadjusted"
886,"4000",5.81334530318207,"Unadjusted"
887,"4000",4.74047453537249,"Unadjusted"
888,"4000",3.8036686531357,"Unadjusted"
889,"4000",3.48469857572662,"Unadjusted"
890,"4000",3.85125881171842,"Unadjusted"
891,"4000",5.31020602130742,"Unadjusted"
892,"4000",3.98017294214376,"Unadjusted"
893,"4000",3.79006082286413,"Unadjusted"
894,"4000",4.10057123439971,"Unadjusted"
895,"4000",3.64782338501618,"Unadjusted"
896,"4000",5.22363518774158,"Unadjusted"
897,"4000",4.44351068499575,"Unadjusted"
898,"4000",4.12349124864899,"Unadjusted"
899,"4000",3.59958448276485,"Unadjusted"
900,"4000",4.26208369678671,"Unadjusted"
901,"4000",4.52010607331247,"Unadjusted"
902,"4000",3.549826957237,"Unadjusted"
903,"4000",4.00082097782383,"Unadjusted"
904,"4000",5.25059905991442,"Unadjusted"
905,"4000",3.67276763151133,"Unadjusted"
906,"4000",3.82646370650022,"Unadjusted"
907,"4000",5.32581737292181,"Unadjusted"
908,"4000",4.73779278899328,"Unadjusted"
909,"4000",4.22236579970072,"Unadjusted"
910,"4000",4.8332954853532,"Unadjusted"
911,"4000",4.23943039384934,"Unadjusted"
912,"4000",4.82386921627387,"Unadjusted"
913,"4000",3.6379259422642,"Unadjusted"
914,"4000",5.43413005542975,"Unadjusted"
915,"4000",4.25606459724255,"Unadjusted"
916,"4000",4.46217125264022,"Unadjusted"
917,"4000",4.66282083970732,"Unadjusted"
918,"4000",3.96930649293032,"Unadjusted"
919,"4000",3.88218294676844,"Unadjusted"
920,"4000",4.88116683781404,"Unadjusted"
921,"4000",4.58592873257491,"Unadjusted"
922,"4000",4.60441958284723,"Unadjusted"
923,"4000",4.79942406684183,"Unadjusted"
924,"4000",4.31178099320042,"Unadjusted"
925,"4000",5.01149950331777,"Unadjusted"
926,"4000",4.85196052898771,"Unadjusted"
927,"4000",3.96709903896918,"Unadjusted"
928,"4000",4.91240889297203,"Unadjusted"
929,"4000",5.05537446919725,"Unadjusted"
930,"4000",4.42462506274443,"Unadjusted"
931,"4000",4.57584671723558,"Unadjusted"
932,"4000",4.78803594790278,"Unadjusted"
933,"4000",4.10425379797281,"Unadjusted"
934,"4000",3.4775929866676,"Unadjusted"
935,"4000",4.33488754624535,"Unadjusted"
936,"4000",4.93044447105682,"Unadjusted"
937,"4000",4.29826850435502,"Unadjusted"
938,"4000",4.26194904585551,"Unadjusted"
939,"4000",4.45172046592396,"Unadjusted"
940,"4000",3.71784134401849,"Unadjusted"
941,"4000",4.64189260538618,"Unadjusted"
942,"4000",4.45351639908587,"Unadjusted"
943,"4000",4.87744717538536,"Unadjusted"
944,"4000",3.88954931255646,"Unadjusted"
945,"4000",3.85472285430154,"Unadjusted"
946,"4000",4.87197993882194,"Unadjusted"
947,"4000",3.52433823434878,"Unadjusted"
948,"4000",5.39506976864882,"Unadjusted"
949,"4000",4.4151576307775,"Unadjusted"
950,"4000",4.47692658844894,"Unadjusted"
951,"4000",3.96696510233995,"Unadjusted"
952,"4000",3.99571008271251,"Unadjusted"
953,"4000",4.23187175428626,"Unadjusted"
954,"4000",4.69553682581066,"Unadjusted"
955,"4000",3.93727502652324,"Unadjusted"
956,"4000",4.69447309007967,"Unadjusted"
957,"4000",4.2472828111077,"Unadjusted"
958,"4000",4.62380770650406,"Unadjusted"
959,"4000",3.66905797509751,"Unadjusted"
960,"4000",5.09662241203601,"Unadjusted"
961,"4000",4.57709717539601,"Unadjusted"
962,"4000",3.95811504614918,"Unadjusted"
963,"4000",4.99299441550781,"Unadjusted"
964,"4000",4.33492600003359,"Unadjusted"
965,"4000",4.84102834837832,"Unadjusted"
966,"4000",3.9316439328348,"Unadjusted"
967,"4000",4.5024289190662,"Unadjusted"
968,"4000",5.02699057516915,"Unadjusted"
969,"4000",4.23838324237737,"Unadjusted"
970,"4000",4.36833667603315,"Unadjusted"
971,"4000",3.98382059166146,"Unadjusted"
972,"4000",3.78517060800961,"Unadjusted"
973,"4000",4.3039150000465,"Unadjusted"
974,"4000",4.11598620070689,"Unadjusted"
975,"4000",5.09375933400854,"Unadjusted"
976,"4000",3.86293564791902,"Unadjusted"
977,"4000",3.76629843370434,"Unadjusted"
978,"4000",4.27082378158654,"Unadjusted"
979,"4000",4.99610745830829,"Unadjusted"
980,"4000",4.00915221649334,"Unadjusted"
981,"4000",3.29494805216282,"Unadjusted"
982,"4000",4.6459789322272,"Unadjusted"
983,"4000",4.82675521573124,"Unadjusted"
984,"4000",4.16136024683225,"Unadjusted"
985,"4000",3.73982813696707,"Unadjusted"
986,"4000",5.1351517657783,"Unadjusted"
987,"4000",4.76619794402867,"Unadjusted"
988,"4000",4.318437403296,"Unadjusted"
989,"4000",4.06282422118412,"Unadjusted"
990,"4000",4.48028659663005,"Unadjusted"
991,"4000",4.42882186778366,"Unadjusted"
992,"4000",4.95266946223674,"Unadjusted"
993,"4000",4.4249742618937,"Unadjusted"
994,"4000",3.74964809872767,"Unadjusted"
995,"4000",4.32598931884962,"Unadjusted"
996,"4000",4.40454680120129,"Unadjusted"
997,"4000",4.58599167431822,"Unadjusted"
998,"4000",4.43581176014276,"Unadjusted"
999,"4000",4.96577924249141,"Unadjusted"
1000,"4000",4.89188412100293,"Unadjusted"
