"X1","X2","X3","X4","X5","X6","X7","X8"
2.35343366892703,4.64290846110647,2.6968603704232,6.98306044062963,3.22173490803019,5.2285541160765,3.70260311417032,5.70933480557943
-1.18309863274544,16.7480605367012,2.37362752373024,7.76117793663386,2.69147075629739,4.68040911611369,3.70687204546391,5.75056421318574
2.14921400606837,5.86028115087685,2.8564916208351,5.023312913941,3.06963125501297,5.29627112745113,3.50449443232691,5.26653427442764
1.86201056635165,6.07229214325373,2.38277050970861,5.73037241623153,3.38958654618337,5.94296942025303,3.43831963009257,5.0966913207454
1.3916142025457,8.09726829317993,1.84846948562842,11.1954839302759,3.17783454685812,6.07127164563053,3.48952811353598,5.87013711067018
1.87597928224173,7.68465137303941,2.85547819906176,6.26328470680309,3.14457934697395,6.09045077353792,3.844630951222,6.55736217039441
2.14687540851511,4.90652979427862,0.661267428963556,13.8307583588192,3.40699375510229,6.30616743994561,3.86814301096735,6.8386885001712
1.88034459365427,7.01289665952823,2.63707211632514,5.29677279431069,3.23590644566782,9.66021197744687,3.7617241989247,6.20342855162978
0.0822022326530929,13.8686614847982,2.36801160154437,6.17881943970292,3.5281234004192,8.13362619184562,3.96154018944754,6.90158014096717
0.0243318064553089,12.708605294176,1.88175129316122,13.1609389205714,3.24510602711632,6.68410027594633,3.70776309393017,5.66457168132602
1.82051184218627,7.99547062659721,2.68976933465986,7.46044431767902,3.31720753429117,5.51320866873444,4.11817363214347,7.40060304773444
1.27082953329026,7.55927188276943,2.27766408215404,7.19515380633154,2.9079282249926,9.61214382215164,3.37465208079568,4.8043345129651
1.71351584370218,6.8602204247537,2.50780577451015,5.12757641227185,3.25190974208336,5.55993588195736,3.68281612653136,5.72451846579624
2.31333125662227,5.50137197897758,1.97434051089015,7.57603298833517,3.00395580938674,5.14852321174129,3.98882171723001,6.73888683811378
-0.0334361358751867,11.6516735840817,2.47435633741913,4.37469245431175,3.14672019239302,5.13963240596429,3.1761248117588,4.62228029194274
-3.90800275489464,21.3543925397143,2.76755532946831,6.30611712347857,3.36859417089928,6.87714961387726,3.68850665827095,6.47724469131323
-4.60146530289044,22.9583051552946,2.68079410702063,5.92028852770927,2.77081732221435,4.4768571190032,3.25460241338526,4.53802479359164
-1.75073687042363,12.6040649400541,2.54997783082276,6.23887552161461,3.20319406473586,7.47723358908808,3.94450972368353,7.93559532679957
-8.46260925881151,30.4459100613354,2.48606166089031,4.60193031042587,3.14441264975034,5.48021414063353,3.78881251193814,6.18001970159183
2.28908940970536,5.53887973762667,2.72959967606939,6.77130268077612,3.298268582723,6.39343923057287,3.91982242099317,6.96522292198973
2.53760012220607,7.07914005761253,2.34215112457294,4.84599363243588,3.38407382830422,6.57514977261849,3.45913529360999,4.99930474544011
-10.4748976350814,35.285031412928,0.517864590977927,18.3180150460091,3.05277637023923,5.62575120800692,4.19030541061261,8.03311811347807
0.216556590602551,15.5077455637828,2.74477375884635,7.74027573387646,3.48629655928084,8.14339864065594,3.96670060851096,6.76104104302424
0.840114721704804,10.9230003380151,2.71576263271428,5.51544917106355,3.33307640747877,6.65822595656132,3.53353799402565,5.16977335568015
2.17769439673859,7.19717159638914,2.70512587635537,5.0075403529646,3.12119611754854,9.77893528271139,3.47087106666648,5.20740827950948
0.464180544674417,11.6898970725242,2.50092182705367,7.25288495525749,3.11744220996899,5.55436780758766,3.130007683548,4.3076219795553
1.66188563806318,6.14223781089859,2.75872410780113,5.40874835192626,3.06682847581375,4.64612828773636,3.95064425037545,6.45977296817888
0.642717822368263,10.0221427914912,2.07635949815874,7.26317585290359,3.06115049372104,4.85663878539641,3.75070135709585,5.63985583089063
NA,NA,1.40903624648141,10.2129939970459,3.18081615809742,7.88988866021362,3.41149644928098,5.12073092325467
1.56960166620437,9.9604551247365,2.47097052485908,10.0085250202335,3.15146587282555,9.12882001610409,3.33148605782308,4.87707006709398
1.95387377211354,4.7826687379923,2.41134817806739,4.5478739347883,3.11752956396148,5.37135555063918,4.11753720651679,7.46593472306831
0.364313824574791,12.239346604706,2.69800426749069,9.86814616849943,3.22243608553939,5.77643588023704,4.19648319568993,8.41630276195503
2.22114033761881,4.43774137249647,2.62056134618496,9.53121982375235,2.90067169323415,4.88717824191292,3.48666639737146,5.20935736883139
2.08226524945771,4.34616201032927,2.61532597104909,7.36616464573945,3.56840588177921,6.87090769949818,3.69144434889266,5.75746459802983
1.87638960321189,6.94129432915806,2.96372022462199,8.28918568158588,3.34920217346001,6.77384664645615,3.65277228799522,5.97640244285525
1.08806461995279,7.63227052007608,2.6944012681595,5.75516666740099,3.20906941137442,6.12788354881762,3.99155556266307,6.90282477955526
NA,NA,2.85250732079294,5.36500421181806,3.07086000388443,5.4646631602013,3.33934335076067,4.69010844935171
1.94434790503858,6.25334536290758,2.6593509149665,6.42565742757508,3.33575660833022,6.90169349219114,3.97244520859553,7.50006433542765
0.0939213936645142,14.7031035967409,0.971893579954888,11.5717111996757,3.31322864133552,6.57060931142,3.45368604879864,4.89062971233781
-1.86237392960611,13.6553832061546,2.5439375887284,7.95383004579899,2.889016019951,4.49937786118671,3.66072085319776,6.28514230420245
-0.518109849180348,15.3233085711135,2.3610902622106,8.92313984872508,3.05314684592472,5.29201625728388,3.38193136919827,5.43080060666103
1.92102670065383,5.30483106165646,2.78935781058765,7.64518641961493,3.112725080961,6.06142359229551,3.6311161956456,5.7810517936214
1.20544974268321,10.4666162331181,2.39238139338192,7.35013594733765,3.18164192927776,5.55311359072511,4.24494485209062,7.86462541932002
1.52261266163764,6.42770001263884,2.29969392721967,6.87277079372552,3.18103253711853,6.13340580069345,3.61812965431578,5.83059332366202
1.8767819203182,8.04578144673292,2.78362424865084,4.95558992705243,3.37876758864557,6.45059170191419,3.08821129236308,4.26689070376016
-3.87466648274008,20.5537851986544,2.05994756633701,9.736845176498,3.14250157713792,5.49057479800239,3.64023801703366,5.85657733195479
-1.16599990754427,15.87828917254,2.5646877288335,5.72466193602398,3.3311791400236,6.92460687318816,3.61579297432429,5.64902364859414
2.1696556289954,4.87662096834801,2.50020913575449,7.80884719309245,3.2406333496611,5.26868405006767,3.81936661836112,6.42917860927779
NA,NA,2.42657449624661,7.61804838282004,3.45896267977357,7.24731319433506,4.11201483578493,6.87805219136333
2.35885091604376,6.3870064082113,2.53364380393221,5.77146598558523,3.48670968153843,6.82355588746272,3.57298268249231,5.39022190798891
-0.0821944436355588,14.5246378770467,2.61155193976811,8.31934334511187,3.70449913491073,8.24985469154024,3.46122244396491,5.07282274581418
0.407344959081737,11.9108246773313,2.56580441486471,4.7774672310275,3.21752507244831,5.40211932623959,3.35581035686361,5.00416664739204
1.9524478572456,5.77004205080991,2.32541853551509,6.23168455534781,3.15729464444579,7.88356166480743,3.54728107312067,5.60889843989036
1.38911382532335,7.65015930973148,2.78897060654589,7.49470952707124,3.19826215937175,5.98662335601019,3.75508742689901,6.14560602960603
1.82036197908679,4.77104478020044,2.58939636791942,8.51040699104365,3.14288600555154,5.96120512102121,3.7627739475396,6.05199963543918
-21.8986303635195,43.7292326010709,1.7276940060319,9.48534725171075,2.99265544266682,5.2879035724266,3.47946731014137,5.22537339805465
2.42577798592829,6.49734486661745,2.73135403477764,8.61392762273431,3.28165488807704,5.26532208320339,3.73586574875833,5.99624286488998
2.37526990293716,6.79093290514557,2.49033663028492,6.26202576141074,3.20741172433334,8.80781836495476,3.77455282146678,6.23325509532675
0.939728211899857,11.0603129178925,2.68871470614326,5.3446897016413,2.95512784095867,5.33145376996485,3.69120192315788,5.62535357607479
NA,NA,2.65207847866488,8.16319520640296,3.53632397374612,8.18563139143632,3.49240274562875,5.12197878001887
NA,NA,1.630162321273,11.4948404151923,3.53524167355017,7.97835894531465,3.46230243800545,4.94061478812527
2.16915804231558,4.25525603132749,1.28328622110479,12.981594475659,3.49141248130121,6.84885876662098,3.84547361774034,7.12026297401195
2.12041959572978,3.80559783885792,2.53363789849863,5.96956447586318,3.16927600363077,9.43358538679914,3.81368244198218,6.46533793200245
0.96979720756968,10.8981178669905,2.07637496563034,5.24245194672278,3.20705449815101,6.5850330148953,3.46985246643423,5.19088573937019
2.42665720154493,5.32550187459673,2.85023016349024,6.25052993977619,3.39808762242514,5.87633247200885,3.15937790904015,4.55565105988658
-0.0166860566865621,14.0236345366488,1.7811827294956,11.8441216390589,3.78673043958649,10.9757844207505,3.61131134701828,5.34160802420898
2.25667632322067,4.22640564023099,2.71601810456728,5.05023179122118,2.77082143608413,14.1624472704801,3.91744348458349,6.85123630651041
-0.565448603431512,12.6193598560729,2.67689078664527,5.86687097950168,3.02150464520952,4.73474204336695,3.39086862973688,5.09758726838136
2.36082319339539,5.16149275726165,1.29027951883964,13.5384735727511,3.06402239762063,5.34993549195224,4.11251189274904,7.21470577238248
2.06857152270151,5.19191500979024,2.48164858806124,9.84951168597285,2.93327620353962,5.84623068702651,3.40601762502974,5.14239153802442
1.6017925684824,10.1466335649737,2.47433250443249,6.30217297966965,3.15818979909892,5.0599872718531,3.48703152642873,5.05827646628118
1.98159784683737,6.85188538749503,2.72969206094272,7.36619500796392,2.84819300703658,4.28699547368856,4.00214364994136,7.08505513018871
2.1646703117891,4.14720250735725,0.320512582825704,14.4547521554362,3.40457184162141,6.39375685551103,4.17829300011206,7.05584576034917
0.446036676978644,9.7267787567334,2.92495891207136,6.88536228569551,2.77144537930156,6.05042243239396,3.83657210605286,6.2928901241595
2.50037347931922,7.29966856316846,2.70470525535198,6.3194817616859,3.15586787404037,5.24548965807793,3.45414125014215,5.18222611331867
1.00528548043759,9.16991025025746,2.35412974341025,4.80061441912719,3.25826019437073,6.53227412756684,3.76672813436542,5.95385181957692
2.0727547009727,4.17912292021449,2.82884868943525,6.95905594512711,3.35749262588022,7.64265621257385,3.69525407386847,5.90221108178673
2.10624085051309,3.98133567504991,2.32433662094563,7.41845278878331,3.33668764111357,6.62078337474869,3.93301062499148,6.9118055857007
0.369444245204558,12.1381855303308,2.4967594034833,5.40002616131336,3.04215083014102,4.77156912649226,3.86560891273867,6.72909836091113
1.58908596429922,9.75512994562524,2.0217120234097,10.4217474147984,3.20871034984309,5.92456451277331,3.49860393911267,5.48501094487078
-3.55184631964346,22.1309853942082,2.47151952111852,9.31002185224139,2.97919689465744,4.45874942651746,3.98757790044749,6.96430929437723
2.23131844930432,5.61968860156192,2.46634965234361,5.07453073767399,3.04960863557265,6.98880551603778,3.62246913296958,5.27885926660759
0.313991635045279,11.2683606376558,NA,NA,3.1014028598978,5.42369302357371,3.26828039733696,4.74641630804062
0.342416309640749,9.83529950404053,1.18332305614954,8.95491275247798,3.44537563577743,7.46393427865138,3.87884931955364,6.50803090859746
1.77573165629357,6.53038975708414,2.04646353149142,11.9169645987918,3.45775900713436,8.38748280744019,3.3739217415271,5.10431584117722
2.1021136854858,5.63852282322784,2.55329891880809,5.61524974360571,2.94188769258264,4.61265408988197,3.57634477649332,5.56675102486094
-5.69084641049914,24.3728684397013,0.231232540075724,12.7831908332281,3.42428606593039,6.3847666175338,3.54013139539624,5.71399355472448
0.953855009633233,8.77440115889665,2.28341348781934,4.74625464599063,3.14282568871832,5.95580432008998,3.34418779509722,4.75497138877987
1.81843085463284,8.09122485267093,2.32841813233661,6.05885647168568,3.13225989766597,7.04410217969376,3.81030164832686,6.00675029571689
0.999459740856672,6.42235492727503,2.26966316287602,9.15628883948516,3.00810217909447,5.78636798955552,3.68308001883703,6.93031269781951
1.59451533753801,7.71685251086453,2.76070320120115,5.84011816070647,2.7693547489929,4.03883251480837,3.2955756447203,4.66303708860397
-0.123008291363596,13.5610947846222,2.57676209522195,7.53677578481716,3.27970875500474,6.14563052615179,3.50489283323431,5.163268804161
2.2668813266033,7.30939277786993,2.65114461911942,6.88062710659065,2.96371895048166,4.39723818342473,4.1217344517005,6.94224857303548
NA,NA,2.4234712535687,5.44319191723456,3.36051259523567,6.54263350091169,3.4385473500065,5.14593530845
1.07454638910204,5.8836813579969,0.820624382950491,12.1794779470807,3.0985167036191,8.38977875688505,4.11363352948305,9.94373888161132
2.19257372854349,4.47182474707385,2.51067110056262,5.23901065544416,3.07609075856297,5.92556649995292,3.79470410580739,6.41931925645212
2.01100282349953,4.69928667738088,2.30339680180395,6.36155850853985,3.07030414604343,5.78916014013963,4.07766983794879,8.0721477988254
-6.59701018627437,28.3824633944651,2.47765550373035,7.93967625264879,3.2681604362051,6.31027590802147,3.35819583249501,5.07154836467991
1.29144260769081,8.46121035168653,2.45854049989773,3.88738078407692,3.15509570895071,6.94679980173434,3.44656554864266,5.17035137081
-1.21390639997555,15.5433504908993,-5.22091645861813,28.8261200809465,2.88328632473301,4.33444633213054,3.60836725466906,5.70949554942794
NA,NA,2.60699473070561,5.87307710362053,3.27644863003852,6.97460350689715,3.65527147434623,5.76802788394449
1.80205495980852,5.8506510458024,2.75110061654394,5.55057754361467,3.27043396999031,5.85262138413308,3.51912405923387,5.3947225840464
-4.28769047795575,23.6032041881054,2.01124357839344,10.5413030853629,3.1429682855846,5.64226975127612,3.6463837381128,5.57244790968492
2.46508696198201,7.74557896529124,2.47374754716784,6.42997055889705,3.39083914313204,7.98980097284823,3.42312838839471,5.58422512909191
1.80445090870195,8.5047521345199,2.33920912859409,8.37544100035876,3.14447607607766,6.70765849421011,3.73797454880933,5.79816047907594
2.18793166763269,5.02485897001588,2.52795567634474,5.40550469929218,2.90261617255837,12.8809180744591,3.5817117727474,5.67699218638929
1.30285908537391,9.06025027427377,2.73597027036982,7.57989765788334,3.23555909916316,9.18998788478667,3.65132230538926,5.80327300481575
1.03293392547347,10.9895127105779,2.56269630773629,7.1481307069257,3.04991460225641,5.34483842681104,3.59734716440818,5.62151417945303
-1.13978333785406,17.5765896232194,2.90049393803778,6.24087954439231,3.58233757105807,9.05415130181147,4.17352765800005,7.99599783164066
1.47927707445317,8.93095706086647,2.46016573030509,5.44513839747021,3.16518088279123,7.79916832000871,3.53169906018502,5.16060086196955
-8.74579184255732,31.4938993737149,2.48717662974007,9.13928344186525,3.08316759167965,5.02349362259578,3.49417138961778,5.6489091659145
2.01590784651888,6.01578911478703,2.41343571812714,9.4285169359142,3.15923925343183,6.62665526659837,3.65550421750682,5.40337587501226
-4.38415999654424,23.4707972557792,0.871072415935869,14.9530859701568,3.49430991049577,6.81349134207805,3.63237669080296,5.93023269724443
2.33760182459128,5.60654396441582,2.90529499738923,6.45871754871576,3.39936634156857,7.5374110564828,4.03447926386828,7.56047261755394
0.971514053373124,11.8115307747295,2.52389432775081,4.23234463850071,3.59356604367177,7.25458084683769,3.49479767407538,6.15654246513355
-99.049453410223,55.1355051935704,2.45811408964244,4.4654922823736,3.2054839834233,7.51307250818376,3.30352018500009,4.71153866321981
1.760111254356,5.54786576258747,0.292717837573683,16.9807608310674,3.36297152777248,6.81383628285479,3.75031774868364,5.96467131160815
2.07328570645863,5.90782861617038,1.53390840559585,11.016296008546,3.34822554201818,7.27153483885375,3.78666193079109,6.07759772104934
1.70669653405612,8.72272104763632,2.42308513950439,8.14936237976919,3.09207079682437,6.52784265138513,4.03320841780805,6.51921927900998
0.411169591289621,14.274417047562,2.56460117046737,4.71618116562982,3.28793507375014,5.97474044092172,3.69697524619657,5.98711095367086
2.39279614870582,5.8872839834968,2.62403709682235,5.73359712207816,2.89017585008929,6.76354271969555,3.4830942131193,5.07189488007163
0.479225015719525,11.7130124896479,2.69354507746926,5.43549633147422,3.2918897312564,8.54944726130058,3.61057076015146,5.50842033999819
-0.406656581284692,15.6040907218339,1.89979381576133,11.5286765556386,3.26497764850491,5.82322547642027,4.03728854070315,6.68378051886011
1.83070931376272,6.62089919162236,2.7298026789588,4.64874059545535,3.13129145113262,5.56943982505343,3.54820574088377,5.47936333337522
NA,NA,2.38116755404286,8.66737992942845,3.41669278204765,6.98008481235747,3.63566864668974,5.69922531479767
2.3006795707333,6.01052574089944,2.62867292800645,7.61196600881932,2.95100934072947,5.93389864953829,3.64703560567559,6.03885269807083
NA,NA,2.80264976516256,5.93178833132572,3.32855684793967,8.59324337011635,3.28955745102755,4.73107569806866
1.35098165099097,5.36743225815867,2.5996957594237,4.67065707679336,3.00535100187635,6.56982612771414,3.55431240502982,5.26305073649703
NA,NA,2.41706565997618,4.90894924699687,3.44998166678893,6.25768883045455,3.87224468826857,6.60035826318819
2.09187443935307,6.29693190177812,1.65123406534657,11.5642759524349,2.98860145120067,4.91300660173519,3.94758143512774,6.98853111812628
2.03716998047097,4.61731929206945,2.75160241829342,5.5098085621911,3.03818918550613,6.29348136015105,3.55991264399238,5.11711510884098
-3.27554210389416,22.0055357765172,2.62805555574435,4.95657173577142,3.0831612860871,5.31559895907208,3.57565496598443,5.34113550383249
-2.28894460929206,17.4454994592834,2.00012009052676,11.6053772846278,3.4181425715798,6.90090709193709,3.27154135562859,4.58596772121123
2.07205085118639,4.9610852197235,3.0294700735721,6.27538986749968,3.08019380522386,4.78507232932412,3.80515205223313,6.23896359545035
2.04326426049415,6.43754892153698,2.8633199401844,5.61131794275957,2.97698117266496,4.68262834673535,3.78392083851089,5.90952080938966
1.34677142759303,7.4668570997218,2.69326002173425,5.2623485342001,3.02926665109805,12.6368081721092,3.19696676818608,4.95197907528721
0.410471954853806,9.46295482108263,2.24992520625207,10.9175913114058,2.70630721518551,8.16246790877503,3.64690875822164,5.88217962890842
NA,NA,1.7753542830069,13.6587325009291,3.24346903813875,8.66951055551801,4.29942581381393,9.80086703951826
1.61263154901967,9.51593372856933,1.91735859004243,10.1764909696533,2.67624359493082,14.0670409242544,3.26242760322231,4.74334889901292
1.82071349931292,5.34262663006478,1.66773566198436,11.6688018016406,3.06001372789012,5.69045603337458,3.38163148189196,5.13824268095612
1.67813281902141,7.87629576868091,2.95415115998324,7.49323675620317,2.97114136776259,6.74451762393315,3.59322738332491,5.72867502201404
-26.0420600348955,58.6910790990222,2.77705235542869,5.86131895926384,3.0585292782842,5.73711851684208,3.94645147819797,7.28837011172614
NA,NA,2.61646587287909,5.54534691406585,3.44614357298091,6.73732125608121,3.94368275133027,6.99223364599431
0.635224352843,11.6608520069739,2.60205742589682,7.14742403072794,3.09051215852889,5.99426440773293,4.21554922663716,7.7016432114802
2.36183558565933,6.72180132608582,0.313453475765187,12.7390537403657,0.914284557051737,19.7089430759128,3.6210853990021,5.65970829054539
-0.83945787499797,13.2128843816576,2.82055705079572,6.68381256438705,3.17430047250741,5.28671197231447,3.74730493945039,6.17174412267894
2.28249914951884,5.4029052948813,2.70705329934356,5.09765872132513,3.08060319819146,5.53968026770413,3.37195720315529,5.01923958114116
2.0767477292657,8.15487691516799,2.6735333858901,9.27894041522768,2.90726225644084,4.88840461001238,3.44339193560738,5.65731005350944
2.12874292519875,4.58095370980842,2.55647966237655,6.52180813073566,3.22780777020219,7.63926310298594,3.597859412603,5.67391140590407
-0.331009930134065,13.8763115973078,2.53945631383734,8.22614958643628,3.2322936010521,7.09832710313092,3.62444853697633,5.94874268509112
2.16001491702893,5.55528115601275,2.59638113798287,5.15382539656916,2.89378819325294,5.05199869964306,3.63315740233632,5.50945090718516
0.91192052006049,12.387743475018,2.88182226613929,6.48920339843978,2.77448002016766,4.86060757727182,3.70805434674725,6.17650701643106
NA,NA,0.723304568106868,16.1857732615805,3.61155102071888,8.30547404418834,3.57335167433637,5.53518733726099
0.268634644850747,11.0055849381087,2.44014439594126,5.04504081570831,3.22467459564749,5.24154742746235,3.34012945313427,4.91176654690742
2.27495361563382,6.34984641496823,2.74066918349202,6.36872759157785,3.06080489393702,5.64930971631755,3.56502681936433,5.61733752603183
-0.0844760975283698,13.5947365993443,2.49711913977812,8.62141133034715,2.84595984109224,5.33857206278712,3.7051561672876,5.73155658922963
-2.35665417201288,18.6969809561678,2.60481100263268,4.63791731176958,3.2306206178543,6.68881893132341,3.8789390578029,6.59151620036823
2.42586177081496,5.72826115748973,2.74428180183344,5.25353019351164,3.11798295278651,5.56780232785121,3.10588457226696,4.36911325187691
1.78287802079889,5.96985948629837,2.53985903654879,6.14814242344776,2.9489564535409,4.74052355719742,3.44639395409755,5.19166633616527
1.1849877212714,7.58917447637557,2.5526773235188,4.64872277169167,3.27957720616934,6.00347848759158,3.82627729645796,7.23159166050647
1.13874302925594,7.26439499501759,3.15690724319964,9.31247305883657,3.10567506217515,7.97900301793721,4.0222471444714,7.47867364575977
1.1804509350302,8.51231281080748,2.36332819183565,8.84335024950059,3.0331658271558,5.08689715205889,3.51279158625293,5.64380521143265
2.23039073444791,5.62146073784161,2.86686458370486,5.20801158665484,3.17358358540195,8.56226307229798,3.8358285749164,6.00296249032553
2.36510152676552,5.18974356017136,2.54863846639623,4.0408749619575,3.01491676598309,4.78384762148031,3.4209504548727,5.84582399491306
1.02053407918683,10.3398091640281,2.57663240544948,6.3635311006512,3.63370444252735,9.20119862504356,3.40023432671556,4.76776065543902
2.06382242055568,6.11025772966451,2.71382042293282,6.76535365351941,3.29476550776654,6.25758369878532,3.82403964770384,6.31984043741699
1.90583557881311,6.67615869495643,2.43258370943652,7.13790867884188,3.18751792998323,5.85078588553307,3.24964047797287,4.59055140556714
1.7465575607525,9.06154047921403,2.6634860103743,7.94720397779364,3.1370081990522,6.50722177950761,4.0233089979817,6.79774941734764
2.22162712927019,4.48985650262982,2.74361968493215,5.25975251408453,3.15208435154681,5.9862624402435,3.63556424416352,5.73054754501505
0.883568800422166,11.2298702258811,2.66119282349027,4.44657566729992,2.76801456129107,6.75235516105487,3.57014616709277,6.31797913715191
-0.5507237387459,15.7445855246741,-0.386935338816341,15.3248875756893,2.92261715309823,4.89792800007931,3.46071599053919,5.03311868434636
1.75947803205209,8.72602303386394,-0.356854680411429,17.9418631219852,2.88296381050789,5.51354601286301,3.62911660681004,5.57803231232467
2.16633840076062,7.22029178667501,1.93173511348291,11.5707592542642,2.31693059450922,17.351996246772,3.19678994303448,4.60053525308457
-1.04693899982546,16.9105979320953,2.29361648885481,8.99163450458139,2.83607236525827,4.25568569666549,3.34166863342,4.90005612909452
-0.0935773958674515,15.2603859833264,2.21019789668664,5.32098145700437,3.0425012567985,4.96562642002011,3.47188234250848,5.48820886205511
1.45282936980209,5.47397250158647,2.58423393046773,5.8096732346165,2.82300853571959,5.5155832643071,3.4234797853385,5.36391681460479
1.03367328709127,10.4514033816651,2.10555669194547,9.05586241651779,3.49175151162709,5.8291153752796,3.7658899040645,6.23191738927946
2.03338610655047,6.03315301716442,2.4299533105982,4.24725944250372,3.48422791639314,7.9808915366209,3.29439523863575,4.63967440977763
NA,NA,2.73028551926152,9.17326845821639,3.2164715323893,5.70770804005113,3.48702992038629,5.17998147615293
-1.4463198056567,19.233715431073,2.77042013120185,5.87506762839495,3.28702659726774,5.96573953446823,3.57268330281007,5.5002619959508
2.37836093511229,7.57466521292588,1.53049021325786,6.19464157677079,3.0245745660472,5.07248434907228,3.95314098324155,6.43001367403815
2.20720829638811,4.47876892521962,1.1271842426128,13.1592592757135,2.98736570251214,4.91738237000449,3.35440593520773,4.76309044943876
1.94018394861063,7.22612176465438,3.17704968520379,8.38672346128879,3.03059501608714,4.64782693163419,3.88009344567435,6.87249415020706
0.300691658659306,8.30985603343328,2.65582082527676,7.86875096102222,3.34612462178323,9.80557274689221,3.55926864218143,5.39333104226652
2.38377650652298,5.46997047255407,2.04522407296207,9.79859784918256,3.19308281406523,7.38321577526373,3.61236087059217,5.86840332675776
0.861813034599608,7.86851771672965,0.944934891895471,14.0659416606267,3.40583903157743,6.45112781115161,3.53840341656453,5.3751593508901
0.4653953452619,13.4300436048398,2.29561709580829,9.24718868705028,3.33175201855652,6.52050984295148,3.76603381723028,5.82794465991669
2.1213309619079,4.90537196384676,2.16190167064325,6.51583261716683,3.21151565627032,5.27537032799753,3.85124679073928,6.04780625852005
-3.43593779617039,21.4257051917027,1.6138287368888,13.9730756005597,3.25156752081774,6.2827774073221,3.27923988399166,4.74359703957013
-4.45680735489616,24.6610951115781,-1.81713785503472,23.5319405032749,2.9931598042418,8.57535779961797,3.59300661217814,5.72239855976818
-7112.93638273268,7119.93074121109,2.42881898618736,6.77632826670731,3.01803616041883,5.96121507491682,3.53098741323971,5.33051559332024
-1.12192633641769,15.626171504063,2.6160236412104,8.01749395048019,3.21506494148431,6.21901286953535,3.55214868360311,5.75945906150868
2.13212406663761,7.33536658180647,2.5106847416087,6.38368167363982,3.46022177640376,7.57406199491254,3.37488258203189,4.70754911980362
2.15393934537799,4.35548455133982,2.5281397277956,5.75526478360252,3.25713967927431,5.31247204959996,3.99920568752334,7.03999915379844
1.90582279620653,6.73133778483781,2.55362132832582,5.82830921528833,3.3349010242153,6.64616894553373,3.45077335478958,5.6962839456512
2.20743355135261,5.99323399914304,2.54453387393741,5.92115312476625,3.3770295163153,7.29939244368246,3.03937459544251,4.26853528424242
1.07587358975041,9.7929554423345,1.69485991307566,11.8143334236387,3.06795375250229,4.97045568260052,3.5925292983946,5.66086491864861
1.44335117327193,7.98206980522475,2.10912191758111,7.37091642708596,3.44325392739855,8.29117845164966,3.62253773133361,5.41357041242314
1.26646278250538,7.62710093857405,2.60441947010048,6.17450954341776,3.23323662493123,8.12628248183029,3.37822828490144,4.7935983732017
1.76190818750169,6.51971964645044,2.57110928890259,7.74438278164561,3.42921274478701,6.53201445586253,4.0214415978104,7.39914259829702
1.54437305712881,10.0287278228138,2.58248259287872,5.86754899872294,3.41965943963833,7.61179279084262,3.60468570994494,5.35129271972184
1.87506694192594,8.00165691958702,2.75047274883868,5.99612235450929,3.33596373656931,6.16567739996296,3.68863894444057,5.63801153381574
1.20497118252436,9.66071199301565,2.61464388978334,6.65451232667269,3.12143768452139,6.06413674126039,3.73838943983781,6.78760616664514
1.58183173571346,6.9042892366999,1.30123994241958,13.4527627828973,3.42687582717633,5.70791449870568,3.71796581842905,6.02400709932908
0.967675871221,9.0826618376144,-13.6105854450888,43.798553576739,3.43874958515428,6.97265787121317,3.61738067330708,5.3436155483869
2.43045078377264,4.9911420099673,1.29981991095508,11.6734168470823,2.92586367564821,9.87957162157818,3.66161695916306,5.51603241761509
2.22363462439563,5.10034402735185,2.54559046836048,8.43978196877345,3.22659419597368,6.47096246758333,3.88366332255423,6.88791792044552
NA,NA,2.61591372118071,10.7505748569906,3.38070090095578,8.42717678125971,3.56912659521653,5.25028007301788
0.197516095580562,8.22785673219894,2.70503220129569,5.75418524136441,3.49160394080115,12.7222818205327,3.3937572891287,5.01788492252084
1.76610420039189,7.47061605134519,2.78115230426914,6.01245588117434,3.27116844684628,6.03964874225576,3.7551399205714,6.21809508293572
1.97527763230106,5.66465868515004,1.07368252044361,14.0892517398431,3.2950900798688,6.25873817716062,3.38489902781075,5.05015593344305
2.13756470754133,6.26865595907875,2.98914551859712,8.34028108000694,3.37968421832549,7.1043629039177,3.81532098718697,6.0307345020517
1.62386132955667,9.29756483560822,2.08286627857785,5.47315777971104,2.84524700778481,4.48674234598547,3.20584217257398,4.60838420595056
-0.385464210601323,11.2359660744887,2.49231123120821,5.01200615771317,2.98967128709134,4.79596454434728,3.68337640636024,5.76700315438217
0.126641793856356,13.3137341612726,2.65065631055556,6.54774842834521,3.2677192144065,5.39330591239878,3.59065040045779,6.22104415950265
2.12741975632133,6.52209924043452,2.48684751623498,10.0098793072178,3.42108497477177,7.16744940695252,3.76973249233813,5.91257240945992
1.99797349123731,8.80881147792826,2.49736243531019,4.14501340177456,3.40548062810665,6.06065523529453,3.31749256330353,4.87315877693143
2.21727706054876,4.32020325012423,2.26281523463344,9.93232676664745,3.16586374311033,10.0769937777696,3.34482449861338,4.78996750352279
2.05191567884035,6.59973590088574,2.70567895536567,5.63954746183141,3.15698186070241,6.00280517509677,3.01023698301924,4.18320639220812
2.19215193897339,4.39269251730883,2.81639321293241,7.13962529482794,2.95849567814405,4.72582030893548,3.49827909038093,5.39824907502063
2.20334748068562,5.97597223156099,1.9628197372754,12.7276710064394,3.37697047468605,6.93037742580629,3.70572044338891,5.438992714552
0.675669303090648,10.2057068664653,1.15437770677244,12.1699641350826,3.06000638099381,5.7656461843745,3.80799716005826,5.89433572282751
2.21123002700031,5.47200031586027,1.98885496490976,9.68847772528784,3.50927625858192,9.8174708140681,3.49847075593705,5.63438989660795
2.07188962366013,4.45967054650847,2.47194019790747,5.43699138506361,3.53957832064502,8.39333920419143,3.51932602477329,5.24089277482948
2.1746971338982,7.24015542970513,2.57683523582786,8.7425377140791,2.99376800827954,5.60076268227114,3.91102599604785,6.3287749382721
2.0688305748942,3.82929421504645,-17.5729299730635,50.5329862463583,3.31646570771727,7.71265446006614,3.94130326077658,6.21395023809019
-63.5375891331313,106.520415674775,2.36915182182436,6.72310947458556,3.17332387897593,7.23638123652615,3.47753263855219,5.28973594910973
1.6410133756742,7.830491965452,2.48674045482605,4.49593533403257,2.90789405985561,4.60496324307057,3.82461134474863,5.98323470749574
2.0918081867261,4.19950890886958,2.18665177322656,6.00332902109662,3.32603053900568,9.30445917690683,3.44162727248884,4.96453182015993
2.0035888427041,8.32807213427641,2.72421503557616,8.19415638372075,3.29942403574643,7.035187133906,3.50746195576213,5.32948714078244
-2.49020487995778,17.8820183825038,2.67927031048347,9.19112819917616,3.0288796717424,4.77383979845109,3.52662568587794,5.10560094717885
0.695129448340167,13.8312270995064,2.85301286442618,5.00476686792798,3.17829377104477,7.65523353179116,3.62729399302921,5.71961907594849
2.32260495101884,7.09548552076392,2.52047619094611,5.4310951306566,3.28491126721377,7.11280678701896,3.70879262843646,6.05321687654688
NA,NA,1.29339995726378,15.4348129298827,3.14964252108244,6.30638818240096,4.00298926262554,6.75717849575883
2.53005668981281,5.2808614164495,2.35841333497959,6.84321644320524,3.27266852442392,6.23841024530788,3.43849552452704,5.44848812742515
1.81504899291968,5.12538522568713,2.63445011474347,7.15299724562394,3.47442376833476,7.21157587132019,3.86382959258101,6.67561057815456
1.54290148526651,9.59426244957679,2.8617465239904,6.08683572313499,3.48968378458278,8.13071742534833,3.58123688890305,5.41936340602951
-41.1129308050883,77.7138568251621,2.3147394767578,6.43890949780555,2.78724450716884,3.9082528435852,3.62575742777749,6.19498385469536
2.17869600018878,5.07172738607072,2.74183306331082,5.29221634958906,3.60777060757264,7.92871064748503,3.68985806001877,5.50873719163645
1.4854930082889,6.79894895992199,2.53693675326643,11.6143871109476,3.54257488022066,6.63713008861721,3.74112007037481,6.16432334801132
2.22884344977773,5.98833252028633,2.30956716859275,6.9301633035265,3.25570598184197,6.63526068571632,3.17921647922636,4.83470927658434
0.107598832443043,11.6934446697087,2.28276426761676,8.23410064551816,3.57002831217007,7.45948333653142,3.41505837202882,5.15804524419053
0.427359843060054,11.0586550264139,2.35712736726608,4.95525849276871,3.19822764120821,6.31838823118426,3.62170641420106,5.66511091186804
1.86155006026357,7.51539477693075,1.04408560429234,12.8124110718594,3.00037477589013,6.14512930515085,3.52429296009022,5.85588827650008
1.52300690643945,8.8776994456291,2.39068385303297,3.71020962814301,3.25610818129028,5.58847263907614,4.08970289842177,7.55819150490531
1.75794375743862,6.90984973312039,2.63203102498783,4.50958975927819,2.99323966947287,4.85100385127514,3.54643534226033,5.82931354872079
1.65027556514048,6.5454500124076,2.52415749952267,7.43859136780945,3.19557816822745,6.47641622575015,3.36931052125245,4.88993214438308
NA,NA,2.85436622701312,8.04025916551102,2.9144136530382,5.24565113357545,3.46754163430769,5.47688274788596
2.1802866650641,4.42015324710759,3.0434219883238,7.44889073986049,3.35342409050518,7.06964984988398,3.78314881611805,5.83434285080133
2.01947118093085,8.36619927306579,2.4685040115987,7.55551579398997,3.08231986411556,4.92671375373742,3.19497079124197,4.70649788696378
2.12902636413311,5.03693105350238,2.06609562172961,7.31108082407608,3.23266563502608,6.55661375909781,3.49748703377192,5.07580680673791
0.991204741294707,7.62035012602449,2.46173211720691,5.19943173319558,3.06914815432182,4.97199318103587,3.16336562388216,4.53485383888817
2.18845556859447,4.46757716061487,2.71554695606882,7.53067046802454,3.18977555465947,5.82058491308686,3.78146906160402,6.7543394076568
NA,NA,2.58152224237723,4.88927123385875,2.93726907144801,5.59243143182229,3.85263170562741,6.26161726166
1.89621828425966,6.33382576305449,2.65546164468738,4.60337758106737,2.94255894470466,7.23033104452894,3.44204241037501,5.16372391520036
2.31276000090104,5.09662595348562,2.95243309540265,6.14784366242085,2.97723009133537,5.07776810254772,3.9377201778813,6.70515114668418
1.97730408845304,8.7227867410741,2.27747995770018,4.06200292631862,3.14250705058644,5.59906583004562,3.98212348609668,6.55567136676644
0.14022758867807,12.6603981762512,1.81918008094478,15.6355286783962,3.3122580548326,6.46321434751136,3.41833000997745,5.13392146244096
-1.89404904416453,19.8173768270956,2.59690912037677,5.15909618033111,3.23419340361256,6.59589967399477,4.47709945973816,10.2857152966898
1.86810857010019,6.72970408966141,2.29146339585897,8.14411676211996,3.3601061427441,7.08218798072312,3.95812688870545,6.86402535510408
2.19144582765775,7.83041285469754,2.59970587129617,8.08327317409828,3.18698223831599,6.68636106006153,3.64785148717729,5.89279463862549
1.03733064495837,10.7816694257395,1.8466967700614,12.5106109910079,3.02593251969763,4.85726626640839,3.50055240187802,6.53570596565938
1.51496176514148,5.88078006250048,2.77010563701924,5.1498262250302,3.41900019805173,8.57117151263098,3.39310622326449,4.99561033260644
2.34353792410979,4.75677838921875,1.88785080704685,8.40236097998238,3.21569901480536,7.76256970425444,3.3372040750067,4.95449607098305
1.62898316490536,9.01849348138233,0.637019738729012,16.2935919040797,2.78150404650174,4.39171543897718,3.221445263005,4.60032298528892
1.65141712992014,8.30518664934526,2.55543319974159,5.53113527417275,2.87988801011539,4.24322029644738,3.53207577525788,5.80875826126821
-2.76325074203475,17.7336683750348,2.40711988565315,7.44575885734378,3.01085694317911,5.81281937079718,3.76265165203774,6.28652730064732
1.93408377379401,5.53872733007948,2.8950251976604,7.56888616388265,3.38120312074005,6.43488543901254,3.94132842277716,6.48393487153355
-0.209506441965536,15.3667151221013,2.75111697715749,5.91452057562154,3.40851599830718,6.1016718475295,3.41040181566982,4.91763835844252
NA,NA,2.74051243793962,7.12810340011422,3.35009336879622,6.35950996076296,3.44342461609645,5.38451217807148
-0.339987451898106,13.237258048529,2.754888243452,6.47704571611568,3.2592124970056,7.43829485235504,3.56569442931007,5.69715582393303
-2.61055661752911,19.2628570837991,2.36313983860212,9.94463946015581,3.35794370574034,6.5498535056022,3.45989441889738,5.09507725813998
-56.5945471409144,98.3294343268612,2.02318019064781,8.50876505775237,3.17518909620571,5.60386909893829,3.54874717994154,5.74065695678443
-6.88444470193621,28.1540322467885,2.67436940726504,5.49939872269752,2.87843138716947,6.39828485638797,3.69780225164459,5.76467266908459
0.347583216716115,11.1503810053105,2.67930464414481,5.74628545411452,2.91760231056394,5.86086597349088,3.67076270635358,5.70524311127554
1.86270796123002,7.03767781080188,2.65916058307773,7.43167825984556,3.19673836119712,6.48427861405884,3.35787219027978,4.96106947569221
2.33213112816658,5.2318304162965,2.191814897212,8.64615747106537,3.15681155830666,7.76284851177788,4.04658376392425,7.05279117865003
2.19071430984142,5.6862610115956,1.72458999681881,11.2305731254109,3.23758113665937,9.03550856628221,3.33286526694533,4.91865977666543
2.28993310871348,7.69359890680152,2.52009708923629,7.88196507550307,2.88605892415732,4.99515249194311,3.39018768688514,4.98095338609607
1.36790011689231,9.27263218988992,2.73325246985212,5.73473572207821,3.25729712021295,5.52909829852294,3.55838177749803,5.60209913567362
2.01540579832284,7.71237907135984,2.42121784623422,4.59864948216843,3.2693656653844,5.5870992013874,3.28038291434596,4.71755991656001
2.23449535607112,5.10537454670791,2.3622070729814,6.75580461798536,3.68978258824327,8.27798685967302,3.48578554449304,5.07564460431752
1.99217028133745,4.72464824865945,2.35376564612251,6.32284486423445,3.45346453159589,6.792667655701,3.57650838338953,5.25232794438395
2.3259441587143,4.64403874611819,2.65275828733627,8.4095772056923,3.05493673148097,8.84172470510108,3.61180025435542,5.76873859810988
1.62376236169918,8.09426656296427,2.87764709732648,5.0939825206922,3.42885987756782,8.38497202795305,3.81363970769172,6.12852378178021
1.84976829109738,6.03872273084468,2.73970925585845,5.62240130363753,2.9565984561194,5.02999387296887,3.98564986751153,7.52067721186827
1.89565543731667,6.96180890729826,2.53297270760295,5.18208905083581,2.97616785021049,4.6521391650068,3.66775086947658,5.32325575318673
1.15841712103826,11.5799514722281,2.63093220374227,4.65588343337662,2.94701600814666,5.2114069336217,3.44642270147551,4.95598103007903
2.044282717293,6.62500237129224,2.39296903039295,4.37345453815852,3.42760065177416,6.80428371353923,3.97778444264949,7.15596591068564
-61.6444886387127,105.610174505065,2.95267285261108,7.89578944042034,3.06486038848688,7.39846435465224,3.77249015538326,6.59973666754588
-23.5338410409042,53.3741484241574,2.42046793626493,6.2915324665303,3.20879434789287,5.23790112347417,3.78087186027939,6.37694373371579
2.10208833546026,7.12548886581915,2.49190996988192,4.35322149287258,3.03555333861255,5.42455479390328,3.51821415972561,4.93641934693076
1.14091124251903,7.52002708773528,0.334105663828391,13.5826206961963,2.96847042813905,4.48965133408959,3.75306226635024,6.49437722893465
2.07062758753729,7.56803437123591,2.42729087104833,5.58763941591907,3.0214275792394,5.03635827362241,3.60203629598697,5.34723006114044
-0.974946054397956,14.2911210337092,2.6715163306884,8.30404536952295,3.36804705921942,6.79681143193247,3.33101952986718,4.91565195263709
1.92380437040533,8.35701491156339,-0.0812397853797542,19.9936513401132,3.46516468134687,8.12497540580667,3.66487344590554,5.59995870891496
2.21558280280242,4.0337685347827,1.56338915824196,10.4125347915457,2.94849291104756,5.54636640261216,3.56904813762422,5.31947754050688
0.0770729107971473,11.8116395078786,3.00790122584622,6.5128236801908,2.85877629563957,5.81033593338008,3.63960831353063,5.80525382037902
2.11840511936878,5.5165767609212,2.36797772387591,8.2958132205016,2.99185951971517,5.08448400468334,3.75326329797162,6.20502382507873
1.27682028856857,9.42211023491637,2.62469242947471,4.7238828831749,3.06347158067817,5.51699440467845,3.74406065825556,5.95777973906953
2.06615408895973,5.83658406790911,1.82864595326654,12.478524279675,3.72387884949839,9.44987151989704,3.73351672877952,5.89590212133019
-9.96340078063317,31.2999907207794,2.3684898045987,6.64247586327283,3.23455883399149,5.56438648495328,3.22706985300926,4.48548451876736
1.08241930386917,10.5332143896743,2.16860128897606,8.76278665047381,3.40212878249698,5.75372788485287,3.19417860856916,4.57094954272206
1.48597995136264,7.94980842331876,2.24632011011046,5.26833637019697,3.36272570111179,7.45059613607435,3.73947622747202,5.62547895463482
2.08682465645476,3.83797538726935,2.651956763057,4.44964095384405,3.13703885891165,6.38558108728927,3.43589998767824,5.05927586186517
2.38645939847825,5.15106104455569,1.75036945857021,12.6284342124909,3.30046057083849,7.00806974157339,4.21143523520901,9.19526583084154
2.43966389905832,5.1964077617771,2.55540638626448,4.6557013058367,3.07124255223766,4.877889822971,3.6197893449207,5.68081610249758
1.10640473006067,11.8909818650936,1.38410211916636,6.87259765527201,3.01846806854874,8.81752572258801,3.84842658430071,5.91924973232133
1.38038319303645,9.19192657195058,2.71761501160391,5.88445474451292,2.9793238923333,4.40591170491916,3.53479451241612,5.66009707847284
NA,NA,2.00933207309645,10.6075500124456,3.45577967510872,9.66020009617586,3.83101682497392,5.93288404839982
1.0663474466877,11.279606247892,2.5903458305735,7.18206443806446,3.26555019460676,6.0057716795411,3.60972578873446,5.31369142469847
-1.93824769525787,19.0254067326656,2.79394606155244,4.59355767561037,3.0368913116433,5.5386406659119,3.7015229427276,5.80665132500768
1.56547689919329,7.37695916339418,2.71108555948785,5.85593625050851,3.56118625734108,7.81525358669239,3.17509712297679,5.00785669975564
NA,NA,2.23174587608092,6.1135379907305,3.36684684788793,6.67148600634246,3.53322928480792,5.24426280456391
NA,NA,NA,NA,3.47077442163192,6.91790571322322,3.78000722911424,5.90187963211964
-11.197229054907,37.3888365521262,2.83758592470077,7.08075574067068,3.05524083356335,11.5583720518866,3.70912856758866,5.97626680752346
2.43043333848238,5.38665150760583,2.81672155986422,7.8361268279676,3.09135397645656,5.74846551009494,3.98193912614641,6.75730169416049
0.562618356658457,12.3450917112683,2.79431910181585,5.76827167123693,3.1118317665339,5.76961126766731,3.64048631599139,5.9111909716532
1.70901018164182,7.63896641312956,1.12266802164028,10.2851900195364,3.09125019464133,4.94287487250547,4.1056214686437,7.53692600472274
0.319378521562092,8.85277696684274,2.62966141806792,6.55770812400192,3.26627274120109,5.32802624489445,3.44879471725222,5.17585520987383
1.88486838276942,6.83792282117727,2.4294188360147,5.51006469968849,3.01743600479176,5.18299384104264,3.96860748663319,7.00478102760518
0.212786577845279,14.2486337998956,2.38018080143946,8.39630370022842,3.42909425948731,6.95611628780978,3.46069299265396,5.00756579685709
1.69765896681294,8.95400141612613,2.00137209546919,8.16905983519475,2.87292281534441,5.12110364833057,3.49081574288485,5.06054223287233
-1.38202920583139,14.0494462935431,2.30253449408332,11.5165313789703,3.39186440199551,7.23607948776358,3.66230231478173,5.36931242895877
-1.30293376523386,15.5829078464863,2.79449986063351,5.40383479058774,3.0079763491072,5.67171144416767,3.73160158301852,5.96606777275572
1.80720319281595,9.32727206167498,2.52445875177377,5.34934252906028,3.2245207123861,6.2644002948782,3.50116239435638,5.10812118248663
1.36537795887821,10.0234535466377,0.38998553194849,18.3821733731104,3.33848883706583,7.06802758073276,3.77139116439992,5.71805225160324
1.77593338070863,6.61460011065366,2.73303174922586,5.56436705427348,2.90548922505876,10.3976268176507,3.83470043605491,7.15299269677042
-0.776076895938656,14.3950415812404,2.5594237488289,7.63715958522034,3.27478672400016,6.99227843346356,3.77174660242387,5.92220209213373
2.12308999033485,7.35276747387967,2.62713615938006,7.16716883352386,3.45222877810374,7.09767608922275,3.72482388984874,6.36913926108117
-7.73360632120217,27.2256120409625,1.88531065963489,11.6816603444576,3.35998853079291,7.41982659630424,3.87211926330708,6.45782626646462
0.308445631360768,10.7888618394826,2.59048715930985,4.92846674850722,3.04202356473728,5.17484674549532,3.79417296292982,6.10118228316145
NA,NA,2.83677012112765,7.03649513223446,2.9129282025403,4.51870785196853,3.65689722952221,6.23782163155086
1.69214197143586,8.3169785804928,2.84296003333201,6.20353971397721,3.22560857987629,5.64688578024342,4.1114321466549,7.46053151982871
2.03043707757393,5.48140780213708,2.60323939362892,6.39217230068407,3.18444805827751,6.00647547146037,3.87588085409233,6.62968645461228
2.26645077161067,5.16073872883738,2.60358814892501,6.71800317544678,3.43425170711485,7.09687592783902,4.21976317966384,8.36768655032407
NA,NA,2.95462635374146,6.75441294701836,2.80553477616195,4.3777104553985,3.71107674394605,6.16287228745379
1.90387277242549,6.09066202970254,2.76600572816811,5.8057055809892,3.0848632289071,5.91403885164708,3.60566953162384,5.16208277844808
1.85874276660193,6.10761630503693,2.68168194506178,5.33998217583869,3.00650051892102,4.93748872057652,3.28499871681747,4.62225676421497
-1.47941386154713,13.4463546317318,2.84283152159848,6.84562747314562,2.75183689707759,4.14670788557338,3.81149845814672,6.41997237095306
-5.88396352202425,26.0355426611932,2.69563802067999,4.69694158327061,3.08378034570986,9.5015284120467,3.40142171586449,5.50133566120617
NA,NA,2.21228108125953,9.08924381242238,3.26682237952875,5.85441579878601,3.67518032921076,5.72229401728412
2.32637796185447,5.40722604973528,-31.4332712168471,71.4919253069097,3.44017994436793,6.48003013879069,3.69763301477249,5.62851470486033
0.387567735041904,14.1771726469905,2.71779986806436,5.88467310359996,2.89092879442215,4.55309633715353,3.58045178651151,5.95724216344441
0.773993910416776,11.2402018604413,1.37087588372649,16.0977068081014,3.25683610582871,7.23706270873345,3.40740960481457,5.61528913631159
-2.18687825329861,19.3831974784653,2.6425661169445,6.38931696925266,3.20375032692839,5.25321875425221,3.69004181111866,5.54787816025325
2.42246489112046,6.32628657010404,2.86440646792866,5.75248353534394,2.93716429054301,4.935903465671,3.3700125904826,5.09178933952017
2.20544064622103,6.45660011642541,2.55847531478316,4.67169043424828,3.25821758520547,7.04411543367544,3.49632881960149,5.56595001240871
0.649876625995786,9.89044905670439,2.36050650633974,6.7384209413272,3.32017353012859,5.36729114269116,3.11204264276942,4.30817937639048
1.89784493664588,5.88431599966057,2.67063316460092,6.20446146493352,3.2546674894403,6.31811627495479,3.68126944304869,6.00926808965377
2.01327469455185,5.51251522045402,2.27684457864119,4.45157209338797,3.29190855873898,7.18196327024152,3.46529859132221,5.15528991604705
2.24200362264505,4.21682360155634,2.48470908119559,4.26926454652917,2.4114398854489,10.6593926332051,3.58630370704053,5.57498295712076
1.57314404385484,9.08550955173922,2.40400121542935,7.57594514063111,3.43280535994954,6.73166922438668,3.67968069360033,5.60025782836954
1.82930377600763,7.39494090818433,1.45709331297158,14.9041399024858,3.29123718081101,7.03768033894903,4.25971232636715,10.0497905220711
2.22158877555293,9.02843585200092,2.17045414303522,7.4301567977897,3.10141790115062,6.65581805685051,3.40343911404557,4.75037561409179
0.686011110515958,11.0753683500701,-8.67786339240274,36.164699289573,3.05852999155849,5.26715769910398,3.73500314732355,5.9309129721736
1.20363860410865,8.57498140854786,2.47340260028777,5.50760490263444,3.26925006194859,6.0146866783064,3.84233516056576,9.74217148586702
1.35798928254416,5.28420748663101,-0.0644316246922578,15.927370908991,3.21423151185679,5.34834355295994,4.04018606678101,7.73796155699016
0.21840406213447,12.947669547277,2.68051874661846,5.97890657383551,2.70827880296504,5.69622938888758,3.49821904866944,5.72220713634637
1.68876386505712,8.0063259591397,2.60746582452328,9.08519583656012,3.08688482469769,5.61147723565181,3.49242940887108,5.55915703669014
1.91086621575743,8.12703279239368,2.60310464178859,7.74679248350987,3.2960297329451,6.12043522604168,3.72049622073175,6.36157629946314
-6.26701767485375,21.8063395464349,2.85941034164429,6.94168024479811,3.37681688794031,7.61099514354781,3.96000162433764,6.54711844500448
-0.665803582064774,13.9409740934163,2.75603374838067,8.65172944444419,3.26082984143453,5.77726046740547,4.05774852353215,6.55485189767673
-8.364064969022,30.1983971018512,2.23917509400974,6.26295144772083,3.18068225148628,5.63447934106565,3.59523152571494,5.88982168532764
1.71198258584769,6.2789550279045,2.4536467221665,6.2077344921215,2.78598469771307,7.20013658718912,3.69373472681696,6.09225415861735
NA,NA,2.37336452887724,4.13304905995488,3.22868055433586,6.03669544039725,3.42301546538897,5.2398740090331
0.644904093759235,8.71247109913037,2.19073329142933,6.18047626614816,3.29981535720075,5.9387378582747,3.50021819973478,5.34338730515031
2.27787264226554,7.11887102277546,2.23487901650579,5.85428862890925,3.08044985881494,6.30790069548278,3.89570726284284,6.35068412396218
NA,NA,2.49505441980582,5.28857625176578,3.08750029798995,5.11170811037123,3.1470583450868,4.36784714568658
1.93099905228647,7.67235272959193,2.75397992917691,6.47461015398352,3.01077076298003,7.45153972423833,3.59056157777166,5.67602976614468
0.913048540942031,8.1350238196618,2.56688747358646,6.24708485020447,3.35048519942355,9.44152005209733,3.67409416923706,6.15868739806776
0.762692930442988,9.71794966800755,NA,NA,3.22602485806884,6.68181161085144,3.34523428980486,5.10910144415936
-3.42693244658428,18.426413037271,2.00852734301558,5.91172239539809,3.14787848149704,5.64106293967141,3.54929316521408,5.81998609150723
-85.1870962296661,136.463919381877,2.51982746056597,7.75574143167571,3.51175182360532,7.52729758630111,3.52903822840275,5.29691393386787
1.888438175285,9.13675054161184,2.76040964903255,6.49340015574929,2.95188466278026,6.63401282578746,3.95738199409945,6.93636775976647
1.49742584001011,7.54087508315093,2.56375878687829,6.08698175002504,3.1666703757175,6.91595651160946,3.53044584165406,5.21504230677836
NA,NA,0.729258198256204,12.7508902960576,3.26567853885048,6.2737021025266,3.40901709414379,5.24736935045242
1.78295158967649,5.14665905494794,2.04618748575556,7.80433086408111,2.91614944192471,5.07995456539191,3.29485391376246,4.64027356881287
2.14680189321494,4.94299611245184,2.64798700610133,8.32458069436316,2.92517621461573,5.08928356760412,3.1872261367996,4.68931841676173
2.16381252841725,8.36923139401541,2.37347614261286,6.4605335429663,3.50052041699612,8.22259581983042,3.82145915331715,6.06703280586886
-5362.62378344246,5371.63398396832,0.0685286643642016,18.0583104736519,3.27944062788922,5.77612629228963,3.39446007470391,5.14072886860432
-100.115559937446,161.328070363168,2.61329118337972,6.89789778612642,2.98222855844673,5.16601911229799,3.35107197385941,4.76082686241942
NA,NA,2.22345536300736,4.20191694018169,2.18905056774767,13.7436515050193,3.4671444743096,5.02550997189764
1.22915231823687,9.7273871042297,2.29179318840313,6.12297599569164,3.28927128485396,6.63245297833465,3.74558592165318,5.88489741866074
1.60431465175839,8.8632353173047,NA,NA,3.12999283081107,5.04198660413902,3.79401426047384,6.75669019703005
2.22819148397408,5.62208031271036,2.69839843814413,7.86678712866344,3.26617035643235,9.34028900747013,3.19828986198459,4.62528941576935
-0.0908754228934781,10.3761804107397,2.38311131697025,8.3535260616275,3.28018598805974,7.28352298814804,4.10131786857045,7.59921172903017
NA,NA,2.49574025901934,9.08972456573765,2.91833253171496,5.41498099837968,3.94619569105048,7.11863575726629
2.08207896597817,6.33054496113855,2.55128507262262,4.63874404573278,3.06114071071486,5.70198114326557,3.41934864099499,5.2910926175137
0.195621216745285,12.272772084627,0.0845844908688473,12.4662256282683,3.05503924518747,5.67134321050535,3.7810332073667,6.34382914777061
-1.49907271423297,18.0067209795646,2.77465399124078,5.10992317589784,3.25190342522836,7.43281643004903,3.62248496748199,5.69201804779195
2.10266712715797,5.93208888867085,2.95682979158584,5.79814754299545,3.24679849541317,6.18930979279873,3.95451195520555,6.96751349513086
-28.594844261563,60.1230426664285,2.6382678994035,4.18625989190602,3.53528793650131,7.93288311982598,4.15792429391839,8.68455410017359
1.53902227355335,8.28474619953725,NA,NA,2.85813204752167,4.76114549022581,3.79166064170257,6.12947209366638
1.58941975571072,7.03734859640656,2.99463489483353,7.73971089972522,3.2067630927288,5.26249556800541,3.17668581081701,4.27028241502063
1.96376765704188,5.23327344993776,2.2862932411698,5.89650232957644,3.27552393926723,9.7441204131071,3.40801473550761,5.4099772912155
2.21093816443987,6.17103311244376,2.09023923564278,10.5825206436692,3.1916500761417,7.41540908007151,3.34632442406949,4.79741111018219
2.15469946122846,5.29089215195466,1.57630139194417,8.71002534277932,3.28387978214513,6.24157873223041,3.94565625813985,6.84087778023534
2.4095077955892,5.73816402976609,2.57393486442833,5.43382621380403,3.12459369650793,5.31965633866963,3.39276386767299,5.00079571387911
1.7675674348549,7.41236153036127,2.86756224524585,6.16016095324767,2.54128687198448,13.7713891562471,3.29089533936252,4.84272103311535
1.97253324928693,9.25985467788175,2.80295366091754,5.87743329493806,3.19389677232415,5.7662063855852,3.45509627224016,5.24123318127949
-5.19883965363478,24.9642794316665,2.64556965253322,5.4099522227084,2.97946615564406,4.61956443126293,3.5225385703743,5.27108843673974
NA,NA,2.3034479400754,9.45794796386803,3.21591210753404,7.43408825230263,3.57552880898666,5.60406418110633
-0.0167148487171778,12.9878937562111,2.33626678363962,6.48246893691169,3.43258138615243,7.52129751602688,3.67855544379547,6.19522048297746
2.43674068389815,7.93976718553722,2.15221831926344,9.12217114449612,3.2788911906241,5.82975981709093,3.3261940037299,4.98239690815325
0.224050005943505,12.4728657922039,2.61003681628976,6.03058078202855,3.34935144847796,6.13635630910778,3.19525499981734,4.49069007384991
NA,NA,2.74568105682367,6.33557271810259,3.14652288535205,5.73225047700202,4.0782276170459,7.60809903970139
1.83566602340069,5.96238163489785,2.9162235556928,8.08623326989577,2.96135339198415,6.56403044151059,3.17159858856614,4.59852878413295
1.93392491905201,7.60230384836771,1.15645798622547,16.7825742148288,3.0503302896932,5.1826925610999,3.6240103993949,5.60727139693345
1.80100665625826,7.52218299806922,2.54443118028591,5.02287787399435,3.16007618221751,5.17378789141765,3.51861273808132,5.2468125776147
-0.75479688689633,17.7242846379509,1.81897657688086,13.5483084401461,3.14521952952712,5.00579549127686,3.64278125030056,5.97508357574828
-2.87852339994695,22.1344003434178,1.78856731236667,9.09675776917141,2.793853408696,4.64244415018553,3.52380212538675,5.43164379364026
1.20944716076409,10.6713562126261,2.82361634244334,5.40676736345584,3.23991173436714,7.32551482004875,2.97940481254814,4.03334432501487
2.36227721068982,4.89462770096352,2.45012059080371,4.65102100983203,3.24032046390042,6.25337246450818,3.72210996733862,6.15342797756706
-134.097631333473,81.656926662596,2.51288146273867,4.77573516853729,3.14576560783303,6.89262352815741,3.29066876816155,4.51607070915494
2.07155342069255,5.80894377960935,2.53077126646262,5.42831851388822,3.53930033565439,6.24164449013164,3.6090888746198,5.71185250334366
-25.8368538373354,57.1434221276873,2.68050980279667,5.79806192653299,2.97581430243654,7.64064530735206,3.91235083368066,6.62137598626253
1.83710069127515,7.52453481849479,2.56651040644334,6.38198267869062,3.25354345701061,5.64592623028041,3.91145876575481,6.2837761119474
1.16784347433709,9.49801138743297,2.59773342412591,7.16989644012747,3.17069629464799,5.39498610798384,3.66550791640236,5.76552103522993
2.08297891655274,5.82765621689083,2.24694583065392,6.0544839545512,3.56982683778741,8.27883801127647,3.85470380842168,6.94289221964176
-1.17641108781882,15.294107680596,2.86854471615786,8.08432743775866,3.01790920296738,5.4421632683106,3.29462965377762,5.07529963328259
2.06871712910955,6.08027387631465,2.08873591424934,5.44260633341901,3.48047756740209,9.62677839038254,3.48214617105173,5.51892863251504
NA,NA,3.00838052546619,6.33600623957186,2.74529867560641,3.70212992698425,3.51519499493783,5.10850854079394
2.03769478737321,7.5796448349384,2.26066338125817,6.59096992754055,2.98945460035129,4.69711980756105,3.47094845252395,5.3705200539762
-10.5073715138666,33.5008426700773,2.50848173689684,5.78885364813866,3.16440934170064,5.84298804393064,3.58330864116643,5.34480495462301
2.26710297132694,3.92481132472494,2.47584222444594,5.13465837425182,3.20632933523521,6.21172047235273,3.59645912351825,5.47841789364739
NA,NA,2.80182518309528,5.0376482892785,3.04662154139904,10.1946730257029,3.46717050246742,5.38773845297127
1.84476479621852,5.73969073550596,0.996606910685451,14.5780623081886,3.25267796510235,5.28066819719369,3.81685969874364,6.4060775787303
2.04519395494013,5.99722493598348,2.56797011920156,6.47923366223875,2.68705603455015,13.4369070211679,3.47405409533565,5.1758091404784
-2.72997204546355,18.810401767779,2.45279085754666,3.75788588711276,3.10433376824952,6.16219406415371,3.80725804610489,6.56232499153585
2.38189322212997,8.20273447697145,1.95907035894109,8.15523140281383,2.95496164002504,7.87926795527538,3.47028453419841,5.2913457649658
0.898757442978162,7.57706948384868,2.39318287566928,3.6224515509188,2.92455153363131,5.21834462572776,3.7643604573024,6.28052293862401
1.44397724504574,10.0932532962645,2.69848895245731,5.00729275266142,3.08550573850609,5.8258332998612,3.56975469614076,6.26531585221335
2.16923295253496,6.27359882179827,2.7858757353114,7.28655675483153,3.10743075882518,5.97111136260338,3.85250520290298,6.52600392903563
1.93536315495934,7.14500424262895,-0.571910536159187,17.7126731955253,3.1884800634137,5.65299980323179,3.7499174745232,5.8963631727405
-1.02685239585647,15.4104141184489,2.36715019899191,6.32216359290944,3.26110900835139,5.92438776337679,4.01539440434478,6.91230063661508
1.49599585526109,7.66536578786285,2.26341608814894,7.10766562878374,2.96480635249327,5.10172929022576,3.74837311693856,6.38371108164252
2.36958401005792,5.82580488876372,2.58564080923832,7.15892209851997,3.21565821908151,6.7042862238295,3.37313792356244,4.82502758096246
1.80631409523339,5.67462463039003,2.69782077697055,6.41452343945702,3.12064606608762,6.17845677707181,3.48927234007794,5.25835615828397
NA,NA,1.63134717824012,12.6979269252827,2.73776248615503,4.65313573255656,3.82499637231996,6.56918067844359
-2.68250411271003,20.8816309228248,2.44173734931659,5.88263676948727,3.65685567452669,7.30872535713217,3.73780090949512,6.3736561322377
-9.94873541160027,33.756415557388,2.3746002984314,9.51175829162863,3.32949978252046,7.605114927103,3.34310161531416,4.95650813459496
1.81335208795051,6.57178952825711,1.77286488075213,12.5893289886267,3.31426753785377,6.07793943093012,3.55479656782495,5.43614075410987
1.41152171547007,8.95385085808274,2.27690228580579,6.80787984005552,3.25394334969178,6.50062450941038,3.65771231383023,5.600432248471
2.03946346301896,5.74141504746408,2.79089480618598,6.40287064300842,2.68949405314989,5.57179562822696,3.53873471757058,5.32479468924746
-2.76288991773001,19.7146725552487,2.90911184620033,6.99471763273152,3.28232815003178,6.87098850856307,3.98282787799201,6.82316650151706
2.25943510334706,5.88513622538555,1.91236898521775,8.29035281934716,3.10946585848143,5.42486415810702,3.44264627783113,5.28974959529852
2.41266790197207,6.27943481065181,NA,NA,3.21303989200452,6.22238624992602,3.40571390421206,4.76135062961367
2.135194837283,3.94862527164635,2.71867866462065,7.66796414264298,2.86892525361971,4.49376084289274,3.43896154373435,5.21282505778624
1.86768019791567,8.66093378925898,2.23111282806657,10.8130386546708,3.23126479830759,5.15800526997555,3.13907004916254,4.46334636045564
1.98223172102199,7.81871397464738,2.47681885164144,7.16957847364614,3.25989557646706,6.34865121903743,3.7238675562395,6.06659536440689
-0.548403064588843,14.051245225525,2.40497757225419,6.95983205324825,3.05806932319689,5.38517391742635,3.53723288856855,5.56160154089183
-13.9335727004154,41.3250710611681,2.59911166221909,7.07754490953667,2.86923947679438,5.3929850006822,3.63645694628598,5.50745741616162
2.40503242550024,7.39766505202646,2.75144044174781,7.57766632091591,3.1383954103107,4.88032248245878,3.98596810468788,7.04685813917002
1.60526063204404,8.05052695543398,2.23298902903402,9.16653133263208,3.2130002076042,5.7292783472177,3.60965606810647,5.59602823150461
NA,NA,2.54134464474349,4.73795080961811,3.30165896013065,7.16422313998043,3.48945668994,5.933629356041
0.944276961098837,11.0613945718313,2.82086943854695,5.55145523913583,3.28496051529293,6.45755022931598,3.37872382178322,4.69645869538738
-0.613439688650713,14.4272511351865,0.955790797932475,11.7282864136396,3.00333197924026,8.15325103370532,3.44380313773653,4.93852497621999
NA,NA,2.58893953895562,4.82603016654417,3.39678525367687,5.7070162227316,3.4717579558444,5.30581688980734
1.55048291695226,6.51528236681014,2.66781682862771,5.4207053727231,3.38707491830997,6.93473943462112,3.88821118865221,6.38134068116379
2.48183113075054,6.05816087516088,2.16548129622347,9.26460302882949,3.38640217802779,6.4794333101328,3.66753525048804,5.64316465904152
2.19352871876412,3.91853376397087,2.72559001925318,6.18914872427614,3.66169479815062,9.15026847898309,3.79630315126485,6.22172175625299
1.64164336473676,7.0893332881419,2.6771136892457,7.02030534153438,3.26680081604859,9.34142747481863,3.67309169931121,6.18436457935244
-0.503551979689867,12.6731256865425,2.61746681277704,6.4362208240887,3.02292195251793,5.17458725462167,3.45104650347652,5.67420823460323
-0.199739554682226,11.5022394340831,2.55883631915761,8.81781328946494,3.2106718003907,5.80732744836031,3.3603214090002,5.00781166666993
1.7512076524654,6.72222606640865,2.29781616623537,7.35050400466799,3.3879664416114,6.49182794460781,3.21050342568721,4.53823009200084
1.64982781447501,4.97948782203184,2.54333933698102,4.20494256153102,2.83731415453588,4.62460890543799,3.66901026431017,6.31130964606404
1.71152027210813,6.47301977887893,2.67132405782756,6.64606715063875,3.04593213691643,4.71652574741664,3.37903955673021,5.10229349172307
-23148.2610073794,23157.148277544,1.37199551291466,11.3049944127478,3.22419696039503,10.0869720850068,4.01219541307836,7.13122680552339
1.90192774246289,5.73477367581612,2.34803384189886,10.3432298551089,3.09042809510962,4.66214061987036,3.80387382728673,6.32500698512327
1.70217168867693,5.34516213977296,2.76039496493716,8.32126488798297,3.02879978687409,6.43163598047769,3.45235391519183,4.93322337867488
1.85260977627664,6.19585449517569,0.831096900453459,12.9549081204709,3.39630594038569,7.25933486881509,3.63051185539022,5.6423476746309
-2.51433608765377,21.2035774096011,1.30831451060401,13.4393062882028,2.81409112304669,5.51065457059484,3.63189401605526,5.51575072991102
1.89242926306485,4.32886687773337,2.38827930602833,4.21405302509584,3.04319959487488,4.70314071568342,3.73684038025253,6.06681116860194
2.31186870371782,5.46888594794365,1.72310083884172,9.70732992429837,2.92280106840783,4.96256124240597,3.52220659631106,5.20003247308713
NA,NA,2.46234464538445,10.1984696536685,2.87661669121341,6.01815068730655,3.61672357459241,5.81841842984383
0.524583860936493,13.817896949568,2.78358300862054,5.51442813612953,3.1342676370641,5.31767027407953,3.46055978899512,5.05871099329811
NA,NA,2.73683248451709,5.62741809823095,3.58603940635489,7.73094366593547,3.54432122022181,5.76855223836072
2.02823860548041,4.5283751687387,1.49171857559597,12.7996605780545,3.19315473613654,5.46261979305098,3.3980253283531,4.94261316301532
2.37570509146685,7.01078606535915,1.36976648155115,12.1664681500598,3.42299887919292,9.65680026640486,4.02701804401601,6.72741089882738
-3.62105082896959,22.2238801888362,3.01153052730672,10.127459260952,3.0011888439259,13.10988939256,3.31392693286218,4.6430001236426
-1.72525600256817,15.9892323969383,2.33075031184646,7.49015950859107,3.52626497621972,7.17937527292999,3.715523577057,6.39820903474626
2.25514855772433,5.61715227076886,2.75157398816864,6.22718291493301,2.86519332151968,5.40944812652237,3.87346933270726,6.32835950829202
2.01409941713123,6.74970449277805,2.63375975534575,5.60314696373232,3.2204185433681,7.25296772823585,3.50347688044115,5.03155972729324
-21.7791538509886,49.1151806442108,2.67344294164627,8.24878271348485,2.91306498927761,4.30016495301527,3.74023875220451,6.10054391497881
1.65737952369144,7.60581088252275,2.96055775820995,6.59587947037311,3.13986604818568,5.70489473822225,4.25448759922911,7.43015447398841
1.4146392170496,8.01334658352835,-2.57263134303085,21.8401574892718,3.32718051061133,7.01521486430807,3.72926101446254,6.35292727612307
2.09781981875011,6.54944197877944,2.41218603497291,9.73678043446718,3.16905602607997,7.31285044145202,3.96172768248469,6.53300464776616
1.59653991135763,7.21007071971044,1.4860113835026,10.1322970467566,3.00145149953387,9.93533770985093,3.45728172235611,5.40486672615849
0.251425429495242,8.96864397888878,2.86804957598981,7.37883573272849,3.25262737692885,6.41030723214688,3.49923148259106,5.29987941823869
-0.419381916959726,13.5204432783464,-4.6277891664154,28.0342835520965,3.39685605777531,7.38705579564,3.48797643341039,5.62961492020447
NA,NA,2.56211581842418,9.20426587443837,3.16562994553311,5.6258106123877,3.33908477922155,4.92472948851743
1.11352107934685,7.88971961531356,2.50707906914612,6.9194454123405,3.15288499362112,5.79202774627092,3.24174734130191,4.72395300204689
1.67565350489846,5.02234683989119,2.72738827544795,6.83447910481903,3.36462141469517,6.90149760153991,3.77472581884719,6.39474962536553
1.03583650595792,11.2486025883564,2.77001008192484,8.79153154490089,3.26789816261987,6.06339862760934,3.60652125486658,5.2731524541455
1.9800613978862,7.61221893050755,2.57810166254761,5.01316549117586,3.17690112077589,5.7694963785849,3.91084477273679,6.43270764700268
1.74047769477172,7.98582673548819,2.66488632684097,6.33158949334804,2.77043317556126,6.36517245293076,3.48999477432478,5.21443864188508
2.383156184694,6.47279146510287,2.6452280875283,5.09242086610262,3.07411398141448,9.67808271236209,3.87240918767398,6.68239232783797
-0.0993883613559943,10.3571299865347,1.5512139847756,11.3290940145578,3.09730503184033,7.22573025773996,3.50448424537742,5.13852694677732
0.712797732733907,12.1742748104231,2.46414937625864,7.66229330581978,3.37813089327383,9.90359809178696,3.51139349659564,5.15489089533768
1.65067502319157,9.68846661297675,2.43309835530647,5.82749125208083,3.11582871912305,5.84889160968448,3.54185519605795,5.74577837866317
2.37247272716306,5.66484552682912,2.35506433413298,4.59986936711428,2.99607952907771,5.3580070507552,3.60507766999828,5.58455403675894
1.61373224550309,7.63893468053888,2.45639234349773,5.18521831110536,3.21941978908507,5.41470740083421,4.14150788117562,7.43878937034318
-0.277137735523689,9.68059412814013,2.24208156536505,11.4458826636641,3.19241761047629,5.90842661047359,3.67352552909507,5.55046379059354
1.12935844024834,8.40517520944246,-1.33656449046346,19.7779976912476,3.06653237744788,6.98198344648872,3.44091775046305,5.06670193542709
-18.6415664461153,50.4015357024456,0.338404083177194,16.480793642423,3.4185647042398,7.2198896806528,3.94528696682935,6.30139613737993
2.14345883182884,7.32244296627634,3.1156084476002,6.54725171522199,3.08056241356324,5.21182891495848,3.22990166914334,4.56122096434047
1.67522112618508,7.78846053876821,2.02668243942522,5.79943410336829,3.39534146634707,6.99311405778652,3.68313353648203,5.89473241184469
-5.918197046285,25.584338530883,2.64273719333269,6.31510225733503,2.94075767045794,4.74615429781199,3.46417590553238,5.30066847418991
0.665148578226477,10.0429248011427,2.61302327111609,6.92766965836731,3.12644701775712,4.99840405186614,3.81812217414122,6.20735986951354
2.03257359315899,6.35497706628633,2.02511419376897,9.44142142877617,2.99450781727521,6.03509284625733,3.61396981588151,5.37702530112902
2.18138653426433,4.98260257495472,2.60316951015941,5.1181404953847,3.17780666427756,6.4642009845693,3.70630441877167,5.88694271489195
1.51942794100002,8.21162751109028,2.69721721610759,5.83852004535427,3.16310010857977,5.36777808698652,3.39393025935928,4.91198085197128
NA,NA,1.27887859360604,12.6882025767183,3.04938683948147,6.4582625813003,3.79683887508653,6.14656669833805
NA,NA,2.63740464207215,4.84925094002073,3.18688235767646,8.93140090104693,3.65049849510652,6.2263150321945
0.681353853138141,12.6926221976416,2.338369851183,4.02923314840726,3.40403899892547,6.55547201184295,3.75687653912492,6.25511973538068
2.05039535600124,5.59042314377045,2.58634123773472,4.27698335030764,3.09330776132133,9.22631502673504,3.58834417700128,5.31316679214778
1.89915672876886,5.97869250353503,2.31901986744413,5.40274183521645,3.01283413499433,5.46404547487507,4.02371820246676,6.53999422786666
1.88178775658687,7.95736192524261,2.84070113482565,5.9303921591268,2.93986435563422,5.22611675332105,3.64912353100276,5.303279204472
1.80736415832715,8.69759033522783,2.47243503486835,6.89733368010554,3.11241358660096,4.77496361047653,3.45490049683748,4.97092742910183
2.37624345630046,7.85209027414446,2.59286021683667,5.6206822299863,3.26618606436879,5.86498248470622,3.80937886906419,6.07974797219942
2.22134402622156,4.68447479048413,2.20375992348819,6.77178559652135,3.11338751140011,5.4593199899868,3.93261605670577,6.54331590619821
NA,NA,1.20712902153137,14.8463825376804,3.35357841862216,6.65363991849137,3.84503375800967,6.68420981717567
1.43736214022809,9.5456055280502,2.89165354252351,6.78701240274741,3.40549017855941,7.25026438710416,3.95112181480439,6.59341276371107
-0.146475744177426,14.2243105728212,2.61895041858791,7.73167532726838,3.14075802981765,5.10724643282913,4.13125732262894,7.33850213281893
2.51851331917275,5.30517857809747,2.62264982403503,6.09931611679019,3.0608442660353,6.50429814914923,3.57101400504629,5.69256331767335
2.08924720007131,6.36210826423532,2.80850992388951,5.75425252039205,2.97539873141364,5.75467613602356,3.53367072028463,5.41243474096982
1.89222769571053,7.41936640625858,2.40991704626579,4.63872019062464,3.27470229423071,5.86210585289979,3.41939502375364,5.07735711310854
2.28363761133851,5.29530750420681,0.757593919610001,14.151533305357,2.95815985181115,6.83002122260047,3.93671912345007,6.61768043513437
2.17810286409676,4.61219484974976,2.41251788110658,7.58548173504224,3.53418018020989,7.85316515584847,3.35287768002007,5.06299765090166
-1.60745087190887,14.1989602432485,2.75403899498127,5.40495640444204,3.29396875534493,6.06545675455022,4.09233959153503,6.71216389950738
-3.00425563500209,22.3313042203207,2.69421553042366,7.7360503491346,3.25700734927931,5.97522888519124,3.72971946500035,6.39079179860865
2.36393954075237,4.51508688662105,3.03359561999339,6.61793901169022,2.64305058078324,4.715966282444,3.39129172424615,5.03165357604819
1.9799577676943,4.40953741116197,2.8206813619221,6.30419693947847,3.00527192821217,5.99532989974745,3.57646935048169,5.36741490345475
-1.78518136846894,18.2286301867903,2.16502642365249,6.95315943299408,3.37462327981007,5.4200670495845,3.73602277759036,6.24580624326386
2.279719793484,7.08621732809687,1.84651341713402,10.9725613748313,2.94978497407644,7.09666892597958,3.42150044034157,4.91469278636732
1.00489396217762,9.30100638091349,2.54111800504548,5.2353634643952,3.60099944629906,10.8732497237841,4.00522611624269,7.42479435610575
NA,NA,2.73397025069021,5.62239173595155,3.00508358078101,6.14134765732918,3.9013107952969,6.6541753131873
1.44476462497588,8.31241734605176,2.30047516831678,8.28159061949677,3.55013561899953,7.9120883184824,3.64615329907096,5.63983639244847
2.2843376370073,6.02828968514221,2.3823881031198,10.9718500569863,3.13937420674795,7.65078528642303,3.76059691066109,6.08074839336811
1.83714418884051,7.96576083678532,2.44371045984334,8.40505240912295,3.13120984658062,8.35507659716231,3.67573177239,5.87043000276735
2.22446966044221,6.58547361374112,2.46730039014515,8.90866871683,3.25424424246155,7.48441224914323,3.37336586895553,5.00502055717412
-0.202481915783991,12.9573088361504,2.57638643872176,6.63473908452198,3.14609248361245,4.84554346178595,3.583775293866,5.34644691785891
2.27531824678252,5.8981537420236,1.65182617940458,9.06238387893587,2.81119841320823,5.06064680010696,3.51420726048296,5.67173429821118
1.90647546406745,8.28578911315349,1.49535096198424,11.4314831068511,3.56781980541745,9.44780439904103,3.55125526198564,5.68927688873576
0.846929616276541,9.26757333068906,2.46401966116238,4.64033059555488,2.96583819133423,5.27243527928006,3.98283137051569,6.72921204422706
2.26168987974263,6.46869246948221,2.61497197709547,7.64002591758123,3.29815654610815,7.37438027819148,3.61416309856408,5.80169323934557
0.515340319968225,14.4821417594902,2.7714405114327,9.3606140143421,2.90902670021768,6.36772570524668,3.21608136221399,4.42497390080735
2.24897075279588,7.12423364160146,2.18555684579443,6.10307081016751,3.17039307969212,5.23945116119234,3.89448882930978,6.52406510281824
1.55102250209666,9.11057270310816,2.73175152229694,5.67227154779866,3.19976517918073,5.89069939475699,3.84682887310976,6.80613715471785
-2.35275992444615,20.3580891891067,NA,NA,3.30463581041695,6.89897668038721,3.52672460248581,5.18070768750895
2.31155316320704,4.94762277274814,1.61998177407667,14.0664686182366,3.31951317406147,6.40509932204176,3.65462414005445,5.57119575930612
1.92275849916678,8.49472159745731,2.28592882500993,7.67103909168903,2.82352069129088,4.62519621191151,3.72734985536709,5.9907403839909
2.2232082936262,6.26874958783219,2.74337282871746,4.98052623981213,3.03549726125271,4.89724242159509,3.60834618084272,6.21215950860972
0.946983470144969,7.67168660388494,2.68961709412034,6.30653538754078,3.10790845727963,4.87736161400314,3.6020041082367,5.43723955212104
2.25414033681056,5.27425141395803,2.69946968923039,5.50383499255664,3.01197132662506,5.34802729865186,3.73056479046348,5.82300995202869
2.17539546787485,5.39812945093031,2.59240170152212,4.53377362589762,3.55344832276578,7.15947895896549,3.33057420032875,4.77163331409241
2.174358986457,6.89331271409029,2.25698700041117,8.12995015439871,3.09566439637997,5.18729098579498,3.74563299837222,5.79568785069177
1.46834187183435,7.3024408012726,2.46935580400748,8.14554178682263,2.87007257565405,4.64661674033212,3.79133759756014,6.23384955287711
1.60852116164395,5.72436676289674,2.32453721143563,6.16759131778105,3.28303643964856,6.58033594508616,3.47173122752757,5.59056381903104
-1.6988685647858,9.63075139616121,2.45586717309097,5.57311826174179,3.06881537946513,5.69767227787283,3.57586910423588,5.19740939671
-1.40383702644054,14.7743649974641,2.08591833639462,7.8525764046797,3.12026782752884,5.96117804942378,3.86894299717662,6.6007692650392
1.85129776026441,6.00981635704229,2.57379968231817,6.75800938348072,3.03619748358965,5.96314594689497,3.43260551299893,5.52641739568095
1.6681480300668,6.60645611302724,1.97489761216145,8.06972899102957,3.04306209121658,5.50253222569186,3.60046010244974,5.42934549169892
1.83905348067763,5.41367677046424,2.51342818134854,6.60180520199841,2.93999001152028,4.40084834195584,3.91847526182706,6.5148477115528
1.50700200906133,8.20333320948462,2.51752796509554,6.4361685912676,3.05555401139078,11.2081626901887,3.5501683079645,5.02181355814036
0.32841341396064,11.4397047017951,2.68540621663503,6.20870751508799,2.96759876108477,5.20175261561309,4.24629085617214,8.04587279490959
-0.374490405048312,15.3807269737153,2.56718269382048,8.26742243999988,2.74667439965238,4.79267986717206,3.86219433518031,6.72023280110211
1.01496135682088,11.7679440987898,2.67212840704324,5.56783607386816,3.41980575163421,6.48707155082559,3.84959212902345,6.3543664267034
1.94743305869103,6.79797142699781,2.58992589262059,5.78974731194223,3.41274757662275,7.97232188719923,3.72303624530956,6.28453662140063
-0.289250358341106,14.9451974901519,2.17846705504633,10.6867815618026,3.25216361962367,5.76847224491723,3.86072067663348,6.21881792193139
-17.3577427842181,44.8894193146524,-0.883968307816938,19.8520906574745,3.02262156825092,4.63392658799367,3.70414204228728,5.51913999599221
-1.21077456861615,14.7670908453615,2.64210763837946,6.14104686779917,2.88219061856908,5.7314230570433,4.00131324992739,7.14490763052718
2.0538409778336,3.99179124352784,2.21240526993357,8.1351689865113,3.46335809701954,8.50721136197055,4.30218274828081,7.43319209441396
2.08636498760853,4.35399258832947,2.87665895745016,6.47178998807082,2.96986956627598,6.73549853805381,3.46748310583991,5.5041106190438
-15.1372453645278,41.3177618519922,2.72565744196164,8.37484663866459,3.28469165015901,5.57193648822249,3.35316581062415,4.77649913738462
0.161030230094303,12.3525148245382,2.67042536551934,7.05201954033803,3.262988653658,5.44164272910488,4.11547292622993,8.06714556157872
1.08593334287542,12.5482998304636,2.40633437806166,10.1703669029527,3.19897032795806,6.14873353122643,3.24389928750311,4.61858412173452
1.97630389102794,6.35704257897571,2.62472424541545,5.32031300055563,3.42664792355251,7.81043902138236,3.26590061533083,4.43740272119308
-3.5998981024686,20.1136073425623,2.4187305672371,5.41722261530193,3.35129940329157,6.2075341167364,3.4493489513508,5.05699810068461
1.36887134176228,10.5981021814202,2.01787645036043,9.06922987424244,2.82336192948254,7.71077216915554,3.70847062195001,7.15079241359707
2.00141979552097,4.35293655810023,2.44747116178948,6.31524490467968,3.45404842303521,8.91140551981294,3.35639156943491,4.78022847276811
-3.44526183575062,21.8549297621174,2.46448052670419,5.31791336161792,3.28820515232741,9.00783017268688,3.78490817156359,6.06334705266219
-5.30103998635327,23.3532969186464,2.79170150112439,8.12603359558875,NA,NA,3.84529352785697,6.72675661692569
-2.97916291629556,20.1040044190804,2.02651694375387,10.5159176812794,3.08818435637388,5.7390167233461,3.78067868258253,5.97251687008471
-1.0510653210245,10.4125359193869,2.8973345263815,9.19101598912102,2.57742953791578,12.7332037681301,3.82185628362435,6.29233201024607
1.4723392499072,7.50625200496875,0.179903001972338,16.6195692964539,3.20356996418114,5.36201592394886,3.34044193159659,4.88810686225051
-1.25821915867165,17.2716067999636,2.59247231435075,6.81220868543941,3.21500209039391,10.2454745172528,3.09006684679224,4.21266328957244
0.75056589762969,11.4959177851923,2.35872117187603,8.1388611179042,3.04921153639194,5.50317212639995,3.85428513550633,6.42585775536471
-1.11848840871287,16.4783483691251,2.07747630184281,6.98356258950858,3.45704172380733,8.07199290198365,3.46773671820413,5.04207048586703
2.00246349366808,4.19968908146529,2.59223540532141,4.16847068935093,3.18839651597845,5.75265802779893,3.83689385777608,6.2388461271198
-2.49471807429907,16.5416730631577,2.26357647242847,5.48133622570897,3.26990371787651,5.63664683125477,3.73675915748477,5.90941491694471
2.24678027350523,5.67383605179693,2.92818416381666,6.4003517614739,3.25687134013067,6.50980662595285,3.48948013792252,5.43387479660182
0.189521578866842,12.8631146454442,2.77335893437917,5.18362645951299,3.12656721936074,5.64769179314266,3.72260238899802,6.08732314061791
1.85991545126639,8.63380464934389,2.78231124055749,6.53283660250468,3.38950082028525,6.71081944605106,3.73206655572847,5.92123047026344
1.526848689967,9.32767156807398,2.63106806176103,4.22192794581443,2.88351700411619,6.18963592254931,3.62737431439666,5.59968822381736
-0.470632630628357,9.46313475468835,0.313586469496768,13.0886633112743,3.39646093481319,11.118211569839,3.96357045654342,6.95268820392147
2.02736655630928,3.16232909030722,0.693574805338195,16.0721633303586,3.05062924915123,4.93793772410268,3.29689485771067,4.63310931967495
1.66283271855281,6.30249681843433,2.46805617344594,5.65567174596661,3.34175828380546,6.61125174456884,3.86340680232154,6.32639692234903
1.8495294114651,9.77035015304918,2.33321889194086,7.30267478575313,3.06446241885289,5.94704163322922,4.21682369491089,7.27805875060462
1.88655750096973,7.11347245415977,1.07698372831979,13.5768577268645,2.93844725977447,11.9368802084093,3.82612363826838,6.21971880965746
1.33945143272738,6.7928089784659,2.73096341644526,5.63529976955735,2.87325612283998,4.94017194683806,3.64243600766982,5.56657691336084
-0.905397358812172,15.1625418732005,2.731238038685,5.77461301745044,3.57322527123983,7.56315470261023,3.9830976631241,7.08071954371091
1.99479270694685,6.51875343568896,2.76615362487153,7.64554101006506,3.12350520558414,5.59769709051661,3.44979756239841,4.9210273804916
-0.133342699421094,13.381584858598,2.63473242933608,4.89636028675358,3.54975398628685,6.72652606497596,3.93218790672087,7.01747813438689
1.80895961877844,8.22701864926961,1.6213299263407,9.88633222090952,2.78034938439247,4.96198300439289,3.32435646906088,4.79509232008879
NA,NA,2.52439877899456,5.52318825443495,3.70268263825406,7.79251379343776,3.47603807330779,5.25776438967358
2.08022867836756,8.3400038709577,2.49958782606004,8.01933463944231,3.17491621784273,6.2942408226099,3.36061132433514,4.72523708543442
1.65729160671248,6.61880907009131,2.51519817300557,7.54619907437892,3.1447024689432,8.07336282767345,3.71420021577237,6.45485041905234
1.87796004445169,8.24759695096739,1.41392806790669,13.0525426991516,2.92430098398947,4.78632418534303,3.4457780342993,5.11017247675761
1.93074908135002,6.72488847163878,2.67026270830037,5.85741457642763,3.39230621287571,6.94298661203013,4.05387515212595,7.32281245055873
0.566292313115478,11.8478894076094,1.83168849912261,11.4647590652569,3.30870802328061,6.26318371757364,3.38523541370996,4.73305910694862
-2.57970603267109,19.0286687682453,2.54299045218606,9.42401277643787,3.14023406994412,5.27104681701296,3.3578298489749,4.80077763969456
1.80558841115523,7.52387430130992,1.70491715147866,10.8061759843025,3.15186824954425,6.8744983677343,3.66737327724941,5.35526340294413
1.72789731010738,9.26877421082247,2.53114623141682,7.77684683603038,3.27262268542431,5.48192593711639,4.10785279841221,7.41115879518594
-0.166164940525607,10.3368560500361,2.5705896454626,8.94747469038179,2.9937349939635,14.2555111676254,4.01528506121217,7.82786874319752
1.39938091104269,7.84505976304848,0.63047113986857,15.0840566210798,2.89082691985962,4.59564016100429,3.39042079417253,5.22541371508297
2.37038090488021,6.05872685819173,2.56722401631005,9.03763328296441,2.70041299399746,4.80231897210166,3.608312049354,5.86297387236682
2.36581263616213,6.55363633439547,2.50251079082536,4.02526807698734,3.24790053932228,5.82804779177775,3.80177889026508,5.87564333583083
-3.31271371339175,21.0637573009273,1.82749389264117,11.8918152837989,3.73303282372978,8.62115745501285,3.90000992504659,6.6307415321552
1.5452496124543,7.21343543011685,2.09217857050195,6.65543778210388,2.79455783356814,4.07620146336048,3.59341005673629,5.41937028248558
1.89983927825161,6.38727810025347,2.68728219242695,5.12643134493848,2.96235277079902,5.21896435979262,3.77619620377248,5.92061994530032
-5.43370266161298,26.5545420548139,NA,NA,3.62423070755187,7.9850433199033,3.72082065882255,5.9319146342884
-12886.0469967766,12894.1395245991,2.4218957297722,4.43025516019791,3.17685637085054,5.23623264494719,3.42620624229347,5.01758817921628
1.69579822523029,7.17504060688452,2.49647076838728,5.51212614154631,2.98644649191734,8.04202499986939,3.52905805013335,5.29889011890014
2.09007775602984,5.48907105280624,2.4342293028889,7.99003921627627,3.35441168883968,6.63579982576861,3.30226746313238,4.93402336390666
1.74050385744446,7.47117345587109,2.01561653305343,6.16800559471936,3.49486323813239,6.70180415186213,3.90710895257171,6.62063152195343
1.35744234484751,10.3157189778184,2.68487284851752,6.16810992823782,3.27072905858818,6.16979538463649,3.5100162662371,5.37617631980865
2.36651808349651,5.56517839662134,2.12942316936128,10.605829328688,3.01603088643643,4.57760440982564,3.33673715557245,4.81652621893981
-13.3763041968188,39.4644115025888,2.80571108847491,4.679763894887,2.99708021140903,4.98629472046651,3.51864736953641,5.21133971331249
1.84429939697648,8.55620827464205,2.22680358442387,6.0651885903233,3.14537548761294,4.98130705339121,3.30153617801211,4.62605961845092
1.07961549538265,7.05329923547056,2.59602970745224,6.31145465211626,2.84264159259148,4.17630119161769,3.67004427379635,6.21362268183869
-0.12286565963619,13.5594586576502,2.82179020814335,5.16273038114446,3.42963899630535,6.45156278225031,3.90822311075987,6.56494044386697
-4.17768688292022,22.5482934390619,-0.624820248512512,19.9442304666556,3.23731603536123,6.45509684003876,4.15495167901925,7.52127840735573
NA,NA,2.44277571031851,9.83767602914742,3.17864641620773,5.43391924650024,3.6318002940472,5.8875008389212
1.98793729656039,5.48803534880242,2.50296393279217,6.83106563427186,3.21589047695738,9.38642389890217,3.24962386750437,4.87556621652362
1.95469157456053,7.73341464063972,2.71354133424421,5.51806598866446,2.83943004318826,5.04949724997389,3.59244634307055,5.4171062235952
1.63867604802481,9.06024627528925,2.69032190085169,8.15650989509596,3.43480828837468,7.53719069874723,3.62298026886731,5.71574123612545
-2.95004542827619,17.4148738653465,2.61061745235298,6.74093279602323,3.28741081733508,6.00754854056585,3.52171077843907,6.16945945950474
1.66363191437901,7.62632253543875,2.56493211838753,5.5145061834,3.37254688943279,6.39067687540269,3.61742508258334,5.78227927729493
1.10199472681758,6.49719163159294,2.47216375818707,5.56464257843765,3.41128332685555,7.90473417774094,3.64524605867879,5.99528009291131
-6.89525384728866,26.6439182443528,2.61947928066022,5.69690072734708,3.20092991266849,5.95250106724668,3.42256903034514,5.04913272234218
1.69205234818204,9.74308742886635,2.63598556880251,6.83257321452396,3.4941907687246,7.03072440956204,3.33167133809665,5.14733167384804
2.10833944405592,5.75803018487781,2.53413541559654,12.1446211814893,3.28537854484051,6.35435266579004,3.59271815797907,5.56050114352803
1.36196129654841,11.2175530928623,0.164275048221127,15.2926948608146,3.05049335228155,5.16233025008052,4.13836864625729,6.99603217044803
-4.95303390004507,21.9497806389319,2.30268219520334,6.20243837010733,2.98597187851282,5.36167896696351,3.51977053425214,5.16513327484932
-0.798752332000343,13.5790274728596,2.63538592490968,7.62217911384868,3.06815980427167,5.9627055184155,3.38697945836888,4.9949979061598
2.3141420923362,4.99395847044548,0.276295754772372,17.3724722127086,3.02297608423629,5.26584748737228,3.39197739802268,4.87097687971728
1.23709373625389,9.87613439517834,1.94077069170043,9.61876270718568,3.81164406626265,9.70079790048331,3.67220147326846,6.14020200553974
1.83570887591793,7.88315886279133,-6.36141322505847,31.0379526682099,3.47547302651919,9.68913960827246,3.46757489310789,5.01473419991286
1.24205622801027,10.3652933062237,1.57824055551931,6.70754324012046,2.99054506091418,4.84275456556607,4.22182744142665,7.75711379236767
-0.706557380184604,13.9521742898984,2.5316337679588,5.60842482448866,3.22409279934944,6.95851865765235,3.4368530269911,4.74157974185276
2.14711593723123,6.70918115408813,2.71385017228783,8.52188924179124,3.60057078100605,8.12915698051701,4.01294638509434,6.80913003715395
2.27323665408451,6.73980978814369,3.00875942458449,7.46254135698015,3.44013125505833,6.95372734996548,3.87384859197613,6.19460752053323
1.39039076280318,8.25437667099806,2.62414323583249,5.79151133449279,3.22124765370249,7.06069427385378,3.7184630411194,5.83680547799034
NA,NA,1.81444233063089,10.0397185370269,3.22604627712625,7.12954777313028,3.77664723226976,6.07349396646778
0.639160667922202,7.21400720116007,1.50666961256328,12.9017140956729,2.67928254316237,16.7603925360197,3.63158062277374,5.67709815817824
2.22327812385944,7.91916352134361,2.68692708872392,7.24020044890321,3.41314919473493,6.1697498575359,3.77783750197676,6.48012589588493
-0.882401139362434,14.5817092604752,2.77841969588577,5.05358720684676,3.04438529642047,6.36192257128248,3.86211986754225,6.37782289883154
1.78221582413915,10.8722912958388,1.41600950063479,9.53967062436915,3.43045362788699,6.35658849761563,3.57197513519387,5.75475314422702
1.73110622786226,8.47774920067943,1.39577444592767,12.5448477901904,2.95018135161279,5.06876054133451,3.63965997872879,6.01911939351089
0.786346722658552,11.0460958114887,2.56692199205269,4.60161248133017,3.04505532117926,5.72306705523301,3.72450755890839,5.83361721701308
0.828084375519169,12.0538945143738,2.54132026700478,5.60746886880486,3.31662871209146,6.59574005198303,3.85546301953859,6.9302875330811
2.15355053885569,4.77797910500303,2.62513331816471,5.36144023594822,3.16734489575286,6.87371673408819,3.62700020537008,5.79281357764767
1.02019767474406,8.04473567803198,1.37818833349363,11.1152013777982,2.73131895335867,4.00917870340153,3.62291833165508,5.26985647838976
1.90419534302998,6.46656333130915,2.3004089519349,9.08913795600803,3.52973216136499,7.81629602939838,3.77269597630219,6.30671619798878
2.05656597983937,8.42658480203334,2.48546833119016,8.21245894118741,3.43373578810514,7.07496291603921,3.71285593849561,6.26279520855087
-4.91859391536225,25.0565147305955,2.53137660962375,5.64936162536731,3.04115803919072,5.28982627731767,3.8409302817445,6.71469348342701
0.936191417318293,10.8393076859818,2.70326577707361,4.95535440505322,3.23261060889947,7.05053787183254,3.44001664601239,5.31420264424805
1.66079902435513,9.12429608977845,2.35686670577074,7.26984330907012,3.26404519118206,6.67988608390962,3.3136704402663,5.12295372914096
2.09522729675223,5.29680403530048,2.52495014424033,8.66054613919981,3.07800695927608,5.9268657818353,3.47217490318009,5.17350249983711
0.221431627010001,11.0162617892014,2.70668736254362,5.10746360686711,3.39536625170469,6.08413901888156,3.51880112560958,5.3956377710248
1.96685747937478,6.96597811886756,2.72743176721737,6.137482730741,3.61434016378228,7.85726809105033,3.66697681829203,6.4834358465019
NA,NA,2.60331509490991,5.06309320072519,3.51797122876203,7.29109226717601,3.85414869488627,6.19253529355869
-0.614757793323843,16.3317404289688,2.79147802126735,6.63056156802499,3.01207338715584,4.98282972845969,4.18899914517339,8.20340044264306
-3104.57637855363,2834.16960742446,2.65313518212471,4.47154909810205,3.19382257991242,6.44209493974983,4.10451816296518,8.06277106849121
1.75895908284561,4.58488321342807,2.55461076072878,4.45803860575144,3.06534891176387,8.01620421712227,3.48746635539457,5.36991906129241
-7.39210873038934,26.8696812459214,2.51918910825023,5.49991986931079,3.20267200787504,9.33072620547049,3.49217588469996,5.42888747242386
-2.87045108969537,13.4521111659019,2.78151944371725,6.48704438049253,3.29507400235353,8.27863879655451,3.86313720027323,6.34529604458167
2.17505051861646,4.30427053531149,2.59171651693067,4.82434405017854,3.1890823090544,7.20869618423971,3.63196671314339,5.69222239928765
1.03573197744507,9.78732187017701,2.48218740718798,6.11592461048401,3.37901367892764,7.10320700129725,3.71041823981001,5.70966957201192
-5.46830332132034,26.0536446509206,NA,NA,3.27164068549056,5.53713823930645,4.05701850961685,7.06806116490211
2.26149849947313,4.54684521242468,2.42426096316406,7.29130938724805,3.22739715832986,8.8024422558813,3.80580306465792,6.98740448704719
-2.64901603937969,21.4697085702509,2.27995876398771,11.6946392139771,2.90626702788069,5.47274126833983,3.57721319681377,5.32475892956409
-1.48750109644674,17.3059170305095,2.5947126025253,8.57659548457845,3.14245341501892,5.61778631208587,4.01630074805285,7.03026597119669
2.1566509181258,4.68102480247766,2.79779401354288,6.27200999994833,3.23723698435162,5.92137184482043,3.91451171128564,6.93053429012631
-1.58016120845038,14.6152323992621,2.15927031730757,9.99233305297544,3.36145342600041,9.33763513379721,3.84227273610954,6.29223396883259
0.967810415999825,10.1558842641094,2.87018276188968,5.45153011524529,3.30705125536237,6.04031605667687,3.56055841348498,5.34569076904714
NA,NA,2.34382512803828,4.09267836891379,3.20353547362265,5.37254450747406,3.8499314489163,6.54401509061436
-2.37561548843237,20.4752567518392,2.56943289203277,7.92819358281332,3.3412120093923,6.7570864933136,3.94140590160758,7.20427807380816
1.78646094063048,6.00548483214216,2.45275552896259,4.79575920974127,3.09906713629108,7.46652865408274,3.94225005796314,6.58288877692378
2.08052850684655,6.23478187891858,2.85567493790936,6.34783870650133,3.35142624052205,7.53202935555512,4.00662542870832,7.19558432203184
2.37358600561945,5.97765631802871,2.58380325368807,7.55323590727227,3.3698088328478,7.82008189783118,3.47587356933444,5.22052629888669
2.12003251532887,5.71883000887711,2.11102336665155,8.73994625566214,3.28258845734485,7.26203893429881,3.52522181539294,5.00810046221037
2.29555847248056,5.37215375075643,1.01116305544499,8.25053051885025,3.5292271107521,7.22070174442281,3.61556508053725,5.38742719776695
2.39560250765615,5.90280418673695,2.68177933311998,8.60341570529857,3.27154234894881,6.19355661769126,3.64580467214157,5.92272841683381
-76.2895387897326,127.830649342107,2.53144607214294,4.39617957110654,2.97493889187949,5.39976759504894,3.76508414322846,6.11798453295682
2.55839790430852,5.62452294410324,2.42294125311112,4.36135782741335,3.26543356279531,5.37846335265425,3.97148965951534,6.41462950892892
-24.4238411324048,52.8373463548453,-7.76867378291768,34.7387041201425,3.2673149600546,6.16369228458762,3.63786601947527,6.00907833449186
2.12291247780204,6.19125903838266,2.19798271688222,5.71388987815198,3.80895260473093,7.16310957099003,3.49154609095472,5.04894185549494
1.81637821228053,6.8292104489016,2.88336444726338,7.11349611670589,3.08869886470031,5.47425810469078,3.75143710720047,6.16195071148471
0.584001046366438,11.2148615829925,2.6898283633755,8.16126866408231,3.12321251577934,5.1776020175481,4.02590202291889,7.0135528776469
1.599669663541,6.28441238756159,2.66809436165264,7.34175269009859,3.05325727429561,4.73238334329349,3.66597441224593,5.91099877376767
0.975121690659263,10.7019087788715,2.39084301112766,5.75676912847637,2.9834362376346,5.82427311945623,3.50252108343716,5.52608974429178
1.83730611555992,5.81109711368837,2.16853611440491,10.2863608928974,3.23594266738957,6.36490607583934,3.61523606816034,5.45510852754102
-0.041157686721367,12.9525874403888,2.55485869315255,6.60552659440684,3.14585418248801,7.3226541209235,3.70952879216947,6.26302976561021
1.64077987560188,9.36054029930171,2.84778219109025,7.39001784031183,3.38725007148175,6.33524330599898,3.85188144815,6.54590088771044
2.17093170338388,5.35561660280539,2.72861486588356,7.91027586726906,3.53956713046139,9.01806960662994,3.28671415656931,4.84720474152083
1.35090351119181,10.1727869956138,2.81322687123228,5.92883601623415,3.16722061608284,5.8306914813489,3.46257688420838,5.21064599361907
2.10882661441825,4.51383660700615,NA,NA,3.15239889457014,5.6278123269976,3.818441755487,6.4545279111494
2.03099463509383,6.14396067488454,2.66712004844048,7.36887346784078,3.08389504013904,7.63577076734527,3.45510667796307,5.046568558948
1.70361787017049,6.0272845241368,2.60668331653291,6.78281257273387,3.21724141122177,8.49802296584534,3.73085933104217,6.52193128594849
-23.8604642898192,53.851200621605,2.2663562899047,9.95727827137712,3.26379096660929,6.20285485850816,3.73298202679811,6.42400088864803
-4.59276002174929,22.3556577825923,2.37960838269204,4.61648916908468,3.1140724288382,5.12912851543714,3.25515822433806,4.60012674635001
1.48915423960525,7.37063207357899,2.19880330386464,8.78923666606181,3.25408493243658,6.35472816370021,3.86544461453879,6.46901000102895
2.08402411861804,6.12647778855103,2.4328099536573,12.3970958795541,3.20918068394055,6.61703371548815,3.87112666972456,6.90419275953992
0.61839506884688,10.9483943145337,2.2906926174023,11.9444957601947,3.35794990856161,6.69056845246891,3.62257659437504,5.40302237422107
1.42104828263831,9.35769503367981,2.81783062587734,6.94054131146655,3.36702463924298,7.14101262508873,3.72004991440334,6.5545711114241
-0.41768282928458,11.4551037753943,2.59620665765671,4.77481132905536,3.08209077588478,4.8864697852724,3.85729734396344,6.92214604505662
1.4539744338115,10.1801478106655,1.99723010568072,4.89664614908835,3.3143310719041,6.69640365572847,3.67795076938689,5.56129065650103
1.14238786570507,9.36014265062762,2.28489545613485,7.20024926147237,3.38472084222734,7.50912139616945,3.18781530093268,4.24017950317695
1.779913544034,8.74157190693949,2.39672456464372,10.0403056513668,2.94513222810276,6.23976076665469,3.6418416637396,5.76535422029774
0.940126006641313,10.6446755497873,2.65926452812449,6.08095850493356,3.30796522884881,6.01830094293117,3.87497870826103,8.14245159543533
2.26996657980929,5.37309525631346,2.69078312358628,5.87674906814384,3.05559269124434,4.87551274135425,3.77580373435654,6.31608102192736
-0.48563595912613,13.9925830455807,-2.85618829844824,22.1065294735256,3.23997171619729,5.28043560047063,3.47559846872852,5.30062478266682
-3.05585977650462,19.4316502900069,2.81251261749134,6.4859704648871,3.2318303340072,5.96532037177661,3.57843330960745,5.91699940543041
0.775378751187659,11.8246807161025,2.64120001697384,4.41334406399568,3.39075099690384,7.11239688107608,3.55713944977522,5.55141461801015
2.03412181513768,5.07264175575738,2.25787311956498,7.23355454015917,2.75132413558855,6.56524776163819,3.68550715550449,5.90429329729158
2.27582551361113,4.64643004696893,0.0970908866713698,14.5401622064584,2.98907191025686,5.36076721126038,3.32289287491057,5.08806446430362
2.46744224343524,4.4300111984315,2.712993313463,6.49421183178281,2.89405055867183,4.46036062302146,3.58530040165808,5.34993139867573
1.86018617800884,7.76237020683463,2.26854273113358,7.79147343099147,3.30520819866639,6.83748284996339,3.69200177336931,6.08132332821041
NA,NA,2.87690691715446,6.39529757534905,3.273375583597,5.63666377421549,3.83777139619833,6.44829888458818
-42786.2547936467,42795.5179934074,2.64820718275991,8.3615394594467,2.83737912139662,5.73439200018931,3.29805951393227,5.15031942230946
NA,NA,2.37084732481019,6.26792648623727,3.2617026879917,8.43642424194588,4.05411488655733,7.12103312538441
1.9972227587652,7.32486687428569,1.73189998148442,8.17777442347291,3.31497972627527,7.94629552797101,3.68272138289321,6.12133539766359
1.85348528662802,5.43238646595593,2.95330906660617,8.5637030484921,3.40259519591875,12.5925206805919,3.47089444709591,5.08100612801724
1.10080292168583,10.8825176496635,2.55788195799106,7.61478285142938,2.99033073027302,4.48975179264092,3.4994749175963,5.23581571577684
1.5314426805707,7.62130961345435,2.64157966873065,9.34495168383157,3.2165606617369,5.58145477925978,3.3169168727711,4.64133925022163
1.97967565466688,5.20943492073532,2.68262654652861,5.0425823298363,3.08282793889167,5.78123959705581,3.46737791652016,5.08143002462644
2.13944728134389,6.17973189443859,2.15308052305935,11.6996225042771,3.21316443022419,7.6556143828712,3.309400153331,4.71053793048337
1.63818567744223,6.20118046367482,2.40138453659245,6.20102852034422,3.12696032923675,6.37212231328373,3.50760792960061,5.16615521967028
2.24776356310173,7.02310199383096,-0.686562633677051,20.556458167718,3.05452562914087,5.54147205928066,3.8052433712353,5.5180703465422
2.18214182179776,7.19192068341103,2.57705264301769,5.03932014548153,3.07528904405197,5.74729195793529,3.59192324998793,5.4586598606419
-22.029373827338,54.6644862574782,2.66007549353995,6.0484482902327,3.21393893760516,5.33445886046971,3.80761426253461,5.96434202864728
-1.36753341130689,15.9595186971826,2.35309965990333,7.82216206823075,3.09664172962845,5.37274531416848,3.5752514770662,5.87451069415752
1.45329578387741,9.96012250840458,2.51404077977246,4.62907417605239,3.04887944052617,5.41859963871685,3.51725795938852,5.2349269836261
1.22898479222359,10.5964896212698,2.02294669394022,10.7728726492181,3.36714551803043,6.53119043176014,3.55415458498497,5.3540993277189
0.542541553346726,12.3714244771381,2.45499400239196,5.5002165771803,3.04332588095239,5.37427001633483,3.29253535729679,4.57572261689169
2.29681802761567,5.07895607118129,2.55567916689517,5.52924235736318,3.04958235614886,4.62138849086764,3.67689457256536,5.66228925537642
2.26672745726757,6.64484884203169,2.57533519872269,8.06739725231608,3.32736434553187,6.36478036434571,3.79944126377312,6.63469677357713
1.04219491800332,8.37078432878456,2.26161104957763,6.88745744628793,2.96890486974645,7.54739961695572,3.52191376699413,5.4049011990471
2.40334236017648,5.1115115201757,2.50589600309341,7.49287408912652,3.12328713675867,5.48450072286963,3.77553138275304,5.79177452914946
0.481803013526205,10.4932339368354,2.9520994114045,5.97704349018506,3.3072181010787,10.209143927267,3.67888869566745,5.7225868728207
1.09015374848504,9.53946634514375,0.535512097825118,14.7152641751354,2.92185244121251,5.33825961289048,3.61616025336665,5.7572974635289
2.19177603989514,5.39405188547719,2.02441374624664,9.81430099698828,3.3086099367286,6.02515839975463,3.6168885550513,5.95044834998702
-0.471872258783058,14.1583730364481,2.64861488811113,8.89936662620491,3.10959000724812,5.51343990504876,3.96327688018928,6.47603767479414
2.07544491953141,7.39557011230875,2.67209463955832,8.05321243046486,2.97709028799976,4.63103239313605,3.70652840727974,5.80735246021294
2.06940231422675,6.17790957328229,2.53669844009252,7.30071161508578,3.66179177141142,7.61269109533902,3.64752594074554,5.99101345183769
0.819009727857546,11.2297664522063,2.4994082446476,5.98933841319116,3.20917473904068,7.59711042547415,3.91887782724081,6.56600368938689
1.86734835461723,7.02743328720312,2.50323971089666,6.24100428153323,1.78554414797045,18.1143331382241,3.43069839928523,5.07693453050349
0.665722003457172,11.077957551415,2.59986835071094,9.23758365081007,3.15214122476212,7.09026060879631,3.34462527115949,4.80831177807169
1.13736680740707,9.67755725618905,2.40130189837417,8.84613903554858,3.09238229362838,5.20270818723944,3.39692952329503,5.3189490435037
2.04172308112281,5.10049588802797,1.30446368773464,13.3426745255684,3.26723552593796,6.07975774712248,3.86321270179729,6.35558169280767
1.92791255169236,4.86855249765283,2.38280310114739,8.19672130089659,3.54370695952638,8.12706109370068,3.59992935056952,5.60705696791898
NA,NA,2.61757553904149,4.99166169462743,3.48279588737692,7.57771758784878,3.59031545733694,5.81588686232283
2.06857306795993,4.87831587120706,NA,NA,3.36256296482419,6.61815472534146,3.6101950996767,5.47488295458515
2.08018329159823,5.14391219374768,-2.42455952760859,25.4897608372154,3.5096714924153,7.00201278407995,3.60290331199506,5.10670004661604
1.7824677588376,7.24420298724143,2.5385637574189,4.61910817230316,3.13838249686203,7.25551661291664,3.42263769561446,5.39767211058317
1.27322083566338,10.9650633120318,2.20702815784121,5.47142582404717,3.00038806562434,4.66070937367407,3.77117817845215,6.08070135009641
NA,NA,1.35100281531757,13.7976537494715,3.29637820749795,8.26514329260878,3.50256999125209,5.40220776259623
1.35049035254045,9.37588836904332,2.59118147177924,4.30011579334656,3.49899356760373,8.00073969705091,3.47939140201003,4.98751399133779
1.67283542845049,4.90156132782893,2.62148696403384,4.36087581187387,3.08021822936686,6.22848375540297,4.10117507218852,7.15920855223819
2.00008786904732,6.11601969769983,2.7319352919506,5.00396384587438,3.1915942137879,5.22563065711907,3.25372926398475,4.6212282486674
1.70465077692707,3.96054741636968,2.66941739649624,5.20785125112097,3.2388906853164,6.39609548201129,3.41589755225526,5.05430528683792
2.06594943818836,7.18950794996213,2.49006997642707,6.89249493156882,3.12990737329847,5.81414540720211,3.56001822129809,5.78004704211202
1.7760145967721,7.25121524707635,2.6203704518726,6.85290070327872,3.29670756312558,6.43466293435734,3.55524005809688,5.28142230794855
1.44498142160105,8.10816259600619,2.17040465944755,5.2594327498462,3.04338876115699,8.25250275801171,3.72426459846457,5.9430969893124
2.09386027764904,5.66099383832325,0.970299724646129,15.7762549655483,2.88460635920237,4.67646935504394,3.25574004988048,4.80398642243626
1.44617755583647,9.33246352136261,2.78120176324533,5.24689306695042,3.25404990181961,5.7831996350489,3.33128069955899,4.92545719528848
1.65835597384449,9.28759102028352,2.25485614364899,7.16633123959183,3.54108178101094,9.34920119280939,4.12215409275878,7.88261413479661
0.607558344326414,8.48716209231512,2.26213337809616,11.348275155418,3.02355763342992,6.87795203779726,4.2271352473441,7.6641918893187
1.38108058128559,8.74345086007043,2.25959541680408,6.5815641607364,3.0501962883531,5.09733732026966,3.75224314035045,6.16845489692475
NA,NA,2.31944331910199,5.5370489513221,3.34456454944111,6.05057393563714,4.20112968360462,7.2868263059696
NA,NA,2.4358867230349,9.82296017152172,3.24790347181125,9.78283338291809,3.82381957374967,6.80794544625711
-0.587931885447755,12.9027873984396,2.62986327002604,5.33100092252717,3.05528707922964,5.72242760764839,3.91705268421594,6.94711627282529
2.00212557713987,6.40594114628598,2.51229091434009,9.3171037435231,3.47361971250047,9.75705984424038,4.36166199397543,8.26845230421135
0.891205656694658,10.2267883326228,2.77693955423626,5.6048615014486,2.97141656119012,5.91566508170687,3.45585265853145,5.01056296634048
1.01109365253892,12.5169648771416,1.94219023662363,9.25752599615631,3.08739318619604,5.50799112336499,3.56876664149117,5.4726245353129
2.23189446498068,5.44004623304312,2.28544795635334,7.81759610576501,3.43066814514786,7.44061641053936,3.41461825330572,5.27145225941806
1.13218558672437,10.3548355771555,2.49725623039559,5.76456698727844,3.16447674578362,5.53551705680048,3.49356087466832,5.70097326954683
1.94015011390561,8.22060947885018,2.31309900647144,5.44871683812104,2.83810706629144,4.77786348063222,3.82708999879751,6.45960897525763
1.91303041703112,7.41100345622552,-1.67021510450446,22.0074511225525,2.99854735004307,5.30732153904644,3.59373164750953,5.43996410470391
-241.502252876184,320.88257497775,2.77012954382549,7.02809431536467,3.51618149308667,6.30621919625924,3.62859252179063,5.55397958683525
2.24379846510662,4.15072267011243,2.89065928851149,7.23293433053932,3.3331337163198,6.37759704370062,3.77688124912114,6.5731527218548
0.437132139454203,13.1990344210029,2.48086094280142,8.09277948951388,3.0167162993452,5.00271672529166,3.55550123659103,5.996341317137
2.32490172098615,4.84257237021668,2.58947793519956,5.70954101692949,2.86389354315848,4.45941140126822,3.32483564138296,4.73504515144891
0.320129477564954,10.0395873748387,2.19944622310525,8.19871852483088,3.06437024670979,4.95451036805878,3.61369705451958,5.59523853543486
2.0725566445664,6.27864596172171,1.01828637467877,11.1967713815096,3.24908111176089,7.16557856877172,3.3300932189203,5.12593831166903
1.81250639102642,6.3722232270197,2.61194011798078,6.90415139321506,3.26959139946003,6.32193730374877,3.36188528461154,5.06565075667606
-1.61806598449736,19.121824833562,NA,NA,3.24792062227482,5.62592692194141,3.55145534577954,5.31651933603301
1.51645031036805,6.76053033110083,-1.83927493151293,23.5596857076331,3.22947879401274,5.67541528737509,3.74407022440219,6.07461220543334
-1.85825907995648,17.5872789110033,2.65378191335128,8.63787228840634,3.37021676179447,8.81072716049195,3.49517379992635,5.23585150381882
-3.12276381560332,18.1471167010634,2.52851593896631,6.29303386430828,3.01584072290948,5.4938426274058,4.08952202945187,7.62229961468006
0.500838323057874,11.6785154014001,2.50629802265566,8.35882307624214,2.897601865846,4.64729308285499,3.69209704329783,6.56215286618727
0.256256821135323,10.3702603555792,2.33693959618804,4.37088223894065,3.29089765028759,8.01221577196305,3.53855943160536,5.52543233657685
1.60841284877029,8.44174815591687,2.85899396336402,6.76638879456926,3.14540486904226,5.74123271796506,3.27704134249396,4.91858073771915
1.93762735469428,6.82065632342026,2.37974869656859,6.59327766268567,3.6740715552842,7.39026557488392,3.57051882369797,5.69548540441954
NA,NA,2.80638496525808,6.51707439080602,2.91191035603393,6.39838689959612,3.79207794319675,6.13955074965733
-5.38560745537301,25.7481902696095,2.66771312952676,5.04651539383743,3.39528452487285,6.32750604302704,3.58194470717553,5.74407268597363
2.22510690392084,6.98539589148942,2.85744231956337,6.23093567666359,3.37416041993114,9.68261291125049,3.49801617199061,5.40816195944026
2.37303268956515,6.29120629421763,2.42876224954402,9.31524233097874,3.03377401342561,11.327060790671,3.76902459988956,7.00734639364462
-0.558830504767069,13.0105681752391,2.64810496836416,7.17102060371083,2.98196818537427,8.62705148154846,3.64909102715107,5.41544704628045
0.559674128201207,11.9291236981861,2.44740917520661,8.82412987259337,2.99921059407548,4.60848569164604,3.28327542895304,4.85929455938182
1.80896575190402,5.26436141900834,2.72733977692216,5.13826056634988,3.19245382613927,5.2499355864792,3.99277995937837,6.76552027568686
1.05001647663168,12.0168791766681,1.60529993621905,10.036921879576,2.97742086657132,4.44236154319009,3.6439905679564,6.06524898076452
-1.56806387246835,18.6452079532734,2.41410238475732,5.89106840252085,2.95532675315861,4.48146792014829,3.93726571434234,6.47769583544935
-1.84826259849265,17.3258877851747,2.16096838140768,8.25516007139201,2.95945574613187,7.96414291725835,3.32373942500405,4.65882517484897
-122.160868491758,179.728814603927,2.73313699498061,5.2563716646044,3.17342617856979,6.40518199098142,3.93657902220534,8.04921864415957
-11.4816776128079,35.2835920458396,1.3328214685351,9.11208642899491,3.39809992836129,5.85133845239439,3.52513325303585,5.17344801558736
1.15260447112054,9.82108431012819,2.4431920191338,7.50394796444436,3.16355574707535,7.34646897204819,3.80450181049062,5.81365544383142
1.91641751896097,7.65051005332971,2.30738219335452,7.87575602055295,3.32746969093411,6.13446126786847,3.61959185331887,5.61720896367714
1.41099160942022,9.01908235524012,0.35695899010567,9.25099356872855,3.11711616640222,5.44462798487463,3.39795952835808,5.10234500836919
2.15902686518581,5.8829686768806,2.63731008642826,5.3002080728966,3.22670389376736,6.04905405717602,3.73251373895044,5.8719392420408
-1.37601547723432,17.813979528274,2.34017824815856,8.86501821543525,2.94847877152681,7.9357054139843,3.91813407368549,6.98756633808687
1.89794628847766,7.15465251229108,2.80275413854171,6.38148821208617,3.45826512125168,7.12516070079239,3.46078381292608,5.40120093107937
2.3774043666162,4.89859684907316,2.80671929909945,6.63916557858974,3.53263827619398,10.7285121718564,3.87944420038831,6.2139835528646
1.55612974371125,8.29099076358203,2.36521930069643,10.3846682837566,3.3497879498694,9.17729997421731,3.72321893818353,5.94714188898171
2.34157093280289,6.13991990232212,2.51715427834098,5.78570318436805,3.07604092540739,6.09562953702068,3.58016483541435,5.52322781854262
1.04931310615001,10.7018309504734,2.3342730657188,6.57895269181177,3.39978651441846,7.61681040609752,3.48051869633237,5.09646327485708
1.2591669128547,7.74511434639568,2.75161545653569,5.64384340846447,3.4838367738224,6.61482353812832,3.6356482472696,5.97824657749614
0.0157255835260388,9.38122940501213,NA,NA,3.34831956253941,6.42065928606138,3.62611006615325,5.31237643312366
2.05969197877685,5.42553530922841,2.21412134203259,8.7745228060673,3.06369665916338,5.74088735621935,3.94418717288971,7.31042004783268
1.89732677935245,7.6139976601004,2.63552830626197,5.2877754133682,3.15353895787737,7.42806404980773,3.12991588934483,4.55692869950935
1.88204057420461,6.97660918109719,1.55499734042993,11.8236206678657,3.23400382612318,5.89489550628945,3.23818096959399,4.66033731024604
1.69671884208658,6.79757997417813,2.69256771281691,7.443553162268,3.17290135578293,6.86860071850356,3.93374612205831,6.69676824393033
1.90429359825982,5.8056671275876,2.85783791167745,9.11476675554847,2.95781428588707,5.90167278095161,3.71897685333359,5.79380991108045
0.854022742843225,9.77745117359946,2.42581385270205,5.15777662797668,3.19367900135528,6.00498048386821,3.68601774263632,5.65988374107206
1.89696376583539,6.46394547481157,2.47857545367906,5.70310078520611,2.97100448669683,6.07039704962809,3.95482509831444,6.64670390396196
2.11147034969203,6.17447986340948,2.46537563812168,6.74248928521664,3.07964840554317,5.27930897138728,3.70546058167622,5.8618432167846
1.75415906471514,6.46389729086394,2.57584233801939,8.22553779884479,3.13855180260363,6.37173718451854,3.55592406702384,5.40178132045222
1.4515627701757,6.5977630376944,2.83692657800799,5.21922880324899,3.19183531006695,8.24621818501144,3.64198800853811,5.92672570217122
-35945.5742853231,35952.252660383,1.44323258945523,12.1102119505346,3.20203628025875,5.42304754871328,3.3278486514489,4.63147724678258
2.39378649711433,5.46433917979213,2.46612727753093,5.64984058209893,3.23661051450253,5.83377085538895,3.44505471955892,4.95549644131186
2.23464032164393,4.54564398126047,2.51199458255798,4.24343240069262,3.02948507843953,13.5378408278136,3.48625314091253,5.64339161452146
1.6342900063364,8.73755618834304,2.20883223184648,10.0075870417779,2.87479568235922,4.94645303571482,4.02400032523094,7.00476917808449
-24.8518910723492,54.7305799197072,2.58178018578443,7.39209665236835,3.30612455032889,6.30095553111687,3.78912322120191,6.13214558019417
-0.208373583876062,11.9018497392083,2.95310830145092,5.35113351548534,3.41894956765045,7.64345227946744,3.31549906583847,4.74724116030709
1.04861045401509,10.7314455802258,3.11004054690106,7.56286587555025,3.23939338402651,5.65387059327468,4.0494354066997,8.13837160904098
-0.484908000641252,13.8410274496531,1.02381649692309,15.284113401433,3.14449946266721,5.41878310023678,3.88339419979327,6.72547945056446
-0.294147907108709,11.8612828142077,2.82828800961536,5.04648879398499,3.68960423383172,7.92199247102503,3.6360790640544,5.8382938025768
1.69339263748123,6.06510044593027,2.32508443816082,10.1970432606692,3.11367190621421,5.08332804224243,3.4773819748309,5.42376520056729
0.0637396964016661,10.3724968233203,2.71140825211828,5.35760473230842,3.29783771107652,6.4935136221139,3.61887976806235,5.4614081429136
2.22438531599857,6.81181155911843,2.93237553896335,5.94755769155047,3.36875125987411,7.76778437099207,3.62622442373581,5.653321889767
1.96521290632233,6.87334560695472,0.939928176422395,14.5166880115659,3.29953561750389,5.95946854598484,3.56388452951895,5.48583446560337
2.28525550656599,6.35514638750233,2.71035607453432,5.1164414851842,2.85924969403659,8.75914797568121,3.58686926570151,5.58729967975768
2.06589568604437,3.63856746257104,2.33323249639702,7.84063604167661,3.3182864811663,5.86847725919262,3.84079800588747,6.06823337866466
1.28374144614008,8.31970724321345,2.58109688591422,5.29045904743627,3.25801179103717,6.80317440543035,3.99705240518538,6.59418538497567
-1.80099914728407,16.3439179893953,1.75331574270265,9.72101394889449,3.11183015184255,5.59823677013692,3.53002583446379,5.28883344026471
2.23593376720123,4.53660041247199,2.38597709893619,7.25488158643789,2.8673894173373,4.45643250812041,4.23622648785299,8.42211054448582
0.920465066959578,10.2809111176257,2.29250850461116,3.92489679332064,3.26208885162907,6.68900710550675,3.37010088480327,5.45352095908382
2.0693186518078,6.05326219703986,2.53038276621049,4.20632516431549,3.119864483758,5.14838030250483,3.37712984138643,5.18489975027105
0.874057601230174,11.9056955386911,2.52102952075976,9.79519399074788,2.94957458192621,4.6270609029257,3.39835910233284,5.05602564186856
1.61117034293159,7.53230598868755,2.7512189816405,5.07883844658877,3.11262141460963,4.88169421598904,4.00149716629402,6.79004470067316
1.49800684484725,8.45860102059158,1.46922145843782,10.7538761738823,2.86122081102303,5.2991122698772,3.6099546591255,6.17846551592082
-0.852688679586371,10.9573680745175,2.02287461066188,5.97111806715537,3.258721633127,5.43670476792793,3.74718847809591,6.18951803455883
-0.880514212864544,18.0836508882048,2.59628152074891,5.18498029282231,3.16951845530199,5.93751620031481,3.4857373635762,5.47943112232043
1.94890497127348,6.06193634660353,2.36485944402171,6.52431083853094,3.4353152978192,7.93405905702243,3.44969142147651,4.85037697887416
0.300542819892612,14.0417751545162,2.53035423323783,5.41364820432999,3.492258730335,6.91429846604908,3.58665002607767,5.22859141464644
1.94799628651968,5.66555359251683,2.44442550361182,4.45967111904204,3.2177342451281,5.9169648548659,3.90226038352004,6.79208504929585
NA,NA,2.56582755363292,6.28111695686681,3.45428043590264,6.79283770728936,4.02876937932416,6.93588752460656
-13.6755269346698,38.0958141844827,2.42174327928424,5.29128464631442,3.29186282103736,6.2403004833306,3.48009389979404,5.22754224273689
NA,NA,1.97344854721383,10.5690698423407,3.02342199331613,4.8273841954033,3.65397814635242,5.98809367659392
-13.4997297516632,40.3941817027039,2.54843246801767,8.14776690143659,3.04569017080007,5.34923731616936,3.40864701383082,5.03635776996884
1.6274967143203,8.27480699144651,2.58064741615319,5.63608086503618,3.08524756313458,5.38953895243216,3.71201508227975,6.11203641007867
1.68248102241359,8.73096679668475,2.81760070852259,5.20702874338726,2.99556815880752,4.87583233295932,3.80643050046661,6.15531545341999
1.62175690907454,7.64355094449867,2.57880381006462,4.44849673589969,2.50029190018312,7.52808745048455,3.86229590707606,7.08533544214562
1.3160641326187,6.84905840842227,2.36071332458448,5.44102915923722,3.24808765567172,6.15492606566973,3.60531401209551,5.6472797823805
-3.03354900036528,20.0936264251897,2.27022054816324,6.68664099234853,3.04261575132523,4.95851745347552,3.65448973755777,6.03608558501287
-12.0049632026436,35.9827365295137,0.970160342635157,9.36723566526022,3.34953448593788,7.37184835091271,3.74385009383304,6.36838946525928
-4.45603893778842,19.6870204823696,2.68451240253586,6.15091434274904,3.43900069639541,7.61309816390565,3.75401346428132,6.27338140776467
NA,NA,2.48454007166186,6.15759907289698,3.30178341269928,7.13413384364736,3.99624757053596,6.63389902408995
2.3359008432236,5.28775640430577,2.54403940453979,6.9654229263139,3.27266945041038,6.82665157542114,3.58580356283129,5.31631015697294
-0.151266902322843,13.5978642153402,2.30647076892339,5.20848816586907,3.50644855118414,8.5518991085264,3.6851611069115,5.57780077857208
1.65147259202972,9.71233281160698,3.00259554345852,6.69553277031229,3.21401711212828,5.75997586252383,3.71389485752266,5.64869780347651
2.30785749917116,4.03524988620007,2.37016495121441,9.82799078720983,3.07930684504534,5.76838564634625,3.77923639674488,6.15976707247876
0.979228755956482,10.817509366819,2.46028084622384,3.91193344888923,2.93489083014181,4.78184610009141,3.85393570693132,6.06471771499263
2.05805000422614,4.50349385383596,2.90297311095433,5.50490422740609,2.79217850138422,4.0487924501421,3.13048808068007,4.41848116035202
0.897848026621454,11.1815079971063,0.260832445177933,11.0737653243746,3.31932656821809,6.96162244645105,3.42070054057884,5.29113024245343
1.80248879614059,8.13617773233241,1.68964231096179,11.9201179282266,3.37569684129231,7.5604076787487,3.42768254343843,6.38934432350016
2.06373888983405,4.7418353721496,2.74327570443696,5.12823980216136,2.82605984362147,4.67104639232537,4.41300570890881,9.26469850381278
-2.73840233398609,21.0598064437637,2.1541792390268,5.1763870379023,3.05212923243591,5.27824928950094,3.53917759391095,5.30692648333408
-2.98634303135995,21.3153066868327,2.73147934665935,5.9733861441929,3.13964347130645,5.32663944076264,3.60295010664247,5.74757943016532
0.942988327704737,11.2709288643266,2.32760006299318,7.85339555680999,2.91986868700827,5.02438415219967,4.00655386911521,7.16441322305177
2.42721961650308,5.41676351144045,2.72832605738527,6.17865256917903,3.56620325384332,7.37600734722886,4.10474387767652,7.38185551590177
0.790712794711805,8.38203114540219,2.85278809356414,6.08476865208283,3.22697941028607,8.16915732535954,3.72522780086268,6.23329153615498
0.109722548773967,14.3511213869106,2.25756151768957,7.386064527065,3.27274525639799,7.9837384742289,3.50137178473514,5.01694456545337
-9.28655365984899,28.4134646869992,2.48890962036335,8.44556917084315,3.4843106882248,7.45670060845281,3.66403164257994,5.53957406870128
0.0456072569971608,10.9888408491311,2.73549341358835,6.79320983658456,3.08637096606934,6.81922312040522,3.33286739366048,4.93314409672202
1.18367822794686,10.0435643703443,2.56544957505868,8.44850426049549,3.25263245641344,5.49737736466346,3.71972728483116,5.84334885780965
NA,NA,2.8993614647856,6.41098387232078,3.0545524294963,5.58493930358813,4.25256651927258,8.39478597067267
-10.2084758623961,34.0959323669646,2.48239904395575,8.29430307041349,2.64966443800374,10.6684663993819,3.82613634231234,6.22207449344283
1.8886715245129,7.16644054355461,2.90783630577315,6.79115888844646,3.08541454739305,5.95655777826925,3.75899615442872,6.17319861023549
1.57694589728624,9.51316050880425,2.35171658823034,8.71186407235854,3.19849390822165,5.8290828997565,3.73838844986882,6.4216690709265
-0.818945125200131,10.9081682715058,2.54919485434604,5.86497557346312,3.41570304910536,8.21656523497147,3.57909267074661,5.27187601527069
NA,NA,2.57346989207462,8.87692042616059,3.00338318057978,5.88106599563389,4.12864515506101,8.08196406981767
2.19825421975548,6.65015987612352,2.15218871744532,11.3158754183663,2.92903487092012,5.55461590969413,3.07209977451857,4.27061174504199
NA,NA,2.63766775176793,5.20311946860301,3.12509187284602,5.76499700192591,3.53289295723789,5.11466363233107
-3.67258750006248,21.9689105492001,1.2837358558697,13.7690321614882,2.87585202796518,4.49637328359748,3.8113790826165,6.28497492412739
1.81421578987177,4.61599733871293,2.79562945760685,7.84250738155266,2.86683875976792,5.37587679833942,3.51733435869441,5.23980758844923
1.53099777706827,5.99264805342129,2.71641278601936,7.96568534996492,3.49194422693401,8.71125320974334,3.32807300578905,4.71209921036597
2.4006830907076,5.66787699269455,2.85500928601941,6.01967244592953,3.17434323177515,5.61457796905443,3.82622606550674,6.81843580031804
1.37126426303403,5.87283839406831,2.60903687383025,5.31146519439463,3.09312583240842,5.44720950544308,3.70461311049191,6.07649838349906
1.77751368822304,6.93597380122473,2.56896236478759,5.94673918461663,2.81051025210949,5.22616514496863,3.75822684031671,6.07136153794533
2.03792604527333,9.92029160021758,2.33363706236422,7.47586031967262,3.33825341737836,6.46850610035483,3.37399968565854,5.04722099933498
2.0476064715845,4.16394012525728,2.38576805557947,5.20891862553881,3.1664770524935,5.7763125929727,3.48229779675174,5.27118988905498
-0.335109938894282,11.3477323784022,2.60107817499416,6.18040923173681,3.0105575861969,7.28585876856145,3.86605395354536,6.2728222619458
NA,NA,2.64142306694075,5.78996302151742,3.30849476017195,6.08600160103896,3.7628036646468,6.06039773172319
2.23766343640229,5.30237577022819,1.67218502511788,10.0856278212187,3.35683463602437,6.39965294337744,3.91388448087664,6.91605242178275
2.02934218686336,4.27156156855914,2.62043406560974,8.1202123999713,3.14885320997073,5.42193174957326,3.40407897616533,5.83938308740528
1.89063199775173,6.50181391906116,2.56891166960363,6.78451613094593,3.42348169728298,6.62834845696615,3.69138523945885,5.86902738764986
1.82200754897221,8.55083170771803,1.73185302745401,8.75942030721668,3.34300585551787,5.6096630915617,3.58204947864684,5.60196643946178
2.09921293021077,7.44394069774208,2.50449480392464,7.52004982758616,3.64149226004708,8.7567517175217,3.73331711020548,5.73404879534767
-0.450263936646236,14.8197299859435,2.50221312600226,7.1970502721292,3.02279067754488,4.62542325479132,3.64510529919973,5.59650946092491
0.876589398519426,11.6127418887339,1.59000856155428,13.5878555295148,3.30247573201511,12.2805632008246,3.85912494613344,6.59553354814232
2.26794881768748,6.77296205536915,2.83971030490635,5.41522999664344,2.84253794589654,6.05513222175347,3.93071456168481,6.24314129609545
1.00771811831614,7.86976295463409,2.6245074358927,4.97093257077689,3.05181031148413,5.35789781667491,3.77604390433005,5.88504893348589
NA,NA,2.93335676375866,7.13110754352972,2.86448495669565,4.40611368719659,3.2764500874215,5.04921952287578
1.79537159828852,6.37309928240905,1.98782869830961,6.72939221353997,3.16949565562956,5.96228681497842,3.80627172636221,5.8634608498994
-36.7148314593807,58.468502772564,1.99349928705222,8.39243251897229,3.02494096894086,4.6029871497858,3.29453514457857,4.65862849231688
1.72478616758162,6.4235459788077,-2.72475861846379,24.674867629134,3.21234188805915,5.65651170154908,3.59230235538273,5.46681590538247
-0.0144074087484247,13.718288698763,2.81099714389923,5.65873964404872,3.18486930235482,6.00757184919562,3.67514268297114,5.94206968473023
2.00672552387587,5.54317320445547,2.37619486640148,4.81834941621448,3.39938343595805,6.18309726727593,3.91860673780712,6.43819771953046
1.4447544045429,8.39979651921065,2.38545288878439,10.4949660106258,3.06557359103694,6.10159295458781,3.71558039920302,5.79479630144028
1.91363947542862,9.11172179062543,2.62132402918398,4.89495869516532,3.34151621170338,5.81155088966768,3.47898273777233,5.85839215600478
1.87598160606603,5.95523250614207,-0.459990291426452,19.4377943762493,3.29045961502566,8.29145432022454,3.55056524885989,5.48314348788397
1.19147641930553,8.05331438985506,2.79082574207524,7.66723227458877,3.35208962055454,5.94111035148578,3.43831033176481,4.97339918367883
1.47605012139019,5.12906722940049,2.24636424017257,9.78692719140925,3.18440352280123,6.67690863736451,4.04340293525542,7.51925695509509
1.59111962479174,8.96269490345389,2.44501490770393,5.22478926553272,3.2209421784688,5.80989027380311,3.36777538465767,5.06085597042646
1.57741206332965,7.88961256420843,2.65573447570562,7.77326768346951,3.56249353070392,8.88003451526644,3.23874797780283,4.49810122352802
1.3593991130861,7.28516641648347,1.17141754346694,11.5029164132643,2.8560965203141,4.7747800210102,3.54378064851044,5.4534259959685
-0.0998993997640136,10.7587025691879,2.59698035839808,7.1611132764617,3.14221302515442,5.42046968250231,3.45744886247174,4.97126639691984
2.33738740058408,5.6790008136603,2.46458057061785,5.45902253884564,2.9484180641694,5.13426244619464,3.70709244575638,5.69559740857274
2.31586145689485,5.44146180452912,2.68081507554586,4.62761652876294,3.06350812339318,7.39734136508677,4.06581685854123,6.87896194636144
2.21368686292633,4.56403402376281,2.41730650934879,7.78707190279045,3.08812238446877,6.50570046334525,3.81464373189124,6.34490172356158
2.19480061396708,5.34730549601165,2.88484519294275,6.47159928370147,3.11951515198385,5.82050687022378,3.51297688312568,5.42742512394578
1.80551661194726,7.23445840895435,2.48611707385943,4.08035566790658,3.23614593101267,7.64588124939377,3.83940336213966,6.12149686542092
NA,NA,1.43296623851125,11.5648074212533,3.45752295180606,7.10526592192167,3.70928677308884,6.02825796349011
-70.6099689957139,116.375607488373,2.73447134696218,5.88424064012998,2.91439678551437,5.9515369782523,3.69807977393451,5.46712800976376
2.16137711436026,6.59396226566306,2.31424181947294,6.04220262692282,3.34940321127347,7.24348889010379,3.72315482358956,6.09118598071056
0.191802792104363,14.0096205826897,2.65758690553132,7.05006203386133,3.08665790368887,9.58672242792306,3.20242709802453,4.5156964803288
1.56362256736446,6.95821501226259,2.64809823950566,6.57928657858646,3.43060224643172,9.1765759535167,4.00606989221006,7.06943607422908
1.68947353813358,8.88722752799188,2.47684376869809,8.11603530682719,3.65856410279788,7.2398263155668,3.56434965000483,5.54590850141944
1.8923593889767,6.28596833246952,2.75347507380279,6.34612623594235,3.22743791011559,6.2242655815362,4.14419774233846,7.72660456611175
1.67975431606567,6.71262022421666,2.68414056709971,5.44378028460249,3.17562771656831,6.20617029954441,3.20389545153746,4.40309849522578
-2.39324344169146,19.1951945964303,0.243855510447824,17.6132124297728,3.38377750970839,6.84854324574013,4.06104438451118,7.47044683394321
2.27605092189243,5.49841197391063,2.54526466243374,4.40232713141944,2.91272293536102,4.81072934770769,3.75625086623044,5.73793436214649
-1.7045035811822,15.9145207019276,2.02244303272529,10.2276611960038,3.37859507394586,6.22855413505744,3.31135657957753,4.76351501759495
-10.2819713098527,34.2110218568482,2.83075587092077,5.66798058897304,3.71795741305996,9.06714281569689,3.59727021584604,5.46448938119485
2.33865310622696,5.62800315568948,2.61762848290696,5.10311580813679,3.22093452544265,5.54293770068805,3.72339583654919,6.75116134252248
2.26883326220443,3.98119897285443,1.55542400948884,14.2163671250707,3.15131532686931,7.30932856298594,3.51350744333375,5.09347789787768
-19.1668300397398,46.757844503567,2.31873904798016,5.33777768248765,3.08690007417841,8.60483504452396,3.68464609731105,5.52527656926499
2.06468207269471,5.31560500295072,0.749817501162212,11.416954188784,3.29528278065595,6.28358681578952,3.55201511445433,5.36980918664991
-7.94860368507844,29.890650836668,2.7640774313604,7.88957972648642,3.49804206158211,8.53636206151424,3.0849016210338,4.10224766971588
1.83788994411774,6.17450459124848,2.61526786001205,6.46090439512969,3.33919206381948,7.13609323502422,3.6927847078879,5.64875616841825
1.96906542215223,6.66236260409425,2.32389023890101,4.36437304366034,3.41081779939908,7.27240105131842,4.04190635794915,6.95312438810628
NA,NA,2.62204204565259,4.6600538104919,3.31063290913848,6.92150695599261,3.7938073363366,6.49725889212669
1.90714188115285,7.53396484359656,2.65776001598378,7.43577754224278,3.35144875600217,9.92952389773238,3.33124114122791,4.89092737791342
2.21314106268994,4.55440679307216,-1.78370602256991,21.0686057425356,3.34022262840367,6.82196351737861,3.92405310165127,6.17405454249566
2.17659687323774,4.3715907390346,1.81633458840678,11.3822131693214,3.41553679907313,9.29865636542838,3.51897378738302,5.20247313902826
2.00926425819856,7.18218803537694,-3.82934112753936,29.6866493053811,3.13428804982637,5.14686832840573,3.36748857976069,4.78335243497828
1.73359832786289,10.0499715858827,2.38036356710263,6.78666681991957,3.26942757223686,7.07859134646198,3.79324877424011,6.53495662692184
1.2421326716796,8.4040968342243,2.47433642087127,6.16300163057502,3.24821531353237,6.89415611796054,3.78861993557571,6.43583612530202
NA,NA,2.761393167965,6.7449231220624,3.20395098124865,5.58235481259259,3.56585012586016,5.45449364221051
2.32558771542,4.63594120660429,2.39566438145047,4.86818173113409,3.25225371047027,5.99709144001092,3.51924234397722,5.46209323194031
NA,NA,2.27340818073448,9.06512925141935,2.69372760632796,4.73034381251021,3.29441069882451,4.90564408259027
1.98085136398147,8.35047357812317,2.29804326423294,7.65354647351037,3.5475616392888,7.23250812396884,3.94994104394405,6.54526960891812
1.40577707631633,5.89898279810726,2.70616962376244,5.26611041790163,3.32888494596966,8.1735262257088,3.57117431419585,5.83622117812778
NA,NA,2.6232073908646,5.22233526283069,3.26530187215557,5.60299526035372,3.68947127134234,5.66407710180488
NA,NA,2.23528818950137,8.54688123266696,3.44276553021431,6.55180689523607,3.83169348379943,6.23169495346501
0.20546735766303,11.6300630592464,2.75655807128813,7.19360724778972,3.32593500702203,6.5683041244333,3.37686642586718,5.29896818492892
1.85793137724005,7.58953120040852,2.22099253525887,7.31555736031143,2.87391790566107,6.2938227635174,3.55231469525861,5.81324884204369
-1.12160703901289,17.6054769679093,2.07011438308703,11.9286116899593,3.45859251614858,6.70466136876382,3.77089786593554,6.04993811934632
1.17779476546606,8.35814930436658,2.52744112448679,4.87438255545604,3.29494353964564,5.98034225207477,3.7541710101847,6.25848234303351
1.52558256575581,5.36032697078198,2.65650042050478,5.92833327919454,3.48761196829409,7.29592723745289,3.50797399432603,5.05715867173074
1.17602960351267,5.42524479882265,2.69820945342986,5.25586853187068,3.3868324164651,7.64720631348874,3.41140341733551,5.2376939793827
2.15216687828615,4.78165441804951,2.67381607990812,6.37892036433801,3.15318673430523,6.2570638199321,3.76412166165491,6.0987047014217
1.82321032457212,8.21263216871773,2.51945457005668,9.23863237388299,3.2892798554579,7.8864757423709,3.3233373201737,4.76676461396937
1.49897387677478,8.82654217514192,0.349445250010477,13.6681701171276,3.13027459945731,5.92734438538226,3.71960151306513,5.88252640024168
1.96628220256119,5.11438518113002,2.53983012053682,6.70236906076516,3.21687874967599,8.86489542483027,4.23850208129856,7.82968839857194
-19.4205023311248,44.2023805606549,2.2324572696142,7.24906284360326,3.16610907200166,6.60177663884887,4.07802527359904,7.11448681738732
NA,NA,2.58169805322151,5.59133039636342,3.28550369142964,8.5676708847387,3.72864014035891,5.93137806969405
1.34784433416813,9.03379574723131,2.8345178537158,5.36521366305399,3.0197330907016,6.79946226874442,3.42146950935321,4.90870310213837
1.06232859792033,10.5317761505859,2.64126540377923,6.69047831260973,3.17884938922071,5.74980635980838,3.64785963710327,5.59707254818795
1.73949442965636,5.93463318296871,2.76925292565848,5.28531578999303,2.99515298434499,4.70971814082306,3.4379695018102,5.10687233039186
-0.385271103477627,10.9765651018336,2.89933238897626,8.7068832936441,2.85637677784984,4.67203997042506,3.7542430671418,6.04400316407446
0.300315720230135,14.3379454762495,2.65683894265539,4.43551364527074,3.53440418006464,7.20132233293538,3.63228524612127,5.58968235157954
1.84941962706028,5.37512303770013,2.43073435565485,5.97506321255089,3.1702604410744,11.3949588580007,3.25518362057785,4.8929453542058
NA,NA,2.6674099084701,6.94320963079061,3.39990508753186,6.42952056536379,4.05732847137745,6.9114140227976
2.16571047725823,6.27710540897294,2.94018181547921,7.54621365017225,3.18753489025274,5.70476179241651,3.79012049237059,6.19102754800099
-276.334691919444,361.816763066519,2.39950842954392,3.83284059016592,3.28576320045462,8.44155348035308,3.72812265836811,5.66174252026109
